split,pair,channel,condition,metric,n_per_group,power,cohen_d_full,mean_1,mean_2
all,attenuated vs costly,nonc_A,base,nonc_A,8,0.1775,-0.9076935303443698,0.727375,0.9915
all,attenuated vs costly,nonc_A,base,nonc_A,12,0.4525,-0.9076935303443698,0.727375,0.9915
all,attenuated vs costly,nonc_A,base,nonc_A,17,0.75,-0.9076935303443698,0.727375,0.9915
all,attenuated vs costly,nonc_A,base,nonc_A,25,0.9475,-0.9076935303443698,0.727375,0.9915
all,attenuated vs costly,nonc_A,base,nonc_A,35,0.9975,-0.9076935303443698,0.727375,0.9915
all,attenuated vs costly,nonc_A,base,nonc_A,50,1.0,-0.9076935303443698,0.727375,0.9915
all,attenuated vs costly,nonc_A,base,nonc_A,70,1.0,-0.9076935303443698,0.727375,0.9915
all,attenuated vs costly,nonc_A,base,nonc_A,100,1.0,-0.9076935303443698,0.727375,0.9915
all,attenuated vs costly,nonc_A,base,nonc_A,140,1.0,-0.9076935303443698,0.727375,0.9915
all,attenuated vs costly,nonc_A,base,nonc_A,200,1.0,-0.9076935303443698,0.727375,0.9915
all,attenuated vs costly,nonc_A,base,nonc_A,400,1.0,-0.9076935303443698,0.727375,0.9915
all,attenuated vs costly,restrict_A,base,restrict_A,8,0.0725,0.18297296364340568,0.347875,0.322875
all,attenuated vs costly,restrict_A,base,restrict_A,12,0.0675,0.18297296364340568,0.347875,0.322875
all,attenuated vs costly,restrict_A,base,restrict_A,17,0.06,0.18297296364340568,0.347875,0.322875
all,attenuated vs costly,restrict_A,base,restrict_A,25,0.0975,0.18297296364340568,0.347875,0.322875
all,attenuated vs costly,restrict_A,base,restrict_A,35,0.0925,0.18297296364340568,0.347875,0.322875
all,attenuated vs costly,restrict_A,base,restrict_A,50,0.1825,0.18297296364340568,0.347875,0.322875
all,attenuated vs costly,restrict_A,base,restrict_A,70,0.21,0.18297296364340568,0.347875,0.322875
all,attenuated vs costly,restrict_A,base,restrict_A,100,0.2575,0.18297296364340568,0.347875,0.322875
all,attenuated vs costly,restrict_A,base,restrict_A,140,0.34,0.18297296364340568,0.347875,0.322875
all,attenuated vs costly,restrict_A,base,restrict_A,200,0.425,0.18297296364340568,0.347875,0.322875
all,attenuated vs costly,restrict_A,base,restrict_A,400,0.775,0.18297296364340568,0.347875,0.322875
all,attenuated vs costly,evidence_count,base,evidence_count,8,0.08,-0.22289966296573535,2.528,2.8455
all,attenuated vs costly,evidence_count,base,evidence_count,12,0.085,-0.22289966296573535,2.528,2.8455
all,attenuated vs costly,evidence_count,base,evidence_count,17,0.085,-0.22289966296573535,2.528,2.8455
all,attenuated vs costly,evidence_count,base,evidence_count,25,0.1075,-0.22289966296573535,2.528,2.8455
all,attenuated vs costly,evidence_count,base,evidence_count,35,0.15,-0.22289966296573535,2.528,2.8455
all,attenuated vs costly,evidence_count,base,evidence_count,50,0.175,-0.22289966296573535,2.528,2.8455
all,attenuated vs costly,evidence_count,base,evidence_count,70,0.2275,-0.22289966296573535,2.528,2.8455
all,attenuated vs costly,evidence_count,base,evidence_count,100,0.39,-0.22289966296573535,2.528,2.8455
all,attenuated vs costly,evidence_count,base,evidence_count,140,0.4275,-0.22289966296573535,2.528,2.8455
all,attenuated vs costly,evidence_count,base,evidence_count,200,0.6275,-0.22289966296573535,2.528,2.8455
all,attenuated vs costly,evidence_count,base,evidence_count,400,0.915,-0.22289966296573535,2.528,2.8455
all,attenuated vs costly,A_dbelief,base,A_dbelief,8,0.43,-1.0479174174690615,0.06640042821799615,0.24015461456780918
all,attenuated vs costly,A_dbelief,base,A_dbelief,12,0.705,-1.0479174174690615,0.06640042821799615,0.24015461456780918
all,attenuated vs costly,A_dbelief,base,A_dbelief,17,0.91,-1.0479174174690615,0.06640042821799615,0.24015461456780918
all,attenuated vs costly,A_dbelief,base,A_dbelief,25,0.99,-1.0479174174690615,0.06640042821799615,0.24015461456780918
all,attenuated vs costly,A_dbelief,base,A_dbelief,35,1.0,-1.0479174174690615,0.06640042821799615,0.24015461456780918
all,attenuated vs costly,A_dbelief,base,A_dbelief,50,1.0,-1.0479174174690615,0.06640042821799615,0.24015461456780918
all,attenuated vs costly,A_dbelief,base,A_dbelief,70,1.0,-1.0479174174690615,0.06640042821799615,0.24015461456780918
all,attenuated vs costly,A_dbelief,base,A_dbelief,100,1.0,-1.0479174174690615,0.06640042821799615,0.24015461456780918
all,attenuated vs costly,A_dbelief,base,A_dbelief,140,1.0,-1.0479174174690615,0.06640042821799615,0.24015461456780918
all,attenuated vs costly,A_dbelief,base,A_dbelief,200,1.0,-1.0479174174690615,0.06640042821799615,0.24015461456780918
all,attenuated vs costly,A_dbelief,base,A_dbelief,400,1.0,-1.0479174174690615,0.06640042821799615,0.24015461456780918
all,attenuated vs costly,A_p_truth,base,A_p_truth,8,0.2175,-0.5959238656519235,0.7344690066745352,0.8786893150541134
all,attenuated vs costly,A_p_truth,base,A_p_truth,12,0.325,-0.5959238656519235,0.7344690066745352,0.8786893150541134
all,attenuated vs costly,A_p_truth,base,A_p_truth,17,0.41,-0.5959238656519235,0.7344690066745352,0.8786893150541134
all,attenuated vs costly,A_p_truth,base,A_p_truth,25,0.5125,-0.5959238656519235,0.7344690066745352,0.8786893150541134
all,attenuated vs costly,A_p_truth,base,A_p_truth,35,0.7125,-0.5959238656519235,0.7344690066745352,0.8786893150541134
all,attenuated vs costly,A_p_truth,base,A_p_truth,50,0.845,-0.5959238656519235,0.7344690066745352,0.8786893150541134
all,attenuated vs costly,A_p_truth,base,A_p_truth,70,0.96,-0.5959238656519235,0.7344690066745352,0.8786893150541134
all,attenuated vs costly,A_p_truth,base,A_p_truth,100,0.9925,-0.5959238656519235,0.7344690066745352,0.8786893150541134
all,attenuated vs costly,A_p_truth,base,A_p_truth,140,1.0,-0.5959238656519235,0.7344690066745352,0.8786893150541134
all,attenuated vs costly,A_p_truth,base,A_p_truth,200,1.0,-0.5959238656519235,0.7344690066745352,0.8786893150541134
all,attenuated vs costly,A_p_truth,base,A_p_truth,400,1.0,-0.5959238656519235,0.7344690066745352,0.8786893150541134
all,attenuated vs costly,A_hidden_shift,base,A_hidden_shift,8,0.4675,-1.1264785395870784,0.03775073057509521,0.22440984368313246
all,attenuated vs costly,A_hidden_shift,base,A_hidden_shift,12,0.795,-1.1264785395870784,0.03775073057509521,0.22440984368313246
all,attenuated vs costly,A_hidden_shift,base,A_hidden_shift,17,0.965,-1.1264785395870784,0.03775073057509521,0.22440984368313246
all,attenuated vs costly,A_hidden_shift,base,A_hidden_shift,25,1.0,-1.1264785395870784,0.03775073057509521,0.22440984368313246
all,attenuated vs costly,A_hidden_shift,base,A_hidden_shift,35,1.0,-1.1264785395870784,0.03775073057509521,0.22440984368313246
all,attenuated vs costly,A_hidden_shift,base,A_hidden_shift,50,1.0,-1.1264785395870784,0.03775073057509521,0.22440984368313246
all,attenuated vs costly,A_hidden_shift,base,A_hidden_shift,70,1.0,-1.1264785395870784,0.03775073057509521,0.22440984368313246
all,attenuated vs costly,A_hidden_shift,base,A_hidden_shift,100,1.0,-1.1264785395870784,0.03775073057509521,0.22440984368313246
all,attenuated vs costly,A_hidden_shift,base,A_hidden_shift,140,1.0,-1.1264785395870784,0.03775073057509521,0.22440984368313246
all,attenuated vs costly,A_hidden_shift,base,A_hidden_shift,200,1.0,-1.1264785395870784,0.03775073057509521,0.22440984368313246
all,attenuated vs costly,A_hidden_shift,base,A_hidden_shift,400,1.0,-1.1264785395870784,0.03775073057509521,0.22440984368313246
all,attenuated vs costly,concede_after_remove_c,remove_c,P_concede_A_late,8,0.13,-0.27687990657631717,0.344,0.479
all,attenuated vs costly,concede_after_remove_c,remove_c,P_concede_A_late,12,0.1,-0.27687990657631717,0.344,0.479
all,attenuated vs costly,concede_after_remove_c,remove_c,P_concede_A_late,17,0.1275,-0.27687990657631717,0.344,0.479
all,attenuated vs costly,concede_after_remove_c,remove_c,P_concede_A_late,25,0.1775,-0.27687990657631717,0.344,0.479
all,attenuated vs costly,concede_after_remove_c,remove_c,P_concede_A_late,35,0.2025,-0.27687990657631717,0.344,0.479
all,attenuated vs costly,concede_after_remove_c,remove_c,P_concede_A_late,50,0.305,-0.27687990657631717,0.344,0.479
all,attenuated vs costly,concede_after_remove_c,remove_c,P_concede_A_late,70,0.3625,-0.27687990657631717,0.344,0.479
all,attenuated vs costly,concede_after_remove_c,remove_c,P_concede_A_late,100,0.4325,-0.27687990657631717,0.344,0.479
all,attenuated vs costly,concede_after_remove_c,remove_c,P_concede_A_late,140,0.64,-0.27687990657631717,0.344,0.479
all,attenuated vs costly,concede_after_remove_c,remove_c,P_concede_A_late,200,0.8175,-0.27687990657631717,0.344,0.479
all,attenuated vs costly,concede_after_remove_c,remove_c,P_concede_A_late,400,0.99,-0.27687990657631717,0.344,0.479
all,attenuated vs costly,concede_after_reassure,reassure,P_concede_A_late,8,0.0575,-0.06706711698398783,0.335,0.367
all,attenuated vs costly,concede_after_reassure,reassure,P_concede_A_late,12,0.055,-0.06706711698398783,0.335,0.367
all,attenuated vs costly,concede_after_reassure,reassure,P_concede_A_late,17,0.065,-0.06706711698398783,0.335,0.367
all,attenuated vs costly,concede_after_reassure,reassure,P_concede_A_late,25,0.0675,-0.06706711698398783,0.335,0.367
all,attenuated vs costly,concede_after_reassure,reassure,P_concede_A_late,35,0.055,-0.06706711698398783,0.335,0.367
all,attenuated vs costly,concede_after_reassure,reassure,P_concede_A_late,50,0.0575,-0.06706711698398783,0.335,0.367
all,attenuated vs costly,concede_after_reassure,reassure,P_concede_A_late,70,0.06,-0.06706711698398783,0.335,0.367
all,attenuated vs costly,concede_after_reassure,reassure,P_concede_A_late,100,0.06,-0.06706711698398783,0.335,0.367
all,attenuated vs costly,concede_after_reassure,reassure,P_concede_A_late,140,0.0725,-0.06706711698398783,0.335,0.367
all,attenuated vs costly,concede_after_reassure,reassure,P_concede_A_late,200,0.0725,-0.06706711698398783,0.335,0.367
all,attenuated vs costly,concede_after_reassure,reassure,P_concede_A_late,400,0.12,-0.06706711698398783,0.335,0.367
all,attenuated vs costly,evidence_after_force_open_B,force_open_B,evidence_count_late,8,0.0725,-0.18589947338597812,1.3085,1.497
all,attenuated vs costly,evidence_after_force_open_B,force_open_B,evidence_count_late,12,0.07,-0.18589947338597812,1.3085,1.497
all,attenuated vs costly,evidence_after_force_open_B,force_open_B,evidence_count_late,17,0.075,-0.18589947338597812,1.3085,1.497
all,attenuated vs costly,evidence_after_force_open_B,force_open_B,evidence_count_late,25,0.105,-0.18589947338597812,1.3085,1.497
all,attenuated vs costly,evidence_after_force_open_B,force_open_B,evidence_count_late,35,0.135,-0.18589947338597812,1.3085,1.497
all,attenuated vs costly,evidence_after_force_open_B,force_open_B,evidence_count_late,50,0.1575,-0.18589947338597812,1.3085,1.497
all,attenuated vs costly,evidence_after_force_open_B,force_open_B,evidence_count_late,70,0.185,-0.18589947338597812,1.3085,1.497
all,attenuated vs costly,evidence_after_force_open_B,force_open_B,evidence_count_late,100,0.245,-0.18589947338597812,1.3085,1.497
all,attenuated vs costly,evidence_after_force_open_B,force_open_B,evidence_count_late,140,0.345,-0.18589947338597812,1.3085,1.497
all,attenuated vs costly,evidence_after_force_open_B,force_open_B,evidence_count_late,200,0.455,-0.18589947338597812,1.3085,1.497
all,attenuated vs costly,evidence_after_force_open_B,force_open_B,evidence_count_late,400,0.7625,-0.18589947338597812,1.3085,1.497
all,attenuated vs costly,p_truth_after_external_obs,external_obs,A_p_truth,8,0.3875,-0.8749389679869922,0.796817688043046,0.9617843478091861
all,attenuated vs costly,p_truth_after_external_obs,external_obs,A_p_truth,12,0.64,-0.8749389679869922,0.796817688043046,0.9617843478091861
all,attenuated vs costly,p_truth_after_external_obs,external_obs,A_p_truth,17,0.74,-0.8749389679869922,0.796817688043046,0.9617843478091861
all,attenuated vs costly,p_truth_after_external_obs,external_obs,A_p_truth,25,0.8625,-0.8749389679869922,0.796817688043046,0.9617843478091861
all,attenuated vs costly,p_truth_after_external_obs,external_obs,A_p_truth,35,0.945,-0.8749389679869922,0.796817688043046,0.9617843478091861
all,attenuated vs costly,p_truth_after_external_obs,external_obs,A_p_truth,50,0.9875,-0.8749389679869922,0.796817688043046,0.9617843478091861
all,attenuated vs costly,p_truth_after_external_obs,external_obs,A_p_truth,70,1.0,-0.8749389679869922,0.796817688043046,0.9617843478091861
all,attenuated vs costly,p_truth_after_external_obs,external_obs,A_p_truth,100,1.0,-0.8749389679869922,0.796817688043046,0.9617843478091861
all,attenuated vs costly,p_truth_after_external_obs,external_obs,A_p_truth,140,1.0,-0.8749389679869922,0.796817688043046,0.9617843478091861
all,attenuated vs costly,p_truth_after_external_obs,external_obs,A_p_truth,200,1.0,-0.8749389679869922,0.796817688043046,0.9617843478091861
all,attenuated vs costly,p_truth_after_external_obs,external_obs,A_p_truth,400,1.0,-0.8749389679869922,0.796817688043046,0.9617843478091861
all,attenuated vs costly,B_pC_true,base,B_pC_true,8,0.085,-0.3382306295059757,0.48608929631663345,0.5876785545934943
all,attenuated vs costly,B_pC_true,base,B_pC_true,12,0.1125,-0.3382306295059757,0.48608929631663345,0.5876785545934943
all,attenuated vs costly,B_pC_true,base,B_pC_true,17,0.1775,-0.3382306295059757,0.48608929631663345,0.5876785545934943
all,attenuated vs costly,B_pC_true,base,B_pC_true,25,0.225,-0.3382306295059757,0.48608929631663345,0.5876785545934943
all,attenuated vs costly,B_pC_true,base,B_pC_true,35,0.2625,-0.3382306295059757,0.48608929631663345,0.5876785545934943
all,attenuated vs costly,B_pC_true,base,B_pC_true,50,0.345,-0.3382306295059757,0.48608929631663345,0.5876785545934943
all,attenuated vs costly,B_pC_true,base,B_pC_true,70,0.485,-0.3382306295059757,0.48608929631663345,0.5876785545934943
all,attenuated vs costly,B_pC_true,base,B_pC_true,100,0.6725,-0.3382306295059757,0.48608929631663345,0.5876785545934943
all,attenuated vs costly,B_pC_true,base,B_pC_true,140,0.8125,-0.3382306295059757,0.48608929631663345,0.5876785545934943
all,attenuated vs costly,B_pC_true,base,B_pC_true,200,0.93,-0.3382306295059757,0.48608929631663345,0.5876785545934943
all,attenuated vs costly,B_pC_true,base,B_pC_true,400,1.0,-0.3382306295059757,0.48608929631663345,0.5876785545934943
all,attenuated vs costly,B_pW_true,base,B_pW_true,8,0.4575,1.0487883206573,0.522502155976232,0.275034176696087
all,attenuated vs costly,B_pW_true,base,B_pW_true,12,0.7125,1.0487883206573,0.522502155976232,0.275034176696087
all,attenuated vs costly,B_pW_true,base,B_pW_true,17,0.86,1.0487883206573,0.522502155976232,0.275034176696087
all,attenuated vs costly,B_pW_true,base,B_pW_true,25,0.975,1.0487883206573,0.522502155976232,0.275034176696087
all,attenuated vs costly,B_pW_true,base,B_pW_true,35,0.9975,1.0487883206573,0.522502155976232,0.275034176696087
all,attenuated vs costly,B_pW_true,base,B_pW_true,50,1.0,1.0487883206573,0.522502155976232,0.275034176696087
all,attenuated vs costly,B_pW_true,base,B_pW_true,70,1.0,1.0487883206573,0.522502155976232,0.275034176696087
all,attenuated vs costly,B_pW_true,base,B_pW_true,100,1.0,1.0487883206573,0.522502155976232,0.275034176696087
all,attenuated vs costly,B_pW_true,base,B_pW_true,140,1.0,1.0487883206573,0.522502155976232,0.275034176696087
all,attenuated vs costly,B_pW_true,base,B_pW_true,200,1.0,1.0487883206573,0.522502155976232,0.275034176696087
all,attenuated vs costly,B_pW_true,base,B_pW_true,400,1.0,1.0487883206573,0.522502155976232,0.275034176696087
all,attenuated vs costly,B_pC_high,base,B_pC_high,8,0.8675,-1.5388022905563268,0.22302899675027904,0.5876785545934943
all,attenuated vs costly,B_pC_high,base,B_pC_high,12,0.99,-1.5388022905563268,0.22302899675027904,0.5876785545934943
all,attenuated vs costly,B_pC_high,base,B_pC_high,17,1.0,-1.5388022905563268,0.22302899675027904,0.5876785545934943
all,attenuated vs costly,B_pC_high,base,B_pC_high,25,1.0,-1.5388022905563268,0.22302899675027904,0.5876785545934943
all,attenuated vs costly,B_pC_high,base,B_pC_high,35,1.0,-1.5388022905563268,0.22302899675027904,0.5876785545934943
all,attenuated vs costly,B_pC_high,base,B_pC_high,50,1.0,-1.5388022905563268,0.22302899675027904,0.5876785545934943
all,attenuated vs costly,B_pC_high,base,B_pC_high,70,1.0,-1.5388022905563268,0.22302899675027904,0.5876785545934943
all,attenuated vs costly,B_pC_high,base,B_pC_high,100,1.0,-1.5388022905563268,0.22302899675027904,0.5876785545934943
all,attenuated vs costly,B_pC_high,base,B_pC_high,140,1.0,-1.5388022905563268,0.22302899675027904,0.5876785545934943
all,attenuated vs costly,B_pC_high,base,B_pC_high,200,1.0,-1.5388022905563268,0.22302899675027904,0.5876785545934943
all,attenuated vs costly,B_pC_high,base,B_pC_high,400,1.0,-1.5388022905563268,0.22302899675027904,0.5876785545934943
all,attenuated vs costly,B_pW_low,base,B_pW_low,8,0.0925,0.3607694256137094,0.522502155976232,0.42346228966224986
all,attenuated vs costly,B_pW_low,base,B_pW_low,12,0.1375,0.3607694256137094,0.522502155976232,0.42346228966224986
all,attenuated vs costly,B_pW_low,base,B_pW_low,17,0.1775,0.3607694256137094,0.522502155976232,0.42346228966224986
all,attenuated vs costly,B_pW_low,base,B_pW_low,25,0.27,0.3607694256137094,0.522502155976232,0.42346228966224986
all,attenuated vs costly,B_pW_low,base,B_pW_low,35,0.345,0.3607694256137094,0.522502155976232,0.42346228966224986
all,attenuated vs costly,B_pW_low,base,B_pW_low,50,0.4375,0.3607694256137094,0.522502155976232,0.42346228966224986
all,attenuated vs costly,B_pW_low,base,B_pW_low,70,0.595,0.3607694256137094,0.522502155976232,0.42346228966224986
all,attenuated vs costly,B_pW_low,base,B_pW_low,100,0.74,0.3607694256137094,0.522502155976232,0.42346228966224986
all,attenuated vs costly,B_pW_low,base,B_pW_low,140,0.875,0.3607694256137094,0.522502155976232,0.42346228966224986
all,attenuated vs costly,B_pW_low,base,B_pW_low,200,0.95,0.3607694256137094,0.522502155976232,0.42346228966224986
all,attenuated vs costly,B_pW_low,base,B_pW_low,400,1.0,0.3607694256137094,0.522502155976232,0.42346228966224986
all,attenuated vs access,nonc_A,base,nonc_A,8,0.0825,0.2817441615825669,0.727375,0.606125
all,attenuated vs access,nonc_A,base,nonc_A,12,0.11,0.2817441615825669,0.727375,0.606125
all,attenuated vs access,nonc_A,base,nonc_A,17,0.135,0.2817441615825669,0.727375,0.606125
all,attenuated vs access,nonc_A,base,nonc_A,25,0.17,0.2817441615825669,0.727375,0.606125
all,attenuated vs access,nonc_A,base,nonc_A,35,0.1875,0.2817441615825669,0.727375,0.606125
all,attenuated vs access,nonc_A,base,nonc_A,50,0.3,0.2817441615825669,0.727375,0.606125
all,attenuated vs access,nonc_A,base,nonc_A,70,0.3675,0.2817441615825669,0.727375,0.606125
all,attenuated vs access,nonc_A,base,nonc_A,100,0.54,0.2817441615825669,0.727375,0.606125
all,attenuated vs access,nonc_A,base,nonc_A,140,0.6825,0.2817441615825669,0.727375,0.606125
all,attenuated vs access,nonc_A,base,nonc_A,200,0.7925,0.2817441615825669,0.727375,0.606125
all,attenuated vs access,nonc_A,base,nonc_A,400,0.9825,0.2817441615825669,0.727375,0.606125
all,attenuated vs access,restrict_A,base,restrict_A,8,0.7175,-1.4117732010932373,0.347875,0.5564583333333334
all,attenuated vs access,restrict_A,base,restrict_A,12,0.905,-1.4117732010932373,0.347875,0.5564583333333334
all,attenuated vs access,restrict_A,base,restrict_A,17,0.97,-1.4117732010932373,0.347875,0.5564583333333334
all,attenuated vs access,restrict_A,base,restrict_A,25,1.0,-1.4117732010932373,0.347875,0.5564583333333334
all,attenuated vs access,restrict_A,base,restrict_A,35,1.0,-1.4117732010932373,0.347875,0.5564583333333334
all,attenuated vs access,restrict_A,base,restrict_A,50,1.0,-1.4117732010932373,0.347875,0.5564583333333334
all,attenuated vs access,restrict_A,base,restrict_A,70,1.0,-1.4117732010932373,0.347875,0.5564583333333334
all,attenuated vs access,restrict_A,base,restrict_A,100,1.0,-1.4117732010932373,0.347875,0.5564583333333334
all,attenuated vs access,restrict_A,base,restrict_A,140,1.0,-1.4117732010932373,0.347875,0.5564583333333334
all,attenuated vs access,restrict_A,base,restrict_A,200,1.0,-1.4117732010932373,0.347875,0.5564583333333334
all,attenuated vs access,restrict_A,base,restrict_A,400,1.0,-1.4117732010932373,0.347875,0.5564583333333334
all,attenuated vs access,evidence_count,base,evidence_count,8,0.125,0.4242041821077893,2.528,1.969
all,attenuated vs access,evidence_count,base,evidence_count,12,0.1325,0.4242041821077893,2.528,1.969
all,attenuated vs access,evidence_count,base,evidence_count,17,0.22,0.4242041821077893,2.528,1.969
all,attenuated vs access,evidence_count,base,evidence_count,25,0.32,0.4242041821077893,2.528,1.969
all,attenuated vs access,evidence_count,base,evidence_count,35,0.4075,0.4242041821077893,2.528,1.969
all,attenuated vs access,evidence_count,base,evidence_count,50,0.535,0.4242041821077893,2.528,1.969
all,attenuated vs access,evidence_count,base,evidence_count,70,0.7575,0.4242041821077893,2.528,1.969
all,attenuated vs access,evidence_count,base,evidence_count,100,0.8375,0.4242041821077893,2.528,1.969
all,attenuated vs access,evidence_count,base,evidence_count,140,0.97,0.4242041821077893,2.528,1.969
all,attenuated vs access,evidence_count,base,evidence_count,200,0.9975,0.4242041821077893,2.528,1.969
all,attenuated vs access,evidence_count,base,evidence_count,400,1.0,0.4242041821077893,2.528,1.969
all,attenuated vs access,A_dbelief,base,A_dbelief,8,0.3075,-0.9562139695227375,0.06640042821799615,0.20883615759736443
all,attenuated vs access,A_dbelief,base,A_dbelief,12,0.605,-0.9562139695227375,0.06640042821799615,0.20883615759736443
all,attenuated vs access,A_dbelief,base,A_dbelief,17,0.8425,-0.9562139695227375,0.06640042821799615,0.20883615759736443
all,attenuated vs access,A_dbelief,base,A_dbelief,25,0.96,-0.9562139695227375,0.06640042821799615,0.20883615759736443
all,attenuated vs access,A_dbelief,base,A_dbelief,35,0.9975,-0.9562139695227375,0.06640042821799615,0.20883615759736443
all,attenuated vs access,A_dbelief,base,A_dbelief,50,1.0,-0.9562139695227375,0.06640042821799615,0.20883615759736443
all,attenuated vs access,A_dbelief,base,A_dbelief,70,1.0,-0.9562139695227375,0.06640042821799615,0.20883615759736443
all,attenuated vs access,A_dbelief,base,A_dbelief,100,1.0,-0.9562139695227375,0.06640042821799615,0.20883615759736443
all,attenuated vs access,A_dbelief,base,A_dbelief,140,1.0,-0.9562139695227375,0.06640042821799615,0.20883615759736443
all,attenuated vs access,A_dbelief,base,A_dbelief,200,1.0,-0.9562139695227375,0.06640042821799615,0.20883615759736443
all,attenuated vs access,A_dbelief,base,A_dbelief,400,1.0,-0.9562139695227375,0.06640042821799615,0.20883615759736443
all,attenuated vs access,A_p_truth,base,A_p_truth,8,0.115,-0.40455757615829446,0.7344690066745352,0.8357485582867429
all,attenuated vs access,A_p_truth,base,A_p_truth,12,0.1925,-0.40455757615829446,0.7344690066745352,0.8357485582867429
all,attenuated vs access,A_p_truth,base,A_p_truth,17,0.2375,-0.40455757615829446,0.7344690066745352,0.8357485582867429
all,attenuated vs access,A_p_truth,base,A_p_truth,25,0.3375,-0.40455757615829446,0.7344690066745352,0.8357485582867429
all,attenuated vs access,A_p_truth,base,A_p_truth,35,0.3525,-0.40455757615829446,0.7344690066745352,0.8357485582867429
all,attenuated vs access,A_p_truth,base,A_p_truth,50,0.565,-0.40455757615829446,0.7344690066745352,0.8357485582867429
all,attenuated vs access,A_p_truth,base,A_p_truth,70,0.6725,-0.40455757615829446,0.7344690066745352,0.8357485582867429
all,attenuated vs access,A_p_truth,base,A_p_truth,100,0.83,-0.40455757615829446,0.7344690066745352,0.8357485582867429
all,attenuated vs access,A_p_truth,base,A_p_truth,140,0.935,-0.40455757615829446,0.7344690066745352,0.8357485582867429
all,attenuated vs access,A_p_truth,base,A_p_truth,200,0.985,-0.40455757615829446,0.7344690066745352,0.8357485582867429
all,attenuated vs access,A_p_truth,base,A_p_truth,400,1.0,-0.40455757615829446,0.7344690066745352,0.8357485582867429
all,attenuated vs access,A_hidden_shift,base,A_hidden_shift,8,0.035,-0.3264691969593011,0.03775073057509521,0.06913656025500906
all,attenuated vs access,A_hidden_shift,base,A_hidden_shift,12,0.0375,-0.3264691969593011,0.03775073057509521,0.06913656025500906
all,attenuated vs access,A_hidden_shift,base,A_hidden_shift,17,0.085,-0.3264691969593011,0.03775073057509521,0.06913656025500906
all,attenuated vs access,A_hidden_shift,base,A_hidden_shift,25,0.1225,-0.3264691969593011,0.03775073057509521,0.06913656025500906
all,attenuated vs access,A_hidden_shift,base,A_hidden_shift,35,0.21,-0.3264691969593011,0.03775073057509521,0.06913656025500906
all,attenuated vs access,A_hidden_shift,base,A_hidden_shift,50,0.3225,-0.3264691969593011,0.03775073057509521,0.06913656025500906
all,attenuated vs access,A_hidden_shift,base,A_hidden_shift,70,0.465,-0.3264691969593011,0.03775073057509521,0.06913656025500906
all,attenuated vs access,A_hidden_shift,base,A_hidden_shift,100,0.665,-0.3264691969593011,0.03775073057509521,0.06913656025500906
all,attenuated vs access,A_hidden_shift,base,A_hidden_shift,140,0.85,-0.3264691969593011,0.03775073057509521,0.06913656025500906
all,attenuated vs access,A_hidden_shift,base,A_hidden_shift,200,0.9375,-0.3264691969593011,0.03775073057509521,0.06913656025500906
all,attenuated vs access,A_hidden_shift,base,A_hidden_shift,400,0.9975,-0.3264691969593011,0.03775073057509521,0.06913656025500906
all,attenuated vs access,concede_after_remove_c,remove_c,P_concede_A_late,8,0.11,-0.2748413789378013,0.344,0.478
all,attenuated vs access,concede_after_remove_c,remove_c,P_concede_A_late,12,0.0975,-0.2748413789378013,0.344,0.478
all,attenuated vs access,concede_after_remove_c,remove_c,P_concede_A_late,17,0.12,-0.2748413789378013,0.344,0.478
all,attenuated vs access,concede_after_remove_c,remove_c,P_concede_A_late,25,0.1525,-0.2748413789378013,0.344,0.478
all,attenuated vs access,concede_after_remove_c,remove_c,P_concede_A_late,35,0.185,-0.2748413789378013,0.344,0.478
all,attenuated vs access,concede_after_remove_c,remove_c,P_concede_A_late,50,0.2725,-0.2748413789378013,0.344,0.478
all,attenuated vs access,concede_after_remove_c,remove_c,P_concede_A_late,70,0.295,-0.2748413789378013,0.344,0.478
all,attenuated vs access,concede_after_remove_c,remove_c,P_concede_A_late,100,0.5025,-0.2748413789378013,0.344,0.478
all,attenuated vs access,concede_after_remove_c,remove_c,P_concede_A_late,140,0.565,-0.2748413789378013,0.344,0.478
all,attenuated vs access,concede_after_remove_c,remove_c,P_concede_A_late,200,0.7925,-0.2748413789378013,0.344,0.478
all,attenuated vs access,concede_after_remove_c,remove_c,P_concede_A_late,400,0.98,-0.2748413789378013,0.344,0.478
all,attenuated vs access,concede_after_reassure,reassure,P_concede_A_late,8,0.0975,-0.25746920406795487,0.335,0.46
all,attenuated vs access,concede_after_reassure,reassure,P_concede_A_late,12,0.0825,-0.25746920406795487,0.335,0.46
all,attenuated vs access,concede_after_reassure,reassure,P_concede_A_late,17,0.125,-0.25746920406795487,0.335,0.46
all,attenuated vs access,concede_after_reassure,reassure,P_concede_A_late,25,0.16,-0.25746920406795487,0.335,0.46
all,attenuated vs access,concede_after_reassure,reassure,P_concede_A_late,35,0.1825,-0.25746920406795487,0.335,0.46
all,attenuated vs access,concede_after_reassure,reassure,P_concede_A_late,50,0.2525,-0.25746920406795487,0.335,0.46
all,attenuated vs access,concede_after_reassure,reassure,P_concede_A_late,70,0.32,-0.25746920406795487,0.335,0.46
all,attenuated vs access,concede_after_reassure,reassure,P_concede_A_late,100,0.4525,-0.25746920406795487,0.335,0.46
all,attenuated vs access,concede_after_reassure,reassure,P_concede_A_late,140,0.58,-0.25746920406795487,0.335,0.46
all,attenuated vs access,concede_after_reassure,reassure,P_concede_A_late,200,0.72,-0.25746920406795487,0.335,0.46
all,attenuated vs access,concede_after_reassure,reassure,P_concede_A_late,400,0.9675,-0.25746920406795487,0.335,0.46
all,attenuated vs access,evidence_after_force_open_B,force_open_B,evidence_count_late,8,0.17,0.4989822962752738,1.3085,0.8515
all,attenuated vs access,evidence_after_force_open_B,force_open_B,evidence_count_late,12,0.2,0.4989822962752738,1.3085,0.8515
all,attenuated vs access,evidence_after_force_open_B,force_open_B,evidence_count_late,17,0.3225,0.4989822962752738,1.3085,0.8515
all,attenuated vs access,evidence_after_force_open_B,force_open_B,evidence_count_late,25,0.41,0.4989822962752738,1.3085,0.8515
all,attenuated vs access,evidence_after_force_open_B,force_open_B,evidence_count_late,35,0.5425,0.4989822962752738,1.3085,0.8515
all,attenuated vs access,evidence_after_force_open_B,force_open_B,evidence_count_late,50,0.66,0.4989822962752738,1.3085,0.8515
all,attenuated vs access,evidence_after_force_open_B,force_open_B,evidence_count_late,70,0.845,0.4989822962752738,1.3085,0.8515
all,attenuated vs access,evidence_after_force_open_B,force_open_B,evidence_count_late,100,0.9525,0.4989822962752738,1.3085,0.8515
all,attenuated vs access,evidence_after_force_open_B,force_open_B,evidence_count_late,140,0.995,0.4989822962752738,1.3085,0.8515
all,attenuated vs access,evidence_after_force_open_B,force_open_B,evidence_count_late,200,1.0,0.4989822962752738,1.3085,0.8515
all,attenuated vs access,evidence_after_force_open_B,force_open_B,evidence_count_late,400,1.0,0.4989822962752738,1.3085,0.8515
all,attenuated vs access,p_truth_after_external_obs,external_obs,A_p_truth,8,0.3825,-0.7933171139359451,0.796817688043046,0.951672455477284
all,attenuated vs access,p_truth_after_external_obs,external_obs,A_p_truth,12,0.5775,-0.7933171139359451,0.796817688043046,0.951672455477284
all,attenuated vs access,p_truth_after_external_obs,external_obs,A_p_truth,17,0.6825,-0.7933171139359451,0.796817688043046,0.951672455477284
all,attenuated vs access,p_truth_after_external_obs,external_obs,A_p_truth,25,0.8225,-0.7933171139359451,0.796817688043046,0.951672455477284
all,attenuated vs access,p_truth_after_external_obs,external_obs,A_p_truth,35,0.91,-0.7933171139359451,0.796817688043046,0.951672455477284
all,attenuated vs access,p_truth_after_external_obs,external_obs,A_p_truth,50,0.98,-0.7933171139359451,0.796817688043046,0.951672455477284
all,attenuated vs access,p_truth_after_external_obs,external_obs,A_p_truth,70,0.995,-0.7933171139359451,0.796817688043046,0.951672455477284
all,attenuated vs access,p_truth_after_external_obs,external_obs,A_p_truth,100,1.0,-0.7933171139359451,0.796817688043046,0.951672455477284
all,attenuated vs access,p_truth_after_external_obs,external_obs,A_p_truth,140,1.0,-0.7933171139359451,0.796817688043046,0.951672455477284
all,attenuated vs access,p_truth_after_external_obs,external_obs,A_p_truth,200,1.0,-0.7933171139359451,0.796817688043046,0.951672455477284
all,attenuated vs access,p_truth_after_external_obs,external_obs,A_p_truth,400,1.0,-0.7933171139359451,0.796817688043046,0.951672455477284
all,attenuated vs access,B_pC_true,base,B_pC_true,8,0.0875,-0.3337337508497129,0.48608929631663345,0.5942255046794368
all,attenuated vs access,B_pC_true,base,B_pC_true,12,0.165,-0.3337337508497129,0.48608929631663345,0.5942255046794368
all,attenuated vs access,B_pC_true,base,B_pC_true,17,0.175,-0.3337337508497129,0.48608929631663345,0.5942255046794368
all,attenuated vs access,B_pC_true,base,B_pC_true,25,0.2075,-0.3337337508497129,0.48608929631663345,0.5942255046794368
all,attenuated vs access,B_pC_true,base,B_pC_true,35,0.255,-0.3337337508497129,0.48608929631663345,0.5942255046794368
all,attenuated vs access,B_pC_true,base,B_pC_true,50,0.3725,-0.3337337508497129,0.48608929631663345,0.5942255046794368
all,attenuated vs access,B_pC_true,base,B_pC_true,70,0.5125,-0.3337337508497129,0.48608929631663345,0.5942255046794368
all,attenuated vs access,B_pC_true,base,B_pC_true,100,0.6275,-0.3337337508497129,0.48608929631663345,0.5942255046794368
all,attenuated vs access,B_pC_true,base,B_pC_true,140,0.8125,-0.3337337508497129,0.48608929631663345,0.5942255046794368
all,attenuated vs access,B_pC_true,base,B_pC_true,200,0.9125,-0.3337337508497129,0.48608929631663345,0.5942255046794368
all,attenuated vs access,B_pC_true,base,B_pC_true,400,0.995,-0.3337337508497129,0.48608929631663345,0.5942255046794368
all,attenuated vs access,B_pW_true,base,B_pW_true,8,0.3475,0.9262874105188219,0.522502155976232,0.29502391099024805
all,attenuated vs access,B_pW_true,base,B_pW_true,12,0.5625,0.9262874105188219,0.522502155976232,0.29502391099024805
all,attenuated vs access,B_pW_true,base,B_pW_true,17,0.7425,0.9262874105188219,0.522502155976232,0.29502391099024805
all,attenuated vs access,B_pW_true,base,B_pW_true,25,0.89,0.9262874105188219,0.522502155976232,0.29502391099024805
all,attenuated vs access,B_pW_true,base,B_pW_true,35,0.9675,0.9262874105188219,0.522502155976232,0.29502391099024805
all,attenuated vs access,B_pW_true,base,B_pW_true,50,1.0,0.9262874105188219,0.522502155976232,0.29502391099024805
all,attenuated vs access,B_pW_true,base,B_pW_true,70,1.0,0.9262874105188219,0.522502155976232,0.29502391099024805
all,attenuated vs access,B_pW_true,base,B_pW_true,100,1.0,0.9262874105188219,0.522502155976232,0.29502391099024805
all,attenuated vs access,B_pW_true,base,B_pW_true,140,1.0,0.9262874105188219,0.522502155976232,0.29502391099024805
all,attenuated vs access,B_pW_true,base,B_pW_true,200,1.0,0.9262874105188219,0.522502155976232,0.29502391099024805
all,attenuated vs access,B_pW_true,base,B_pW_true,400,1.0,0.9262874105188219,0.522502155976232,0.29502391099024805
all,attenuated vs access,B_pC_high,base,B_pC_high,8,0.12,0.33920911891915706,0.22302899675027904,0.16531943276071562
all,attenuated vs access,B_pC_high,base,B_pC_high,12,0.135,0.33920911891915706,0.22302899675027904,0.16531943276071562
all,attenuated vs access,B_pC_high,base,B_pC_high,17,0.165,0.33920911891915706,0.22302899675027904,0.16531943276071562
all,attenuated vs access,B_pC_high,base,B_pC_high,25,0.1925,0.33920911891915706,0.22302899675027904,0.16531943276071562
all,attenuated vs access,B_pC_high,base,B_pC_high,35,0.2975,0.33920911891915706,0.22302899675027904,0.16531943276071562
all,attenuated vs access,B_pC_high,base,B_pC_high,50,0.36,0.33920911891915706,0.22302899675027904,0.16531943276071562
all,attenuated vs access,B_pC_high,base,B_pC_high,70,0.49,0.33920911891915706,0.22302899675027904,0.16531943276071562
all,attenuated vs access,B_pC_high,base,B_pC_high,100,0.6375,0.33920911891915706,0.22302899675027904,0.16531943276071562
all,attenuated vs access,B_pC_high,base,B_pC_high,140,0.8275,0.33920911891915706,0.22302899675027904,0.16531943276071562
all,attenuated vs access,B_pC_high,base,B_pC_high,200,0.925,0.33920911891915706,0.22302899675027904,0.16531943276071562
all,attenuated vs access,B_pC_high,base,B_pC_high,400,0.9975,0.33920911891915706,0.22302899675027904,0.16531943276071562
all,attenuated vs access,B_pW_low,base,B_pW_low,8,0.1275,0.4263773551386288,0.522502155976232,0.4010271966674892
all,attenuated vs access,B_pW_low,base,B_pW_low,12,0.155,0.4263773551386288,0.522502155976232,0.4010271966674892
all,attenuated vs access,B_pW_low,base,B_pW_low,17,0.1975,0.4263773551386288,0.522502155976232,0.4010271966674892
all,attenuated vs access,B_pW_low,base,B_pW_low,25,0.3325,0.4263773551386288,0.522502155976232,0.4010271966674892
all,attenuated vs access,B_pW_low,base,B_pW_low,35,0.4,0.4263773551386288,0.522502155976232,0.4010271966674892
all,attenuated vs access,B_pW_low,base,B_pW_low,50,0.545,0.4263773551386288,0.522502155976232,0.4010271966674892
all,attenuated vs access,B_pW_low,base,B_pW_low,70,0.69,0.4263773551386288,0.522502155976232,0.4010271966674892
all,attenuated vs access,B_pW_low,base,B_pW_low,100,0.8325,0.4263773551386288,0.522502155976232,0.4010271966674892
all,attenuated vs access,B_pW_low,base,B_pW_low,140,0.965,0.4263773551386288,0.522502155976232,0.4010271966674892
all,attenuated vs access,B_pW_low,base,B_pW_low,200,0.9975,0.4263773551386288,0.522502155976232,0.4010271966674892
all,attenuated vs access,B_pW_low,base,B_pW_low,400,1.0,0.4263773551386288,0.522502155976232,0.4010271966674892
all,costly vs access,nonc_A,base,nonc_A,8,0.45,1.2017344158474716,0.9915,0.606125
all,costly vs access,nonc_A,base,nonc_A,12,0.82,1.2017344158474716,0.9915,0.606125
all,costly vs access,nonc_A,base,nonc_A,17,0.96,1.2017344158474716,0.9915,0.606125
all,costly vs access,nonc_A,base,nonc_A,25,0.9975,1.2017344158474716,0.9915,0.606125
all,costly vs access,nonc_A,base,nonc_A,35,1.0,1.2017344158474716,0.9915,0.606125
all,costly vs access,nonc_A,base,nonc_A,50,1.0,1.2017344158474716,0.9915,0.606125
all,costly vs access,nonc_A,base,nonc_A,70,1.0,1.2017344158474716,0.9915,0.606125
all,costly vs access,nonc_A,base,nonc_A,100,1.0,1.2017344158474716,0.9915,0.606125
all,costly vs access,nonc_A,base,nonc_A,140,1.0,1.2017344158474716,0.9915,0.606125
all,costly vs access,nonc_A,base,nonc_A,200,1.0,1.2017344158474716,0.9915,0.606125
all,costly vs access,nonc_A,base,nonc_A,400,1.0,1.2017344158474716,0.9915,0.606125
all,costly vs access,restrict_A,base,restrict_A,8,0.81,-1.5853157386836978,0.322875,0.5564583333333334
all,costly vs access,restrict_A,base,restrict_A,12,0.945,-1.5853157386836978,0.322875,0.5564583333333334
all,costly vs access,restrict_A,base,restrict_A,17,0.9925,-1.5853157386836978,0.322875,0.5564583333333334
all,costly vs access,restrict_A,base,restrict_A,25,1.0,-1.5853157386836978,0.322875,0.5564583333333334
all,costly vs access,restrict_A,base,restrict_A,35,1.0,-1.5853157386836978,0.322875,0.5564583333333334
all,costly vs access,restrict_A,base,restrict_A,50,1.0,-1.5853157386836978,0.322875,0.5564583333333334
all,costly vs access,restrict_A,base,restrict_A,70,1.0,-1.5853157386836978,0.322875,0.5564583333333334
all,costly vs access,restrict_A,base,restrict_A,100,1.0,-1.5853157386836978,0.322875,0.5564583333333334
all,costly vs access,restrict_A,base,restrict_A,140,1.0,-1.5853157386836978,0.322875,0.5564583333333334
all,costly vs access,restrict_A,base,restrict_A,200,1.0,-1.5853157386836978,0.322875,0.5564583333333334
all,costly vs access,restrict_A,base,restrict_A,400,1.0,-1.5853157386836978,0.322875,0.5564583333333334
all,costly vs access,evidence_count,base,evidence_count,8,0.2,0.6462954010971231,2.8455,1.969
all,costly vs access,evidence_count,base,evidence_count,12,0.31,0.6462954010971231,2.8455,1.969
all,costly vs access,evidence_count,base,evidence_count,17,0.4425,0.6462954010971231,2.8455,1.969
all,costly vs access,evidence_count,base,evidence_count,25,0.6375,0.6462954010971231,2.8455,1.969
all,costly vs access,evidence_count,base,evidence_count,35,0.815,0.6462954010971231,2.8455,1.969
all,costly vs access,evidence_count,base,evidence_count,50,0.8975,0.6462954010971231,2.8455,1.969
all,costly vs access,evidence_count,base,evidence_count,70,0.9675,0.6462954010971231,2.8455,1.969
all,costly vs access,evidence_count,base,evidence_count,100,0.9975,0.6462954010971231,2.8455,1.969
all,costly vs access,evidence_count,base,evidence_count,140,1.0,0.6462954010971231,2.8455,1.969
all,costly vs access,evidence_count,base,evidence_count,200,1.0,0.6462954010971231,2.8455,1.969
all,costly vs access,evidence_count,base,evidence_count,400,1.0,0.6462954010971231,2.8455,1.969
all,costly vs access,A_dbelief,base,A_dbelief,8,0.045,0.14708362321556173,0.24015461456780918,0.20883615759736443
all,costly vs access,A_dbelief,base,A_dbelief,12,0.0525,0.14708362321556173,0.24015461456780918,0.20883615759736443
all,costly vs access,A_dbelief,base,A_dbelief,17,0.085,0.14708362321556173,0.24015461456780918,0.20883615759736443
all,costly vs access,A_dbelief,base,A_dbelief,25,0.0875,0.14708362321556173,0.24015461456780918,0.20883615759736443
all,costly vs access,A_dbelief,base,A_dbelief,35,0.12,0.14708362321556173,0.24015461456780918,0.20883615759736443
all,costly vs access,A_dbelief,base,A_dbelief,50,0.1,0.14708362321556173,0.24015461456780918,0.20883615759736443
all,costly vs access,A_dbelief,base,A_dbelief,70,0.1575,0.14708362321556173,0.24015461456780918,0.20883615759736443
all,costly vs access,A_dbelief,base,A_dbelief,100,0.21,0.14708362321556173,0.24015461456780918,0.20883615759736443
all,costly vs access,A_dbelief,base,A_dbelief,140,0.2625,0.14708362321556173,0.24015461456780918,0.20883615759736443
all,costly vs access,A_dbelief,base,A_dbelief,200,0.2925,0.14708362321556173,0.24015461456780918,0.20883615759736443
all,costly vs access,A_dbelief,base,A_dbelief,400,0.54,0.14708362321556173,0.24015461456780918,0.20883615759736443
all,costly vs access,A_p_truth,base,A_p_truth,8,0.05,0.1879960564258971,0.8786893150541134,0.8357485582867429
all,costly vs access,A_p_truth,base,A_p_truth,12,0.0525,0.1879960564258971,0.8786893150541134,0.8357485582867429
all,costly vs access,A_p_truth,base,A_p_truth,17,0.0825,0.1879960564258971,0.8786893150541134,0.8357485582867429
all,costly vs access,A_p_truth,base,A_p_truth,25,0.1025,0.1879960564258971,0.8786893150541134,0.8357485582867429
all,costly vs access,A_p_truth,base,A_p_truth,35,0.12,0.1879960564258971,0.8786893150541134,0.8357485582867429
all,costly vs access,A_p_truth,base,A_p_truth,50,0.1475,0.1879960564258971,0.8786893150541134,0.8357485582867429
all,costly vs access,A_p_truth,base,A_p_truth,70,0.2025,0.1879960564258971,0.8786893150541134,0.8357485582867429
all,costly vs access,A_p_truth,base,A_p_truth,100,0.2575,0.1879960564258971,0.8786893150541134,0.8357485582867429
all,costly vs access,A_p_truth,base,A_p_truth,140,0.34,0.1879960564258971,0.8786893150541134,0.8357485582867429
all,costly vs access,A_p_truth,base,A_p_truth,200,0.47,0.1879960564258971,0.8786893150541134,0.8357485582867429
all,costly vs access,A_p_truth,base,A_p_truth,400,0.7725,0.1879960564258971,0.8786893150541134,0.8357485582867429
all,costly vs access,A_hidden_shift,base,A_hidden_shift,8,0.305,0.8502114398237934,0.22440984368313246,0.06913656025500906
all,costly vs access,A_hidden_shift,base,A_hidden_shift,12,0.52,0.8502114398237934,0.22440984368313246,0.06913656025500906
all,costly vs access,A_hidden_shift,base,A_hidden_shift,17,0.69,0.8502114398237934,0.22440984368313246,0.06913656025500906
all,costly vs access,A_hidden_shift,base,A_hidden_shift,25,0.8825,0.8502114398237934,0.22440984368313246,0.06913656025500906
all,costly vs access,A_hidden_shift,base,A_hidden_shift,35,0.97,0.8502114398237934,0.22440984368313246,0.06913656025500906
all,costly vs access,A_hidden_shift,base,A_hidden_shift,50,0.995,0.8502114398237934,0.22440984368313246,0.06913656025500906
all,costly vs access,A_hidden_shift,base,A_hidden_shift,70,1.0,0.8502114398237934,0.22440984368313246,0.06913656025500906
all,costly vs access,A_hidden_shift,base,A_hidden_shift,100,1.0,0.8502114398237934,0.22440984368313246,0.06913656025500906
all,costly vs access,A_hidden_shift,base,A_hidden_shift,140,1.0,0.8502114398237934,0.22440984368313246,0.06913656025500906
all,costly vs access,A_hidden_shift,base,A_hidden_shift,200,1.0,0.8502114398237934,0.22440984368313246,0.06913656025500906
all,costly vs access,A_hidden_shift,base,A_hidden_shift,400,1.0,0.8502114398237934,0.22440984368313246,0.06913656025500906
all,costly vs access,concede_after_remove_c,remove_c,P_concede_A_late,8,0.0625,0.002001352045118429,0.479,0.478
all,costly vs access,concede_after_remove_c,remove_c,P_concede_A_late,12,0.095,0.002001352045118429,0.479,0.478
all,costly vs access,concede_after_remove_c,remove_c,P_concede_A_late,17,0.05,0.002001352045118429,0.479,0.478
all,costly vs access,concede_after_remove_c,remove_c,P_concede_A_late,25,0.08,0.002001352045118429,0.479,0.478
all,costly vs access,concede_after_remove_c,remove_c,P_concede_A_late,35,0.0425,0.002001352045118429,0.479,0.478
all,costly vs access,concede_after_remove_c,remove_c,P_concede_A_late,50,0.0425,0.002001352045118429,0.479,0.478
all,costly vs access,concede_after_remove_c,remove_c,P_concede_A_late,70,0.0325,0.002001352045118429,0.479,0.478
all,costly vs access,concede_after_remove_c,remove_c,P_concede_A_late,100,0.06,0.002001352045118429,0.479,0.478
all,costly vs access,concede_after_remove_c,remove_c,P_concede_A_late,140,0.03,0.002001352045118429,0.479,0.478
all,costly vs access,concede_after_remove_c,remove_c,P_concede_A_late,200,0.0525,0.002001352045118429,0.479,0.478
all,costly vs access,concede_after_remove_c,remove_c,P_concede_A_late,400,0.04,0.002001352045118429,0.479,0.478
all,costly vs access,concede_after_reassure,reassure,P_concede_A_late,8,0.065,-0.18964758450019437,0.367,0.46
all,costly vs access,concede_after_reassure,reassure,P_concede_A_late,12,0.095,-0.18964758450019437,0.367,0.46
all,costly vs access,concede_after_reassure,reassure,P_concede_A_late,17,0.0925,-0.18964758450019437,0.367,0.46
all,costly vs access,concede_after_reassure,reassure,P_concede_A_late,25,0.1275,-0.18964758450019437,0.367,0.46
all,costly vs access,concede_after_reassure,reassure,P_concede_A_late,35,0.1,-0.18964758450019437,0.367,0.46
all,costly vs access,concede_after_reassure,reassure,P_concede_A_late,50,0.165,-0.18964758450019437,0.367,0.46
all,costly vs access,concede_after_reassure,reassure,P_concede_A_late,70,0.205,-0.18964758450019437,0.367,0.46
all,costly vs access,concede_after_reassure,reassure,P_concede_A_late,100,0.275,-0.18964758450019437,0.367,0.46
all,costly vs access,concede_after_reassure,reassure,P_concede_A_late,140,0.365,-0.18964758450019437,0.367,0.46
all,costly vs access,concede_after_reassure,reassure,P_concede_A_late,200,0.47,-0.18964758450019437,0.367,0.46
all,costly vs access,concede_after_reassure,reassure,P_concede_A_late,400,0.7875,-0.18964758450019437,0.367,0.46
all,costly vs access,evidence_after_force_open_B,force_open_B,evidence_count_late,8,0.22,0.6799749181754088,1.497,0.8515
all,costly vs access,evidence_after_force_open_B,force_open_B,evidence_count_late,12,0.39,0.6799749181754088,1.497,0.8515
all,costly vs access,evidence_after_force_open_B,force_open_B,evidence_count_late,17,0.4825,0.6799749181754088,1.497,0.8515
all,costly vs access,evidence_after_force_open_B,force_open_B,evidence_count_late,25,0.625,0.6799749181754088,1.497,0.8515
all,costly vs access,evidence_after_force_open_B,force_open_B,evidence_count_late,35,0.7925,0.6799749181754088,1.497,0.8515
all,costly vs access,evidence_after_force_open_B,force_open_B,evidence_count_late,50,0.9475,0.6799749181754088,1.497,0.8515
all,costly vs access,evidence_after_force_open_B,force_open_B,evidence_count_late,70,0.97,0.6799749181754088,1.497,0.8515
all,costly vs access,evidence_after_force_open_B,force_open_B,evidence_count_late,100,1.0,0.6799749181754088,1.497,0.8515
all,costly vs access,evidence_after_force_open_B,force_open_B,evidence_count_late,140,1.0,0.6799749181754088,1.497,0.8515
all,costly vs access,evidence_after_force_open_B,force_open_B,evidence_count_late,200,1.0,0.6799749181754088,1.497,0.8515
all,costly vs access,evidence_after_force_open_B,force_open_B,evidence_count_late,400,1.0,0.6799749181754088,1.497,0.8515
all,costly vs access,p_truth_after_external_obs,external_obs,A_p_truth,8,0.0025,0.06972175125938523,0.9617843478091861,0.951672455477284
all,costly vs access,p_truth_after_external_obs,external_obs,A_p_truth,12,0.015,0.06972175125938523,0.9617843478091861,0.951672455477284
all,costly vs access,p_truth_after_external_obs,external_obs,A_p_truth,17,0.0075,0.06972175125938523,0.9617843478091861,0.951672455477284
all,costly vs access,p_truth_after_external_obs,external_obs,A_p_truth,25,0.0125,0.06972175125938523,0.9617843478091861,0.951672455477284
all,costly vs access,p_truth_after_external_obs,external_obs,A_p_truth,35,0.025,0.06972175125938523,0.9617843478091861,0.951672455477284
all,costly vs access,p_truth_after_external_obs,external_obs,A_p_truth,50,0.0325,0.06972175125938523,0.9617843478091861,0.951672455477284
all,costly vs access,p_truth_after_external_obs,external_obs,A_p_truth,70,0.0675,0.06972175125938523,0.9617843478091861,0.951672455477284
all,costly vs access,p_truth_after_external_obs,external_obs,A_p_truth,100,0.0475,0.06972175125938523,0.9617843478091861,0.951672455477284
all,costly vs access,p_truth_after_external_obs,external_obs,A_p_truth,140,0.1,0.06972175125938523,0.9617843478091861,0.951672455477284
all,costly vs access,p_truth_after_external_obs,external_obs,A_p_truth,200,0.14,0.06972175125938523,0.9617843478091861,0.951672455477284
all,costly vs access,p_truth_after_external_obs,external_obs,A_p_truth,400,0.13,0.06972175125938523,0.9617843478091861,0.951672455477284
all,costly vs access,B_pC_true,base,B_pC_true,8,0.035,-0.020873875455192464,0.5876785545934943,0.5942255046794368
all,costly vs access,B_pC_true,base,B_pC_true,12,0.05,-0.020873875455192464,0.5876785545934943,0.5942255046794368
all,costly vs access,B_pC_true,base,B_pC_true,17,0.0375,-0.020873875455192464,0.5876785545934943,0.5942255046794368
all,costly vs access,B_pC_true,base,B_pC_true,25,0.065,-0.020873875455192464,0.5876785545934943,0.5942255046794368
all,costly vs access,B_pC_true,base,B_pC_true,35,0.055,-0.020873875455192464,0.5876785545934943,0.5942255046794368
all,costly vs access,B_pC_true,base,B_pC_true,50,0.055,-0.020873875455192464,0.5876785545934943,0.5942255046794368
all,costly vs access,B_pC_true,base,B_pC_true,70,0.055,-0.020873875455192464,0.5876785545934943,0.5942255046794368
all,costly vs access,B_pC_true,base,B_pC_true,100,0.0375,-0.020873875455192464,0.5876785545934943,0.5942255046794368
all,costly vs access,B_pC_true,base,B_pC_true,140,0.0375,-0.020873875455192464,0.5876785545934943,0.5942255046794368
all,costly vs access,B_pC_true,base,B_pC_true,200,0.045,-0.020873875455192464,0.5876785545934943,0.5942255046794368
all,costly vs access,B_pC_true,base,B_pC_true,400,0.0275,-0.020873875455192464,0.5876785545934943,0.5942255046794368
all,costly vs access,B_pW_true,base,B_pW_true,8,0.075,-0.12072759333436747,0.275034176696087,0.29502391099024805
all,costly vs access,B_pW_true,base,B_pW_true,12,0.05,-0.12072759333436747,0.275034176696087,0.29502391099024805
all,costly vs access,B_pW_true,base,B_pW_true,17,0.0625,-0.12072759333436747,0.275034176696087,0.29502391099024805
all,costly vs access,B_pW_true,base,B_pW_true,25,0.0625,-0.12072759333436747,0.275034176696087,0.29502391099024805
all,costly vs access,B_pW_true,base,B_pW_true,35,0.0875,-0.12072759333436747,0.275034176696087,0.29502391099024805
all,costly vs access,B_pW_true,base,B_pW_true,50,0.0875,-0.12072759333436747,0.275034176696087,0.29502391099024805
all,costly vs access,B_pW_true,base,B_pW_true,70,0.1,-0.12072759333436747,0.275034176696087,0.29502391099024805
all,costly vs access,B_pW_true,base,B_pW_true,100,0.16,-0.12072759333436747,0.275034176696087,0.29502391099024805
all,costly vs access,B_pW_true,base,B_pW_true,140,0.1575,-0.12072759333436747,0.275034176696087,0.29502391099024805
all,costly vs access,B_pW_true,base,B_pW_true,200,0.2175,-0.12072759333436747,0.275034176696087,0.29502391099024805
all,costly vs access,B_pW_true,base,B_pW_true,400,0.34,-0.12072759333436747,0.275034176696087,0.29502391099024805
all,costly vs access,B_pC_high,base,B_pC_high,8,0.9525,1.778671585366134,0.5876785545934943,0.16531943276071562
all,costly vs access,B_pC_high,base,B_pC_high,12,1.0,1.778671585366134,0.5876785545934943,0.16531943276071562
all,costly vs access,B_pC_high,base,B_pC_high,17,1.0,1.778671585366134,0.5876785545934943,0.16531943276071562
all,costly vs access,B_pC_high,base,B_pC_high,25,1.0,1.778671585366134,0.5876785545934943,0.16531943276071562
all,costly vs access,B_pC_high,base,B_pC_high,35,1.0,1.778671585366134,0.5876785545934943,0.16531943276071562
all,costly vs access,B_pC_high,base,B_pC_high,50,1.0,1.778671585366134,0.5876785545934943,0.16531943276071562
all,costly vs access,B_pC_high,base,B_pC_high,70,1.0,1.778671585366134,0.5876785545934943,0.16531943276071562
all,costly vs access,B_pC_high,base,B_pC_high,100,1.0,1.778671585366134,0.5876785545934943,0.16531943276071562
all,costly vs access,B_pC_high,base,B_pC_high,140,1.0,1.778671585366134,0.5876785545934943,0.16531943276071562
all,costly vs access,B_pC_high,base,B_pC_high,200,1.0,1.778671585366134,0.5876785545934943,0.16531943276071562
all,costly vs access,B_pC_high,base,B_pC_high,400,1.0,1.778671585366134,0.5876785545934943,0.16531943276071562
all,costly vs access,B_pW_low,base,B_pW_low,8,0.0375,0.08605858245710865,0.42346228966224986,0.4010271966674892
all,costly vs access,B_pW_low,base,B_pW_low,12,0.0425,0.08605858245710865,0.42346228966224986,0.4010271966674892
all,costly vs access,B_pW_low,base,B_pW_low,17,0.0625,0.08605858245710865,0.42346228966224986,0.4010271966674892
all,costly vs access,B_pW_low,base,B_pW_low,25,0.085,0.08605858245710865,0.42346228966224986,0.4010271966674892
all,costly vs access,B_pW_low,base,B_pW_low,35,0.0625,0.08605858245710865,0.42346228966224986,0.4010271966674892
all,costly vs access,B_pW_low,base,B_pW_low,50,0.0675,0.08605858245710865,0.42346228966224986,0.4010271966674892
all,costly vs access,B_pW_low,base,B_pW_low,70,0.065,0.08605858245710865,0.42346228966224986,0.4010271966674892
all,costly vs access,B_pW_low,base,B_pW_low,100,0.0725,0.08605858245710865,0.42346228966224986,0.4010271966674892
all,costly vs access,B_pW_low,base,B_pW_low,140,0.1025,0.08605858245710865,0.42346228966224986,0.4010271966674892
all,costly vs access,B_pW_low,base,B_pW_low,200,0.125,0.08605858245710865,0.42346228966224986,0.4010271966674892
all,costly vs access,B_pW_low,base,B_pW_low,400,0.245,0.08605858245710865,0.42346228966224986,0.4010271966674892
A_own0,attenuated vs costly,nonc_A,base,nonc_A,8,0.0,-0.2660009293396995,0.9835125448028674,0.9980286738351255
A_own0,attenuated vs costly,nonc_A,base,nonc_A,12,0.0,-0.2660009293396995,0.9835125448028674,0.9980286738351255
A_own0,attenuated vs costly,nonc_A,base,nonc_A,17,0.005,-0.2660009293396995,0.9835125448028674,0.9980286738351255
A_own0,attenuated vs costly,nonc_A,base,nonc_A,25,0.0175,-0.2660009293396995,0.9835125448028674,0.9980286738351255
A_own0,attenuated vs costly,nonc_A,base,nonc_A,35,0.07,-0.2660009293396995,0.9835125448028674,0.9980286738351255
A_own0,attenuated vs costly,nonc_A,base,nonc_A,50,0.155,-0.2660009293396995,0.9835125448028674,0.9980286738351255
A_own0,attenuated vs costly,nonc_A,base,nonc_A,70,0.32,-0.2660009293396995,0.9835125448028674,0.9980286738351255
A_own0,attenuated vs costly,nonc_A,base,nonc_A,100,0.465,-0.2660009293396995,0.9835125448028674,0.9980286738351255
A_own0,attenuated vs costly,nonc_A,base,nonc_A,140,0.62,-0.2660009293396995,0.9835125448028674,0.9980286738351255
A_own0,attenuated vs costly,nonc_A,base,nonc_A,200,0.825,-0.2660009293396995,0.9835125448028674,0.9980286738351255
A_own0,attenuated vs costly,nonc_A,base,nonc_A,400,0.99,-0.2660009293396995,0.9835125448028674,0.9980286738351255
A_own0,attenuated vs costly,restrict_A,base,restrict_A,8,0.0375,0.17355689542372477,0.34605734767025087,0.3223416965352449
A_own0,attenuated vs costly,restrict_A,base,restrict_A,12,0.08,0.17355689542372477,0.34605734767025087,0.3223416965352449
A_own0,attenuated vs costly,restrict_A,base,restrict_A,17,0.06,0.17355689542372477,0.34605734767025087,0.3223416965352449
A_own0,attenuated vs costly,restrict_A,base,restrict_A,25,0.0875,0.17355689542372477,0.34605734767025087,0.3223416965352449
A_own0,attenuated vs costly,restrict_A,base,restrict_A,35,0.0975,0.17355689542372477,0.34605734767025087,0.3223416965352449
A_own0,attenuated vs costly,restrict_A,base,restrict_A,50,0.1225,0.17355689542372477,0.34605734767025087,0.3223416965352449
A_own0,attenuated vs costly,restrict_A,base,restrict_A,70,0.1875,0.17355689542372477,0.34605734767025087,0.3223416965352449
A_own0,attenuated vs costly,restrict_A,base,restrict_A,100,0.1925,0.17355689542372477,0.34605734767025087,0.3223416965352449
A_own0,attenuated vs costly,restrict_A,base,restrict_A,140,0.29,0.17355689542372477,0.34605734767025087,0.3223416965352449
A_own0,attenuated vs costly,restrict_A,base,restrict_A,200,0.3925,0.17355689542372477,0.34605734767025087,0.3223416965352449
A_own0,attenuated vs costly,restrict_A,base,restrict_A,400,0.7075,0.17355689542372477,0.34605734767025087,0.3223416965352449
A_own0,attenuated vs costly,evidence_count,base,evidence_count,8,0.075,-0.11654309647721924,2.553405017921147,2.717562724014337
A_own0,attenuated vs costly,evidence_count,base,evidence_count,12,0.0375,-0.11654309647721924,2.553405017921147,2.717562724014337
A_own0,attenuated vs costly,evidence_count,base,evidence_count,17,0.05,-0.11654309647721924,2.553405017921147,2.717562724014337
A_own0,attenuated vs costly,evidence_count,base,evidence_count,25,0.0575,-0.11654309647721924,2.553405017921147,2.717562724014337
A_own0,attenuated vs costly,evidence_count,base,evidence_count,35,0.06,-0.11654309647721924,2.553405017921147,2.717562724014337
A_own0,attenuated vs costly,evidence_count,base,evidence_count,50,0.06,-0.11654309647721924,2.553405017921147,2.717562724014337
A_own0,attenuated vs costly,evidence_count,base,evidence_count,70,0.12,-0.11654309647721924,2.553405017921147,2.717562724014337
A_own0,attenuated vs costly,evidence_count,base,evidence_count,100,0.1375,-0.11654309647721924,2.553405017921147,2.717562724014337
A_own0,attenuated vs costly,evidence_count,base,evidence_count,140,0.1375,-0.11654309647721924,2.553405017921147,2.717562724014337
A_own0,attenuated vs costly,evidence_count,base,evidence_count,200,0.2125,-0.11654309647721924,2.553405017921147,2.717562724014337
A_own0,attenuated vs costly,evidence_count,base,evidence_count,400,0.345,-0.11654309647721924,2.553405017921147,2.717562724014337
A_own0,attenuated vs costly,A_dbelief,base,A_dbelief,8,0.2825,-0.9492125858257883,0.061424133587100666,0.24052312109132176
A_own0,attenuated vs costly,A_dbelief,base,A_dbelief,12,0.57,-0.9492125858257883,0.061424133587100666,0.24052312109132176
A_own0,attenuated vs costly,A_dbelief,base,A_dbelief,17,0.81,-0.9492125858257883,0.061424133587100666,0.24052312109132176
A_own0,attenuated vs costly,A_dbelief,base,A_dbelief,25,0.975,-0.9492125858257883,0.061424133587100666,0.24052312109132176
A_own0,attenuated vs costly,A_dbelief,base,A_dbelief,35,0.99,-0.9492125858257883,0.061424133587100666,0.24052312109132176
A_own0,attenuated vs costly,A_dbelief,base,A_dbelief,50,0.9975,-0.9492125858257883,0.061424133587100666,0.24052312109132176
A_own0,attenuated vs costly,A_dbelief,base,A_dbelief,70,1.0,-0.9492125858257883,0.061424133587100666,0.24052312109132176
A_own0,attenuated vs costly,A_dbelief,base,A_dbelief,100,1.0,-0.9492125858257883,0.061424133587100666,0.24052312109132176
A_own0,attenuated vs costly,A_dbelief,base,A_dbelief,140,1.0,-0.9492125858257883,0.061424133587100666,0.24052312109132176
A_own0,attenuated vs costly,A_dbelief,base,A_dbelief,200,1.0,-0.9492125858257883,0.061424133587100666,0.24052312109132176
A_own0,attenuated vs costly,A_dbelief,base,A_dbelief,400,1.0,-0.9492125858257883,0.061424133587100666,0.24052312109132176
A_own0,attenuated vs costly,A_p_truth,base,A_p_truth,8,0.14,-0.5429876828971951,0.7209866086054112,0.8658694673694113
A_own0,attenuated vs costly,A_p_truth,base,A_p_truth,12,0.22,-0.5429876828971951,0.7209866086054112,0.8658694673694113
A_own0,attenuated vs costly,A_p_truth,base,A_p_truth,17,0.3575,-0.5429876828971951,0.7209866086054112,0.8658694673694113
A_own0,attenuated vs costly,A_p_truth,base,A_p_truth,25,0.505,-0.5429876828971951,0.7209866086054112,0.8658694673694113
A_own0,attenuated vs costly,A_p_truth,base,A_p_truth,35,0.62,-0.5429876828971951,0.7209866086054112,0.8658694673694113
A_own0,attenuated vs costly,A_p_truth,base,A_p_truth,50,0.7775,-0.5429876828971951,0.7209866086054112,0.8658694673694113
A_own0,attenuated vs costly,A_p_truth,base,A_p_truth,70,0.9025,-0.5429876828971951,0.7209866086054112,0.8658694673694113
A_own0,attenuated vs costly,A_p_truth,base,A_p_truth,100,0.955,-0.5429876828971951,0.7209866086054112,0.8658694673694113
A_own0,attenuated vs costly,A_p_truth,base,A_p_truth,140,1.0,-0.5429876828971951,0.7209866086054112,0.8658694673694113
A_own0,attenuated vs costly,A_p_truth,base,A_p_truth,200,1.0,-0.5429876828971951,0.7209866086054112,0.8658694673694113
A_own0,attenuated vs costly,A_p_truth,base,A_p_truth,400,1.0,-0.5429876828971951,0.7209866086054112,0.8658694673694113
A_own0,attenuated vs costly,A_hidden_shift,base,A_hidden_shift,8,0.2575,-0.9650398734451181,0.053138068983672924,0.2312833180841855
A_own0,attenuated vs costly,A_hidden_shift,base,A_hidden_shift,12,0.59,-0.9650398734451181,0.053138068983672924,0.2312833180841855
A_own0,attenuated vs costly,A_hidden_shift,base,A_hidden_shift,17,0.8225,-0.9650398734451181,0.053138068983672924,0.2312833180841855
A_own0,attenuated vs costly,A_hidden_shift,base,A_hidden_shift,25,0.9575,-0.9650398734451181,0.053138068983672924,0.2312833180841855
A_own0,attenuated vs costly,A_hidden_shift,base,A_hidden_shift,35,1.0,-0.9650398734451181,0.053138068983672924,0.2312833180841855
A_own0,attenuated vs costly,A_hidden_shift,base,A_hidden_shift,50,1.0,-0.9650398734451181,0.053138068983672924,0.2312833180841855
A_own0,attenuated vs costly,A_hidden_shift,base,A_hidden_shift,70,1.0,-0.9650398734451181,0.053138068983672924,0.2312833180841855
A_own0,attenuated vs costly,A_hidden_shift,base,A_hidden_shift,100,1.0,-0.9650398734451181,0.053138068983672924,0.2312833180841855
A_own0,attenuated vs costly,A_hidden_shift,base,A_hidden_shift,140,1.0,-0.9650398734451181,0.053138068983672924,0.2312833180841855
A_own0,attenuated vs costly,A_hidden_shift,base,A_hidden_shift,200,1.0,-0.9650398734451181,0.053138068983672924,0.2312833180841855
A_own0,attenuated vs costly,A_hidden_shift,base,A_hidden_shift,400,1.0,-0.9650398734451181,0.053138068983672924,0.2312833180841855
A_own0,attenuated vs costly,concede_after_remove_c,remove_c,P_concede_A_late,8,0.13,-0.620733364697713,0.06093189964157706,0.2853046594982079
A_own0,attenuated vs costly,concede_after_remove_c,remove_c,P_concede_A_late,12,0.265,-0.620733364697713,0.06093189964157706,0.2853046594982079
A_own0,attenuated vs costly,concede_after_remove_c,remove_c,P_concede_A_late,17,0.4275,-0.620733364697713,0.06093189964157706,0.2853046594982079
A_own0,attenuated vs costly,concede_after_remove_c,remove_c,P_concede_A_late,25,0.6025,-0.620733364697713,0.06093189964157706,0.2853046594982079
A_own0,attenuated vs costly,concede_after_remove_c,remove_c,P_concede_A_late,35,0.755,-0.620733364697713,0.06093189964157706,0.2853046594982079
A_own0,attenuated vs costly,concede_after_remove_c,remove_c,P_concede_A_late,50,0.8625,-0.620733364697713,0.06093189964157706,0.2853046594982079
A_own0,attenuated vs costly,concede_after_remove_c,remove_c,P_concede_A_late,70,0.9725,-0.620733364697713,0.06093189964157706,0.2853046594982079
A_own0,attenuated vs costly,concede_after_remove_c,remove_c,P_concede_A_late,100,0.995,-0.620733364697713,0.06093189964157706,0.2853046594982079
A_own0,attenuated vs costly,concede_after_remove_c,remove_c,P_concede_A_late,140,1.0,-0.620733364697713,0.06093189964157706,0.2853046594982079
A_own0,attenuated vs costly,concede_after_remove_c,remove_c,P_concede_A_late,200,1.0,-0.620733364697713,0.06093189964157706,0.2853046594982079
A_own0,attenuated vs costly,concede_after_remove_c,remove_c,P_concede_A_late,400,1.0,-0.620733364697713,0.06093189964157706,0.2853046594982079
A_own0,attenuated vs costly,concede_after_reassure,reassure,P_concede_A_late,8,0.02,-0.3695485365015856,0.04874551971326165,0.15985663082437276
A_own0,attenuated vs costly,concede_after_reassure,reassure,P_concede_A_late,12,0.0675,-0.3695485365015856,0.04874551971326165,0.15985663082437276
A_own0,attenuated vs costly,concede_after_reassure,reassure,P_concede_A_late,17,0.1325,-0.3695485365015856,0.04874551971326165,0.15985663082437276
A_own0,attenuated vs costly,concede_after_reassure,reassure,P_concede_A_late,25,0.25,-0.3695485365015856,0.04874551971326165,0.15985663082437276
A_own0,attenuated vs costly,concede_after_reassure,reassure,P_concede_A_late,35,0.335,-0.3695485365015856,0.04874551971326165,0.15985663082437276
A_own0,attenuated vs costly,concede_after_reassure,reassure,P_concede_A_late,50,0.415,-0.3695485365015856,0.04874551971326165,0.15985663082437276
A_own0,attenuated vs costly,concede_after_reassure,reassure,P_concede_A_late,70,0.61,-0.3695485365015856,0.04874551971326165,0.15985663082437276
A_own0,attenuated vs costly,concede_after_reassure,reassure,P_concede_A_late,100,0.775,-0.3695485365015856,0.04874551971326165,0.15985663082437276
A_own0,attenuated vs costly,concede_after_reassure,reassure,P_concede_A_late,140,0.88,-0.3695485365015856,0.04874551971326165,0.15985663082437276
A_own0,attenuated vs costly,concede_after_reassure,reassure,P_concede_A_late,200,0.965,-0.3695485365015856,0.04874551971326165,0.15985663082437276
A_own0,attenuated vs costly,concede_after_reassure,reassure,P_concede_A_late,400,1.0,-0.3695485365015856,0.04874551971326165,0.15985663082437276
A_own0,attenuated vs costly,evidence_after_force_open_B,force_open_B,evidence_count_late,8,0.0475,-0.1084649042031191,1.3297491039426523,1.4401433691756271
A_own0,attenuated vs costly,evidence_after_force_open_B,force_open_B,evidence_count_late,12,0.0775,-0.1084649042031191,1.3297491039426523,1.4401433691756271
A_own0,attenuated vs costly,evidence_after_force_open_B,force_open_B,evidence_count_late,17,0.055,-0.1084649042031191,1.3297491039426523,1.4401433691756271
A_own0,attenuated vs costly,evidence_after_force_open_B,force_open_B,evidence_count_late,25,0.0325,-0.1084649042031191,1.3297491039426523,1.4401433691756271
A_own0,attenuated vs costly,evidence_after_force_open_B,force_open_B,evidence_count_late,35,0.0675,-0.1084649042031191,1.3297491039426523,1.4401433691756271
A_own0,attenuated vs costly,evidence_after_force_open_B,force_open_B,evidence_count_late,50,0.055,-0.1084649042031191,1.3297491039426523,1.4401433691756271
A_own0,attenuated vs costly,evidence_after_force_open_B,force_open_B,evidence_count_late,70,0.075,-0.1084649042031191,1.3297491039426523,1.4401433691756271
A_own0,attenuated vs costly,evidence_after_force_open_B,force_open_B,evidence_count_late,100,0.1125,-0.1084649042031191,1.3297491039426523,1.4401433691756271
A_own0,attenuated vs costly,evidence_after_force_open_B,force_open_B,evidence_count_late,140,0.1375,-0.1084649042031191,1.3297491039426523,1.4401433691756271
A_own0,attenuated vs costly,evidence_after_force_open_B,force_open_B,evidence_count_late,200,0.1375,-0.1084649042031191,1.3297491039426523,1.4401433691756271
A_own0,attenuated vs costly,evidence_after_force_open_B,force_open_B,evidence_count_late,400,0.24,-0.1084649042031191,1.3297491039426523,1.4401433691756271
A_own0,attenuated vs costly,p_truth_after_external_obs,external_obs,A_p_truth,8,0.33,-0.8547473690953967,0.7790479728462363,0.9580173423361099
A_own0,attenuated vs costly,p_truth_after_external_obs,external_obs,A_p_truth,12,0.56,-0.8547473690953967,0.7790479728462363,0.9580173423361099
A_own0,attenuated vs costly,p_truth_after_external_obs,external_obs,A_p_truth,17,0.72,-0.8547473690953967,0.7790479728462363,0.9580173423361099
A_own0,attenuated vs costly,p_truth_after_external_obs,external_obs,A_p_truth,25,0.795,-0.8547473690953967,0.7790479728462363,0.9580173423361099
A_own0,attenuated vs costly,p_truth_after_external_obs,external_obs,A_p_truth,35,0.9525,-0.8547473690953967,0.7790479728462363,0.9580173423361099
A_own0,attenuated vs costly,p_truth_after_external_obs,external_obs,A_p_truth,50,0.99,-0.8547473690953967,0.7790479728462363,0.9580173423361099
A_own0,attenuated vs costly,p_truth_after_external_obs,external_obs,A_p_truth,70,0.9975,-0.8547473690953967,0.7790479728462363,0.9580173423361099
A_own0,attenuated vs costly,p_truth_after_external_obs,external_obs,A_p_truth,100,1.0,-0.8547473690953967,0.7790479728462363,0.9580173423361099
A_own0,attenuated vs costly,p_truth_after_external_obs,external_obs,A_p_truth,140,1.0,-0.8547473690953967,0.7790479728462363,0.9580173423361099
A_own0,attenuated vs costly,p_truth_after_external_obs,external_obs,A_p_truth,200,1.0,-0.8547473690953967,0.7790479728462363,0.9580173423361099
A_own0,attenuated vs costly,p_truth_after_external_obs,external_obs,A_p_truth,400,1.0,-0.8547473690953967,0.7790479728462363,0.9580173423361099
A_own0,attenuated vs costly,B_pC_true,base,B_pC_true,8,0.1975,-0.672850906876481,0.33145618751626094,0.4519600078388681
A_own0,attenuated vs costly,B_pC_true,base,B_pC_true,12,0.35,-0.672850906876481,0.33145618751626094,0.4519600078388681
A_own0,attenuated vs costly,B_pC_true,base,B_pC_true,17,0.545,-0.672850906876481,0.33145618751626094,0.4519600078388681
A_own0,attenuated vs costly,B_pC_true,base,B_pC_true,25,0.6825,-0.672850906876481,0.33145618751626094,0.4519600078388681
A_own0,attenuated vs costly,B_pC_true,base,B_pC_true,35,0.7975,-0.672850906876481,0.33145618751626094,0.4519600078388681
A_own0,attenuated vs costly,B_pC_true,base,B_pC_true,50,0.91,-0.672850906876481,0.33145618751626094,0.4519600078388681
A_own0,attenuated vs costly,B_pC_true,base,B_pC_true,70,0.9725,-0.672850906876481,0.33145618751626094,0.4519600078388681
A_own0,attenuated vs costly,B_pC_true,base,B_pC_true,100,0.9975,-0.672850906876481,0.33145618751626094,0.4519600078388681
A_own0,attenuated vs costly,B_pC_true,base,B_pC_true,140,1.0,-0.672850906876481,0.33145618751626094,0.4519600078388681
A_own0,attenuated vs costly,B_pC_true,base,B_pC_true,200,1.0,-0.672850906876481,0.33145618751626094,0.4519600078388681
A_own0,attenuated vs costly,B_pC_true,base,B_pC_true,400,1.0,-0.672850906876481,0.33145618751626094,0.4519600078388681
A_own0,attenuated vs costly,B_pW_true,base,B_pW_true,8,0.7475,1.4534080409859065,0.5880979108081883,0.24454398373110206
A_own0,attenuated vs costly,B_pW_true,base,B_pW_true,12,0.965,1.4534080409859065,0.5880979108081883,0.24454398373110206
A_own0,attenuated vs costly,B_pW_true,base,B_pW_true,17,1.0,1.4534080409859065,0.5880979108081883,0.24454398373110206
A_own0,attenuated vs costly,B_pW_true,base,B_pW_true,25,1.0,1.4534080409859065,0.5880979108081883,0.24454398373110206
A_own0,attenuated vs costly,B_pW_true,base,B_pW_true,35,1.0,1.4534080409859065,0.5880979108081883,0.24454398373110206
A_own0,attenuated vs costly,B_pW_true,base,B_pW_true,50,1.0,1.4534080409859065,0.5880979108081883,0.24454398373110206
A_own0,attenuated vs costly,B_pW_true,base,B_pW_true,70,1.0,1.4534080409859065,0.5880979108081883,0.24454398373110206
A_own0,attenuated vs costly,B_pW_true,base,B_pW_true,100,1.0,1.4534080409859065,0.5880979108081883,0.24454398373110206
A_own0,attenuated vs costly,B_pW_true,base,B_pW_true,140,1.0,1.4534080409859065,0.5880979108081883,0.24454398373110206
A_own0,attenuated vs costly,B_pW_true,base,B_pW_true,200,1.0,1.4534080409859065,0.5880979108081883,0.24454398373110206
A_own0,attenuated vs costly,B_pW_true,base,B_pW_true,400,1.0,1.4534080409859065,0.5880979108081883,0.24454398373110206
A_own0,attenuated vs costly,B_pC_high,base,B_pC_high,8,0.1475,-0.814353747812564,0.31975483086913065,0.4519600078388681
A_own0,attenuated vs costly,B_pC_high,base,B_pC_high,12,0.385,-0.814353747812564,0.31975483086913065,0.4519600078388681
A_own0,attenuated vs costly,B_pC_high,base,B_pC_high,17,0.69,-0.814353747812564,0.31975483086913065,0.4519600078388681
A_own0,attenuated vs costly,B_pC_high,base,B_pC_high,25,0.88,-0.814353747812564,0.31975483086913065,0.4519600078388681
A_own0,attenuated vs costly,B_pC_high,base,B_pC_high,35,0.97,-0.814353747812564,0.31975483086913065,0.4519600078388681
A_own0,attenuated vs costly,B_pC_high,base,B_pC_high,50,0.9975,-0.814353747812564,0.31975483086913065,0.4519600078388681
A_own0,attenuated vs costly,B_pC_high,base,B_pC_high,70,1.0,-0.814353747812564,0.31975483086913065,0.4519600078388681
A_own0,attenuated vs costly,B_pC_high,base,B_pC_high,100,1.0,-0.814353747812564,0.31975483086913065,0.4519600078388681
A_own0,attenuated vs costly,B_pC_high,base,B_pC_high,140,1.0,-0.814353747812564,0.31975483086913065,0.4519600078388681
A_own0,attenuated vs costly,B_pC_high,base,B_pC_high,200,1.0,-0.814353747812564,0.31975483086913065,0.4519600078388681
A_own0,attenuated vs costly,B_pC_high,base,B_pC_high,400,1.0,-0.814353747812564,0.31975483086913065,0.4519600078388681
A_own0,attenuated vs costly,B_pW_low,base,B_pW_low,8,0.1325,0.4258350810445368,0.5880979108081883,0.4678243323682938
A_own0,attenuated vs costly,B_pW_low,base,B_pW_low,12,0.1875,0.4258350810445368,0.5880979108081883,0.4678243323682938
A_own0,attenuated vs costly,B_pW_low,base,B_pW_low,17,0.195,0.4258350810445368,0.5880979108081883,0.4678243323682938
A_own0,attenuated vs costly,B_pW_low,base,B_pW_low,25,0.35,0.4258350810445368,0.5880979108081883,0.4678243323682938
A_own0,attenuated vs costly,B_pW_low,base,B_pW_low,35,0.4525,0.4258350810445368,0.5880979108081883,0.4678243323682938
A_own0,attenuated vs costly,B_pW_low,base,B_pW_low,50,0.5525,0.4258350810445368,0.5880979108081883,0.4678243323682938
A_own0,attenuated vs costly,B_pW_low,base,B_pW_low,70,0.6925,0.4258350810445368,0.5880979108081883,0.4678243323682938
A_own0,attenuated vs costly,B_pW_low,base,B_pW_low,100,0.865,0.4258350810445368,0.5880979108081883,0.4678243323682938
A_own0,attenuated vs costly,B_pW_low,base,B_pW_low,140,0.95,0.4258350810445368,0.5880979108081883,0.4678243323682938
A_own0,attenuated vs costly,B_pW_low,base,B_pW_low,200,0.99,0.4258350810445368,0.5880979108081883,0.4678243323682938
A_own0,attenuated vs costly,B_pW_low,base,B_pW_low,400,1.0,0.4258350810445368,0.5880979108081883,0.4678243323682938
A_own0,attenuated vs access,nonc_A,base,nonc_A,8,0.08,0.7049216340992154,0.9835125448028674,0.8043010752688172
A_own0,attenuated vs access,nonc_A,base,nonc_A,12,0.255,0.7049216340992154,0.9835125448028674,0.8043010752688172
A_own0,attenuated vs access,nonc_A,base,nonc_A,17,0.4175,0.7049216340992154,0.9835125448028674,0.8043010752688172
A_own0,attenuated vs access,nonc_A,base,nonc_A,25,0.7125,0.7049216340992154,0.9835125448028674,0.8043010752688172
A_own0,attenuated vs access,nonc_A,base,nonc_A,35,0.9025,0.7049216340992154,0.9835125448028674,0.8043010752688172
A_own0,attenuated vs access,nonc_A,base,nonc_A,50,1.0,0.7049216340992154,0.9835125448028674,0.8043010752688172
A_own0,attenuated vs access,nonc_A,base,nonc_A,70,0.9975,0.7049216340992154,0.9835125448028674,0.8043010752688172
A_own0,attenuated vs access,nonc_A,base,nonc_A,100,1.0,0.7049216340992154,0.9835125448028674,0.8043010752688172
A_own0,attenuated vs access,nonc_A,base,nonc_A,140,1.0,0.7049216340992154,0.9835125448028674,0.8043010752688172
A_own0,attenuated vs access,nonc_A,base,nonc_A,200,1.0,0.7049216340992154,0.9835125448028674,0.8043010752688172
A_own0,attenuated vs access,nonc_A,base,nonc_A,400,1.0,0.7049216340992154,0.9835125448028674,0.8043010752688172
A_own0,attenuated vs access,restrict_A,base,restrict_A,8,0.57,-1.197820656892292,0.34605734767025087,0.5171445639187575
A_own0,attenuated vs access,restrict_A,base,restrict_A,12,0.8075,-1.197820656892292,0.34605734767025087,0.5171445639187575
A_own0,attenuated vs access,restrict_A,base,restrict_A,17,0.91,-1.197820656892292,0.34605734767025087,0.5171445639187575
A_own0,attenuated vs access,restrict_A,base,restrict_A,25,0.98,-1.197820656892292,0.34605734767025087,0.5171445639187575
A_own0,attenuated vs access,restrict_A,base,restrict_A,35,1.0,-1.197820656892292,0.34605734767025087,0.5171445639187575
A_own0,attenuated vs access,restrict_A,base,restrict_A,50,1.0,-1.197820656892292,0.34605734767025087,0.5171445639187575
A_own0,attenuated vs access,restrict_A,base,restrict_A,70,1.0,-1.197820656892292,0.34605734767025087,0.5171445639187575
A_own0,attenuated vs access,restrict_A,base,restrict_A,100,1.0,-1.197820656892292,0.34605734767025087,0.5171445639187575
A_own0,attenuated vs access,restrict_A,base,restrict_A,140,1.0,-1.197820656892292,0.34605734767025087,0.5171445639187575
A_own0,attenuated vs access,restrict_A,base,restrict_A,200,1.0,-1.197820656892292,0.34605734767025087,0.5171445639187575
A_own0,attenuated vs access,restrict_A,base,restrict_A,400,1.0,-1.197820656892292,0.34605734767025087,0.5171445639187575
A_own0,attenuated vs access,evidence_count,base,evidence_count,8,0.1,0.36275214593667526,2.553405017921147,2.0702508960573476
A_own0,attenuated vs access,evidence_count,base,evidence_count,12,0.1175,0.36275214593667526,2.553405017921147,2.0702508960573476
A_own0,attenuated vs access,evidence_count,base,evidence_count,17,0.1575,0.36275214593667526,2.553405017921147,2.0702508960573476
A_own0,attenuated vs access,evidence_count,base,evidence_count,25,0.2475,0.36275214593667526,2.553405017921147,2.0702508960573476
A_own0,attenuated vs access,evidence_count,base,evidence_count,35,0.29,0.36275214593667526,2.553405017921147,2.0702508960573476
A_own0,attenuated vs access,evidence_count,base,evidence_count,50,0.445,0.36275214593667526,2.553405017921147,2.0702508960573476
A_own0,attenuated vs access,evidence_count,base,evidence_count,70,0.585,0.36275214593667526,2.553405017921147,2.0702508960573476
A_own0,attenuated vs access,evidence_count,base,evidence_count,100,0.74,0.36275214593667526,2.553405017921147,2.0702508960573476
A_own0,attenuated vs access,evidence_count,base,evidence_count,140,0.8875,0.36275214593667526,2.553405017921147,2.0702508960573476
A_own0,attenuated vs access,evidence_count,base,evidence_count,200,0.94,0.36275214593667526,2.553405017921147,2.0702508960573476
A_own0,attenuated vs access,evidence_count,base,evidence_count,400,1.0,0.36275214593667526,2.553405017921147,2.0702508960573476
A_own0,attenuated vs access,A_dbelief,base,A_dbelief,8,0.265,-0.9048572011806902,0.061424133587100666,0.2117812264610222
A_own0,attenuated vs access,A_dbelief,base,A_dbelief,12,0.52,-0.9048572011806902,0.061424133587100666,0.2117812264610222
A_own0,attenuated vs access,A_dbelief,base,A_dbelief,17,0.72,-0.9048572011806902,0.061424133587100666,0.2117812264610222
A_own0,attenuated vs access,A_dbelief,base,A_dbelief,25,0.9275,-0.9048572011806902,0.061424133587100666,0.2117812264610222
A_own0,attenuated vs access,A_dbelief,base,A_dbelief,35,0.9875,-0.9048572011806902,0.061424133587100666,0.2117812264610222
A_own0,attenuated vs access,A_dbelief,base,A_dbelief,50,0.9975,-0.9048572011806902,0.061424133587100666,0.2117812264610222
A_own0,attenuated vs access,A_dbelief,base,A_dbelief,70,1.0,-0.9048572011806902,0.061424133587100666,0.2117812264610222
A_own0,attenuated vs access,A_dbelief,base,A_dbelief,100,1.0,-0.9048572011806902,0.061424133587100666,0.2117812264610222
A_own0,attenuated vs access,A_dbelief,base,A_dbelief,140,1.0,-0.9048572011806902,0.061424133587100666,0.2117812264610222
A_own0,attenuated vs access,A_dbelief,base,A_dbelief,200,1.0,-0.9048572011806902,0.061424133587100666,0.2117812264610222
A_own0,attenuated vs access,A_dbelief,base,A_dbelief,400,1.0,-0.9048572011806902,0.061424133587100666,0.2117812264610222
A_own0,attenuated vs access,A_p_truth,base,A_p_truth,8,0.0875,-0.39552886622966793,0.7209866086054112,0.8298282420033422
A_own0,attenuated vs access,A_p_truth,base,A_p_truth,12,0.1325,-0.39552886622966793,0.7209866086054112,0.8298282420033422
A_own0,attenuated vs access,A_p_truth,base,A_p_truth,17,0.19,-0.39552886622966793,0.7209866086054112,0.8298282420033422
A_own0,attenuated vs access,A_p_truth,base,A_p_truth,25,0.2525,-0.39552886622966793,0.7209866086054112,0.8298282420033422
A_own0,attenuated vs access,A_p_truth,base,A_p_truth,35,0.4,-0.39552886622966793,0.7209866086054112,0.8298282420033422
A_own0,attenuated vs access,A_p_truth,base,A_p_truth,50,0.5475,-0.39552886622966793,0.7209866086054112,0.8298282420033422
A_own0,attenuated vs access,A_p_truth,base,A_p_truth,70,0.6475,-0.39552886622966793,0.7209866086054112,0.8298282420033422
A_own0,attenuated vs access,A_p_truth,base,A_p_truth,100,0.7875,-0.39552886622966793,0.7209866086054112,0.8298282420033422
A_own0,attenuated vs access,A_p_truth,base,A_p_truth,140,0.9375,-0.39552886622966793,0.7209866086054112,0.8298282420033422
A_own0,attenuated vs access,A_p_truth,base,A_p_truth,200,0.9775,-0.39552886622966793,0.7209866086054112,0.8298282420033422
A_own0,attenuated vs access,A_p_truth,base,A_p_truth,400,1.0,-0.39552886622966793,0.7209866086054112,0.8298282420033422
A_own0,attenuated vs access,A_hidden_shift,base,A_hidden_shift,8,0.045,-0.2857135362151175,0.053138068983672924,0.07735309533922116
A_own0,attenuated vs access,A_hidden_shift,base,A_hidden_shift,12,0.0475,-0.2857135362151175,0.053138068983672924,0.07735309533922116
A_own0,attenuated vs access,A_hidden_shift,base,A_hidden_shift,17,0.08,-0.2857135362151175,0.053138068983672924,0.07735309533922116
A_own0,attenuated vs access,A_hidden_shift,base,A_hidden_shift,25,0.1325,-0.2857135362151175,0.053138068983672924,0.07735309533922116
A_own0,attenuated vs access,A_hidden_shift,base,A_hidden_shift,35,0.165,-0.2857135362151175,0.053138068983672924,0.07735309533922116
A_own0,attenuated vs access,A_hidden_shift,base,A_hidden_shift,50,0.29,-0.2857135362151175,0.053138068983672924,0.07735309533922116
A_own0,attenuated vs access,A_hidden_shift,base,A_hidden_shift,70,0.405,-0.2857135362151175,0.053138068983672924,0.07735309533922116
A_own0,attenuated vs access,A_hidden_shift,base,A_hidden_shift,100,0.52,-0.2857135362151175,0.053138068983672924,0.07735309533922116
A_own0,attenuated vs access,A_hidden_shift,base,A_hidden_shift,140,0.655,-0.2857135362151175,0.053138068983672924,0.07735309533922116
A_own0,attenuated vs access,A_hidden_shift,base,A_hidden_shift,200,0.8375,-0.2857135362151175,0.053138068983672924,0.07735309533922116
A_own0,attenuated vs access,A_hidden_shift,base,A_hidden_shift,400,1.0,-0.2857135362151175,0.053138068983672924,0.07735309533922116
A_own0,attenuated vs access,concede_after_remove_c,remove_c,P_concede_A_late,8,0.1325,-0.6126406883440407,0.06093189964157706,0.2817204301075269
A_own0,attenuated vs access,concede_after_remove_c,remove_c,P_concede_A_late,12,0.2425,-0.6126406883440407,0.06093189964157706,0.2817204301075269
A_own0,attenuated vs access,concede_after_remove_c,remove_c,P_concede_A_late,17,0.4325,-0.6126406883440407,0.06093189964157706,0.2817204301075269
A_own0,attenuated vs access,concede_after_remove_c,remove_c,P_concede_A_late,25,0.6,-0.6126406883440407,0.06093189964157706,0.2817204301075269
A_own0,attenuated vs access,concede_after_remove_c,remove_c,P_concede_A_late,35,0.735,-0.6126406883440407,0.06093189964157706,0.2817204301075269
A_own0,attenuated vs access,concede_after_remove_c,remove_c,P_concede_A_late,50,0.8825,-0.6126406883440407,0.06093189964157706,0.2817204301075269
A_own0,attenuated vs access,concede_after_remove_c,remove_c,P_concede_A_late,70,0.9625,-0.6126406883440407,0.06093189964157706,0.2817204301075269
A_own0,attenuated vs access,concede_after_remove_c,remove_c,P_concede_A_late,100,0.995,-0.6126406883440407,0.06093189964157706,0.2817204301075269
A_own0,attenuated vs access,concede_after_remove_c,remove_c,P_concede_A_late,140,0.9975,-0.6126406883440407,0.06093189964157706,0.2817204301075269
A_own0,attenuated vs access,concede_after_remove_c,remove_c,P_concede_A_late,200,1.0,-0.6126406883440407,0.06093189964157706,0.2817204301075269
A_own0,attenuated vs access,concede_after_remove_c,remove_c,P_concede_A_late,400,1.0,-0.6126406883440407,0.06093189964157706,0.2817204301075269
A_own0,attenuated vs access,concede_after_reassure,reassure,P_concede_A_late,8,0.085,-0.6051403228512329,0.04874551971326165,0.25734767025089605
A_own0,attenuated vs access,concede_after_reassure,reassure,P_concede_A_late,12,0.22,-0.6051403228512329,0.04874551971326165,0.25734767025089605
A_own0,attenuated vs access,concede_after_reassure,reassure,P_concede_A_late,17,0.3975,-0.6051403228512329,0.04874551971326165,0.25734767025089605
A_own0,attenuated vs access,concede_after_reassure,reassure,P_concede_A_late,25,0.6125,-0.6051403228512329,0.04874551971326165,0.25734767025089605
A_own0,attenuated vs access,concede_after_reassure,reassure,P_concede_A_late,35,0.7425,-0.6051403228512329,0.04874551971326165,0.25734767025089605
A_own0,attenuated vs access,concede_after_reassure,reassure,P_concede_A_late,50,0.8725,-0.6051403228512329,0.04874551971326165,0.25734767025089605
A_own0,attenuated vs access,concede_after_reassure,reassure,P_concede_A_late,70,0.975,-0.6051403228512329,0.04874551971326165,0.25734767025089605
A_own0,attenuated vs access,concede_after_reassure,reassure,P_concede_A_late,100,0.9975,-0.6051403228512329,0.04874551971326165,0.25734767025089605
A_own0,attenuated vs access,concede_after_reassure,reassure,P_concede_A_late,140,1.0,-0.6051403228512329,0.04874551971326165,0.25734767025089605
A_own0,attenuated vs access,concede_after_reassure,reassure,P_concede_A_late,200,1.0,-0.6051403228512329,0.04874551971326165,0.25734767025089605
A_own0,attenuated vs access,concede_after_reassure,reassure,P_concede_A_late,400,1.0,-0.6051403228512329,0.04874551971326165,0.25734767025089605
A_own0,attenuated vs access,evidence_after_force_open_B,force_open_B,evidence_count_late,8,0.09,0.42278830919432375,1.3297491039426523,0.9354838709677419
A_own0,attenuated vs access,evidence_after_force_open_B,force_open_B,evidence_count_late,12,0.12,0.42278830919432375,1.3297491039426523,0.9354838709677419
A_own0,attenuated vs access,evidence_after_force_open_B,force_open_B,evidence_count_late,17,0.2025,0.42278830919432375,1.3297491039426523,0.9354838709677419
A_own0,attenuated vs access,evidence_after_force_open_B,force_open_B,evidence_count_late,25,0.2725,0.42278830919432375,1.3297491039426523,0.9354838709677419
A_own0,attenuated vs access,evidence_after_force_open_B,force_open_B,evidence_count_late,35,0.4075,0.42278830919432375,1.3297491039426523,0.9354838709677419
A_own0,attenuated vs access,evidence_after_force_open_B,force_open_B,evidence_count_late,50,0.505,0.42278830919432375,1.3297491039426523,0.9354838709677419
A_own0,attenuated vs access,evidence_after_force_open_B,force_open_B,evidence_count_late,70,0.705,0.42278830919432375,1.3297491039426523,0.9354838709677419
A_own0,attenuated vs access,evidence_after_force_open_B,force_open_B,evidence_count_late,100,0.8675,0.42278830919432375,1.3297491039426523,0.9354838709677419
A_own0,attenuated vs access,evidence_after_force_open_B,force_open_B,evidence_count_late,140,0.965,0.42278830919432375,1.3297491039426523,0.9354838709677419
A_own0,attenuated vs access,evidence_after_force_open_B,force_open_B,evidence_count_late,200,0.9875,0.42278830919432375,1.3297491039426523,0.9354838709677419
A_own0,attenuated vs access,evidence_after_force_open_B,force_open_B,evidence_count_late,400,1.0,0.42278830919432375,1.3297491039426523,0.9354838709677419
A_own0,attenuated vs access,p_truth_after_external_obs,external_obs,A_p_truth,8,0.27,-0.7981236518004569,0.7790479728462363,0.9497724183161085
A_own0,attenuated vs access,p_truth_after_external_obs,external_obs,A_p_truth,12,0.505,-0.7981236518004569,0.7790479728462363,0.9497724183161085
A_own0,attenuated vs access,p_truth_after_external_obs,external_obs,A_p_truth,17,0.6,-0.7981236518004569,0.7790479728462363,0.9497724183161085
A_own0,attenuated vs access,p_truth_after_external_obs,external_obs,A_p_truth,25,0.7925,-0.7981236518004569,0.7790479728462363,0.9497724183161085
A_own0,attenuated vs access,p_truth_after_external_obs,external_obs,A_p_truth,35,0.915,-0.7981236518004569,0.7790479728462363,0.9497724183161085
A_own0,attenuated vs access,p_truth_after_external_obs,external_obs,A_p_truth,50,0.97,-0.7981236518004569,0.7790479728462363,0.9497724183161085
A_own0,attenuated vs access,p_truth_after_external_obs,external_obs,A_p_truth,70,0.995,-0.7981236518004569,0.7790479728462363,0.9497724183161085
A_own0,attenuated vs access,p_truth_after_external_obs,external_obs,A_p_truth,100,1.0,-0.7981236518004569,0.7790479728462363,0.9497724183161085
A_own0,attenuated vs access,p_truth_after_external_obs,external_obs,A_p_truth,140,1.0,-0.7981236518004569,0.7790479728462363,0.9497724183161085
A_own0,attenuated vs access,p_truth_after_external_obs,external_obs,A_p_truth,200,1.0,-0.7981236518004569,0.7790479728462363,0.9497724183161085
A_own0,attenuated vs access,p_truth_after_external_obs,external_obs,A_p_truth,400,1.0,-0.7981236518004569,0.7790479728462363,0.9497724183161085
A_own0,attenuated vs access,B_pC_true,base,B_pC_true,8,0.0975,-0.5811276525837281,0.33145618751626094,0.46135185470963497
A_own0,attenuated vs access,B_pC_true,base,B_pC_true,12,0.235,-0.5811276525837281,0.33145618751626094,0.46135185470963497
A_own0,attenuated vs access,B_pC_true,base,B_pC_true,17,0.315,-0.5811276525837281,0.33145618751626094,0.46135185470963497
A_own0,attenuated vs access,B_pC_true,base,B_pC_true,25,0.53,-0.5811276525837281,0.33145618751626094,0.46135185470963497
A_own0,attenuated vs access,B_pC_true,base,B_pC_true,35,0.665,-0.5811276525837281,0.33145618751626094,0.46135185470963497
A_own0,attenuated vs access,B_pC_true,base,B_pC_true,50,0.8325,-0.5811276525837281,0.33145618751626094,0.46135185470963497
A_own0,attenuated vs access,B_pC_true,base,B_pC_true,70,0.9275,-0.5811276525837281,0.33145618751626094,0.46135185470963497
A_own0,attenuated vs access,B_pC_true,base,B_pC_true,100,0.9875,-0.5811276525837281,0.33145618751626094,0.46135185470963497
A_own0,attenuated vs access,B_pC_true,base,B_pC_true,140,0.9975,-0.5811276525837281,0.33145618751626094,0.46135185470963497
A_own0,attenuated vs access,B_pC_true,base,B_pC_true,200,1.0,-0.5811276525837281,0.33145618751626094,0.46135185470963497
A_own0,attenuated vs access,B_pC_true,base,B_pC_true,400,1.0,-0.5811276525837281,0.33145618751626094,0.46135185470963497
A_own0,attenuated vs access,B_pW_true,base,B_pW_true,8,0.715,1.3365186371208502,0.5880979108081883,0.26142652323043347
A_own0,attenuated vs access,B_pW_true,base,B_pW_true,12,0.9225,1.3365186371208502,0.5880979108081883,0.26142652323043347
A_own0,attenuated vs access,B_pW_true,base,B_pW_true,17,0.975,1.3365186371208502,0.5880979108081883,0.26142652323043347
A_own0,attenuated vs access,B_pW_true,base,B_pW_true,25,1.0,1.3365186371208502,0.5880979108081883,0.26142652323043347
A_own0,attenuated vs access,B_pW_true,base,B_pW_true,35,1.0,1.3365186371208502,0.5880979108081883,0.26142652323043347
A_own0,attenuated vs access,B_pW_true,base,B_pW_true,50,1.0,1.3365186371208502,0.5880979108081883,0.26142652323043347
A_own0,attenuated vs access,B_pW_true,base,B_pW_true,70,1.0,1.3365186371208502,0.5880979108081883,0.26142652323043347
A_own0,attenuated vs access,B_pW_true,base,B_pW_true,100,1.0,1.3365186371208502,0.5880979108081883,0.26142652323043347
A_own0,attenuated vs access,B_pW_true,base,B_pW_true,140,1.0,1.3365186371208502,0.5880979108081883,0.26142652323043347
A_own0,attenuated vs access,B_pW_true,base,B_pW_true,200,1.0,1.3365186371208502,0.5880979108081883,0.26142652323043347
A_own0,attenuated vs access,B_pW_true,base,B_pW_true,400,1.0,1.3365186371208502,0.5880979108081883,0.26142652323043347
A_own0,attenuated vs access,B_pC_high,base,B_pC_high,8,0.15,0.6458635082111286,0.31975483086913065,0.2337381630006265
A_own0,attenuated vs access,B_pC_high,base,B_pC_high,12,0.2625,0.6458635082111286,0.31975483086913065,0.2337381630006265
A_own0,attenuated vs access,B_pC_high,base,B_pC_high,17,0.465,0.6458635082111286,0.31975483086913065,0.2337381630006265
A_own0,attenuated vs access,B_pC_high,base,B_pC_high,25,0.615,0.6458635082111286,0.31975483086913065,0.2337381630006265
A_own0,attenuated vs access,B_pC_high,base,B_pC_high,35,0.7575,0.6458635082111286,0.31975483086913065,0.2337381630006265
A_own0,attenuated vs access,B_pC_high,base,B_pC_high,50,0.92,0.6458635082111286,0.31975483086913065,0.2337381630006265
A_own0,attenuated vs access,B_pC_high,base,B_pC_high,70,0.9775,0.6458635082111286,0.31975483086913065,0.2337381630006265
A_own0,attenuated vs access,B_pC_high,base,B_pC_high,100,0.9975,0.6458635082111286,0.31975483086913065,0.2337381630006265
A_own0,attenuated vs access,B_pC_high,base,B_pC_high,140,1.0,0.6458635082111286,0.31975483086913065,0.2337381630006265
A_own0,attenuated vs access,B_pC_high,base,B_pC_high,200,1.0,0.6458635082111286,0.31975483086913065,0.2337381630006265
A_own0,attenuated vs access,B_pC_high,base,B_pC_high,400,1.0,0.6458635082111286,0.31975483086913065,0.2337381630006265
A_own0,attenuated vs access,B_pW_low,base,B_pW_low,8,0.1825,0.5192012885706075,0.5880979108081883,0.4352741669818588
A_own0,attenuated vs access,B_pW_low,base,B_pW_low,12,0.2275,0.5192012885706075,0.5880979108081883,0.4352741669818588
A_own0,attenuated vs access,B_pW_low,base,B_pW_low,17,0.3775,0.5192012885706075,0.5880979108081883,0.4352741669818588
A_own0,attenuated vs access,B_pW_low,base,B_pW_low,25,0.4075,0.5192012885706075,0.5880979108081883,0.4352741669818588
A_own0,attenuated vs access,B_pW_low,base,B_pW_low,35,0.5625,0.5192012885706075,0.5880979108081883,0.4352741669818588
A_own0,attenuated vs access,B_pW_low,base,B_pW_low,50,0.7425,0.5192012885706075,0.5880979108081883,0.4352741669818588
A_own0,attenuated vs access,B_pW_low,base,B_pW_low,70,0.8725,0.5192012885706075,0.5880979108081883,0.4352741669818588
A_own0,attenuated vs access,B_pW_low,base,B_pW_low,100,0.9625,0.5192012885706075,0.5880979108081883,0.4352741669818588
A_own0,attenuated vs access,B_pW_low,base,B_pW_low,140,0.9925,0.5192012885706075,0.5880979108081883,0.4352741669818588
A_own0,attenuated vs access,B_pW_low,base,B_pW_low,200,1.0,0.5192012885706075,0.5880979108081883,0.4352741669818588
A_own0,attenuated vs access,B_pW_low,base,B_pW_low,400,1.0,0.5192012885706075,0.5880979108081883,0.4352741669818588
A_own0,costly vs access,nonc_A,base,nonc_A,8,0.0725,0.7765694292993219,0.9980286738351255,0.8043010752688172
A_own0,costly vs access,nonc_A,base,nonc_A,12,0.265,0.7765694292993219,0.9980286738351255,0.8043010752688172
A_own0,costly vs access,nonc_A,base,nonc_A,17,0.5925,0.7765694292993219,0.9980286738351255,0.8043010752688172
A_own0,costly vs access,nonc_A,base,nonc_A,25,0.865,0.7765694292993219,0.9980286738351255,0.8043010752688172
A_own0,costly vs access,nonc_A,base,nonc_A,35,0.9675,0.7765694292993219,0.9980286738351255,0.8043010752688172
A_own0,costly vs access,nonc_A,base,nonc_A,50,1.0,0.7765694292993219,0.9980286738351255,0.8043010752688172
A_own0,costly vs access,nonc_A,base,nonc_A,70,1.0,0.7765694292993219,0.9980286738351255,0.8043010752688172
A_own0,costly vs access,nonc_A,base,nonc_A,100,1.0,0.7765694292993219,0.9980286738351255,0.8043010752688172
A_own0,costly vs access,nonc_A,base,nonc_A,140,1.0,0.7765694292993219,0.9980286738351255,0.8043010752688172
A_own0,costly vs access,nonc_A,base,nonc_A,200,1.0,0.7765694292993219,0.9980286738351255,0.8043010752688172
A_own0,costly vs access,nonc_A,base,nonc_A,400,1.0,0.7765694292993219,0.9980286738351255,0.8043010752688172
A_own0,costly vs access,restrict_A,base,restrict_A,8,0.715,-1.353386225785921,0.3223416965352449,0.5171445639187575
A_own0,costly vs access,restrict_A,base,restrict_A,12,0.8725,-1.353386225785921,0.3223416965352449,0.5171445639187575
A_own0,costly vs access,restrict_A,base,restrict_A,17,0.96,-1.353386225785921,0.3223416965352449,0.5171445639187575
A_own0,costly vs access,restrict_A,base,restrict_A,25,1.0,-1.353386225785921,0.3223416965352449,0.5171445639187575
A_own0,costly vs access,restrict_A,base,restrict_A,35,1.0,-1.353386225785921,0.3223416965352449,0.5171445639187575
A_own0,costly vs access,restrict_A,base,restrict_A,50,1.0,-1.353386225785921,0.3223416965352449,0.5171445639187575
A_own0,costly vs access,restrict_A,base,restrict_A,70,1.0,-1.353386225785921,0.3223416965352449,0.5171445639187575
A_own0,costly vs access,restrict_A,base,restrict_A,100,1.0,-1.353386225785921,0.3223416965352449,0.5171445639187575
A_own0,costly vs access,restrict_A,base,restrict_A,140,1.0,-1.353386225785921,0.3223416965352449,0.5171445639187575
A_own0,costly vs access,restrict_A,base,restrict_A,200,1.0,-1.353386225785921,0.3223416965352449,0.5171445639187575
A_own0,costly vs access,restrict_A,base,restrict_A,400,1.0,-1.353386225785921,0.3223416965352449,0.5171445639187575
A_own0,costly vs access,evidence_count,base,evidence_count,8,0.12,0.47861010033077145,2.717562724014337,2.0702508960573476
A_own0,costly vs access,evidence_count,base,evidence_count,12,0.2,0.47861010033077145,2.717562724014337,2.0702508960573476
A_own0,costly vs access,evidence_count,base,evidence_count,17,0.2875,0.47861010033077145,2.717562724014337,2.0702508960573476
A_own0,costly vs access,evidence_count,base,evidence_count,25,0.3975,0.47861010033077145,2.717562724014337,2.0702508960573476
A_own0,costly vs access,evidence_count,base,evidence_count,35,0.5075,0.47861010033077145,2.717562724014337,2.0702508960573476
A_own0,costly vs access,evidence_count,base,evidence_count,50,0.6625,0.47861010033077145,2.717562724014337,2.0702508960573476
A_own0,costly vs access,evidence_count,base,evidence_count,70,0.7875,0.47861010033077145,2.717562724014337,2.0702508960573476
A_own0,costly vs access,evidence_count,base,evidence_count,100,0.9275,0.47861010033077145,2.717562724014337,2.0702508960573476
A_own0,costly vs access,evidence_count,base,evidence_count,140,0.9875,0.47861010033077145,2.717562724014337,2.0702508960573476
A_own0,costly vs access,evidence_count,base,evidence_count,200,0.9975,0.47861010033077145,2.717562724014337,2.0702508960573476
A_own0,costly vs access,evidence_count,base,evidence_count,400,1.0,0.47861010033077145,2.717562724014337,2.0702508960573476
A_own0,costly vs access,A_dbelief,base,A_dbelief,8,0.0375,0.11906504652553493,0.24052312109132176,0.2117812264610222
A_own0,costly vs access,A_dbelief,base,A_dbelief,12,0.06,0.11906504652553493,0.24052312109132176,0.2117812264610222
A_own0,costly vs access,A_dbelief,base,A_dbelief,17,0.06,0.11906504652553493,0.24052312109132176,0.2117812264610222
A_own0,costly vs access,A_dbelief,base,A_dbelief,25,0.0425,0.11906504652553493,0.24052312109132176,0.2117812264610222
A_own0,costly vs access,A_dbelief,base,A_dbelief,35,0.055,0.11906504652553493,0.24052312109132176,0.2117812264610222
A_own0,costly vs access,A_dbelief,base,A_dbelief,50,0.0825,0.11906504652553493,0.24052312109132176,0.2117812264610222
A_own0,costly vs access,A_dbelief,base,A_dbelief,70,0.1075,0.11906504652553493,0.24052312109132176,0.2117812264610222
A_own0,costly vs access,A_dbelief,base,A_dbelief,100,0.145,0.11906504652553493,0.24052312109132176,0.2117812264610222
A_own0,costly vs access,A_dbelief,base,A_dbelief,140,0.175,0.11906504652553493,0.24052312109132176,0.2117812264610222
A_own0,costly vs access,A_dbelief,base,A_dbelief,200,0.2175,0.11906504652553493,0.24052312109132176,0.2117812264610222
A_own0,costly vs access,A_dbelief,base,A_dbelief,400,0.2975,0.11906504652553493,0.24052312109132176,0.2117812264610222
A_own0,costly vs access,A_p_truth,base,A_p_truth,8,0.035,0.14962760943211292,0.8658694673694113,0.8298282420033422
A_own0,costly vs access,A_p_truth,base,A_p_truth,12,0.065,0.14962760943211292,0.8658694673694113,0.8298282420033422
A_own0,costly vs access,A_p_truth,base,A_p_truth,17,0.0975,0.14962760943211292,0.8658694673694113,0.8298282420033422
A_own0,costly vs access,A_p_truth,base,A_p_truth,25,0.08,0.14962760943211292,0.8658694673694113,0.8298282420033422
A_own0,costly vs access,A_p_truth,base,A_p_truth,35,0.08,0.14962760943211292,0.8658694673694113,0.8298282420033422
A_own0,costly vs access,A_p_truth,base,A_p_truth,50,0.0925,0.14962760943211292,0.8658694673694113,0.8298282420033422
A_own0,costly vs access,A_p_truth,base,A_p_truth,70,0.12,0.14962760943211292,0.8658694673694113,0.8298282420033422
A_own0,costly vs access,A_p_truth,base,A_p_truth,100,0.2,0.14962760943211292,0.8658694673694113,0.8298282420033422
A_own0,costly vs access,A_p_truth,base,A_p_truth,140,0.2325,0.14962760943211292,0.8658694673694113,0.8298282420033422
A_own0,costly vs access,A_p_truth,base,A_p_truth,200,0.335,0.14962760943211292,0.8658694673694113,0.8298282420033422
A_own0,costly vs access,A_p_truth,base,A_p_truth,400,0.605,0.14962760943211292,0.8658694673694113,0.8298282420033422
A_own0,costly vs access,A_hidden_shift,base,A_hidden_shift,8,0.2,0.7944525803961433,0.2312833180841855,0.07735309533922116
A_own0,costly vs access,A_hidden_shift,base,A_hidden_shift,12,0.38,0.7944525803961433,0.2312833180841855,0.07735309533922116
A_own0,costly vs access,A_hidden_shift,base,A_hidden_shift,17,0.6575,0.7944525803961433,0.2312833180841855,0.07735309533922116
A_own0,costly vs access,A_hidden_shift,base,A_hidden_shift,25,0.8475,0.7944525803961433,0.2312833180841855,0.07735309533922116
A_own0,costly vs access,A_hidden_shift,base,A_hidden_shift,35,0.9275,0.7944525803961433,0.2312833180841855,0.07735309533922116
A_own0,costly vs access,A_hidden_shift,base,A_hidden_shift,50,0.99,0.7944525803961433,0.2312833180841855,0.07735309533922116
A_own0,costly vs access,A_hidden_shift,base,A_hidden_shift,70,1.0,0.7944525803961433,0.2312833180841855,0.07735309533922116
A_own0,costly vs access,A_hidden_shift,base,A_hidden_shift,100,1.0,0.7944525803961433,0.2312833180841855,0.07735309533922116
A_own0,costly vs access,A_hidden_shift,base,A_hidden_shift,140,1.0,0.7944525803961433,0.2312833180841855,0.07735309533922116
A_own0,costly vs access,A_hidden_shift,base,A_hidden_shift,200,1.0,0.7944525803961433,0.2312833180841855,0.07735309533922116
A_own0,costly vs access,A_hidden_shift,base,A_hidden_shift,400,1.0,0.7944525803961433,0.2312833180841855,0.07735309533922116
A_own0,costly vs access,concede_after_remove_c,remove_c,P_concede_A_late,8,0.045,0.007949742790749394,0.2853046594982079,0.2817204301075269
A_own0,costly vs access,concede_after_remove_c,remove_c,P_concede_A_late,12,0.05,0.007949742790749394,0.2853046594982079,0.2817204301075269
A_own0,costly vs access,concede_after_remove_c,remove_c,P_concede_A_late,17,0.055,0.007949742790749394,0.2853046594982079,0.2817204301075269
A_own0,costly vs access,concede_after_remove_c,remove_c,P_concede_A_late,25,0.0625,0.007949742790749394,0.2853046594982079,0.2817204301075269
A_own0,costly vs access,concede_after_remove_c,remove_c,P_concede_A_late,35,0.065,0.007949742790749394,0.2853046594982079,0.2817204301075269
A_own0,costly vs access,concede_after_remove_c,remove_c,P_concede_A_late,50,0.0475,0.007949742790749394,0.2853046594982079,0.2817204301075269
A_own0,costly vs access,concede_after_remove_c,remove_c,P_concede_A_late,70,0.0475,0.007949742790749394,0.2853046594982079,0.2817204301075269
A_own0,costly vs access,concede_after_remove_c,remove_c,P_concede_A_late,100,0.035,0.007949742790749394,0.2853046594982079,0.2817204301075269
A_own0,costly vs access,concede_after_remove_c,remove_c,P_concede_A_late,140,0.0425,0.007949742790749394,0.2853046594982079,0.2817204301075269
A_own0,costly vs access,concede_after_remove_c,remove_c,P_concede_A_late,200,0.03,0.007949742790749394,0.2853046594982079,0.2817204301075269
A_own0,costly vs access,concede_after_remove_c,remove_c,P_concede_A_late,400,0.0275,0.007949742790749394,0.2853046594982079,0.2817204301075269
A_own0,costly vs access,concede_after_reassure,reassure,P_concede_A_late,8,0.0425,-0.2416018764586203,0.15985663082437276,0.25734767025089605
A_own0,costly vs access,concede_after_reassure,reassure,P_concede_A_late,12,0.0775,-0.2416018764586203,0.15985663082437276,0.25734767025089605
A_own0,costly vs access,concede_after_reassure,reassure,P_concede_A_late,17,0.1025,-0.2416018764586203,0.15985663082437276,0.25734767025089605
A_own0,costly vs access,concede_after_reassure,reassure,P_concede_A_late,25,0.1175,-0.2416018764586203,0.15985663082437276,0.25734767025089605
A_own0,costly vs access,concede_after_reassure,reassure,P_concede_A_late,35,0.1475,-0.2416018764586203,0.15985663082437276,0.25734767025089605
A_own0,costly vs access,concede_after_reassure,reassure,P_concede_A_late,50,0.2525,-0.2416018764586203,0.15985663082437276,0.25734767025089605
A_own0,costly vs access,concede_after_reassure,reassure,P_concede_A_late,70,0.29,-0.2416018764586203,0.15985663082437276,0.25734767025089605
A_own0,costly vs access,concede_after_reassure,reassure,P_concede_A_late,100,0.38,-0.2416018764586203,0.15985663082437276,0.25734767025089605
A_own0,costly vs access,concede_after_reassure,reassure,P_concede_A_late,140,0.505,-0.2416018764586203,0.15985663082437276,0.25734767025089605
A_own0,costly vs access,concede_after_reassure,reassure,P_concede_A_late,200,0.6775,-0.2416018764586203,0.15985663082437276,0.25734767025089605
A_own0,costly vs access,concede_after_reassure,reassure,P_concede_A_late,400,0.95,-0.2416018764586203,0.15985663082437276,0.25734767025089605
A_own0,costly vs access,evidence_after_force_open_B,force_open_B,evidence_count_late,8,0.1475,0.527483813063233,1.4401433691756271,0.9354838709677419
A_own0,costly vs access,evidence_after_force_open_B,force_open_B,evidence_count_late,12,0.195,0.527483813063233,1.4401433691756271,0.9354838709677419
A_own0,costly vs access,evidence_after_force_open_B,force_open_B,evidence_count_late,17,0.3325,0.527483813063233,1.4401433691756271,0.9354838709677419
A_own0,costly vs access,evidence_after_force_open_B,force_open_B,evidence_count_late,25,0.495,0.527483813063233,1.4401433691756271,0.9354838709677419
A_own0,costly vs access,evidence_after_force_open_B,force_open_B,evidence_count_late,35,0.5525,0.527483813063233,1.4401433691756271,0.9354838709677419
A_own0,costly vs access,evidence_after_force_open_B,force_open_B,evidence_count_late,50,0.73,0.527483813063233,1.4401433691756271,0.9354838709677419
A_own0,costly vs access,evidence_after_force_open_B,force_open_B,evidence_count_late,70,0.855,0.527483813063233,1.4401433691756271,0.9354838709677419
A_own0,costly vs access,evidence_after_force_open_B,force_open_B,evidence_count_late,100,0.9525,0.527483813063233,1.4401433691756271,0.9354838709677419
A_own0,costly vs access,evidence_after_force_open_B,force_open_B,evidence_count_late,140,0.995,0.527483813063233,1.4401433691756271,0.9354838709677419
A_own0,costly vs access,evidence_after_force_open_B,force_open_B,evidence_count_late,200,1.0,0.527483813063233,1.4401433691756271,0.9354838709677419
A_own0,costly vs access,evidence_after_force_open_B,force_open_B,evidence_count_late,400,1.0,0.527483813063233,1.4401433691756271,0.9354838709677419
A_own0,costly vs access,p_truth_after_external_obs,external_obs,A_p_truth,8,0.0075,0.05551320217806349,0.9580173423361099,0.9497724183161085
A_own0,costly vs access,p_truth_after_external_obs,external_obs,A_p_truth,12,0.015,0.05551320217806349,0.9580173423361099,0.9497724183161085
A_own0,costly vs access,p_truth_after_external_obs,external_obs,A_p_truth,17,0.005,0.05551320217806349,0.9580173423361099,0.9497724183161085
A_own0,costly vs access,p_truth_after_external_obs,external_obs,A_p_truth,25,0.02,0.05551320217806349,0.9580173423361099,0.9497724183161085
A_own0,costly vs access,p_truth_after_external_obs,external_obs,A_p_truth,35,0.035,0.05551320217806349,0.9580173423361099,0.9497724183161085
A_own0,costly vs access,p_truth_after_external_obs,external_obs,A_p_truth,50,0.0475,0.05551320217806349,0.9580173423361099,0.9497724183161085
A_own0,costly vs access,p_truth_after_external_obs,external_obs,A_p_truth,70,0.07,0.05551320217806349,0.9580173423361099,0.9497724183161085
A_own0,costly vs access,p_truth_after_external_obs,external_obs,A_p_truth,100,0.08,0.05551320217806349,0.9580173423361099,0.9497724183161085
A_own0,costly vs access,p_truth_after_external_obs,external_obs,A_p_truth,140,0.0625,0.05551320217806349,0.9580173423361099,0.9497724183161085
A_own0,costly vs access,p_truth_after_external_obs,external_obs,A_p_truth,200,0.065,0.05551320217806349,0.9580173423361099,0.9497724183161085
A_own0,costly vs access,p_truth_after_external_obs,external_obs,A_p_truth,400,0.0775,0.05551320217806349,0.9580173423361099,0.9497724183161085
A_own0,costly vs access,B_pC_true,base,B_pC_true,8,0.0325,-0.03822261259523408,0.4519600078388681,0.46135185470963497
A_own0,costly vs access,B_pC_true,base,B_pC_true,12,0.0425,-0.03822261259523408,0.4519600078388681,0.46135185470963497
A_own0,costly vs access,B_pC_true,base,B_pC_true,17,0.045,-0.03822261259523408,0.4519600078388681,0.46135185470963497
A_own0,costly vs access,B_pC_true,base,B_pC_true,25,0.035,-0.03822261259523408,0.4519600078388681,0.46135185470963497
A_own0,costly vs access,B_pC_true,base,B_pC_true,35,0.065,-0.03822261259523408,0.4519600078388681,0.46135185470963497
A_own0,costly vs access,B_pC_true,base,B_pC_true,50,0.04,-0.03822261259523408,0.4519600078388681,0.46135185470963497
A_own0,costly vs access,B_pC_true,base,B_pC_true,70,0.0675,-0.03822261259523408,0.4519600078388681,0.46135185470963497
A_own0,costly vs access,B_pC_true,base,B_pC_true,100,0.045,-0.03822261259523408,0.4519600078388681,0.46135185470963497
A_own0,costly vs access,B_pC_true,base,B_pC_true,140,0.035,-0.03822261259523408,0.4519600078388681,0.46135185470963497
A_own0,costly vs access,B_pC_true,base,B_pC_true,200,0.0525,-0.03822261259523408,0.4519600078388681,0.46135185470963497
A_own0,costly vs access,B_pC_true,base,B_pC_true,400,0.0625,-0.03822261259523408,0.4519600078388681,0.46135185470963497
A_own0,costly vs access,B_pW_true,base,B_pW_true,8,0.0375,-0.10200118623328701,0.24454398373110206,0.26142652323043347
A_own0,costly vs access,B_pW_true,base,B_pW_true,12,0.0525,-0.10200118623328701,0.24454398373110206,0.26142652323043347
A_own0,costly vs access,B_pW_true,base,B_pW_true,17,0.0475,-0.10200118623328701,0.24454398373110206,0.26142652323043347
A_own0,costly vs access,B_pW_true,base,B_pW_true,25,0.05,-0.10200118623328701,0.24454398373110206,0.26142652323043347
A_own0,costly vs access,B_pW_true,base,B_pW_true,35,0.07,-0.10200118623328701,0.24454398373110206,0.26142652323043347
A_own0,costly vs access,B_pW_true,base,B_pW_true,50,0.07,-0.10200118623328701,0.24454398373110206,0.26142652323043347
A_own0,costly vs access,B_pW_true,base,B_pW_true,70,0.0775,-0.10200118623328701,0.24454398373110206,0.26142652323043347
A_own0,costly vs access,B_pW_true,base,B_pW_true,100,0.095,-0.10200118623328701,0.24454398373110206,0.26142652323043347
A_own0,costly vs access,B_pW_true,base,B_pW_true,140,0.1275,-0.10200118623328701,0.24454398373110206,0.26142652323043347
A_own0,costly vs access,B_pW_true,base,B_pW_true,200,0.16,-0.10200118623328701,0.24454398373110206,0.26142652323043347
A_own0,costly vs access,B_pW_true,base,B_pW_true,400,0.285,-0.10200118623328701,0.24454398373110206,0.26142652323043347
A_own0,costly vs access,B_pC_high,base,B_pC_high,8,0.57,1.1857552114435654,0.4519600078388681,0.2337381630006265
A_own0,costly vs access,B_pC_high,base,B_pC_high,12,0.8475,1.1857552114435654,0.4519600078388681,0.2337381630006265
A_own0,costly vs access,B_pC_high,base,B_pC_high,17,0.9775,1.1857552114435654,0.4519600078388681,0.2337381630006265
A_own0,costly vs access,B_pC_high,base,B_pC_high,25,1.0,1.1857552114435654,0.4519600078388681,0.2337381630006265
A_own0,costly vs access,B_pC_high,base,B_pC_high,35,1.0,1.1857552114435654,0.4519600078388681,0.2337381630006265
A_own0,costly vs access,B_pC_high,base,B_pC_high,50,1.0,1.1857552114435654,0.4519600078388681,0.2337381630006265
A_own0,costly vs access,B_pC_high,base,B_pC_high,70,1.0,1.1857552114435654,0.4519600078388681,0.2337381630006265
A_own0,costly vs access,B_pC_high,base,B_pC_high,100,1.0,1.1857552114435654,0.4519600078388681,0.2337381630006265
A_own0,costly vs access,B_pC_high,base,B_pC_high,140,1.0,1.1857552114435654,0.4519600078388681,0.2337381630006265
A_own0,costly vs access,B_pC_high,base,B_pC_high,200,1.0,1.1857552114435654,0.4519600078388681,0.2337381630006265
A_own0,costly vs access,B_pC_high,base,B_pC_high,400,1.0,1.1857552114435654,0.4519600078388681,0.2337381630006265
A_own0,costly vs access,B_pW_low,base,B_pW_low,8,0.06,0.11640609956774038,0.4678243323682938,0.4352741669818588
A_own0,costly vs access,B_pW_low,base,B_pW_low,12,0.0625,0.11640609956774038,0.4678243323682938,0.4352741669818588
A_own0,costly vs access,B_pW_low,base,B_pW_low,17,0.075,0.11640609956774038,0.4678243323682938,0.4352741669818588
A_own0,costly vs access,B_pW_low,base,B_pW_low,25,0.0525,0.11640609956774038,0.4678243323682938,0.4352741669818588
A_own0,costly vs access,B_pW_low,base,B_pW_low,35,0.065,0.11640609956774038,0.4678243323682938,0.4352741669818588
A_own0,costly vs access,B_pW_low,base,B_pW_low,50,0.1025,0.11640609956774038,0.4678243323682938,0.4352741669818588
A_own0,costly vs access,B_pW_low,base,B_pW_low,70,0.1025,0.11640609956774038,0.4678243323682938,0.4352741669818588
A_own0,costly vs access,B_pW_low,base,B_pW_low,100,0.105,0.11640609956774038,0.4678243323682938,0.4352741669818588
A_own0,costly vs access,B_pW_low,base,B_pW_low,140,0.1575,0.11640609956774038,0.4678243323682938,0.4352741669818588
A_own0,costly vs access,B_pW_low,base,B_pW_low,200,0.1775,0.11640609956774038,0.4678243323682938,0.4352741669818588
A_own0,costly vs access,B_pW_low,base,B_pW_low,400,0.3525,0.11640609956774038,0.4678243323682938,0.4352741669818588
