run,A_type,B_type,beta,split,metric,round,value
E1_honestxhonest_beta0.0,honest,honest,0.0,all,A_p_truth_t,0,0.7861258782201477
E1_honestxhonest_beta0.0,honest,honest,0.0,all,A_p_truth_t,1,0.8639954815214551
E1_honestxhonest_beta0.0,honest,honest,0.0,all,A_p_truth_t,2,0.8721708362229569
E1_honestxhonest_beta0.0,honest,honest,0.0,all,A_p_truth_t,3,0.8732798831679736
E1_honestxhonest_beta0.0,honest,honest,0.0,all,A_p_truth_t,4,0.8740946154324141
E1_honestxhonest_beta0.0,honest,honest,0.0,all,A_p_truth_t,5,0.8748096032811505
E1_honestxhonest_beta0.0,honest,honest,0.0,all,A_p_truth_t,6,0.8751232808117145
E1_honestxhonest_beta0.0,honest,honest,0.0,all,A_p_truth_t,7,0.875590969674488
E1_honestxhonest_beta0.0,honest,honest,0.0,all,A_p_truth_t,8,0.875916435610819
E1_honestxhonest_beta0.0,honest,honest,0.0,all,A_p_truth_t,9,0.8761423117782156
E1_honestxhonest_beta0.0,honest,honest,0.0,all,A_p_truth_t,10,0.8769622173723304
E1_honestxhonest_beta0.0,honest,honest,0.0,all,A_p_truth_t,11,0.8772395259846502
E1_honestxhonest_beta0.0,honest,honest,0.0,all,A_p_truth_t,12,0.8770672331314452
E1_honestxhonest_beta0.0,honest,honest,0.0,all,B_p_truth_t,0,0.7856867681498896
E1_honestxhonest_beta0.0,honest,honest,0.0,all,B_p_truth_t,1,0.8559841067180441
E1_honestxhonest_beta0.0,honest,honest,0.0,all,B_p_truth_t,2,0.8651765680395406
E1_honestxhonest_beta0.0,honest,honest,0.0,all,B_p_truth_t,3,0.8684031096421934
E1_honestxhonest_beta0.0,honest,honest,0.0,all,B_p_truth_t,4,0.8692325090380162
E1_honestxhonest_beta0.0,honest,honest,0.0,all,B_p_truth_t,5,0.8697781802072134
E1_honestxhonest_beta0.0,honest,honest,0.0,all,B_p_truth_t,6,0.8705952781978423
E1_honestxhonest_beta0.0,honest,honest,0.0,all,B_p_truth_t,7,0.8711729755638224
E1_honestxhonest_beta0.0,honest,honest,0.0,all,B_p_truth_t,8,0.8714860349291184
E1_honestxhonest_beta0.0,honest,honest,0.0,all,B_p_truth_t,9,0.872049718042
E1_honestxhonest_beta0.0,honest,honest,0.0,all,B_p_truth_t,10,0.872775306173354
E1_honestxhonest_beta0.0,honest,honest,0.0,all,B_p_truth_t,11,0.8733063360433355
E1_honestxhonest_beta0.0,honest,honest,0.0,all,B_p_truth_t,12,0.873407374643101
E1_honestxhonest_beta0.0,honest,honest,0.0,all,nonc_mutual_t,1,0.2445
E1_honestxhonest_beta0.0,honest,honest,0.0,all,nonc_mutual_t,2,0.172
E1_honestxhonest_beta0.0,honest,honest,0.0,all,nonc_mutual_t,3,0.153
E1_honestxhonest_beta0.0,honest,honest,0.0,all,nonc_mutual_t,4,0.15
E1_honestxhonest_beta0.0,honest,honest,0.0,all,nonc_mutual_t,5,0.148
E1_honestxhonest_beta0.0,honest,honest,0.0,all,nonc_mutual_t,6,0.149
E1_honestxhonest_beta0.0,honest,honest,0.0,all,nonc_mutual_t,7,0.145
E1_honestxhonest_beta0.0,honest,honest,0.0,all,nonc_mutual_t,8,0.146
E1_honestxhonest_beta0.0,honest,honest,0.0,all,nonc_mutual_t,9,0.1445
E1_honestxhonest_beta0.0,honest,honest,0.0,all,nonc_mutual_t,10,0.122
E1_honestxhonest_beta0.0,honest,honest,0.0,all,nonc_mutual_t,11,0.135
E1_honestxhonest_beta0.0,honest,honest,0.0,all,nonc_mutual_t,12,0.1295
E1_honestxhonest_beta0.0,honest,honest,0.0,all,A_concede_t,1,0.3695
E1_honestxhonest_beta0.0,honest,honest,0.0,all,A_concede_t,2,0.425
E1_honestxhonest_beta0.0,honest,honest,0.0,all,A_concede_t,3,0.4385
E1_honestxhonest_beta0.0,honest,honest,0.0,all,A_concede_t,4,0.4395
E1_honestxhonest_beta0.0,honest,honest,0.0,all,A_concede_t,5,0.4405
E1_honestxhonest_beta0.0,honest,honest,0.0,all,A_concede_t,6,0.4405
E1_honestxhonest_beta0.0,honest,honest,0.0,all,A_concede_t,7,0.438
E1_honestxhonest_beta0.0,honest,honest,0.0,all,A_concede_t,8,0.4435
E1_honestxhonest_beta0.0,honest,honest,0.0,all,A_concede_t,9,0.451
E1_honestxhonest_beta0.0,honest,honest,0.0,all,A_concede_t,10,0.4575
E1_honestxhonest_beta0.0,honest,honest,0.0,all,A_concede_t,11,0.4505
E1_honestxhonest_beta0.0,honest,honest,0.0,all,A_concede_t,12,0.4485
E1_honestxhonest_beta0.0,honest,honest,0.0,all,B_concede_t,1,0.3905
E1_honestxhonest_beta0.0,honest,honest,0.0,all,B_concede_t,2,0.4035
E1_honestxhonest_beta0.0,honest,honest,0.0,all,B_concede_t,3,0.409
E1_honestxhonest_beta0.0,honest,honest,0.0,all,B_concede_t,4,0.4105
E1_honestxhonest_beta0.0,honest,honest,0.0,all,B_concede_t,5,0.412
E1_honestxhonest_beta0.0,honest,honest,0.0,all,B_concede_t,6,0.4105
E1_honestxhonest_beta0.0,honest,honest,0.0,all,B_concede_t,7,0.417
E1_honestxhonest_beta0.0,honest,honest,0.0,all,B_concede_t,8,0.411
E1_honestxhonest_beta0.0,honest,honest,0.0,all,B_concede_t,9,0.4045
E1_honestxhonest_beta0.0,honest,honest,0.0,all,B_concede_t,10,0.4205
E1_honestxhonest_beta0.0,honest,honest,0.0,all,B_concede_t,11,0.4145
E1_honestxhonest_beta0.0,honest,honest,0.0,all,B_concede_t,12,0.422
E1_honestxhonest_beta0.0,honest,honest,0.0,all,U_t,0,1.0
E1_honestxhonest_beta0.0,honest,honest,0.0,all,U_t,1,0.249
E1_honestxhonest_beta0.0,honest,honest,0.0,all,U_t,2,0.1395
E1_honestxhonest_beta0.0,honest,honest,0.0,all,U_t,3,0.098
E1_honestxhonest_beta0.0,honest,honest,0.0,all,U_t,4,0.0775
E1_honestxhonest_beta0.0,honest,honest,0.0,all,U_t,5,0.068
E1_honestxhonest_beta0.0,honest,honest,0.0,all,U_t,6,0.0705
E1_honestxhonest_beta0.0,honest,honest,0.0,all,U_t,7,0.066
E1_honestxhonest_beta0.0,honest,honest,0.0,all,U_t,8,0.064
E1_honestxhonest_beta0.0,honest,honest,0.0,all,U_t,9,0.0685
E1_honestxhonest_beta0.0,honest,honest,0.0,all,U_t,10,0.058
E1_honestxhonest_beta0.0,honest,honest,0.0,all,U_t,11,0.059
E1_honestxhonest_beta0.0,honest,honest,0.0,all,U_t,12,0.0605
E1_honestxhonest_beta0.0,honest,honest,0.0,both_own,A_p_truth_t,0,0.5785119207586285
E1_honestxhonest_beta0.0,honest,honest,0.0,both_own,A_p_truth_t,1,0.6797342284774432
E1_honestxhonest_beta0.0,honest,honest,0.0,both_own,A_p_truth_t,2,0.6934102914624047
E1_honestxhonest_beta0.0,honest,honest,0.0,both_own,A_p_truth_t,3,0.6953225137291619
E1_honestxhonest_beta0.0,honest,honest,0.0,both_own,A_p_truth_t,4,0.6979547663360169
E1_honestxhonest_beta0.0,honest,honest,0.0,both_own,A_p_truth_t,5,0.7002516059921103
E1_honestxhonest_beta0.0,honest,honest,0.0,both_own,A_p_truth_t,6,0.7007154086577161
E1_honestxhonest_beta0.0,honest,honest,0.0,both_own,A_p_truth_t,7,0.7021232813938686
E1_honestxhonest_beta0.0,honest,honest,0.0,both_own,A_p_truth_t,8,0.7027525480793574
E1_honestxhonest_beta0.0,honest,honest,0.0,both_own,A_p_truth_t,9,0.7029180756341497
E1_honestxhonest_beta0.0,honest,honest,0.0,both_own,A_p_truth_t,10,0.7058304443470332
E1_honestxhonest_beta0.0,honest,honest,0.0,both_own,A_p_truth_t,11,0.7065829311048503
E1_honestxhonest_beta0.0,honest,honest,0.0,both_own,A_p_truth_t,12,0.7056556591457904
E1_honestxhonest_beta0.0,honest,honest,0.0,both_own,B_p_truth_t,0,0.5569499366529735
E1_honestxhonest_beta0.0,honest,honest,0.0,both_own,B_p_truth_t,1,0.6386613759948382
E1_honestxhonest_beta0.0,honest,honest,0.0,both_own,B_p_truth_t,2,0.655925127977898
E1_honestxhonest_beta0.0,honest,honest,0.0,both_own,B_p_truth_t,3,0.6646560153600153
E1_honestxhonest_beta0.0,honest,honest,0.0,both_own,B_p_truth_t,4,0.666920209805514
E1_honestxhonest_beta0.0,honest,honest,0.0,both_own,B_p_truth_t,5,0.6689455483333079
E1_honestxhonest_beta0.0,honest,honest,0.0,both_own,B_p_truth_t,6,0.67203682836028
E1_honestxhonest_beta0.0,honest,honest,0.0,both_own,B_p_truth_t,7,0.6735207348411357
E1_honestxhonest_beta0.0,honest,honest,0.0,both_own,B_p_truth_t,8,0.6731101326216024
E1_honestxhonest_beta0.0,honest,honest,0.0,both_own,B_p_truth_t,9,0.6739340187245291
E1_honestxhonest_beta0.0,honest,honest,0.0,both_own,B_p_truth_t,10,0.675851222589555
E1_honestxhonest_beta0.0,honest,honest,0.0,both_own,B_p_truth_t,11,0.6773426332134747
E1_honestxhonest_beta0.0,honest,honest,0.0,both_own,B_p_truth_t,12,0.6777699958182389
E1_honestxhonest_beta0.0,honest,honest,0.0,both_own,nonc_mutual_t,1,0.7991803278688525
E1_honestxhonest_beta0.0,honest,honest,0.0,both_own,nonc_mutual_t,2,0.6086065573770492
E1_honestxhonest_beta0.0,honest,honest,0.0,both_own,nonc_mutual_t,3,0.5450819672131147
E1_honestxhonest_beta0.0,honest,honest,0.0,both_own,nonc_mutual_t,4,0.5286885245901639
E1_honestxhonest_beta0.0,honest,honest,0.0,both_own,nonc_mutual_t,5,0.5081967213114754
E1_honestxhonest_beta0.0,honest,honest,0.0,both_own,nonc_mutual_t,6,0.5122950819672131
E1_honestxhonest_beta0.0,honest,honest,0.0,both_own,nonc_mutual_t,7,0.49385245901639346
E1_honestxhonest_beta0.0,honest,honest,0.0,both_own,nonc_mutual_t,8,0.5122950819672131
E1_honestxhonest_beta0.0,honest,honest,0.0,both_own,nonc_mutual_t,9,0.5
E1_honestxhonest_beta0.0,honest,honest,0.0,both_own,nonc_mutual_t,10,0.42008196721311475
E1_honestxhonest_beta0.0,honest,honest,0.0,both_own,nonc_mutual_t,11,0.47540983606557374
E1_honestxhonest_beta0.0,honest,honest,0.0,both_own,nonc_mutual_t,12,0.444672131147541
E1_honestxhonest_beta0.0,honest,honest,0.0,both_own,A_concede_t,1,0.006147540983606557
E1_honestxhonest_beta0.0,honest,honest,0.0,both_own,A_concede_t,2,0.1762295081967213
E1_honestxhonest_beta0.0,honest,honest,0.0,both_own,A_concede_t,3,0.2151639344262295
E1_honestxhonest_beta0.0,honest,honest,0.0,both_own,A_concede_t,4,0.22336065573770492
E1_honestxhonest_beta0.0,honest,honest,0.0,both_own,A_concede_t,5,0.2336065573770492
E1_honestxhonest_beta0.0,honest,honest,0.0,both_own,A_concede_t,6,0.2336065573770492
E1_honestxhonest_beta0.0,honest,honest,0.0,both_own,A_concede_t,7,0.2336065573770492
E1_honestxhonest_beta0.0,honest,honest,0.0,both_own,A_concede_t,8,0.2459016393442623
E1_honestxhonest_beta0.0,honest,honest,0.0,both_own,A_concede_t,9,0.26639344262295084
E1_honestxhonest_beta0.0,honest,honest,0.0,both_own,A_concede_t,10,0.29508196721311475
E1_honestxhonest_beta0.0,honest,honest,0.0,both_own,A_concede_t,11,0.26639344262295084
E1_honestxhonest_beta0.0,honest,honest,0.0,both_own,A_concede_t,12,0.26434426229508196
E1_honestxhonest_beta0.0,honest,honest,0.0,both_own,B_concede_t,1,0.19467213114754098
E1_honestxhonest_beta0.0,honest,honest,0.0,both_own,B_concede_t,2,0.2151639344262295
E1_honestxhonest_beta0.0,honest,honest,0.0,both_own,B_concede_t,3,0.23975409836065573
E1_honestxhonest_beta0.0,honest,honest,0.0,both_own,B_concede_t,4,0.24795081967213115
E1_honestxhonest_beta0.0,honest,honest,0.0,both_own,B_concede_t,5,0.2581967213114754
E1_honestxhonest_beta0.0,honest,honest,0.0,both_own,B_concede_t,6,0.2540983606557377
E1_honestxhonest_beta0.0,honest,honest,0.0,both_own,B_concede_t,7,0.2725409836065574
E1_honestxhonest_beta0.0,honest,honest,0.0,both_own,B_concede_t,8,0.24180327868852458
E1_honestxhonest_beta0.0,honest,honest,0.0,both_own,B_concede_t,9,0.2336065573770492
E1_honestxhonest_beta0.0,honest,honest,0.0,both_own,B_concede_t,10,0.2848360655737705
E1_honestxhonest_beta0.0,honest,honest,0.0,both_own,B_concede_t,11,0.2581967213114754
E1_honestxhonest_beta0.0,honest,honest,0.0,both_own,B_concede_t,12,0.29098360655737704
E1_honestxhonest_beta0.0,honest,honest,0.0,both_own,U_t,0,1.0
E1_honestxhonest_beta0.0,honest,honest,0.0,both_own,U_t,1,0.7991803278688525
E1_honestxhonest_beta0.0,honest,honest,0.0,both_own,U_t,2,0.5348360655737705
E1_honestxhonest_beta0.0,honest,honest,0.0,both_own,U_t,3,0.38729508196721313
E1_honestxhonest_beta0.0,honest,honest,0.0,both_own,U_t,4,0.3094262295081967
E1_honestxhonest_beta0.0,honest,honest,0.0,both_own,U_t,5,0.2725409836065574
E1_honestxhonest_beta0.0,honest,honest,0.0,both_own,U_t,6,0.2848360655737705
E1_honestxhonest_beta0.0,honest,honest,0.0,both_own,U_t,7,0.26434426229508196
E1_honestxhonest_beta0.0,honest,honest,0.0,both_own,U_t,8,0.2520491803278688
E1_honestxhonest_beta0.0,honest,honest,0.0,both_own,U_t,9,0.27049180327868855
E1_honestxhonest_beta0.0,honest,honest,0.0,both_own,U_t,10,0.22950819672131148
E1_honestxhonest_beta0.0,honest,honest,0.0,both_own,U_t,11,0.23565573770491804
E1_honestxhonest_beta0.0,honest,honest,0.0,both_own,U_t,12,0.24385245901639344
E1_honestxattenuated_beta0.0,honest,attenuated,0.0,all,A_p_truth_t,0,0.7861258782201477
E1_honestxattenuated_beta0.0,honest,attenuated,0.0,all,A_p_truth_t,1,0.8612990745160108
E1_honestxattenuated_beta0.0,honest,attenuated,0.0,all,A_p_truth_t,2,0.8666540006920198
E1_honestxattenuated_beta0.0,honest,attenuated,0.0,all,A_p_truth_t,3,0.8682064811183171
E1_honestxattenuated_beta0.0,honest,attenuated,0.0,all,A_p_truth_t,4,0.8690094551686056
E1_honestxattenuated_beta0.0,honest,attenuated,0.0,all,A_p_truth_t,5,0.8701181594921583
E1_honestxattenuated_beta0.0,honest,attenuated,0.0,all,A_p_truth_t,6,0.8705008281676494
E1_honestxattenuated_beta0.0,honest,attenuated,0.0,all,A_p_truth_t,7,0.8702797003730082
E1_honestxattenuated_beta0.0,honest,attenuated,0.0,all,A_p_truth_t,8,0.8705822673518736
E1_honestxattenuated_beta0.0,honest,attenuated,0.0,all,A_p_truth_t,9,0.8711015096666415
E1_honestxattenuated_beta0.0,honest,attenuated,0.0,all,A_p_truth_t,10,0.8710971310814614
E1_honestxattenuated_beta0.0,honest,attenuated,0.0,all,A_p_truth_t,11,0.8712380290530156
E1_honestxattenuated_beta0.0,honest,attenuated,0.0,all,A_p_truth_t,12,0.8702945102958868
E1_honestxattenuated_beta0.0,honest,attenuated,0.0,all,B_p_truth_t,0,0.7856867681498896
E1_honestxattenuated_beta0.0,honest,attenuated,0.0,all,B_p_truth_t,1,0.8071730994764733
E1_honestxattenuated_beta0.0,honest,attenuated,0.0,all,B_p_truth_t,2,0.809087442425378
E1_honestxattenuated_beta0.0,honest,attenuated,0.0,all,B_p_truth_t,3,0.8103270961748905
E1_honestxattenuated_beta0.0,honest,attenuated,0.0,all,B_p_truth_t,4,0.8111338626157544
E1_honestxattenuated_beta0.0,honest,attenuated,0.0,all,B_p_truth_t,5,0.8116505220800448
E1_honestxattenuated_beta0.0,honest,attenuated,0.0,all,B_p_truth_t,6,0.812085802559148
E1_honestxattenuated_beta0.0,honest,attenuated,0.0,all,B_p_truth_t,7,0.8124918317011364
E1_honestxattenuated_beta0.0,honest,attenuated,0.0,all,B_p_truth_t,8,0.8128091473100288
E1_honestxattenuated_beta0.0,honest,attenuated,0.0,all,B_p_truth_t,9,0.813176687860883
E1_honestxattenuated_beta0.0,honest,attenuated,0.0,all,B_p_truth_t,10,0.8133950150571917
E1_honestxattenuated_beta0.0,honest,attenuated,0.0,all,B_p_truth_t,11,0.8135976472543934
E1_honestxattenuated_beta0.0,honest,attenuated,0.0,all,B_p_truth_t,12,0.8135958032553942
E1_honestxattenuated_beta0.0,honest,attenuated,0.0,all,nonc_mutual_t,1,0.29
E1_honestxattenuated_beta0.0,honest,attenuated,0.0,all,nonc_mutual_t,2,0.229
E1_honestxattenuated_beta0.0,honest,attenuated,0.0,all,nonc_mutual_t,3,0.2105
E1_honestxattenuated_beta0.0,honest,attenuated,0.0,all,nonc_mutual_t,4,0.21
E1_honestxattenuated_beta0.0,honest,attenuated,0.0,all,nonc_mutual_t,5,0.2075
E1_honestxattenuated_beta0.0,honest,attenuated,0.0,all,nonc_mutual_t,6,0.2115
E1_honestxattenuated_beta0.0,honest,attenuated,0.0,all,nonc_mutual_t,7,0.214
E1_honestxattenuated_beta0.0,honest,attenuated,0.0,all,nonc_mutual_t,8,0.205
E1_honestxattenuated_beta0.0,honest,attenuated,0.0,all,nonc_mutual_t,9,0.209
E1_honestxattenuated_beta0.0,honest,attenuated,0.0,all,nonc_mutual_t,10,0.195
E1_honestxattenuated_beta0.0,honest,attenuated,0.0,all,nonc_mutual_t,11,0.1935
E1_honestxattenuated_beta0.0,honest,attenuated,0.0,all,nonc_mutual_t,12,0.2045
E1_honestxattenuated_beta0.0,honest,attenuated,0.0,all,A_concede_t,1,0.3695
E1_honestxattenuated_beta0.0,honest,attenuated,0.0,all,A_concede_t,2,0.4125
E1_honestxattenuated_beta0.0,honest,attenuated,0.0,all,A_concede_t,3,0.4285
E1_honestxattenuated_beta0.0,honest,attenuated,0.0,all,A_concede_t,4,0.427
E1_honestxattenuated_beta0.0,honest,attenuated,0.0,all,A_concede_t,5,0.432
E1_honestxattenuated_beta0.0,honest,attenuated,0.0,all,A_concede_t,6,0.427
E1_honestxattenuated_beta0.0,honest,attenuated,0.0,all,A_concede_t,7,0.427
E1_honestxattenuated_beta0.0,honest,attenuated,0.0,all,A_concede_t,8,0.433
E1_honestxattenuated_beta0.0,honest,attenuated,0.0,all,A_concede_t,9,0.4375
E1_honestxattenuated_beta0.0,honest,attenuated,0.0,all,A_concede_t,10,0.4465
E1_honestxattenuated_beta0.0,honest,attenuated,0.0,all,A_concede_t,11,0.442
E1_honestxattenuated_beta0.0,honest,attenuated,0.0,all,A_concede_t,12,0.4345
E1_honestxattenuated_beta0.0,honest,attenuated,0.0,all,B_concede_t,1,0.3635
E1_honestxattenuated_beta0.0,honest,attenuated,0.0,all,B_concede_t,2,0.364
E1_honestxattenuated_beta0.0,honest,attenuated,0.0,all,B_concede_t,3,0.363
E1_honestxattenuated_beta0.0,honest,attenuated,0.0,all,B_concede_t,4,0.3645
E1_honestxattenuated_beta0.0,honest,attenuated,0.0,all,B_concede_t,5,0.365
E1_honestxattenuated_beta0.0,honest,attenuated,0.0,all,B_concede_t,6,0.363
E1_honestxattenuated_beta0.0,honest,attenuated,0.0,all,B_concede_t,7,0.3615
E1_honestxattenuated_beta0.0,honest,attenuated,0.0,all,B_concede_t,8,0.365
E1_honestxattenuated_beta0.0,honest,attenuated,0.0,all,B_concede_t,9,0.3555
E1_honestxattenuated_beta0.0,honest,attenuated,0.0,all,B_concede_t,10,0.362
E1_honestxattenuated_beta0.0,honest,attenuated,0.0,all,B_concede_t,11,0.367
E1_honestxattenuated_beta0.0,honest,attenuated,0.0,all,B_concede_t,12,0.3625
E1_honestxattenuated_beta0.0,honest,attenuated,0.0,all,U_t,0,1.0
E1_honestxattenuated_beta0.0,honest,attenuated,0.0,all,U_t,1,0.313
E1_honestxattenuated_beta0.0,honest,attenuated,0.0,all,U_t,2,0.2035
E1_honestxattenuated_beta0.0,honest,attenuated,0.0,all,U_t,3,0.1705
E1_honestxattenuated_beta0.0,honest,attenuated,0.0,all,U_t,4,0.153
E1_honestxattenuated_beta0.0,honest,attenuated,0.0,all,U_t,5,0.1515
E1_honestxattenuated_beta0.0,honest,attenuated,0.0,all,U_t,6,0.1475
E1_honestxattenuated_beta0.0,honest,attenuated,0.0,all,U_t,7,0.1525
E1_honestxattenuated_beta0.0,honest,attenuated,0.0,all,U_t,8,0.1505
E1_honestxattenuated_beta0.0,honest,attenuated,0.0,all,U_t,9,0.149
E1_honestxattenuated_beta0.0,honest,attenuated,0.0,all,U_t,10,0.145
E1_honestxattenuated_beta0.0,honest,attenuated,0.0,all,U_t,11,0.1405
E1_honestxattenuated_beta0.0,honest,attenuated,0.0,all,U_t,12,0.146
E1_honestxattenuated_beta0.0,honest,attenuated,0.0,both_own,A_p_truth_t,0,0.5785119207586285
E1_honestxattenuated_beta0.0,honest,attenuated,0.0,both_own,A_p_truth_t,1,0.6534026609513436
E1_honestxattenuated_beta0.0,honest,attenuated,0.0,both_own,A_p_truth_t,2,0.6602003491131787
E1_honestxattenuated_beta0.0,honest,attenuated,0.0,both_own,A_p_truth_t,3,0.6639977184449065
E1_honestxattenuated_beta0.0,honest,attenuated,0.0,both_own,A_p_truth_t,4,0.6668516927542888
E1_honestxattenuated_beta0.0,honest,attenuated,0.0,both_own,A_p_truth_t,5,0.6711184340531765
E1_honestxattenuated_beta0.0,honest,attenuated,0.0,both_own,A_p_truth_t,6,0.6734634360895152
E1_honestxattenuated_beta0.0,honest,attenuated,0.0,both_own,A_p_truth_t,7,0.6735650772650397
E1_honestxattenuated_beta0.0,honest,attenuated,0.0,both_own,A_p_truth_t,8,0.6744324358575853
E1_honestxattenuated_beta0.0,honest,attenuated,0.0,both_own,A_p_truth_t,9,0.676930906056392
E1_honestxattenuated_beta0.0,honest,attenuated,0.0,both_own,A_p_truth_t,10,0.6774500858190524
E1_honestxattenuated_beta0.0,honest,attenuated,0.0,both_own,A_p_truth_t,11,0.678864281220561
E1_honestxattenuated_beta0.0,honest,attenuated,0.0,both_own,A_p_truth_t,12,0.6750228376309837
E1_honestxattenuated_beta0.0,honest,attenuated,0.0,both_own,B_p_truth_t,0,0.5569499366529735
E1_honestxattenuated_beta0.0,honest,attenuated,0.0,both_own,B_p_truth_t,1,0.5715582802300765
E1_honestxattenuated_beta0.0,honest,attenuated,0.0,both_own,B_p_truth_t,2,0.574107985250736
E1_honestxattenuated_beta0.0,honest,attenuated,0.0,both_own,B_p_truth_t,3,0.5779679648859138
E1_honestxattenuated_beta0.0,honest,attenuated,0.0,both_own,B_p_truth_t,4,0.5809355290941175
E1_honestxattenuated_beta0.0,honest,attenuated,0.0,both_own,B_p_truth_t,5,0.5830348098852477
E1_honestxattenuated_beta0.0,honest,attenuated,0.0,both_own,B_p_truth_t,6,0.5850709029661307
E1_honestxattenuated_beta0.0,honest,attenuated,0.0,both_own,B_p_truth_t,7,0.5867416878806391
E1_honestxattenuated_beta0.0,honest,attenuated,0.0,both_own,B_p_truth_t,8,0.5881248973214799
E1_honestxattenuated_beta0.0,honest,attenuated,0.0,both_own,B_p_truth_t,9,0.5897791979266934
E1_honestxattenuated_beta0.0,honest,attenuated,0.0,both_own,B_p_truth_t,10,0.590673400768343
E1_honestxattenuated_beta0.0,honest,attenuated,0.0,both_own,B_p_truth_t,11,0.5915116932210939
E1_honestxattenuated_beta0.0,honest,attenuated,0.0,both_own,B_p_truth_t,12,0.591793791482357
E1_honestxattenuated_beta0.0,honest,attenuated,0.0,both_own,nonc_mutual_t,1,0.9877049180327869
E1_honestxattenuated_beta0.0,honest,attenuated,0.0,both_own,nonc_mutual_t,2,0.7725409836065574
E1_honestxattenuated_beta0.0,honest,attenuated,0.0,both_own,nonc_mutual_t,3,0.7295081967213115
E1_honestxattenuated_beta0.0,honest,attenuated,0.0,both_own,nonc_mutual_t,4,0.7110655737704918
E1_honestxattenuated_beta0.0,honest,attenuated,0.0,both_own,nonc_mutual_t,5,0.7049180327868853
E1_honestxattenuated_beta0.0,honest,attenuated,0.0,both_own,nonc_mutual_t,6,0.7049180327868853
E1_honestxattenuated_beta0.0,honest,attenuated,0.0,both_own,nonc_mutual_t,7,0.7131147540983607
E1_honestxattenuated_beta0.0,honest,attenuated,0.0,both_own,nonc_mutual_t,8,0.6987704918032787
E1_honestxattenuated_beta0.0,honest,attenuated,0.0,both_own,nonc_mutual_t,9,0.6885245901639344
E1_honestxattenuated_beta0.0,honest,attenuated,0.0,both_own,nonc_mutual_t,10,0.6598360655737705
E1_honestxattenuated_beta0.0,honest,attenuated,0.0,both_own,nonc_mutual_t,11,0.6659836065573771
E1_honestxattenuated_beta0.0,honest,attenuated,0.0,both_own,nonc_mutual_t,12,0.6885245901639344
E1_honestxattenuated_beta0.0,honest,attenuated,0.0,both_own,A_concede_t,1,0.006147540983606557
E1_honestxattenuated_beta0.0,honest,attenuated,0.0,both_own,A_concede_t,2,0.21721311475409835
E1_honestxattenuated_beta0.0,honest,attenuated,0.0,both_own,A_concede_t,3,0.26434426229508196
E1_honestxattenuated_beta0.0,honest,attenuated,0.0,both_own,A_concede_t,4,0.27459016393442626
E1_honestxattenuated_beta0.0,honest,attenuated,0.0,both_own,A_concede_t,5,0.28688524590163933
E1_honestxattenuated_beta0.0,honest,attenuated,0.0,both_own,A_concede_t,6,0.2786885245901639
E1_honestxattenuated_beta0.0,honest,attenuated,0.0,both_own,A_concede_t,7,0.2786885245901639
E1_honestxattenuated_beta0.0,honest,attenuated,0.0,both_own,A_concede_t,8,0.29098360655737704
E1_honestxattenuated_beta0.0,honest,attenuated,0.0,both_own,A_concede_t,9,0.3073770491803279
E1_honestxattenuated_beta0.0,honest,attenuated,0.0,both_own,A_concede_t,10,0.33401639344262296
E1_honestxattenuated_beta0.0,honest,attenuated,0.0,both_own,A_concede_t,11,0.3135245901639344
E1_honestxattenuated_beta0.0,honest,attenuated,0.0,both_own,A_concede_t,12,0.29918032786885246
E1_honestxattenuated_beta0.0,honest,attenuated,0.0,both_own,B_concede_t,1,0.006147540983606557
E1_honestxattenuated_beta0.0,honest,attenuated,0.0,both_own,B_concede_t,2,0.010245901639344262
E1_honestxattenuated_beta0.0,honest,attenuated,0.0,both_own,B_concede_t,3,0.006147540983606557
E1_honestxattenuated_beta0.0,honest,attenuated,0.0,both_own,B_concede_t,4,0.014344262295081968
E1_honestxattenuated_beta0.0,honest,attenuated,0.0,both_own,B_concede_t,5,0.010245901639344262
E1_honestxattenuated_beta0.0,honest,attenuated,0.0,both_own,B_concede_t,6,0.01639344262295082
E1_honestxattenuated_beta0.0,honest,attenuated,0.0,both_own,B_concede_t,7,0.00819672131147541
E1_honestxattenuated_beta0.0,honest,attenuated,0.0,both_own,B_concede_t,8,0.012295081967213115
E1_honestxattenuated_beta0.0,honest,attenuated,0.0,both_own,B_concede_t,9,0.004098360655737705
E1_honestxattenuated_beta0.0,honest,attenuated,0.0,both_own,B_concede_t,10,0.00819672131147541
E1_honestxattenuated_beta0.0,honest,attenuated,0.0,both_own,B_concede_t,11,0.022540983606557378
E1_honestxattenuated_beta0.0,honest,attenuated,0.0,both_own,B_concede_t,12,0.012295081967213115
E1_honestxattenuated_beta0.0,honest,attenuated,0.0,both_own,U_t,0,1.0
E1_honestxattenuated_beta0.0,honest,attenuated,0.0,both_own,U_t,1,0.9877049180327869
E1_honestxattenuated_beta0.0,honest,attenuated,0.0,both_own,U_t,2,0.7704918032786885
E1_honestxattenuated_beta0.0,honest,attenuated,0.0,both_own,U_t,3,0.6577868852459017
E1_honestxattenuated_beta0.0,honest,attenuated,0.0,both_own,U_t,4,0.5963114754098361
E1_honestxattenuated_beta0.0,honest,attenuated,0.0,both_own,U_t,5,0.5901639344262295
E1_honestxattenuated_beta0.0,honest,attenuated,0.0,both_own,U_t,6,0.5819672131147541
E1_honestxattenuated_beta0.0,honest,attenuated,0.0,both_own,U_t,7,0.6024590163934426
E1_honestxattenuated_beta0.0,honest,attenuated,0.0,both_own,U_t,8,0.5881147540983607
E1_honestxattenuated_beta0.0,honest,attenuated,0.0,both_own,U_t,9,0.5860655737704918
E1_honestxattenuated_beta0.0,honest,attenuated,0.0,both_own,U_t,10,0.5676229508196722
E1_honestxattenuated_beta0.0,honest,attenuated,0.0,both_own,U_t,11,0.5532786885245902
E1_honestxattenuated_beta0.0,honest,attenuated,0.0,both_own,U_t,12,0.569672131147541
E1_honestxcostly_beta0.0,honest,costly,0.0,all,A_p_truth_t,0,0.7861258782201477
E1_honestxcostly_beta0.0,honest,costly,0.0,all,A_p_truth_t,1,0.858595219078392
E1_honestxcostly_beta0.0,honest,costly,0.0,all,A_p_truth_t,2,0.8683091719297774
E1_honestxcostly_beta0.0,honest,costly,0.0,all,A_p_truth_t,3,0.870295519408683
E1_honestxcostly_beta0.0,honest,costly,0.0,all,A_p_truth_t,4,0.871852574129013
E1_honestxcostly_beta0.0,honest,costly,0.0,all,A_p_truth_t,5,0.8724921399344507
E1_honestxcostly_beta0.0,honest,costly,0.0,all,A_p_truth_t,6,0.873152981835804
E1_honestxcostly_beta0.0,honest,costly,0.0,all,A_p_truth_t,7,0.8738048501584521
E1_honestxcostly_beta0.0,honest,costly,0.0,all,A_p_truth_t,8,0.8741436808012567
E1_honestxcostly_beta0.0,honest,costly,0.0,all,A_p_truth_t,9,0.8744025982867025
E1_honestxcostly_beta0.0,honest,costly,0.0,all,A_p_truth_t,10,0.8750189903030234
E1_honestxcostly_beta0.0,honest,costly,0.0,all,A_p_truth_t,11,0.8754942524172059
E1_honestxcostly_beta0.0,honest,costly,0.0,all,A_p_truth_t,12,0.875626926082048
E1_honestxcostly_beta0.0,honest,costly,0.0,all,B_p_truth_t,0,0.7856867681498896
E1_honestxcostly_beta0.0,honest,costly,0.0,all,B_p_truth_t,1,0.8559841067180441
E1_honestxcostly_beta0.0,honest,costly,0.0,all,B_p_truth_t,2,0.866646921822189
E1_honestxcostly_beta0.0,honest,costly,0.0,all,B_p_truth_t,3,0.8714294693054332
E1_honestxcostly_beta0.0,honest,costly,0.0,all,B_p_truth_t,4,0.8741343050262601
E1_honestxcostly_beta0.0,honest,costly,0.0,all,B_p_truth_t,5,0.8768638194242623
E1_honestxcostly_beta0.0,honest,costly,0.0,all,B_p_truth_t,6,0.8792773237814984
E1_honestxcostly_beta0.0,honest,costly,0.0,all,B_p_truth_t,7,0.881484821023829
E1_honestxcostly_beta0.0,honest,costly,0.0,all,B_p_truth_t,8,0.8832341214939183
E1_honestxcostly_beta0.0,honest,costly,0.0,all,B_p_truth_t,9,0.8854888384831109
E1_honestxcostly_beta0.0,honest,costly,0.0,all,B_p_truth_t,10,0.8868593321342081
E1_honestxcostly_beta0.0,honest,costly,0.0,all,B_p_truth_t,11,0.8883498368768695
E1_honestxcostly_beta0.0,honest,costly,0.0,all,B_p_truth_t,12,0.8891264656402796
E1_honestxcostly_beta0.0,honest,costly,0.0,all,nonc_mutual_t,1,0.617
E1_honestxcostly_beta0.0,honest,costly,0.0,all,nonc_mutual_t,2,0.564
E1_honestxcostly_beta0.0,honest,costly,0.0,all,nonc_mutual_t,3,0.5475
E1_honestxcostly_beta0.0,honest,costly,0.0,all,nonc_mutual_t,4,0.55
E1_honestxcostly_beta0.0,honest,costly,0.0,all,nonc_mutual_t,5,0.5465
E1_honestxcostly_beta0.0,honest,costly,0.0,all,nonc_mutual_t,6,0.547
E1_honestxcostly_beta0.0,honest,costly,0.0,all,nonc_mutual_t,7,0.549
E1_honestxcostly_beta0.0,honest,costly,0.0,all,nonc_mutual_t,8,0.5475
E1_honestxcostly_beta0.0,honest,costly,0.0,all,nonc_mutual_t,9,0.5375
E1_honestxcostly_beta0.0,honest,costly,0.0,all,nonc_mutual_t,10,0.529
E1_honestxcostly_beta0.0,honest,costly,0.0,all,nonc_mutual_t,11,0.537
E1_honestxcostly_beta0.0,honest,costly,0.0,all,nonc_mutual_t,12,0.5395
E1_honestxcostly_beta0.0,honest,costly,0.0,all,A_concede_t,1,0.3695
E1_honestxcostly_beta0.0,honest,costly,0.0,all,A_concede_t,2,0.428
E1_honestxcostly_beta0.0,honest,costly,0.0,all,A_concede_t,3,0.4435
E1_honestxcostly_beta0.0,honest,costly,0.0,all,A_concede_t,4,0.442
E1_honestxcostly_beta0.0,honest,costly,0.0,all,A_concede_t,5,0.4435
E1_honestxcostly_beta0.0,honest,costly,0.0,all,A_concede_t,6,0.4425
E1_honestxcostly_beta0.0,honest,costly,0.0,all,A_concede_t,7,0.4395
E1_honestxcostly_beta0.0,honest,costly,0.0,all,A_concede_t,8,0.446
E1_honestxcostly_beta0.0,honest,costly,0.0,all,A_concede_t,9,0.4525
E1_honestxcostly_beta0.0,honest,costly,0.0,all,A_concede_t,10,0.4595
E1_honestxcostly_beta0.0,honest,costly,0.0,all,A_concede_t,11,0.4515
E1_honestxcostly_beta0.0,honest,costly,0.0,all,A_concede_t,12,0.449
E1_honestxcostly_beta0.0,honest,costly,0.0,all,B_concede_t,1,0.0135
E1_honestxcostly_beta0.0,honest,costly,0.0,all,B_concede_t,2,0.008
E1_honestxcostly_beta0.0,honest,costly,0.0,all,B_concede_t,3,0.009
E1_honestxcostly_beta0.0,honest,costly,0.0,all,B_concede_t,4,0.008
E1_honestxcostly_beta0.0,honest,costly,0.0,all,B_concede_t,5,0.01
E1_honestxcostly_beta0.0,honest,costly,0.0,all,B_concede_t,6,0.0105
E1_honestxcostly_beta0.0,honest,costly,0.0,all,B_concede_t,7,0.0115
E1_honestxcostly_beta0.0,honest,costly,0.0,all,B_concede_t,8,0.0065
E1_honestxcostly_beta0.0,honest,costly,0.0,all,B_concede_t,9,0.01
E1_honestxcostly_beta0.0,honest,costly,0.0,all,B_concede_t,10,0.0115
E1_honestxcostly_beta0.0,honest,costly,0.0,all,B_concede_t,11,0.0115
E1_honestxcostly_beta0.0,honest,costly,0.0,all,B_concede_t,12,0.0115
E1_honestxcostly_beta0.0,honest,costly,0.0,all,U_t,0,1.0
E1_honestxcostly_beta0.0,honest,costly,0.0,all,U_t,1,0.617
E1_honestxcostly_beta0.0,honest,costly,0.0,all,U_t,2,0.537
E1_honestxcostly_beta0.0,honest,costly,0.0,all,U_t,3,0.502
E1_honestxcostly_beta0.0,honest,costly,0.0,all,U_t,4,0.484
E1_honestxcostly_beta0.0,honest,costly,0.0,all,U_t,5,0.4735
E1_honestxcostly_beta0.0,honest,costly,0.0,all,U_t,6,0.465
E1_honestxcostly_beta0.0,honest,costly,0.0,all,U_t,7,0.4565
E1_honestxcostly_beta0.0,honest,costly,0.0,all,U_t,8,0.4505
E1_honestxcostly_beta0.0,honest,costly,0.0,all,U_t,9,0.4425
E1_honestxcostly_beta0.0,honest,costly,0.0,all,U_t,10,0.428
E1_honestxcostly_beta0.0,honest,costly,0.0,all,U_t,11,0.4195
E1_honestxcostly_beta0.0,honest,costly,0.0,all,U_t,12,0.4155
E1_honestxcostly_beta0.0,honest,costly,0.0,both_own,A_p_truth_t,0,0.5785119207586285
E1_honestxcostly_beta0.0,honest,costly,0.0,both_own,A_p_truth_t,1,0.6763823235459214
E1_honestxcostly_beta0.0,honest,costly,0.0,both_own,A_p_truth_t,2,0.6899356312688925
E1_honestxcostly_beta0.0,honest,costly,0.0,both_own,A_p_truth_t,3,0.6929201649557402
E1_honestxcostly_beta0.0,honest,costly,0.0,both_own,A_p_truth_t,4,0.6964608650475339
E1_honestxcostly_beta0.0,honest,costly,0.0,both_own,A_p_truth_t,5,0.6976381617296891
E1_honestxcostly_beta0.0,honest,costly,0.0,both_own,A_p_truth_t,6,0.698711583740603
E1_honestxcostly_beta0.0,honest,costly,0.0,both_own,A_p_truth_t,7,0.7001221393503851
E1_honestxcostly_beta0.0,honest,costly,0.0,both_own,A_p_truth_t,8,0.7007405826281604
E1_honestxcostly_beta0.0,honest,costly,0.0,both_own,A_p_truth_t,9,0.7004968133410071
E1_honestxcostly_beta0.0,honest,costly,0.0,both_own,A_p_truth_t,10,0.7024816839068164
E1_honestxcostly_beta0.0,honest,costly,0.0,both_own,A_p_truth_t,11,0.703912008403632
E1_honestxcostly_beta0.0,honest,costly,0.0,both_own,A_p_truth_t,12,0.7041759740840563
E1_honestxcostly_beta0.0,honest,costly,0.0,both_own,B_p_truth_t,0,0.5569499366529735
E1_honestxcostly_beta0.0,honest,costly,0.0,both_own,B_p_truth_t,1,0.6386613759948382
E1_honestxcostly_beta0.0,honest,costly,0.0,both_own,B_p_truth_t,2,0.6582399031897067
E1_honestxcostly_beta0.0,honest,costly,0.0,both_own,B_p_truth_t,3,0.6708389126305184
E1_honestxcostly_beta0.0,honest,costly,0.0,both_own,B_p_truth_t,4,0.6781284114946421
E1_honestxcostly_beta0.0,honest,costly,0.0,both_own,B_p_truth_t,5,0.6865357361428879
E1_honestxcostly_beta0.0,honest,costly,0.0,both_own,B_p_truth_t,6,0.6936939178192362
E1_honestxcostly_beta0.0,honest,costly,0.0,both_own,B_p_truth_t,7,0.700042469994761
E1_honestxcostly_beta0.0,honest,costly,0.0,both_own,B_p_truth_t,8,0.7034040231955709
E1_honestxcostly_beta0.0,honest,costly,0.0,both_own,B_p_truth_t,9,0.7095008535068451
E1_honestxcostly_beta0.0,honest,costly,0.0,both_own,B_p_truth_t,10,0.7124451507827572
E1_honestxcostly_beta0.0,honest,costly,0.0,both_own,B_p_truth_t,11,0.7177151255119132
E1_honestxcostly_beta0.0,honest,costly,0.0,both_own,B_p_truth_t,12,0.7207023196047044
E1_honestxcostly_beta0.0,honest,costly,0.0,both_own,nonc_mutual_t,1,0.9938524590163934
E1_honestxcostly_beta0.0,honest,costly,0.0,both_own,nonc_mutual_t,2,0.819672131147541
E1_honestxcostly_beta0.0,honest,costly,0.0,both_own,nonc_mutual_t,3,0.7725409836065574
E1_honestxcostly_beta0.0,honest,costly,0.0,both_own,nonc_mutual_t,4,0.7684426229508197
E1_honestxcostly_beta0.0,honest,costly,0.0,both_own,nonc_mutual_t,5,0.7561475409836066
E1_honestxcostly_beta0.0,honest,costly,0.0,both_own,nonc_mutual_t,6,0.7581967213114754
E1_honestxcostly_beta0.0,honest,costly,0.0,both_own,nonc_mutual_t,7,0.7602459016393442
E1_honestxcostly_beta0.0,honest,costly,0.0,both_own,nonc_mutual_t,8,0.7438524590163934
E1_honestxcostly_beta0.0,honest,costly,0.0,both_own,nonc_mutual_t,9,0.7254098360655737
E1_honestxcostly_beta0.0,honest,costly,0.0,both_own,nonc_mutual_t,10,0.694672131147541
E1_honestxcostly_beta0.0,honest,costly,0.0,both_own,nonc_mutual_t,11,0.7295081967213115
E1_honestxcostly_beta0.0,honest,costly,0.0,both_own,nonc_mutual_t,12,0.7336065573770492
E1_honestxcostly_beta0.0,honest,costly,0.0,both_own,A_concede_t,1,0.006147540983606557
E1_honestxcostly_beta0.0,honest,costly,0.0,both_own,A_concede_t,2,0.18032786885245902
E1_honestxcostly_beta0.0,honest,costly,0.0,both_own,A_concede_t,3,0.22745901639344263
E1_honestxcostly_beta0.0,honest,costly,0.0,both_own,A_concede_t,4,0.23155737704918034
E1_honestxcostly_beta0.0,honest,costly,0.0,both_own,A_concede_t,5,0.24385245901639344
E1_honestxcostly_beta0.0,honest,costly,0.0,both_own,A_concede_t,6,0.23975409836065573
E1_honestxcostly_beta0.0,honest,costly,0.0,both_own,A_concede_t,7,0.23770491803278687
E1_honestxcostly_beta0.0,honest,costly,0.0,both_own,A_concede_t,8,0.2540983606557377
E1_honestxcostly_beta0.0,honest,costly,0.0,both_own,A_concede_t,9,0.2725409836065574
E1_honestxcostly_beta0.0,honest,costly,0.0,both_own,A_concede_t,10,0.30327868852459017
E1_honestxcostly_beta0.0,honest,costly,0.0,both_own,A_concede_t,11,0.27049180327868855
E1_honestxcostly_beta0.0,honest,costly,0.0,both_own,A_concede_t,12,0.26639344262295084
E1_honestxcostly_beta0.0,honest,costly,0.0,both_own,B_concede_t,1,0.0
E1_honestxcostly_beta0.0,honest,costly,0.0,both_own,B_concede_t,2,0.0
E1_honestxcostly_beta0.0,honest,costly,0.0,both_own,B_concede_t,3,0.0
E1_honestxcostly_beta0.0,honest,costly,0.0,both_own,B_concede_t,4,0.0
E1_honestxcostly_beta0.0,honest,costly,0.0,both_own,B_concede_t,5,0.0
E1_honestxcostly_beta0.0,honest,costly,0.0,both_own,B_concede_t,6,0.0020491803278688526
E1_honestxcostly_beta0.0,honest,costly,0.0,both_own,B_concede_t,7,0.0020491803278688526
E1_honestxcostly_beta0.0,honest,costly,0.0,both_own,B_concede_t,8,0.0020491803278688526
E1_honestxcostly_beta0.0,honest,costly,0.0,both_own,B_concede_t,9,0.0020491803278688526
E1_honestxcostly_beta0.0,honest,costly,0.0,both_own,B_concede_t,10,0.0020491803278688526
E1_honestxcostly_beta0.0,honest,costly,0.0,both_own,B_concede_t,11,0.0
E1_honestxcostly_beta0.0,honest,costly,0.0,both_own,B_concede_t,12,0.0
E1_honestxcostly_beta0.0,honest,costly,0.0,both_own,U_t,0,1.0
E1_honestxcostly_beta0.0,honest,costly,0.0,both_own,U_t,1,0.9938524590163934
E1_honestxcostly_beta0.0,honest,costly,0.0,both_own,U_t,2,0.8176229508196722
E1_honestxcostly_beta0.0,honest,costly,0.0,both_own,U_t,3,0.7192622950819673
E1_honestxcostly_beta0.0,honest,costly,0.0,both_own,U_t,4,0.6659836065573771
E1_honestxcostly_beta0.0,honest,costly,0.0,both_own,U_t,5,0.6577868852459017
E1_honestxcostly_beta0.0,honest,costly,0.0,both_own,U_t,6,0.6557377049180327
E1_honestxcostly_beta0.0,honest,costly,0.0,both_own,U_t,7,0.6557377049180327
E1_honestxcostly_beta0.0,honest,costly,0.0,both_own,U_t,8,0.6454918032786885
E1_honestxcostly_beta0.0,honest,costly,0.0,both_own,U_t,9,0.6352459016393442
E1_honestxcostly_beta0.0,honest,costly,0.0,both_own,U_t,10,0.6127049180327869
E1_honestxcostly_beta0.0,honest,costly,0.0,both_own,U_t,11,0.6168032786885246
E1_honestxcostly_beta0.0,honest,costly,0.0,both_own,U_t,12,0.6290983606557377
E1_honestxmixed_beta0.0,honest,mixed,0.0,all,A_p_truth_t,0,0.7861258782201477
E1_honestxmixed_beta0.0,honest,mixed,0.0,all,A_p_truth_t,1,0.8583581198957145
E1_honestxmixed_beta0.0,honest,mixed,0.0,all,A_p_truth_t,2,0.8675557133372027
E1_honestxmixed_beta0.0,honest,mixed,0.0,all,A_p_truth_t,3,0.8699530411722838
E1_honestxmixed_beta0.0,honest,mixed,0.0,all,A_p_truth_t,4,0.8711635908204123
E1_honestxmixed_beta0.0,honest,mixed,0.0,all,A_p_truth_t,5,0.8722644249959361
E1_honestxmixed_beta0.0,honest,mixed,0.0,all,A_p_truth_t,6,0.8725817029894883
E1_honestxmixed_beta0.0,honest,mixed,0.0,all,A_p_truth_t,7,0.8729463387088151
E1_honestxmixed_beta0.0,honest,mixed,0.0,all,A_p_truth_t,8,0.8730634909071042
E1_honestxmixed_beta0.0,honest,mixed,0.0,all,A_p_truth_t,9,0.8731877374872338
E1_honestxmixed_beta0.0,honest,mixed,0.0,all,A_p_truth_t,10,0.8742636685895314
E1_honestxmixed_beta0.0,honest,mixed,0.0,all,A_p_truth_t,11,0.8753020888696115
E1_honestxmixed_beta0.0,honest,mixed,0.0,all,A_p_truth_t,12,0.8752327064341011
E1_honestxmixed_beta0.0,honest,mixed,0.0,all,B_p_truth_t,0,0.7856867681498896
E1_honestxmixed_beta0.0,honest,mixed,0.0,all,B_p_truth_t,1,0.837500664178776
E1_honestxmixed_beta0.0,honest,mixed,0.0,all,B_p_truth_t,2,0.8439733050219719
E1_honestxmixed_beta0.0,honest,mixed,0.0,all,B_p_truth_t,3,0.8471478043309995
E1_honestxmixed_beta0.0,honest,mixed,0.0,all,B_p_truth_t,4,0.8496826825941762
E1_honestxmixed_beta0.0,honest,mixed,0.0,all,B_p_truth_t,5,0.851748647014187
E1_honestxmixed_beta0.0,honest,mixed,0.0,all,B_p_truth_t,6,0.8534915114763881
E1_honestxmixed_beta0.0,honest,mixed,0.0,all,B_p_truth_t,7,0.8547276391237822
E1_honestxmixed_beta0.0,honest,mixed,0.0,all,B_p_truth_t,8,0.8559207565684903
E1_honestxmixed_beta0.0,honest,mixed,0.0,all,B_p_truth_t,9,0.8574149596338863
E1_honestxmixed_beta0.0,honest,mixed,0.0,all,B_p_truth_t,10,0.8578677094803892
E1_honestxmixed_beta0.0,honest,mixed,0.0,all,B_p_truth_t,11,0.8586551576286968
E1_honestxmixed_beta0.0,honest,mixed,0.0,all,B_p_truth_t,12,0.8587142511948457
E1_honestxmixed_beta0.0,honest,mixed,0.0,all,nonc_mutual_t,1,0.475
E1_honestxmixed_beta0.0,honest,mixed,0.0,all,nonc_mutual_t,2,0.43
E1_honestxmixed_beta0.0,honest,mixed,0.0,all,nonc_mutual_t,3,0.4085
E1_honestxmixed_beta0.0,honest,mixed,0.0,all,nonc_mutual_t,4,0.409
E1_honestxmixed_beta0.0,honest,mixed,0.0,all,nonc_mutual_t,5,0.417
E1_honestxmixed_beta0.0,honest,mixed,0.0,all,nonc_mutual_t,6,0.4065
E1_honestxmixed_beta0.0,honest,mixed,0.0,all,nonc_mutual_t,7,0.395
E1_honestxmixed_beta0.0,honest,mixed,0.0,all,nonc_mutual_t,8,0.4045
E1_honestxmixed_beta0.0,honest,mixed,0.0,all,nonc_mutual_t,9,0.395
E1_honestxmixed_beta0.0,honest,mixed,0.0,all,nonc_mutual_t,10,0.388
E1_honestxmixed_beta0.0,honest,mixed,0.0,all,nonc_mutual_t,11,0.395
E1_honestxmixed_beta0.0,honest,mixed,0.0,all,nonc_mutual_t,12,0.405
E1_honestxmixed_beta0.0,honest,mixed,0.0,all,A_concede_t,1,0.3695
E1_honestxmixed_beta0.0,honest,mixed,0.0,all,A_concede_t,2,0.4225
E1_honestxmixed_beta0.0,honest,mixed,0.0,all,A_concede_t,3,0.438
E1_honestxmixed_beta0.0,honest,mixed,0.0,all,A_concede_t,4,0.4385
E1_honestxmixed_beta0.0,honest,mixed,0.0,all,A_concede_t,5,0.4415
E1_honestxmixed_beta0.0,honest,mixed,0.0,all,A_concede_t,6,0.439
E1_honestxmixed_beta0.0,honest,mixed,0.0,all,A_concede_t,7,0.4375
E1_honestxmixed_beta0.0,honest,mixed,0.0,all,A_concede_t,8,0.4425
E1_honestxmixed_beta0.0,honest,mixed,0.0,all,A_concede_t,9,0.447
E1_honestxmixed_beta0.0,honest,mixed,0.0,all,A_concede_t,10,0.455
E1_honestxmixed_beta0.0,honest,mixed,0.0,all,A_concede_t,11,0.4495
E1_honestxmixed_beta0.0,honest,mixed,0.0,all,A_concede_t,12,0.4435
E1_honestxmixed_beta0.0,honest,mixed,0.0,all,B_concede_t,1,0.1585
E1_honestxmixed_beta0.0,honest,mixed,0.0,all,B_concede_t,2,0.148
E1_honestxmixed_beta0.0,honest,mixed,0.0,all,B_concede_t,3,0.1535
E1_honestxmixed_beta0.0,honest,mixed,0.0,all,B_concede_t,4,0.1525
E1_honestxmixed_beta0.0,honest,mixed,0.0,all,B_concede_t,5,0.1415
E1_honestxmixed_beta0.0,honest,mixed,0.0,all,B_concede_t,6,0.1545
E1_honestxmixed_beta0.0,honest,mixed,0.0,all,B_concede_t,7,0.1675
E1_honestxmixed_beta0.0,honest,mixed,0.0,all,B_concede_t,8,0.1535
E1_honestxmixed_beta0.0,honest,mixed,0.0,all,B_concede_t,9,0.158
E1_honestxmixed_beta0.0,honest,mixed,0.0,all,B_concede_t,10,0.157
E1_honestxmixed_beta0.0,honest,mixed,0.0,all,B_concede_t,11,0.1555
E1_honestxmixed_beta0.0,honest,mixed,0.0,all,B_concede_t,12,0.1515
E1_honestxmixed_beta0.0,honest,mixed,0.0,all,U_t,0,1.0
E1_honestxmixed_beta0.0,honest,mixed,0.0,all,U_t,1,0.478
E1_honestxmixed_beta0.0,honest,mixed,0.0,all,U_t,2,0.3215
E1_honestxmixed_beta0.0,honest,mixed,0.0,all,U_t,3,0.2545
E1_honestxmixed_beta0.0,honest,mixed,0.0,all,U_t,4,0.213
E1_honestxmixed_beta0.0,honest,mixed,0.0,all,U_t,5,0.1965
E1_honestxmixed_beta0.0,honest,mixed,0.0,all,U_t,6,0.181
E1_honestxmixed_beta0.0,honest,mixed,0.0,all,U_t,7,0.1715
E1_honestxmixed_beta0.0,honest,mixed,0.0,all,U_t,8,0.1635
E1_honestxmixed_beta0.0,honest,mixed,0.0,all,U_t,9,0.161
E1_honestxmixed_beta0.0,honest,mixed,0.0,all,U_t,10,0.152
E1_honestxmixed_beta0.0,honest,mixed,0.0,all,U_t,11,0.1495
E1_honestxmixed_beta0.0,honest,mixed,0.0,all,U_t,12,0.155
E1_honestxmixed_beta0.0,honest,mixed,0.0,both_own,A_p_truth_t,0,0.5785119207586285
E1_honestxmixed_beta0.0,honest,mixed,0.0,both_own,A_p_truth_t,1,0.6613036040002723
E1_honestxmixed_beta0.0,honest,mixed,0.0,both_own,A_p_truth_t,2,0.6741575010696682
E1_honestxmixed_beta0.0,honest,mixed,0.0,both_own,A_p_truth_t,3,0.679482052079613
E1_honestxmixed_beta0.0,honest,mixed,0.0,both_own,A_p_truth_t,4,0.6828062601725038
E1_honestxmixed_beta0.0,honest,mixed,0.0,both_own,A_p_truth_t,5,0.6869674575168008
E1_honestxmixed_beta0.0,honest,mixed,0.0,both_own,A_p_truth_t,6,0.6873501036053002
E1_honestxmixed_beta0.0,honest,mixed,0.0,both_own,A_p_truth_t,7,0.6885644232745857
E1_honestxmixed_beta0.0,honest,mixed,0.0,both_own,A_p_truth_t,8,0.6883453199083353
E1_honestxmixed_beta0.0,honest,mixed,0.0,both_own,A_p_truth_t,9,0.6879010607514334
E1_honestxmixed_beta0.0,honest,mixed,0.0,both_own,A_p_truth_t,10,0.6913757662514607
E1_honestxmixed_beta0.0,honest,mixed,0.0,both_own,A_p_truth_t,11,0.6950767483478207
E1_honestxmixed_beta0.0,honest,mixed,0.0,both_own,A_p_truth_t,12,0.6953418530686815
E1_honestxmixed_beta0.0,honest,mixed,0.0,both_own,B_p_truth_t,0,0.5569499366529735
E1_honestxmixed_beta0.0,honest,mixed,0.0,both_own,B_p_truth_t,1,0.6045128135888377
E1_honestxmixed_beta0.0,honest,mixed,0.0,both_own,B_p_truth_t,2,0.6139629002994791
E1_honestxmixed_beta0.0,honest,mixed,0.0,both_own,B_p_truth_t,3,0.6238878410249531
E1_honestxmixed_beta0.0,honest,mixed,0.0,both_own,B_p_truth_t,4,0.6313695306239053
E1_honestxmixed_beta0.0,honest,mixed,0.0,both_own,B_p_truth_t,5,0.6389505226036695
E1_honestxmixed_beta0.0,honest,mixed,0.0,both_own,B_p_truth_t,6,0.6451115486895224
E1_honestxmixed_beta0.0,honest,mixed,0.0,both_own,B_p_truth_t,7,0.6494015644121595
E1_honestxmixed_beta0.0,honest,mixed,0.0,both_own,B_p_truth_t,8,0.65298482804663
E1_honestxmixed_beta0.0,honest,mixed,0.0,both_own,B_p_truth_t,9,0.658104407419964
E1_honestxmixed_beta0.0,honest,mixed,0.0,both_own,B_p_truth_t,10,0.6595020850701147
E1_honestxmixed_beta0.0,honest,mixed,0.0,both_own,B_p_truth_t,11,0.6630293675531891
E1_honestxmixed_beta0.0,honest,mixed,0.0,both_own,B_p_truth_t,12,0.663923702910298
E1_honestxmixed_beta0.0,honest,mixed,0.0,both_own,nonc_mutual_t,1,0.9918032786885246
E1_honestxmixed_beta0.0,honest,mixed,0.0,both_own,nonc_mutual_t,2,0.805327868852459
E1_honestxmixed_beta0.0,honest,mixed,0.0,both_own,nonc_mutual_t,3,0.75
E1_honestxmixed_beta0.0,honest,mixed,0.0,both_own,nonc_mutual_t,4,0.7459016393442623
E1_honestxmixed_beta0.0,honest,mixed,0.0,both_own,nonc_mutual_t,5,0.7315573770491803
E1_honestxmixed_beta0.0,honest,mixed,0.0,both_own,nonc_mutual_t,6,0.7295081967213115
E1_honestxmixed_beta0.0,honest,mixed,0.0,both_own,nonc_mutual_t,7,0.7274590163934426
E1_honestxmixed_beta0.0,honest,mixed,0.0,both_own,nonc_mutual_t,8,0.7274590163934426
E1_honestxmixed_beta0.0,honest,mixed,0.0,both_own,nonc_mutual_t,9,0.6987704918032787
E1_honestxmixed_beta0.0,honest,mixed,0.0,both_own,nonc_mutual_t,10,0.6577868852459017
E1_honestxmixed_beta0.0,honest,mixed,0.0,both_own,nonc_mutual_t,11,0.6905737704918032
E1_honestxmixed_beta0.0,honest,mixed,0.0,both_own,nonc_mutual_t,12,0.7110655737704918
E1_honestxmixed_beta0.0,honest,mixed,0.0,both_own,A_concede_t,1,0.006147540983606557
E1_honestxmixed_beta0.0,honest,mixed,0.0,both_own,A_concede_t,2,0.19467213114754098
E1_honestxmixed_beta0.0,honest,mixed,0.0,both_own,A_concede_t,3,0.24795081967213115
E1_honestxmixed_beta0.0,honest,mixed,0.0,both_own,A_concede_t,4,0.25
E1_honestxmixed_beta0.0,honest,mixed,0.0,both_own,A_concede_t,5,0.26229508196721313
E1_honestxmixed_beta0.0,honest,mixed,0.0,both_own,A_concede_t,6,0.26024590163934425
E1_honestxmixed_beta0.0,honest,mixed,0.0,both_own,A_concede_t,7,0.26639344262295084
E1_honestxmixed_beta0.0,honest,mixed,0.0,both_own,A_concede_t,8,0.2725409836065574
E1_honestxmixed_beta0.0,honest,mixed,0.0,both_own,A_concede_t,9,0.29508196721311475
E1_honestxmixed_beta0.0,honest,mixed,0.0,both_own,A_concede_t,10,0.3237704918032787
E1_honestxmixed_beta0.0,honest,mixed,0.0,both_own,A_concede_t,11,0.3012295081967213
E1_honestxmixed_beta0.0,honest,mixed,0.0,both_own,A_concede_t,12,0.28688524590163933
E1_honestxmixed_beta0.0,honest,mixed,0.0,both_own,B_concede_t,1,0.0020491803278688526
E1_honestxmixed_beta0.0,honest,mixed,0.0,both_own,B_concede_t,2,0.0
E1_honestxmixed_beta0.0,honest,mixed,0.0,both_own,B_concede_t,3,0.0020491803278688526
E1_honestxmixed_beta0.0,honest,mixed,0.0,both_own,B_concede_t,4,0.004098360655737705
E1_honestxmixed_beta0.0,honest,mixed,0.0,both_own,B_concede_t,5,0.006147540983606557
E1_honestxmixed_beta0.0,honest,mixed,0.0,both_own,B_concede_t,6,0.010245901639344262
E1_honestxmixed_beta0.0,honest,mixed,0.0,both_own,B_concede_t,7,0.006147540983606557
E1_honestxmixed_beta0.0,honest,mixed,0.0,both_own,B_concede_t,8,0.0
E1_honestxmixed_beta0.0,honest,mixed,0.0,both_own,B_concede_t,9,0.006147540983606557
E1_honestxmixed_beta0.0,honest,mixed,0.0,both_own,B_concede_t,10,0.018442622950819672
E1_honestxmixed_beta0.0,honest,mixed,0.0,both_own,B_concede_t,11,0.00819672131147541
E1_honestxmixed_beta0.0,honest,mixed,0.0,both_own,B_concede_t,12,0.0020491803278688526
E1_honestxmixed_beta0.0,honest,mixed,0.0,both_own,U_t,0,1.0
E1_honestxmixed_beta0.0,honest,mixed,0.0,both_own,U_t,1,0.9918032786885246
E1_honestxmixed_beta0.0,honest,mixed,0.0,both_own,U_t,2,0.8012295081967213
E1_honestxmixed_beta0.0,honest,mixed,0.0,both_own,U_t,3,0.6926229508196722
E1_honestxmixed_beta0.0,honest,mixed,0.0,both_own,U_t,4,0.6352459016393442
E1_honestxmixed_beta0.0,honest,mixed,0.0,both_own,U_t,5,0.6209016393442623
E1_honestxmixed_beta0.0,honest,mixed,0.0,both_own,U_t,6,0.6127049180327869
E1_honestxmixed_beta0.0,honest,mixed,0.0,both_own,U_t,7,0.6127049180327869
E1_honestxmixed_beta0.0,honest,mixed,0.0,both_own,U_t,8,0.6045081967213115
E1_honestxmixed_beta0.0,honest,mixed,0.0,both_own,U_t,9,0.5963114754098361
E1_honestxmixed_beta0.0,honest,mixed,0.0,both_own,U_t,10,0.5655737704918032
E1_honestxmixed_beta0.0,honest,mixed,0.0,both_own,U_t,11,0.5512295081967213
E1_honestxmixed_beta0.0,honest,mixed,0.0,both_own,U_t,12,0.5717213114754098
E1_attenuatedxhonest_beta0.0,attenuated,honest,0.0,all,A_p_truth_t,0,0.7861258782201477
E1_attenuatedxhonest_beta0.0,attenuated,honest,0.0,all,A_p_truth_t,1,0.8077661795962324
E1_attenuatedxhonest_beta0.0,attenuated,honest,0.0,all,A_p_truth_t,2,0.8108031406427371
E1_attenuatedxhonest_beta0.0,attenuated,honest,0.0,all,A_p_truth_t,3,0.8115473557891809
E1_attenuatedxhonest_beta0.0,attenuated,honest,0.0,all,A_p_truth_t,4,0.8121184798330148
E1_attenuatedxhonest_beta0.0,attenuated,honest,0.0,all,A_p_truth_t,5,0.8125448437461633
E1_attenuatedxhonest_beta0.0,attenuated,honest,0.0,all,A_p_truth_t,6,0.8127338554088178
E1_attenuatedxhonest_beta0.0,attenuated,honest,0.0,all,A_p_truth_t,7,0.8130775580367934
E1_attenuatedxhonest_beta0.0,attenuated,honest,0.0,all,A_p_truth_t,8,0.8133642464352308
E1_attenuatedxhonest_beta0.0,attenuated,honest,0.0,all,A_p_truth_t,9,0.813530082067473
E1_attenuatedxhonest_beta0.0,attenuated,honest,0.0,all,A_p_truth_t,10,0.8137402556860175
E1_attenuatedxhonest_beta0.0,attenuated,honest,0.0,all,A_p_truth_t,11,0.8138386439994894
E1_attenuatedxhonest_beta0.0,attenuated,honest,0.0,all,A_p_truth_t,12,0.8138854510886375
E1_attenuatedxhonest_beta0.0,attenuated,honest,0.0,all,B_p_truth_t,0,0.7856867681498896
E1_attenuatedxhonest_beta0.0,attenuated,honest,0.0,all,B_p_truth_t,1,0.8559841067180441
E1_attenuatedxhonest_beta0.0,attenuated,honest,0.0,all,B_p_truth_t,2,0.863881766730852
E1_attenuatedxhonest_beta0.0,attenuated,honest,0.0,all,B_p_truth_t,3,0.8645948028206257
E1_attenuatedxhonest_beta0.0,attenuated,honest,0.0,all,B_p_truth_t,4,0.8657962751131327
E1_attenuatedxhonest_beta0.0,attenuated,honest,0.0,all,B_p_truth_t,5,0.8668183452387427
E1_attenuatedxhonest_beta0.0,attenuated,honest,0.0,all,B_p_truth_t,6,0.8676815249583693
E1_attenuatedxhonest_beta0.0,attenuated,honest,0.0,all,B_p_truth_t,7,0.867630479573106
E1_attenuatedxhonest_beta0.0,attenuated,honest,0.0,all,B_p_truth_t,8,0.868118418191695
E1_attenuatedxhonest_beta0.0,attenuated,honest,0.0,all,B_p_truth_t,9,0.8688126359706226
E1_attenuatedxhonest_beta0.0,attenuated,honest,0.0,all,B_p_truth_t,10,0.8683920395560591
E1_attenuatedxhonest_beta0.0,attenuated,honest,0.0,all,B_p_truth_t,11,0.8681330958016772
E1_attenuatedxhonest_beta0.0,attenuated,honest,0.0,all,B_p_truth_t,12,0.8670153722681134
E1_attenuatedxhonest_beta0.0,attenuated,honest,0.0,all,nonc_mutual_t,1,0.2445
E1_attenuatedxhonest_beta0.0,attenuated,honest,0.0,all,nonc_mutual_t,2,0.2225
E1_attenuatedxhonest_beta0.0,attenuated,honest,0.0,all,nonc_mutual_t,3,0.2185
E1_attenuatedxhonest_beta0.0,attenuated,honest,0.0,all,nonc_mutual_t,4,0.216
E1_attenuatedxhonest_beta0.0,attenuated,honest,0.0,all,nonc_mutual_t,5,0.2175
E1_attenuatedxhonest_beta0.0,attenuated,honest,0.0,all,nonc_mutual_t,6,0.2195
E1_attenuatedxhonest_beta0.0,attenuated,honest,0.0,all,nonc_mutual_t,7,0.216
E1_attenuatedxhonest_beta0.0,attenuated,honest,0.0,all,nonc_mutual_t,8,0.2265
E1_attenuatedxhonest_beta0.0,attenuated,honest,0.0,all,nonc_mutual_t,9,0.2265
E1_attenuatedxhonest_beta0.0,attenuated,honest,0.0,all,nonc_mutual_t,10,0.2065
E1_attenuatedxhonest_beta0.0,attenuated,honest,0.0,all,nonc_mutual_t,11,0.2125
E1_attenuatedxhonest_beta0.0,attenuated,honest,0.0,all,nonc_mutual_t,12,0.2025
E1_attenuatedxhonest_beta0.0,attenuated,honest,0.0,all,A_concede_t,1,0.3695
E1_attenuatedxhonest_beta0.0,attenuated,honest,0.0,all,A_concede_t,2,0.3745
E1_attenuatedxhonest_beta0.0,attenuated,honest,0.0,all,A_concede_t,3,0.375
E1_attenuatedxhonest_beta0.0,attenuated,honest,0.0,all,A_concede_t,4,0.3775
E1_attenuatedxhonest_beta0.0,attenuated,honest,0.0,all,A_concede_t,5,0.3755
E1_attenuatedxhonest_beta0.0,attenuated,honest,0.0,all,A_concede_t,6,0.3745
E1_attenuatedxhonest_beta0.0,attenuated,honest,0.0,all,A_concede_t,7,0.3715
E1_attenuatedxhonest_beta0.0,attenuated,honest,0.0,all,A_concede_t,8,0.3715
E1_attenuatedxhonest_beta0.0,attenuated,honest,0.0,all,A_concede_t,9,0.374
E1_attenuatedxhonest_beta0.0,attenuated,honest,0.0,all,A_concede_t,10,0.378
E1_attenuatedxhonest_beta0.0,attenuated,honest,0.0,all,A_concede_t,11,0.3805
E1_attenuatedxhonest_beta0.0,attenuated,honest,0.0,all,A_concede_t,12,0.381
E1_attenuatedxhonest_beta0.0,attenuated,honest,0.0,all,B_concede_t,1,0.3905
E1_attenuatedxhonest_beta0.0,attenuated,honest,0.0,all,B_concede_t,2,0.4065
E1_attenuatedxhonest_beta0.0,attenuated,honest,0.0,all,B_concede_t,3,0.4105
E1_attenuatedxhonest_beta0.0,attenuated,honest,0.0,all,B_concede_t,4,0.4075
E1_attenuatedxhonest_beta0.0,attenuated,honest,0.0,all,B_concede_t,5,0.411
E1_attenuatedxhonest_beta0.0,attenuated,honest,0.0,all,B_concede_t,6,0.41
E1_attenuatedxhonest_beta0.0,attenuated,honest,0.0,all,B_concede_t,7,0.415
E1_attenuatedxhonest_beta0.0,attenuated,honest,0.0,all,B_concede_t,8,0.4055
E1_attenuatedxhonest_beta0.0,attenuated,honest,0.0,all,B_concede_t,9,0.4035
E1_attenuatedxhonest_beta0.0,attenuated,honest,0.0,all,B_concede_t,10,0.418
E1_attenuatedxhonest_beta0.0,attenuated,honest,0.0,all,B_concede_t,11,0.411
E1_attenuatedxhonest_beta0.0,attenuated,honest,0.0,all,B_concede_t,12,0.421
E1_attenuatedxhonest_beta0.0,attenuated,honest,0.0,all,U_t,0,1.0
E1_attenuatedxhonest_beta0.0,attenuated,honest,0.0,all,U_t,1,0.249
E1_attenuatedxhonest_beta0.0,attenuated,honest,0.0,all,U_t,2,0.1865
E1_attenuatedxhonest_beta0.0,attenuated,honest,0.0,all,U_t,3,0.168
E1_attenuatedxhonest_beta0.0,attenuated,honest,0.0,all,U_t,4,0.1615
E1_attenuatedxhonest_beta0.0,attenuated,honest,0.0,all,U_t,5,0.155
E1_attenuatedxhonest_beta0.0,attenuated,honest,0.0,all,U_t,6,0.1565
E1_attenuatedxhonest_beta0.0,attenuated,honest,0.0,all,U_t,7,0.1515
E1_attenuatedxhonest_beta0.0,attenuated,honest,0.0,all,U_t,8,0.152
E1_attenuatedxhonest_beta0.0,attenuated,honest,0.0,all,U_t,9,0.1575
E1_attenuatedxhonest_beta0.0,attenuated,honest,0.0,all,U_t,10,0.154
E1_attenuatedxhonest_beta0.0,attenuated,honest,0.0,all,U_t,11,0.148
E1_attenuatedxhonest_beta0.0,attenuated,honest,0.0,all,U_t,12,0.149
E1_attenuatedxhonest_beta0.0,attenuated,honest,0.0,both_own,A_p_truth_t,0,0.5785119207586285
E1_attenuatedxhonest_beta0.0,attenuated,honest,0.0,both_own,A_p_truth_t,1,0.5974730405482913
E1_attenuatedxhonest_beta0.0,attenuated,honest,0.0,both_own,A_p_truth_t,2,0.6026968220381688
E1_attenuatedxhonest_beta0.0,attenuated,honest,0.0,both_own,A_p_truth_t,3,0.6051360105858313
E1_attenuatedxhonest_beta0.0,attenuated,honest,0.0,both_own,A_p_truth_t,4,0.6074685336645488
E1_attenuatedxhonest_beta0.0,attenuated,honest,0.0,both_own,A_p_truth_t,5,0.6093958496027074
E1_attenuatedxhonest_beta0.0,attenuated,honest,0.0,both_own,A_p_truth_t,6,0.610306634117605
E1_attenuatedxhonest_beta0.0,attenuated,honest,0.0,both_own,A_p_truth_t,7,0.6118112684386426
E1_attenuatedxhonest_beta0.0,attenuated,honest,0.0,both_own,A_p_truth_t,8,0.6128075943965215
E1_attenuatedxhonest_beta0.0,attenuated,honest,0.0,both_own,A_p_truth_t,9,0.6135526182231579
E1_attenuatedxhonest_beta0.0,attenuated,honest,0.0,both_own,A_p_truth_t,10,0.6145030227226078
E1_attenuatedxhonest_beta0.0,attenuated,honest,0.0,both_own,A_p_truth_t,11,0.6149314121598387
E1_attenuatedxhonest_beta0.0,attenuated,honest,0.0,both_own,A_p_truth_t,12,0.6151034927011994
E1_attenuatedxhonest_beta0.0,attenuated,honest,0.0,both_own,B_p_truth_t,0,0.5569499366529735
E1_attenuatedxhonest_beta0.0,attenuated,honest,0.0,both_own,B_p_truth_t,1,0.6386613759948382
E1_attenuatedxhonest_beta0.0,attenuated,honest,0.0,both_own,B_p_truth_t,2,0.647772989705901
E1_attenuatedxhonest_beta0.0,attenuated,honest,0.0,both_own,B_p_truth_t,3,0.6476889960643207
E1_attenuatedxhonest_beta0.0,attenuated,honest,0.0,both_own,B_p_truth_t,4,0.6516384974013331
E1_attenuatedxhonest_beta0.0,attenuated,honest,0.0,both_own,B_p_truth_t,5,0.6547857992745049
E1_attenuatedxhonest_beta0.0,attenuated,honest,0.0,both_own,B_p_truth_t,6,0.6583588223227326
E1_attenuatedxhonest_beta0.0,attenuated,honest,0.0,both_own,B_p_truth_t,7,0.6581146672990126
E1_attenuatedxhonest_beta0.0,attenuated,honest,0.0,both_own,B_p_truth_t,8,0.6597017315110371
E1_attenuatedxhonest_beta0.0,attenuated,honest,0.0,both_own,B_p_truth_t,9,0.6622787506707842
E1_attenuatedxhonest_beta0.0,attenuated,honest,0.0,both_own,B_p_truth_t,10,0.6604929707445384
E1_attenuatedxhonest_beta0.0,attenuated,honest,0.0,both_own,B_p_truth_t,11,0.6601282925798287
E1_attenuatedxhonest_beta0.0,attenuated,honest,0.0,both_own,B_p_truth_t,12,0.6569083709187538
E1_attenuatedxhonest_beta0.0,attenuated,honest,0.0,both_own,nonc_mutual_t,1,0.7991803278688525
E1_attenuatedxhonest_beta0.0,attenuated,honest,0.0,both_own,nonc_mutual_t,2,0.7786885245901639
E1_attenuatedxhonest_beta0.0,attenuated,honest,0.0,both_own,nonc_mutual_t,3,0.7520491803278688
E1_attenuatedxhonest_beta0.0,attenuated,honest,0.0,both_own,nonc_mutual_t,4,0.75
E1_attenuatedxhonest_beta0.0,attenuated,honest,0.0,both_own,nonc_mutual_t,5,0.7397540983606558
E1_attenuatedxhonest_beta0.0,attenuated,honest,0.0,both_own,nonc_mutual_t,6,0.7438524590163934
E1_attenuatedxhonest_beta0.0,attenuated,honest,0.0,both_own,nonc_mutual_t,7,0.7233606557377049
E1_attenuatedxhonest_beta0.0,attenuated,honest,0.0,both_own,nonc_mutual_t,8,0.764344262295082
E1_attenuatedxhonest_beta0.0,attenuated,honest,0.0,both_own,nonc_mutual_t,9,0.7684426229508197
E1_attenuatedxhonest_beta0.0,attenuated,honest,0.0,both_own,nonc_mutual_t,10,0.7172131147540983
E1_attenuatedxhonest_beta0.0,attenuated,honest,0.0,both_own,nonc_mutual_t,11,0.7233606557377049
E1_attenuatedxhonest_beta0.0,attenuated,honest,0.0,both_own,nonc_mutual_t,12,0.6987704918032787
E1_attenuatedxhonest_beta0.0,attenuated,honest,0.0,both_own,A_concede_t,1,0.006147540983606557
E1_attenuatedxhonest_beta0.0,attenuated,honest,0.0,both_own,A_concede_t,2,0.004098360655737705
E1_attenuatedxhonest_beta0.0,attenuated,honest,0.0,both_own,A_concede_t,3,0.006147540983606557
E1_attenuatedxhonest_beta0.0,attenuated,honest,0.0,both_own,A_concede_t,4,0.010245901639344262
E1_attenuatedxhonest_beta0.0,attenuated,honest,0.0,both_own,A_concede_t,5,0.012295081967213115
E1_attenuatedxhonest_beta0.0,attenuated,honest,0.0,both_own,A_concede_t,6,0.00819672131147541
E1_attenuatedxhonest_beta0.0,attenuated,honest,0.0,both_own,A_concede_t,7,0.010245901639344262
E1_attenuatedxhonest_beta0.0,attenuated,honest,0.0,both_own,A_concede_t,8,0.012295081967213115
E1_attenuatedxhonest_beta0.0,attenuated,honest,0.0,both_own,A_concede_t,9,0.006147540983606557
E1_attenuatedxhonest_beta0.0,attenuated,honest,0.0,both_own,A_concede_t,10,0.012295081967213115
E1_attenuatedxhonest_beta0.0,attenuated,honest,0.0,both_own,A_concede_t,11,0.02459016393442623
E1_attenuatedxhonest_beta0.0,attenuated,honest,0.0,both_own,A_concede_t,12,0.014344262295081968
E1_attenuatedxhonest_beta0.0,attenuated,honest,0.0,both_own,B_concede_t,1,0.19467213114754098
E1_attenuatedxhonest_beta0.0,attenuated,honest,0.0,both_own,B_concede_t,2,0.21721311475409835
E1_attenuatedxhonest_beta0.0,attenuated,honest,0.0,both_own,B_concede_t,3,0.24180327868852458
E1_attenuatedxhonest_beta0.0,attenuated,honest,0.0,both_own,B_concede_t,4,0.23975409836065573
E1_attenuatedxhonest_beta0.0,attenuated,honest,0.0,both_own,B_concede_t,5,0.24795081967213115
E1_attenuatedxhonest_beta0.0,attenuated,honest,0.0,both_own,B_concede_t,6,0.24795081967213115
E1_attenuatedxhonest_beta0.0,attenuated,honest,0.0,both_own,B_concede_t,7,0.26639344262295084
E1_attenuatedxhonest_beta0.0,attenuated,honest,0.0,both_own,B_concede_t,8,0.22336065573770492
E1_attenuatedxhonest_beta0.0,attenuated,honest,0.0,both_own,B_concede_t,9,0.22540983606557377
E1_attenuatedxhonest_beta0.0,attenuated,honest,0.0,both_own,B_concede_t,10,0.27049180327868855
E1_attenuatedxhonest_beta0.0,attenuated,honest,0.0,both_own,B_concede_t,11,0.2540983606557377
E1_attenuatedxhonest_beta0.0,attenuated,honest,0.0,both_own,B_concede_t,12,0.29098360655737704
E1_attenuatedxhonest_beta0.0,attenuated,honest,0.0,both_own,U_t,0,1.0
E1_attenuatedxhonest_beta0.0,attenuated,honest,0.0,both_own,U_t,1,0.7991803278688525
E1_attenuatedxhonest_beta0.0,attenuated,honest,0.0,both_own,U_t,2,0.7049180327868853
E1_attenuatedxhonest_beta0.0,attenuated,honest,0.0,both_own,U_t,3,0.6495901639344263
E1_attenuatedxhonest_beta0.0,attenuated,honest,0.0,both_own,U_t,4,0.6270491803278688
E1_attenuatedxhonest_beta0.0,attenuated,honest,0.0,both_own,U_t,5,0.6024590163934426
E1_attenuatedxhonest_beta0.0,attenuated,honest,0.0,both_own,U_t,6,0.610655737704918
E1_attenuatedxhonest_beta0.0,attenuated,honest,0.0,both_own,U_t,7,0.5901639344262295
E1_attenuatedxhonest_beta0.0,attenuated,honest,0.0,both_own,U_t,8,0.5922131147540983
E1_attenuatedxhonest_beta0.0,attenuated,honest,0.0,both_own,U_t,9,0.6127049180327869
E1_attenuatedxhonest_beta0.0,attenuated,honest,0.0,both_own,U_t,10,0.6004098360655737
E1_attenuatedxhonest_beta0.0,attenuated,honest,0.0,both_own,U_t,11,0.5799180327868853
E1_attenuatedxhonest_beta0.0,attenuated,honest,0.0,both_own,U_t,12,0.5840163934426229
E1_attenuatedxattenuated_beta0.0,attenuated,attenuated,0.0,all,A_p_truth_t,0,0.7861258782201477
E1_attenuatedxattenuated_beta0.0,attenuated,attenuated,0.0,all,A_p_truth_t,1,0.8076843062753983
E1_attenuatedxattenuated_beta0.0,attenuated,attenuated,0.0,all,A_p_truth_t,2,0.8099368178092798
E1_attenuatedxattenuated_beta0.0,attenuated,attenuated,0.0,all,A_p_truth_t,3,0.8108465886052103
E1_attenuatedxattenuated_beta0.0,attenuated,attenuated,0.0,all,A_p_truth_t,4,0.8115792472700043
E1_attenuatedxattenuated_beta0.0,attenuated,attenuated,0.0,all,A_p_truth_t,5,0.8122603692893415
E1_attenuatedxattenuated_beta0.0,attenuated,attenuated,0.0,all,A_p_truth_t,6,0.8127283064831405
E1_attenuatedxattenuated_beta0.0,attenuated,attenuated,0.0,all,A_p_truth_t,7,0.8131206760341095
E1_attenuatedxattenuated_beta0.0,attenuated,attenuated,0.0,all,A_p_truth_t,8,0.813491638577657
E1_attenuatedxattenuated_beta0.0,attenuated,attenuated,0.0,all,A_p_truth_t,9,0.8137947167695949
E1_attenuatedxattenuated_beta0.0,attenuated,attenuated,0.0,all,A_p_truth_t,10,0.8138517562947994
E1_attenuatedxattenuated_beta0.0,attenuated,attenuated,0.0,all,A_p_truth_t,11,0.8135977236121251
E1_attenuatedxattenuated_beta0.0,attenuated,attenuated,0.0,all,A_p_truth_t,12,0.8135449126760504
E1_attenuatedxattenuated_beta0.0,attenuated,attenuated,0.0,all,B_p_truth_t,0,0.7856867681498896
E1_attenuatedxattenuated_beta0.0,attenuated,attenuated,0.0,all,B_p_truth_t,1,0.8071730994764733
E1_attenuatedxattenuated_beta0.0,attenuated,attenuated,0.0,all,B_p_truth_t,2,0.808923834218448
E1_attenuatedxattenuated_beta0.0,attenuated,attenuated,0.0,all,B_p_truth_t,3,0.8100574763731422
E1_attenuatedxattenuated_beta0.0,attenuated,attenuated,0.0,all,B_p_truth_t,4,0.8110393082100574
E1_attenuatedxattenuated_beta0.0,attenuated,attenuated,0.0,all,B_p_truth_t,5,0.8116243617718426
E1_attenuatedxattenuated_beta0.0,attenuated,attenuated,0.0,all,B_p_truth_t,6,0.8121345202808682
E1_attenuatedxattenuated_beta0.0,attenuated,attenuated,0.0,all,B_p_truth_t,7,0.8126150069685006
E1_attenuatedxattenuated_beta0.0,attenuated,attenuated,0.0,all,B_p_truth_t,8,0.8130154855176482
E1_attenuatedxattenuated_beta0.0,attenuated,attenuated,0.0,all,B_p_truth_t,9,0.8134574547765618
E1_attenuatedxattenuated_beta0.0,attenuated,attenuated,0.0,all,B_p_truth_t,10,0.8135309949810475
E1_attenuatedxattenuated_beta0.0,attenuated,attenuated,0.0,all,B_p_truth_t,11,0.8136496404753764
E1_attenuatedxattenuated_beta0.0,attenuated,attenuated,0.0,all,B_p_truth_t,12,0.8135667521091067
E1_attenuatedxattenuated_beta0.0,attenuated,attenuated,0.0,all,nonc_mutual_t,1,0.29
E1_attenuatedxattenuated_beta0.0,attenuated,attenuated,0.0,all,nonc_mutual_t,2,0.284
E1_attenuatedxattenuated_beta0.0,attenuated,attenuated,0.0,all,nonc_mutual_t,3,0.287
E1_attenuatedxattenuated_beta0.0,attenuated,attenuated,0.0,all,nonc_mutual_t,4,0.2815
E1_attenuatedxattenuated_beta0.0,attenuated,attenuated,0.0,all,nonc_mutual_t,5,0.2875
E1_attenuatedxattenuated_beta0.0,attenuated,attenuated,0.0,all,nonc_mutual_t,6,0.2875
E1_attenuatedxattenuated_beta0.0,attenuated,attenuated,0.0,all,nonc_mutual_t,7,0.293
E1_attenuatedxattenuated_beta0.0,attenuated,attenuated,0.0,all,nonc_mutual_t,8,0.288
E1_attenuatedxattenuated_beta0.0,attenuated,attenuated,0.0,all,nonc_mutual_t,9,0.29
E1_attenuatedxattenuated_beta0.0,attenuated,attenuated,0.0,all,nonc_mutual_t,10,0.2835
E1_attenuatedxattenuated_beta0.0,attenuated,attenuated,0.0,all,nonc_mutual_t,11,0.274
E1_attenuatedxattenuated_beta0.0,attenuated,attenuated,0.0,all,nonc_mutual_t,12,0.2765
E1_attenuatedxattenuated_beta0.0,attenuated,attenuated,0.0,all,A_concede_t,1,0.3695
E1_attenuatedxattenuated_beta0.0,attenuated,attenuated,0.0,all,A_concede_t,2,0.3705
E1_attenuatedxattenuated_beta0.0,attenuated,attenuated,0.0,all,A_concede_t,3,0.3715
E1_attenuatedxattenuated_beta0.0,attenuated,attenuated,0.0,all,A_concede_t,4,0.3735
E1_attenuatedxattenuated_beta0.0,attenuated,attenuated,0.0,all,A_concede_t,5,0.3725
E1_attenuatedxattenuated_beta0.0,attenuated,attenuated,0.0,all,A_concede_t,6,0.368
E1_attenuatedxattenuated_beta0.0,attenuated,attenuated,0.0,all,A_concede_t,7,0.364
E1_attenuatedxattenuated_beta0.0,attenuated,attenuated,0.0,all,A_concede_t,8,0.3655
E1_attenuatedxattenuated_beta0.0,attenuated,attenuated,0.0,all,A_concede_t,9,0.3695
E1_attenuatedxattenuated_beta0.0,attenuated,attenuated,0.0,all,A_concede_t,10,0.373
E1_attenuatedxattenuated_beta0.0,attenuated,attenuated,0.0,all,A_concede_t,11,0.3765
E1_attenuatedxattenuated_beta0.0,attenuated,attenuated,0.0,all,A_concede_t,12,0.379
E1_attenuatedxattenuated_beta0.0,attenuated,attenuated,0.0,all,B_concede_t,1,0.3635
E1_attenuatedxattenuated_beta0.0,attenuated,attenuated,0.0,all,B_concede_t,2,0.363
E1_attenuatedxattenuated_beta0.0,attenuated,attenuated,0.0,all,B_concede_t,3,0.36
E1_attenuatedxattenuated_beta0.0,attenuated,attenuated,0.0,all,B_concede_t,4,0.362
E1_attenuatedxattenuated_beta0.0,attenuated,attenuated,0.0,all,B_concede_t,5,0.362
E1_attenuatedxattenuated_beta0.0,attenuated,attenuated,0.0,all,B_concede_t,6,0.359
E1_attenuatedxattenuated_beta0.0,attenuated,attenuated,0.0,all,B_concede_t,7,0.357
E1_attenuatedxattenuated_beta0.0,attenuated,attenuated,0.0,all,B_concede_t,8,0.36
E1_attenuatedxattenuated_beta0.0,attenuated,attenuated,0.0,all,B_concede_t,9,0.3535
E1_attenuatedxattenuated_beta0.0,attenuated,attenuated,0.0,all,B_concede_t,10,0.355
E1_attenuatedxattenuated_beta0.0,attenuated,attenuated,0.0,all,B_concede_t,11,0.3635
E1_attenuatedxattenuated_beta0.0,attenuated,attenuated,0.0,all,B_concede_t,12,0.3585
E1_attenuatedxattenuated_beta0.0,attenuated,attenuated,0.0,all,U_t,0,1.0
E1_attenuatedxattenuated_beta0.0,attenuated,attenuated,0.0,all,U_t,1,0.313
E1_attenuatedxattenuated_beta0.0,attenuated,attenuated,0.0,all,U_t,2,0.2695
E1_attenuatedxattenuated_beta0.0,attenuated,attenuated,0.0,all,U_t,3,0.271
E1_attenuatedxattenuated_beta0.0,attenuated,attenuated,0.0,all,U_t,4,0.27
E1_attenuatedxattenuated_beta0.0,attenuated,attenuated,0.0,all,U_t,5,0.2705
E1_attenuatedxattenuated_beta0.0,attenuated,attenuated,0.0,all,U_t,6,0.266
E1_attenuatedxattenuated_beta0.0,attenuated,attenuated,0.0,all,U_t,7,0.263
E1_attenuatedxattenuated_beta0.0,attenuated,attenuated,0.0,all,U_t,8,0.261
E1_attenuatedxattenuated_beta0.0,attenuated,attenuated,0.0,all,U_t,9,0.2605
E1_attenuatedxattenuated_beta0.0,attenuated,attenuated,0.0,all,U_t,10,0.265
E1_attenuatedxattenuated_beta0.0,attenuated,attenuated,0.0,all,U_t,11,0.257
E1_attenuatedxattenuated_beta0.0,attenuated,attenuated,0.0,all,U_t,12,0.254
E1_attenuatedxattenuated_beta0.0,attenuated,attenuated,0.0,both_own,A_p_truth_t,0,0.5785119207586285
E1_attenuatedxattenuated_beta0.0,attenuated,attenuated,0.0,both_own,A_p_truth_t,1,0.5920763980424236
E1_attenuatedxattenuated_beta0.0,attenuated,attenuated,0.0,both_own,A_p_truth_t,2,0.5964087128284654
E1_attenuatedxattenuated_beta0.0,attenuated,attenuated,0.0,both_own,A_p_truth_t,3,0.5995012821487362
E1_attenuatedxattenuated_beta0.0,attenuated,attenuated,0.0,both_own,A_p_truth_t,4,0.6022627296611356
E1_attenuatedxattenuated_beta0.0,attenuated,attenuated,0.0,both_own,A_p_truth_t,5,0.6048780537409958
E1_attenuatedxattenuated_beta0.0,attenuated,attenuated,0.0,both_own,A_p_truth_t,6,0.6069039430550051
E1_attenuatedxattenuated_beta0.0,attenuated,attenuated,0.0,both_own,A_p_truth_t,7,0.6084882611065886
E1_attenuatedxattenuated_beta0.0,attenuated,attenuated,0.0,both_own,A_p_truth_t,8,0.6098595404718219
E1_attenuatedxattenuated_beta0.0,attenuated,attenuated,0.0,both_own,A_p_truth_t,9,0.6110821041451076
E1_attenuatedxattenuated_beta0.0,attenuated,attenuated,0.0,both_own,A_p_truth_t,10,0.6113680915366733
E1_attenuatedxattenuated_beta0.0,attenuated,attenuated,0.0,both_own,A_p_truth_t,11,0.6105348611298468
E1_attenuatedxattenuated_beta0.0,attenuated,attenuated,0.0,both_own,A_p_truth_t,12,0.6101626379318429
E1_attenuatedxattenuated_beta0.0,attenuated,attenuated,0.0,both_own,B_p_truth_t,0,0.5569499366529735
E1_attenuatedxattenuated_beta0.0,attenuated,attenuated,0.0,both_own,B_p_truth_t,1,0.5715582802300765
E1_attenuatedxattenuated_beta0.0,attenuated,attenuated,0.0,both_own,B_p_truth_t,2,0.5743604240423507
E1_attenuatedxattenuated_beta0.0,attenuated,attenuated,0.0,both_own,B_p_truth_t,3,0.5778730719221626
E1_attenuatedxattenuated_beta0.0,attenuated,attenuated,0.0,both_own,B_p_truth_t,4,0.5815496733880284
E1_attenuatedxattenuated_beta0.0,attenuated,attenuated,0.0,both_own,B_p_truth_t,5,0.5839135072038016
E1_attenuatedxattenuated_beta0.0,attenuated,attenuated,0.0,both_own,B_p_truth_t,6,0.5861264329171132
E1_attenuatedxattenuated_beta0.0,attenuated,attenuated,0.0,both_own,B_p_truth_t,7,0.5880089033663712
E1_attenuatedxattenuated_beta0.0,attenuated,attenuated,0.0,both_own,B_p_truth_t,8,0.5894280709717363
E1_attenuatedxattenuated_beta0.0,attenuated,attenuated,0.0,both_own,B_p_truth_t,9,0.5912337140914952
E1_attenuatedxattenuated_beta0.0,attenuated,attenuated,0.0,both_own,B_p_truth_t,10,0.5916344287260193
E1_attenuatedxattenuated_beta0.0,attenuated,attenuated,0.0,both_own,B_p_truth_t,11,0.5923021422675093
E1_attenuatedxattenuated_beta0.0,attenuated,attenuated,0.0,both_own,B_p_truth_t,12,0.592420315048639
E1_attenuatedxattenuated_beta0.0,attenuated,attenuated,0.0,both_own,nonc_mutual_t,1,0.9877049180327869
E1_attenuatedxattenuated_beta0.0,attenuated,attenuated,0.0,both_own,nonc_mutual_t,2,0.9815573770491803
E1_attenuatedxattenuated_beta0.0,attenuated,attenuated,0.0,both_own,nonc_mutual_t,3,0.9877049180327869
E1_attenuatedxattenuated_beta0.0,attenuated,attenuated,0.0,both_own,nonc_mutual_t,4,0.9733606557377049
E1_attenuatedxattenuated_beta0.0,attenuated,attenuated,0.0,both_own,nonc_mutual_t,5,0.9774590163934426
E1_attenuatedxattenuated_beta0.0,attenuated,attenuated,0.0,both_own,nonc_mutual_t,6,0.9733606557377049
E1_attenuatedxattenuated_beta0.0,attenuated,attenuated,0.0,both_own,nonc_mutual_t,7,0.9754098360655737
E1_attenuatedxattenuated_beta0.0,attenuated,attenuated,0.0,both_own,nonc_mutual_t,8,0.9733606557377049
E1_attenuatedxattenuated_beta0.0,attenuated,attenuated,0.0,both_own,nonc_mutual_t,9,0.9713114754098361
E1_attenuatedxattenuated_beta0.0,attenuated,attenuated,0.0,both_own,nonc_mutual_t,10,0.9754098360655737
E1_attenuatedxattenuated_beta0.0,attenuated,attenuated,0.0,both_own,nonc_mutual_t,11,0.944672131147541
E1_attenuatedxattenuated_beta0.0,attenuated,attenuated,0.0,both_own,nonc_mutual_t,12,0.9549180327868853
E1_attenuatedxattenuated_beta0.0,attenuated,attenuated,0.0,both_own,A_concede_t,1,0.006147540983606557
E1_attenuatedxattenuated_beta0.0,attenuated,attenuated,0.0,both_own,A_concede_t,2,0.004098360655737705
E1_attenuatedxattenuated_beta0.0,attenuated,attenuated,0.0,both_own,A_concede_t,3,0.00819672131147541
E1_attenuatedxattenuated_beta0.0,attenuated,attenuated,0.0,both_own,A_concede_t,4,0.012295081967213115
E1_attenuatedxattenuated_beta0.0,attenuated,attenuated,0.0,both_own,A_concede_t,5,0.012295081967213115
E1_attenuatedxattenuated_beta0.0,attenuated,attenuated,0.0,both_own,A_concede_t,6,0.00819672131147541
E1_attenuatedxattenuated_beta0.0,attenuated,attenuated,0.0,both_own,A_concede_t,7,0.010245901639344262
E1_attenuatedxattenuated_beta0.0,attenuated,attenuated,0.0,both_own,A_concede_t,8,0.014344262295081968
E1_attenuatedxattenuated_beta0.0,attenuated,attenuated,0.0,both_own,A_concede_t,9,0.014344262295081968
E1_attenuatedxattenuated_beta0.0,attenuated,attenuated,0.0,both_own,A_concede_t,10,0.01639344262295082
E1_attenuatedxattenuated_beta0.0,attenuated,attenuated,0.0,both_own,A_concede_t,11,0.028688524590163935
E1_attenuatedxattenuated_beta0.0,attenuated,attenuated,0.0,both_own,A_concede_t,12,0.02459016393442623
E1_attenuatedxattenuated_beta0.0,attenuated,attenuated,0.0,both_own,B_concede_t,1,0.006147540983606557
E1_attenuatedxattenuated_beta0.0,attenuated,attenuated,0.0,both_own,B_concede_t,2,0.014344262295081968
E1_attenuatedxattenuated_beta0.0,attenuated,attenuated,0.0,both_own,B_concede_t,3,0.004098360655737705
E1_attenuatedxattenuated_beta0.0,attenuated,attenuated,0.0,both_own,B_concede_t,4,0.014344262295081968
E1_attenuatedxattenuated_beta0.0,attenuated,attenuated,0.0,both_own,B_concede_t,5,0.010245901639344262
E1_attenuatedxattenuated_beta0.0,attenuated,attenuated,0.0,both_own,B_concede_t,6,0.018442622950819672
E1_attenuatedxattenuated_beta0.0,attenuated,attenuated,0.0,both_own,B_concede_t,7,0.014344262295081968
E1_attenuatedxattenuated_beta0.0,attenuated,attenuated,0.0,both_own,B_concede_t,8,0.012295081967213115
E1_attenuatedxattenuated_beta0.0,attenuated,attenuated,0.0,both_own,B_concede_t,9,0.014344262295081968
E1_attenuatedxattenuated_beta0.0,attenuated,attenuated,0.0,both_own,B_concede_t,10,0.00819672131147541
E1_attenuatedxattenuated_beta0.0,attenuated,attenuated,0.0,both_own,B_concede_t,11,0.028688524590163935
E1_attenuatedxattenuated_beta0.0,attenuated,attenuated,0.0,both_own,B_concede_t,12,0.020491803278688523
E1_attenuatedxattenuated_beta0.0,attenuated,attenuated,0.0,both_own,U_t,0,1.0
E1_attenuatedxattenuated_beta0.0,attenuated,attenuated,0.0,both_own,U_t,1,0.9877049180327869
E1_attenuatedxattenuated_beta0.0,attenuated,attenuated,0.0,both_own,U_t,2,0.9774590163934426
E1_attenuatedxattenuated_beta0.0,attenuated,attenuated,0.0,both_own,U_t,3,0.985655737704918
E1_attenuatedxattenuated_beta0.0,attenuated,attenuated,0.0,both_own,U_t,4,0.9733606557377049
E1_attenuatedxattenuated_beta0.0,attenuated,attenuated,0.0,both_own,U_t,5,0.9733606557377049
E1_attenuatedxattenuated_beta0.0,attenuated,attenuated,0.0,both_own,U_t,6,0.9610655737704918
E1_attenuatedxattenuated_beta0.0,attenuated,attenuated,0.0,both_own,U_t,7,0.9631147540983607
E1_attenuatedxattenuated_beta0.0,attenuated,attenuated,0.0,both_own,U_t,8,0.9549180327868853
E1_attenuatedxattenuated_beta0.0,attenuated,attenuated,0.0,both_own,U_t,9,0.9590163934426229
E1_attenuatedxattenuated_beta0.0,attenuated,attenuated,0.0,both_own,U_t,10,0.9672131147540983
E1_attenuatedxattenuated_beta0.0,attenuated,attenuated,0.0,both_own,U_t,11,0.9364754098360656
E1_attenuatedxattenuated_beta0.0,attenuated,attenuated,0.0,both_own,U_t,12,0.9323770491803278
E1_attenuatedxcostly_beta0.0,attenuated,costly,0.0,all,A_p_truth_t,0,0.7861258782201477
E1_attenuatedxcostly_beta0.0,attenuated,costly,0.0,all,A_p_truth_t,1,0.8043770987761916
E1_attenuatedxcostly_beta0.0,attenuated,costly,0.0,all,A_p_truth_t,2,0.8080885070317173
E1_attenuatedxcostly_beta0.0,attenuated,costly,0.0,all,A_p_truth_t,3,0.8091782852367705
E1_attenuatedxcostly_beta0.0,attenuated,costly,0.0,all,A_p_truth_t,4,0.810033404257229
E1_attenuatedxcostly_beta0.0,attenuated,costly,0.0,all,A_p_truth_t,5,0.8104999186140792
E1_attenuatedxcostly_beta0.0,attenuated,costly,0.0,all,A_p_truth_t,6,0.8109464506402979
E1_attenuatedxcostly_beta0.0,attenuated,costly,0.0,all,A_p_truth_t,7,0.8113829932188393
E1_attenuatedxcostly_beta0.0,attenuated,costly,0.0,all,A_p_truth_t,8,0.8116883942647029
E1_attenuatedxcostly_beta0.0,attenuated,costly,0.0,all,A_p_truth_t,9,0.811998106047693
E1_attenuatedxcostly_beta0.0,attenuated,costly,0.0,all,A_p_truth_t,10,0.8122733085565222
E1_attenuatedxcostly_beta0.0,attenuated,costly,0.0,all,A_p_truth_t,11,0.8124725648100193
E1_attenuatedxcostly_beta0.0,attenuated,costly,0.0,all,A_p_truth_t,12,0.8126441716198648
E1_attenuatedxcostly_beta0.0,attenuated,costly,0.0,all,B_p_truth_t,0,0.7856867681498896
E1_attenuatedxcostly_beta0.0,attenuated,costly,0.0,all,B_p_truth_t,1,0.8559841067180441
E1_attenuatedxcostly_beta0.0,attenuated,costly,0.0,all,B_p_truth_t,2,0.8647385476621023
E1_attenuatedxcostly_beta0.0,attenuated,costly,0.0,all,B_p_truth_t,3,0.8678015497507844
E1_attenuatedxcostly_beta0.0,attenuated,costly,0.0,all,B_p_truth_t,4,0.8708913941751993
E1_attenuatedxcostly_beta0.0,attenuated,costly,0.0,all,B_p_truth_t,5,0.8735130318653671
E1_attenuatedxcostly_beta0.0,attenuated,costly,0.0,all,B_p_truth_t,6,0.8760132702735572
E1_attenuatedxcostly_beta0.0,attenuated,costly,0.0,all,B_p_truth_t,7,0.8775143747713056
E1_attenuatedxcostly_beta0.0,attenuated,costly,0.0,all,B_p_truth_t,8,0.8789072370846782
E1_attenuatedxcostly_beta0.0,attenuated,costly,0.0,all,B_p_truth_t,9,0.8812029008758057
E1_attenuatedxcostly_beta0.0,attenuated,costly,0.0,all,B_p_truth_t,10,0.8809810443765339
E1_attenuatedxcostly_beta0.0,attenuated,costly,0.0,all,B_p_truth_t,11,0.881705244336337
E1_attenuatedxcostly_beta0.0,attenuated,costly,0.0,all,B_p_truth_t,12,0.8809427230471066
E1_attenuatedxcostly_beta0.0,attenuated,costly,0.0,all,nonc_mutual_t,1,0.617
E1_attenuatedxcostly_beta0.0,attenuated,costly,0.0,all,nonc_mutual_t,2,0.6155
E1_attenuatedxcostly_beta0.0,attenuated,costly,0.0,all,nonc_mutual_t,3,0.615
E1_attenuatedxcostly_beta0.0,attenuated,costly,0.0,all,nonc_mutual_t,4,0.6125
E1_attenuatedxcostly_beta0.0,attenuated,costly,0.0,all,nonc_mutual_t,5,0.613
E1_attenuatedxcostly_beta0.0,attenuated,costly,0.0,all,nonc_mutual_t,6,0.6155
E1_attenuatedxcostly_beta0.0,attenuated,costly,0.0,all,nonc_mutual_t,7,0.615
E1_attenuatedxcostly_beta0.0,attenuated,costly,0.0,all,nonc_mutual_t,8,0.621
E1_attenuatedxcostly_beta0.0,attenuated,costly,0.0,all,nonc_mutual_t,9,0.614
E1_attenuatedxcostly_beta0.0,attenuated,costly,0.0,all,nonc_mutual_t,10,0.61
E1_attenuatedxcostly_beta0.0,attenuated,costly,0.0,all,nonc_mutual_t,11,0.6055
E1_attenuatedxcostly_beta0.0,attenuated,costly,0.0,all,nonc_mutual_t,12,0.604
E1_attenuatedxcostly_beta0.0,attenuated,costly,0.0,all,A_concede_t,1,0.3695
E1_attenuatedxcostly_beta0.0,attenuated,costly,0.0,all,A_concede_t,2,0.3755
E1_attenuatedxcostly_beta0.0,attenuated,costly,0.0,all,A_concede_t,3,0.3755
E1_attenuatedxcostly_beta0.0,attenuated,costly,0.0,all,A_concede_t,4,0.3785
E1_attenuatedxcostly_beta0.0,attenuated,costly,0.0,all,A_concede_t,5,0.3755
E1_attenuatedxcostly_beta0.0,attenuated,costly,0.0,all,A_concede_t,6,0.374
E1_attenuatedxcostly_beta0.0,attenuated,costly,0.0,all,A_concede_t,7,0.3715
E1_attenuatedxcostly_beta0.0,attenuated,costly,0.0,all,A_concede_t,8,0.3715
E1_attenuatedxcostly_beta0.0,attenuated,costly,0.0,all,A_concede_t,9,0.375
E1_attenuatedxcostly_beta0.0,attenuated,costly,0.0,all,A_concede_t,10,0.3775
E1_attenuatedxcostly_beta0.0,attenuated,costly,0.0,all,A_concede_t,11,0.38
E1_attenuatedxcostly_beta0.0,attenuated,costly,0.0,all,A_concede_t,12,0.381
E1_attenuatedxcostly_beta0.0,attenuated,costly,0.0,all,B_concede_t,1,0.0135
E1_attenuatedxcostly_beta0.0,attenuated,costly,0.0,all,B_concede_t,2,0.009
E1_attenuatedxcostly_beta0.0,attenuated,costly,0.0,all,B_concede_t,3,0.0095
E1_attenuatedxcostly_beta0.0,attenuated,costly,0.0,all,B_concede_t,4,0.009
E1_attenuatedxcostly_beta0.0,attenuated,costly,0.0,all,B_concede_t,5,0.0115
E1_attenuatedxcostly_beta0.0,attenuated,costly,0.0,all,B_concede_t,6,0.0105
E1_attenuatedxcostly_beta0.0,attenuated,costly,0.0,all,B_concede_t,7,0.0135
E1_attenuatedxcostly_beta0.0,attenuated,costly,0.0,all,B_concede_t,8,0.0075
E1_attenuatedxcostly_beta0.0,attenuated,costly,0.0,all,B_concede_t,9,0.011
E1_attenuatedxcostly_beta0.0,attenuated,costly,0.0,all,B_concede_t,10,0.0125
E1_attenuatedxcostly_beta0.0,attenuated,costly,0.0,all,B_concede_t,11,0.0145
E1_attenuatedxcostly_beta0.0,attenuated,costly,0.0,all,B_concede_t,12,0.015
E1_attenuatedxcostly_beta0.0,attenuated,costly,0.0,all,U_t,0,1.0
E1_attenuatedxcostly_beta0.0,attenuated,costly,0.0,all,U_t,1,0.617
E1_attenuatedxcostly_beta0.0,attenuated,costly,0.0,all,U_t,2,0.5805
E1_attenuatedxcostly_beta0.0,attenuated,costly,0.0,all,U_t,3,0.569
E1_attenuatedxcostly_beta0.0,attenuated,costly,0.0,all,U_t,4,0.5615
E1_attenuatedxcostly_beta0.0,attenuated,costly,0.0,all,U_t,5,0.5505
E1_attenuatedxcostly_beta0.0,attenuated,costly,0.0,all,U_t,6,0.541
E1_attenuatedxcostly_beta0.0,attenuated,costly,0.0,all,U_t,7,0.5325
E1_attenuatedxcostly_beta0.0,attenuated,costly,0.0,all,U_t,8,0.5255
E1_attenuatedxcostly_beta0.0,attenuated,costly,0.0,all,U_t,9,0.5215
E1_attenuatedxcostly_beta0.0,attenuated,costly,0.0,all,U_t,10,0.511
E1_attenuatedxcostly_beta0.0,attenuated,costly,0.0,all,U_t,11,0.4925
E1_attenuatedxcostly_beta0.0,attenuated,costly,0.0,all,U_t,12,0.485
E1_attenuatedxcostly_beta0.0,attenuated,costly,0.0,both_own,A_p_truth_t,0,0.5785119207586285
E1_attenuatedxcostly_beta0.0,attenuated,costly,0.0,both_own,A_p_truth_t,1,0.5962504221364315
E1_attenuatedxcostly_beta0.0,attenuated,costly,0.0,both_own,A_p_truth_t,2,0.6015528309036957
E1_attenuatedxcostly_beta0.0,attenuated,costly,0.0,both_own,A_p_truth_t,3,0.6038280797097647
E1_attenuatedxcostly_beta0.0,attenuated,costly,0.0,both_own,A_p_truth_t,4,0.6062868148545727
E1_attenuatedxcostly_beta0.0,attenuated,costly,0.0,both_own,A_p_truth_t,5,0.6076901681496459
E1_attenuatedxcostly_beta0.0,attenuated,costly,0.0,both_own,A_p_truth_t,6,0.6089019496401722
E1_attenuatedxcostly_beta0.0,attenuated,costly,0.0,both_own,A_p_truth_t,7,0.6102957010884106
E1_attenuatedxcostly_beta0.0,attenuated,costly,0.0,both_own,A_p_truth_t,8,0.611126829820042
E1_attenuatedxcostly_beta0.0,attenuated,costly,0.0,both_own,A_p_truth_t,9,0.6121629965254186
E1_attenuatedxcostly_beta0.0,attenuated,costly,0.0,both_own,A_p_truth_t,10,0.6130137984052451
E1_attenuatedxcostly_beta0.0,attenuated,costly,0.0,both_own,A_p_truth_t,11,0.6136208638883895
E1_attenuatedxcostly_beta0.0,attenuated,costly,0.0,both_own,A_p_truth_t,12,0.6140630758695479
E1_attenuatedxcostly_beta0.0,attenuated,costly,0.0,both_own,B_p_truth_t,0,0.5569499366529735
E1_attenuatedxcostly_beta0.0,attenuated,costly,0.0,both_own,B_p_truth_t,1,0.6386613759948382
E1_attenuatedxcostly_beta0.0,attenuated,costly,0.0,both_own,B_p_truth_t,2,0.6487459429489756
E1_attenuatedxcostly_beta0.0,attenuated,costly,0.0,both_own,B_p_truth_t,3,0.6550571473659712
E1_attenuatedxcostly_beta0.0,attenuated,costly,0.0,both_own,B_p_truth_t,4,0.6640832588033849
E1_attenuatedxcostly_beta0.0,attenuated,costly,0.0,both_own,B_p_truth_t,5,0.6728173748829772
E1_attenuatedxcostly_beta0.0,attenuated,costly,0.0,both_own,B_p_truth_t,6,0.6813411519191143
E1_attenuatedxcostly_beta0.0,attenuated,costly,0.0,both_own,B_p_truth_t,7,0.687190811852067
E1_attenuatedxcostly_beta0.0,attenuated,costly,0.0,both_own,B_p_truth_t,8,0.6918215109553945
E1_attenuatedxcostly_beta0.0,attenuated,costly,0.0,both_own,B_p_truth_t,9,0.7002858956032039
E1_attenuatedxcostly_beta0.0,attenuated,costly,0.0,both_own,B_p_truth_t,10,0.6989997452186816
E1_attenuatedxcostly_beta0.0,attenuated,costly,0.0,both_own,B_p_truth_t,11,0.703047608744489
E1_attenuatedxcostly_beta0.0,attenuated,costly,0.0,both_own,B_p_truth_t,12,0.7014410361111448
E1_attenuatedxcostly_beta0.0,attenuated,costly,0.0,both_own,nonc_mutual_t,1,0.9938524590163934
E1_attenuatedxcostly_beta0.0,attenuated,costly,0.0,both_own,nonc_mutual_t,2,0.9959016393442623
E1_attenuatedxcostly_beta0.0,attenuated,costly,0.0,both_own,nonc_mutual_t,3,0.9938524590163934
E1_attenuatedxcostly_beta0.0,attenuated,costly,0.0,both_own,nonc_mutual_t,4,0.9897540983606558
E1_attenuatedxcostly_beta0.0,attenuated,costly,0.0,both_own,nonc_mutual_t,5,0.9877049180327869
E1_attenuatedxcostly_beta0.0,attenuated,costly,0.0,both_own,nonc_mutual_t,6,0.9897540983606558
E1_attenuatedxcostly_beta0.0,attenuated,costly,0.0,both_own,nonc_mutual_t,7,0.9897540983606558
E1_attenuatedxcostly_beta0.0,attenuated,costly,0.0,both_own,nonc_mutual_t,8,0.985655737704918
E1_attenuatedxcostly_beta0.0,attenuated,costly,0.0,both_own,nonc_mutual_t,9,0.9918032786885246
E1_attenuatedxcostly_beta0.0,attenuated,costly,0.0,both_own,nonc_mutual_t,10,0.985655737704918
E1_attenuatedxcostly_beta0.0,attenuated,costly,0.0,both_own,nonc_mutual_t,11,0.9733606557377049
E1_attenuatedxcostly_beta0.0,attenuated,costly,0.0,both_own,nonc_mutual_t,12,0.9836065573770492
E1_attenuatedxcostly_beta0.0,attenuated,costly,0.0,both_own,A_concede_t,1,0.006147540983606557
E1_attenuatedxcostly_beta0.0,attenuated,costly,0.0,both_own,A_concede_t,2,0.004098360655737705
E1_attenuatedxcostly_beta0.0,attenuated,costly,0.0,both_own,A_concede_t,3,0.006147540983606557
E1_attenuatedxcostly_beta0.0,attenuated,costly,0.0,both_own,A_concede_t,4,0.010245901639344262
E1_attenuatedxcostly_beta0.0,attenuated,costly,0.0,both_own,A_concede_t,5,0.012295081967213115
E1_attenuatedxcostly_beta0.0,attenuated,costly,0.0,both_own,A_concede_t,6,0.00819672131147541
E1_attenuatedxcostly_beta0.0,attenuated,costly,0.0,both_own,A_concede_t,7,0.00819672131147541
E1_attenuatedxcostly_beta0.0,attenuated,costly,0.0,both_own,A_concede_t,8,0.012295081967213115
E1_attenuatedxcostly_beta0.0,attenuated,costly,0.0,both_own,A_concede_t,9,0.006147540983606557
E1_attenuatedxcostly_beta0.0,attenuated,costly,0.0,both_own,A_concede_t,10,0.012295081967213115
E1_attenuatedxcostly_beta0.0,attenuated,costly,0.0,both_own,A_concede_t,11,0.02459016393442623
E1_attenuatedxcostly_beta0.0,attenuated,costly,0.0,both_own,A_concede_t,12,0.014344262295081968
E1_attenuatedxcostly_beta0.0,attenuated,costly,0.0,both_own,B_concede_t,1,0.0
E1_attenuatedxcostly_beta0.0,attenuated,costly,0.0,both_own,B_concede_t,2,0.0
E1_attenuatedxcostly_beta0.0,attenuated,costly,0.0,both_own,B_concede_t,3,0.0
E1_attenuatedxcostly_beta0.0,attenuated,costly,0.0,both_own,B_concede_t,4,0.0
E1_attenuatedxcostly_beta0.0,attenuated,costly,0.0,both_own,B_concede_t,5,0.0
E1_attenuatedxcostly_beta0.0,attenuated,costly,0.0,both_own,B_concede_t,6,0.0020491803278688526
E1_attenuatedxcostly_beta0.0,attenuated,costly,0.0,both_own,B_concede_t,7,0.0020491803278688526
E1_attenuatedxcostly_beta0.0,attenuated,costly,0.0,both_own,B_concede_t,8,0.0020491803278688526
E1_attenuatedxcostly_beta0.0,attenuated,costly,0.0,both_own,B_concede_t,9,0.0020491803278688526
E1_attenuatedxcostly_beta0.0,attenuated,costly,0.0,both_own,B_concede_t,10,0.0020491803278688526
E1_attenuatedxcostly_beta0.0,attenuated,costly,0.0,both_own,B_concede_t,11,0.0020491803278688526
E1_attenuatedxcostly_beta0.0,attenuated,costly,0.0,both_own,B_concede_t,12,0.0020491803278688526
E1_attenuatedxcostly_beta0.0,attenuated,costly,0.0,both_own,U_t,0,1.0
E1_attenuatedxcostly_beta0.0,attenuated,costly,0.0,both_own,U_t,1,0.9938524590163934
E1_attenuatedxcostly_beta0.0,attenuated,costly,0.0,both_own,U_t,2,0.9938524590163934
E1_attenuatedxcostly_beta0.0,attenuated,costly,0.0,both_own,U_t,3,0.9938524590163934
E1_attenuatedxcostly_beta0.0,attenuated,costly,0.0,both_own,U_t,4,0.9897540983606558
E1_attenuatedxcostly_beta0.0,attenuated,costly,0.0,both_own,U_t,5,0.9877049180327869
E1_attenuatedxcostly_beta0.0,attenuated,costly,0.0,both_own,U_t,6,0.9836065573770492
E1_attenuatedxcostly_beta0.0,attenuated,costly,0.0,both_own,U_t,7,0.9795081967213115
E1_attenuatedxcostly_beta0.0,attenuated,costly,0.0,both_own,U_t,8,0.9733606557377049
E1_attenuatedxcostly_beta0.0,attenuated,costly,0.0,both_own,U_t,9,0.9795081967213115
E1_attenuatedxcostly_beta0.0,attenuated,costly,0.0,both_own,U_t,10,0.9754098360655737
E1_attenuatedxcostly_beta0.0,attenuated,costly,0.0,both_own,U_t,11,0.9569672131147541
E1_attenuatedxcostly_beta0.0,attenuated,costly,0.0,both_own,U_t,12,0.9631147540983607
E1_attenuatedxmixed_beta0.0,attenuated,mixed,0.0,all,A_p_truth_t,0,0.7861258782201477
E1_attenuatedxmixed_beta0.0,attenuated,mixed,0.0,all,A_p_truth_t,1,0.8053877768663769
E1_attenuatedxmixed_beta0.0,attenuated,mixed,0.0,all,A_p_truth_t,2,0.808568842111413
E1_attenuatedxmixed_beta0.0,attenuated,mixed,0.0,all,A_p_truth_t,3,0.8098244922558746
E1_attenuatedxmixed_beta0.0,attenuated,mixed,0.0,all,A_p_truth_t,4,0.8106993583706428
E1_attenuatedxmixed_beta0.0,attenuated,mixed,0.0,all,A_p_truth_t,5,0.8114894522839525
E1_attenuatedxmixed_beta0.0,attenuated,mixed,0.0,all,A_p_truth_t,6,0.8121064373162978
E1_attenuatedxmixed_beta0.0,attenuated,mixed,0.0,all,A_p_truth_t,7,0.8126147890644666
E1_attenuatedxmixed_beta0.0,attenuated,mixed,0.0,all,A_p_truth_t,8,0.813030984964479
E1_attenuatedxmixed_beta0.0,attenuated,mixed,0.0,all,A_p_truth_t,9,0.8133309129329803
E1_attenuatedxmixed_beta0.0,attenuated,mixed,0.0,all,A_p_truth_t,10,0.813746431282548
E1_attenuatedxmixed_beta0.0,attenuated,mixed,0.0,all,A_p_truth_t,11,0.8138669765346667
E1_attenuatedxmixed_beta0.0,attenuated,mixed,0.0,all,A_p_truth_t,12,0.8140155173158442
E1_attenuatedxmixed_beta0.0,attenuated,mixed,0.0,all,B_p_truth_t,0,0.7856867681498896
E1_attenuatedxmixed_beta0.0,attenuated,mixed,0.0,all,B_p_truth_t,1,0.837500664178776
E1_attenuatedxmixed_beta0.0,attenuated,mixed,0.0,all,B_p_truth_t,2,0.8436902634108171
E1_attenuatedxmixed_beta0.0,attenuated,mixed,0.0,all,B_p_truth_t,3,0.8465230790389832
E1_attenuatedxmixed_beta0.0,attenuated,mixed,0.0,all,B_p_truth_t,4,0.8490423922591062
E1_attenuatedxmixed_beta0.0,attenuated,mixed,0.0,all,B_p_truth_t,5,0.8509022986105721
E1_attenuatedxmixed_beta0.0,attenuated,mixed,0.0,all,B_p_truth_t,6,0.852729987970356
E1_attenuatedxmixed_beta0.0,attenuated,mixed,0.0,all,B_p_truth_t,7,0.8538478108416292
E1_attenuatedxmixed_beta0.0,attenuated,mixed,0.0,all,B_p_truth_t,8,0.8550034503071349
E1_attenuatedxmixed_beta0.0,attenuated,mixed,0.0,all,B_p_truth_t,9,0.8566383992398986
E1_attenuatedxmixed_beta0.0,attenuated,mixed,0.0,all,B_p_truth_t,10,0.8570060773669591
E1_attenuatedxmixed_beta0.0,attenuated,mixed,0.0,all,B_p_truth_t,11,0.857585213850904
E1_attenuatedxmixed_beta0.0,attenuated,mixed,0.0,all,B_p_truth_t,12,0.8570145455262712
E1_attenuatedxmixed_beta0.0,attenuated,mixed,0.0,all,nonc_mutual_t,1,0.475
E1_attenuatedxmixed_beta0.0,attenuated,mixed,0.0,all,nonc_mutual_t,2,0.48
E1_attenuatedxmixed_beta0.0,attenuated,mixed,0.0,all,nonc_mutual_t,3,0.474
E1_attenuatedxmixed_beta0.0,attenuated,mixed,0.0,all,nonc_mutual_t,4,0.473
E1_attenuatedxmixed_beta0.0,attenuated,mixed,0.0,all,nonc_mutual_t,5,0.487
E1_attenuatedxmixed_beta0.0,attenuated,mixed,0.0,all,nonc_mutual_t,6,0.477
E1_attenuatedxmixed_beta0.0,attenuated,mixed,0.0,all,nonc_mutual_t,7,0.4675
E1_attenuatedxmixed_beta0.0,attenuated,mixed,0.0,all,nonc_mutual_t,8,0.4835
E1_attenuatedxmixed_beta0.0,attenuated,mixed,0.0,all,nonc_mutual_t,9,0.475
E1_attenuatedxmixed_beta0.0,attenuated,mixed,0.0,all,nonc_mutual_t,10,0.47
E1_attenuatedxmixed_beta0.0,attenuated,mixed,0.0,all,nonc_mutual_t,11,0.471
E1_attenuatedxmixed_beta0.0,attenuated,mixed,0.0,all,nonc_mutual_t,12,0.4725
E1_attenuatedxmixed_beta0.0,attenuated,mixed,0.0,all,A_concede_t,1,0.3695
E1_attenuatedxmixed_beta0.0,attenuated,mixed,0.0,all,A_concede_t,2,0.3745
E1_attenuatedxmixed_beta0.0,attenuated,mixed,0.0,all,A_concede_t,3,0.3755
E1_attenuatedxmixed_beta0.0,attenuated,mixed,0.0,all,A_concede_t,4,0.377
E1_attenuatedxmixed_beta0.0,attenuated,mixed,0.0,all,A_concede_t,5,0.3755
E1_attenuatedxmixed_beta0.0,attenuated,mixed,0.0,all,A_concede_t,6,0.3735
E1_attenuatedxmixed_beta0.0,attenuated,mixed,0.0,all,A_concede_t,7,0.37
E1_attenuatedxmixed_beta0.0,attenuated,mixed,0.0,all,A_concede_t,8,0.37
E1_attenuatedxmixed_beta0.0,attenuated,mixed,0.0,all,A_concede_t,9,0.374
E1_attenuatedxmixed_beta0.0,attenuated,mixed,0.0,all,A_concede_t,10,0.377
E1_attenuatedxmixed_beta0.0,attenuated,mixed,0.0,all,A_concede_t,11,0.3785
E1_attenuatedxmixed_beta0.0,attenuated,mixed,0.0,all,A_concede_t,12,0.381
E1_attenuatedxmixed_beta0.0,attenuated,mixed,0.0,all,B_concede_t,1,0.1585
E1_attenuatedxmixed_beta0.0,attenuated,mixed,0.0,all,B_concede_t,2,0.147
E1_attenuatedxmixed_beta0.0,attenuated,mixed,0.0,all,B_concede_t,3,0.1525
E1_attenuatedxmixed_beta0.0,attenuated,mixed,0.0,all,B_concede_t,4,0.15
E1_attenuatedxmixed_beta0.0,attenuated,mixed,0.0,all,B_concede_t,5,0.1395
E1_attenuatedxmixed_beta0.0,attenuated,mixed,0.0,all,B_concede_t,6,0.151
E1_attenuatedxmixed_beta0.0,attenuated,mixed,0.0,all,B_concede_t,7,0.164
E1_attenuatedxmixed_beta0.0,attenuated,mixed,0.0,all,B_concede_t,8,0.148
E1_attenuatedxmixed_beta0.0,attenuated,mixed,0.0,all,B_concede_t,9,0.152
E1_attenuatedxmixed_beta0.0,attenuated,mixed,0.0,all,B_concede_t,10,0.155
E1_attenuatedxmixed_beta0.0,attenuated,mixed,0.0,all,B_concede_t,11,0.153
E1_attenuatedxmixed_beta0.0,attenuated,mixed,0.0,all,B_concede_t,12,0.147
E1_attenuatedxmixed_beta0.0,attenuated,mixed,0.0,all,U_t,0,1.0
E1_attenuatedxmixed_beta0.0,attenuated,mixed,0.0,all,U_t,1,0.478
E1_attenuatedxmixed_beta0.0,attenuated,mixed,0.0,all,U_t,2,0.3685
E1_attenuatedxmixed_beta0.0,attenuated,mixed,0.0,all,U_t,3,0.329
E1_attenuatedxmixed_beta0.0,attenuated,mixed,0.0,all,U_t,4,0.3005
E1_attenuatedxmixed_beta0.0,attenuated,mixed,0.0,all,U_t,5,0.288
E1_attenuatedxmixed_beta0.0,attenuated,mixed,0.0,all,U_t,6,0.2725
E1_attenuatedxmixed_beta0.0,attenuated,mixed,0.0,all,U_t,7,0.2635
E1_attenuatedxmixed_beta0.0,attenuated,mixed,0.0,all,U_t,8,0.2585
E1_attenuatedxmixed_beta0.0,attenuated,mixed,0.0,all,U_t,9,0.259
E1_attenuatedxmixed_beta0.0,attenuated,mixed,0.0,all,U_t,10,0.2545
E1_attenuatedxmixed_beta0.0,attenuated,mixed,0.0,all,U_t,11,0.25
E1_attenuatedxmixed_beta0.0,attenuated,mixed,0.0,all,U_t,12,0.2495
E1_attenuatedxmixed_beta0.0,attenuated,mixed,0.0,both_own,A_p_truth_t,0,0.5785119207586285
E1_attenuatedxmixed_beta0.0,attenuated,mixed,0.0,both_own,A_p_truth_t,1,0.5934394241217368
E1_attenuatedxmixed_beta0.0,attenuated,mixed,0.0,both_own,A_p_truth_t,2,0.598562770321346
E1_attenuatedxmixed_beta0.0,attenuated,mixed,0.0,both_own,A_p_truth_t,3,0.6020462247381005
E1_attenuatedxmixed_beta0.0,attenuated,mixed,0.0,both_own,A_p_truth_t,4,0.6043878973638541
E1_attenuatedxmixed_beta0.0,attenuated,mixed,0.0,both_own,A_p_truth_t,5,0.6066068158370745
E1_attenuatedxmixed_beta0.0,attenuated,mixed,0.0,both_own,A_p_truth_t,6,0.6083231402949909
E1_attenuatedxmixed_beta0.0,attenuated,mixed,0.0,both_own,A_p_truth_t,7,0.6098435886717957
E1_attenuatedxmixed_beta0.0,attenuated,mixed,0.0,both_own,A_p_truth_t,8,0.6111991056615056
E1_attenuatedxmixed_beta0.0,attenuated,mixed,0.0,both_own,A_p_truth_t,9,0.6120680367569639
E1_attenuatedxmixed_beta0.0,attenuated,mixed,0.0,both_own,A_p_truth_t,10,0.6131774551058367
E1_attenuatedxmixed_beta0.0,attenuated,mixed,0.0,both_own,A_p_truth_t,11,0.6134777678185717
E1_attenuatedxmixed_beta0.0,attenuated,mixed,0.0,both_own,A_p_truth_t,12,0.6139717519536111
E1_attenuatedxmixed_beta0.0,attenuated,mixed,0.0,both_own,B_p_truth_t,0,0.5569499366529735
E1_attenuatedxmixed_beta0.0,attenuated,mixed,0.0,both_own,B_p_truth_t,1,0.6045128135888377
E1_attenuatedxmixed_beta0.0,attenuated,mixed,0.0,both_own,B_p_truth_t,2,0.6134686217101778
E1_attenuatedxmixed_beta0.0,attenuated,mixed,0.0,both_own,B_p_truth_t,3,0.6220096313120954
E1_attenuatedxmixed_beta0.0,attenuated,mixed,0.0,both_own,B_p_truth_t,4,0.6309429329001042
E1_attenuatedxmixed_beta0.0,attenuated,mixed,0.0,both_own,B_p_truth_t,5,0.6383125817439858
E1_attenuatedxmixed_beta0.0,attenuated,mixed,0.0,both_own,B_p_truth_t,6,0.6450130530132849
E1_attenuatedxmixed_beta0.0,attenuated,mixed,0.0,both_own,B_p_truth_t,7,0.6494343703659147
E1_attenuatedxmixed_beta0.0,attenuated,mixed,0.0,both_own,B_p_truth_t,8,0.6529494119768051
E1_attenuatedxmixed_beta0.0,attenuated,mixed,0.0,both_own,B_p_truth_t,9,0.659115927699332
E1_attenuatedxmixed_beta0.0,attenuated,mixed,0.0,both_own,B_p_truth_t,10,0.6605455000613397
E1_attenuatedxmixed_beta0.0,attenuated,mixed,0.0,both_own,B_p_truth_t,11,0.6634901258352524
E1_attenuatedxmixed_beta0.0,attenuated,mixed,0.0,both_own,B_p_truth_t,12,0.662766629632707
E1_attenuatedxmixed_beta0.0,attenuated,mixed,0.0,both_own,nonc_mutual_t,1,0.9918032786885246
E1_attenuatedxmixed_beta0.0,attenuated,mixed,0.0,both_own,nonc_mutual_t,2,0.9959016393442623
E1_attenuatedxmixed_beta0.0,attenuated,mixed,0.0,both_own,nonc_mutual_t,3,0.9897540983606558
E1_attenuatedxmixed_beta0.0,attenuated,mixed,0.0,both_own,nonc_mutual_t,4,0.985655737704918
E1_attenuatedxmixed_beta0.0,attenuated,mixed,0.0,both_own,nonc_mutual_t,5,0.9815573770491803
E1_attenuatedxmixed_beta0.0,attenuated,mixed,0.0,both_own,nonc_mutual_t,6,0.9795081967213115
E1_attenuatedxmixed_beta0.0,attenuated,mixed,0.0,both_own,nonc_mutual_t,7,0.9795081967213115
E1_attenuatedxmixed_beta0.0,attenuated,mixed,0.0,both_own,nonc_mutual_t,8,0.985655737704918
E1_attenuatedxmixed_beta0.0,attenuated,mixed,0.0,both_own,nonc_mutual_t,9,0.9836065573770492
E1_attenuatedxmixed_beta0.0,attenuated,mixed,0.0,both_own,nonc_mutual_t,10,0.9672131147540983
E1_attenuatedxmixed_beta0.0,attenuated,mixed,0.0,both_own,nonc_mutual_t,11,0.9672131147540983
E1_attenuatedxmixed_beta0.0,attenuated,mixed,0.0,both_own,nonc_mutual_t,12,0.9754098360655737
E1_attenuatedxmixed_beta0.0,attenuated,mixed,0.0,both_own,A_concede_t,1,0.006147540983606557
E1_attenuatedxmixed_beta0.0,attenuated,mixed,0.0,both_own,A_concede_t,2,0.004098360655737705
E1_attenuatedxmixed_beta0.0,attenuated,mixed,0.0,both_own,A_concede_t,3,0.00819672131147541
E1_attenuatedxmixed_beta0.0,attenuated,mixed,0.0,both_own,A_concede_t,4,0.010245901639344262
E1_attenuatedxmixed_beta0.0,attenuated,mixed,0.0,both_own,A_concede_t,5,0.012295081967213115
E1_attenuatedxmixed_beta0.0,attenuated,mixed,0.0,both_own,A_concede_t,6,0.00819672131147541
E1_attenuatedxmixed_beta0.0,attenuated,mixed,0.0,both_own,A_concede_t,7,0.00819672131147541
E1_attenuatedxmixed_beta0.0,attenuated,mixed,0.0,both_own,A_concede_t,8,0.014344262295081968
E1_attenuatedxmixed_beta0.0,attenuated,mixed,0.0,both_own,A_concede_t,9,0.010245901639344262
E1_attenuatedxmixed_beta0.0,attenuated,mixed,0.0,both_own,A_concede_t,10,0.014344262295081968
E1_attenuatedxmixed_beta0.0,attenuated,mixed,0.0,both_own,A_concede_t,11,0.02663934426229508
E1_attenuatedxmixed_beta0.0,attenuated,mixed,0.0,both_own,A_concede_t,12,0.020491803278688523
E1_attenuatedxmixed_beta0.0,attenuated,mixed,0.0,both_own,B_concede_t,1,0.0020491803278688526
E1_attenuatedxmixed_beta0.0,attenuated,mixed,0.0,both_own,B_concede_t,2,0.0
E1_attenuatedxmixed_beta0.0,attenuated,mixed,0.0,both_own,B_concede_t,3,0.0020491803278688526
E1_attenuatedxmixed_beta0.0,attenuated,mixed,0.0,both_own,B_concede_t,4,0.004098360655737705
E1_attenuatedxmixed_beta0.0,attenuated,mixed,0.0,both_own,B_concede_t,5,0.006147540983606557
E1_attenuatedxmixed_beta0.0,attenuated,mixed,0.0,both_own,B_concede_t,6,0.012295081967213115
E1_attenuatedxmixed_beta0.0,attenuated,mixed,0.0,both_own,B_concede_t,7,0.012295081967213115
E1_attenuatedxmixed_beta0.0,attenuated,mixed,0.0,both_own,B_concede_t,8,0.0
E1_attenuatedxmixed_beta0.0,attenuated,mixed,0.0,both_own,B_concede_t,9,0.006147540983606557
E1_attenuatedxmixed_beta0.0,attenuated,mixed,0.0,both_own,B_concede_t,10,0.018442622950819672
E1_attenuatedxmixed_beta0.0,attenuated,mixed,0.0,both_own,B_concede_t,11,0.006147540983606557
E1_attenuatedxmixed_beta0.0,attenuated,mixed,0.0,both_own,B_concede_t,12,0.004098360655737705
E1_attenuatedxmixed_beta0.0,attenuated,mixed,0.0,both_own,U_t,0,1.0
E1_attenuatedxmixed_beta0.0,attenuated,mixed,0.0,both_own,U_t,1,0.9918032786885246
E1_attenuatedxmixed_beta0.0,attenuated,mixed,0.0,both_own,U_t,2,0.9918032786885246
E1_attenuatedxmixed_beta0.0,attenuated,mixed,0.0,both_own,U_t,3,0.9897540983606558
E1_attenuatedxmixed_beta0.0,attenuated,mixed,0.0,both_own,U_t,4,0.9836065573770492
E1_attenuatedxmixed_beta0.0,attenuated,mixed,0.0,both_own,U_t,5,0.9774590163934426
E1_attenuatedxmixed_beta0.0,attenuated,mixed,0.0,both_own,U_t,6,0.9672131147540983
E1_attenuatedxmixed_beta0.0,attenuated,mixed,0.0,both_own,U_t,7,0.9590163934426229
E1_attenuatedxmixed_beta0.0,attenuated,mixed,0.0,both_own,U_t,8,0.9610655737704918
E1_attenuatedxmixed_beta0.0,attenuated,mixed,0.0,both_own,U_t,9,0.9631147540983607
E1_attenuatedxmixed_beta0.0,attenuated,mixed,0.0,both_own,U_t,10,0.9508196721311475
E1_attenuatedxmixed_beta0.0,attenuated,mixed,0.0,both_own,U_t,11,0.930327868852459
E1_attenuatedxmixed_beta0.0,attenuated,mixed,0.0,both_own,U_t,12,0.9323770491803278
E1_costlyxhonest_beta0.0,costly,honest,0.0,all,A_p_truth_t,0,0.7861258782201477
E1_costlyxhonest_beta0.0,costly,honest,0.0,all,A_p_truth_t,1,0.8659609972590704
E1_costlyxhonest_beta0.0,costly,honest,0.0,all,A_p_truth_t,2,0.8747340338520931
E1_costlyxhonest_beta0.0,costly,honest,0.0,all,A_p_truth_t,3,0.8788852855968378
E1_costlyxhonest_beta0.0,costly,honest,0.0,all,A_p_truth_t,4,0.8818738616409056
E1_costlyxhonest_beta0.0,costly,honest,0.0,all,A_p_truth_t,5,0.8844540991472227
E1_costlyxhonest_beta0.0,costly,honest,0.0,all,A_p_truth_t,6,0.886059140138316
E1_costlyxhonest_beta0.0,costly,honest,0.0,all,A_p_truth_t,7,0.8876528484169175
E1_costlyxhonest_beta0.0,costly,honest,0.0,all,A_p_truth_t,8,0.889058839080605
E1_costlyxhonest_beta0.0,costly,honest,0.0,all,A_p_truth_t,9,0.8903964223076012
E1_costlyxhonest_beta0.0,costly,honest,0.0,all,A_p_truth_t,10,0.8921171698913818
E1_costlyxhonest_beta0.0,costly,honest,0.0,all,A_p_truth_t,11,0.8931196687767479
E1_costlyxhonest_beta0.0,costly,honest,0.0,all,A_p_truth_t,12,0.8937244340569833
E1_costlyxhonest_beta0.0,costly,honest,0.0,all,B_p_truth_t,0,0.7856867681498896
E1_costlyxhonest_beta0.0,costly,honest,0.0,all,B_p_truth_t,1,0.8527459557125829
E1_costlyxhonest_beta0.0,costly,honest,0.0,all,B_p_truth_t,2,0.8627746719771853
E1_costlyxhonest_beta0.0,costly,honest,0.0,all,B_p_truth_t,3,0.8661199614191504
E1_costlyxhonest_beta0.0,costly,honest,0.0,all,B_p_truth_t,4,0.8678059118105919
E1_costlyxhonest_beta0.0,costly,honest,0.0,all,B_p_truth_t,5,0.8689939896470966
E1_costlyxhonest_beta0.0,costly,honest,0.0,all,B_p_truth_t,6,0.8701495328726124
E1_costlyxhonest_beta0.0,costly,honest,0.0,all,B_p_truth_t,7,0.8707144181052684
E1_costlyxhonest_beta0.0,costly,honest,0.0,all,B_p_truth_t,8,0.8708205140823894
E1_costlyxhonest_beta0.0,costly,honest,0.0,all,B_p_truth_t,9,0.8712895281292182
E1_costlyxhonest_beta0.0,costly,honest,0.0,all,B_p_truth_t,10,0.8716316495188023
E1_costlyxhonest_beta0.0,costly,honest,0.0,all,B_p_truth_t,11,0.8720915523143182
E1_costlyxhonest_beta0.0,costly,honest,0.0,all,B_p_truth_t,12,0.8726094071344883
E1_costlyxhonest_beta0.0,costly,honest,0.0,all,nonc_mutual_t,1,0.5995
E1_costlyxhonest_beta0.0,costly,honest,0.0,all,nonc_mutual_t,2,0.5835
E1_costlyxhonest_beta0.0,costly,honest,0.0,all,nonc_mutual_t,3,0.579
E1_costlyxhonest_beta0.0,costly,honest,0.0,all,nonc_mutual_t,4,0.569
E1_costlyxhonest_beta0.0,costly,honest,0.0,all,nonc_mutual_t,5,0.5785
E1_costlyxhonest_beta0.0,costly,honest,0.0,all,nonc_mutual_t,6,0.5775
E1_costlyxhonest_beta0.0,costly,honest,0.0,all,nonc_mutual_t,7,0.5675
E1_costlyxhonest_beta0.0,costly,honest,0.0,all,nonc_mutual_t,8,0.573
E1_costlyxhonest_beta0.0,costly,honest,0.0,all,nonc_mutual_t,9,0.5825
E1_costlyxhonest_beta0.0,costly,honest,0.0,all,nonc_mutual_t,10,0.5635
E1_costlyxhonest_beta0.0,costly,honest,0.0,all,nonc_mutual_t,11,0.5715
E1_costlyxhonest_beta0.0,costly,honest,0.0,all,nonc_mutual_t,12,0.5615
E1_costlyxhonest_beta0.0,costly,honest,0.0,all,A_concede_t,1,0.0035
E1_costlyxhonest_beta0.0,costly,honest,0.0,all,A_concede_t,2,0.0075
E1_costlyxhonest_beta0.0,costly,honest,0.0,all,A_concede_t,3,0.0065
E1_costlyxhonest_beta0.0,costly,honest,0.0,all,A_concede_t,4,0.014
E1_costlyxhonest_beta0.0,costly,honest,0.0,all,A_concede_t,5,0.005
E1_costlyxhonest_beta0.0,costly,honest,0.0,all,A_concede_t,6,0.0065
E1_costlyxhonest_beta0.0,costly,honest,0.0,all,A_concede_t,7,0.011
E1_costlyxhonest_beta0.0,costly,honest,0.0,all,A_concede_t,8,0.01
E1_costlyxhonest_beta0.0,costly,honest,0.0,all,A_concede_t,9,0.0075
E1_costlyxhonest_beta0.0,costly,honest,0.0,all,A_concede_t,10,0.01
E1_costlyxhonest_beta0.0,costly,honest,0.0,all,A_concede_t,11,0.009
E1_costlyxhonest_beta0.0,costly,honest,0.0,all,A_concede_t,12,0.0115
E1_costlyxhonest_beta0.0,costly,honest,0.0,all,B_concede_t,1,0.397
E1_costlyxhonest_beta0.0,costly,honest,0.0,all,B_concede_t,2,0.409
E1_costlyxhonest_beta0.0,costly,honest,0.0,all,B_concede_t,3,0.4145
E1_costlyxhonest_beta0.0,costly,honest,0.0,all,B_concede_t,4,0.417
E1_costlyxhonest_beta0.0,costly,honest,0.0,all,B_concede_t,5,0.4165
E1_costlyxhonest_beta0.0,costly,honest,0.0,all,B_concede_t,6,0.416
E1_costlyxhonest_beta0.0,costly,honest,0.0,all,B_concede_t,7,0.4215
E1_costlyxhonest_beta0.0,costly,honest,0.0,all,B_concede_t,8,0.417
E1_costlyxhonest_beta0.0,costly,honest,0.0,all,B_concede_t,9,0.41
E1_costlyxhonest_beta0.0,costly,honest,0.0,all,B_concede_t,10,0.4265
E1_costlyxhonest_beta0.0,costly,honest,0.0,all,B_concede_t,11,0.4195
E1_costlyxhonest_beta0.0,costly,honest,0.0,all,B_concede_t,12,0.427
E1_costlyxhonest_beta0.0,costly,honest,0.0,all,U_t,0,1.0
E1_costlyxhonest_beta0.0,costly,honest,0.0,all,U_t,1,0.5995
E1_costlyxhonest_beta0.0,costly,honest,0.0,all,U_t,2,0.5575
E1_costlyxhonest_beta0.0,costly,honest,0.0,all,U_t,3,0.535
E1_costlyxhonest_beta0.0,costly,honest,0.0,all,U_t,4,0.514
E1_costlyxhonest_beta0.0,costly,honest,0.0,all,U_t,5,0.503
E1_costlyxhonest_beta0.0,costly,honest,0.0,all,U_t,6,0.501
E1_costlyxhonest_beta0.0,costly,honest,0.0,all,U_t,7,0.487
E1_costlyxhonest_beta0.0,costly,honest,0.0,all,U_t,8,0.476
E1_costlyxhonest_beta0.0,costly,honest,0.0,all,U_t,9,0.476
E1_costlyxhonest_beta0.0,costly,honest,0.0,all,U_t,10,0.4625
E1_costlyxhonest_beta0.0,costly,honest,0.0,all,U_t,11,0.4565
E1_costlyxhonest_beta0.0,costly,honest,0.0,all,U_t,12,0.4455
E1_costlyxhonest_beta0.0,costly,honest,0.0,both_own,A_p_truth_t,0,0.5785119207586285
E1_costlyxhonest_beta0.0,costly,honest,0.0,both_own,A_p_truth_t,1,0.6790731774364104
E1_costlyxhonest_beta0.0,costly,honest,0.0,both_own,A_p_truth_t,2,0.6972743400011031
E1_costlyxhonest_beta0.0,costly,honest,0.0,both_own,A_p_truth_t,3,0.7053971823119621
E1_costlyxhonest_beta0.0,costly,honest,0.0,both_own,A_p_truth_t,4,0.7131320025589543
E1_costlyxhonest_beta0.0,costly,honest,0.0,both_own,A_p_truth_t,5,0.7199932026122777
E1_costlyxhonest_beta0.0,costly,honest,0.0,both_own,A_p_truth_t,6,0.7237514196559667
E1_costlyxhonest_beta0.0,costly,honest,0.0,both_own,A_p_truth_t,7,0.7278039549151599
E1_costlyxhonest_beta0.0,costly,honest,0.0,both_own,A_p_truth_t,8,0.7307463865126155
E1_costlyxhonest_beta0.0,costly,honest,0.0,both_own,A_p_truth_t,9,0.7335826660264619
E1_costlyxhonest_beta0.0,costly,honest,0.0,both_own,A_p_truth_t,10,0.7388744930083759
E1_costlyxhonest_beta0.0,costly,honest,0.0,both_own,A_p_truth_t,11,0.7414636859080147
E1_costlyxhonest_beta0.0,costly,honest,0.0,both_own,A_p_truth_t,12,0.7424246658102955
E1_costlyxhonest_beta0.0,costly,honest,0.0,both_own,B_p_truth_t,0,0.5569499366529735
E1_costlyxhonest_beta0.0,costly,honest,0.0,both_own,B_p_truth_t,1,0.6373257816098948
E1_costlyxhonest_beta0.0,costly,honest,0.0,both_own,B_p_truth_t,2,0.6523775277344119
E1_costlyxhonest_beta0.0,costly,honest,0.0,both_own,B_p_truth_t,3,0.6613104379842925
E1_costlyxhonest_beta0.0,costly,honest,0.0,both_own,B_p_truth_t,4,0.6652313512821485
E1_costlyxhonest_beta0.0,costly,honest,0.0,both_own,B_p_truth_t,5,0.6677914283568271
E1_costlyxhonest_beta0.0,costly,honest,0.0,both_own,B_p_truth_t,6,0.6707006993019047
E1_costlyxhonest_beta0.0,costly,honest,0.0,both_own,B_p_truth_t,7,0.6722500772019273
E1_costlyxhonest_beta0.0,costly,honest,0.0,both_own,B_p_truth_t,8,0.6715220948104189
E1_costlyxhonest_beta0.0,costly,honest,0.0,both_own,B_p_truth_t,9,0.6721481055698759
E1_costlyxhonest_beta0.0,costly,honest,0.0,both_own,B_p_truth_t,10,0.6732240398982878
E1_costlyxhonest_beta0.0,costly,honest,0.0,both_own,B_p_truth_t,11,0.6751109756679853
E1_costlyxhonest_beta0.0,costly,honest,0.0,both_own,B_p_truth_t,12,0.6766548848793221
E1_costlyxhonest_beta0.0,costly,honest,0.0,both_own,nonc_mutual_t,1,0.805327868852459
E1_costlyxhonest_beta0.0,costly,honest,0.0,both_own,nonc_mutual_t,2,0.7827868852459017
E1_costlyxhonest_beta0.0,costly,honest,0.0,both_own,nonc_mutual_t,3,0.7581967213114754
E1_costlyxhonest_beta0.0,costly,honest,0.0,both_own,nonc_mutual_t,4,0.7459016393442623
E1_costlyxhonest_beta0.0,costly,honest,0.0,both_own,nonc_mutual_t,5,0.7397540983606558
E1_costlyxhonest_beta0.0,costly,honest,0.0,both_own,nonc_mutual_t,6,0.7438524590163934
E1_costlyxhonest_beta0.0,costly,honest,0.0,both_own,nonc_mutual_t,7,0.7254098360655737
E1_costlyxhonest_beta0.0,costly,honest,0.0,both_own,nonc_mutual_t,8,0.7561475409836066
E1_costlyxhonest_beta0.0,costly,honest,0.0,both_own,nonc_mutual_t,9,0.7602459016393442
E1_costlyxhonest_beta0.0,costly,honest,0.0,both_own,nonc_mutual_t,10,0.7131147540983607
E1_costlyxhonest_beta0.0,costly,honest,0.0,both_own,nonc_mutual_t,11,0.7336065573770492
E1_costlyxhonest_beta0.0,costly,honest,0.0,both_own,nonc_mutual_t,12,0.7008196721311475
E1_costlyxhonest_beta0.0,costly,honest,0.0,both_own,A_concede_t,1,0.0
E1_costlyxhonest_beta0.0,costly,honest,0.0,both_own,A_concede_t,2,0.0
E1_costlyxhonest_beta0.0,costly,honest,0.0,both_own,A_concede_t,3,0.0
E1_costlyxhonest_beta0.0,costly,honest,0.0,both_own,A_concede_t,4,0.0020491803278688526
E1_costlyxhonest_beta0.0,costly,honest,0.0,both_own,A_concede_t,5,0.0
E1_costlyxhonest_beta0.0,costly,honest,0.0,both_own,A_concede_t,6,0.0
E1_costlyxhonest_beta0.0,costly,honest,0.0,both_own,A_concede_t,7,0.0
E1_costlyxhonest_beta0.0,costly,honest,0.0,both_own,A_concede_t,8,0.0
E1_costlyxhonest_beta0.0,costly,honest,0.0,both_own,A_concede_t,9,0.0020491803278688526
E1_costlyxhonest_beta0.0,costly,honest,0.0,both_own,A_concede_t,10,0.0
E1_costlyxhonest_beta0.0,costly,honest,0.0,both_own,A_concede_t,11,0.004098360655737705
E1_costlyxhonest_beta0.0,costly,honest,0.0,both_own,A_concede_t,12,0.004098360655737705
E1_costlyxhonest_beta0.0,costly,honest,0.0,both_own,B_concede_t,1,0.19467213114754098
E1_costlyxhonest_beta0.0,costly,honest,0.0,both_own,B_concede_t,2,0.21721311475409835
E1_costlyxhonest_beta0.0,costly,honest,0.0,both_own,B_concede_t,3,0.24180327868852458
E1_costlyxhonest_beta0.0,costly,honest,0.0,both_own,B_concede_t,4,0.2520491803278688
E1_costlyxhonest_beta0.0,costly,honest,0.0,both_own,B_concede_t,5,0.26024590163934425
E1_costlyxhonest_beta0.0,costly,honest,0.0,both_own,B_concede_t,6,0.25614754098360654
E1_costlyxhonest_beta0.0,costly,honest,0.0,both_own,B_concede_t,7,0.27459016393442626
E1_costlyxhonest_beta0.0,costly,honest,0.0,both_own,B_concede_t,8,0.24385245901639344
E1_costlyxhonest_beta0.0,costly,honest,0.0,both_own,B_concede_t,9,0.23770491803278687
E1_costlyxhonest_beta0.0,costly,honest,0.0,both_own,B_concede_t,10,0.28688524590163933
E1_costlyxhonest_beta0.0,costly,honest,0.0,both_own,B_concede_t,11,0.26229508196721313
E1_costlyxhonest_beta0.0,costly,honest,0.0,both_own,B_concede_t,12,0.29508196721311475
E1_costlyxhonest_beta0.0,costly,honest,0.0,both_own,U_t,0,1.0
E1_costlyxhonest_beta0.0,costly,honest,0.0,both_own,U_t,1,0.805327868852459
E1_costlyxhonest_beta0.0,costly,honest,0.0,both_own,U_t,2,0.7110655737704918
E1_costlyxhonest_beta0.0,costly,honest,0.0,both_own,U_t,3,0.6536885245901639
E1_costlyxhonest_beta0.0,costly,honest,0.0,both_own,U_t,4,0.625
E1_costlyxhonest_beta0.0,costly,honest,0.0,both_own,U_t,5,0.5983606557377049
E1_costlyxhonest_beta0.0,costly,honest,0.0,both_own,U_t,6,0.6127049180327869
E1_costlyxhonest_beta0.0,costly,honest,0.0,both_own,U_t,7,0.5963114754098361
E1_costlyxhonest_beta0.0,costly,honest,0.0,both_own,U_t,8,0.5901639344262295
E1_costlyxhonest_beta0.0,costly,honest,0.0,both_own,U_t,9,0.6127049180327869
E1_costlyxhonest_beta0.0,costly,honest,0.0,both_own,U_t,10,0.5922131147540983
E1_costlyxhonest_beta0.0,costly,honest,0.0,both_own,U_t,11,0.5881147540983607
E1_costlyxhonest_beta0.0,costly,honest,0.0,both_own,U_t,12,0.5819672131147541
E1_costlyxattenuated_beta0.0,costly,attenuated,0.0,all,A_p_truth_t,0,0.7861258782201477
E1_costlyxattenuated_beta0.0,costly,attenuated,0.0,all,A_p_truth_t,1,0.8640421973136898
E1_costlyxattenuated_beta0.0,costly,attenuated,0.0,all,A_p_truth_t,2,0.870912100694973
E1_costlyxattenuated_beta0.0,costly,attenuated,0.0,all,A_p_truth_t,3,0.8744226134014104
E1_costlyxattenuated_beta0.0,costly,attenuated,0.0,all,A_p_truth_t,4,0.8770587191728169
E1_costlyxattenuated_beta0.0,costly,attenuated,0.0,all,A_p_truth_t,5,0.8797692221800183
E1_costlyxattenuated_beta0.0,costly,attenuated,0.0,all,A_p_truth_t,6,0.8819092490596735
E1_costlyxattenuated_beta0.0,costly,attenuated,0.0,all,A_p_truth_t,7,0.8824269464368782
E1_costlyxattenuated_beta0.0,costly,attenuated,0.0,all,A_p_truth_t,8,0.883169469622202
E1_costlyxattenuated_beta0.0,costly,attenuated,0.0,all,A_p_truth_t,9,0.8848080392277193
E1_costlyxattenuated_beta0.0,costly,attenuated,0.0,all,A_p_truth_t,10,0.8851176758658259
E1_costlyxattenuated_beta0.0,costly,attenuated,0.0,all,A_p_truth_t,11,0.8857880553387217
E1_costlyxattenuated_beta0.0,costly,attenuated,0.0,all,A_p_truth_t,12,0.8858047319871803
E1_costlyxattenuated_beta0.0,costly,attenuated,0.0,all,B_p_truth_t,0,0.7856867681498896
E1_costlyxattenuated_beta0.0,costly,attenuated,0.0,all,B_p_truth_t,1,0.8041511200470864
E1_costlyxattenuated_beta0.0,costly,attenuated,0.0,all,B_p_truth_t,2,0.8075709585486611
E1_costlyxattenuated_beta0.0,costly,attenuated,0.0,all,B_p_truth_t,3,0.8092377755302711
E1_costlyxattenuated_beta0.0,costly,attenuated,0.0,all,B_p_truth_t,4,0.8102100607554592
E1_costlyxattenuated_beta0.0,costly,attenuated,0.0,all,B_p_truth_t,5,0.8109390632662001
E1_costlyxattenuated_beta0.0,costly,attenuated,0.0,all,B_p_truth_t,6,0.8115814427601278
E1_costlyxattenuated_beta0.0,costly,attenuated,0.0,all,B_p_truth_t,7,0.8120835336409544
E1_costlyxattenuated_beta0.0,costly,attenuated,0.0,all,B_p_truth_t,8,0.8124508410726393
E1_costlyxattenuated_beta0.0,costly,attenuated,0.0,all,B_p_truth_t,9,0.8128535497416761
E1_costlyxattenuated_beta0.0,costly,attenuated,0.0,all,B_p_truth_t,10,0.8130160866098103
E1_costlyxattenuated_beta0.0,costly,attenuated,0.0,all,B_p_truth_t,11,0.8132032941064964
E1_costlyxattenuated_beta0.0,costly,attenuated,0.0,all,B_p_truth_t,12,0.8133561962652227
E1_costlyxattenuated_beta0.0,costly,attenuated,0.0,all,nonc_mutual_t,1,0.631
E1_costlyxattenuated_beta0.0,costly,attenuated,0.0,all,nonc_mutual_t,2,0.6255
E1_costlyxattenuated_beta0.0,costly,attenuated,0.0,all,nonc_mutual_t,3,0.628
E1_costlyxattenuated_beta0.0,costly,attenuated,0.0,all,nonc_mutual_t,4,0.6205
E1_costlyxattenuated_beta0.0,costly,attenuated,0.0,all,nonc_mutual_t,5,0.628
E1_costlyxattenuated_beta0.0,costly,attenuated,0.0,all,nonc_mutual_t,6,0.6295
E1_costlyxattenuated_beta0.0,costly,attenuated,0.0,all,nonc_mutual_t,7,0.6285
E1_costlyxattenuated_beta0.0,costly,attenuated,0.0,all,nonc_mutual_t,8,0.6245
E1_costlyxattenuated_beta0.0,costly,attenuated,0.0,all,nonc_mutual_t,9,0.6325
E1_costlyxattenuated_beta0.0,costly,attenuated,0.0,all,nonc_mutual_t,10,0.63
E1_costlyxattenuated_beta0.0,costly,attenuated,0.0,all,nonc_mutual_t,11,0.624
E1_costlyxattenuated_beta0.0,costly,attenuated,0.0,all,nonc_mutual_t,12,0.6255
E1_costlyxattenuated_beta0.0,costly,attenuated,0.0,all,A_concede_t,1,0.0035
E1_costlyxattenuated_beta0.0,costly,attenuated,0.0,all,A_concede_t,2,0.0085
E1_costlyxattenuated_beta0.0,costly,attenuated,0.0,all,A_concede_t,3,0.0065
E1_costlyxattenuated_beta0.0,costly,attenuated,0.0,all,A_concede_t,4,0.0135
E1_costlyxattenuated_beta0.0,costly,attenuated,0.0,all,A_concede_t,5,0.007
E1_costlyxattenuated_beta0.0,costly,attenuated,0.0,all,A_concede_t,6,0.008
E1_costlyxattenuated_beta0.0,costly,attenuated,0.0,all,A_concede_t,7,0.0105
E1_costlyxattenuated_beta0.0,costly,attenuated,0.0,all,A_concede_t,8,0.0105
E1_costlyxattenuated_beta0.0,costly,attenuated,0.0,all,A_concede_t,9,0.0095
E1_costlyxattenuated_beta0.0,costly,attenuated,0.0,all,A_concede_t,10,0.009
E1_costlyxattenuated_beta0.0,costly,attenuated,0.0,all,A_concede_t,11,0.0085
E1_costlyxattenuated_beta0.0,costly,attenuated,0.0,all,A_concede_t,12,0.0125
E1_costlyxattenuated_beta0.0,costly,attenuated,0.0,all,B_concede_t,1,0.3655
E1_costlyxattenuated_beta0.0,costly,attenuated,0.0,all,B_concede_t,2,0.3665
E1_costlyxattenuated_beta0.0,costly,attenuated,0.0,all,B_concede_t,3,0.366
E1_costlyxattenuated_beta0.0,costly,attenuated,0.0,all,B_concede_t,4,0.3665
E1_costlyxattenuated_beta0.0,costly,attenuated,0.0,all,B_concede_t,5,0.3655
E1_costlyxattenuated_beta0.0,costly,attenuated,0.0,all,B_concede_t,6,0.3625
E1_costlyxattenuated_beta0.0,costly,attenuated,0.0,all,B_concede_t,7,0.361
E1_costlyxattenuated_beta0.0,costly,attenuated,0.0,all,B_concede_t,8,0.3655
E1_costlyxattenuated_beta0.0,costly,attenuated,0.0,all,B_concede_t,9,0.359
E1_costlyxattenuated_beta0.0,costly,attenuated,0.0,all,B_concede_t,10,0.361
E1_costlyxattenuated_beta0.0,costly,attenuated,0.0,all,B_concede_t,11,0.368
E1_costlyxattenuated_beta0.0,costly,attenuated,0.0,all,B_concede_t,12,0.362
E1_costlyxattenuated_beta0.0,costly,attenuated,0.0,all,U_t,0,1.0
E1_costlyxattenuated_beta0.0,costly,attenuated,0.0,all,U_t,1,0.631
E1_costlyxattenuated_beta0.0,costly,attenuated,0.0,all,U_t,2,0.6025
E1_costlyxattenuated_beta0.0,costly,attenuated,0.0,all,U_t,3,0.595
E1_costlyxattenuated_beta0.0,costly,attenuated,0.0,all,U_t,4,0.581
E1_costlyxattenuated_beta0.0,costly,attenuated,0.0,all,U_t,5,0.5745
E1_costlyxattenuated_beta0.0,costly,attenuated,0.0,all,U_t,6,0.5675
E1_costlyxattenuated_beta0.0,costly,attenuated,0.0,all,U_t,7,0.5595
E1_costlyxattenuated_beta0.0,costly,attenuated,0.0,all,U_t,8,0.5515
E1_costlyxattenuated_beta0.0,costly,attenuated,0.0,all,U_t,9,0.548
E1_costlyxattenuated_beta0.0,costly,attenuated,0.0,all,U_t,10,0.54
E1_costlyxattenuated_beta0.0,costly,attenuated,0.0,all,U_t,11,0.5305
E1_costlyxattenuated_beta0.0,costly,attenuated,0.0,all,U_t,12,0.522
E1_costlyxattenuated_beta0.0,costly,attenuated,0.0,both_own,A_p_truth_t,0,0.5785119207586285
E1_costlyxattenuated_beta0.0,costly,attenuated,0.0,both_own,A_p_truth_t,1,0.6537121659438424
E1_costlyxattenuated_beta0.0,costly,attenuated,0.0,both_own,A_p_truth_t,2,0.6655009515286634
E1_costlyxattenuated_beta0.0,costly,attenuated,0.0,both_own,A_p_truth_t,3,0.6760473859084201
E1_costlyxattenuated_beta0.0,costly,attenuated,0.0,both_own,A_p_truth_t,4,0.6832238396949406
E1_costlyxattenuated_beta0.0,costly,attenuated,0.0,both_own,A_p_truth_t,5,0.6930656970864933
E1_costlyxattenuated_beta0.0,costly,attenuated,0.0,both_own,A_p_truth_t,6,0.6996236297761735
E1_costlyxattenuated_beta0.0,costly,attenuated,0.0,both_own,A_p_truth_t,7,0.7007779486215966
E1_costlyxattenuated_beta0.0,costly,attenuated,0.0,both_own,A_p_truth_t,8,0.7027784909333457
E1_costlyxattenuated_beta0.0,costly,attenuated,0.0,both_own,A_p_truth_t,9,0.7092612376688998
E1_costlyxattenuated_beta0.0,costly,attenuated,0.0,both_own,A_p_truth_t,10,0.7099816907447987
E1_costlyxattenuated_beta0.0,costly,attenuated,0.0,both_own,A_p_truth_t,11,0.711929796994228
E1_costlyxattenuated_beta0.0,costly,attenuated,0.0,both_own,A_p_truth_t,12,0.7118362434022754
E1_costlyxattenuated_beta0.0,costly,attenuated,0.0,both_own,B_p_truth_t,0,0.5569499366529735
E1_costlyxattenuated_beta0.0,costly,attenuated,0.0,both_own,B_p_truth_t,1,0.5712125867653388
E1_costlyxattenuated_beta0.0,costly,attenuated,0.0,both_own,B_p_truth_t,2,0.5739822591155762
E1_costlyxattenuated_beta0.0,costly,attenuated,0.0,both_own,B_p_truth_t,3,0.5779581013767772
E1_costlyxattenuated_beta0.0,costly,attenuated,0.0,both_own,B_p_truth_t,4,0.5813066189847941
E1_costlyxattenuated_beta0.0,costly,attenuated,0.0,both_own,B_p_truth_t,5,0.5835322577502046
E1_costlyxattenuated_beta0.0,costly,attenuated,0.0,both_own,B_p_truth_t,6,0.5858286515391412
E1_costlyxattenuated_beta0.0,costly,attenuated,0.0,both_own,B_p_truth_t,7,0.5877033670720079
E1_costlyxattenuated_beta0.0,costly,attenuated,0.0,both_own,B_p_truth_t,8,0.5889812071226838
E1_costlyxattenuated_beta0.0,costly,attenuated,0.0,both_own,B_p_truth_t,9,0.5904610289801038
E1_costlyxattenuated_beta0.0,costly,attenuated,0.0,both_own,B_p_truth_t,10,0.591077335867174
E1_costlyxattenuated_beta0.0,costly,attenuated,0.0,both_own,B_p_truth_t,11,0.5916444662281657
E1_costlyxattenuated_beta0.0,costly,attenuated,0.0,both_own,B_p_truth_t,12,0.5920816910679501
E1_costlyxattenuated_beta0.0,costly,attenuated,0.0,both_own,nonc_mutual_t,1,0.9938524590163934
E1_costlyxattenuated_beta0.0,costly,attenuated,0.0,both_own,nonc_mutual_t,2,0.9897540983606558
E1_costlyxattenuated_beta0.0,costly,attenuated,0.0,both_own,nonc_mutual_t,3,0.9918032786885246
E1_costlyxattenuated_beta0.0,costly,attenuated,0.0,both_own,nonc_mutual_t,4,0.9836065573770492
E1_costlyxattenuated_beta0.0,costly,attenuated,0.0,both_own,nonc_mutual_t,5,0.9897540983606558
E1_costlyxattenuated_beta0.0,costly,attenuated,0.0,both_own,nonc_mutual_t,6,0.9836065573770492
E1_costlyxattenuated_beta0.0,costly,attenuated,0.0,both_own,nonc_mutual_t,7,0.9918032786885246
E1_costlyxattenuated_beta0.0,costly,attenuated,0.0,both_own,nonc_mutual_t,8,0.9836065573770492
E1_costlyxattenuated_beta0.0,costly,attenuated,0.0,both_own,nonc_mutual_t,9,0.9877049180327869
E1_costlyxattenuated_beta0.0,costly,attenuated,0.0,both_own,nonc_mutual_t,10,0.9938524590163934
E1_costlyxattenuated_beta0.0,costly,attenuated,0.0,both_own,nonc_mutual_t,11,0.9733606557377049
E1_costlyxattenuated_beta0.0,costly,attenuated,0.0,both_own,nonc_mutual_t,12,0.9836065573770492
E1_costlyxattenuated_beta0.0,costly,attenuated,0.0,both_own,A_concede_t,1,0.0
E1_costlyxattenuated_beta0.0,costly,attenuated,0.0,both_own,A_concede_t,2,0.0
E1_costlyxattenuated_beta0.0,costly,attenuated,0.0,both_own,A_concede_t,3,0.0
E1_costlyxattenuated_beta0.0,costly,attenuated,0.0,both_own,A_concede_t,4,0.0020491803278688526
E1_costlyxattenuated_beta0.0,costly,attenuated,0.0,both_own,A_concede_t,5,0.0
E1_costlyxattenuated_beta0.0,costly,attenuated,0.0,both_own,A_concede_t,6,0.0
E1_costlyxattenuated_beta0.0,costly,attenuated,0.0,both_own,A_concede_t,7,0.0
E1_costlyxattenuated_beta0.0,costly,attenuated,0.0,both_own,A_concede_t,8,0.0020491803278688526
E1_costlyxattenuated_beta0.0,costly,attenuated,0.0,both_own,A_concede_t,9,0.004098360655737705
E1_costlyxattenuated_beta0.0,costly,attenuated,0.0,both_own,A_concede_t,10,0.0
E1_costlyxattenuated_beta0.0,costly,attenuated,0.0,both_own,A_concede_t,11,0.004098360655737705
E1_costlyxattenuated_beta0.0,costly,attenuated,0.0,both_own,A_concede_t,12,0.0020491803278688526
E1_costlyxattenuated_beta0.0,costly,attenuated,0.0,both_own,B_concede_t,1,0.006147540983606557
E1_costlyxattenuated_beta0.0,costly,attenuated,0.0,both_own,B_concede_t,2,0.010245901639344262
E1_costlyxattenuated_beta0.0,costly,attenuated,0.0,both_own,B_concede_t,3,0.00819672131147541
E1_costlyxattenuated_beta0.0,costly,attenuated,0.0,both_own,B_concede_t,4,0.014344262295081968
E1_costlyxattenuated_beta0.0,costly,attenuated,0.0,both_own,B_concede_t,5,0.010245901639344262
E1_costlyxattenuated_beta0.0,costly,attenuated,0.0,both_own,B_concede_t,6,0.01639344262295082
E1_costlyxattenuated_beta0.0,costly,attenuated,0.0,both_own,B_concede_t,7,0.00819672131147541
E1_costlyxattenuated_beta0.0,costly,attenuated,0.0,both_own,B_concede_t,8,0.014344262295081968
E1_costlyxattenuated_beta0.0,costly,attenuated,0.0,both_own,B_concede_t,9,0.00819672131147541
E1_costlyxattenuated_beta0.0,costly,attenuated,0.0,both_own,B_concede_t,10,0.006147540983606557
E1_costlyxattenuated_beta0.0,costly,attenuated,0.0,both_own,B_concede_t,11,0.022540983606557378
E1_costlyxattenuated_beta0.0,costly,attenuated,0.0,both_own,B_concede_t,12,0.014344262295081968
E1_costlyxattenuated_beta0.0,costly,attenuated,0.0,both_own,U_t,0,1.0
E1_costlyxattenuated_beta0.0,costly,attenuated,0.0,both_own,U_t,1,0.9938524590163934
E1_costlyxattenuated_beta0.0,costly,attenuated,0.0,both_own,U_t,2,0.9877049180327869
E1_costlyxattenuated_beta0.0,costly,attenuated,0.0,both_own,U_t,3,0.9897540983606558
E1_costlyxattenuated_beta0.0,costly,attenuated,0.0,both_own,U_t,4,0.9836065573770492
E1_costlyxattenuated_beta0.0,costly,attenuated,0.0,both_own,U_t,5,0.985655737704918
E1_costlyxattenuated_beta0.0,costly,attenuated,0.0,both_own,U_t,6,0.9774590163934426
E1_costlyxattenuated_beta0.0,costly,attenuated,0.0,both_own,U_t,7,0.9877049180327869
E1_costlyxattenuated_beta0.0,costly,attenuated,0.0,both_own,U_t,8,0.9795081967213115
E1_costlyxattenuated_beta0.0,costly,attenuated,0.0,both_own,U_t,9,0.985655737704918
E1_costlyxattenuated_beta0.0,costly,attenuated,0.0,both_own,U_t,10,0.9877049180327869
E1_costlyxattenuated_beta0.0,costly,attenuated,0.0,both_own,U_t,11,0.9672131147540983
E1_costlyxattenuated_beta0.0,costly,attenuated,0.0,both_own,U_t,12,0.9713114754098361
E1_costlyxcostly_beta0.0,costly,costly,0.0,all,A_p_truth_t,0,0.7861258782201477
E1_costlyxcostly_beta0.0,costly,costly,0.0,all,A_p_truth_t,1,0.8599017825902132
E1_costlyxcostly_beta0.0,costly,costly,0.0,all,A_p_truth_t,2,0.8706309150797069
E1_costlyxcostly_beta0.0,costly,costly,0.0,all,A_p_truth_t,3,0.8758079210190481
E1_costlyxcostly_beta0.0,costly,costly,0.0,all,A_p_truth_t,4,0.8793677412315473
E1_costlyxcostly_beta0.0,costly,costly,0.0,all,A_p_truth_t,5,0.8818451930677945
E1_costlyxcostly_beta0.0,costly,costly,0.0,all,A_p_truth_t,6,0.8837351754353017
E1_costlyxcostly_beta0.0,costly,costly,0.0,all,A_p_truth_t,7,0.8854355903602052
E1_costlyxcostly_beta0.0,costly,costly,0.0,all,A_p_truth_t,8,0.8867930017308291
E1_costlyxcostly_beta0.0,costly,costly,0.0,all,A_p_truth_t,9,0.8881807675751102
E1_costlyxcostly_beta0.0,costly,costly,0.0,all,A_p_truth_t,10,0.8897139465386035
E1_costlyxcostly_beta0.0,costly,costly,0.0,all,A_p_truth_t,11,0.8909941844679249
E1_costlyxcostly_beta0.0,costly,costly,0.0,all,A_p_truth_t,12,0.8919176117798082
E1_costlyxcostly_beta0.0,costly,costly,0.0,all,B_p_truth_t,0,0.7856867681498896
E1_costlyxcostly_beta0.0,costly,costly,0.0,all,B_p_truth_t,1,0.8527459557125829
E1_costlyxcostly_beta0.0,costly,costly,0.0,all,B_p_truth_t,2,0.8638829895168569
E1_costlyxcostly_beta0.0,costly,costly,0.0,all,B_p_truth_t,3,0.8687942568161539
E1_costlyxcostly_beta0.0,costly,costly,0.0,all,B_p_truth_t,4,0.8724309054844351
E1_costlyxcostly_beta0.0,costly,costly,0.0,all,B_p_truth_t,5,0.8754411953207659
E1_costlyxcostly_beta0.0,costly,costly,0.0,all,B_p_truth_t,6,0.8779580527412549
E1_costlyxcostly_beta0.0,costly,costly,0.0,all,B_p_truth_t,7,0.8800688458458727
E1_costlyxcostly_beta0.0,costly,costly,0.0,all,B_p_truth_t,8,0.88173510073116
E1_costlyxcostly_beta0.0,costly,costly,0.0,all,B_p_truth_t,9,0.8839041910997669
E1_costlyxcostly_beta0.0,costly,costly,0.0,all,B_p_truth_t,10,0.884872194881593
E1_costlyxcostly_beta0.0,costly,costly,0.0,all,B_p_truth_t,11,0.8862981770441075
E1_costlyxcostly_beta0.0,costly,costly,0.0,all,B_p_truth_t,12,0.887409038015881
E1_costlyxcostly_beta0.0,costly,costly,0.0,all,nonc_mutual_t,1,0.981
E1_costlyxcostly_beta0.0,costly,costly,0.0,all,nonc_mutual_t,2,0.9835
E1_costlyxcostly_beta0.0,costly,costly,0.0,all,nonc_mutual_t,3,0.9835
E1_costlyxcostly_beta0.0,costly,costly,0.0,all,nonc_mutual_t,4,0.9775
E1_costlyxcostly_beta0.0,costly,costly,0.0,all,nonc_mutual_t,5,0.9835
E1_costlyxcostly_beta0.0,costly,costly,0.0,all,nonc_mutual_t,6,0.982
E1_costlyxcostly_beta0.0,costly,costly,0.0,all,nonc_mutual_t,7,0.9775
E1_costlyxcostly_beta0.0,costly,costly,0.0,all,nonc_mutual_t,8,0.984
E1_costlyxcostly_beta0.0,costly,costly,0.0,all,nonc_mutual_t,9,0.982
E1_costlyxcostly_beta0.0,costly,costly,0.0,all,nonc_mutual_t,10,0.9775
E1_costlyxcostly_beta0.0,costly,costly,0.0,all,nonc_mutual_t,11,0.98
E1_costlyxcostly_beta0.0,costly,costly,0.0,all,nonc_mutual_t,12,0.976
E1_costlyxcostly_beta0.0,costly,costly,0.0,all,A_concede_t,1,0.0035
E1_costlyxcostly_beta0.0,costly,costly,0.0,all,A_concede_t,2,0.0075
E1_costlyxcostly_beta0.0,costly,costly,0.0,all,A_concede_t,3,0.007
E1_costlyxcostly_beta0.0,costly,costly,0.0,all,A_concede_t,4,0.014
E1_costlyxcostly_beta0.0,costly,costly,0.0,all,A_concede_t,5,0.005
E1_costlyxcostly_beta0.0,costly,costly,0.0,all,A_concede_t,6,0.007
E1_costlyxcostly_beta0.0,costly,costly,0.0,all,A_concede_t,7,0.011
E1_costlyxcostly_beta0.0,costly,costly,0.0,all,A_concede_t,8,0.0095
E1_costlyxcostly_beta0.0,costly,costly,0.0,all,A_concede_t,9,0.008
E1_costlyxcostly_beta0.0,costly,costly,0.0,all,A_concede_t,10,0.0115
E1_costlyxcostly_beta0.0,costly,costly,0.0,all,A_concede_t,11,0.0085
E1_costlyxcostly_beta0.0,costly,costly,0.0,all,A_concede_t,12,0.0115
E1_costlyxcostly_beta0.0,costly,costly,0.0,all,B_concede_t,1,0.0155
E1_costlyxcostly_beta0.0,costly,costly,0.0,all,B_concede_t,2,0.009
E1_costlyxcostly_beta0.0,costly,costly,0.0,all,B_concede_t,3,0.0095
E1_costlyxcostly_beta0.0,costly,costly,0.0,all,B_concede_t,4,0.0085
E1_costlyxcostly_beta0.0,costly,costly,0.0,all,B_concede_t,5,0.0115
E1_costlyxcostly_beta0.0,costly,costly,0.0,all,B_concede_t,6,0.011
E1_costlyxcostly_beta0.0,costly,costly,0.0,all,B_concede_t,7,0.0115
E1_costlyxcostly_beta0.0,costly,costly,0.0,all,B_concede_t,8,0.0065
E1_costlyxcostly_beta0.0,costly,costly,0.0,all,B_concede_t,9,0.01
E1_costlyxcostly_beta0.0,costly,costly,0.0,all,B_concede_t,10,0.011
E1_costlyxcostly_beta0.0,costly,costly,0.0,all,B_concede_t,11,0.0115
E1_costlyxcostly_beta0.0,costly,costly,0.0,all,B_concede_t,12,0.0125
E1_costlyxcostly_beta0.0,costly,costly,0.0,all,U_t,0,1.0
E1_costlyxcostly_beta0.0,costly,costly,0.0,all,U_t,1,0.981
E1_costlyxcostly_beta0.0,costly,costly,0.0,all,U_t,2,0.9645
E1_costlyxcostly_beta0.0,costly,costly,0.0,all,U_t,3,0.9495
E1_costlyxcostly_beta0.0,costly,costly,0.0,all,U_t,4,0.9285
E1_costlyxcostly_beta0.0,costly,costly,0.0,all,U_t,5,0.914
E1_costlyxcostly_beta0.0,costly,costly,0.0,all,U_t,6,0.898
E1_costlyxcostly_beta0.0,costly,costly,0.0,all,U_t,7,0.8795
E1_costlyxcostly_beta0.0,costly,costly,0.0,all,U_t,8,0.867
E1_costlyxcostly_beta0.0,costly,costly,0.0,all,U_t,9,0.855
E1_costlyxcostly_beta0.0,costly,costly,0.0,all,U_t,10,0.838
E1_costlyxcostly_beta0.0,costly,costly,0.0,all,U_t,11,0.821
E1_costlyxcostly_beta0.0,costly,costly,0.0,all,U_t,12,0.803
E1_costlyxcostly_beta0.0,costly,costly,0.0,both_own,A_p_truth_t,0,0.5785119207586285
E1_costlyxcostly_beta0.0,costly,costly,0.0,both_own,A_p_truth_t,1,0.6757212725048887
E1_costlyxcostly_beta0.0,costly,costly,0.0,both_own,A_p_truth_t,2,0.6929562658176898
E1_costlyxcostly_beta0.0,costly,costly,0.0,both_own,A_p_truth_t,3,0.7019971513346912
E1_costlyxcostly_beta0.0,costly,costly,0.0,both_own,A_p_truth_t,4,0.7109691335126166
E1_costlyxcostly_beta0.0,costly,costly,0.0,both_own,A_p_truth_t,5,0.7169887019084837
E1_costlyxcostly_beta0.0,costly,costly,0.0,both_own,A_p_truth_t,6,0.7211840161373313
E1_costlyxcostly_beta0.0,costly,costly,0.0,both_own,A_p_truth_t,7,0.7249658390871955
E1_costlyxcostly_beta0.0,costly,costly,0.0,both_own,A_p_truth_t,8,0.727263312790691
E1_costlyxcostly_beta0.0,costly,costly,0.0,both_own,A_p_truth_t,9,0.7296932493209566
E1_costlyxcostly_beta0.0,costly,costly,0.0,both_own,A_p_truth_t,10,0.733842742208069
E1_costlyxcostly_beta0.0,costly,costly,0.0,both_own,A_p_truth_t,11,0.7374249628524991
E1_costlyxcostly_beta0.0,costly,costly,0.0,both_own,A_p_truth_t,12,0.7397962454542877
E1_costlyxcostly_beta0.0,costly,costly,0.0,both_own,B_p_truth_t,0,0.5569499366529735
E1_costlyxcostly_beta0.0,costly,costly,0.0,both_own,B_p_truth_t,1,0.6373257816098948
E1_costlyxcostly_beta0.0,costly,costly,0.0,both_own,B_p_truth_t,2,0.6539487818581177
E1_costlyxcostly_beta0.0,costly,costly,0.0,both_own,B_p_truth_t,3,0.6665849230933811
E1_costlyxcostly_beta0.0,costly,costly,0.0,both_own,B_p_truth_t,4,0.6754202900938271
E1_costlyxcostly_beta0.0,costly,costly,0.0,both_own,B_p_truth_t,5,0.6843740489396699
E1_costlyxcostly_beta0.0,costly,costly,0.0,both_own,B_p_truth_t,6,0.6913458374687673
E1_costlyxcostly_beta0.0,costly,costly,0.0,both_own,B_p_truth_t,7,0.697683529200602
E1_costlyxcostly_beta0.0,costly,costly,0.0,both_own,B_p_truth_t,8,0.7009335683642506
E1_costlyxcostly_beta0.0,costly,costly,0.0,both_own,B_p_truth_t,9,0.706662964347422
E1_costlyxcostly_beta0.0,costly,costly,0.0,both_own,B_p_truth_t,10,0.7085893263779391
E1_costlyxcostly_beta0.0,costly,costly,0.0,both_own,B_p_truth_t,11,0.7143454618753996
E1_costlyxcostly_beta0.0,costly,costly,0.0,both_own,B_p_truth_t,12,0.7181074374610068
E1_costlyxcostly_beta0.0,costly,costly,0.0,both_own,nonc_mutual_t,1,1.0
E1_costlyxcostly_beta0.0,costly,costly,0.0,both_own,nonc_mutual_t,2,1.0
E1_costlyxcostly_beta0.0,costly,costly,0.0,both_own,nonc_mutual_t,3,1.0
E1_costlyxcostly_beta0.0,costly,costly,0.0,both_own,nonc_mutual_t,4,0.9979508196721312
E1_costlyxcostly_beta0.0,costly,costly,0.0,both_own,nonc_mutual_t,5,1.0
E1_costlyxcostly_beta0.0,costly,costly,0.0,both_own,nonc_mutual_t,6,0.9979508196721312
E1_costlyxcostly_beta0.0,costly,costly,0.0,both_own,nonc_mutual_t,7,0.9979508196721312
E1_costlyxcostly_beta0.0,costly,costly,0.0,both_own,nonc_mutual_t,8,0.9979508196721312
E1_costlyxcostly_beta0.0,costly,costly,0.0,both_own,nonc_mutual_t,9,0.9959016393442623
E1_costlyxcostly_beta0.0,costly,costly,0.0,both_own,nonc_mutual_t,10,0.9979508196721312
E1_costlyxcostly_beta0.0,costly,costly,0.0,both_own,nonc_mutual_t,11,0.9959016393442623
E1_costlyxcostly_beta0.0,costly,costly,0.0,both_own,nonc_mutual_t,12,0.9959016393442623
E1_costlyxcostly_beta0.0,costly,costly,0.0,both_own,A_concede_t,1,0.0
E1_costlyxcostly_beta0.0,costly,costly,0.0,both_own,A_concede_t,2,0.0
E1_costlyxcostly_beta0.0,costly,costly,0.0,both_own,A_concede_t,3,0.0
E1_costlyxcostly_beta0.0,costly,costly,0.0,both_own,A_concede_t,4,0.0020491803278688526
E1_costlyxcostly_beta0.0,costly,costly,0.0,both_own,A_concede_t,5,0.0
E1_costlyxcostly_beta0.0,costly,costly,0.0,both_own,A_concede_t,6,0.0
E1_costlyxcostly_beta0.0,costly,costly,0.0,both_own,A_concede_t,7,0.0
E1_costlyxcostly_beta0.0,costly,costly,0.0,both_own,A_concede_t,8,0.0
E1_costlyxcostly_beta0.0,costly,costly,0.0,both_own,A_concede_t,9,0.0020491803278688526
E1_costlyxcostly_beta0.0,costly,costly,0.0,both_own,A_concede_t,10,0.0
E1_costlyxcostly_beta0.0,costly,costly,0.0,both_own,A_concede_t,11,0.004098360655737705
E1_costlyxcostly_beta0.0,costly,costly,0.0,both_own,A_concede_t,12,0.004098360655737705
E1_costlyxcostly_beta0.0,costly,costly,0.0,both_own,B_concede_t,1,0.0
E1_costlyxcostly_beta0.0,costly,costly,0.0,both_own,B_concede_t,2,0.0
E1_costlyxcostly_beta0.0,costly,costly,0.0,both_own,B_concede_t,3,0.0
E1_costlyxcostly_beta0.0,costly,costly,0.0,both_own,B_concede_t,4,0.0
E1_costlyxcostly_beta0.0,costly,costly,0.0,both_own,B_concede_t,5,0.0
E1_costlyxcostly_beta0.0,costly,costly,0.0,both_own,B_concede_t,6,0.0020491803278688526
E1_costlyxcostly_beta0.0,costly,costly,0.0,both_own,B_concede_t,7,0.0020491803278688526
E1_costlyxcostly_beta0.0,costly,costly,0.0,both_own,B_concede_t,8,0.0020491803278688526
E1_costlyxcostly_beta0.0,costly,costly,0.0,both_own,B_concede_t,9,0.0020491803278688526
E1_costlyxcostly_beta0.0,costly,costly,0.0,both_own,B_concede_t,10,0.0020491803278688526
E1_costlyxcostly_beta0.0,costly,costly,0.0,both_own,B_concede_t,11,0.0
E1_costlyxcostly_beta0.0,costly,costly,0.0,both_own,B_concede_t,12,0.0
E1_costlyxcostly_beta0.0,costly,costly,0.0,both_own,U_t,0,1.0
E1_costlyxcostly_beta0.0,costly,costly,0.0,both_own,U_t,1,1.0
E1_costlyxcostly_beta0.0,costly,costly,0.0,both_own,U_t,2,1.0
E1_costlyxcostly_beta0.0,costly,costly,0.0,both_own,U_t,3,1.0
E1_costlyxcostly_beta0.0,costly,costly,0.0,both_own,U_t,4,0.9979508196721312
E1_costlyxcostly_beta0.0,costly,costly,0.0,both_own,U_t,5,1.0
E1_costlyxcostly_beta0.0,costly,costly,0.0,both_own,U_t,6,0.9979508196721312
E1_costlyxcostly_beta0.0,costly,costly,0.0,both_own,U_t,7,0.9959016393442623
E1_costlyxcostly_beta0.0,costly,costly,0.0,both_own,U_t,8,0.9938524590163934
E1_costlyxcostly_beta0.0,costly,costly,0.0,both_own,U_t,9,0.9897540983606558
E1_costlyxcostly_beta0.0,costly,costly,0.0,both_own,U_t,10,0.9897540983606558
E1_costlyxcostly_beta0.0,costly,costly,0.0,both_own,U_t,11,0.985655737704918
E1_costlyxcostly_beta0.0,costly,costly,0.0,both_own,U_t,12,0.9815573770491803
E1_costlyxmixed_beta0.0,costly,mixed,0.0,all,A_p_truth_t,0,0.7861258782201477
E1_costlyxmixed_beta0.0,costly,mixed,0.0,all,A_p_truth_t,1,0.8613874564087114
E1_costlyxmixed_beta0.0,costly,mixed,0.0,all,A_p_truth_t,2,0.8716282155073865
E1_costlyxmixed_beta0.0,costly,mixed,0.0,all,A_p_truth_t,3,0.8769894819549044
E1_costlyxmixed_beta0.0,costly,mixed,0.0,all,A_p_truth_t,4,0.8806028415860456
E1_costlyxmixed_beta0.0,costly,mixed,0.0,all,A_p_truth_t,5,0.8840260637807712
E1_costlyxmixed_beta0.0,costly,mixed,0.0,all,A_p_truth_t,6,0.8862478270799654
E1_costlyxmixed_beta0.0,costly,mixed,0.0,all,A_p_truth_t,7,0.8875620107796212
E1_costlyxmixed_beta0.0,costly,mixed,0.0,all,A_p_truth_t,8,0.8886656408743832
E1_costlyxmixed_beta0.0,costly,mixed,0.0,all,A_p_truth_t,9,0.8897633399015303
E1_costlyxmixed_beta0.0,costly,mixed,0.0,all,A_p_truth_t,10,0.891578039016129
E1_costlyxmixed_beta0.0,costly,mixed,0.0,all,A_p_truth_t,11,0.8931372485901133
E1_costlyxmixed_beta0.0,costly,mixed,0.0,all,A_p_truth_t,12,0.8940747772287442
E1_costlyxmixed_beta0.0,costly,mixed,0.0,all,B_p_truth_t,0,0.7856867681498896
E1_costlyxmixed_beta0.0,costly,mixed,0.0,all,B_p_truth_t,1,0.8329960810045557
E1_costlyxmixed_beta0.0,costly,mixed,0.0,all,B_p_truth_t,2,0.8419329649337798
E1_costlyxmixed_beta0.0,costly,mixed,0.0,all,B_p_truth_t,3,0.8459959881985671
E1_costlyxmixed_beta0.0,costly,mixed,0.0,all,B_p_truth_t,4,0.8489371003177274
E1_costlyxmixed_beta0.0,costly,mixed,0.0,all,B_p_truth_t,5,0.8514063648412419
E1_costlyxmixed_beta0.0,costly,mixed,0.0,all,B_p_truth_t,6,0.8531866729135827
E1_costlyxmixed_beta0.0,costly,mixed,0.0,all,B_p_truth_t,7,0.8547356920049083
E1_costlyxmixed_beta0.0,costly,mixed,0.0,all,B_p_truth_t,8,0.8558816802545982
E1_costlyxmixed_beta0.0,costly,mixed,0.0,all,B_p_truth_t,9,0.8573854078173732
E1_costlyxmixed_beta0.0,costly,mixed,0.0,all,B_p_truth_t,10,0.8579773746717675
E1_costlyxmixed_beta0.0,costly,mixed,0.0,all,B_p_truth_t,11,0.8587142028182237
E1_costlyxmixed_beta0.0,costly,mixed,0.0,all,B_p_truth_t,12,0.8591813586752626
E1_costlyxmixed_beta0.0,costly,mixed,0.0,all,nonc_mutual_t,1,0.8315
E1_costlyxmixed_beta0.0,costly,mixed,0.0,all,nonc_mutual_t,2,0.841
E1_costlyxmixed_beta0.0,costly,mixed,0.0,all,nonc_mutual_t,3,0.8355
E1_costlyxmixed_beta0.0,costly,mixed,0.0,all,nonc_mutual_t,4,0.8315
E1_costlyxmixed_beta0.0,costly,mixed,0.0,all,nonc_mutual_t,5,0.849
E1_costlyxmixed_beta0.0,costly,mixed,0.0,all,nonc_mutual_t,6,0.8365
E1_costlyxmixed_beta0.0,costly,mixed,0.0,all,nonc_mutual_t,7,0.8185
E1_costlyxmixed_beta0.0,costly,mixed,0.0,all,nonc_mutual_t,8,0.8325
E1_costlyxmixed_beta0.0,costly,mixed,0.0,all,nonc_mutual_t,9,0.831
E1_costlyxmixed_beta0.0,costly,mixed,0.0,all,nonc_mutual_t,10,0.83
E1_costlyxmixed_beta0.0,costly,mixed,0.0,all,nonc_mutual_t,11,0.832
E1_costlyxmixed_beta0.0,costly,mixed,0.0,all,nonc_mutual_t,12,0.8365
E1_costlyxmixed_beta0.0,costly,mixed,0.0,all,A_concede_t,1,0.0035
E1_costlyxmixed_beta0.0,costly,mixed,0.0,all,A_concede_t,2,0.0095
E1_costlyxmixed_beta0.0,costly,mixed,0.0,all,A_concede_t,3,0.0075
E1_costlyxmixed_beta0.0,costly,mixed,0.0,all,A_concede_t,4,0.0145
E1_costlyxmixed_beta0.0,costly,mixed,0.0,all,A_concede_t,5,0.007
E1_costlyxmixed_beta0.0,costly,mixed,0.0,all,A_concede_t,6,0.0075
E1_costlyxmixed_beta0.0,costly,mixed,0.0,all,A_concede_t,7,0.013
E1_costlyxmixed_beta0.0,costly,mixed,0.0,all,A_concede_t,8,0.0105
E1_costlyxmixed_beta0.0,costly,mixed,0.0,all,A_concede_t,9,0.0095
E1_costlyxmixed_beta0.0,costly,mixed,0.0,all,A_concede_t,10,0.0125
E1_costlyxmixed_beta0.0,costly,mixed,0.0,all,A_concede_t,11,0.01
E1_costlyxmixed_beta0.0,costly,mixed,0.0,all,A_concede_t,12,0.011
E1_costlyxmixed_beta0.0,costly,mixed,0.0,all,B_concede_t,1,0.165
E1_costlyxmixed_beta0.0,costly,mixed,0.0,all,B_concede_t,2,0.1495
E1_costlyxmixed_beta0.0,costly,mixed,0.0,all,B_concede_t,3,0.157
E1_costlyxmixed_beta0.0,costly,mixed,0.0,all,B_concede_t,4,0.154
E1_costlyxmixed_beta0.0,costly,mixed,0.0,all,B_concede_t,5,0.144
E1_costlyxmixed_beta0.0,costly,mixed,0.0,all,B_concede_t,6,0.156
E1_costlyxmixed_beta0.0,costly,mixed,0.0,all,B_concede_t,7,0.1685
E1_costlyxmixed_beta0.0,costly,mixed,0.0,all,B_concede_t,8,0.157
E1_costlyxmixed_beta0.0,costly,mixed,0.0,all,B_concede_t,9,0.1595
E1_costlyxmixed_beta0.0,costly,mixed,0.0,all,B_concede_t,10,0.1575
E1_costlyxmixed_beta0.0,costly,mixed,0.0,all,B_concede_t,11,0.158
E1_costlyxmixed_beta0.0,costly,mixed,0.0,all,B_concede_t,12,0.1525
E1_costlyxmixed_beta0.0,costly,mixed,0.0,all,U_t,0,1.0
E1_costlyxmixed_beta0.0,costly,mixed,0.0,all,U_t,1,0.8315
E1_costlyxmixed_beta0.0,costly,mixed,0.0,all,U_t,2,0.7365
E1_costlyxmixed_beta0.0,costly,mixed,0.0,all,U_t,3,0.691
E1_costlyxmixed_beta0.0,costly,mixed,0.0,all,U_t,4,0.648
E1_costlyxmixed_beta0.0,costly,mixed,0.0,all,U_t,5,0.6285
E1_costlyxmixed_beta0.0,costly,mixed,0.0,all,U_t,6,0.606
E1_costlyxmixed_beta0.0,costly,mixed,0.0,all,U_t,7,0.585
E1_costlyxmixed_beta0.0,costly,mixed,0.0,all,U_t,8,0.5725
E1_costlyxmixed_beta0.0,costly,mixed,0.0,all,U_t,9,0.5645
E1_costlyxmixed_beta0.0,costly,mixed,0.0,all,U_t,10,0.5535
E1_costlyxmixed_beta0.0,costly,mixed,0.0,all,U_t,11,0.548
E1_costlyxmixed_beta0.0,costly,mixed,0.0,all,U_t,12,0.5405
E1_costlyxmixed_beta0.0,costly,mixed,0.0,both_own,A_p_truth_t,0,0.5785119207586285
E1_costlyxmixed_beta0.0,costly,mixed,0.0,both_own,A_p_truth_t,1,0.6606425529592395
E1_costlyxmixed_beta0.0,costly,mixed,0.0,both_own,A_p_truth_t,2,0.6783320548109768
E1_costlyxmixed_beta0.0,costly,mixed,0.0,both_own,A_p_truth_t,3,0.690579315829485
E1_costlyxmixed_beta0.0,costly,mixed,0.0,both_own,A_p_truth_t,4,0.6995141500391356
E1_costlyxmixed_beta0.0,costly,mixed,0.0,both_own,A_p_truth_t,5,0.7084975735722434
E1_costlyxmixed_beta0.0,costly,mixed,0.0,both_own,A_p_truth_t,6,0.7133623073532176
E1_costlyxmixed_beta0.0,costly,mixed,0.0,both_own,A_p_truth_t,7,0.7171087775918273
E1_costlyxmixed_beta0.0,costly,mixed,0.0,both_own,A_p_truth_t,8,0.7184539488829812
E1_costlyxmixed_beta0.0,costly,mixed,0.0,both_own,A_p_truth_t,9,0.7210213015880536
E1_costlyxmixed_beta0.0,costly,mixed,0.0,both_own,A_p_truth_t,10,0.7255494452164902
E1_costlyxmixed_beta0.0,costly,mixed,0.0,both_own,A_p_truth_t,11,0.7305912272501893
E1_costlyxmixed_beta0.0,costly,mixed,0.0,both_own,A_p_truth_t,12,0.7321300508766347
E1_costlyxmixed_beta0.0,costly,mixed,0.0,both_own,B_p_truth_t,0,0.5569499366529735
E1_costlyxmixed_beta0.0,costly,mixed,0.0,both_own,B_p_truth_t,1,0.6036243082785945
E1_costlyxmixed_beta0.0,costly,mixed,0.0,both_own,B_p_truth_t,2,0.6129948226118452
E1_costlyxmixed_beta0.0,costly,mixed,0.0,both_own,B_p_truth_t,3,0.6231052630016652
E1_costlyxmixed_beta0.0,costly,mixed,0.0,both_own,B_p_truth_t,4,0.6318172086764681
E1_costlyxmixed_beta0.0,costly,mixed,0.0,both_own,B_p_truth_t,5,0.6393046810375065
E1_costlyxmixed_beta0.0,costly,mixed,0.0,both_own,B_p_truth_t,6,0.6457265567205759
E1_costlyxmixed_beta0.0,costly,mixed,0.0,both_own,B_p_truth_t,7,0.6507213308069199
E1_costlyxmixed_beta0.0,costly,mixed,0.0,both_own,B_p_truth_t,8,0.6542016585340135
E1_costlyxmixed_beta0.0,costly,mixed,0.0,both_own,B_p_truth_t,9,0.6589071660719793
E1_costlyxmixed_beta0.0,costly,mixed,0.0,both_own,B_p_truth_t,10,0.6603517386497426
E1_costlyxmixed_beta0.0,costly,mixed,0.0,both_own,B_p_truth_t,11,0.6629199178186418
E1_costlyxmixed_beta0.0,costly,mixed,0.0,both_own,B_p_truth_t,12,0.6647367751018072
E1_costlyxmixed_beta0.0,costly,mixed,0.0,both_own,nonc_mutual_t,1,0.9979508196721312
E1_costlyxmixed_beta0.0,costly,mixed,0.0,both_own,nonc_mutual_t,2,1.0
E1_costlyxmixed_beta0.0,costly,mixed,0.0,both_own,nonc_mutual_t,3,0.9979508196721312
E1_costlyxmixed_beta0.0,costly,mixed,0.0,both_own,nonc_mutual_t,4,0.9938524590163934
E1_costlyxmixed_beta0.0,costly,mixed,0.0,both_own,nonc_mutual_t,5,0.9938524590163934
E1_costlyxmixed_beta0.0,costly,mixed,0.0,both_own,nonc_mutual_t,6,0.9897540983606558
E1_costlyxmixed_beta0.0,costly,mixed,0.0,both_own,nonc_mutual_t,7,0.9918032786885246
E1_costlyxmixed_beta0.0,costly,mixed,0.0,both_own,nonc_mutual_t,8,1.0
E1_costlyxmixed_beta0.0,costly,mixed,0.0,both_own,nonc_mutual_t,9,0.9897540983606558
E1_costlyxmixed_beta0.0,costly,mixed,0.0,both_own,nonc_mutual_t,10,0.9815573770491803
E1_costlyxmixed_beta0.0,costly,mixed,0.0,both_own,nonc_mutual_t,11,0.9877049180327869
E1_costlyxmixed_beta0.0,costly,mixed,0.0,both_own,nonc_mutual_t,12,0.9959016393442623
E1_costlyxmixed_beta0.0,costly,mixed,0.0,both_own,A_concede_t,1,0.0
E1_costlyxmixed_beta0.0,costly,mixed,0.0,both_own,A_concede_t,2,0.0
E1_costlyxmixed_beta0.0,costly,mixed,0.0,both_own,A_concede_t,3,0.0
E1_costlyxmixed_beta0.0,costly,mixed,0.0,both_own,A_concede_t,4,0.0020491803278688526
E1_costlyxmixed_beta0.0,costly,mixed,0.0,both_own,A_concede_t,5,0.0
E1_costlyxmixed_beta0.0,costly,mixed,0.0,both_own,A_concede_t,6,0.0
E1_costlyxmixed_beta0.0,costly,mixed,0.0,both_own,A_concede_t,7,0.0
E1_costlyxmixed_beta0.0,costly,mixed,0.0,both_own,A_concede_t,8,0.0
E1_costlyxmixed_beta0.0,costly,mixed,0.0,both_own,A_concede_t,9,0.004098360655737705
E1_costlyxmixed_beta0.0,costly,mixed,0.0,both_own,A_concede_t,10,0.0
E1_costlyxmixed_beta0.0,costly,mixed,0.0,both_own,A_concede_t,11,0.004098360655737705
E1_costlyxmixed_beta0.0,costly,mixed,0.0,both_own,A_concede_t,12,0.0020491803278688526
E1_costlyxmixed_beta0.0,costly,mixed,0.0,both_own,B_concede_t,1,0.0020491803278688526
E1_costlyxmixed_beta0.0,costly,mixed,0.0,both_own,B_concede_t,2,0.0
E1_costlyxmixed_beta0.0,costly,mixed,0.0,both_own,B_concede_t,3,0.0020491803278688526
E1_costlyxmixed_beta0.0,costly,mixed,0.0,both_own,B_concede_t,4,0.004098360655737705
E1_costlyxmixed_beta0.0,costly,mixed,0.0,both_own,B_concede_t,5,0.006147540983606557
E1_costlyxmixed_beta0.0,costly,mixed,0.0,both_own,B_concede_t,6,0.010245901639344262
E1_costlyxmixed_beta0.0,costly,mixed,0.0,both_own,B_concede_t,7,0.00819672131147541
E1_costlyxmixed_beta0.0,costly,mixed,0.0,both_own,B_concede_t,8,0.0
E1_costlyxmixed_beta0.0,costly,mixed,0.0,both_own,B_concede_t,9,0.006147540983606557
E1_costlyxmixed_beta0.0,costly,mixed,0.0,both_own,B_concede_t,10,0.018442622950819672
E1_costlyxmixed_beta0.0,costly,mixed,0.0,both_own,B_concede_t,11,0.00819672131147541
E1_costlyxmixed_beta0.0,costly,mixed,0.0,both_own,B_concede_t,12,0.0020491803278688526
E1_costlyxmixed_beta0.0,costly,mixed,0.0,both_own,U_t,0,1.0
E1_costlyxmixed_beta0.0,costly,mixed,0.0,both_own,U_t,1,0.9979508196721312
E1_costlyxmixed_beta0.0,costly,mixed,0.0,both_own,U_t,2,0.9979508196721312
E1_costlyxmixed_beta0.0,costly,mixed,0.0,both_own,U_t,3,0.9979508196721312
E1_costlyxmixed_beta0.0,costly,mixed,0.0,both_own,U_t,4,0.9918032786885246
E1_costlyxmixed_beta0.0,costly,mixed,0.0,both_own,U_t,5,0.9897540983606558
E1_costlyxmixed_beta0.0,costly,mixed,0.0,both_own,U_t,6,0.9836065573770492
E1_costlyxmixed_beta0.0,costly,mixed,0.0,both_own,U_t,7,0.9795081967213115
E1_costlyxmixed_beta0.0,costly,mixed,0.0,both_own,U_t,8,0.985655737704918
E1_costlyxmixed_beta0.0,costly,mixed,0.0,both_own,U_t,9,0.9774590163934426
E1_costlyxmixed_beta0.0,costly,mixed,0.0,both_own,U_t,10,0.9692622950819673
E1_costlyxmixed_beta0.0,costly,mixed,0.0,both_own,U_t,11,0.9590163934426229
E1_costlyxmixed_beta0.0,costly,mixed,0.0,both_own,U_t,12,0.9590163934426229
E1_mixedxhonest_beta0.0,mixed,honest,0.0,all,A_p_truth_t,0,0.7861258782201477
E1_mixedxhonest_beta0.0,mixed,honest,0.0,all,A_p_truth_t,1,0.8426192326660591
E1_mixedxhonest_beta0.0,mixed,honest,0.0,all,A_p_truth_t,2,0.8500007326135459
E1_mixedxhonest_beta0.0,mixed,honest,0.0,all,A_p_truth_t,3,0.8536302031859765
E1_mixedxhonest_beta0.0,mixed,honest,0.0,all,A_p_truth_t,4,0.8557436098630109
E1_mixedxhonest_beta0.0,mixed,honest,0.0,all,A_p_truth_t,5,0.857567181854564
E1_mixedxhonest_beta0.0,mixed,honest,0.0,all,A_p_truth_t,6,0.8587836061095478
E1_mixedxhonest_beta0.0,mixed,honest,0.0,all,A_p_truth_t,7,0.8597335682921919
E1_mixedxhonest_beta0.0,mixed,honest,0.0,all,A_p_truth_t,8,0.8610443956801906
E1_mixedxhonest_beta0.0,mixed,honest,0.0,all,A_p_truth_t,9,0.8618861160097281
E1_mixedxhonest_beta0.0,mixed,honest,0.0,all,A_p_truth_t,10,0.8627456704831714
E1_mixedxhonest_beta0.0,mixed,honest,0.0,all,A_p_truth_t,11,0.8634634536760295
E1_mixedxhonest_beta0.0,mixed,honest,0.0,all,A_p_truth_t,12,0.8639978583090392
E1_mixedxhonest_beta0.0,mixed,honest,0.0,all,B_p_truth_t,0,0.7856867681498896
E1_mixedxhonest_beta0.0,mixed,honest,0.0,all,B_p_truth_t,1,0.8542417907640368
E1_mixedxhonest_beta0.0,mixed,honest,0.0,all,B_p_truth_t,2,0.8639664808899349
E1_mixedxhonest_beta0.0,mixed,honest,0.0,all,B_p_truth_t,3,0.8681339409201865
E1_mixedxhonest_beta0.0,mixed,honest,0.0,all,B_p_truth_t,4,0.8705257608452399
E1_mixedxhonest_beta0.0,mixed,honest,0.0,all,B_p_truth_t,5,0.8717219142513378
E1_mixedxhonest_beta0.0,mixed,honest,0.0,all,B_p_truth_t,6,0.8727493185792234
E1_mixedxhonest_beta0.0,mixed,honest,0.0,all,B_p_truth_t,7,0.873152298052497
E1_mixedxhonest_beta0.0,mixed,honest,0.0,all,B_p_truth_t,8,0.8731157567839363
E1_mixedxhonest_beta0.0,mixed,honest,0.0,all,B_p_truth_t,9,0.873882732713527
E1_mixedxhonest_beta0.0,mixed,honest,0.0,all,B_p_truth_t,10,0.8736696527937026
E1_mixedxhonest_beta0.0,mixed,honest,0.0,all,B_p_truth_t,11,0.8739552084444959
E1_mixedxhonest_beta0.0,mixed,honest,0.0,all,B_p_truth_t,12,0.8743843454833526
E1_mixedxhonest_beta0.0,mixed,honest,0.0,all,nonc_mutual_t,1,0.504
E1_mixedxhonest_beta0.0,mixed,honest,0.0,all,nonc_mutual_t,2,0.4395
E1_mixedxhonest_beta0.0,mixed,honest,0.0,all,nonc_mutual_t,3,0.4355
E1_mixedxhonest_beta0.0,mixed,honest,0.0,all,nonc_mutual_t,4,0.414
E1_mixedxhonest_beta0.0,mixed,honest,0.0,all,nonc_mutual_t,5,0.429
E1_mixedxhonest_beta0.0,mixed,honest,0.0,all,nonc_mutual_t,6,0.4305
E1_mixedxhonest_beta0.0,mixed,honest,0.0,all,nonc_mutual_t,7,0.414
E1_mixedxhonest_beta0.0,mixed,honest,0.0,all,nonc_mutual_t,8,0.4205
E1_mixedxhonest_beta0.0,mixed,honest,0.0,all,nonc_mutual_t,9,0.426
E1_mixedxhonest_beta0.0,mixed,honest,0.0,all,nonc_mutual_t,10,0.416
E1_mixedxhonest_beta0.0,mixed,honest,0.0,all,nonc_mutual_t,11,0.421
E1_mixedxhonest_beta0.0,mixed,honest,0.0,all,nonc_mutual_t,12,0.4045
E1_mixedxhonest_beta0.0,mixed,honest,0.0,all,A_concede_t,1,0.0995
E1_mixedxhonest_beta0.0,mixed,honest,0.0,all,A_concede_t,2,0.15
E1_mixedxhonest_beta0.0,mixed,honest,0.0,all,A_concede_t,3,0.1505
E1_mixedxhonest_beta0.0,mixed,honest,0.0,all,A_concede_t,4,0.171
E1_mixedxhonest_beta0.0,mixed,honest,0.0,all,A_concede_t,5,0.1525
E1_mixedxhonest_beta0.0,mixed,honest,0.0,all,A_concede_t,6,0.154
E1_mixedxhonest_beta0.0,mixed,honest,0.0,all,A_concede_t,7,0.165
E1_mixedxhonest_beta0.0,mixed,honest,0.0,all,A_concede_t,8,0.1655
E1_mixedxhonest_beta0.0,mixed,honest,0.0,all,A_concede_t,9,0.1635
E1_mixedxhonest_beta0.0,mixed,honest,0.0,all,A_concede_t,10,0.16
E1_mixedxhonest_beta0.0,mixed,honest,0.0,all,A_concede_t,11,0.162
E1_mixedxhonest_beta0.0,mixed,honest,0.0,all,A_concede_t,12,0.1695
E1_mixedxhonest_beta0.0,mixed,honest,0.0,all,B_concede_t,1,0.3965
E1_mixedxhonest_beta0.0,mixed,honest,0.0,all,B_concede_t,2,0.4105
E1_mixedxhonest_beta0.0,mixed,honest,0.0,all,B_concede_t,3,0.415
E1_mixedxhonest_beta0.0,mixed,honest,0.0,all,B_concede_t,4,0.415
E1_mixedxhonest_beta0.0,mixed,honest,0.0,all,B_concede_t,5,0.4185
E1_mixedxhonest_beta0.0,mixed,honest,0.0,all,B_concede_t,6,0.4155
E1_mixedxhonest_beta0.0,mixed,honest,0.0,all,B_concede_t,7,0.421
E1_mixedxhonest_beta0.0,mixed,honest,0.0,all,B_concede_t,8,0.414
E1_mixedxhonest_beta0.0,mixed,honest,0.0,all,B_concede_t,9,0.4105
E1_mixedxhonest_beta0.0,mixed,honest,0.0,all,B_concede_t,10,0.4245
E1_mixedxhonest_beta0.0,mixed,honest,0.0,all,B_concede_t,11,0.4175
E1_mixedxhonest_beta0.0,mixed,honest,0.0,all,B_concede_t,12,0.426
E1_mixedxhonest_beta0.0,mixed,honest,0.0,all,U_t,0,1.0
E1_mixedxhonest_beta0.0,mixed,honest,0.0,all,U_t,1,0.504
E1_mixedxhonest_beta0.0,mixed,honest,0.0,all,U_t,2,0.369
E1_mixedxhonest_beta0.0,mixed,honest,0.0,all,U_t,3,0.2925
E1_mixedxhonest_beta0.0,mixed,honest,0.0,all,U_t,4,0.2445
E1_mixedxhonest_beta0.0,mixed,honest,0.0,all,U_t,5,0.208
E1_mixedxhonest_beta0.0,mixed,honest,0.0,all,U_t,6,0.191
E1_mixedxhonest_beta0.0,mixed,honest,0.0,all,U_t,7,0.1765
E1_mixedxhonest_beta0.0,mixed,honest,0.0,all,U_t,8,0.1665
E1_mixedxhonest_beta0.0,mixed,honest,0.0,all,U_t,9,0.1705
E1_mixedxhonest_beta0.0,mixed,honest,0.0,all,U_t,10,0.1595
E1_mixedxhonest_beta0.0,mixed,honest,0.0,all,U_t,11,0.158
E1_mixedxhonest_beta0.0,mixed,honest,0.0,all,U_t,12,0.1505
E1_mixedxhonest_beta0.0,mixed,honest,0.0,both_own,A_p_truth_t,0,0.5785119207586285
E1_mixedxhonest_beta0.0,mixed,honest,0.0,both_own,A_p_truth_t,1,0.6378691429563472
E1_mixedxhonest_beta0.0,mixed,honest,0.0,both_own,A_p_truth_t,2,0.6521446317900205
E1_mixedxhonest_beta0.0,mixed,honest,0.0,both_own,A_p_truth_t,3,0.6606754349898475
E1_mixedxhonest_beta0.0,mixed,honest,0.0,both_own,A_p_truth_t,4,0.6675135520611346
E1_mixedxhonest_beta0.0,mixed,honest,0.0,both_own,A_p_truth_t,5,0.6728908965122934
E1_mixedxhonest_beta0.0,mixed,honest,0.0,both_own,A_p_truth_t,6,0.67702946148105
E1_mixedxhonest_beta0.0,mixed,honest,0.0,both_own,A_p_truth_t,7,0.6808689210791348
E1_mixedxhonest_beta0.0,mixed,honest,0.0,both_own,A_p_truth_t,8,0.6847489902790278
E1_mixedxhonest_beta0.0,mixed,honest,0.0,both_own,A_p_truth_t,9,0.6878014922426245
E1_mixedxhonest_beta0.0,mixed,honest,0.0,both_own,A_p_truth_t,10,0.690089551416888
E1_mixedxhonest_beta0.0,mixed,honest,0.0,both_own,A_p_truth_t,11,0.6925652451035379
E1_mixedxhonest_beta0.0,mixed,honest,0.0,both_own,A_p_truth_t,12,0.6947044894358128
E1_mixedxhonest_beta0.0,mixed,honest,0.0,both_own,B_p_truth_t,0,0.5569499366529735
E1_mixedxhonest_beta0.0,mixed,honest,0.0,both_own,B_p_truth_t,1,0.6373257816098948
E1_mixedxhonest_beta0.0,mixed,honest,0.0,both_own,B_p_truth_t,2,0.6500249557162135
E1_mixedxhonest_beta0.0,mixed,honest,0.0,both_own,B_p_truth_t,3,0.6594827704723124
E1_mixedxhonest_beta0.0,mixed,honest,0.0,both_own,B_p_truth_t,4,0.6655726854052133
E1_mixedxhonest_beta0.0,mixed,honest,0.0,both_own,B_p_truth_t,5,0.6692790210744749
E1_mixedxhonest_beta0.0,mixed,honest,0.0,both_own,B_p_truth_t,6,0.6725429533406172
E1_mixedxhonest_beta0.0,mixed,honest,0.0,both_own,B_p_truth_t,7,0.6740193826809348
E1_mixedxhonest_beta0.0,mixed,honest,0.0,both_own,B_p_truth_t,8,0.674003304150001
E1_mixedxhonest_beta0.0,mixed,honest,0.0,both_own,B_p_truth_t,9,0.6758407012501827
E1_mixedxhonest_beta0.0,mixed,honest,0.0,both_own,B_p_truth_t,10,0.675490605897531
E1_mixedxhonest_beta0.0,mixed,honest,0.0,both_own,B_p_truth_t,11,0.6770126277290277
E1_mixedxhonest_beta0.0,mixed,honest,0.0,both_own,B_p_truth_t,12,0.6788529696328945
E1_mixedxhonest_beta0.0,mixed,honest,0.0,both_own,nonc_mutual_t,1,0.805327868852459
E1_mixedxhonest_beta0.0,mixed,honest,0.0,both_own,nonc_mutual_t,2,0.7827868852459017
E1_mixedxhonest_beta0.0,mixed,honest,0.0,both_own,nonc_mutual_t,3,0.7561475409836066
E1_mixedxhonest_beta0.0,mixed,honest,0.0,both_own,nonc_mutual_t,4,0.7520491803278688
E1_mixedxhonest_beta0.0,mixed,honest,0.0,both_own,nonc_mutual_t,5,0.7315573770491803
E1_mixedxhonest_beta0.0,mixed,honest,0.0,both_own,nonc_mutual_t,6,0.735655737704918
E1_mixedxhonest_beta0.0,mixed,honest,0.0,both_own,nonc_mutual_t,7,0.7233606557377049
E1_mixedxhonest_beta0.0,mixed,honest,0.0,both_own,nonc_mutual_t,8,0.7602459016393442
E1_mixedxhonest_beta0.0,mixed,honest,0.0,both_own,nonc_mutual_t,9,0.7540983606557377
E1_mixedxhonest_beta0.0,mixed,honest,0.0,both_own,nonc_mutual_t,10,0.7049180327868853
E1_mixedxhonest_beta0.0,mixed,honest,0.0,both_own,nonc_mutual_t,11,0.7418032786885246
E1_mixedxhonest_beta0.0,mixed,honest,0.0,both_own,nonc_mutual_t,12,0.6926229508196722
E1_mixedxhonest_beta0.0,mixed,honest,0.0,both_own,A_concede_t,1,0.0
E1_mixedxhonest_beta0.0,mixed,honest,0.0,both_own,A_concede_t,2,0.0
E1_mixedxhonest_beta0.0,mixed,honest,0.0,both_own,A_concede_t,3,0.0020491803278688526
E1_mixedxhonest_beta0.0,mixed,honest,0.0,both_own,A_concede_t,4,0.0
E1_mixedxhonest_beta0.0,mixed,honest,0.0,both_own,A_concede_t,5,0.006147540983606557
E1_mixedxhonest_beta0.0,mixed,honest,0.0,both_own,A_concede_t,6,0.010245901639344262
E1_mixedxhonest_beta0.0,mixed,honest,0.0,both_own,A_concede_t,7,0.00819672131147541
E1_mixedxhonest_beta0.0,mixed,honest,0.0,both_own,A_concede_t,8,0.0020491803278688526
E1_mixedxhonest_beta0.0,mixed,honest,0.0,both_own,A_concede_t,9,0.0020491803278688526
E1_mixedxhonest_beta0.0,mixed,honest,0.0,both_own,A_concede_t,10,0.00819672131147541
E1_mixedxhonest_beta0.0,mixed,honest,0.0,both_own,A_concede_t,11,0.0020491803278688526
E1_mixedxhonest_beta0.0,mixed,honest,0.0,both_own,A_concede_t,12,0.012295081967213115
E1_mixedxhonest_beta0.0,mixed,honest,0.0,both_own,B_concede_t,1,0.19467213114754098
E1_mixedxhonest_beta0.0,mixed,honest,0.0,both_own,B_concede_t,2,0.21721311475409835
E1_mixedxhonest_beta0.0,mixed,honest,0.0,both_own,B_concede_t,3,0.24180327868852458
E1_mixedxhonest_beta0.0,mixed,honest,0.0,both_own,B_concede_t,4,0.24795081967213115
E1_mixedxhonest_beta0.0,mixed,honest,0.0,both_own,B_concede_t,5,0.26229508196721313
E1_mixedxhonest_beta0.0,mixed,honest,0.0,both_own,B_concede_t,6,0.2540983606557377
E1_mixedxhonest_beta0.0,mixed,honest,0.0,both_own,B_concede_t,7,0.26844262295081966
E1_mixedxhonest_beta0.0,mixed,honest,0.0,both_own,B_concede_t,8,0.23770491803278687
E1_mixedxhonest_beta0.0,mixed,honest,0.0,both_own,B_concede_t,9,0.24385245901639344
E1_mixedxhonest_beta0.0,mixed,honest,0.0,both_own,B_concede_t,10,0.28688524590163933
E1_mixedxhonest_beta0.0,mixed,honest,0.0,both_own,B_concede_t,11,0.25614754098360654
E1_mixedxhonest_beta0.0,mixed,honest,0.0,both_own,B_concede_t,12,0.29508196721311475
E1_mixedxhonest_beta0.0,mixed,honest,0.0,both_own,U_t,0,1.0
E1_mixedxhonest_beta0.0,mixed,honest,0.0,both_own,U_t,1,0.805327868852459
E1_mixedxhonest_beta0.0,mixed,honest,0.0,both_own,U_t,2,0.7110655737704918
E1_mixedxhonest_beta0.0,mixed,honest,0.0,both_own,U_t,3,0.6516393442622951
E1_mixedxhonest_beta0.0,mixed,honest,0.0,both_own,U_t,4,0.6290983606557377
E1_mixedxhonest_beta0.0,mixed,honest,0.0,both_own,U_t,5,0.5922131147540983
E1_mixedxhonest_beta0.0,mixed,honest,0.0,both_own,U_t,6,0.5983606557377049
E1_mixedxhonest_beta0.0,mixed,honest,0.0,both_own,U_t,7,0.5778688524590164
E1_mixedxhonest_beta0.0,mixed,honest,0.0,both_own,U_t,8,0.5758196721311475
E1_mixedxhonest_beta0.0,mixed,honest,0.0,both_own,U_t,9,0.5942622950819673
E1_mixedxhonest_beta0.0,mixed,honest,0.0,both_own,U_t,10,0.5676229508196722
E1_mixedxhonest_beta0.0,mixed,honest,0.0,both_own,U_t,11,0.5799180327868853
E1_mixedxhonest_beta0.0,mixed,honest,0.0,both_own,U_t,12,0.5594262295081968
E1_mixedxattenuated_beta0.0,mixed,attenuated,0.0,all,A_p_truth_t,0,0.7861258782201477
E1_mixedxattenuated_beta0.0,mixed,attenuated,0.0,all,A_p_truth_t,1,0.8420019318987266
E1_mixedxattenuated_beta0.0,mixed,attenuated,0.0,all,A_p_truth_t,2,0.847908192516906
E1_mixedxattenuated_beta0.0,mixed,attenuated,0.0,all,A_p_truth_t,3,0.8506441965504723
E1_mixedxattenuated_beta0.0,mixed,attenuated,0.0,all,A_p_truth_t,4,0.8527109536744898
E1_mixedxattenuated_beta0.0,mixed,attenuated,0.0,all,A_p_truth_t,5,0.8545119757750183
E1_mixedxattenuated_beta0.0,mixed,attenuated,0.0,all,A_p_truth_t,6,0.8559726748313483
E1_mixedxattenuated_beta0.0,mixed,attenuated,0.0,all,A_p_truth_t,7,0.8566344230797088
E1_mixedxattenuated_beta0.0,mixed,attenuated,0.0,all,A_p_truth_t,8,0.8575667202704794
E1_mixedxattenuated_beta0.0,mixed,attenuated,0.0,all,A_p_truth_t,9,0.858387507079713
E1_mixedxattenuated_beta0.0,mixed,attenuated,0.0,all,A_p_truth_t,10,0.8586567604743196
E1_mixedxattenuated_beta0.0,mixed,attenuated,0.0,all,A_p_truth_t,11,0.8585792434937943
E1_mixedxattenuated_beta0.0,mixed,attenuated,0.0,all,A_p_truth_t,12,0.8586912361850971
E1_mixedxattenuated_beta0.0,mixed,attenuated,0.0,all,B_p_truth_t,0,0.7856867681498896
E1_mixedxattenuated_beta0.0,mixed,attenuated,0.0,all,B_p_truth_t,1,0.8051562909156932
E1_mixedxattenuated_beta0.0,mixed,attenuated,0.0,all,B_p_truth_t,2,0.8085963892780381
E1_mixedxattenuated_beta0.0,mixed,attenuated,0.0,all,B_p_truth_t,3,0.8097835964458653
E1_mixedxattenuated_beta0.0,mixed,attenuated,0.0,all,B_p_truth_t,4,0.8108897992810451
E1_mixedxattenuated_beta0.0,mixed,attenuated,0.0,all,B_p_truth_t,5,0.8116582825728564
E1_mixedxattenuated_beta0.0,mixed,attenuated,0.0,all,B_p_truth_t,6,0.8123602539531244
E1_mixedxattenuated_beta0.0,mixed,attenuated,0.0,all,B_p_truth_t,7,0.8129402136901273
E1_mixedxattenuated_beta0.0,mixed,attenuated,0.0,all,B_p_truth_t,8,0.8132758254486931
E1_mixedxattenuated_beta0.0,mixed,attenuated,0.0,all,B_p_truth_t,9,0.8137234028213022
E1_mixedxattenuated_beta0.0,mixed,attenuated,0.0,all,B_p_truth_t,10,0.8139535859303967
E1_mixedxattenuated_beta0.0,mixed,attenuated,0.0,all,B_p_truth_t,11,0.8142019636142374
E1_mixedxattenuated_beta0.0,mixed,attenuated,0.0,all,B_p_truth_t,12,0.8141754690728334
E1_mixedxattenuated_beta0.0,mixed,attenuated,0.0,all,nonc_mutual_t,1,0.538
E1_mixedxattenuated_beta0.0,mixed,attenuated,0.0,all,nonc_mutual_t,2,0.493
E1_mixedxattenuated_beta0.0,mixed,attenuated,0.0,all,nonc_mutual_t,3,0.4925
E1_mixedxattenuated_beta0.0,mixed,attenuated,0.0,all,nonc_mutual_t,4,0.4725
E1_mixedxattenuated_beta0.0,mixed,attenuated,0.0,all,nonc_mutual_t,5,0.495
E1_mixedxattenuated_beta0.0,mixed,attenuated,0.0,all,nonc_mutual_t,6,0.4915
E1_mixedxattenuated_beta0.0,mixed,attenuated,0.0,all,nonc_mutual_t,7,0.485
E1_mixedxattenuated_beta0.0,mixed,attenuated,0.0,all,nonc_mutual_t,8,0.4795
E1_mixedxattenuated_beta0.0,mixed,attenuated,0.0,all,nonc_mutual_t,9,0.4905
E1_mixedxattenuated_beta0.0,mixed,attenuated,0.0,all,nonc_mutual_t,10,0.486
E1_mixedxattenuated_beta0.0,mixed,attenuated,0.0,all,nonc_mutual_t,11,0.4785
E1_mixedxattenuated_beta0.0,mixed,attenuated,0.0,all,nonc_mutual_t,12,0.4795
E1_mixedxattenuated_beta0.0,mixed,attenuated,0.0,all,A_concede_t,1,0.0995
E1_mixedxattenuated_beta0.0,mixed,attenuated,0.0,all,A_concede_t,2,0.1415
E1_mixedxattenuated_beta0.0,mixed,attenuated,0.0,all,A_concede_t,3,0.1455
E1_mixedxattenuated_beta0.0,mixed,attenuated,0.0,all,A_concede_t,4,0.166
E1_mixedxattenuated_beta0.0,mixed,attenuated,0.0,all,A_concede_t,5,0.143
E1_mixedxattenuated_beta0.0,mixed,attenuated,0.0,all,A_concede_t,6,0.148
E1_mixedxattenuated_beta0.0,mixed,attenuated,0.0,all,A_concede_t,7,0.1555
E1_mixedxattenuated_beta0.0,mixed,attenuated,0.0,all,A_concede_t,8,0.159
E1_mixedxattenuated_beta0.0,mixed,attenuated,0.0,all,A_concede_t,9,0.157
E1_mixedxattenuated_beta0.0,mixed,attenuated,0.0,all,A_concede_t,10,0.155
E1_mixedxattenuated_beta0.0,mixed,attenuated,0.0,all,A_concede_t,11,0.156
E1_mixedxattenuated_beta0.0,mixed,attenuated,0.0,all,A_concede_t,12,0.16
E1_mixedxattenuated_beta0.0,mixed,attenuated,0.0,all,B_concede_t,1,0.3655
E1_mixedxattenuated_beta0.0,mixed,attenuated,0.0,all,B_concede_t,2,0.3665
E1_mixedxattenuated_beta0.0,mixed,attenuated,0.0,all,B_concede_t,3,0.3645
E1_mixedxattenuated_beta0.0,mixed,attenuated,0.0,all,B_concede_t,4,0.3645
E1_mixedxattenuated_beta0.0,mixed,attenuated,0.0,all,B_concede_t,5,0.3645
E1_mixedxattenuated_beta0.0,mixed,attenuated,0.0,all,B_concede_t,6,0.362
E1_mixedxattenuated_beta0.0,mixed,attenuated,0.0,all,B_concede_t,7,0.361
E1_mixedxattenuated_beta0.0,mixed,attenuated,0.0,all,B_concede_t,8,0.3625
E1_mixedxattenuated_beta0.0,mixed,attenuated,0.0,all,B_concede_t,9,0.3545
E1_mixedxattenuated_beta0.0,mixed,attenuated,0.0,all,B_concede_t,10,0.3605
E1_mixedxattenuated_beta0.0,mixed,attenuated,0.0,all,B_concede_t,11,0.3665
E1_mixedxattenuated_beta0.0,mixed,attenuated,0.0,all,B_concede_t,12,0.361
E1_mixedxattenuated_beta0.0,mixed,attenuated,0.0,all,U_t,0,1.0
E1_mixedxattenuated_beta0.0,mixed,attenuated,0.0,all,U_t,1,0.541
E1_mixedxattenuated_beta0.0,mixed,attenuated,0.0,all,U_t,2,0.4275
E1_mixedxattenuated_beta0.0,mixed,attenuated,0.0,all,U_t,3,0.3735
E1_mixedxattenuated_beta0.0,mixed,attenuated,0.0,all,U_t,4,0.3315
E1_mixedxattenuated_beta0.0,mixed,attenuated,0.0,all,U_t,5,0.308
E1_mixedxattenuated_beta0.0,mixed,attenuated,0.0,all,U_t,6,0.2845
E1_mixedxattenuated_beta0.0,mixed,attenuated,0.0,all,U_t,7,0.2745
E1_mixedxattenuated_beta0.0,mixed,attenuated,0.0,all,U_t,8,0.265
E1_mixedxattenuated_beta0.0,mixed,attenuated,0.0,all,U_t,9,0.267
E1_mixedxattenuated_beta0.0,mixed,attenuated,0.0,all,U_t,10,0.262
E1_mixedxattenuated_beta0.0,mixed,attenuated,0.0,all,U_t,11,0.255
E1_mixedxattenuated_beta0.0,mixed,attenuated,0.0,all,U_t,12,0.2495
E1_mixedxattenuated_beta0.0,mixed,attenuated,0.0,both_own,A_p_truth_t,0,0.5785119207586285
E1_mixedxattenuated_beta0.0,mixed,attenuated,0.0,both_own,A_p_truth_t,1,0.623057912201735
E1_mixedxattenuated_beta0.0,mixed,attenuated,0.0,both_own,A_p_truth_t,2,0.6340380189702899
E1_mixedxattenuated_beta0.0,mixed,attenuated,0.0,both_own,A_p_truth_t,3,0.6434686804926595
E1_mixedxattenuated_beta0.0,mixed,attenuated,0.0,both_own,A_p_truth_t,4,0.6502526059329167
E1_mixedxattenuated_beta0.0,mixed,attenuated,0.0,both_own,A_p_truth_t,5,0.6569184502388644
E1_mixedxattenuated_beta0.0,mixed,attenuated,0.0,both_own,A_p_truth_t,6,0.6617066901309578
E1_mixedxattenuated_beta0.0,mixed,attenuated,0.0,both_own,A_p_truth_t,7,0.6645200992816649
E1_mixedxattenuated_beta0.0,mixed,attenuated,0.0,both_own,A_p_truth_t,8,0.6677759577113102
E1_mixedxattenuated_beta0.0,mixed,attenuated,0.0,both_own,A_p_truth_t,9,0.6715807584269782
E1_mixedxattenuated_beta0.0,mixed,attenuated,0.0,both_own,A_p_truth_t,10,0.6734140771031224
E1_mixedxattenuated_beta0.0,mixed,attenuated,0.0,both_own,A_p_truth_t,11,0.67343007621124
E1_mixedxattenuated_beta0.0,mixed,attenuated,0.0,both_own,A_p_truth_t,12,0.6749410767649034
E1_mixedxattenuated_beta0.0,mixed,attenuated,0.0,both_own,B_p_truth_t,0,0.5569499366529735
E1_mixedxattenuated_beta0.0,mixed,attenuated,0.0,both_own,B_p_truth_t,1,0.5712125867653388
E1_mixedxattenuated_beta0.0,mixed,attenuated,0.0,both_own,B_p_truth_t,2,0.5745903098092849
E1_mixedxattenuated_beta0.0,mixed,attenuated,0.0,both_own,B_p_truth_t,3,0.578416125356921
E1_mixedxattenuated_beta0.0,mixed,attenuated,0.0,both_own,B_p_truth_t,4,0.5824039996720013
E1_mixedxattenuated_beta0.0,mixed,attenuated,0.0,both_own,B_p_truth_t,5,0.584856762923126
E1_mixedxattenuated_beta0.0,mixed,attenuated,0.0,both_own,B_p_truth_t,6,0.5870463748970355
E1_mixedxattenuated_beta0.0,mixed,attenuated,0.0,both_own,B_p_truth_t,7,0.5890811055905945
E1_mixedxattenuated_beta0.0,mixed,attenuated,0.0,both_own,B_p_truth_t,8,0.5903357732666835
E1_mixedxattenuated_beta0.0,mixed,attenuated,0.0,both_own,B_p_truth_t,9,0.5919097584062218
E1_mixedxattenuated_beta0.0,mixed,attenuated,0.0,both_own,B_p_truth_t,10,0.5928750713047686
E1_mixedxattenuated_beta0.0,mixed,attenuated,0.0,both_own,B_p_truth_t,11,0.5936517908739384
E1_mixedxattenuated_beta0.0,mixed,attenuated,0.0,both_own,B_p_truth_t,12,0.5936027226621629
E1_mixedxattenuated_beta0.0,mixed,attenuated,0.0,both_own,nonc_mutual_t,1,0.9938524590163934
E1_mixedxattenuated_beta0.0,mixed,attenuated,0.0,both_own,nonc_mutual_t,2,0.985655737704918
E1_mixedxattenuated_beta0.0,mixed,attenuated,0.0,both_own,nonc_mutual_t,3,0.9918032786885246
E1_mixedxattenuated_beta0.0,mixed,attenuated,0.0,both_own,nonc_mutual_t,4,0.9836065573770492
E1_mixedxattenuated_beta0.0,mixed,attenuated,0.0,both_own,nonc_mutual_t,5,0.985655737704918
E1_mixedxattenuated_beta0.0,mixed,attenuated,0.0,both_own,nonc_mutual_t,6,0.9692622950819673
E1_mixedxattenuated_beta0.0,mixed,attenuated,0.0,both_own,nonc_mutual_t,7,0.9733606557377049
E1_mixedxattenuated_beta0.0,mixed,attenuated,0.0,both_own,nonc_mutual_t,8,0.9836065573770492
E1_mixedxattenuated_beta0.0,mixed,attenuated,0.0,both_own,nonc_mutual_t,9,0.9877049180327869
E1_mixedxattenuated_beta0.0,mixed,attenuated,0.0,both_own,nonc_mutual_t,10,0.9836065573770492
E1_mixedxattenuated_beta0.0,mixed,attenuated,0.0,both_own,nonc_mutual_t,11,0.9733606557377049
E1_mixedxattenuated_beta0.0,mixed,attenuated,0.0,both_own,nonc_mutual_t,12,0.9672131147540983
E1_mixedxattenuated_beta0.0,mixed,attenuated,0.0,both_own,A_concede_t,1,0.0
E1_mixedxattenuated_beta0.0,mixed,attenuated,0.0,both_own,A_concede_t,2,0.0
E1_mixedxattenuated_beta0.0,mixed,attenuated,0.0,both_own,A_concede_t,3,0.0020491803278688526
E1_mixedxattenuated_beta0.0,mixed,attenuated,0.0,both_own,A_concede_t,4,0.0020491803278688526
E1_mixedxattenuated_beta0.0,mixed,attenuated,0.0,both_own,A_concede_t,5,0.006147540983606557
E1_mixedxattenuated_beta0.0,mixed,attenuated,0.0,both_own,A_concede_t,6,0.014344262295081968
E1_mixedxattenuated_beta0.0,mixed,attenuated,0.0,both_own,A_concede_t,7,0.010245901639344262
E1_mixedxattenuated_beta0.0,mixed,attenuated,0.0,both_own,A_concede_t,8,0.006147540983606557
E1_mixedxattenuated_beta0.0,mixed,attenuated,0.0,both_own,A_concede_t,9,0.0020491803278688526
E1_mixedxattenuated_beta0.0,mixed,attenuated,0.0,both_own,A_concede_t,10,0.00819672131147541
E1_mixedxattenuated_beta0.0,mixed,attenuated,0.0,both_own,A_concede_t,11,0.004098360655737705
E1_mixedxattenuated_beta0.0,mixed,attenuated,0.0,both_own,A_concede_t,12,0.014344262295081968
E1_mixedxattenuated_beta0.0,mixed,attenuated,0.0,both_own,B_concede_t,1,0.006147540983606557
E1_mixedxattenuated_beta0.0,mixed,attenuated,0.0,both_own,B_concede_t,2,0.014344262295081968
E1_mixedxattenuated_beta0.0,mixed,attenuated,0.0,both_own,B_concede_t,3,0.006147540983606557
E1_mixedxattenuated_beta0.0,mixed,attenuated,0.0,both_own,B_concede_t,4,0.014344262295081968
E1_mixedxattenuated_beta0.0,mixed,attenuated,0.0,both_own,B_concede_t,5,0.00819672131147541
E1_mixedxattenuated_beta0.0,mixed,attenuated,0.0,both_own,B_concede_t,6,0.01639344262295082
E1_mixedxattenuated_beta0.0,mixed,attenuated,0.0,both_own,B_concede_t,7,0.01639344262295082
E1_mixedxattenuated_beta0.0,mixed,attenuated,0.0,both_own,B_concede_t,8,0.010245901639344262
E1_mixedxattenuated_beta0.0,mixed,attenuated,0.0,both_own,B_concede_t,9,0.010245901639344262
E1_mixedxattenuated_beta0.0,mixed,attenuated,0.0,both_own,B_concede_t,10,0.00819672131147541
E1_mixedxattenuated_beta0.0,mixed,attenuated,0.0,both_own,B_concede_t,11,0.022540983606557378
E1_mixedxattenuated_beta0.0,mixed,attenuated,0.0,both_own,B_concede_t,12,0.018442622950819672
E1_mixedxattenuated_beta0.0,mixed,attenuated,0.0,both_own,U_t,0,1.0
E1_mixedxattenuated_beta0.0,mixed,attenuated,0.0,both_own,U_t,1,0.9938524590163934
E1_mixedxattenuated_beta0.0,mixed,attenuated,0.0,both_own,U_t,2,0.9836065573770492
E1_mixedxattenuated_beta0.0,mixed,attenuated,0.0,both_own,U_t,3,0.9897540983606558
E1_mixedxattenuated_beta0.0,mixed,attenuated,0.0,both_own,U_t,4,0.9815573770491803
E1_mixedxattenuated_beta0.0,mixed,attenuated,0.0,both_own,U_t,5,0.9774590163934426
E1_mixedxattenuated_beta0.0,mixed,attenuated,0.0,both_own,U_t,6,0.9569672131147541
E1_mixedxattenuated_beta0.0,mixed,attenuated,0.0,both_own,U_t,7,0.9528688524590164
E1_mixedxattenuated_beta0.0,mixed,attenuated,0.0,both_own,U_t,8,0.9528688524590164
E1_mixedxattenuated_beta0.0,mixed,attenuated,0.0,both_own,U_t,9,0.9631147540983607
E1_mixedxattenuated_beta0.0,mixed,attenuated,0.0,both_own,U_t,10,0.9590163934426229
E1_mixedxattenuated_beta0.0,mixed,attenuated,0.0,both_own,U_t,11,0.9508196721311475
E1_mixedxattenuated_beta0.0,mixed,attenuated,0.0,both_own,U_t,12,0.9385245901639344
E1_mixedxcostly_beta0.0,mixed,costly,0.0,all,A_p_truth_t,0,0.7861258782201477
E1_mixedxcostly_beta0.0,mixed,costly,0.0,all,A_p_truth_t,1,0.8364064026143538
E1_mixedxcostly_beta0.0,mixed,costly,0.0,all,A_p_truth_t,2,0.8457119328787548
E1_mixedxcostly_beta0.0,mixed,costly,0.0,all,A_p_truth_t,3,0.849508654877761
E1_mixedxcostly_beta0.0,mixed,costly,0.0,all,A_p_truth_t,4,0.852354973630914
E1_mixedxcostly_beta0.0,mixed,costly,0.0,all,A_p_truth_t,5,0.8542097422407173
E1_mixedxcostly_beta0.0,mixed,costly,0.0,all,A_p_truth_t,6,0.8559107775221105
E1_mixedxcostly_beta0.0,mixed,costly,0.0,all,A_p_truth_t,7,0.8570753053629998
E1_mixedxcostly_beta0.0,mixed,costly,0.0,all,A_p_truth_t,8,0.8583785455331894
E1_mixedxcostly_beta0.0,mixed,costly,0.0,all,A_p_truth_t,9,0.8594054384915482
E1_mixedxcostly_beta0.0,mixed,costly,0.0,all,A_p_truth_t,10,0.8603496404139663
E1_mixedxcostly_beta0.0,mixed,costly,0.0,all,A_p_truth_t,11,0.861311979582934
E1_mixedxcostly_beta0.0,mixed,costly,0.0,all,A_p_truth_t,12,0.8619568318872745
E1_mixedxcostly_beta0.0,mixed,costly,0.0,all,B_p_truth_t,0,0.7856867681498896
E1_mixedxcostly_beta0.0,mixed,costly,0.0,all,B_p_truth_t,1,0.8542417907640368
E1_mixedxcostly_beta0.0,mixed,costly,0.0,all,B_p_truth_t,2,0.8641060137639732
E1_mixedxcostly_beta0.0,mixed,costly,0.0,all,B_p_truth_t,3,0.8705136739201492
E1_mixedxcostly_beta0.0,mixed,costly,0.0,all,B_p_truth_t,4,0.874266839519758
E1_mixedxcostly_beta0.0,mixed,costly,0.0,all,B_p_truth_t,5,0.8776201009300132
E1_mixedxcostly_beta0.0,mixed,costly,0.0,all,B_p_truth_t,6,0.8803975656257429
E1_mixedxcostly_beta0.0,mixed,costly,0.0,all,B_p_truth_t,7,0.8826354162532677
E1_mixedxcostly_beta0.0,mixed,costly,0.0,all,B_p_truth_t,8,0.8840485307448926
E1_mixedxcostly_beta0.0,mixed,costly,0.0,all,B_p_truth_t,9,0.8865038039475137
E1_mixedxcostly_beta0.0,mixed,costly,0.0,all,B_p_truth_t,10,0.8868486529486009
E1_mixedxcostly_beta0.0,mixed,costly,0.0,all,B_p_truth_t,11,0.8885259599041703
E1_mixedxcostly_beta0.0,mixed,costly,0.0,all,B_p_truth_t,12,0.8897696662460481
E1_mixedxcostly_beta0.0,mixed,costly,0.0,all,nonc_mutual_t,1,0.885
E1_mixedxcostly_beta0.0,mixed,costly,0.0,all,nonc_mutual_t,2,0.8395
E1_mixedxcostly_beta0.0,mixed,costly,0.0,all,nonc_mutual_t,3,0.8385
E1_mixedxcostly_beta0.0,mixed,costly,0.0,all,nonc_mutual_t,4,0.818
E1_mixedxcostly_beta0.0,mixed,costly,0.0,all,nonc_mutual_t,5,0.835
E1_mixedxcostly_beta0.0,mixed,costly,0.0,all,nonc_mutual_t,6,0.834
E1_mixedxcostly_beta0.0,mixed,costly,0.0,all,nonc_mutual_t,7,0.8205
E1_mixedxcostly_beta0.0,mixed,costly,0.0,all,nonc_mutual_t,8,0.827
E1_mixedxcostly_beta0.0,mixed,costly,0.0,all,nonc_mutual_t,9,0.825
E1_mixedxcostly_beta0.0,mixed,costly,0.0,all,nonc_mutual_t,10,0.8255
E1_mixedxcostly_beta0.0,mixed,costly,0.0,all,nonc_mutual_t,11,0.825
E1_mixedxcostly_beta0.0,mixed,costly,0.0,all,nonc_mutual_t,12,0.816
E1_mixedxcostly_beta0.0,mixed,costly,0.0,all,A_concede_t,1,0.0995
E1_mixedxcostly_beta0.0,mixed,costly,0.0,all,A_concede_t,2,0.151
E1_mixedxcostly_beta0.0,mixed,costly,0.0,all,A_concede_t,3,0.1505
E1_mixedxcostly_beta0.0,mixed,costly,0.0,all,A_concede_t,4,0.172
E1_mixedxcostly_beta0.0,mixed,costly,0.0,all,A_concede_t,5,0.1525
E1_mixedxcostly_beta0.0,mixed,costly,0.0,all,A_concede_t,6,0.154
E1_mixedxcostly_beta0.0,mixed,costly,0.0,all,A_concede_t,7,0.1655
E1_mixedxcostly_beta0.0,mixed,costly,0.0,all,A_concede_t,8,0.165
E1_mixedxcostly_beta0.0,mixed,costly,0.0,all,A_concede_t,9,0.164
E1_mixedxcostly_beta0.0,mixed,costly,0.0,all,A_concede_t,10,0.1605
E1_mixedxcostly_beta0.0,mixed,costly,0.0,all,A_concede_t,11,0.1615
E1_mixedxcostly_beta0.0,mixed,costly,0.0,all,A_concede_t,12,0.17
E1_mixedxcostly_beta0.0,mixed,costly,0.0,all,B_concede_t,1,0.0155
E1_mixedxcostly_beta0.0,mixed,costly,0.0,all,B_concede_t,2,0.0095
E1_mixedxcostly_beta0.0,mixed,costly,0.0,all,B_concede_t,3,0.011
E1_mixedxcostly_beta0.0,mixed,costly,0.0,all,B_concede_t,4,0.01
E1_mixedxcostly_beta0.0,mixed,costly,0.0,all,B_concede_t,5,0.0125
E1_mixedxcostly_beta0.0,mixed,costly,0.0,all,B_concede_t,6,0.012
E1_mixedxcostly_beta0.0,mixed,costly,0.0,all,B_concede_t,7,0.014
E1_mixedxcostly_beta0.0,mixed,costly,0.0,all,B_concede_t,8,0.008
E1_mixedxcostly_beta0.0,mixed,costly,0.0,all,B_concede_t,9,0.011
E1_mixedxcostly_beta0.0,mixed,costly,0.0,all,B_concede_t,10,0.014
E1_mixedxcostly_beta0.0,mixed,costly,0.0,all,B_concede_t,11,0.0135
E1_mixedxcostly_beta0.0,mixed,costly,0.0,all,B_concede_t,12,0.014
E1_mixedxcostly_beta0.0,mixed,costly,0.0,all,U_t,0,1.0
E1_mixedxcostly_beta0.0,mixed,costly,0.0,all,U_t,1,0.885
E1_mixedxcostly_beta0.0,mixed,costly,0.0,all,U_t,2,0.7755
E1_mixedxcostly_beta0.0,mixed,costly,0.0,all,U_t,3,0.7055
E1_mixedxcostly_beta0.0,mixed,costly,0.0,all,U_t,4,0.6555
E1_mixedxcostly_beta0.0,mixed,costly,0.0,all,U_t,5,0.616
E1_mixedxcostly_beta0.0,mixed,costly,0.0,all,U_t,6,0.5855
E1_mixedxcostly_beta0.0,mixed,costly,0.0,all,U_t,7,0.5655
E1_mixedxcostly_beta0.0,mixed,costly,0.0,all,U_t,8,0.5515
E1_mixedxcostly_beta0.0,mixed,costly,0.0,all,U_t,9,0.544
E1_mixedxcostly_beta0.0,mixed,costly,0.0,all,U_t,10,0.529
E1_mixedxcostly_beta0.0,mixed,costly,0.0,all,U_t,11,0.514
E1_mixedxcostly_beta0.0,mixed,costly,0.0,all,U_t,12,0.499
E1_mixedxcostly_beta0.0,mixed,costly,0.0,both_own,A_p_truth_t,0,0.5785119207586285
E1_mixedxcostly_beta0.0,mixed,costly,0.0,both_own,A_p_truth_t,1,0.6353253282028364
E1_mixedxcostly_beta0.0,mixed,costly,0.0,both_own,A_p_truth_t,2,0.6494949805434818
E1_mixedxcostly_beta0.0,mixed,costly,0.0,both_own,A_p_truth_t,3,0.6578527328056999
E1_mixedxcostly_beta0.0,mixed,costly,0.0,both_own,A_p_truth_t,4,0.6656181632546436
E1_mixedxcostly_beta0.0,mixed,costly,0.0,both_own,A_p_truth_t,5,0.6704693825248701
E1_mixedxcostly_beta0.0,mixed,costly,0.0,both_own,A_p_truth_t,6,0.6752843520349809
E1_mixedxcostly_beta0.0,mixed,costly,0.0,both_own,A_p_truth_t,7,0.6791103156774063
E1_mixedxcostly_beta0.0,mixed,costly,0.0,both_own,A_p_truth_t,8,0.6824863265266934
E1_mixedxcostly_beta0.0,mixed,costly,0.0,both_own,A_p_truth_t,9,0.6857588071341233
E1_mixedxcostly_beta0.0,mixed,costly,0.0,both_own,A_p_truth_t,10,0.6887692054839508
E1_mixedxcostly_beta0.0,mixed,costly,0.0,both_own,A_p_truth_t,11,0.6919836199063341
E1_mixedxcostly_beta0.0,mixed,costly,0.0,both_own,A_p_truth_t,12,0.6944020310674099
E1_mixedxcostly_beta0.0,mixed,costly,0.0,both_own,B_p_truth_t,0,0.5569499366529735
E1_mixedxcostly_beta0.0,mixed,costly,0.0,both_own,B_p_truth_t,1,0.6373257816098948
E1_mixedxcostly_beta0.0,mixed,costly,0.0,both_own,B_p_truth_t,2,0.6515962098399191
E1_mixedxcostly_beta0.0,mixed,costly,0.0,both_own,B_p_truth_t,3,0.6656080326615
E1_mixedxcostly_beta0.0,mixed,costly,0.0,both_own,B_p_truth_t,4,0.6766242242029545
E1_mixedxcostly_beta0.0,mixed,costly,0.0,both_own,B_p_truth_t,5,0.6863864391340971
E1_mixedxcostly_beta0.0,mixed,costly,0.0,both_own,B_p_truth_t,6,0.6943418760075546
E1_mixedxcostly_beta0.0,mixed,costly,0.0,both_own,B_p_truth_t,7,0.701225034820808
E1_mixedxcostly_beta0.0,mixed,costly,0.0,both_own,B_p_truth_t,8,0.705653788347764
E1_mixedxcostly_beta0.0,mixed,costly,0.0,both_own,B_p_truth_t,9,0.7131089153516397
E1_mixedxcostly_beta0.0,mixed,costly,0.0,both_own,B_p_truth_t,10,0.713768969312548
E1_mixedxcostly_beta0.0,mixed,costly,0.0,both_own,B_p_truth_t,11,0.7198800422485139
E1_mixedxcostly_beta0.0,mixed,costly,0.0,both_own,B_p_truth_t,12,0.7245346487306762
E1_mixedxcostly_beta0.0,mixed,costly,0.0,both_own,nonc_mutual_t,1,1.0
E1_mixedxcostly_beta0.0,mixed,costly,0.0,both_own,nonc_mutual_t,2,1.0
E1_mixedxcostly_beta0.0,mixed,costly,0.0,both_own,nonc_mutual_t,3,0.9979508196721312
E1_mixedxcostly_beta0.0,mixed,costly,0.0,both_own,nonc_mutual_t,4,1.0
E1_mixedxcostly_beta0.0,mixed,costly,0.0,both_own,nonc_mutual_t,5,0.9938524590163934
E1_mixedxcostly_beta0.0,mixed,costly,0.0,both_own,nonc_mutual_t,6,0.9877049180327869
E1_mixedxcostly_beta0.0,mixed,costly,0.0,both_own,nonc_mutual_t,7,0.9877049180327869
E1_mixedxcostly_beta0.0,mixed,costly,0.0,both_own,nonc_mutual_t,8,0.9959016393442623
E1_mixedxcostly_beta0.0,mixed,costly,0.0,both_own,nonc_mutual_t,9,0.9959016393442623
E1_mixedxcostly_beta0.0,mixed,costly,0.0,both_own,nonc_mutual_t,10,0.9897540983606558
E1_mixedxcostly_beta0.0,mixed,costly,0.0,both_own,nonc_mutual_t,11,0.9959016393442623
E1_mixedxcostly_beta0.0,mixed,costly,0.0,both_own,nonc_mutual_t,12,0.9877049180327869
E1_mixedxcostly_beta0.0,mixed,costly,0.0,both_own,A_concede_t,1,0.0
E1_mixedxcostly_beta0.0,mixed,costly,0.0,both_own,A_concede_t,2,0.0
E1_mixedxcostly_beta0.0,mixed,costly,0.0,both_own,A_concede_t,3,0.0020491803278688526
E1_mixedxcostly_beta0.0,mixed,costly,0.0,both_own,A_concede_t,4,0.0
E1_mixedxcostly_beta0.0,mixed,costly,0.0,both_own,A_concede_t,5,0.006147540983606557
E1_mixedxcostly_beta0.0,mixed,costly,0.0,both_own,A_concede_t,6,0.010245901639344262
E1_mixedxcostly_beta0.0,mixed,costly,0.0,both_own,A_concede_t,7,0.010245901639344262
E1_mixedxcostly_beta0.0,mixed,costly,0.0,both_own,A_concede_t,8,0.0020491803278688526
E1_mixedxcostly_beta0.0,mixed,costly,0.0,both_own,A_concede_t,9,0.0020491803278688526
E1_mixedxcostly_beta0.0,mixed,costly,0.0,both_own,A_concede_t,10,0.00819672131147541
E1_mixedxcostly_beta0.0,mixed,costly,0.0,both_own,A_concede_t,11,0.0020491803278688526
E1_mixedxcostly_beta0.0,mixed,costly,0.0,both_own,A_concede_t,12,0.012295081967213115
E1_mixedxcostly_beta0.0,mixed,costly,0.0,both_own,B_concede_t,1,0.0
E1_mixedxcostly_beta0.0,mixed,costly,0.0,both_own,B_concede_t,2,0.0
E1_mixedxcostly_beta0.0,mixed,costly,0.0,both_own,B_concede_t,3,0.0
E1_mixedxcostly_beta0.0,mixed,costly,0.0,both_own,B_concede_t,4,0.0
E1_mixedxcostly_beta0.0,mixed,costly,0.0,both_own,B_concede_t,5,0.0
E1_mixedxcostly_beta0.0,mixed,costly,0.0,both_own,B_concede_t,6,0.0020491803278688526
E1_mixedxcostly_beta0.0,mixed,costly,0.0,both_own,B_concede_t,7,0.0020491803278688526
E1_mixedxcostly_beta0.0,mixed,costly,0.0,both_own,B_concede_t,8,0.0020491803278688526
E1_mixedxcostly_beta0.0,mixed,costly,0.0,both_own,B_concede_t,9,0.0020491803278688526
E1_mixedxcostly_beta0.0,mixed,costly,0.0,both_own,B_concede_t,10,0.0020491803278688526
E1_mixedxcostly_beta0.0,mixed,costly,0.0,both_own,B_concede_t,11,0.0020491803278688526
E1_mixedxcostly_beta0.0,mixed,costly,0.0,both_own,B_concede_t,12,0.0
E1_mixedxcostly_beta0.0,mixed,costly,0.0,both_own,U_t,0,1.0
E1_mixedxcostly_beta0.0,mixed,costly,0.0,both_own,U_t,1,1.0
E1_mixedxcostly_beta0.0,mixed,costly,0.0,both_own,U_t,2,1.0
E1_mixedxcostly_beta0.0,mixed,costly,0.0,both_own,U_t,3,0.9979508196721312
E1_mixedxcostly_beta0.0,mixed,costly,0.0,both_own,U_t,4,0.9979508196721312
E1_mixedxcostly_beta0.0,mixed,costly,0.0,both_own,U_t,5,0.9918032786885246
E1_mixedxcostly_beta0.0,mixed,costly,0.0,both_own,U_t,6,0.9815573770491803
E1_mixedxcostly_beta0.0,mixed,costly,0.0,both_own,U_t,7,0.9733606557377049
E1_mixedxcostly_beta0.0,mixed,costly,0.0,both_own,U_t,8,0.9733606557377049
E1_mixedxcostly_beta0.0,mixed,costly,0.0,both_own,U_t,9,0.9733606557377049
E1_mixedxcostly_beta0.0,mixed,costly,0.0,both_own,U_t,10,0.9651639344262295
E1_mixedxcostly_beta0.0,mixed,costly,0.0,both_own,U_t,11,0.9692622950819673
E1_mixedxcostly_beta0.0,mixed,costly,0.0,both_own,U_t,12,0.9569672131147541
E1_mixedxmixed_beta0.0,mixed,mixed,0.0,all,A_p_truth_t,0,0.7861258782201477
E1_mixedxmixed_beta0.0,mixed,mixed,0.0,all,A_p_truth_t,1,0.8392195902522367
E1_mixedxmixed_beta0.0,mixed,mixed,0.0,all,A_p_truth_t,2,0.8474744357386377
E1_mixedxmixed_beta0.0,mixed,mixed,0.0,all,A_p_truth_t,3,0.8509400580209366
E1_mixedxmixed_beta0.0,mixed,mixed,0.0,all,A_p_truth_t,4,0.8533218384869373
E1_mixedxmixed_beta0.0,mixed,mixed,0.0,all,A_p_truth_t,5,0.8555255615032051
E1_mixedxmixed_beta0.0,mixed,mixed,0.0,all,A_p_truth_t,6,0.8570847462340907
E1_mixedxmixed_beta0.0,mixed,mixed,0.0,all,A_p_truth_t,7,0.8583117942246713
E1_mixedxmixed_beta0.0,mixed,mixed,0.0,all,A_p_truth_t,8,0.8593399366626974
E1_mixedxmixed_beta0.0,mixed,mixed,0.0,all,A_p_truth_t,9,0.8601366530711495
E1_mixedxmixed_beta0.0,mixed,mixed,0.0,all,A_p_truth_t,10,0.861352477390419
E1_mixedxmixed_beta0.0,mixed,mixed,0.0,all,A_p_truth_t,11,0.8621344576294453
E1_mixedxmixed_beta0.0,mixed,mixed,0.0,all,A_p_truth_t,12,0.8628634075418521
E1_mixedxmixed_beta0.0,mixed,mixed,0.0,all,B_p_truth_t,0,0.7856867681498896
E1_mixedxmixed_beta0.0,mixed,mixed,0.0,all,B_p_truth_t,1,0.8347095461073014
E1_mixedxmixed_beta0.0,mixed,mixed,0.0,all,B_p_truth_t,2,0.8432644632130291
E1_mixedxmixed_beta0.0,mixed,mixed,0.0,all,B_p_truth_t,3,0.8468015594302652
E1_mixedxmixed_beta0.0,mixed,mixed,0.0,all,B_p_truth_t,4,0.8499684061441247
E1_mixedxmixed_beta0.0,mixed,mixed,0.0,all,B_p_truth_t,5,0.8524114148935205
E1_mixedxmixed_beta0.0,mixed,mixed,0.0,all,B_p_truth_t,6,0.854441286272191
E1_mixedxmixed_beta0.0,mixed,mixed,0.0,all,B_p_truth_t,7,0.8557842263297808
E1_mixedxmixed_beta0.0,mixed,mixed,0.0,all,B_p_truth_t,8,0.8570203551321437
E1_mixedxmixed_beta0.0,mixed,mixed,0.0,all,B_p_truth_t,9,0.8585963247720414
E1_mixedxmixed_beta0.0,mixed,mixed,0.0,all,B_p_truth_t,10,0.8590812478716267
E1_mixedxmixed_beta0.0,mixed,mixed,0.0,all,B_p_truth_t,11,0.8598158427744272
E1_mixedxmixed_beta0.0,mixed,mixed,0.0,all,B_p_truth_t,12,0.8600174802122055
E1_mixedxmixed_beta0.0,mixed,mixed,0.0,all,nonc_mutual_t,1,0.736
E1_mixedxmixed_beta0.0,mixed,mixed,0.0,all,nonc_mutual_t,2,0.7025
E1_mixedxmixed_beta0.0,mixed,mixed,0.0,all,nonc_mutual_t,3,0.6955
E1_mixedxmixed_beta0.0,mixed,mixed,0.0,all,nonc_mutual_t,4,0.6795
E1_mixedxmixed_beta0.0,mixed,mixed,0.0,all,nonc_mutual_t,5,0.7105
E1_mixedxmixed_beta0.0,mixed,mixed,0.0,all,nonc_mutual_t,6,0.693
E1_mixedxmixed_beta0.0,mixed,mixed,0.0,all,nonc_mutual_t,7,0.668
E1_mixedxmixed_beta0.0,mixed,mixed,0.0,all,nonc_mutual_t,8,0.684
E1_mixedxmixed_beta0.0,mixed,mixed,0.0,all,nonc_mutual_t,9,0.679
E1_mixedxmixed_beta0.0,mixed,mixed,0.0,all,nonc_mutual_t,10,0.6835
E1_mixedxmixed_beta0.0,mixed,mixed,0.0,all,nonc_mutual_t,11,0.6825
E1_mixedxmixed_beta0.0,mixed,mixed,0.0,all,nonc_mutual_t,12,0.682
E1_mixedxmixed_beta0.0,mixed,mixed,0.0,all,A_concede_t,1,0.0995
E1_mixedxmixed_beta0.0,mixed,mixed,0.0,all,A_concede_t,2,0.1485
E1_mixedxmixed_beta0.0,mixed,mixed,0.0,all,A_concede_t,3,0.1485
E1_mixedxmixed_beta0.0,mixed,mixed,0.0,all,A_concede_t,4,0.168
E1_mixedxmixed_beta0.0,mixed,mixed,0.0,all,A_concede_t,5,0.1475
E1_mixedxmixed_beta0.0,mixed,mixed,0.0,all,A_concede_t,6,0.152
E1_mixedxmixed_beta0.0,mixed,mixed,0.0,all,A_concede_t,7,0.164
E1_mixedxmixed_beta0.0,mixed,mixed,0.0,all,A_concede_t,8,0.1625
E1_mixedxmixed_beta0.0,mixed,mixed,0.0,all,A_concede_t,9,0.1615
E1_mixedxmixed_beta0.0,mixed,mixed,0.0,all,A_concede_t,10,0.159
E1_mixedxmixed_beta0.0,mixed,mixed,0.0,all,A_concede_t,11,0.1605
E1_mixedxmixed_beta0.0,mixed,mixed,0.0,all,A_concede_t,12,0.166
E1_mixedxmixed_beta0.0,mixed,mixed,0.0,all,B_concede_t,1,0.1645
E1_mixedxmixed_beta0.0,mixed,mixed,0.0,all,B_concede_t,2,0.1495
E1_mixedxmixed_beta0.0,mixed,mixed,0.0,all,B_concede_t,3,0.156
E1_mixedxmixed_beta0.0,mixed,mixed,0.0,all,B_concede_t,4,0.1525
E1_mixedxmixed_beta0.0,mixed,mixed,0.0,all,B_concede_t,5,0.142
E1_mixedxmixed_beta0.0,mixed,mixed,0.0,all,B_concede_t,6,0.155
E1_mixedxmixed_beta0.0,mixed,mixed,0.0,all,B_concede_t,7,0.168
E1_mixedxmixed_beta0.0,mixed,mixed,0.0,all,B_concede_t,8,0.1535
E1_mixedxmixed_beta0.0,mixed,mixed,0.0,all,B_concede_t,9,0.1595
E1_mixedxmixed_beta0.0,mixed,mixed,0.0,all,B_concede_t,10,0.1575
E1_mixedxmixed_beta0.0,mixed,mixed,0.0,all,B_concede_t,11,0.157
E1_mixedxmixed_beta0.0,mixed,mixed,0.0,all,B_concede_t,12,0.152
E1_mixedxmixed_beta0.0,mixed,mixed,0.0,all,U_t,0,1.0
E1_mixedxmixed_beta0.0,mixed,mixed,0.0,all,U_t,1,0.736
E1_mixedxmixed_beta0.0,mixed,mixed,0.0,all,U_t,2,0.555
E1_mixedxmixed_beta0.0,mixed,mixed,0.0,all,U_t,3,0.458
E1_mixedxmixed_beta0.0,mixed,mixed,0.0,all,U_t,4,0.3895
E1_mixedxmixed_beta0.0,mixed,mixed,0.0,all,U_t,5,0.3505
E1_mixedxmixed_beta0.0,mixed,mixed,0.0,all,U_t,6,0.3135
E1_mixedxmixed_beta0.0,mixed,mixed,0.0,all,U_t,7,0.2935
E1_mixedxmixed_beta0.0,mixed,mixed,0.0,all,U_t,8,0.2775
E1_mixedxmixed_beta0.0,mixed,mixed,0.0,all,U_t,9,0.2755
E1_mixedxmixed_beta0.0,mixed,mixed,0.0,all,U_t,10,0.2645
E1_mixedxmixed_beta0.0,mixed,mixed,0.0,all,U_t,11,0.262
E1_mixedxmixed_beta0.0,mixed,mixed,0.0,all,U_t,12,0.259
E1_mixedxmixed_beta0.0,mixed,mixed,0.0,both_own,A_p_truth_t,0,0.5785119207586285
E1_mixedxmixed_beta0.0,mixed,mixed,0.0,both_own,A_p_truth_t,1,0.6267167305983644
E1_mixedxmixed_beta0.0,mixed,mixed,0.0,both_own,A_p_truth_t,2,0.6417085020489207
E1_mixedxmixed_beta0.0,mixed,mixed,0.0,both_own,A_p_truth_t,3,0.6523438891308393
E1_mixedxmixed_beta0.0,mixed,mixed,0.0,both_own,A_p_truth_t,4,0.6590914814272968
E1_mixedxmixed_beta0.0,mixed,mixed,0.0,both_own,A_p_truth_t,5,0.66545286416353
E1_mixedxmixed_beta0.0,mixed,mixed,0.0,both_own,A_p_truth_t,6,0.6698626760098989
E1_mixedxmixed_beta0.0,mixed,mixed,0.0,both_own,A_p_truth_t,7,0.6744108333834792
E1_mixedxmixed_beta0.0,mixed,mixed,0.0,both_own,A_p_truth_t,8,0.6768095021537606
E1_mixedxmixed_beta0.0,mixed,mixed,0.0,both_own,A_p_truth_t,9,0.6793887008784911
E1_mixedxmixed_beta0.0,mixed,mixed,0.0,both_own,A_p_truth_t,10,0.6831983641357913
E1_mixedxmixed_beta0.0,mixed,mixed,0.0,both_own,A_p_truth_t,11,0.6861857956608105
E1_mixedxmixed_beta0.0,mixed,mixed,0.0,both_own,A_p_truth_t,12,0.6886886381739548
E1_mixedxmixed_beta0.0,mixed,mixed,0.0,both_own,B_p_truth_t,0,0.5569499366529735
E1_mixedxmixed_beta0.0,mixed,mixed,0.0,both_own,B_p_truth_t,1,0.6036243082785945
E1_mixedxmixed_beta0.0,mixed,mixed,0.0,both_own,B_p_truth_t,2,0.6138289855915651
E1_mixedxmixed_beta0.0,mixed,mixed,0.0,both_own,B_p_truth_t,3,0.6245822108750497
E1_mixedxmixed_beta0.0,mixed,mixed,0.0,both_own,B_p_truth_t,4,0.6359879625211914
E1_mixedxmixed_beta0.0,mixed,mixed,0.0,both_own,B_p_truth_t,5,0.6427735025356104
E1_mixedxmixed_beta0.0,mixed,mixed,0.0,both_own,B_p_truth_t,6,0.6495395284465503
E1_mixedxmixed_beta0.0,mixed,mixed,0.0,both_own,B_p_truth_t,7,0.6544086008941724
E1_mixedxmixed_beta0.0,mixed,mixed,0.0,both_own,B_p_truth_t,8,0.6582377399683896
E1_mixedxmixed_beta0.0,mixed,mixed,0.0,both_own,B_p_truth_t,9,0.663840135255935
E1_mixedxmixed_beta0.0,mixed,mixed,0.0,both_own,B_p_truth_t,10,0.6657823979262051
E1_mixedxmixed_beta0.0,mixed,mixed,0.0,both_own,B_p_truth_t,11,0.6685392619261307
E1_mixedxmixed_beta0.0,mixed,mixed,0.0,both_own,B_p_truth_t,12,0.6698722993746803
E1_mixedxmixed_beta0.0,mixed,mixed,0.0,both_own,nonc_mutual_t,1,0.9979508196721312
E1_mixedxmixed_beta0.0,mixed,mixed,0.0,both_own,nonc_mutual_t,2,1.0
E1_mixedxmixed_beta0.0,mixed,mixed,0.0,both_own,nonc_mutual_t,3,0.9959016393442623
E1_mixedxmixed_beta0.0,mixed,mixed,0.0,both_own,nonc_mutual_t,4,0.9959016393442623
E1_mixedxmixed_beta0.0,mixed,mixed,0.0,both_own,nonc_mutual_t,5,0.9877049180327869
E1_mixedxmixed_beta0.0,mixed,mixed,0.0,both_own,nonc_mutual_t,6,0.9795081967213115
E1_mixedxmixed_beta0.0,mixed,mixed,0.0,both_own,nonc_mutual_t,7,0.9795081967213115
E1_mixedxmixed_beta0.0,mixed,mixed,0.0,both_own,nonc_mutual_t,8,0.9959016393442623
E1_mixedxmixed_beta0.0,mixed,mixed,0.0,both_own,nonc_mutual_t,9,0.9918032786885246
E1_mixedxmixed_beta0.0,mixed,mixed,0.0,both_own,nonc_mutual_t,10,0.9733606557377049
E1_mixedxmixed_beta0.0,mixed,mixed,0.0,both_own,nonc_mutual_t,11,0.9897540983606558
E1_mixedxmixed_beta0.0,mixed,mixed,0.0,both_own,nonc_mutual_t,12,0.9836065573770492
E1_mixedxmixed_beta0.0,mixed,mixed,0.0,both_own,A_concede_t,1,0.0
E1_mixedxmixed_beta0.0,mixed,mixed,0.0,both_own,A_concede_t,2,0.0
E1_mixedxmixed_beta0.0,mixed,mixed,0.0,both_own,A_concede_t,3,0.0020491803278688526
E1_mixedxmixed_beta0.0,mixed,mixed,0.0,both_own,A_concede_t,4,0.0
E1_mixedxmixed_beta0.0,mixed,mixed,0.0,both_own,A_concede_t,5,0.006147540983606557
E1_mixedxmixed_beta0.0,mixed,mixed,0.0,both_own,A_concede_t,6,0.010245901639344262
E1_mixedxmixed_beta0.0,mixed,mixed,0.0,both_own,A_concede_t,7,0.010245901639344262
E1_mixedxmixed_beta0.0,mixed,mixed,0.0,both_own,A_concede_t,8,0.004098360655737705
E1_mixedxmixed_beta0.0,mixed,mixed,0.0,both_own,A_concede_t,9,0.0020491803278688526
E1_mixedxmixed_beta0.0,mixed,mixed,0.0,both_own,A_concede_t,10,0.00819672131147541
E1_mixedxmixed_beta0.0,mixed,mixed,0.0,both_own,A_concede_t,11,0.0020491803278688526
E1_mixedxmixed_beta0.0,mixed,mixed,0.0,both_own,A_concede_t,12,0.014344262295081968
E1_mixedxmixed_beta0.0,mixed,mixed,0.0,both_own,B_concede_t,1,0.0020491803278688526
E1_mixedxmixed_beta0.0,mixed,mixed,0.0,both_own,B_concede_t,2,0.0
E1_mixedxmixed_beta0.0,mixed,mixed,0.0,both_own,B_concede_t,3,0.0020491803278688526
E1_mixedxmixed_beta0.0,mixed,mixed,0.0,both_own,B_concede_t,4,0.004098360655737705
E1_mixedxmixed_beta0.0,mixed,mixed,0.0,both_own,B_concede_t,5,0.006147540983606557
E1_mixedxmixed_beta0.0,mixed,mixed,0.0,both_own,B_concede_t,6,0.010245901639344262
E1_mixedxmixed_beta0.0,mixed,mixed,0.0,both_own,B_concede_t,7,0.010245901639344262
E1_mixedxmixed_beta0.0,mixed,mixed,0.0,both_own,B_concede_t,8,0.0
E1_mixedxmixed_beta0.0,mixed,mixed,0.0,both_own,B_concede_t,9,0.006147540983606557
E1_mixedxmixed_beta0.0,mixed,mixed,0.0,both_own,B_concede_t,10,0.018442622950819672
E1_mixedxmixed_beta0.0,mixed,mixed,0.0,both_own,B_concede_t,11,0.00819672131147541
E1_mixedxmixed_beta0.0,mixed,mixed,0.0,both_own,B_concede_t,12,0.0020491803278688526
E1_mixedxmixed_beta0.0,mixed,mixed,0.0,both_own,U_t,0,1.0
E1_mixedxmixed_beta0.0,mixed,mixed,0.0,both_own,U_t,1,0.9979508196721312
E1_mixedxmixed_beta0.0,mixed,mixed,0.0,both_own,U_t,2,0.9979508196721312
E1_mixedxmixed_beta0.0,mixed,mixed,0.0,both_own,U_t,3,0.9959016393442623
E1_mixedxmixed_beta0.0,mixed,mixed,0.0,both_own,U_t,4,0.9918032786885246
E1_mixedxmixed_beta0.0,mixed,mixed,0.0,both_own,U_t,5,0.9815573770491803
E1_mixedxmixed_beta0.0,mixed,mixed,0.0,both_own,U_t,6,0.9672131147540983
E1_mixedxmixed_beta0.0,mixed,mixed,0.0,both_own,U_t,7,0.9549180327868853
E1_mixedxmixed_beta0.0,mixed,mixed,0.0,both_own,U_t,8,0.9610655737704918
E1_mixedxmixed_beta0.0,mixed,mixed,0.0,both_own,U_t,9,0.9610655737704918
E1_mixedxmixed_beta0.0,mixed,mixed,0.0,both_own,U_t,10,0.9426229508196722
E1_mixedxmixed_beta0.0,mixed,mixed,0.0,both_own,U_t,11,0.9426229508196722
E1_mixedxmixed_beta0.0,mixed,mixed,0.0,both_own,U_t,12,0.930327868852459
E1_honestxhonest_beta1.5,honest,honest,1.5,all,A_p_truth_t,0,0.7861258782201477
E1_honestxhonest_beta1.5,honest,honest,1.5,all,A_p_truth_t,1,0.8642989709573434
E1_honestxhonest_beta1.5,honest,honest,1.5,all,A_p_truth_t,2,0.8749885115921361
E1_honestxhonest_beta1.5,honest,honest,1.5,all,A_p_truth_t,3,0.8773307215027684
E1_honestxhonest_beta1.5,honest,honest,1.5,all,A_p_truth_t,4,0.8787652050594141
E1_honestxhonest_beta1.5,honest,honest,1.5,all,A_p_truth_t,5,0.8795212705826452
E1_honestxhonest_beta1.5,honest,honest,1.5,all,A_p_truth_t,6,0.8798242333957496
E1_honestxhonest_beta1.5,honest,honest,1.5,all,A_p_truth_t,7,0.879719185539691
E1_honestxhonest_beta1.5,honest,honest,1.5,all,A_p_truth_t,8,0.8797137112068131
E1_honestxhonest_beta1.5,honest,honest,1.5,all,A_p_truth_t,9,0.8799965155925839
E1_honestxhonest_beta1.5,honest,honest,1.5,all,A_p_truth_t,10,0.8803037410440079
E1_honestxhonest_beta1.5,honest,honest,1.5,all,A_p_truth_t,11,0.8806521942667545
E1_honestxhonest_beta1.5,honest,honest,1.5,all,A_p_truth_t,12,0.8810668633153771
E1_honestxhonest_beta1.5,honest,honest,1.5,all,B_p_truth_t,0,0.7856867681498896
E1_honestxhonest_beta1.5,honest,honest,1.5,all,B_p_truth_t,1,0.8558259143609797
E1_honestxhonest_beta1.5,honest,honest,1.5,all,B_p_truth_t,2,0.8651403554950653
E1_honestxhonest_beta1.5,honest,honest,1.5,all,B_p_truth_t,3,0.8694626675993578
E1_honestxhonest_beta1.5,honest,honest,1.5,all,B_p_truth_t,4,0.8713077017085274
E1_honestxhonest_beta1.5,honest,honest,1.5,all,B_p_truth_t,5,0.8723370510311214
E1_honestxhonest_beta1.5,honest,honest,1.5,all,B_p_truth_t,6,0.8732702854885293
E1_honestxhonest_beta1.5,honest,honest,1.5,all,B_p_truth_t,7,0.8741612225084586
E1_honestxhonest_beta1.5,honest,honest,1.5,all,B_p_truth_t,8,0.874382183642836
E1_honestxhonest_beta1.5,honest,honest,1.5,all,B_p_truth_t,9,0.8747943459915873
E1_honestxhonest_beta1.5,honest,honest,1.5,all,B_p_truth_t,10,0.8752395588814139
E1_honestxhonest_beta1.5,honest,honest,1.5,all,B_p_truth_t,11,0.8756092756081515
E1_honestxhonest_beta1.5,honest,honest,1.5,all,B_p_truth_t,12,0.8756973191206063
E1_honestxhonest_beta1.5,honest,honest,1.5,all,nonc_mutual_t,1,0.2645
E1_honestxhonest_beta1.5,honest,honest,1.5,all,nonc_mutual_t,2,0.205
E1_honestxhonest_beta1.5,honest,honest,1.5,all,nonc_mutual_t,3,0.1615
E1_honestxhonest_beta1.5,honest,honest,1.5,all,nonc_mutual_t,4,0.1485
E1_honestxhonest_beta1.5,honest,honest,1.5,all,nonc_mutual_t,5,0.1445
E1_honestxhonest_beta1.5,honest,honest,1.5,all,nonc_mutual_t,6,0.137
E1_honestxhonest_beta1.5,honest,honest,1.5,all,nonc_mutual_t,7,0.135
E1_honestxhonest_beta1.5,honest,honest,1.5,all,nonc_mutual_t,8,0.135
E1_honestxhonest_beta1.5,honest,honest,1.5,all,nonc_mutual_t,9,0.1355
E1_honestxhonest_beta1.5,honest,honest,1.5,all,nonc_mutual_t,10,0.123
E1_honestxhonest_beta1.5,honest,honest,1.5,all,nonc_mutual_t,11,0.1285
E1_honestxhonest_beta1.5,honest,honest,1.5,all,nonc_mutual_t,12,0.122
E1_honestxhonest_beta1.5,honest,honest,1.5,all,A_concede_t,1,0.3615
E1_honestxhonest_beta1.5,honest,honest,1.5,all,A_concede_t,2,0.4025
E1_honestxhonest_beta1.5,honest,honest,1.5,all,A_concede_t,3,0.4325
E1_honestxhonest_beta1.5,honest,honest,1.5,all,A_concede_t,4,0.4405
E1_honestxhonest_beta1.5,honest,honest,1.5,all,A_concede_t,5,0.442
E1_honestxhonest_beta1.5,honest,honest,1.5,all,A_concede_t,6,0.448
E1_honestxhonest_beta1.5,honest,honest,1.5,all,A_concede_t,7,0.4485
E1_honestxhonest_beta1.5,honest,honest,1.5,all,A_concede_t,8,0.4495
E1_honestxhonest_beta1.5,honest,honest,1.5,all,A_concede_t,9,0.458
E1_honestxhonest_beta1.5,honest,honest,1.5,all,A_concede_t,10,0.4595
E1_honestxhonest_beta1.5,honest,honest,1.5,all,A_concede_t,11,0.456
E1_honestxhonest_beta1.5,honest,honest,1.5,all,A_concede_t,12,0.4535
E1_honestxhonest_beta1.5,honest,honest,1.5,all,B_concede_t,1,0.379
E1_honestxhonest_beta1.5,honest,honest,1.5,all,B_concede_t,2,0.394
E1_honestxhonest_beta1.5,honest,honest,1.5,all,B_concede_t,3,0.4075
E1_honestxhonest_beta1.5,honest,honest,1.5,all,B_concede_t,4,0.411
E1_honestxhonest_beta1.5,honest,honest,1.5,all,B_concede_t,5,0.414
E1_honestxhonest_beta1.5,honest,honest,1.5,all,B_concede_t,6,0.4155
E1_honestxhonest_beta1.5,honest,honest,1.5,all,B_concede_t,7,0.4175
E1_honestxhonest_beta1.5,honest,honest,1.5,all,B_concede_t,8,0.4165
E1_honestxhonest_beta1.5,honest,honest,1.5,all,B_concede_t,9,0.4065
E1_honestxhonest_beta1.5,honest,honest,1.5,all,B_concede_t,10,0.419
E1_honestxhonest_beta1.5,honest,honest,1.5,all,B_concede_t,11,0.4165
E1_honestxhonest_beta1.5,honest,honest,1.5,all,B_concede_t,12,0.4255
E1_honestxhonest_beta1.5,honest,honest,1.5,all,U_t,0,1.0
E1_honestxhonest_beta1.5,honest,honest,1.5,all,U_t,1,0.2695
E1_honestxhonest_beta1.5,honest,honest,1.5,all,U_t,2,0.173
E1_honestxhonest_beta1.5,honest,honest,1.5,all,U_t,3,0.1165
E1_honestxhonest_beta1.5,honest,honest,1.5,all,U_t,4,0.0865
E1_honestxhonest_beta1.5,honest,honest,1.5,all,U_t,5,0.072
E1_honestxhonest_beta1.5,honest,honest,1.5,all,U_t,6,0.07
E1_honestxhonest_beta1.5,honest,honest,1.5,all,U_t,7,0.071
E1_honestxhonest_beta1.5,honest,honest,1.5,all,U_t,8,0.066
E1_honestxhonest_beta1.5,honest,honest,1.5,all,U_t,9,0.071
E1_honestxhonest_beta1.5,honest,honest,1.5,all,U_t,10,0.063
E1_honestxhonest_beta1.5,honest,honest,1.5,all,U_t,11,0.059
E1_honestxhonest_beta1.5,honest,honest,1.5,all,U_t,12,0.062
E1_honestxhonest_beta1.5,honest,honest,1.5,both_own,A_p_truth_t,0,0.5785119207586285
E1_honestxhonest_beta1.5,honest,honest,1.5,both_own,A_p_truth_t,1,0.6777786661796619
E1_honestxhonest_beta1.5,honest,honest,1.5,both_own,A_p_truth_t,2,0.7009691505460712
E1_honestxhonest_beta1.5,honest,honest,1.5,both_own,A_p_truth_t,3,0.707375741391231
E1_honestxhonest_beta1.5,honest,honest,1.5,both_own,A_p_truth_t,4,0.7118698612740204
E1_honestxhonest_beta1.5,honest,honest,1.5,both_own,A_p_truth_t,5,0.7146328479894023
E1_honestxhonest_beta1.5,honest,honest,1.5,both_own,A_p_truth_t,6,0.7157931023900411
E1_honestxhonest_beta1.5,honest,honest,1.5,both_own,A_p_truth_t,7,0.7151470951427185
E1_honestxhonest_beta1.5,honest,honest,1.5,both_own,A_p_truth_t,8,0.7152497183856724
E1_honestxhonest_beta1.5,honest,honest,1.5,both_own,A_p_truth_t,9,0.7153666089963668
E1_honestxhonest_beta1.5,honest,honest,1.5,both_own,A_p_truth_t,10,0.7163830372904644
E1_honestxhonest_beta1.5,honest,honest,1.5,both_own,A_p_truth_t,11,0.7180660409260744
E1_honestxhonest_beta1.5,honest,honest,1.5,both_own,A_p_truth_t,12,0.7195775407191697
E1_honestxhonest_beta1.5,honest,honest,1.5,both_own,B_p_truth_t,0,0.5569499366529735
E1_honestxhonest_beta1.5,honest,honest,1.5,both_own,B_p_truth_t,1,0.6373265872750115
E1_honestxhonest_beta1.5,honest,honest,1.5,both_own,B_p_truth_t,2,0.6534757475954798
E1_honestxhonest_beta1.5,honest,honest,1.5,both_own,B_p_truth_t,3,0.6670078801314488
E1_honestxhonest_beta1.5,honest,honest,1.5,both_own,B_p_truth_t,4,0.6721439550811571
E1_honestxhonest_beta1.5,honest,honest,1.5,both_own,B_p_truth_t,5,0.6751128687741943
E1_honestxhonest_beta1.5,honest,honest,1.5,both_own,B_p_truth_t,6,0.6790121309413545
E1_honestxhonest_beta1.5,honest,honest,1.5,both_own,B_p_truth_t,7,0.6816922852737922
E1_honestxhonest_beta1.5,honest,honest,1.5,both_own,B_p_truth_t,8,0.682189371651499
E1_honestxhonest_beta1.5,honest,honest,1.5,both_own,B_p_truth_t,9,0.6832141381371079
E1_honestxhonest_beta1.5,honest,honest,1.5,both_own,B_p_truth_t,10,0.6849710645171594
E1_honestxhonest_beta1.5,honest,honest,1.5,both_own,B_p_truth_t,11,0.6866475027297344
E1_honestxhonest_beta1.5,honest,honest,1.5,both_own,B_p_truth_t,12,0.6869777283388752
E1_honestxhonest_beta1.5,honest,honest,1.5,both_own,nonc_mutual_t,1,0.8401639344262295
E1_honestxhonest_beta1.5,honest,honest,1.5,both_own,nonc_mutual_t,2,0.7274590163934426
E1_honestxhonest_beta1.5,honest,honest,1.5,both_own,nonc_mutual_t,3,0.5717213114754098
E1_honestxhonest_beta1.5,honest,honest,1.5,both_own,nonc_mutual_t,4,0.5245901639344263
E1_honestxhonest_beta1.5,honest,honest,1.5,both_own,nonc_mutual_t,5,0.4979508196721312
E1_honestxhonest_beta1.5,honest,honest,1.5,both_own,nonc_mutual_t,6,0.4651639344262295
E1_honestxhonest_beta1.5,honest,honest,1.5,both_own,nonc_mutual_t,7,0.46311475409836067
E1_honestxhonest_beta1.5,honest,honest,1.5,both_own,nonc_mutual_t,8,0.4733606557377049
E1_honestxhonest_beta1.5,honest,honest,1.5,both_own,nonc_mutual_t,9,0.4692622950819672
E1_honestxhonest_beta1.5,honest,honest,1.5,both_own,nonc_mutual_t,10,0.4262295081967213
E1_honestxhonest_beta1.5,honest,honest,1.5,both_own,nonc_mutual_t,11,0.45286885245901637
E1_honestxhonest_beta1.5,honest,honest,1.5,both_own,nonc_mutual_t,12,0.41598360655737704
E1_honestxhonest_beta1.5,honest,honest,1.5,both_own,A_concede_t,1,0.0020491803278688526
E1_honestxhonest_beta1.5,honest,honest,1.5,both_own,A_concede_t,2,0.0942622950819672
E1_honestxhonest_beta1.5,honest,honest,1.5,both_own,A_concede_t,3,0.1987704918032787
E1_honestxhonest_beta1.5,honest,honest,1.5,both_own,A_concede_t,4,0.2336065573770492
E1_honestxhonest_beta1.5,honest,honest,1.5,both_own,A_concede_t,5,0.2459016393442623
E1_honestxhonest_beta1.5,honest,honest,1.5,both_own,A_concede_t,6,0.26639344262295084
E1_honestxhonest_beta1.5,honest,honest,1.5,both_own,A_concede_t,7,0.26844262295081966
E1_honestxhonest_beta1.5,honest,honest,1.5,both_own,A_concede_t,8,0.27049180327868855
E1_honestxhonest_beta1.5,honest,honest,1.5,both_own,A_concede_t,9,0.29098360655737704
E1_honestxhonest_beta1.5,honest,honest,1.5,both_own,A_concede_t,10,0.30327868852459017
E1_honestxhonest_beta1.5,honest,honest,1.5,both_own,A_concede_t,11,0.28688524590163933
E1_honestxhonest_beta1.5,honest,honest,1.5,both_own,A_concede_t,12,0.2848360655737705
E1_honestxhonest_beta1.5,honest,honest,1.5,both_own,B_concede_t,1,0.15778688524590165
E1_honestxhonest_beta1.5,honest,honest,1.5,both_own,B_concede_t,2,0.17827868852459017
E1_honestxhonest_beta1.5,honest,honest,1.5,both_own,B_concede_t,3,0.22950819672131148
E1_honestxhonest_beta1.5,honest,honest,1.5,both_own,B_concede_t,4,0.24180327868852458
E1_honestxhonest_beta1.5,honest,honest,1.5,both_own,B_concede_t,5,0.25614754098360654
E1_honestxhonest_beta1.5,honest,honest,1.5,both_own,B_concede_t,6,0.26844262295081966
E1_honestxhonest_beta1.5,honest,honest,1.5,both_own,B_concede_t,7,0.26844262295081966
E1_honestxhonest_beta1.5,honest,honest,1.5,both_own,B_concede_t,8,0.25614754098360654
E1_honestxhonest_beta1.5,honest,honest,1.5,both_own,B_concede_t,9,0.23975409836065573
E1_honestxhonest_beta1.5,honest,honest,1.5,both_own,B_concede_t,10,0.2725409836065574
E1_honestxhonest_beta1.5,honest,honest,1.5,both_own,B_concede_t,11,0.26024590163934425
E1_honestxhonest_beta1.5,honest,honest,1.5,both_own,B_concede_t,12,0.3012295081967213
E1_honestxhonest_beta1.5,honest,honest,1.5,both_own,U_t,0,1.0
E1_honestxhonest_beta1.5,honest,honest,1.5,both_own,U_t,1,0.8401639344262295
E1_honestxhonest_beta1.5,honest,honest,1.5,both_own,U_t,2,0.6639344262295082
E1_honestxhonest_beta1.5,honest,honest,1.5,both_own,U_t,3,0.4610655737704918
E1_honestxhonest_beta1.5,honest,honest,1.5,both_own,U_t,4,0.3463114754098361
E1_honestxhonest_beta1.5,honest,honest,1.5,both_own,U_t,5,0.2889344262295082
E1_honestxhonest_beta1.5,honest,honest,1.5,both_own,U_t,6,0.2786885245901639
E1_honestxhonest_beta1.5,honest,honest,1.5,both_own,U_t,7,0.2807377049180328
E1_honestxhonest_beta1.5,honest,honest,1.5,both_own,U_t,8,0.26229508196721313
E1_honestxhonest_beta1.5,honest,honest,1.5,both_own,U_t,9,0.2848360655737705
E1_honestxhonest_beta1.5,honest,honest,1.5,both_own,U_t,10,0.25
E1_honestxhonest_beta1.5,honest,honest,1.5,both_own,U_t,11,0.2336065573770492
E1_honestxhonest_beta1.5,honest,honest,1.5,both_own,U_t,12,0.24795081967213115
E1_honestxattenuated_beta1.5,honest,attenuated,1.5,all,A_p_truth_t,0,0.7861258782201477
E1_honestxattenuated_beta1.5,honest,attenuated,1.5,all,A_p_truth_t,1,0.8621817737043657
E1_honestxattenuated_beta1.5,honest,attenuated,1.5,all,A_p_truth_t,2,0.8678849001251906
E1_honestxattenuated_beta1.5,honest,attenuated,1.5,all,A_p_truth_t,3,0.868576894493726
E1_honestxattenuated_beta1.5,honest,attenuated,1.5,all,A_p_truth_t,4,0.8697456011531879
E1_honestxattenuated_beta1.5,honest,attenuated,1.5,all,A_p_truth_t,5,0.870777223786196
E1_honestxattenuated_beta1.5,honest,attenuated,1.5,all,A_p_truth_t,6,0.8707425964457873
E1_honestxattenuated_beta1.5,honest,attenuated,1.5,all,A_p_truth_t,7,0.8697844463439663
E1_honestxattenuated_beta1.5,honest,attenuated,1.5,all,A_p_truth_t,8,0.8694918786157477
E1_honestxattenuated_beta1.5,honest,attenuated,1.5,all,A_p_truth_t,9,0.869533484140354
E1_honestxattenuated_beta1.5,honest,attenuated,1.5,all,A_p_truth_t,10,0.8686950326147767
E1_honestxattenuated_beta1.5,honest,attenuated,1.5,all,A_p_truth_t,11,0.8675036981106121
E1_honestxattenuated_beta1.5,honest,attenuated,1.5,all,A_p_truth_t,12,0.8672465330658332
E1_honestxattenuated_beta1.5,honest,attenuated,1.5,all,B_p_truth_t,0,0.7856867681498896
E1_honestxattenuated_beta1.5,honest,attenuated,1.5,all,B_p_truth_t,1,0.8071020719583616
E1_honestxattenuated_beta1.5,honest,attenuated,1.5,all,B_p_truth_t,2,0.8091580433249256
E1_honestxattenuated_beta1.5,honest,attenuated,1.5,all,B_p_truth_t,3,0.8105616278001703
E1_honestxattenuated_beta1.5,honest,attenuated,1.5,all,B_p_truth_t,4,0.8113994554793432
E1_honestxattenuated_beta1.5,honest,attenuated,1.5,all,B_p_truth_t,5,0.8119992854901911
E1_honestxattenuated_beta1.5,honest,attenuated,1.5,all,B_p_truth_t,6,0.812487684357579
E1_honestxattenuated_beta1.5,honest,attenuated,1.5,all,B_p_truth_t,7,0.8129094072564518
E1_honestxattenuated_beta1.5,honest,attenuated,1.5,all,B_p_truth_t,8,0.8132829284840871
E1_honestxattenuated_beta1.5,honest,attenuated,1.5,all,B_p_truth_t,9,0.8135065908967549
E1_honestxattenuated_beta1.5,honest,attenuated,1.5,all,B_p_truth_t,10,0.8136049524630475
E1_honestxattenuated_beta1.5,honest,attenuated,1.5,all,B_p_truth_t,11,0.8137156967352297
E1_honestxattenuated_beta1.5,honest,attenuated,1.5,all,B_p_truth_t,12,0.8137483168851393
E1_honestxattenuated_beta1.5,honest,attenuated,1.5,all,nonc_mutual_t,1,0.2995
E1_honestxattenuated_beta1.5,honest,attenuated,1.5,all,nonc_mutual_t,2,0.2645
E1_honestxattenuated_beta1.5,honest,attenuated,1.5,all,nonc_mutual_t,3,0.2205
E1_honestxattenuated_beta1.5,honest,attenuated,1.5,all,nonc_mutual_t,4,0.2125
E1_honestxattenuated_beta1.5,honest,attenuated,1.5,all,nonc_mutual_t,5,0.203
E1_honestxattenuated_beta1.5,honest,attenuated,1.5,all,nonc_mutual_t,6,0.2045
E1_honestxattenuated_beta1.5,honest,attenuated,1.5,all,nonc_mutual_t,7,0.202
E1_honestxattenuated_beta1.5,honest,attenuated,1.5,all,nonc_mutual_t,8,0.2005
E1_honestxattenuated_beta1.5,honest,attenuated,1.5,all,nonc_mutual_t,9,0.1985
E1_honestxattenuated_beta1.5,honest,attenuated,1.5,all,nonc_mutual_t,10,0.1905
E1_honestxattenuated_beta1.5,honest,attenuated,1.5,all,nonc_mutual_t,11,0.1875
E1_honestxattenuated_beta1.5,honest,attenuated,1.5,all,nonc_mutual_t,12,0.1975
E1_honestxattenuated_beta1.5,honest,attenuated,1.5,all,A_concede_t,1,0.3615
E1_honestxattenuated_beta1.5,honest,attenuated,1.5,all,A_concede_t,2,0.386
E1_honestxattenuated_beta1.5,honest,attenuated,1.5,all,A_concede_t,3,0.4245
E1_honestxattenuated_beta1.5,honest,attenuated,1.5,all,A_concede_t,4,0.428
E1_honestxattenuated_beta1.5,honest,attenuated,1.5,all,A_concede_t,5,0.437
E1_honestxattenuated_beta1.5,honest,attenuated,1.5,all,A_concede_t,6,0.4375
E1_honestxattenuated_beta1.5,honest,attenuated,1.5,all,A_concede_t,7,0.4395
E1_honestxattenuated_beta1.5,honest,attenuated,1.5,all,A_concede_t,8,0.439
E1_honestxattenuated_beta1.5,honest,attenuated,1.5,all,A_concede_t,9,0.4475
E1_honestxattenuated_beta1.5,honest,attenuated,1.5,all,A_concede_t,10,0.4515
E1_honestxattenuated_beta1.5,honest,attenuated,1.5,all,A_concede_t,11,0.4505
E1_honestxattenuated_beta1.5,honest,attenuated,1.5,all,A_concede_t,12,0.4425
E1_honestxattenuated_beta1.5,honest,attenuated,1.5,all,B_concede_t,1,0.3625
E1_honestxattenuated_beta1.5,honest,attenuated,1.5,all,B_concede_t,2,0.358
E1_honestxattenuated_beta1.5,honest,attenuated,1.5,all,B_concede_t,3,0.3585
E1_honestxattenuated_beta1.5,honest,attenuated,1.5,all,B_concede_t,4,0.361
E1_honestxattenuated_beta1.5,honest,attenuated,1.5,all,B_concede_t,5,0.365
E1_honestxattenuated_beta1.5,honest,attenuated,1.5,all,B_concede_t,6,0.3605
E1_honestxattenuated_beta1.5,honest,attenuated,1.5,all,B_concede_t,7,0.361
E1_honestxattenuated_beta1.5,honest,attenuated,1.5,all,B_concede_t,8,0.363
E1_honestxattenuated_beta1.5,honest,attenuated,1.5,all,B_concede_t,9,0.356
E1_honestxattenuated_beta1.5,honest,attenuated,1.5,all,B_concede_t,10,0.3635
E1_honestxattenuated_beta1.5,honest,attenuated,1.5,all,B_concede_t,11,0.3665
E1_honestxattenuated_beta1.5,honest,attenuated,1.5,all,B_concede_t,12,0.3615
E1_honestxattenuated_beta1.5,honest,attenuated,1.5,all,U_t,0,1.0
E1_honestxattenuated_beta1.5,honest,attenuated,1.5,all,U_t,1,0.323
E1_honestxattenuated_beta1.5,honest,attenuated,1.5,all,U_t,2,0.235
E1_honestxattenuated_beta1.5,honest,attenuated,1.5,all,U_t,3,0.188
E1_honestxattenuated_beta1.5,honest,attenuated,1.5,all,U_t,4,0.1635
E1_honestxattenuated_beta1.5,honest,attenuated,1.5,all,U_t,5,0.153
E1_honestxattenuated_beta1.5,honest,attenuated,1.5,all,U_t,6,0.149
E1_honestxattenuated_beta1.5,honest,attenuated,1.5,all,U_t,7,0.1505
E1_honestxattenuated_beta1.5,honest,attenuated,1.5,all,U_t,8,0.148
E1_honestxattenuated_beta1.5,honest,attenuated,1.5,all,U_t,9,0.1475
E1_honestxattenuated_beta1.5,honest,attenuated,1.5,all,U_t,10,0.146
E1_honestxattenuated_beta1.5,honest,attenuated,1.5,all,U_t,11,0.138
E1_honestxattenuated_beta1.5,honest,attenuated,1.5,all,U_t,12,0.1395
E1_honestxattenuated_beta1.5,honest,attenuated,1.5,both_own,A_p_truth_t,0,0.5785119207586285
E1_honestxattenuated_beta1.5,honest,attenuated,1.5,both_own,A_p_truth_t,1,0.6542814850024207
E1_honestxattenuated_beta1.5,honest,attenuated,1.5,both_own,A_p_truth_t,2,0.6633108516684258
E1_honestxattenuated_beta1.5,honest,attenuated,1.5,both_own,A_p_truth_t,3,0.6654628764473116
E1_honestxattenuated_beta1.5,honest,attenuated,1.5,both_own,A_p_truth_t,4,0.6689244339848812
E1_honestxattenuated_beta1.5,honest,attenuated,1.5,both_own,A_p_truth_t,5,0.6734847249998659
E1_honestxattenuated_beta1.5,honest,attenuated,1.5,both_own,A_p_truth_t,6,0.6743128378012363
E1_honestxattenuated_beta1.5,honest,attenuated,1.5,both_own,A_p_truth_t,7,0.6707178377070167
E1_honestxattenuated_beta1.5,honest,attenuated,1.5,both_own,A_p_truth_t,8,0.6693041329282312
E1_honestxattenuated_beta1.5,honest,attenuated,1.5,both_own,A_p_truth_t,9,0.6689247132007943
E1_honestxattenuated_beta1.5,honest,attenuated,1.5,both_own,A_p_truth_t,10,0.666519660186623
E1_honestxattenuated_beta1.5,honest,attenuated,1.5,both_own,A_p_truth_t,11,0.6624448807513871
E1_honestxattenuated_beta1.5,honest,attenuated,1.5,both_own,A_p_truth_t,12,0.6617421528596031
E1_honestxattenuated_beta1.5,honest,attenuated,1.5,both_own,B_p_truth_t,0,0.5569499366529735
E1_honestxattenuated_beta1.5,honest,attenuated,1.5,both_own,B_p_truth_t,1,0.5712135960880839
E1_honestxattenuated_beta1.5,honest,attenuated,1.5,both_own,B_p_truth_t,2,0.5741022389106215
E1_honestxattenuated_beta1.5,honest,attenuated,1.5,both_own,B_p_truth_t,3,0.5782720068370235
E1_honestxattenuated_beta1.5,honest,attenuated,1.5,both_own,B_p_truth_t,4,0.5818360417042044
E1_honestxattenuated_beta1.5,honest,attenuated,1.5,both_own,B_p_truth_t,5,0.5842838720238049
E1_honestxattenuated_beta1.5,honest,attenuated,1.5,both_own,B_p_truth_t,6,0.5863347453661429
E1_honestxattenuated_beta1.5,honest,attenuated,1.5,both_own,B_p_truth_t,7,0.588113785233008
E1_honestxattenuated_beta1.5,honest,attenuated,1.5,both_own,B_p_truth_t,8,0.5895623212064807
E1_honestxattenuated_beta1.5,honest,attenuated,1.5,both_own,B_p_truth_t,9,0.5906338933169881
E1_honestxattenuated_beta1.5,honest,attenuated,1.5,both_own,B_p_truth_t,10,0.591052938612523
E1_honestxattenuated_beta1.5,honest,attenuated,1.5,both_own,B_p_truth_t,11,0.5915982992998832
E1_honestxattenuated_beta1.5,honest,attenuated,1.5,both_own,B_p_truth_t,12,0.59175972942397
E1_honestxattenuated_beta1.5,honest,attenuated,1.5,both_own,nonc_mutual_t,1,0.9877049180327869
E1_honestxattenuated_beta1.5,honest,attenuated,1.5,both_own,nonc_mutual_t,2,0.8872950819672131
E1_honestxattenuated_beta1.5,honest,attenuated,1.5,both_own,nonc_mutual_t,3,0.7459016393442623
E1_honestxattenuated_beta1.5,honest,attenuated,1.5,both_own,nonc_mutual_t,4,0.7131147540983607
E1_honestxattenuated_beta1.5,honest,attenuated,1.5,both_own,nonc_mutual_t,5,0.680327868852459
E1_honestxattenuated_beta1.5,honest,attenuated,1.5,both_own,nonc_mutual_t,6,0.6782786885245902
E1_honestxattenuated_beta1.5,honest,attenuated,1.5,both_own,nonc_mutual_t,7,0.6700819672131147
E1_honestxattenuated_beta1.5,honest,attenuated,1.5,both_own,nonc_mutual_t,8,0.6823770491803278
E1_honestxattenuated_beta1.5,honest,attenuated,1.5,both_own,nonc_mutual_t,9,0.6618852459016393
E1_honestxattenuated_beta1.5,honest,attenuated,1.5,both_own,nonc_mutual_t,10,0.6434426229508197
E1_honestxattenuated_beta1.5,honest,attenuated,1.5,both_own,nonc_mutual_t,11,0.6352459016393442
E1_honestxattenuated_beta1.5,honest,attenuated,1.5,both_own,nonc_mutual_t,12,0.6557377049180327
E1_honestxattenuated_beta1.5,honest,attenuated,1.5,both_own,A_concede_t,1,0.0020491803278688526
E1_honestxattenuated_beta1.5,honest,attenuated,1.5,both_own,A_concede_t,2,0.11270491803278689
E1_honestxattenuated_beta1.5,honest,attenuated,1.5,both_own,A_concede_t,3,0.2540983606557377
E1_honestxattenuated_beta1.5,honest,attenuated,1.5,both_own,A_concede_t,4,0.2848360655737705
E1_honestxattenuated_beta1.5,honest,attenuated,1.5,both_own,A_concede_t,5,0.3114754098360656
E1_honestxattenuated_beta1.5,honest,attenuated,1.5,both_own,A_concede_t,6,0.3155737704918033
E1_honestxattenuated_beta1.5,honest,attenuated,1.5,both_own,A_concede_t,7,0.32172131147540983
E1_honestxattenuated_beta1.5,honest,attenuated,1.5,both_own,A_concede_t,8,0.3135245901639344
E1_honestxattenuated_beta1.5,honest,attenuated,1.5,both_own,A_concede_t,9,0.33401639344262296
E1_honestxattenuated_beta1.5,honest,attenuated,1.5,both_own,A_concede_t,10,0.3524590163934426
E1_honestxattenuated_beta1.5,honest,attenuated,1.5,both_own,A_concede_t,11,0.3483606557377049
E1_honestxattenuated_beta1.5,honest,attenuated,1.5,both_own,A_concede_t,12,0.3319672131147541
E1_honestxattenuated_beta1.5,honest,attenuated,1.5,both_own,B_concede_t,1,0.010245901639344262
E1_honestxattenuated_beta1.5,honest,attenuated,1.5,both_own,B_concede_t,2,0.0
E1_honestxattenuated_beta1.5,honest,attenuated,1.5,both_own,B_concede_t,3,0.0
E1_honestxattenuated_beta1.5,honest,attenuated,1.5,both_own,B_concede_t,4,0.0020491803278688526
E1_honestxattenuated_beta1.5,honest,attenuated,1.5,both_own,B_concede_t,5,0.010245901639344262
E1_honestxattenuated_beta1.5,honest,attenuated,1.5,both_own,B_concede_t,6,0.006147540983606557
E1_honestxattenuated_beta1.5,honest,attenuated,1.5,both_own,B_concede_t,7,0.00819672131147541
E1_honestxattenuated_beta1.5,honest,attenuated,1.5,both_own,B_concede_t,8,0.004098360655737705
E1_honestxattenuated_beta1.5,honest,attenuated,1.5,both_own,B_concede_t,9,0.004098360655737705
E1_honestxattenuated_beta1.5,honest,attenuated,1.5,both_own,B_concede_t,10,0.004098360655737705
E1_honestxattenuated_beta1.5,honest,attenuated,1.5,both_own,B_concede_t,11,0.018442622950819672
E1_honestxattenuated_beta1.5,honest,attenuated,1.5,both_own,B_concede_t,12,0.012295081967213115
E1_honestxattenuated_beta1.5,honest,attenuated,1.5,both_own,U_t,0,1.0
E1_honestxattenuated_beta1.5,honest,attenuated,1.5,both_own,U_t,1,0.9877049180327869
E1_honestxattenuated_beta1.5,honest,attenuated,1.5,both_own,U_t,2,0.8852459016393442
E1_honestxattenuated_beta1.5,honest,attenuated,1.5,both_own,U_t,3,0.7110655737704918
E1_honestxattenuated_beta1.5,honest,attenuated,1.5,both_own,U_t,4,0.625
E1_honestxattenuated_beta1.5,honest,attenuated,1.5,both_own,U_t,5,0.5881147540983607
E1_honestxattenuated_beta1.5,honest,attenuated,1.5,both_own,U_t,6,0.5819672131147541
E1_honestxattenuated_beta1.5,honest,attenuated,1.5,both_own,U_t,7,0.5881147540983607
E1_honestxattenuated_beta1.5,honest,attenuated,1.5,both_own,U_t,8,0.5799180327868853
E1_honestxattenuated_beta1.5,honest,attenuated,1.5,both_own,U_t,9,0.5799180327868853
E1_honestxattenuated_beta1.5,honest,attenuated,1.5,both_own,U_t,10,0.5635245901639344
E1_honestxattenuated_beta1.5,honest,attenuated,1.5,both_own,U_t,11,0.5368852459016393
E1_honestxattenuated_beta1.5,honest,attenuated,1.5,both_own,U_t,12,0.5430327868852459
E1_honestxcostly_beta1.5,honest,costly,1.5,all,A_p_truth_t,0,0.7861258782201477
E1_honestxcostly_beta1.5,honest,costly,1.5,all,A_p_truth_t,1,0.8580303419708437
E1_honestxcostly_beta1.5,honest,costly,1.5,all,A_p_truth_t,2,0.8693826069498563
E1_honestxcostly_beta1.5,honest,costly,1.5,all,A_p_truth_t,3,0.8728422092010397
E1_honestxcostly_beta1.5,honest,costly,1.5,all,A_p_truth_t,4,0.874382952230032
E1_honestxcostly_beta1.5,honest,costly,1.5,all,A_p_truth_t,5,0.8755979933377807
E1_honestxcostly_beta1.5,honest,costly,1.5,all,A_p_truth_t,6,0.8762082932476424
E1_honestxcostly_beta1.5,honest,costly,1.5,all,A_p_truth_t,7,0.876369986976502
E1_honestxcostly_beta1.5,honest,costly,1.5,all,A_p_truth_t,8,0.8766637495909965
E1_honestxcostly_beta1.5,honest,costly,1.5,all,A_p_truth_t,9,0.8768055255454514
E1_honestxcostly_beta1.5,honest,costly,1.5,all,A_p_truth_t,10,0.8771266096563078
E1_honestxcostly_beta1.5,honest,costly,1.5,all,A_p_truth_t,11,0.8772711079939335
E1_honestxcostly_beta1.5,honest,costly,1.5,all,A_p_truth_t,12,0.8775899103500397
E1_honestxcostly_beta1.5,honest,costly,1.5,all,B_p_truth_t,0,0.7856867681498896
E1_honestxcostly_beta1.5,honest,costly,1.5,all,B_p_truth_t,1,0.8558259143609797
E1_honestxcostly_beta1.5,honest,costly,1.5,all,B_p_truth_t,2,0.8663051496972729
E1_honestxcostly_beta1.5,honest,costly,1.5,all,B_p_truth_t,3,0.8722703969485701
E1_honestxcostly_beta1.5,honest,costly,1.5,all,B_p_truth_t,4,0.8765449761349734
E1_honestxcostly_beta1.5,honest,costly,1.5,all,B_p_truth_t,5,0.8795038289480681
E1_honestxcostly_beta1.5,honest,costly,1.5,all,B_p_truth_t,6,0.882369158077537
E1_honestxcostly_beta1.5,honest,costly,1.5,all,B_p_truth_t,7,0.8849931660619406
E1_honestxcostly_beta1.5,honest,costly,1.5,all,B_p_truth_t,8,0.8869574463957288
E1_honestxcostly_beta1.5,honest,costly,1.5,all,B_p_truth_t,9,0.888819141702587
E1_honestxcostly_beta1.5,honest,costly,1.5,all,B_p_truth_t,10,0.890001360219916
E1_honestxcostly_beta1.5,honest,costly,1.5,all,B_p_truth_t,11,0.8912640894485974
E1_honestxcostly_beta1.5,honest,costly,1.5,all,B_p_truth_t,12,0.8917665885562278
E1_honestxcostly_beta1.5,honest,costly,1.5,all,nonc_mutual_t,1,0.6245
E1_honestxcostly_beta1.5,honest,costly,1.5,all,nonc_mutual_t,2,0.588
E1_honestxcostly_beta1.5,honest,costly,1.5,all,nonc_mutual_t,3,0.5555
E1_honestxcostly_beta1.5,honest,costly,1.5,all,nonc_mutual_t,4,0.549
E1_honestxcostly_beta1.5,honest,costly,1.5,all,nonc_mutual_t,5,0.5445
E1_honestxcostly_beta1.5,honest,costly,1.5,all,nonc_mutual_t,6,0.5415
E1_honestxcostly_beta1.5,honest,costly,1.5,all,nonc_mutual_t,7,0.5395
E1_honestxcostly_beta1.5,honest,costly,1.5,all,nonc_mutual_t,8,0.543
E1_honestxcostly_beta1.5,honest,costly,1.5,all,nonc_mutual_t,9,0.53
E1_honestxcostly_beta1.5,honest,costly,1.5,all,nonc_mutual_t,10,0.5295
E1_honestxcostly_beta1.5,honest,costly,1.5,all,nonc_mutual_t,11,0.533
E1_honestxcostly_beta1.5,honest,costly,1.5,all,nonc_mutual_t,12,0.5355
E1_honestxcostly_beta1.5,honest,costly,1.5,all,A_concede_t,1,0.3615
E1_honestxcostly_beta1.5,honest,costly,1.5,all,A_concede_t,2,0.404
E1_honestxcostly_beta1.5,honest,costly,1.5,all,A_concede_t,3,0.436
E1_honestxcostly_beta1.5,honest,costly,1.5,all,A_concede_t,4,0.4415
E1_honestxcostly_beta1.5,honest,costly,1.5,all,A_concede_t,5,0.445
E1_honestxcostly_beta1.5,honest,costly,1.5,all,A_concede_t,6,0.451
E1_honestxcostly_beta1.5,honest,costly,1.5,all,A_concede_t,7,0.45
E1_honestxcostly_beta1.5,honest,costly,1.5,all,A_concede_t,8,0.451
E1_honestxcostly_beta1.5,honest,costly,1.5,all,A_concede_t,9,0.4605
E1_honestxcostly_beta1.5,honest,costly,1.5,all,A_concede_t,10,0.4615
E1_honestxcostly_beta1.5,honest,costly,1.5,all,A_concede_t,11,0.4565
E1_honestxcostly_beta1.5,honest,costly,1.5,all,A_concede_t,12,0.453
E1_honestxcostly_beta1.5,honest,costly,1.5,all,B_concede_t,1,0.014
E1_honestxcostly_beta1.5,honest,costly,1.5,all,B_concede_t,2,0.008
E1_honestxcostly_beta1.5,honest,costly,1.5,all,B_concede_t,3,0.0085
E1_honestxcostly_beta1.5,honest,costly,1.5,all,B_concede_t,4,0.0095
E1_honestxcostly_beta1.5,honest,costly,1.5,all,B_concede_t,5,0.0105
E1_honestxcostly_beta1.5,honest,costly,1.5,all,B_concede_t,6,0.0075
E1_honestxcostly_beta1.5,honest,costly,1.5,all,B_concede_t,7,0.0105
E1_honestxcostly_beta1.5,honest,costly,1.5,all,B_concede_t,8,0.006
E1_honestxcostly_beta1.5,honest,costly,1.5,all,B_concede_t,9,0.0095
E1_honestxcostly_beta1.5,honest,costly,1.5,all,B_concede_t,10,0.009
E1_honestxcostly_beta1.5,honest,costly,1.5,all,B_concede_t,11,0.0105
E1_honestxcostly_beta1.5,honest,costly,1.5,all,B_concede_t,12,0.0115
E1_honestxcostly_beta1.5,honest,costly,1.5,all,U_t,0,1.0
E1_honestxcostly_beta1.5,honest,costly,1.5,all,U_t,1,0.6245
E1_honestxcostly_beta1.5,honest,costly,1.5,all,U_t,2,0.558
E1_honestxcostly_beta1.5,honest,costly,1.5,all,U_t,3,0.515
E1_honestxcostly_beta1.5,honest,costly,1.5,all,U_t,4,0.491
E1_honestxcostly_beta1.5,honest,costly,1.5,all,U_t,5,0.475
E1_honestxcostly_beta1.5,honest,costly,1.5,all,U_t,6,0.465
E1_honestxcostly_beta1.5,honest,costly,1.5,all,U_t,7,0.4575
E1_honestxcostly_beta1.5,honest,costly,1.5,all,U_t,8,0.452
E1_honestxcostly_beta1.5,honest,costly,1.5,all,U_t,9,0.4475
E1_honestxcostly_beta1.5,honest,costly,1.5,all,U_t,10,0.4355
E1_honestxcostly_beta1.5,honest,costly,1.5,all,U_t,11,0.4275
E1_honestxcostly_beta1.5,honest,costly,1.5,all,U_t,12,0.4225
E1_honestxcostly_beta1.5,honest,costly,1.5,both_own,A_p_truth_t,0,0.5785119207586285
E1_honestxcostly_beta1.5,honest,costly,1.5,both_own,A_p_truth_t,1,0.6720306295138089
E1_honestxcostly_beta1.5,honest,costly,1.5,both_own,A_p_truth_t,2,0.6916016826235777
E1_honestxcostly_beta1.5,honest,costly,1.5,both_own,A_p_truth_t,3,0.6996247169447386
E1_honestxcostly_beta1.5,honest,costly,1.5,both_own,A_p_truth_t,4,0.7031526684966438
E1_honestxcostly_beta1.5,honest,costly,1.5,both_own,A_p_truth_t,5,0.7067813017498653
E1_honestxcostly_beta1.5,honest,costly,1.5,both_own,A_p_truth_t,6,0.7084348901480231
E1_honestxcostly_beta1.5,honest,costly,1.5,both_own,A_p_truth_t,7,0.7077609314308528
E1_honestxcostly_beta1.5,honest,costly,1.5,both_own,A_p_truth_t,8,0.7082548757948455
E1_honestxcostly_beta1.5,honest,costly,1.5,both_own,A_p_truth_t,9,0.7076031195167122
E1_honestxcostly_beta1.5,honest,costly,1.5,both_own,A_p_truth_t,10,0.7084669001163293
E1_honestxcostly_beta1.5,honest,costly,1.5,both_own,A_p_truth_t,11,0.7090957761130305
E1_honestxcostly_beta1.5,honest,costly,1.5,both_own,A_p_truth_t,12,0.7104182212584781
E1_honestxcostly_beta1.5,honest,costly,1.5,both_own,B_p_truth_t,0,0.5569499366529735
E1_honestxcostly_beta1.5,honest,costly,1.5,both_own,B_p_truth_t,1,0.6373265872750115
E1_honestxcostly_beta1.5,honest,costly,1.5,both_own,B_p_truth_t,2,0.6553062400605357
E1_honestxcostly_beta1.5,honest,costly,1.5,both_own,B_p_truth_t,3,0.672926500843607
E1_honestxcostly_beta1.5,honest,costly,1.5,both_own,B_p_truth_t,4,0.6852890319201437
E1_honestxcostly_beta1.5,honest,costly,1.5,both_own,B_p_truth_t,5,0.693841005240935
E1_honestxcostly_beta1.5,honest,costly,1.5,both_own,B_p_truth_t,6,0.7030412014721008
E1_honestxcostly_beta1.5,honest,costly,1.5,both_own,B_p_truth_t,7,0.7101478188134102
E1_honestxcostly_beta1.5,honest,costly,1.5,both_own,B_p_truth_t,8,0.7147817894321652
E1_honestxcostly_beta1.5,honest,costly,1.5,both_own,B_p_truth_t,9,0.7199342591576435
E1_honestxcostly_beta1.5,honest,costly,1.5,both_own,B_p_truth_t,10,0.7219688821971398
E1_honestxcostly_beta1.5,honest,costly,1.5,both_own,B_p_truth_t,11,0.7265767006968994
E1_honestxcostly_beta1.5,honest,costly,1.5,both_own,B_p_truth_t,12,0.7282404476644219
E1_honestxcostly_beta1.5,honest,costly,1.5,both_own,nonc_mutual_t,1,0.9979508196721312
E1_honestxcostly_beta1.5,honest,costly,1.5,both_own,nonc_mutual_t,2,0.9036885245901639
E1_honestxcostly_beta1.5,honest,costly,1.5,both_own,nonc_mutual_t,3,0.7930327868852459
E1_honestxcostly_beta1.5,honest,costly,1.5,both_own,nonc_mutual_t,4,0.7622950819672131
E1_honestxcostly_beta1.5,honest,costly,1.5,both_own,nonc_mutual_t,5,0.7459016393442623
E1_honestxcostly_beta1.5,honest,costly,1.5,both_own,nonc_mutual_t,6,0.7192622950819673
E1_honestxcostly_beta1.5,honest,costly,1.5,both_own,nonc_mutual_t,7,0.7213114754098361
E1_honestxcostly_beta1.5,honest,costly,1.5,both_own,nonc_mutual_t,8,0.7192622950819673
E1_honestxcostly_beta1.5,honest,costly,1.5,both_own,nonc_mutual_t,9,0.7028688524590164
E1_honestxcostly_beta1.5,honest,costly,1.5,both_own,nonc_mutual_t,10,0.6864754098360656
E1_honestxcostly_beta1.5,honest,costly,1.5,both_own,nonc_mutual_t,11,0.7069672131147541
E1_honestxcostly_beta1.5,honest,costly,1.5,both_own,nonc_mutual_t,12,0.7110655737704918
E1_honestxcostly_beta1.5,honest,costly,1.5,both_own,A_concede_t,1,0.0020491803278688526
E1_honestxcostly_beta1.5,honest,costly,1.5,both_own,A_concede_t,2,0.09631147540983606
E1_honestxcostly_beta1.5,honest,costly,1.5,both_own,A_concede_t,3,0.2069672131147541
E1_honestxcostly_beta1.5,honest,costly,1.5,both_own,A_concede_t,4,0.23770491803278687
E1_honestxcostly_beta1.5,honest,costly,1.5,both_own,A_concede_t,5,0.2540983606557377
E1_honestxcostly_beta1.5,honest,costly,1.5,both_own,A_concede_t,6,0.2766393442622951
E1_honestxcostly_beta1.5,honest,costly,1.5,both_own,A_concede_t,7,0.2766393442622951
E1_honestxcostly_beta1.5,honest,costly,1.5,both_own,A_concede_t,8,0.2766393442622951
E1_honestxcostly_beta1.5,honest,costly,1.5,both_own,A_concede_t,9,0.29508196721311475
E1_honestxcostly_beta1.5,honest,costly,1.5,both_own,A_concede_t,10,0.3135245901639344
E1_honestxcostly_beta1.5,honest,costly,1.5,both_own,A_concede_t,11,0.29098360655737704
E1_honestxcostly_beta1.5,honest,costly,1.5,both_own,A_concede_t,12,0.2848360655737705
E1_honestxcostly_beta1.5,honest,costly,1.5,both_own,B_concede_t,1,0.0
E1_honestxcostly_beta1.5,honest,costly,1.5,both_own,B_concede_t,2,0.0
E1_honestxcostly_beta1.5,honest,costly,1.5,both_own,B_concede_t,3,0.0
E1_honestxcostly_beta1.5,honest,costly,1.5,both_own,B_concede_t,4,0.0
E1_honestxcostly_beta1.5,honest,costly,1.5,both_own,B_concede_t,5,0.0
E1_honestxcostly_beta1.5,honest,costly,1.5,both_own,B_concede_t,6,0.004098360655737705
E1_honestxcostly_beta1.5,honest,costly,1.5,both_own,B_concede_t,7,0.0020491803278688526
E1_honestxcostly_beta1.5,honest,costly,1.5,both_own,B_concede_t,8,0.004098360655737705
E1_honestxcostly_beta1.5,honest,costly,1.5,both_own,B_concede_t,9,0.0020491803278688526
E1_honestxcostly_beta1.5,honest,costly,1.5,both_own,B_concede_t,10,0.0
E1_honestxcostly_beta1.5,honest,costly,1.5,both_own,B_concede_t,11,0.0020491803278688526
E1_honestxcostly_beta1.5,honest,costly,1.5,both_own,B_concede_t,12,0.004098360655737705
E1_honestxcostly_beta1.5,honest,costly,1.5,both_own,U_t,0,1.0
E1_honestxcostly_beta1.5,honest,costly,1.5,both_own,U_t,1,0.9979508196721312
E1_honestxcostly_beta1.5,honest,costly,1.5,both_own,U_t,2,0.9036885245901639
E1_honestxcostly_beta1.5,honest,costly,1.5,both_own,U_t,3,0.7663934426229508
E1_honestxcostly_beta1.5,honest,costly,1.5,both_own,U_t,4,0.6905737704918032
E1_honestxcostly_beta1.5,honest,costly,1.5,both_own,U_t,5,0.6639344262295082
E1_honestxcostly_beta1.5,honest,costly,1.5,both_own,U_t,6,0.6413934426229508
E1_honestxcostly_beta1.5,honest,costly,1.5,both_own,U_t,7,0.6413934426229508
E1_honestxcostly_beta1.5,honest,costly,1.5,both_own,U_t,8,0.6311475409836066
E1_honestxcostly_beta1.5,honest,costly,1.5,both_own,U_t,9,0.6311475409836066
E1_honestxcostly_beta1.5,honest,costly,1.5,both_own,U_t,10,0.610655737704918
E1_honestxcostly_beta1.5,honest,costly,1.5,both_own,U_t,11,0.610655737704918
E1_honestxcostly_beta1.5,honest,costly,1.5,both_own,U_t,12,0.6147540983606558
E1_honestxmixed_beta1.5,honest,mixed,1.5,all,A_p_truth_t,0,0.7861258782201477
E1_honestxmixed_beta1.5,honest,mixed,1.5,all,A_p_truth_t,1,0.8566551925980723
E1_honestxmixed_beta1.5,honest,mixed,1.5,all,A_p_truth_t,2,0.8668170527911288
E1_honestxmixed_beta1.5,honest,mixed,1.5,all,A_p_truth_t,3,0.8711025533971236
E1_honestxmixed_beta1.5,honest,mixed,1.5,all,A_p_truth_t,4,0.8731989728488532
E1_honestxmixed_beta1.5,honest,mixed,1.5,all,A_p_truth_t,5,0.8751384342758841
E1_honestxmixed_beta1.5,honest,mixed,1.5,all,A_p_truth_t,6,0.8762381474783969
E1_honestxmixed_beta1.5,honest,mixed,1.5,all,A_p_truth_t,7,0.8762223029214242
E1_honestxmixed_beta1.5,honest,mixed,1.5,all,A_p_truth_t,8,0.876395827989143
E1_honestxmixed_beta1.5,honest,mixed,1.5,all,A_p_truth_t,9,0.8764293580977718
E1_honestxmixed_beta1.5,honest,mixed,1.5,all,A_p_truth_t,10,0.8765754987120777
E1_honestxmixed_beta1.5,honest,mixed,1.5,all,A_p_truth_t,11,0.8765284131747108
E1_honestxmixed_beta1.5,honest,mixed,1.5,all,A_p_truth_t,12,0.8769627395311548
E1_honestxmixed_beta1.5,honest,mixed,1.5,all,B_p_truth_t,0,0.7856867681498896
E1_honestxmixed_beta1.5,honest,mixed,1.5,all,B_p_truth_t,1,0.8373702562800059
E1_honestxmixed_beta1.5,honest,mixed,1.5,all,B_p_truth_t,2,0.8440599834520451
E1_honestxmixed_beta1.5,honest,mixed,1.5,all,B_p_truth_t,3,0.8479311988693136
E1_honestxmixed_beta1.5,honest,mixed,1.5,all,B_p_truth_t,4,0.8517703377840484
E1_honestxmixed_beta1.5,honest,mixed,1.5,all,B_p_truth_t,5,0.8539743735466887
E1_honestxmixed_beta1.5,honest,mixed,1.5,all,B_p_truth_t,6,0.8559481163959526
E1_honestxmixed_beta1.5,honest,mixed,1.5,all,B_p_truth_t,7,0.8576628742171848
E1_honestxmixed_beta1.5,honest,mixed,1.5,all,B_p_truth_t,8,0.8590537776239682
E1_honestxmixed_beta1.5,honest,mixed,1.5,all,B_p_truth_t,9,0.860435459989928
E1_honestxmixed_beta1.5,honest,mixed,1.5,all,B_p_truth_t,10,0.8611592219456029
E1_honestxmixed_beta1.5,honest,mixed,1.5,all,B_p_truth_t,11,0.8616829712319084
E1_honestxmixed_beta1.5,honest,mixed,1.5,all,B_p_truth_t,12,0.862099489894326
E1_honestxmixed_beta1.5,honest,mixed,1.5,all,nonc_mutual_t,1,0.4965
E1_honestxmixed_beta1.5,honest,mixed,1.5,all,nonc_mutual_t,2,0.467
E1_honestxmixed_beta1.5,honest,mixed,1.5,all,nonc_mutual_t,3,0.418
E1_honestxmixed_beta1.5,honest,mixed,1.5,all,nonc_mutual_t,4,0.406
E1_honestxmixed_beta1.5,honest,mixed,1.5,all,nonc_mutual_t,5,0.4125
E1_honestxmixed_beta1.5,honest,mixed,1.5,all,nonc_mutual_t,6,0.4015
E1_honestxmixed_beta1.5,honest,mixed,1.5,all,nonc_mutual_t,7,0.3865
E1_honestxmixed_beta1.5,honest,mixed,1.5,all,nonc_mutual_t,8,0.396
E1_honestxmixed_beta1.5,honest,mixed,1.5,all,nonc_mutual_t,9,0.3845
E1_honestxmixed_beta1.5,honest,mixed,1.5,all,nonc_mutual_t,10,0.3855
E1_honestxmixed_beta1.5,honest,mixed,1.5,all,nonc_mutual_t,11,0.3885
E1_honestxmixed_beta1.5,honest,mixed,1.5,all,nonc_mutual_t,12,0.3985
E1_honestxmixed_beta1.5,honest,mixed,1.5,all,A_concede_t,1,0.3615
E1_honestxmixed_beta1.5,honest,mixed,1.5,all,A_concede_t,2,0.4
E1_honestxmixed_beta1.5,honest,mixed,1.5,all,A_concede_t,3,0.4315
E1_honestxmixed_beta1.5,honest,mixed,1.5,all,A_concede_t,4,0.4425
E1_honestxmixed_beta1.5,honest,mixed,1.5,all,A_concede_t,5,0.448
E1_honestxmixed_beta1.5,honest,mixed,1.5,all,A_concede_t,6,0.4485
E1_honestxmixed_beta1.5,honest,mixed,1.5,all,A_concede_t,7,0.449
E1_honestxmixed_beta1.5,honest,mixed,1.5,all,A_concede_t,8,0.451
E1_honestxmixed_beta1.5,honest,mixed,1.5,all,A_concede_t,9,0.4565
E1_honestxmixed_beta1.5,honest,mixed,1.5,all,A_concede_t,10,0.4585
E1_honestxmixed_beta1.5,honest,mixed,1.5,all,A_concede_t,11,0.4555
E1_honestxmixed_beta1.5,honest,mixed,1.5,all,A_concede_t,12,0.45
E1_honestxmixed_beta1.5,honest,mixed,1.5,all,B_concede_t,1,0.1445
E1_honestxmixed_beta1.5,honest,mixed,1.5,all,B_concede_t,2,0.134
E1_honestxmixed_beta1.5,honest,mixed,1.5,all,B_concede_t,3,0.151
E1_honestxmixed_beta1.5,honest,mixed,1.5,all,B_concede_t,4,0.1515
E1_honestxmixed_beta1.5,honest,mixed,1.5,all,B_concede_t,5,0.1395
E1_honestxmixed_beta1.5,honest,mixed,1.5,all,B_concede_t,6,0.15
E1_honestxmixed_beta1.5,honest,mixed,1.5,all,B_concede_t,7,0.1645
E1_honestxmixed_beta1.5,honest,mixed,1.5,all,B_concede_t,8,0.1535
E1_honestxmixed_beta1.5,honest,mixed,1.5,all,B_concede_t,9,0.159
E1_honestxmixed_beta1.5,honest,mixed,1.5,all,B_concede_t,10,0.156
E1_honestxmixed_beta1.5,honest,mixed,1.5,all,B_concede_t,11,0.1565
E1_honestxmixed_beta1.5,honest,mixed,1.5,all,B_concede_t,12,0.1515
E1_honestxmixed_beta1.5,honest,mixed,1.5,all,U_t,0,1.0
E1_honestxmixed_beta1.5,honest,mixed,1.5,all,U_t,1,0.499
E1_honestxmixed_beta1.5,honest,mixed,1.5,all,U_t,2,0.362
E1_honestxmixed_beta1.5,honest,mixed,1.5,all,U_t,3,0.277
E1_honestxmixed_beta1.5,honest,mixed,1.5,all,U_t,4,0.224
E1_honestxmixed_beta1.5,honest,mixed,1.5,all,U_t,5,0.1985
E1_honestxmixed_beta1.5,honest,mixed,1.5,all,U_t,6,0.182
E1_honestxmixed_beta1.5,honest,mixed,1.5,all,U_t,7,0.174
E1_honestxmixed_beta1.5,honest,mixed,1.5,all,U_t,8,0.163
E1_honestxmixed_beta1.5,honest,mixed,1.5,all,U_t,9,0.1605
E1_honestxmixed_beta1.5,honest,mixed,1.5,all,U_t,10,0.1525
E1_honestxmixed_beta1.5,honest,mixed,1.5,all,U_t,11,0.1525
E1_honestxmixed_beta1.5,honest,mixed,1.5,all,U_t,12,0.1545
E1_honestxmixed_beta1.5,honest,mixed,1.5,both_own,A_p_truth_t,0,0.5785119207586285
E1_honestxmixed_beta1.5,honest,mixed,1.5,both_own,A_p_truth_t,1,0.6564123974269434
E1_honestxmixed_beta1.5,honest,mixed,1.5,both_own,A_p_truth_t,2,0.6718867218625854
E1_honestxmixed_beta1.5,honest,mixed,1.5,both_own,A_p_truth_t,3,0.6832895524370278
E1_honestxmixed_beta1.5,honest,mixed,1.5,both_own,A_p_truth_t,4,0.6892714395055652
E1_honestxmixed_beta1.5,honest,mixed,1.5,both_own,A_p_truth_t,5,0.6961034822338615
E1_honestxmixed_beta1.5,honest,mixed,1.5,both_own,A_p_truth_t,6,0.6991989029659961
E1_honestxmixed_beta1.5,honest,mixed,1.5,both_own,A_p_truth_t,7,0.6987484227843566
E1_honestxmixed_beta1.5,honest,mixed,1.5,both_own,A_p_truth_t,8,0.6990222831730692
E1_honestxmixed_beta1.5,honest,mixed,1.5,both_own,A_p_truth_t,9,0.699150679677918
E1_honestxmixed_beta1.5,honest,mixed,1.5,both_own,A_p_truth_t,10,0.7008197695382259
E1_honestxmixed_beta1.5,honest,mixed,1.5,both_own,A_p_truth_t,11,0.7012826451071802
E1_honestxmixed_beta1.5,honest,mixed,1.5,both_own,A_p_truth_t,12,0.7032260809817671
E1_honestxmixed_beta1.5,honest,mixed,1.5,both_own,B_p_truth_t,0,0.5569499366529735
E1_honestxmixed_beta1.5,honest,mixed,1.5,both_own,B_p_truth_t,1,0.603625511952976
E1_honestxmixed_beta1.5,honest,mixed,1.5,both_own,B_p_truth_t,2,0.6137467273676808
E1_honestxmixed_beta1.5,honest,mixed,1.5,both_own,B_p_truth_t,3,0.6262765150089892
E1_honestxmixed_beta1.5,honest,mixed,1.5,both_own,B_p_truth_t,4,0.6394024323187915
E1_honestxmixed_beta1.5,honest,mixed,1.5,both_own,B_p_truth_t,5,0.6472799106198397
E1_honestxmixed_beta1.5,honest,mixed,1.5,both_own,B_p_truth_t,6,0.6537569055127196
E1_honestxmixed_beta1.5,honest,mixed,1.5,both_own,B_p_truth_t,7,0.6591398055326859
E1_honestxmixed_beta1.5,honest,mixed,1.5,both_own,B_p_truth_t,8,0.66349710883082
E1_honestxmixed_beta1.5,honest,mixed,1.5,both_own,B_p_truth_t,9,0.6681853809428253
E1_honestxmixed_beta1.5,honest,mixed,1.5,both_own,B_p_truth_t,10,0.6705203607612285
E1_honestxmixed_beta1.5,honest,mixed,1.5,both_own,B_p_truth_t,11,0.6728984580168516
E1_honestxmixed_beta1.5,honest,mixed,1.5,both_own,B_p_truth_t,12,0.6747855134681088
E1_honestxmixed_beta1.5,honest,mixed,1.5,both_own,nonc_mutual_t,1,0.9979508196721312
E1_honestxmixed_beta1.5,honest,mixed,1.5,both_own,nonc_mutual_t,2,0.889344262295082
E1_honestxmixed_beta1.5,honest,mixed,1.5,both_own,nonc_mutual_t,3,0.7704918032786885
E1_honestxmixed_beta1.5,honest,mixed,1.5,both_own,nonc_mutual_t,4,0.7274590163934426
E1_honestxmixed_beta1.5,honest,mixed,1.5,both_own,nonc_mutual_t,5,0.7069672131147541
E1_honestxmixed_beta1.5,honest,mixed,1.5,both_own,nonc_mutual_t,6,0.6926229508196722
E1_honestxmixed_beta1.5,honest,mixed,1.5,both_own,nonc_mutual_t,7,0.6885245901639344
E1_honestxmixed_beta1.5,honest,mixed,1.5,both_own,nonc_mutual_t,8,0.6905737704918032
E1_honestxmixed_beta1.5,honest,mixed,1.5,both_own,nonc_mutual_t,9,0.6721311475409836
E1_honestxmixed_beta1.5,honest,mixed,1.5,both_own,nonc_mutual_t,10,0.6495901639344263
E1_honestxmixed_beta1.5,honest,mixed,1.5,both_own,nonc_mutual_t,11,0.6700819672131147
E1_honestxmixed_beta1.5,honest,mixed,1.5,both_own,nonc_mutual_t,12,0.680327868852459
E1_honestxmixed_beta1.5,honest,mixed,1.5,both_own,A_concede_t,1,0.0020491803278688526
E1_honestxmixed_beta1.5,honest,mixed,1.5,both_own,A_concede_t,2,0.11065573770491803
E1_honestxmixed_beta1.5,honest,mixed,1.5,both_own,A_concede_t,3,0.22950819672131148
E1_honestxmixed_beta1.5,honest,mixed,1.5,both_own,A_concede_t,4,0.27049180327868855
E1_honestxmixed_beta1.5,honest,mixed,1.5,both_own,A_concede_t,5,0.29098360655737704
E1_honestxmixed_beta1.5,honest,mixed,1.5,both_own,A_concede_t,6,0.3012295081967213
E1_honestxmixed_beta1.5,honest,mixed,1.5,both_own,A_concede_t,7,0.3073770491803279
E1_honestxmixed_beta1.5,honest,mixed,1.5,both_own,A_concede_t,8,0.3073770491803279
E1_honestxmixed_beta1.5,honest,mixed,1.5,both_own,A_concede_t,9,0.319672131147541
E1_honestxmixed_beta1.5,honest,mixed,1.5,both_own,A_concede_t,10,0.3360655737704918
E1_honestxmixed_beta1.5,honest,mixed,1.5,both_own,A_concede_t,11,0.32172131147540983
E1_honestxmixed_beta1.5,honest,mixed,1.5,both_own,A_concede_t,12,0.3114754098360656
E1_honestxmixed_beta1.5,honest,mixed,1.5,both_own,B_concede_t,1,0.0
E1_honestxmixed_beta1.5,honest,mixed,1.5,both_own,B_concede_t,2,0.0
E1_honestxmixed_beta1.5,honest,mixed,1.5,both_own,B_concede_t,3,0.0
E1_honestxmixed_beta1.5,honest,mixed,1.5,both_own,B_concede_t,4,0.0020491803278688526
E1_honestxmixed_beta1.5,honest,mixed,1.5,both_own,B_concede_t,5,0.0020491803278688526
E1_honestxmixed_beta1.5,honest,mixed,1.5,both_own,B_concede_t,6,0.006147540983606557
E1_honestxmixed_beta1.5,honest,mixed,1.5,both_own,B_concede_t,7,0.004098360655737705
E1_honestxmixed_beta1.5,honest,mixed,1.5,both_own,B_concede_t,8,0.0020491803278688526
E1_honestxmixed_beta1.5,honest,mixed,1.5,both_own,B_concede_t,9,0.00819672131147541
E1_honestxmixed_beta1.5,honest,mixed,1.5,both_own,B_concede_t,10,0.014344262295081968
E1_honestxmixed_beta1.5,honest,mixed,1.5,both_own,B_concede_t,11,0.00819672131147541
E1_honestxmixed_beta1.5,honest,mixed,1.5,both_own,B_concede_t,12,0.00819672131147541
E1_honestxmixed_beta1.5,honest,mixed,1.5,both_own,U_t,0,1.0
E1_honestxmixed_beta1.5,honest,mixed,1.5,both_own,U_t,1,0.9979508196721312
E1_honestxmixed_beta1.5,honest,mixed,1.5,both_own,U_t,2,0.889344262295082
E1_honestxmixed_beta1.5,honest,mixed,1.5,both_own,U_t,3,0.735655737704918
E1_honestxmixed_beta1.5,honest,mixed,1.5,both_own,U_t,4,0.6454918032786885
E1_honestxmixed_beta1.5,honest,mixed,1.5,both_own,U_t,5,0.610655737704918
E1_honestxmixed_beta1.5,honest,mixed,1.5,both_own,U_t,6,0.5963114754098361
E1_honestxmixed_beta1.5,honest,mixed,1.5,both_own,U_t,7,0.6045081967213115
E1_honestxmixed_beta1.5,honest,mixed,1.5,both_own,U_t,8,0.5922131147540983
E1_honestxmixed_beta1.5,honest,mixed,1.5,both_own,U_t,9,0.5881147540983607
E1_honestxmixed_beta1.5,honest,mixed,1.5,both_own,U_t,10,0.5614754098360656
E1_honestxmixed_beta1.5,honest,mixed,1.5,both_own,U_t,11,0.5512295081967213
E1_honestxmixed_beta1.5,honest,mixed,1.5,both_own,U_t,12,0.5573770491803278
E1_attenuatedxhonest_beta1.5,attenuated,honest,1.5,all,A_p_truth_t,0,0.7861258782201477
E1_attenuatedxhonest_beta1.5,attenuated,honest,1.5,all,A_p_truth_t,1,0.8078214247713053
E1_attenuatedxhonest_beta1.5,attenuated,honest,1.5,all,A_p_truth_t,2,0.8110005866984294
E1_attenuatedxhonest_beta1.5,attenuated,honest,1.5,all,A_p_truth_t,3,0.8119829972962244
E1_attenuatedxhonest_beta1.5,attenuated,honest,1.5,all,A_p_truth_t,4,0.8126625552432153
E1_attenuatedxhonest_beta1.5,attenuated,honest,1.5,all,A_p_truth_t,5,0.8130291879395021
E1_attenuatedxhonest_beta1.5,attenuated,honest,1.5,all,A_p_truth_t,6,0.8131667343811018
E1_attenuatedxhonest_beta1.5,attenuated,honest,1.5,all,A_p_truth_t,7,0.8133794147048771
E1_attenuatedxhonest_beta1.5,attenuated,honest,1.5,all,A_p_truth_t,8,0.8134062644631614
E1_attenuatedxhonest_beta1.5,attenuated,honest,1.5,all,A_p_truth_t,9,0.8135251673606688
E1_attenuatedxhonest_beta1.5,attenuated,honest,1.5,all,A_p_truth_t,10,0.8136727628804351
E1_attenuatedxhonest_beta1.5,attenuated,honest,1.5,all,A_p_truth_t,11,0.8137659952254844
E1_attenuatedxhonest_beta1.5,attenuated,honest,1.5,all,A_p_truth_t,12,0.8139671209429087
E1_attenuatedxhonest_beta1.5,attenuated,honest,1.5,all,B_p_truth_t,0,0.7856867681498896
E1_attenuatedxhonest_beta1.5,attenuated,honest,1.5,all,B_p_truth_t,1,0.8554840801344403
E1_attenuatedxhonest_beta1.5,attenuated,honest,1.5,all,B_p_truth_t,2,0.864191290745599
E1_attenuatedxhonest_beta1.5,attenuated,honest,1.5,all,B_p_truth_t,3,0.8646757595718899
E1_attenuatedxhonest_beta1.5,attenuated,honest,1.5,all,B_p_truth_t,4,0.8652193266615794
E1_attenuatedxhonest_beta1.5,attenuated,honest,1.5,all,B_p_truth_t,5,0.8654241917281488
E1_attenuatedxhonest_beta1.5,attenuated,honest,1.5,all,B_p_truth_t,6,0.8659910668157551
E1_attenuatedxhonest_beta1.5,attenuated,honest,1.5,all,B_p_truth_t,7,0.8661905172591445
E1_attenuatedxhonest_beta1.5,attenuated,honest,1.5,all,B_p_truth_t,8,0.8662213784578954
E1_attenuatedxhonest_beta1.5,attenuated,honest,1.5,all,B_p_truth_t,9,0.8665598072286905
E1_attenuatedxhonest_beta1.5,attenuated,honest,1.5,all,B_p_truth_t,10,0.8663812202412299
E1_attenuatedxhonest_beta1.5,attenuated,honest,1.5,all,B_p_truth_t,11,0.8660915023688438
E1_attenuatedxhonest_beta1.5,attenuated,honest,1.5,all,B_p_truth_t,12,0.8643726621796075
E1_attenuatedxhonest_beta1.5,attenuated,honest,1.5,all,nonc_mutual_t,1,0.271
E1_attenuatedxhonest_beta1.5,attenuated,honest,1.5,all,nonc_mutual_t,2,0.242
E1_attenuatedxhonest_beta1.5,attenuated,honest,1.5,all,nonc_mutual_t,3,0.224
E1_attenuatedxhonest_beta1.5,attenuated,honest,1.5,all,nonc_mutual_t,4,0.218
E1_attenuatedxhonest_beta1.5,attenuated,honest,1.5,all,nonc_mutual_t,5,0.218
E1_attenuatedxhonest_beta1.5,attenuated,honest,1.5,all,nonc_mutual_t,6,0.2145
E1_attenuatedxhonest_beta1.5,attenuated,honest,1.5,all,nonc_mutual_t,7,0.2165
E1_attenuatedxhonest_beta1.5,attenuated,honest,1.5,all,nonc_mutual_t,8,0.218
E1_attenuatedxhonest_beta1.5,attenuated,honest,1.5,all,nonc_mutual_t,9,0.2215
E1_attenuatedxhonest_beta1.5,attenuated,honest,1.5,all,nonc_mutual_t,10,0.205
E1_attenuatedxhonest_beta1.5,attenuated,honest,1.5,all,nonc_mutual_t,11,0.2105
E1_attenuatedxhonest_beta1.5,attenuated,honest,1.5,all,nonc_mutual_t,12,0.196
E1_attenuatedxhonest_beta1.5,attenuated,honest,1.5,all,A_concede_t,1,0.356
E1_attenuatedxhonest_beta1.5,attenuated,honest,1.5,all,A_concede_t,2,0.3655
E1_attenuatedxhonest_beta1.5,attenuated,honest,1.5,all,A_concede_t,3,0.374
E1_attenuatedxhonest_beta1.5,attenuated,honest,1.5,all,A_concede_t,4,0.3765
E1_attenuatedxhonest_beta1.5,attenuated,honest,1.5,all,A_concede_t,5,0.374
E1_attenuatedxhonest_beta1.5,attenuated,honest,1.5,all,A_concede_t,6,0.3735
E1_attenuatedxhonest_beta1.5,attenuated,honest,1.5,all,A_concede_t,7,0.3695
E1_attenuatedxhonest_beta1.5,attenuated,honest,1.5,all,A_concede_t,8,0.3705
E1_attenuatedxhonest_beta1.5,attenuated,honest,1.5,all,A_concede_t,9,0.375
E1_attenuatedxhonest_beta1.5,attenuated,honest,1.5,all,A_concede_t,10,0.3775
E1_attenuatedxhonest_beta1.5,attenuated,honest,1.5,all,A_concede_t,11,0.3785
E1_attenuatedxhonest_beta1.5,attenuated,honest,1.5,all,A_concede_t,12,0.3825
E1_attenuatedxhonest_beta1.5,attenuated,honest,1.5,all,B_concede_t,1,0.378
E1_attenuatedxhonest_beta1.5,attenuated,honest,1.5,all,B_concede_t,2,0.3975
E1_attenuatedxhonest_beta1.5,attenuated,honest,1.5,all,B_concede_t,3,0.4075
E1_attenuatedxhonest_beta1.5,attenuated,honest,1.5,all,B_concede_t,4,0.409
E1_attenuatedxhonest_beta1.5,attenuated,honest,1.5,all,B_concede_t,5,0.4125
E1_attenuatedxhonest_beta1.5,attenuated,honest,1.5,all,B_concede_t,6,0.415
E1_attenuatedxhonest_beta1.5,attenuated,honest,1.5,all,B_concede_t,7,0.4155
E1_attenuatedxhonest_beta1.5,attenuated,honest,1.5,all,B_concede_t,8,0.414
E1_attenuatedxhonest_beta1.5,attenuated,honest,1.5,all,B_concede_t,9,0.4075
E1_attenuatedxhonest_beta1.5,attenuated,honest,1.5,all,B_concede_t,10,0.4205
E1_attenuatedxhonest_beta1.5,attenuated,honest,1.5,all,B_concede_t,11,0.4145
E1_attenuatedxhonest_beta1.5,attenuated,honest,1.5,all,B_concede_t,12,0.426
E1_attenuatedxhonest_beta1.5,attenuated,honest,1.5,all,U_t,0,1.0
E1_attenuatedxhonest_beta1.5,attenuated,honest,1.5,all,U_t,1,0.276
E1_attenuatedxhonest_beta1.5,attenuated,honest,1.5,all,U_t,2,0.2
E1_attenuatedxhonest_beta1.5,attenuated,honest,1.5,all,U_t,3,0.1775
E1_attenuatedxhonest_beta1.5,attenuated,honest,1.5,all,U_t,4,0.167
E1_attenuatedxhonest_beta1.5,attenuated,honest,1.5,all,U_t,5,0.159
E1_attenuatedxhonest_beta1.5,attenuated,honest,1.5,all,U_t,6,0.1575
E1_attenuatedxhonest_beta1.5,attenuated,honest,1.5,all,U_t,7,0.156
E1_attenuatedxhonest_beta1.5,attenuated,honest,1.5,all,U_t,8,0.154
E1_attenuatedxhonest_beta1.5,attenuated,honest,1.5,all,U_t,9,0.1575
E1_attenuatedxhonest_beta1.5,attenuated,honest,1.5,all,U_t,10,0.153
E1_attenuatedxhonest_beta1.5,attenuated,honest,1.5,all,U_t,11,0.146
E1_attenuatedxhonest_beta1.5,attenuated,honest,1.5,all,U_t,12,0.149
E1_attenuatedxhonest_beta1.5,attenuated,honest,1.5,both_own,A_p_truth_t,0,0.5785119207586285
E1_attenuatedxhonest_beta1.5,attenuated,honest,1.5,both_own,A_p_truth_t,1,0.5973717036855324
E1_attenuatedxhonest_beta1.5,attenuated,honest,1.5,both_own,A_p_truth_t,2,0.603106789002405
E1_attenuatedxhonest_beta1.5,attenuated,honest,1.5,both_own,A_p_truth_t,3,0.6066047089056962
E1_attenuatedxhonest_beta1.5,attenuated,honest,1.5,both_own,A_p_truth_t,4,0.6092723644838557
E1_attenuatedxhonest_beta1.5,attenuated,honest,1.5,both_own,A_p_truth_t,5,0.610944253344035
E1_attenuatedxhonest_beta1.5,attenuated,honest,1.5,both_own,A_p_truth_t,6,0.6118107024517565
E1_attenuatedxhonest_beta1.5,attenuated,honest,1.5,both_own,A_p_truth_t,7,0.613039728476219
E1_attenuatedxhonest_beta1.5,attenuated,honest,1.5,both_own,A_p_truth_t,8,0.613243874837153
E1_attenuatedxhonest_beta1.5,attenuated,honest,1.5,both_own,A_p_truth_t,9,0.6137448910807202
E1_attenuatedxhonest_beta1.5,attenuated,honest,1.5,both_own,A_p_truth_t,10,0.6142957374418414
E1_attenuatedxhonest_beta1.5,attenuated,honest,1.5,both_own,A_p_truth_t,11,0.6144806712928268
E1_attenuatedxhonest_beta1.5,attenuated,honest,1.5,both_own,A_p_truth_t,12,0.6152141769105912
E1_attenuatedxhonest_beta1.5,attenuated,honest,1.5,both_own,B_p_truth_t,0,0.5569499366529735
E1_attenuatedxhonest_beta1.5,attenuated,honest,1.5,both_own,B_p_truth_t,1,0.6386605703297215
E1_attenuatedxhonest_beta1.5,attenuated,honest,1.5,both_own,B_p_truth_t,2,0.6487140951366066
E1_attenuatedxhonest_beta1.5,attenuated,honest,1.5,both_own,B_p_truth_t,3,0.6504972546807082
E1_attenuatedxhonest_beta1.5,attenuated,honest,1.5,both_own,B_p_truth_t,4,0.6510918482811167
E1_attenuatedxhonest_beta1.5,attenuated,honest,1.5,both_own,B_p_truth_t,5,0.6519371266477378
E1_attenuatedxhonest_beta1.5,attenuated,honest,1.5,both_own,B_p_truth_t,6,0.6541011778828242
E1_attenuatedxhonest_beta1.5,attenuated,honest,1.5,both_own,B_p_truth_t,7,0.6541089759885916
E1_attenuatedxhonest_beta1.5,attenuated,honest,1.5,both_own,B_p_truth_t,8,0.6530494497363329
E1_attenuatedxhonest_beta1.5,attenuated,honest,1.5,both_own,B_p_truth_t,9,0.6548081887899958
E1_attenuatedxhonest_beta1.5,attenuated,honest,1.5,both_own,B_p_truth_t,10,0.6533886333834292
E1_attenuatedxhonest_beta1.5,attenuated,honest,1.5,both_own,B_p_truth_t,11,0.6521468006974329
E1_attenuatedxhonest_beta1.5,attenuated,honest,1.5,both_own,B_p_truth_t,12,0.6468737779668168
E1_attenuatedxhonest_beta1.5,attenuated,honest,1.5,both_own,nonc_mutual_t,1,0.8381147540983607
E1_attenuatedxhonest_beta1.5,attenuated,honest,1.5,both_own,nonc_mutual_t,2,0.8176229508196722
E1_attenuatedxhonest_beta1.5,attenuated,honest,1.5,both_own,nonc_mutual_t,3,0.7622950819672131
E1_attenuatedxhonest_beta1.5,attenuated,honest,1.5,both_own,nonc_mutual_t,4,0.7561475409836066
E1_attenuatedxhonest_beta1.5,attenuated,honest,1.5,both_own,nonc_mutual_t,5,0.7459016393442623
E1_attenuatedxhonest_beta1.5,attenuated,honest,1.5,both_own,nonc_mutual_t,6,0.7233606557377049
E1_attenuatedxhonest_beta1.5,attenuated,honest,1.5,both_own,nonc_mutual_t,7,0.7233606557377049
E1_attenuatedxhonest_beta1.5,attenuated,honest,1.5,both_own,nonc_mutual_t,8,0.735655737704918
E1_attenuatedxhonest_beta1.5,attenuated,honest,1.5,both_own,nonc_mutual_t,9,0.7459016393442623
E1_attenuatedxhonest_beta1.5,attenuated,honest,1.5,both_own,nonc_mutual_t,10,0.7090163934426229
E1_attenuatedxhonest_beta1.5,attenuated,honest,1.5,both_own,nonc_mutual_t,11,0.7151639344262295
E1_attenuatedxhonest_beta1.5,attenuated,honest,1.5,both_own,nonc_mutual_t,12,0.6700819672131147
E1_attenuatedxhonest_beta1.5,attenuated,honest,1.5,both_own,A_concede_t,1,0.004098360655737705
E1_attenuatedxhonest_beta1.5,attenuated,honest,1.5,both_own,A_concede_t,2,0.0
E1_attenuatedxhonest_beta1.5,attenuated,honest,1.5,both_own,A_concede_t,3,0.004098360655737705
E1_attenuatedxhonest_beta1.5,attenuated,honest,1.5,both_own,A_concede_t,4,0.0
E1_attenuatedxhonest_beta1.5,attenuated,honest,1.5,both_own,A_concede_t,5,0.0020491803278688526
E1_attenuatedxhonest_beta1.5,attenuated,honest,1.5,both_own,A_concede_t,6,0.0020491803278688526
E1_attenuatedxhonest_beta1.5,attenuated,honest,1.5,both_own,A_concede_t,7,0.0020491803278688526
E1_attenuatedxhonest_beta1.5,attenuated,honest,1.5,both_own,A_concede_t,8,0.00819672131147541
E1_attenuatedxhonest_beta1.5,attenuated,honest,1.5,both_own,A_concede_t,9,0.00819672131147541
E1_attenuatedxhonest_beta1.5,attenuated,honest,1.5,both_own,A_concede_t,10,0.010245901639344262
E1_attenuatedxhonest_beta1.5,attenuated,honest,1.5,both_own,A_concede_t,11,0.01639344262295082
E1_attenuatedxhonest_beta1.5,attenuated,honest,1.5,both_own,A_concede_t,12,0.018442622950819672
E1_attenuatedxhonest_beta1.5,attenuated,honest,1.5,both_own,B_concede_t,1,0.15778688524590165
E1_attenuatedxhonest_beta1.5,attenuated,honest,1.5,both_own,B_concede_t,2,0.18237704918032788
E1_attenuatedxhonest_beta1.5,attenuated,honest,1.5,both_own,B_concede_t,3,0.2336065573770492
E1_attenuatedxhonest_beta1.5,attenuated,honest,1.5,both_own,B_concede_t,4,0.24385245901639344
E1_attenuatedxhonest_beta1.5,attenuated,honest,1.5,both_own,B_concede_t,5,0.2520491803278688
E1_attenuatedxhonest_beta1.5,attenuated,honest,1.5,both_own,B_concede_t,6,0.27459016393442626
E1_attenuatedxhonest_beta1.5,attenuated,honest,1.5,both_own,B_concede_t,7,0.27459016393442626
E1_attenuatedxhonest_beta1.5,attenuated,honest,1.5,both_own,B_concede_t,8,0.25614754098360654
E1_attenuatedxhonest_beta1.5,attenuated,honest,1.5,both_own,B_concede_t,9,0.2459016393442623
E1_attenuatedxhonest_beta1.5,attenuated,honest,1.5,both_own,B_concede_t,10,0.2807377049180328
E1_attenuatedxhonest_beta1.5,attenuated,honest,1.5,both_own,B_concede_t,11,0.26844262295081966
E1_attenuatedxhonest_beta1.5,attenuated,honest,1.5,both_own,B_concede_t,12,0.3114754098360656
E1_attenuatedxhonest_beta1.5,attenuated,honest,1.5,both_own,U_t,0,1.0
E1_attenuatedxhonest_beta1.5,attenuated,honest,1.5,both_own,U_t,1,0.8381147540983607
E1_attenuatedxhonest_beta1.5,attenuated,honest,1.5,both_own,U_t,2,0.7520491803278688
E1_attenuatedxhonest_beta1.5,attenuated,honest,1.5,both_own,U_t,3,0.6782786885245902
E1_attenuatedxhonest_beta1.5,attenuated,honest,1.5,both_own,U_t,4,0.6454918032786885
E1_attenuatedxhonest_beta1.5,attenuated,honest,1.5,both_own,U_t,5,0.6168032786885246
E1_attenuatedxhonest_beta1.5,attenuated,honest,1.5,both_own,U_t,6,0.6209016393442623
E1_attenuatedxhonest_beta1.5,attenuated,honest,1.5,both_own,U_t,7,0.6147540983606558
E1_attenuatedxhonest_beta1.5,attenuated,honest,1.5,both_own,U_t,8,0.6004098360655737
E1_attenuatedxhonest_beta1.5,attenuated,honest,1.5,both_own,U_t,9,0.6147540983606558
E1_attenuatedxhonest_beta1.5,attenuated,honest,1.5,both_own,U_t,10,0.5983606557377049
E1_attenuatedxhonest_beta1.5,attenuated,honest,1.5,both_own,U_t,11,0.5737704918032787
E1_attenuatedxhonest_beta1.5,attenuated,honest,1.5,both_own,U_t,12,0.5819672131147541
E1_attenuatedxattenuated_beta1.5,attenuated,attenuated,1.5,all,A_p_truth_t,0,0.7861258782201477
E1_attenuatedxattenuated_beta1.5,attenuated,attenuated,1.5,all,A_p_truth_t,1,0.8077887002888134
E1_attenuatedxattenuated_beta1.5,attenuated,attenuated,1.5,all,A_p_truth_t,2,0.8098609394761409
E1_attenuatedxattenuated_beta1.5,attenuated,attenuated,1.5,all,A_p_truth_t,3,0.8107961065241135
E1_attenuatedxattenuated_beta1.5,attenuated,attenuated,1.5,all,A_p_truth_t,4,0.8115509557706985
E1_attenuatedxattenuated_beta1.5,attenuated,attenuated,1.5,all,A_p_truth_t,5,0.8123069310832028
E1_attenuatedxattenuated_beta1.5,attenuated,attenuated,1.5,all,A_p_truth_t,6,0.8127662684062041
E1_attenuatedxattenuated_beta1.5,attenuated,attenuated,1.5,all,A_p_truth_t,7,0.8130914834377218
E1_attenuatedxattenuated_beta1.5,attenuated,attenuated,1.5,all,A_p_truth_t,8,0.8132474672498079
E1_attenuatedxattenuated_beta1.5,attenuated,attenuated,1.5,all,A_p_truth_t,9,0.8132906643562893
E1_attenuatedxattenuated_beta1.5,attenuated,attenuated,1.5,all,A_p_truth_t,10,0.8131721235532031
E1_attenuatedxattenuated_beta1.5,attenuated,attenuated,1.5,all,A_p_truth_t,11,0.8131424028713152
E1_attenuatedxattenuated_beta1.5,attenuated,attenuated,1.5,all,A_p_truth_t,12,0.8131257141458804
E1_attenuatedxattenuated_beta1.5,attenuated,attenuated,1.5,all,B_p_truth_t,0,0.7856867681498896
E1_attenuatedxattenuated_beta1.5,attenuated,attenuated,1.5,all,B_p_truth_t,1,0.8069947048753968
E1_attenuatedxattenuated_beta1.5,attenuated,attenuated,1.5,all,B_p_truth_t,2,0.8091197626225795
E1_attenuatedxattenuated_beta1.5,attenuated,attenuated,1.5,all,B_p_truth_t,3,0.8104304574077129
E1_attenuatedxattenuated_beta1.5,attenuated,attenuated,1.5,all,B_p_truth_t,4,0.8112848057365396
E1_attenuatedxattenuated_beta1.5,attenuated,attenuated,1.5,all,B_p_truth_t,5,0.811875609476899
E1_attenuatedxattenuated_beta1.5,attenuated,attenuated,1.5,all,B_p_truth_t,6,0.8124275993062852
E1_attenuatedxattenuated_beta1.5,attenuated,attenuated,1.5,all,B_p_truth_t,7,0.8128951165881069
E1_attenuatedxattenuated_beta1.5,attenuated,attenuated,1.5,all,B_p_truth_t,8,0.8131710858933152
E1_attenuatedxattenuated_beta1.5,attenuated,attenuated,1.5,all,B_p_truth_t,9,0.8135508074719491
E1_attenuatedxattenuated_beta1.5,attenuated,attenuated,1.5,all,B_p_truth_t,10,0.8137943373308669
E1_attenuatedxattenuated_beta1.5,attenuated,attenuated,1.5,all,B_p_truth_t,11,0.8137945942785602
E1_attenuatedxattenuated_beta1.5,attenuated,attenuated,1.5,all,B_p_truth_t,12,0.8136571495517966
E1_attenuatedxattenuated_beta1.5,attenuated,attenuated,1.5,all,nonc_mutual_t,1,0.306
E1_attenuatedxattenuated_beta1.5,attenuated,attenuated,1.5,all,nonc_mutual_t,2,0.3015
E1_attenuatedxattenuated_beta1.5,attenuated,attenuated,1.5,all,nonc_mutual_t,3,0.2885
E1_attenuatedxattenuated_beta1.5,attenuated,attenuated,1.5,all,nonc_mutual_t,4,0.2875
E1_attenuatedxattenuated_beta1.5,attenuated,attenuated,1.5,all,nonc_mutual_t,5,0.289
E1_attenuatedxattenuated_beta1.5,attenuated,attenuated,1.5,all,nonc_mutual_t,6,0.292
E1_attenuatedxattenuated_beta1.5,attenuated,attenuated,1.5,all,nonc_mutual_t,7,0.2935
E1_attenuatedxattenuated_beta1.5,attenuated,attenuated,1.5,all,nonc_mutual_t,8,0.29
E1_attenuatedxattenuated_beta1.5,attenuated,attenuated,1.5,all,nonc_mutual_t,9,0.292
E1_attenuatedxattenuated_beta1.5,attenuated,attenuated,1.5,all,nonc_mutual_t,10,0.2835
E1_attenuatedxattenuated_beta1.5,attenuated,attenuated,1.5,all,nonc_mutual_t,11,0.279
E1_attenuatedxattenuated_beta1.5,attenuated,attenuated,1.5,all,nonc_mutual_t,12,0.2795
E1_attenuatedxattenuated_beta1.5,attenuated,attenuated,1.5,all,A_concede_t,1,0.356
E1_attenuatedxattenuated_beta1.5,attenuated,attenuated,1.5,all,A_concede_t,2,0.3635
E1_attenuatedxattenuated_beta1.5,attenuated,attenuated,1.5,all,A_concede_t,3,0.3715
E1_attenuatedxattenuated_beta1.5,attenuated,attenuated,1.5,all,A_concede_t,4,0.3735
E1_attenuatedxattenuated_beta1.5,attenuated,attenuated,1.5,all,A_concede_t,5,0.372
E1_attenuatedxattenuated_beta1.5,attenuated,attenuated,1.5,all,A_concede_t,6,0.3675
E1_attenuatedxattenuated_beta1.5,attenuated,attenuated,1.5,all,A_concede_t,7,0.365
E1_attenuatedxattenuated_beta1.5,attenuated,attenuated,1.5,all,A_concede_t,8,0.3645
E1_attenuatedxattenuated_beta1.5,attenuated,attenuated,1.5,all,A_concede_t,9,0.3695
E1_attenuatedxattenuated_beta1.5,attenuated,attenuated,1.5,all,A_concede_t,10,0.371
E1_attenuatedxattenuated_beta1.5,attenuated,attenuated,1.5,all,A_concede_t,11,0.374
E1_attenuatedxattenuated_beta1.5,attenuated,attenuated,1.5,all,A_concede_t,12,0.379
E1_attenuatedxattenuated_beta1.5,attenuated,attenuated,1.5,all,B_concede_t,1,0.362
E1_attenuatedxattenuated_beta1.5,attenuated,attenuated,1.5,all,B_concede_t,2,0.3595
E1_attenuatedxattenuated_beta1.5,attenuated,attenuated,1.5,all,B_concede_t,3,0.3625
E1_attenuatedxattenuated_beta1.5,attenuated,attenuated,1.5,all,B_concede_t,4,0.361
E1_attenuatedxattenuated_beta1.5,attenuated,attenuated,1.5,all,B_concede_t,5,0.3645
E1_attenuatedxattenuated_beta1.5,attenuated,attenuated,1.5,all,B_concede_t,6,0.358
E1_attenuatedxattenuated_beta1.5,attenuated,attenuated,1.5,all,B_concede_t,7,0.3585
E1_attenuatedxattenuated_beta1.5,attenuated,attenuated,1.5,all,B_concede_t,8,0.3605
E1_attenuatedxattenuated_beta1.5,attenuated,attenuated,1.5,all,B_concede_t,9,0.3525
E1_attenuatedxattenuated_beta1.5,attenuated,attenuated,1.5,all,B_concede_t,10,0.36
E1_attenuatedxattenuated_beta1.5,attenuated,attenuated,1.5,all,B_concede_t,11,0.361
E1_attenuatedxattenuated_beta1.5,attenuated,attenuated,1.5,all,B_concede_t,12,0.358
E1_attenuatedxattenuated_beta1.5,attenuated,attenuated,1.5,all,U_t,0,1.0
E1_attenuatedxattenuated_beta1.5,attenuated,attenuated,1.5,all,U_t,1,0.33
E1_attenuatedxattenuated_beta1.5,attenuated,attenuated,1.5,all,U_t,2,0.281
E1_attenuatedxattenuated_beta1.5,attenuated,attenuated,1.5,all,U_t,3,0.276
E1_attenuatedxattenuated_beta1.5,attenuated,attenuated,1.5,all,U_t,4,0.2775
E1_attenuatedxattenuated_beta1.5,attenuated,attenuated,1.5,all,U_t,5,0.2725
E1_attenuatedxattenuated_beta1.5,attenuated,attenuated,1.5,all,U_t,6,0.2735
E1_attenuatedxattenuated_beta1.5,attenuated,attenuated,1.5,all,U_t,7,0.272
E1_attenuatedxattenuated_beta1.5,attenuated,attenuated,1.5,all,U_t,8,0.2685
E1_attenuatedxattenuated_beta1.5,attenuated,attenuated,1.5,all,U_t,9,0.2665
E1_attenuatedxattenuated_beta1.5,attenuated,attenuated,1.5,all,U_t,10,0.269
E1_attenuatedxattenuated_beta1.5,attenuated,attenuated,1.5,all,U_t,11,0.2605
E1_attenuatedxattenuated_beta1.5,attenuated,attenuated,1.5,all,U_t,12,0.26
E1_attenuatedxattenuated_beta1.5,attenuated,attenuated,1.5,both_own,A_p_truth_t,0,0.5785119207586285
E1_attenuatedxattenuated_beta1.5,attenuated,attenuated,1.5,both_own,A_p_truth_t,1,0.5922783493664195
E1_attenuatedxattenuated_beta1.5,attenuated,attenuated,1.5,both_own,A_p_truth_t,2,0.595818766090153
E1_attenuatedxattenuated_beta1.5,attenuated,attenuated,1.5,both_own,A_p_truth_t,3,0.5988722200380573
E1_attenuatedxattenuated_beta1.5,attenuated,attenuated,1.5,both_own,A_p_truth_t,4,0.6017981723776384
E1_attenuatedxattenuated_beta1.5,attenuated,attenuated,1.5,both_own,A_p_truth_t,5,0.6046306131931982
E1_attenuatedxattenuated_beta1.5,attenuated,attenuated,1.5,both_own,A_p_truth_t,6,0.606495654787983
E1_attenuatedxattenuated_beta1.5,attenuated,attenuated,1.5,both_own,A_p_truth_t,7,0.6078448599116448
E1_attenuatedxattenuated_beta1.5,attenuated,attenuated,1.5,both_own,A_p_truth_t,8,0.6085511842056734
E1_attenuatedxattenuated_beta1.5,attenuated,attenuated,1.5,both_own,A_p_truth_t,9,0.6087139210159132
E1_attenuatedxattenuated_beta1.5,attenuated,attenuated,1.5,both_own,A_p_truth_t,10,0.6084451032318483
E1_attenuatedxattenuated_beta1.5,attenuated,attenuated,1.5,both_own,A_p_truth_t,11,0.6081972917196997
E1_attenuatedxattenuated_beta1.5,attenuated,attenuated,1.5,both_own,A_p_truth_t,12,0.6082101221481415
E1_attenuatedxattenuated_beta1.5,attenuated,attenuated,1.5,both_own,B_p_truth_t,0,0.5569499366529735
E1_attenuatedxattenuated_beta1.5,attenuated,attenuated,1.5,both_own,B_p_truth_t,1,0.5715572709073314
E1_attenuatedxattenuated_beta1.5,attenuated,attenuated,1.5,both_own,B_p_truth_t,2,0.5750052568108177
E1_attenuatedxattenuated_beta1.5,attenuated,attenuated,1.5,both_own,B_p_truth_t,3,0.5792760283639583
E1_attenuatedxattenuated_beta1.5,attenuated,attenuated,1.5,both_own,B_p_truth_t,4,0.5825835402520119
E1_attenuatedxattenuated_beta1.5,attenuated,attenuated,1.5,both_own,B_p_truth_t,5,0.5849311233524186
E1_attenuatedxattenuated_beta1.5,attenuated,attenuated,1.5,both_own,B_p_truth_t,6,0.5873072613728445
E1_attenuatedxattenuated_beta1.5,attenuated,attenuated,1.5,both_own,B_p_truth_t,7,0.5889255007351133
E1_attenuatedxattenuated_beta1.5,attenuated,attenuated,1.5,both_own,B_p_truth_t,8,0.5901501698952478
E1_attenuatedxattenuated_beta1.5,attenuated,attenuated,1.5,both_own,B_p_truth_t,9,0.5918047127259598
E1_attenuatedxattenuated_beta1.5,attenuated,attenuated,1.5,both_own,B_p_truth_t,10,0.592693690560473
E1_attenuatedxattenuated_beta1.5,attenuated,attenuated,1.5,both_own,B_p_truth_t,11,0.5928845916182607
E1_attenuatedxattenuated_beta1.5,attenuated,attenuated,1.5,both_own,B_p_truth_t,12,0.5925972648279458
E1_attenuatedxattenuated_beta1.5,attenuated,attenuated,1.5,both_own,nonc_mutual_t,1,0.985655737704918
E1_attenuatedxattenuated_beta1.5,attenuated,attenuated,1.5,both_own,nonc_mutual_t,2,1.0
E1_attenuatedxattenuated_beta1.5,attenuated,attenuated,1.5,both_own,nonc_mutual_t,3,0.9918032786885246
E1_attenuatedxattenuated_beta1.5,attenuated,attenuated,1.5,both_own,nonc_mutual_t,4,0.9979508196721312
E1_attenuatedxattenuated_beta1.5,attenuated,attenuated,1.5,both_own,nonc_mutual_t,5,0.9815573770491803
E1_attenuatedxattenuated_beta1.5,attenuated,attenuated,1.5,both_own,nonc_mutual_t,6,0.9938524590163934
E1_attenuatedxattenuated_beta1.5,attenuated,attenuated,1.5,both_own,nonc_mutual_t,7,0.9877049180327869
E1_attenuatedxattenuated_beta1.5,attenuated,attenuated,1.5,both_own,nonc_mutual_t,8,0.9815573770491803
E1_attenuatedxattenuated_beta1.5,attenuated,attenuated,1.5,both_own,nonc_mutual_t,9,0.9836065573770492
E1_attenuatedxattenuated_beta1.5,attenuated,attenuated,1.5,both_own,nonc_mutual_t,10,0.9754098360655737
E1_attenuatedxattenuated_beta1.5,attenuated,attenuated,1.5,both_own,nonc_mutual_t,11,0.9631147540983607
E1_attenuatedxattenuated_beta1.5,attenuated,attenuated,1.5,both_own,nonc_mutual_t,12,0.9651639344262295
E1_attenuatedxattenuated_beta1.5,attenuated,attenuated,1.5,both_own,A_concede_t,1,0.004098360655737705
E1_attenuatedxattenuated_beta1.5,attenuated,attenuated,1.5,both_own,A_concede_t,2,0.0
E1_attenuatedxattenuated_beta1.5,attenuated,attenuated,1.5,both_own,A_concede_t,3,0.006147540983606557
E1_attenuatedxattenuated_beta1.5,attenuated,attenuated,1.5,both_own,A_concede_t,4,0.0
E1_attenuatedxattenuated_beta1.5,attenuated,attenuated,1.5,both_own,A_concede_t,5,0.006147540983606557
E1_attenuatedxattenuated_beta1.5,attenuated,attenuated,1.5,both_own,A_concede_t,6,0.0020491803278688526
E1_attenuatedxattenuated_beta1.5,attenuated,attenuated,1.5,both_own,A_concede_t,7,0.004098360655737705
E1_attenuatedxattenuated_beta1.5,attenuated,attenuated,1.5,both_own,A_concede_t,8,0.010245901639344262
E1_attenuatedxattenuated_beta1.5,attenuated,attenuated,1.5,both_own,A_concede_t,9,0.010245901639344262
E1_attenuatedxattenuated_beta1.5,attenuated,attenuated,1.5,both_own,A_concede_t,10,0.012295081967213115
E1_attenuatedxattenuated_beta1.5,attenuated,attenuated,1.5,both_own,A_concede_t,11,0.020491803278688523
E1_attenuatedxattenuated_beta1.5,attenuated,attenuated,1.5,both_own,A_concede_t,12,0.022540983606557378
E1_attenuatedxattenuated_beta1.5,attenuated,attenuated,1.5,both_own,B_concede_t,1,0.010245901639344262
E1_attenuatedxattenuated_beta1.5,attenuated,attenuated,1.5,both_own,B_concede_t,2,0.0
E1_attenuatedxattenuated_beta1.5,attenuated,attenuated,1.5,both_own,B_concede_t,3,0.0020491803278688526
E1_attenuatedxattenuated_beta1.5,attenuated,attenuated,1.5,both_own,B_concede_t,4,0.0020491803278688526
E1_attenuatedxattenuated_beta1.5,attenuated,attenuated,1.5,both_own,B_concede_t,5,0.012295081967213115
E1_attenuatedxattenuated_beta1.5,attenuated,attenuated,1.5,both_own,B_concede_t,6,0.004098360655737705
E1_attenuatedxattenuated_beta1.5,attenuated,attenuated,1.5,both_own,B_concede_t,7,0.00819672131147541
E1_attenuatedxattenuated_beta1.5,attenuated,attenuated,1.5,both_own,B_concede_t,8,0.00819672131147541
E1_attenuatedxattenuated_beta1.5,attenuated,attenuated,1.5,both_own,B_concede_t,9,0.006147540983606557
E1_attenuatedxattenuated_beta1.5,attenuated,attenuated,1.5,both_own,B_concede_t,10,0.012295081967213115
E1_attenuatedxattenuated_beta1.5,attenuated,attenuated,1.5,both_own,B_concede_t,11,0.01639344262295082
E1_attenuatedxattenuated_beta1.5,attenuated,attenuated,1.5,both_own,B_concede_t,12,0.012295081967213115
E1_attenuatedxattenuated_beta1.5,attenuated,attenuated,1.5,both_own,U_t,0,1.0
E1_attenuatedxattenuated_beta1.5,attenuated,attenuated,1.5,both_own,U_t,1,0.985655737704918
E1_attenuatedxattenuated_beta1.5,attenuated,attenuated,1.5,both_own,U_t,2,0.9959016393442623
E1_attenuatedxattenuated_beta1.5,attenuated,attenuated,1.5,both_own,U_t,3,0.9918032786885246
E1_attenuatedxattenuated_beta1.5,attenuated,attenuated,1.5,both_own,U_t,4,0.9979508196721312
E1_attenuatedxattenuated_beta1.5,attenuated,attenuated,1.5,both_own,U_t,5,0.9795081967213115
E1_attenuatedxattenuated_beta1.5,attenuated,attenuated,1.5,both_own,U_t,6,0.9877049180327869
E1_attenuatedxattenuated_beta1.5,attenuated,attenuated,1.5,both_own,U_t,7,0.9836065573770492
E1_attenuatedxattenuated_beta1.5,attenuated,attenuated,1.5,both_own,U_t,8,0.9795081967213115
E1_attenuatedxattenuated_beta1.5,attenuated,attenuated,1.5,both_own,U_t,9,0.9733606557377049
E1_attenuatedxattenuated_beta1.5,attenuated,attenuated,1.5,both_own,U_t,10,0.9692622950819673
E1_attenuatedxattenuated_beta1.5,attenuated,attenuated,1.5,both_own,U_t,11,0.9487704918032787
E1_attenuatedxattenuated_beta1.5,attenuated,attenuated,1.5,both_own,U_t,12,0.9487704918032787
E1_attenuatedxcostly_beta1.5,attenuated,costly,1.5,all,A_p_truth_t,0,0.7861258782201477
E1_attenuatedxcostly_beta1.5,attenuated,costly,1.5,all,A_p_truth_t,1,0.8042651174039603
E1_attenuatedxcostly_beta1.5,attenuated,costly,1.5,all,A_p_truth_t,2,0.8079308778915675
E1_attenuatedxcostly_beta1.5,attenuated,costly,1.5,all,A_p_truth_t,3,0.8094637796574619
E1_attenuatedxcostly_beta1.5,attenuated,costly,1.5,all,A_p_truth_t,4,0.8102774951239673
E1_attenuatedxcostly_beta1.5,attenuated,costly,1.5,all,A_p_truth_t,5,0.810801494409051
E1_attenuatedxcostly_beta1.5,attenuated,costly,1.5,all,A_p_truth_t,6,0.811272184602428
E1_attenuatedxcostly_beta1.5,attenuated,costly,1.5,all,A_p_truth_t,7,0.8116315865160091
E1_attenuatedxcostly_beta1.5,attenuated,costly,1.5,all,A_p_truth_t,8,0.8118359153506217
E1_attenuatedxcostly_beta1.5,attenuated,costly,1.5,all,A_p_truth_t,9,0.8120340096742396
E1_attenuatedxcostly_beta1.5,attenuated,costly,1.5,all,A_p_truth_t,10,0.8122992188106882
E1_attenuatedxcostly_beta1.5,attenuated,costly,1.5,all,A_p_truth_t,11,0.8123849311170563
E1_attenuatedxcostly_beta1.5,attenuated,costly,1.5,all,A_p_truth_t,12,0.812491376296193
E1_attenuatedxcostly_beta1.5,attenuated,costly,1.5,all,B_p_truth_t,0,0.7856867681498896
E1_attenuatedxcostly_beta1.5,attenuated,costly,1.5,all,B_p_truth_t,1,0.8554840801344403
E1_attenuatedxcostly_beta1.5,attenuated,costly,1.5,all,B_p_truth_t,2,0.8658024076188685
E1_attenuatedxcostly_beta1.5,attenuated,costly,1.5,all,B_p_truth_t,3,0.8688866467505378
E1_attenuatedxcostly_beta1.5,attenuated,costly,1.5,all,B_p_truth_t,4,0.871709445385526
E1_attenuatedxcostly_beta1.5,attenuated,costly,1.5,all,B_p_truth_t,5,0.8739475080055155
E1_attenuatedxcostly_beta1.5,attenuated,costly,1.5,all,B_p_truth_t,6,0.8759670777744221
E1_attenuatedxcostly_beta1.5,attenuated,costly,1.5,all,B_p_truth_t,7,0.8772130126670653
E1_attenuatedxcostly_beta1.5,attenuated,costly,1.5,all,B_p_truth_t,8,0.87839079571168
E1_attenuatedxcostly_beta1.5,attenuated,costly,1.5,all,B_p_truth_t,9,0.8805026263175398
E1_attenuatedxcostly_beta1.5,attenuated,costly,1.5,all,B_p_truth_t,10,0.8805068418221407
E1_attenuatedxcostly_beta1.5,attenuated,costly,1.5,all,B_p_truth_t,11,0.8809085694125672
E1_attenuatedxcostly_beta1.5,attenuated,costly,1.5,all,B_p_truth_t,12,0.8794143859638249
E1_attenuatedxcostly_beta1.5,attenuated,costly,1.5,all,nonc_mutual_t,1,0.631
E1_attenuatedxcostly_beta1.5,attenuated,costly,1.5,all,nonc_mutual_t,2,0.624
E1_attenuatedxcostly_beta1.5,attenuated,costly,1.5,all,nonc_mutual_t,3,0.617
E1_attenuatedxcostly_beta1.5,attenuated,costly,1.5,all,nonc_mutual_t,4,0.614
E1_attenuatedxcostly_beta1.5,attenuated,costly,1.5,all,nonc_mutual_t,5,0.6155
E1_attenuatedxcostly_beta1.5,attenuated,costly,1.5,all,nonc_mutual_t,6,0.6185
E1_attenuatedxcostly_beta1.5,attenuated,costly,1.5,all,nonc_mutual_t,7,0.62
E1_attenuatedxcostly_beta1.5,attenuated,costly,1.5,all,nonc_mutual_t,8,0.6205
E1_attenuatedxcostly_beta1.5,attenuated,costly,1.5,all,nonc_mutual_t,9,0.6145
E1_attenuatedxcostly_beta1.5,attenuated,costly,1.5,all,nonc_mutual_t,10,0.612
E1_attenuatedxcostly_beta1.5,attenuated,costly,1.5,all,nonc_mutual_t,11,0.6095
E1_attenuatedxcostly_beta1.5,attenuated,costly,1.5,all,nonc_mutual_t,12,0.6035
E1_attenuatedxcostly_beta1.5,attenuated,costly,1.5,all,A_concede_t,1,0.356
E1_attenuatedxcostly_beta1.5,attenuated,costly,1.5,all,A_concede_t,2,0.365
E1_attenuatedxcostly_beta1.5,attenuated,costly,1.5,all,A_concede_t,3,0.374
E1_attenuatedxcostly_beta1.5,attenuated,costly,1.5,all,A_concede_t,4,0.375
E1_attenuatedxcostly_beta1.5,attenuated,costly,1.5,all,A_concede_t,5,0.3735
E1_attenuatedxcostly_beta1.5,attenuated,costly,1.5,all,A_concede_t,6,0.3735
E1_attenuatedxcostly_beta1.5,attenuated,costly,1.5,all,A_concede_t,7,0.3695
E1_attenuatedxcostly_beta1.5,attenuated,costly,1.5,all,A_concede_t,8,0.371
E1_attenuatedxcostly_beta1.5,attenuated,costly,1.5,all,A_concede_t,9,0.3755
E1_attenuatedxcostly_beta1.5,attenuated,costly,1.5,all,A_concede_t,10,0.378
E1_attenuatedxcostly_beta1.5,attenuated,costly,1.5,all,A_concede_t,11,0.378
E1_attenuatedxcostly_beta1.5,attenuated,costly,1.5,all,A_concede_t,12,0.381
E1_attenuatedxcostly_beta1.5,attenuated,costly,1.5,all,B_concede_t,1,0.013
E1_attenuatedxcostly_beta1.5,attenuated,costly,1.5,all,B_concede_t,2,0.011
E1_attenuatedxcostly_beta1.5,attenuated,costly,1.5,all,B_concede_t,3,0.009
E1_attenuatedxcostly_beta1.5,attenuated,costly,1.5,all,B_concede_t,4,0.011
E1_attenuatedxcostly_beta1.5,attenuated,costly,1.5,all,B_concede_t,5,0.011
E1_attenuatedxcostly_beta1.5,attenuated,costly,1.5,all,B_concede_t,6,0.008
E1_attenuatedxcostly_beta1.5,attenuated,costly,1.5,all,B_concede_t,7,0.0105
E1_attenuatedxcostly_beta1.5,attenuated,costly,1.5,all,B_concede_t,8,0.0085
E1_attenuatedxcostly_beta1.5,attenuated,costly,1.5,all,B_concede_t,9,0.01
E1_attenuatedxcostly_beta1.5,attenuated,costly,1.5,all,B_concede_t,10,0.01
E1_attenuatedxcostly_beta1.5,attenuated,costly,1.5,all,B_concede_t,11,0.0125
E1_attenuatedxcostly_beta1.5,attenuated,costly,1.5,all,B_concede_t,12,0.0155
E1_attenuatedxcostly_beta1.5,attenuated,costly,1.5,all,U_t,0,1.0
E1_attenuatedxcostly_beta1.5,attenuated,costly,1.5,all,U_t,1,0.631
E1_attenuatedxcostly_beta1.5,attenuated,costly,1.5,all,U_t,2,0.5835
E1_attenuatedxcostly_beta1.5,attenuated,costly,1.5,all,U_t,3,0.571
E1_attenuatedxcostly_beta1.5,attenuated,costly,1.5,all,U_t,4,0.5635
E1_attenuatedxcostly_beta1.5,attenuated,costly,1.5,all,U_t,5,0.5515
E1_attenuatedxcostly_beta1.5,attenuated,costly,1.5,all,U_t,6,0.544
E1_attenuatedxcostly_beta1.5,attenuated,costly,1.5,all,U_t,7,0.54
E1_attenuatedxcostly_beta1.5,attenuated,costly,1.5,all,U_t,8,0.532
E1_attenuatedxcostly_beta1.5,attenuated,costly,1.5,all,U_t,9,0.5265
E1_attenuatedxcostly_beta1.5,attenuated,costly,1.5,all,U_t,10,0.519
E1_attenuatedxcostly_beta1.5,attenuated,costly,1.5,all,U_t,11,0.504
E1_attenuatedxcostly_beta1.5,attenuated,costly,1.5,all,U_t,12,0.4965
E1_attenuatedxcostly_beta1.5,attenuated,costly,1.5,both_own,A_p_truth_t,0,0.5785119207586285
E1_attenuatedxcostly_beta1.5,attenuated,costly,1.5,both_own,A_p_truth_t,1,0.5956516278055922
E1_attenuatedxcostly_beta1.5,attenuated,costly,1.5,both_own,A_p_truth_t,2,0.6006990249959617
E1_attenuatedxcostly_beta1.5,attenuated,costly,1.5,both_own,A_p_truth_t,3,0.6045400332918522
E1_attenuatedxcostly_beta1.5,attenuated,costly,1.5,both_own,A_p_truth_t,4,0.6068124813399702
E1_attenuatedxcostly_beta1.5,attenuated,costly,1.5,both_own,A_p_truth_t,5,0.6083972284023436
E1_attenuatedxcostly_beta1.5,attenuated,costly,1.5,both_own,A_p_truth_t,6,0.6098191008637743
E1_attenuatedxcostly_beta1.5,attenuated,costly,1.5,both_own,A_p_truth_t,7,0.61089227518003
E1_attenuatedxcostly_beta1.5,attenuated,costly,1.5,both_own,A_p_truth_t,8,0.6111897078761447
E1_attenuatedxcostly_beta1.5,attenuated,costly,1.5,both_own,A_p_truth_t,9,0.6118093808225914
E1_attenuatedxcostly_beta1.5,attenuated,costly,1.5,both_own,A_p_truth_t,10,0.6126561607715685
E1_attenuatedxcostly_beta1.5,attenuated,costly,1.5,both_own,A_p_truth_t,11,0.612783629518247
E1_attenuatedxcostly_beta1.5,attenuated,costly,1.5,both_own,A_p_truth_t,12,0.6129142894763746
E1_attenuatedxcostly_beta1.5,attenuated,costly,1.5,both_own,B_p_truth_t,0,0.5569499366529735
E1_attenuatedxcostly_beta1.5,attenuated,costly,1.5,both_own,B_p_truth_t,1,0.6386605703297215
E1_attenuatedxcostly_beta1.5,attenuated,costly,1.5,both_own,B_p_truth_t,2,0.6514208226180414
E1_attenuatedxcostly_beta1.5,attenuated,costly,1.5,both_own,B_p_truth_t,3,0.6595576914407512
E1_attenuatedxcostly_beta1.5,attenuated,costly,1.5,both_own,B_p_truth_t,4,0.6679419429020852
E1_attenuatedxcostly_beta1.5,attenuated,costly,1.5,both_own,B_p_truth_t,5,0.6752609782531167
E1_attenuatedxcostly_beta1.5,attenuated,costly,1.5,both_own,B_p_truth_t,6,0.6817810229552537
E1_attenuatedxcostly_beta1.5,attenuated,costly,1.5,both_own,B_p_truth_t,7,0.6865332885318228
E1_attenuatedxcostly_beta1.5,attenuated,costly,1.5,both_own,B_p_truth_t,8,0.6892834661271671
E1_attenuatedxcostly_beta1.5,attenuated,costly,1.5,both_own,B_p_truth_t,9,0.6959362921679689
E1_attenuatedxcostly_beta1.5,attenuated,costly,1.5,both_own,B_p_truth_t,10,0.6953029139201852
E1_attenuatedxcostly_beta1.5,attenuated,costly,1.5,both_own,B_p_truth_t,11,0.6979298782997027
E1_attenuatedxcostly_beta1.5,attenuated,costly,1.5,both_own,B_p_truth_t,12,0.6939680807553279
E1_attenuatedxcostly_beta1.5,attenuated,costly,1.5,both_own,nonc_mutual_t,1,0.9959016393442623
E1_attenuatedxcostly_beta1.5,attenuated,costly,1.5,both_own,nonc_mutual_t,2,1.0
E1_attenuatedxcostly_beta1.5,attenuated,costly,1.5,both_own,nonc_mutual_t,3,0.9959016393442623
E1_attenuatedxcostly_beta1.5,attenuated,costly,1.5,both_own,nonc_mutual_t,4,1.0
E1_attenuatedxcostly_beta1.5,attenuated,costly,1.5,both_own,nonc_mutual_t,5,0.9959016393442623
E1_attenuatedxcostly_beta1.5,attenuated,costly,1.5,both_own,nonc_mutual_t,6,0.9959016393442623
E1_attenuatedxcostly_beta1.5,attenuated,costly,1.5,both_own,nonc_mutual_t,7,0.9959016393442623
E1_attenuatedxcostly_beta1.5,attenuated,costly,1.5,both_own,nonc_mutual_t,8,0.9897540983606558
E1_attenuatedxcostly_beta1.5,attenuated,costly,1.5,both_own,nonc_mutual_t,9,0.9877049180327869
E1_attenuatedxcostly_beta1.5,attenuated,costly,1.5,both_own,nonc_mutual_t,10,0.9877049180327869
E1_attenuatedxcostly_beta1.5,attenuated,costly,1.5,both_own,nonc_mutual_t,11,0.9815573770491803
E1_attenuatedxcostly_beta1.5,attenuated,costly,1.5,both_own,nonc_mutual_t,12,0.9754098360655737
E1_attenuatedxcostly_beta1.5,attenuated,costly,1.5,both_own,A_concede_t,1,0.004098360655737705
E1_attenuatedxcostly_beta1.5,attenuated,costly,1.5,both_own,A_concede_t,2,0.0
E1_attenuatedxcostly_beta1.5,attenuated,costly,1.5,both_own,A_concede_t,3,0.004098360655737705
E1_attenuatedxcostly_beta1.5,attenuated,costly,1.5,both_own,A_concede_t,4,0.0
E1_attenuatedxcostly_beta1.5,attenuated,costly,1.5,both_own,A_concede_t,5,0.004098360655737705
E1_attenuatedxcostly_beta1.5,attenuated,costly,1.5,both_own,A_concede_t,6,0.0
E1_attenuatedxcostly_beta1.5,attenuated,costly,1.5,both_own,A_concede_t,7,0.0020491803278688526
E1_attenuatedxcostly_beta1.5,attenuated,costly,1.5,both_own,A_concede_t,8,0.00819672131147541
E1_attenuatedxcostly_beta1.5,attenuated,costly,1.5,both_own,A_concede_t,9,0.010245901639344262
E1_attenuatedxcostly_beta1.5,attenuated,costly,1.5,both_own,A_concede_t,10,0.012295081967213115
E1_attenuatedxcostly_beta1.5,attenuated,costly,1.5,both_own,A_concede_t,11,0.01639344262295082
E1_attenuatedxcostly_beta1.5,attenuated,costly,1.5,both_own,A_concede_t,12,0.018442622950819672
E1_attenuatedxcostly_beta1.5,attenuated,costly,1.5,both_own,B_concede_t,1,0.0
E1_attenuatedxcostly_beta1.5,attenuated,costly,1.5,both_own,B_concede_t,2,0.0
E1_attenuatedxcostly_beta1.5,attenuated,costly,1.5,both_own,B_concede_t,3,0.0
E1_attenuatedxcostly_beta1.5,attenuated,costly,1.5,both_own,B_concede_t,4,0.0
E1_attenuatedxcostly_beta1.5,attenuated,costly,1.5,both_own,B_concede_t,5,0.0
E1_attenuatedxcostly_beta1.5,attenuated,costly,1.5,both_own,B_concede_t,6,0.004098360655737705
E1_attenuatedxcostly_beta1.5,attenuated,costly,1.5,both_own,B_concede_t,7,0.0020491803278688526
E1_attenuatedxcostly_beta1.5,attenuated,costly,1.5,both_own,B_concede_t,8,0.0020491803278688526
E1_attenuatedxcostly_beta1.5,attenuated,costly,1.5,both_own,B_concede_t,9,0.0020491803278688526
E1_attenuatedxcostly_beta1.5,attenuated,costly,1.5,both_own,B_concede_t,10,0.0
E1_attenuatedxcostly_beta1.5,attenuated,costly,1.5,both_own,B_concede_t,11,0.0020491803278688526
E1_attenuatedxcostly_beta1.5,attenuated,costly,1.5,both_own,B_concede_t,12,0.006147540983606557
E1_attenuatedxcostly_beta1.5,attenuated,costly,1.5,both_own,U_t,0,1.0
E1_attenuatedxcostly_beta1.5,attenuated,costly,1.5,both_own,U_t,1,0.9959016393442623
E1_attenuatedxcostly_beta1.5,attenuated,costly,1.5,both_own,U_t,2,0.9979508196721312
E1_attenuatedxcostly_beta1.5,attenuated,costly,1.5,both_own,U_t,3,0.9959016393442623
E1_attenuatedxcostly_beta1.5,attenuated,costly,1.5,both_own,U_t,4,1.0
E1_attenuatedxcostly_beta1.5,attenuated,costly,1.5,both_own,U_t,5,0.9959016393442623
E1_attenuatedxcostly_beta1.5,attenuated,costly,1.5,both_own,U_t,6,0.9918032786885246
E1_attenuatedxcostly_beta1.5,attenuated,costly,1.5,both_own,U_t,7,0.9918032786885246
E1_attenuatedxcostly_beta1.5,attenuated,costly,1.5,both_own,U_t,8,0.9836065573770492
E1_attenuatedxcostly_beta1.5,attenuated,costly,1.5,both_own,U_t,9,0.9754098360655737
E1_attenuatedxcostly_beta1.5,attenuated,costly,1.5,both_own,U_t,10,0.9754098360655737
E1_attenuatedxcostly_beta1.5,attenuated,costly,1.5,both_own,U_t,11,0.9610655737704918
E1_attenuatedxcostly_beta1.5,attenuated,costly,1.5,both_own,U_t,12,0.9610655737704918
E1_attenuatedxmixed_beta1.5,attenuated,mixed,1.5,all,A_p_truth_t,0,0.7861258782201477
E1_attenuatedxmixed_beta1.5,attenuated,mixed,1.5,all,A_p_truth_t,1,0.8050770607647194
E1_attenuatedxmixed_beta1.5,attenuated,mixed,1.5,all,A_p_truth_t,2,0.808405083394652
E1_attenuatedxmixed_beta1.5,attenuated,mixed,1.5,all,A_p_truth_t,3,0.8098495175343746
E1_attenuatedxmixed_beta1.5,attenuated,mixed,1.5,all,A_p_truth_t,4,0.8106846494373336
E1_attenuatedxmixed_beta1.5,attenuated,mixed,1.5,all,A_p_truth_t,5,0.8115204091002456
E1_attenuatedxmixed_beta1.5,attenuated,mixed,1.5,all,A_p_truth_t,6,0.8122653673242421
E1_attenuatedxmixed_beta1.5,attenuated,mixed,1.5,all,A_p_truth_t,7,0.8127686868480816
E1_attenuatedxmixed_beta1.5,attenuated,mixed,1.5,all,A_p_truth_t,8,0.8131286762500749
E1_attenuatedxmixed_beta1.5,attenuated,mixed,1.5,all,A_p_truth_t,9,0.81341460136957
E1_attenuatedxmixed_beta1.5,attenuated,mixed,1.5,all,A_p_truth_t,10,0.8137303323574313
E1_attenuatedxmixed_beta1.5,attenuated,mixed,1.5,all,A_p_truth_t,11,0.8136965205000318
E1_attenuatedxmixed_beta1.5,attenuated,mixed,1.5,all,A_p_truth_t,12,0.8138310136566206
E1_attenuatedxmixed_beta1.5,attenuated,mixed,1.5,all,B_p_truth_t,0,0.7856867681498896
E1_attenuatedxmixed_beta1.5,attenuated,mixed,1.5,all,B_p_truth_t,1,0.8371213156158666
E1_attenuatedxmixed_beta1.5,attenuated,mixed,1.5,all,B_p_truth_t,2,0.8441151645207567
E1_attenuatedxmixed_beta1.5,attenuated,mixed,1.5,all,B_p_truth_t,3,0.8475173356604402
E1_attenuatedxmixed_beta1.5,attenuated,mixed,1.5,all,B_p_truth_t,4,0.850402883881631
E1_attenuatedxmixed_beta1.5,attenuated,mixed,1.5,all,B_p_truth_t,5,0.8522642460008241
E1_attenuatedxmixed_beta1.5,attenuated,mixed,1.5,all,B_p_truth_t,6,0.8539389025082667
E1_attenuatedxmixed_beta1.5,attenuated,mixed,1.5,all,B_p_truth_t,7,0.8549844836268148
E1_attenuatedxmixed_beta1.5,attenuated,mixed,1.5,all,B_p_truth_t,8,0.8557520054182256
E1_attenuatedxmixed_beta1.5,attenuated,mixed,1.5,all,B_p_truth_t,9,0.8576124833438411
E1_attenuatedxmixed_beta1.5,attenuated,mixed,1.5,all,B_p_truth_t,10,0.858091682271257
E1_attenuatedxmixed_beta1.5,attenuated,mixed,1.5,all,B_p_truth_t,11,0.858414196705828
E1_attenuatedxmixed_beta1.5,attenuated,mixed,1.5,all,B_p_truth_t,12,0.8575342779701683
E1_attenuatedxmixed_beta1.5,attenuated,mixed,1.5,all,nonc_mutual_t,1,0.5025
E1_attenuatedxmixed_beta1.5,attenuated,mixed,1.5,all,nonc_mutual_t,2,0.5
E1_attenuatedxmixed_beta1.5,attenuated,mixed,1.5,all,nonc_mutual_t,3,0.4805
E1_attenuatedxmixed_beta1.5,attenuated,mixed,1.5,all,nonc_mutual_t,4,0.4765
E1_attenuatedxmixed_beta1.5,attenuated,mixed,1.5,all,nonc_mutual_t,5,0.4915
E1_attenuatedxmixed_beta1.5,attenuated,mixed,1.5,all,nonc_mutual_t,6,0.481
E1_attenuatedxmixed_beta1.5,attenuated,mixed,1.5,all,nonc_mutual_t,7,0.4735
E1_attenuatedxmixed_beta1.5,attenuated,mixed,1.5,all,nonc_mutual_t,8,0.4815
E1_attenuatedxmixed_beta1.5,attenuated,mixed,1.5,all,nonc_mutual_t,9,0.4735
E1_attenuatedxmixed_beta1.5,attenuated,mixed,1.5,all,nonc_mutual_t,10,0.472
E1_attenuatedxmixed_beta1.5,attenuated,mixed,1.5,all,nonc_mutual_t,11,0.4715
E1_attenuatedxmixed_beta1.5,attenuated,mixed,1.5,all,nonc_mutual_t,12,0.47
E1_attenuatedxmixed_beta1.5,attenuated,mixed,1.5,all,A_concede_t,1,0.356
E1_attenuatedxmixed_beta1.5,attenuated,mixed,1.5,all,A_concede_t,2,0.3645
E1_attenuatedxmixed_beta1.5,attenuated,mixed,1.5,all,A_concede_t,3,0.373
E1_attenuatedxmixed_beta1.5,attenuated,mixed,1.5,all,A_concede_t,4,0.375
E1_attenuatedxmixed_beta1.5,attenuated,mixed,1.5,all,A_concede_t,5,0.374
E1_attenuatedxmixed_beta1.5,attenuated,mixed,1.5,all,A_concede_t,6,0.3725
E1_attenuatedxmixed_beta1.5,attenuated,mixed,1.5,all,A_concede_t,7,0.3685
E1_attenuatedxmixed_beta1.5,attenuated,mixed,1.5,all,A_concede_t,8,0.369
E1_attenuatedxmixed_beta1.5,attenuated,mixed,1.5,all,A_concede_t,9,0.374
E1_attenuatedxmixed_beta1.5,attenuated,mixed,1.5,all,A_concede_t,10,0.376
E1_attenuatedxmixed_beta1.5,attenuated,mixed,1.5,all,A_concede_t,11,0.376
E1_attenuatedxmixed_beta1.5,attenuated,mixed,1.5,all,A_concede_t,12,0.383
E1_attenuatedxmixed_beta1.5,attenuated,mixed,1.5,all,B_concede_t,1,0.1445
E1_attenuatedxmixed_beta1.5,attenuated,mixed,1.5,all,B_concede_t,2,0.1375
E1_attenuatedxmixed_beta1.5,attenuated,mixed,1.5,all,B_concede_t,3,0.151
E1_attenuatedxmixed_beta1.5,attenuated,mixed,1.5,all,B_concede_t,4,0.1505
E1_attenuatedxmixed_beta1.5,attenuated,mixed,1.5,all,B_concede_t,5,0.137
E1_attenuatedxmixed_beta1.5,attenuated,mixed,1.5,all,B_concede_t,6,0.149
E1_attenuatedxmixed_beta1.5,attenuated,mixed,1.5,all,B_concede_t,7,0.16
E1_attenuatedxmixed_beta1.5,attenuated,mixed,1.5,all,B_concede_t,8,0.1515
E1_attenuatedxmixed_beta1.5,attenuated,mixed,1.5,all,B_concede_t,9,0.153
E1_attenuatedxmixed_beta1.5,attenuated,mixed,1.5,all,B_concede_t,10,0.154
E1_attenuatedxmixed_beta1.5,attenuated,mixed,1.5,all,B_concede_t,11,0.1555
E1_attenuatedxmixed_beta1.5,attenuated,mixed,1.5,all,B_concede_t,12,0.1475
E1_attenuatedxmixed_beta1.5,attenuated,mixed,1.5,all,U_t,0,1.0
E1_attenuatedxmixed_beta1.5,attenuated,mixed,1.5,all,U_t,1,0.5055
E1_attenuatedxmixed_beta1.5,attenuated,mixed,1.5,all,U_t,2,0.388
E1_attenuatedxmixed_beta1.5,attenuated,mixed,1.5,all,U_t,3,0.3395
E1_attenuatedxmixed_beta1.5,attenuated,mixed,1.5,all,U_t,4,0.3115
E1_attenuatedxmixed_beta1.5,attenuated,mixed,1.5,all,U_t,5,0.297
E1_attenuatedxmixed_beta1.5,attenuated,mixed,1.5,all,U_t,6,0.28
E1_attenuatedxmixed_beta1.5,attenuated,mixed,1.5,all,U_t,7,0.274
E1_attenuatedxmixed_beta1.5,attenuated,mixed,1.5,all,U_t,8,0.2645
E1_attenuatedxmixed_beta1.5,attenuated,mixed,1.5,all,U_t,9,0.2605
E1_attenuatedxmixed_beta1.5,attenuated,mixed,1.5,all,U_t,10,0.256
E1_attenuatedxmixed_beta1.5,attenuated,mixed,1.5,all,U_t,11,0.2505
E1_attenuatedxmixed_beta1.5,attenuated,mixed,1.5,all,U_t,12,0.2525
E1_attenuatedxmixed_beta1.5,attenuated,mixed,1.5,both_own,A_p_truth_t,0,0.5785119207586285
E1_attenuatedxmixed_beta1.5,attenuated,mixed,1.5,both_own,A_p_truth_t,1,0.592809160133113
E1_attenuatedxmixed_beta1.5,attenuated,mixed,1.5,both_own,A_p_truth_t,2,0.5978276877040021
E1_attenuatedxmixed_beta1.5,attenuated,mixed,1.5,both_own,A_p_truth_t,3,0.6017743887036446
E1_attenuatedxmixed_beta1.5,attenuated,mixed,1.5,both_own,A_p_truth_t,4,0.6043435636909353
E1_attenuatedxmixed_beta1.5,attenuated,mixed,1.5,both_own,A_p_truth_t,5,0.6068051271981725
E1_attenuatedxmixed_beta1.5,attenuated,mixed,1.5,both_own,A_p_truth_t,6,0.6091274365079954
E1_attenuatedxmixed_beta1.5,attenuated,mixed,1.5,both_own,A_p_truth_t,7,0.6109382685608384
E1_attenuatedxmixed_beta1.5,attenuated,mixed,1.5,both_own,A_p_truth_t,8,0.6120545444370556
E1_attenuatedxmixed_beta1.5,attenuated,mixed,1.5,both_own,A_p_truth_t,9,0.6130552060033622
E1_attenuatedxmixed_beta1.5,attenuated,mixed,1.5,both_own,A_p_truth_t,10,0.6136558830116774
E1_attenuatedxmixed_beta1.5,attenuated,mixed,1.5,both_own,A_p_truth_t,11,0.6133269146102769
E1_attenuatedxmixed_beta1.5,attenuated,mixed,1.5,both_own,A_p_truth_t,12,0.6136948584616195
E1_attenuatedxmixed_beta1.5,attenuated,mixed,1.5,both_own,B_p_truth_t,0,0.5569499366529735
E1_attenuatedxmixed_beta1.5,attenuated,mixed,1.5,both_own,B_p_truth_t,1,0.6045116099144562
E1_attenuatedxmixed_beta1.5,attenuated,mixed,1.5,both_own,B_p_truth_t,2,0.6151860652165272
E1_attenuatedxmixed_beta1.5,attenuated,mixed,1.5,both_own,B_p_truth_t,3,0.6259679036376568
E1_attenuatedxmixed_beta1.5,attenuated,mixed,1.5,both_own,B_p_truth_t,4,0.6358314898297545
E1_attenuatedxmixed_beta1.5,attenuated,mixed,1.5,both_own,B_p_truth_t,5,0.6430485259532958
E1_attenuatedxmixed_beta1.5,attenuated,mixed,1.5,both_own,B_p_truth_t,6,0.64928922695349
E1_attenuatedxmixed_beta1.5,attenuated,mixed,1.5,both_own,B_p_truth_t,7,0.6534673792973763
E1_attenuatedxmixed_beta1.5,attenuated,mixed,1.5,both_own,B_p_truth_t,8,0.6558238236364422
E1_attenuatedxmixed_beta1.5,attenuated,mixed,1.5,both_own,B_p_truth_t,9,0.6626358017817249
E1_attenuatedxmixed_beta1.5,attenuated,mixed,1.5,both_own,B_p_truth_t,10,0.6645362379614873
E1_attenuatedxmixed_beta1.5,attenuated,mixed,1.5,both_own,B_p_truth_t,11,0.6672241799510472
E1_attenuatedxmixed_beta1.5,attenuated,mixed,1.5,both_own,B_p_truth_t,12,0.6648586892502975
E1_attenuatedxmixed_beta1.5,attenuated,mixed,1.5,both_own,nonc_mutual_t,1,0.9959016393442623
E1_attenuatedxmixed_beta1.5,attenuated,mixed,1.5,both_own,nonc_mutual_t,2,1.0
E1_attenuatedxmixed_beta1.5,attenuated,mixed,1.5,both_own,nonc_mutual_t,3,0.9938524590163934
E1_attenuatedxmixed_beta1.5,attenuated,mixed,1.5,both_own,nonc_mutual_t,4,0.9979508196721312
E1_attenuatedxmixed_beta1.5,attenuated,mixed,1.5,both_own,nonc_mutual_t,5,0.9938524590163934
E1_attenuatedxmixed_beta1.5,attenuated,mixed,1.5,both_own,nonc_mutual_t,6,0.9918032786885246
E1_attenuatedxmixed_beta1.5,attenuated,mixed,1.5,both_own,nonc_mutual_t,7,0.9918032786885246
E1_attenuatedxmixed_beta1.5,attenuated,mixed,1.5,both_own,nonc_mutual_t,8,0.9836065573770492
E1_attenuatedxmixed_beta1.5,attenuated,mixed,1.5,both_own,nonc_mutual_t,9,0.9815573770491803
E1_attenuatedxmixed_beta1.5,attenuated,mixed,1.5,both_own,nonc_mutual_t,10,0.9754098360655737
E1_attenuatedxmixed_beta1.5,attenuated,mixed,1.5,both_own,nonc_mutual_t,11,0.9692622950819673
E1_attenuatedxmixed_beta1.5,attenuated,mixed,1.5,both_own,nonc_mutual_t,12,0.9672131147540983
E1_attenuatedxmixed_beta1.5,attenuated,mixed,1.5,both_own,A_concede_t,1,0.004098360655737705
E1_attenuatedxmixed_beta1.5,attenuated,mixed,1.5,both_own,A_concede_t,2,0.0
E1_attenuatedxmixed_beta1.5,attenuated,mixed,1.5,both_own,A_concede_t,3,0.006147540983606557
E1_attenuatedxmixed_beta1.5,attenuated,mixed,1.5,both_own,A_concede_t,4,0.0
E1_attenuatedxmixed_beta1.5,attenuated,mixed,1.5,both_own,A_concede_t,5,0.004098360655737705
E1_attenuatedxmixed_beta1.5,attenuated,mixed,1.5,both_own,A_concede_t,6,0.0
E1_attenuatedxmixed_beta1.5,attenuated,mixed,1.5,both_own,A_concede_t,7,0.004098360655737705
E1_attenuatedxmixed_beta1.5,attenuated,mixed,1.5,both_own,A_concede_t,8,0.010245901639344262
E1_attenuatedxmixed_beta1.5,attenuated,mixed,1.5,both_own,A_concede_t,9,0.010245901639344262
E1_attenuatedxmixed_beta1.5,attenuated,mixed,1.5,both_own,A_concede_t,10,0.010245901639344262
E1_attenuatedxmixed_beta1.5,attenuated,mixed,1.5,both_own,A_concede_t,11,0.018442622950819672
E1_attenuatedxmixed_beta1.5,attenuated,mixed,1.5,both_own,A_concede_t,12,0.02459016393442623
E1_attenuatedxmixed_beta1.5,attenuated,mixed,1.5,both_own,B_concede_t,1,0.0
E1_attenuatedxmixed_beta1.5,attenuated,mixed,1.5,both_own,B_concede_t,2,0.0
E1_attenuatedxmixed_beta1.5,attenuated,mixed,1.5,both_own,B_concede_t,3,0.0
E1_attenuatedxmixed_beta1.5,attenuated,mixed,1.5,both_own,B_concede_t,4,0.0020491803278688526
E1_attenuatedxmixed_beta1.5,attenuated,mixed,1.5,both_own,B_concede_t,5,0.0020491803278688526
E1_attenuatedxmixed_beta1.5,attenuated,mixed,1.5,both_own,B_concede_t,6,0.00819672131147541
E1_attenuatedxmixed_beta1.5,attenuated,mixed,1.5,both_own,B_concede_t,7,0.004098360655737705
E1_attenuatedxmixed_beta1.5,attenuated,mixed,1.5,both_own,B_concede_t,8,0.006147540983606557
E1_attenuatedxmixed_beta1.5,attenuated,mixed,1.5,both_own,B_concede_t,9,0.00819672131147541
E1_attenuatedxmixed_beta1.5,attenuated,mixed,1.5,both_own,B_concede_t,10,0.014344262295081968
E1_attenuatedxmixed_beta1.5,attenuated,mixed,1.5,both_own,B_concede_t,11,0.012295081967213115
E1_attenuatedxmixed_beta1.5,attenuated,mixed,1.5,both_own,B_concede_t,12,0.00819672131147541
E1_attenuatedxmixed_beta1.5,attenuated,mixed,1.5,both_own,U_t,0,1.0
E1_attenuatedxmixed_beta1.5,attenuated,mixed,1.5,both_own,U_t,1,0.9959016393442623
E1_attenuatedxmixed_beta1.5,attenuated,mixed,1.5,both_own,U_t,2,0.9979508196721312
E1_attenuatedxmixed_beta1.5,attenuated,mixed,1.5,both_own,U_t,3,0.9938524590163934
E1_attenuatedxmixed_beta1.5,attenuated,mixed,1.5,both_own,U_t,4,0.9979508196721312
E1_attenuatedxmixed_beta1.5,attenuated,mixed,1.5,both_own,U_t,5,0.9918032786885246
E1_attenuatedxmixed_beta1.5,attenuated,mixed,1.5,both_own,U_t,6,0.985655737704918
E1_attenuatedxmixed_beta1.5,attenuated,mixed,1.5,both_own,U_t,7,0.985655737704918
E1_attenuatedxmixed_beta1.5,attenuated,mixed,1.5,both_own,U_t,8,0.9754098360655737
E1_attenuatedxmixed_beta1.5,attenuated,mixed,1.5,both_own,U_t,9,0.9651639344262295
E1_attenuatedxmixed_beta1.5,attenuated,mixed,1.5,both_own,U_t,10,0.9569672131147541
E1_attenuatedxmixed_beta1.5,attenuated,mixed,1.5,both_own,U_t,11,0.9344262295081968
E1_attenuatedxmixed_beta1.5,attenuated,mixed,1.5,both_own,U_t,12,0.9323770491803278
E1_costlyxhonest_beta1.5,costly,honest,1.5,all,A_p_truth_t,0,0.7861258782201477
E1_costlyxhonest_beta1.5,costly,honest,1.5,all,A_p_truth_t,1,0.8656521368213042
E1_costlyxhonest_beta1.5,costly,honest,1.5,all,A_p_truth_t,2,0.8773862243131112
E1_costlyxhonest_beta1.5,costly,honest,1.5,all,A_p_truth_t,3,0.8822877528737066
E1_costlyxhonest_beta1.5,costly,honest,1.5,all,A_p_truth_t,4,0.8854425421593467
E1_costlyxhonest_beta1.5,costly,honest,1.5,all,A_p_truth_t,5,0.8879374028502334
E1_costlyxhonest_beta1.5,costly,honest,1.5,all,A_p_truth_t,6,0.8895796751721726
E1_costlyxhonest_beta1.5,costly,honest,1.5,all,A_p_truth_t,7,0.8907196847285539
E1_costlyxhonest_beta1.5,costly,honest,1.5,all,A_p_truth_t,8,0.891851130609386
E1_costlyxhonest_beta1.5,costly,honest,1.5,all,A_p_truth_t,9,0.892891303261175
E1_costlyxhonest_beta1.5,costly,honest,1.5,all,A_p_truth_t,10,0.894083556441941
E1_costlyxhonest_beta1.5,costly,honest,1.5,all,A_p_truth_t,11,0.8951661168715747
E1_costlyxhonest_beta1.5,costly,honest,1.5,all,A_p_truth_t,12,0.8959597926652556
E1_costlyxhonest_beta1.5,costly,honest,1.5,all,B_p_truth_t,0,0.7856867681498896
E1_costlyxhonest_beta1.5,costly,honest,1.5,all,B_p_truth_t,1,0.8522808657311476
E1_costlyxhonest_beta1.5,costly,honest,1.5,all,B_p_truth_t,2,0.8631860983462556
E1_costlyxhonest_beta1.5,costly,honest,1.5,all,B_p_truth_t,3,0.867768453348549
E1_costlyxhonest_beta1.5,costly,honest,1.5,all,B_p_truth_t,4,0.8700072930684245
E1_costlyxhonest_beta1.5,costly,honest,1.5,all,B_p_truth_t,5,0.8713807171475922
E1_costlyxhonest_beta1.5,costly,honest,1.5,all,B_p_truth_t,6,0.8727001075126104
E1_costlyxhonest_beta1.5,costly,honest,1.5,all,B_p_truth_t,7,0.873278783689104
E1_costlyxhonest_beta1.5,costly,honest,1.5,all,B_p_truth_t,8,0.8734811701986185
E1_costlyxhonest_beta1.5,costly,honest,1.5,all,B_p_truth_t,9,0.8741884975759927
E1_costlyxhonest_beta1.5,costly,honest,1.5,all,B_p_truth_t,10,0.8745140686963252
E1_costlyxhonest_beta1.5,costly,honest,1.5,all,B_p_truth_t,11,0.8746424731949561
E1_costlyxhonest_beta1.5,costly,honest,1.5,all,B_p_truth_t,12,0.8749794362463184
E1_costlyxhonest_beta1.5,costly,honest,1.5,all,nonc_mutual_t,1,0.614
E1_costlyxhonest_beta1.5,costly,honest,1.5,all,nonc_mutual_t,2,0.596
E1_costlyxhonest_beta1.5,costly,honest,1.5,all,nonc_mutual_t,3,0.5805
E1_costlyxhonest_beta1.5,costly,honest,1.5,all,nonc_mutual_t,4,0.5715
E1_costlyxhonest_beta1.5,costly,honest,1.5,all,nonc_mutual_t,5,0.5775
E1_costlyxhonest_beta1.5,costly,honest,1.5,all,nonc_mutual_t,6,0.5735
E1_costlyxhonest_beta1.5,costly,honest,1.5,all,nonc_mutual_t,7,0.571
E1_costlyxhonest_beta1.5,costly,honest,1.5,all,nonc_mutual_t,8,0.568
E1_costlyxhonest_beta1.5,costly,honest,1.5,all,nonc_mutual_t,9,0.5825
E1_costlyxhonest_beta1.5,costly,honest,1.5,all,nonc_mutual_t,10,0.5635
E1_costlyxhonest_beta1.5,costly,honest,1.5,all,nonc_mutual_t,11,0.5725
E1_costlyxhonest_beta1.5,costly,honest,1.5,all,nonc_mutual_t,12,0.56
E1_costlyxhonest_beta1.5,costly,honest,1.5,all,A_concede_t,1,0.003
E1_costlyxhonest_beta1.5,costly,honest,1.5,all,A_concede_t,2,0.0055
E1_costlyxhonest_beta1.5,costly,honest,1.5,all,A_concede_t,3,0.0085
E1_costlyxhonest_beta1.5,costly,honest,1.5,all,A_concede_t,4,0.014
E1_costlyxhonest_beta1.5,costly,honest,1.5,all,A_concede_t,5,0.005
E1_costlyxhonest_beta1.5,costly,honest,1.5,all,A_concede_t,6,0.0055
E1_costlyxhonest_beta1.5,costly,honest,1.5,all,A_concede_t,7,0.006
E1_costlyxhonest_beta1.5,costly,honest,1.5,all,A_concede_t,8,0.009
E1_costlyxhonest_beta1.5,costly,honest,1.5,all,A_concede_t,9,0.006
E1_costlyxhonest_beta1.5,costly,honest,1.5,all,A_concede_t,10,0.0125
E1_costlyxhonest_beta1.5,costly,honest,1.5,all,A_concede_t,11,0.007
E1_costlyxhonest_beta1.5,costly,honest,1.5,all,A_concede_t,12,0.0105
E1_costlyxhonest_beta1.5,costly,honest,1.5,all,B_concede_t,1,0.383
E1_costlyxhonest_beta1.5,costly,honest,1.5,all,B_concede_t,2,0.3985
E1_costlyxhonest_beta1.5,costly,honest,1.5,all,B_concede_t,3,0.411
E1_costlyxhonest_beta1.5,costly,honest,1.5,all,B_concede_t,4,0.4145
E1_costlyxhonest_beta1.5,costly,honest,1.5,all,B_concede_t,5,0.4175
E1_costlyxhonest_beta1.5,costly,honest,1.5,all,B_concede_t,6,0.421
E1_costlyxhonest_beta1.5,costly,honest,1.5,all,B_concede_t,7,0.423
E1_costlyxhonest_beta1.5,costly,honest,1.5,all,B_concede_t,8,0.423
E1_costlyxhonest_beta1.5,costly,honest,1.5,all,B_concede_t,9,0.4115
E1_costlyxhonest_beta1.5,costly,honest,1.5,all,B_concede_t,10,0.424
E1_costlyxhonest_beta1.5,costly,honest,1.5,all,B_concede_t,11,0.4205
E1_costlyxhonest_beta1.5,costly,honest,1.5,all,B_concede_t,12,0.4295
E1_costlyxhonest_beta1.5,costly,honest,1.5,all,U_t,0,1.0
E1_costlyxhonest_beta1.5,costly,honest,1.5,all,U_t,1,0.614
E1_costlyxhonest_beta1.5,costly,honest,1.5,all,U_t,2,0.572
E1_costlyxhonest_beta1.5,costly,honest,1.5,all,U_t,3,0.5435
E1_costlyxhonest_beta1.5,costly,honest,1.5,all,U_t,4,0.5195
E1_costlyxhonest_beta1.5,costly,honest,1.5,all,U_t,5,0.506
E1_costlyxhonest_beta1.5,costly,honest,1.5,all,U_t,6,0.503
E1_costlyxhonest_beta1.5,costly,honest,1.5,all,U_t,7,0.4975
E1_costlyxhonest_beta1.5,costly,honest,1.5,all,U_t,8,0.4875
E1_costlyxhonest_beta1.5,costly,honest,1.5,all,U_t,9,0.49
E1_costlyxhonest_beta1.5,costly,honest,1.5,all,U_t,10,0.4775
E1_costlyxhonest_beta1.5,costly,honest,1.5,all,U_t,11,0.4705
E1_costlyxhonest_beta1.5,costly,honest,1.5,all,U_t,12,0.465
E1_costlyxhonest_beta1.5,costly,honest,1.5,both_own,A_p_truth_t,0,0.5785119207586285
E1_costlyxhonest_beta1.5,costly,honest,1.5,both_own,A_p_truth_t,1,0.6779447371684966
E1_costlyxhonest_beta1.5,costly,honest,1.5,both_own,A_p_truth_t,2,0.7046094298710098
E1_costlyxhonest_beta1.5,costly,honest,1.5,both_own,A_p_truth_t,3,0.7155655643303458
E1_costlyxhonest_beta1.5,costly,honest,1.5,both_own,A_p_truth_t,4,0.7251452531274307
E1_costlyxhonest_beta1.5,costly,honest,1.5,both_own,A_p_truth_t,5,0.7312978173854232
E1_costlyxhonest_beta1.5,costly,honest,1.5,both_own,A_p_truth_t,6,0.7347856553425951
E1_costlyxhonest_beta1.5,costly,honest,1.5,both_own,A_p_truth_t,7,0.7378671757082993
E1_costlyxhonest_beta1.5,costly,honest,1.5,both_own,A_p_truth_t,8,0.7396244616270591
E1_costlyxhonest_beta1.5,costly,honest,1.5,both_own,A_p_truth_t,9,0.7419858211673577
E1_costlyxhonest_beta1.5,costly,honest,1.5,both_own,A_p_truth_t,10,0.7456127037034526
E1_costlyxhonest_beta1.5,costly,honest,1.5,both_own,A_p_truth_t,11,0.7483523709138297
E1_costlyxhonest_beta1.5,costly,honest,1.5,both_own,A_p_truth_t,12,0.7502070822177519
E1_costlyxhonest_beta1.5,costly,honest,1.5,both_own,B_p_truth_t,0,0.5569499366529735
E1_costlyxhonest_beta1.5,costly,honest,1.5,both_own,B_p_truth_t,1,0.637296336436086
E1_costlyxhonest_beta1.5,costly,honest,1.5,both_own,B_p_truth_t,2,0.6507518802054598
E1_costlyxhonest_beta1.5,costly,honest,1.5,both_own,B_p_truth_t,3,0.6661289882396253
E1_costlyxhonest_beta1.5,costly,honest,1.5,both_own,B_p_truth_t,4,0.6710718284663346
E1_costlyxhonest_beta1.5,costly,honest,1.5,both_own,B_p_truth_t,5,0.6740146371100644
E1_costlyxhonest_beta1.5,costly,honest,1.5,both_own,B_p_truth_t,6,0.677915027298478
E1_costlyxhonest_beta1.5,costly,honest,1.5,both_own,B_p_truth_t,7,0.6800393444389387
E1_costlyxhonest_beta1.5,costly,honest,1.5,both_own,B_p_truth_t,8,0.681104093841564
E1_costlyxhonest_beta1.5,costly,honest,1.5,both_own,B_p_truth_t,9,0.6832241885479595
E1_costlyxhonest_beta1.5,costly,honest,1.5,both_own,B_p_truth_t,10,0.6842974286398061
E1_costlyxhonest_beta1.5,costly,honest,1.5,both_own,B_p_truth_t,11,0.6847158743073589
E1_costlyxhonest_beta1.5,costly,honest,1.5,both_own,B_p_truth_t,12,0.685992714306214
E1_costlyxhonest_beta1.5,costly,honest,1.5,both_own,nonc_mutual_t,1,0.8422131147540983
E1_costlyxhonest_beta1.5,costly,honest,1.5,both_own,nonc_mutual_t,2,0.8217213114754098
E1_costlyxhonest_beta1.5,costly,honest,1.5,both_own,nonc_mutual_t,3,0.7704918032786885
E1_costlyxhonest_beta1.5,costly,honest,1.5,both_own,nonc_mutual_t,4,0.7561475409836066
E1_costlyxhonest_beta1.5,costly,honest,1.5,both_own,nonc_mutual_t,5,0.7418032786885246
E1_costlyxhonest_beta1.5,costly,honest,1.5,both_own,nonc_mutual_t,6,0.7295081967213115
E1_costlyxhonest_beta1.5,costly,honest,1.5,both_own,nonc_mutual_t,7,0.7295081967213115
E1_costlyxhonest_beta1.5,costly,honest,1.5,both_own,nonc_mutual_t,8,0.7397540983606558
E1_costlyxhonest_beta1.5,costly,honest,1.5,both_own,nonc_mutual_t,9,0.7602459016393442
E1_costlyxhonest_beta1.5,costly,honest,1.5,both_own,nonc_mutual_t,10,0.7274590163934426
E1_costlyxhonest_beta1.5,costly,honest,1.5,both_own,nonc_mutual_t,11,0.7377049180327869
E1_costlyxhonest_beta1.5,costly,honest,1.5,both_own,nonc_mutual_t,12,0.6987704918032787
E1_costlyxhonest_beta1.5,costly,honest,1.5,both_own,A_concede_t,1,0.0
E1_costlyxhonest_beta1.5,costly,honest,1.5,both_own,A_concede_t,2,0.0
E1_costlyxhonest_beta1.5,costly,honest,1.5,both_own,A_concede_t,3,0.0
E1_costlyxhonest_beta1.5,costly,honest,1.5,both_own,A_concede_t,4,0.0020491803278688526
E1_costlyxhonest_beta1.5,costly,honest,1.5,both_own,A_concede_t,5,0.0020491803278688526
E1_costlyxhonest_beta1.5,costly,honest,1.5,both_own,A_concede_t,6,0.0020491803278688526
E1_costlyxhonest_beta1.5,costly,honest,1.5,both_own,A_concede_t,7,0.0
E1_costlyxhonest_beta1.5,costly,honest,1.5,both_own,A_concede_t,8,0.0020491803278688526
E1_costlyxhonest_beta1.5,costly,honest,1.5,both_own,A_concede_t,9,0.0
E1_costlyxhonest_beta1.5,costly,honest,1.5,both_own,A_concede_t,10,0.0020491803278688526
E1_costlyxhonest_beta1.5,costly,honest,1.5,both_own,A_concede_t,11,0.0020491803278688526
E1_costlyxhonest_beta1.5,costly,honest,1.5,both_own,A_concede_t,12,0.0020491803278688526
E1_costlyxhonest_beta1.5,costly,honest,1.5,both_own,B_concede_t,1,0.15778688524590165
E1_costlyxhonest_beta1.5,costly,honest,1.5,both_own,B_concede_t,2,0.17827868852459017
E1_costlyxhonest_beta1.5,costly,honest,1.5,both_own,B_concede_t,3,0.22950819672131148
E1_costlyxhonest_beta1.5,costly,honest,1.5,both_own,B_concede_t,4,0.24180327868852458
E1_costlyxhonest_beta1.5,costly,honest,1.5,both_own,B_concede_t,5,0.25614754098360654
E1_costlyxhonest_beta1.5,costly,honest,1.5,both_own,B_concede_t,6,0.26844262295081966
E1_costlyxhonest_beta1.5,costly,honest,1.5,both_own,B_concede_t,7,0.27049180327868855
E1_costlyxhonest_beta1.5,costly,honest,1.5,both_own,B_concede_t,8,0.2581967213114754
E1_costlyxhonest_beta1.5,costly,honest,1.5,both_own,B_concede_t,9,0.23975409836065573
E1_costlyxhonest_beta1.5,costly,honest,1.5,both_own,B_concede_t,10,0.27049180327868855
E1_costlyxhonest_beta1.5,costly,honest,1.5,both_own,B_concede_t,11,0.26024590163934425
E1_costlyxhonest_beta1.5,costly,honest,1.5,both_own,B_concede_t,12,0.29918032786885246
E1_costlyxhonest_beta1.5,costly,honest,1.5,both_own,U_t,0,1.0
E1_costlyxhonest_beta1.5,costly,honest,1.5,both_own,U_t,1,0.8422131147540983
E1_costlyxhonest_beta1.5,costly,honest,1.5,both_own,U_t,2,0.7581967213114754
E1_costlyxhonest_beta1.5,costly,honest,1.5,both_own,U_t,3,0.6864754098360656
E1_costlyxhonest_beta1.5,costly,honest,1.5,both_own,U_t,4,0.6475409836065574
E1_costlyxhonest_beta1.5,costly,honest,1.5,both_own,U_t,5,0.6127049180327869
E1_costlyxhonest_beta1.5,costly,honest,1.5,both_own,U_t,6,0.6168032786885246
E1_costlyxhonest_beta1.5,costly,honest,1.5,both_own,U_t,7,0.6168032786885246
E1_costlyxhonest_beta1.5,costly,honest,1.5,both_own,U_t,8,0.6024590163934426
E1_costlyxhonest_beta1.5,costly,honest,1.5,both_own,U_t,9,0.6331967213114754
E1_costlyxhonest_beta1.5,costly,honest,1.5,both_own,U_t,10,0.6127049180327869
E1_costlyxhonest_beta1.5,costly,honest,1.5,both_own,U_t,11,0.6024590163934426
E1_costlyxhonest_beta1.5,costly,honest,1.5,both_own,U_t,12,0.6127049180327869
E1_costlyxattenuated_beta1.5,costly,attenuated,1.5,all,A_p_truth_t,0,0.7861258782201477
E1_costlyxattenuated_beta1.5,costly,attenuated,1.5,all,A_p_truth_t,1,0.863943713417332
E1_costlyxattenuated_beta1.5,costly,attenuated,1.5,all,A_p_truth_t,2,0.8706193672972868
E1_costlyxattenuated_beta1.5,costly,attenuated,1.5,all,A_p_truth_t,3,0.8734222465186299
E1_costlyxattenuated_beta1.5,costly,attenuated,1.5,all,A_p_truth_t,4,0.8763760933191144
E1_costlyxattenuated_beta1.5,costly,attenuated,1.5,all,A_p_truth_t,5,0.8789360143342171
E1_costlyxattenuated_beta1.5,costly,attenuated,1.5,all,A_p_truth_t,6,0.8802785130597504
E1_costlyxattenuated_beta1.5,costly,attenuated,1.5,all,A_p_truth_t,7,0.879971871006965
E1_costlyxattenuated_beta1.5,costly,attenuated,1.5,all,A_p_truth_t,8,0.879841123772348
E1_costlyxattenuated_beta1.5,costly,attenuated,1.5,all,A_p_truth_t,9,0.8807676292534959
E1_costlyxattenuated_beta1.5,costly,attenuated,1.5,all,A_p_truth_t,10,0.8803306645589012
E1_costlyxattenuated_beta1.5,costly,attenuated,1.5,all,A_p_truth_t,11,0.8803306131944159
E1_costlyxattenuated_beta1.5,costly,attenuated,1.5,all,A_p_truth_t,12,0.8817160324810466
E1_costlyxattenuated_beta1.5,costly,attenuated,1.5,all,B_p_truth_t,0,0.7856867681498896
E1_costlyxattenuated_beta1.5,costly,attenuated,1.5,all,B_p_truth_t,1,0.8040633415818434
E1_costlyxattenuated_beta1.5,costly,attenuated,1.5,all,B_p_truth_t,2,0.8077095845926477
E1_costlyxattenuated_beta1.5,costly,attenuated,1.5,all,B_p_truth_t,3,0.809417774949651
E1_costlyxattenuated_beta1.5,costly,attenuated,1.5,all,B_p_truth_t,4,0.8103261367345123
E1_costlyxattenuated_beta1.5,costly,attenuated,1.5,all,B_p_truth_t,5,0.8110302889349899
E1_costlyxattenuated_beta1.5,costly,attenuated,1.5,all,B_p_truth_t,6,0.8116590284103865
E1_costlyxattenuated_beta1.5,costly,attenuated,1.5,all,B_p_truth_t,7,0.8121785228775722
E1_costlyxattenuated_beta1.5,costly,attenuated,1.5,all,B_p_truth_t,8,0.8125353996143012
E1_costlyxattenuated_beta1.5,costly,attenuated,1.5,all,B_p_truth_t,9,0.8127702370612107
E1_costlyxattenuated_beta1.5,costly,attenuated,1.5,all,B_p_truth_t,10,0.8129315835912879
E1_costlyxattenuated_beta1.5,costly,attenuated,1.5,all,B_p_truth_t,11,0.813037778209602
E1_costlyxattenuated_beta1.5,costly,attenuated,1.5,all,B_p_truth_t,12,0.813045329485549
E1_costlyxattenuated_beta1.5,costly,attenuated,1.5,all,nonc_mutual_t,1,0.635
E1_costlyxattenuated_beta1.5,costly,attenuated,1.5,all,nonc_mutual_t,2,0.635
E1_costlyxattenuated_beta1.5,costly,attenuated,1.5,all,nonc_mutual_t,3,0.631
E1_costlyxattenuated_beta1.5,costly,attenuated,1.5,all,nonc_mutual_t,4,0.6265
E1_costlyxattenuated_beta1.5,costly,attenuated,1.5,all,nonc_mutual_t,5,0.6305
E1_costlyxattenuated_beta1.5,costly,attenuated,1.5,all,nonc_mutual_t,6,0.634
E1_costlyxattenuated_beta1.5,costly,attenuated,1.5,all,nonc_mutual_t,7,0.6315
E1_costlyxattenuated_beta1.5,costly,attenuated,1.5,all,nonc_mutual_t,8,0.626
E1_costlyxattenuated_beta1.5,costly,attenuated,1.5,all,nonc_mutual_t,9,0.6365
E1_costlyxattenuated_beta1.5,costly,attenuated,1.5,all,nonc_mutual_t,10,0.629
E1_costlyxattenuated_beta1.5,costly,attenuated,1.5,all,nonc_mutual_t,11,0.626
E1_costlyxattenuated_beta1.5,costly,attenuated,1.5,all,nonc_mutual_t,12,0.6255
E1_costlyxattenuated_beta1.5,costly,attenuated,1.5,all,A_concede_t,1,0.003
E1_costlyxattenuated_beta1.5,costly,attenuated,1.5,all,A_concede_t,2,0.007
E1_costlyxattenuated_beta1.5,costly,attenuated,1.5,all,A_concede_t,3,0.008
E1_costlyxattenuated_beta1.5,costly,attenuated,1.5,all,A_concede_t,4,0.0125
E1_costlyxattenuated_beta1.5,costly,attenuated,1.5,all,A_concede_t,5,0.0055
E1_costlyxattenuated_beta1.5,costly,attenuated,1.5,all,A_concede_t,6,0.007
E1_costlyxattenuated_beta1.5,costly,attenuated,1.5,all,A_concede_t,7,0.0075
E1_costlyxattenuated_beta1.5,costly,attenuated,1.5,all,A_concede_t,8,0.0105
E1_costlyxattenuated_beta1.5,costly,attenuated,1.5,all,A_concede_t,9,0.007
E1_costlyxattenuated_beta1.5,costly,attenuated,1.5,all,A_concede_t,10,0.01
E1_costlyxattenuated_beta1.5,costly,attenuated,1.5,all,A_concede_t,11,0.0075
E1_costlyxattenuated_beta1.5,costly,attenuated,1.5,all,A_concede_t,12,0.014
E1_costlyxattenuated_beta1.5,costly,attenuated,1.5,all,B_concede_t,1,0.362
E1_costlyxattenuated_beta1.5,costly,attenuated,1.5,all,B_concede_t,2,0.359
E1_costlyxattenuated_beta1.5,costly,attenuated,1.5,all,B_concede_t,3,0.3615
E1_costlyxattenuated_beta1.5,costly,attenuated,1.5,all,B_concede_t,4,0.3615
E1_costlyxattenuated_beta1.5,costly,attenuated,1.5,all,B_concede_t,5,0.3645
E1_costlyxattenuated_beta1.5,costly,attenuated,1.5,all,B_concede_t,6,0.359
E1_costlyxattenuated_beta1.5,costly,attenuated,1.5,all,B_concede_t,7,0.3615
E1_costlyxattenuated_beta1.5,costly,attenuated,1.5,all,B_concede_t,8,0.364
E1_costlyxattenuated_beta1.5,costly,attenuated,1.5,all,B_concede_t,9,0.3575
E1_costlyxattenuated_beta1.5,costly,attenuated,1.5,all,B_concede_t,10,0.3615
E1_costlyxattenuated_beta1.5,costly,attenuated,1.5,all,B_concede_t,11,0.367
E1_costlyxattenuated_beta1.5,costly,attenuated,1.5,all,B_concede_t,12,0.361
E1_costlyxattenuated_beta1.5,costly,attenuated,1.5,all,U_t,0,1.0
E1_costlyxattenuated_beta1.5,costly,attenuated,1.5,all,U_t,1,0.635
E1_costlyxattenuated_beta1.5,costly,attenuated,1.5,all,U_t,2,0.6105
E1_costlyxattenuated_beta1.5,costly,attenuated,1.5,all,U_t,3,0.6025
E1_costlyxattenuated_beta1.5,costly,attenuated,1.5,all,U_t,4,0.5875
E1_costlyxattenuated_beta1.5,costly,attenuated,1.5,all,U_t,5,0.58
E1_costlyxattenuated_beta1.5,costly,attenuated,1.5,all,U_t,6,0.577
E1_costlyxattenuated_beta1.5,costly,attenuated,1.5,all,U_t,7,0.569
E1_costlyxattenuated_beta1.5,costly,attenuated,1.5,all,U_t,8,0.5635
E1_costlyxattenuated_beta1.5,costly,attenuated,1.5,all,U_t,9,0.561
E1_costlyxattenuated_beta1.5,costly,attenuated,1.5,all,U_t,10,0.553
E1_costlyxattenuated_beta1.5,costly,attenuated,1.5,all,U_t,11,0.545
E1_costlyxattenuated_beta1.5,costly,attenuated,1.5,all,U_t,12,0.533
E1_costlyxattenuated_beta1.5,costly,attenuated,1.5,both_own,A_p_truth_t,0,0.5785119207586285
E1_costlyxattenuated_beta1.5,costly,attenuated,1.5,both_own,A_p_truth_t,1,0.6544475559912553
E1_costlyxattenuated_beta1.5,costly,attenuated,1.5,both_own,A_p_truth_t,2,0.6634043981939358
E1_costlyxattenuated_beta1.5,costly,attenuated,1.5,both_own,A_p_truth_t,3,0.6704652881908877
E1_costlyxattenuated_beta1.5,costly,attenuated,1.5,both_own,A_p_truth_t,4,0.6793808716375405
E1_costlyxattenuated_beta1.5,costly,attenuated,1.5,both_own,A_p_truth_t,5,0.6872856821609628
E1_costlyxattenuated_beta1.5,costly,attenuated,1.5,both_own,A_p_truth_t,6,0.6902196574130853
E1_costlyxattenuated_beta1.5,costly,attenuated,1.5,both_own,A_p_truth_t,7,0.6879078433204178
E1_costlyxattenuated_beta1.5,costly,attenuated,1.5,both_own,A_p_truth_t,8,0.685519131285586
E1_costlyxattenuated_beta1.5,costly,attenuated,1.5,both_own,A_p_truth_t,9,0.688214865596368
E1_costlyxattenuated_beta1.5,costly,attenuated,1.5,both_own,A_p_truth_t,10,0.6869504889655995
E1_costlyxattenuated_beta1.5,costly,attenuated,1.5,both_own,A_p_truth_t,11,0.6869190314851821
E1_costlyxattenuated_beta1.5,costly,attenuated,1.5,both_own,A_p_truth_t,12,0.6916627683033247
E1_costlyxattenuated_beta1.5,costly,attenuated,1.5,both_own,B_p_truth_t,0,0.5569499366529735
E1_costlyxattenuated_beta1.5,costly,attenuated,1.5,both_own,B_p_truth_t,1,0.5712074801751311
E1_costlyxattenuated_beta1.5,costly,attenuated,1.5,both_own,B_p_truth_t,2,0.5746229830829626
E1_costlyxattenuated_beta1.5,costly,attenuated,1.5,both_own,B_p_truth_t,3,0.5788789368519033
E1_costlyxattenuated_beta1.5,costly,attenuated,1.5,both_own,B_p_truth_t,4,0.5820609900476308
E1_costlyxattenuated_beta1.5,costly,attenuated,1.5,both_own,B_p_truth_t,5,0.5843151725709472
E1_costlyxattenuated_beta1.5,costly,attenuated,1.5,both_own,B_p_truth_t,6,0.5864512493889127
E1_costlyxattenuated_beta1.5,costly,attenuated,1.5,both_own,B_p_truth_t,7,0.5883098748740543
E1_costlyxattenuated_beta1.5,costly,attenuated,1.5,both_own,B_p_truth_t,8,0.5895724210207551
E1_costlyxattenuated_beta1.5,costly,attenuated,1.5,both_own,B_p_truth_t,9,0.5903664824397789
E1_costlyxattenuated_beta1.5,costly,attenuated,1.5,both_own,B_p_truth_t,10,0.5908532896124286
E1_costlyxattenuated_beta1.5,costly,attenuated,1.5,both_own,B_p_truth_t,11,0.5911369428669453
E1_costlyxattenuated_beta1.5,costly,attenuated,1.5,both_own,B_p_truth_t,12,0.5910990606998272
E1_costlyxattenuated_beta1.5,costly,attenuated,1.5,both_own,nonc_mutual_t,1,0.9897540983606558
E1_costlyxattenuated_beta1.5,costly,attenuated,1.5,both_own,nonc_mutual_t,2,1.0
E1_costlyxattenuated_beta1.5,costly,attenuated,1.5,both_own,nonc_mutual_t,3,1.0
E1_costlyxattenuated_beta1.5,costly,attenuated,1.5,both_own,nonc_mutual_t,4,0.9959016393442623
E1_costlyxattenuated_beta1.5,costly,attenuated,1.5,both_own,nonc_mutual_t,5,0.9877049180327869
E1_costlyxattenuated_beta1.5,costly,attenuated,1.5,both_own,nonc_mutual_t,6,0.9938524590163934
E1_costlyxattenuated_beta1.5,costly,attenuated,1.5,both_own,nonc_mutual_t,7,0.9918032786885246
E1_costlyxattenuated_beta1.5,costly,attenuated,1.5,both_own,nonc_mutual_t,8,0.9877049180327869
E1_costlyxattenuated_beta1.5,costly,attenuated,1.5,both_own,nonc_mutual_t,9,0.9959016393442623
E1_costlyxattenuated_beta1.5,costly,attenuated,1.5,both_own,nonc_mutual_t,10,0.9938524590163934
E1_costlyxattenuated_beta1.5,costly,attenuated,1.5,both_own,nonc_mutual_t,11,0.9815573770491803
E1_costlyxattenuated_beta1.5,costly,attenuated,1.5,both_own,nonc_mutual_t,12,0.9815573770491803
E1_costlyxattenuated_beta1.5,costly,attenuated,1.5,both_own,A_concede_t,1,0.0
E1_costlyxattenuated_beta1.5,costly,attenuated,1.5,both_own,A_concede_t,2,0.0
E1_costlyxattenuated_beta1.5,costly,attenuated,1.5,both_own,A_concede_t,3,0.0
E1_costlyxattenuated_beta1.5,costly,attenuated,1.5,both_own,A_concede_t,4,0.0020491803278688526
E1_costlyxattenuated_beta1.5,costly,attenuated,1.5,both_own,A_concede_t,5,0.0020491803278688526
E1_costlyxattenuated_beta1.5,costly,attenuated,1.5,both_own,A_concede_t,6,0.0020491803278688526
E1_costlyxattenuated_beta1.5,costly,attenuated,1.5,both_own,A_concede_t,7,0.0
E1_costlyxattenuated_beta1.5,costly,attenuated,1.5,both_own,A_concede_t,8,0.0020491803278688526
E1_costlyxattenuated_beta1.5,costly,attenuated,1.5,both_own,A_concede_t,9,0.0
E1_costlyxattenuated_beta1.5,costly,attenuated,1.5,both_own,A_concede_t,10,0.0020491803278688526
E1_costlyxattenuated_beta1.5,costly,attenuated,1.5,both_own,A_concede_t,11,0.004098360655737705
E1_costlyxattenuated_beta1.5,costly,attenuated,1.5,both_own,A_concede_t,12,0.00819672131147541
E1_costlyxattenuated_beta1.5,costly,attenuated,1.5,both_own,B_concede_t,1,0.010245901639344262
E1_costlyxattenuated_beta1.5,costly,attenuated,1.5,both_own,B_concede_t,2,0.0
E1_costlyxattenuated_beta1.5,costly,attenuated,1.5,both_own,B_concede_t,3,0.0
E1_costlyxattenuated_beta1.5,costly,attenuated,1.5,both_own,B_concede_t,4,0.0020491803278688526
E1_costlyxattenuated_beta1.5,costly,attenuated,1.5,both_own,B_concede_t,5,0.010245901639344262
E1_costlyxattenuated_beta1.5,costly,attenuated,1.5,both_own,B_concede_t,6,0.004098360655737705
E1_costlyxattenuated_beta1.5,costly,attenuated,1.5,both_own,B_concede_t,7,0.00819672131147541
E1_costlyxattenuated_beta1.5,costly,attenuated,1.5,both_own,B_concede_t,8,0.010245901639344262
E1_costlyxattenuated_beta1.5,costly,attenuated,1.5,both_own,B_concede_t,9,0.004098360655737705
E1_costlyxattenuated_beta1.5,costly,attenuated,1.5,both_own,B_concede_t,10,0.004098360655737705
E1_costlyxattenuated_beta1.5,costly,attenuated,1.5,both_own,B_concede_t,11,0.014344262295081968
E1_costlyxattenuated_beta1.5,costly,attenuated,1.5,both_own,B_concede_t,12,0.010245901639344262
E1_costlyxattenuated_beta1.5,costly,attenuated,1.5,both_own,U_t,0,1.0
E1_costlyxattenuated_beta1.5,costly,attenuated,1.5,both_own,U_t,1,0.9897540983606558
E1_costlyxattenuated_beta1.5,costly,attenuated,1.5,both_own,U_t,2,0.9979508196721312
E1_costlyxattenuated_beta1.5,costly,attenuated,1.5,both_own,U_t,3,1.0
E1_costlyxattenuated_beta1.5,costly,attenuated,1.5,both_own,U_t,4,0.9959016393442623
E1_costlyxattenuated_beta1.5,costly,attenuated,1.5,both_own,U_t,5,0.9836065573770492
E1_costlyxattenuated_beta1.5,costly,attenuated,1.5,both_own,U_t,6,0.9897540983606558
E1_costlyxattenuated_beta1.5,costly,attenuated,1.5,both_own,U_t,7,0.9836065573770492
E1_costlyxattenuated_beta1.5,costly,attenuated,1.5,both_own,U_t,8,0.9836065573770492
E1_costlyxattenuated_beta1.5,costly,attenuated,1.5,both_own,U_t,9,0.9918032786885246
E1_costlyxattenuated_beta1.5,costly,attenuated,1.5,both_own,U_t,10,0.9918032786885246
E1_costlyxattenuated_beta1.5,costly,attenuated,1.5,both_own,U_t,11,0.9774590163934426
E1_costlyxattenuated_beta1.5,costly,attenuated,1.5,both_own,U_t,12,0.9672131147540983
E1_costlyxcostly_beta1.5,costly,costly,1.5,all,A_p_truth_t,0,0.7861258782201477
E1_costlyxcostly_beta1.5,costly,costly,1.5,all,A_p_truth_t,1,0.8589208933980439
E1_costlyxcostly_beta1.5,costly,costly,1.5,all,A_p_truth_t,2,0.8718806818576709
E1_costlyxcostly_beta1.5,costly,costly,1.5,all,A_p_truth_t,3,0.8779574627591532
E1_costlyxcostly_beta1.5,costly,costly,1.5,all,A_p_truth_t,4,0.8812574259136192
E1_costlyxcostly_beta1.5,costly,costly,1.5,all,A_p_truth_t,5,0.8841573107496414
E1_costlyxcostly_beta1.5,costly,costly,1.5,all,A_p_truth_t,6,0.8860691956641459
E1_costlyxcostly_beta1.5,costly,costly,1.5,all,A_p_truth_t,7,0.8876652750667852
E1_costlyxcostly_beta1.5,costly,costly,1.5,all,A_p_truth_t,8,0.8887779525334415
E1_costlyxcostly_beta1.5,costly,costly,1.5,all,A_p_truth_t,9,0.889853754220592
E1_costlyxcostly_beta1.5,costly,costly,1.5,all,A_p_truth_t,10,0.8912002169981129
E1_costlyxcostly_beta1.5,costly,costly,1.5,all,A_p_truth_t,11,0.8919620547798983
E1_costlyxcostly_beta1.5,costly,costly,1.5,all,A_p_truth_t,12,0.8930091644605562
E1_costlyxcostly_beta1.5,costly,costly,1.5,all,B_p_truth_t,0,0.7856867681498896
E1_costlyxcostly_beta1.5,costly,costly,1.5,all,B_p_truth_t,1,0.8522808657311476
E1_costlyxcostly_beta1.5,costly,costly,1.5,all,B_p_truth_t,2,0.8642388861989366
E1_costlyxcostly_beta1.5,costly,costly,1.5,all,B_p_truth_t,3,0.8711486689550405
E1_costlyxcostly_beta1.5,costly,costly,1.5,all,B_p_truth_t,4,0.8756569879837978
E1_costlyxcostly_beta1.5,costly,costly,1.5,all,B_p_truth_t,5,0.8790515561378789
E1_costlyxcostly_beta1.5,costly,costly,1.5,all,B_p_truth_t,6,0.8821050632356872
E1_costlyxcostly_beta1.5,costly,costly,1.5,all,B_p_truth_t,7,0.8843955055099704
E1_costlyxcostly_beta1.5,costly,costly,1.5,all,B_p_truth_t,8,0.886186429027825
E1_costlyxcostly_beta1.5,costly,costly,1.5,all,B_p_truth_t,9,0.8881582932010097
E1_costlyxcostly_beta1.5,costly,costly,1.5,all,B_p_truth_t,10,0.8889670405462581
E1_costlyxcostly_beta1.5,costly,costly,1.5,all,B_p_truth_t,11,0.8899765277941951
E1_costlyxcostly_beta1.5,costly,costly,1.5,all,B_p_truth_t,12,0.8907677481483122
E1_costlyxcostly_beta1.5,costly,costly,1.5,all,nonc_mutual_t,1,0.982
E1_costlyxcostly_beta1.5,costly,costly,1.5,all,nonc_mutual_t,2,0.984
E1_costlyxcostly_beta1.5,costly,costly,1.5,all,nonc_mutual_t,3,0.982
E1_costlyxcostly_beta1.5,costly,costly,1.5,all,nonc_mutual_t,4,0.976
E1_costlyxcostly_beta1.5,costly,costly,1.5,all,nonc_mutual_t,5,0.984
E1_costlyxcostly_beta1.5,costly,costly,1.5,all,nonc_mutual_t,6,0.9855
E1_costlyxcostly_beta1.5,costly,costly,1.5,all,nonc_mutual_t,7,0.984
E1_costlyxcostly_beta1.5,costly,costly,1.5,all,nonc_mutual_t,8,0.984
E1_costlyxcostly_beta1.5,costly,costly,1.5,all,nonc_mutual_t,9,0.983
E1_costlyxcostly_beta1.5,costly,costly,1.5,all,nonc_mutual_t,10,0.9785
E1_costlyxcostly_beta1.5,costly,costly,1.5,all,nonc_mutual_t,11,0.9805
E1_costlyxcostly_beta1.5,costly,costly,1.5,all,nonc_mutual_t,12,0.978
E1_costlyxcostly_beta1.5,costly,costly,1.5,all,A_concede_t,1,0.003
E1_costlyxcostly_beta1.5,costly,costly,1.5,all,A_concede_t,2,0.0055
E1_costlyxcostly_beta1.5,costly,costly,1.5,all,A_concede_t,3,0.009
E1_costlyxcostly_beta1.5,costly,costly,1.5,all,A_concede_t,4,0.0135
E1_costlyxcostly_beta1.5,costly,costly,1.5,all,A_concede_t,5,0.006
E1_costlyxcostly_beta1.5,costly,costly,1.5,all,A_concede_t,6,0.006
E1_costlyxcostly_beta1.5,costly,costly,1.5,all,A_concede_t,7,0.0065
E1_costlyxcostly_beta1.5,costly,costly,1.5,all,A_concede_t,8,0.0095
E1_costlyxcostly_beta1.5,costly,costly,1.5,all,A_concede_t,9,0.007
E1_costlyxcostly_beta1.5,costly,costly,1.5,all,A_concede_t,10,0.0125
E1_costlyxcostly_beta1.5,costly,costly,1.5,all,A_concede_t,11,0.0075
E1_costlyxcostly_beta1.5,costly,costly,1.5,all,A_concede_t,12,0.0105
E1_costlyxcostly_beta1.5,costly,costly,1.5,all,B_concede_t,1,0.015
E1_costlyxcostly_beta1.5,costly,costly,1.5,all,B_concede_t,2,0.0105
E1_costlyxcostly_beta1.5,costly,costly,1.5,all,B_concede_t,3,0.009
E1_costlyxcostly_beta1.5,costly,costly,1.5,all,B_concede_t,4,0.0105
E1_costlyxcostly_beta1.5,costly,costly,1.5,all,B_concede_t,5,0.01
E1_costlyxcostly_beta1.5,costly,costly,1.5,all,B_concede_t,6,0.0085
E1_costlyxcostly_beta1.5,costly,costly,1.5,all,B_concede_t,7,0.0095
E1_costlyxcostly_beta1.5,costly,costly,1.5,all,B_concede_t,8,0.0065
E1_costlyxcostly_beta1.5,costly,costly,1.5,all,B_concede_t,9,0.01
E1_costlyxcostly_beta1.5,costly,costly,1.5,all,B_concede_t,10,0.009
E1_costlyxcostly_beta1.5,costly,costly,1.5,all,B_concede_t,11,0.012
E1_costlyxcostly_beta1.5,costly,costly,1.5,all,B_concede_t,12,0.0115
E1_costlyxcostly_beta1.5,costly,costly,1.5,all,U_t,0,1.0
E1_costlyxcostly_beta1.5,costly,costly,1.5,all,U_t,1,0.982
E1_costlyxcostly_beta1.5,costly,costly,1.5,all,U_t,2,0.966
E1_costlyxcostly_beta1.5,costly,costly,1.5,all,U_t,3,0.95
E1_costlyxcostly_beta1.5,costly,costly,1.5,all,U_t,4,0.928
E1_costlyxcostly_beta1.5,costly,costly,1.5,all,U_t,5,0.915
E1_costlyxcostly_beta1.5,costly,costly,1.5,all,U_t,6,0.903
E1_costlyxcostly_beta1.5,costly,costly,1.5,all,U_t,7,0.891
E1_costlyxcostly_beta1.5,costly,costly,1.5,all,U_t,8,0.881
E1_costlyxcostly_beta1.5,costly,costly,1.5,all,U_t,9,0.8715
E1_costlyxcostly_beta1.5,costly,costly,1.5,all,U_t,10,0.856
E1_costlyxcostly_beta1.5,costly,costly,1.5,all,U_t,11,0.8415
E1_costlyxcostly_beta1.5,costly,costly,1.5,all,U_t,12,0.8265
E1_costlyxcostly_beta1.5,costly,costly,1.5,both_own,A_p_truth_t,0,0.5785119207586285
E1_costlyxcostly_beta1.5,costly,costly,1.5,both_own,A_p_truth_t,1,0.6721967005026436
E1_costlyxcostly_beta1.5,costly,costly,1.5,both_own,A_p_truth_t,2,0.6952985523927456
E1_costlyxcostly_beta1.5,costly,costly,1.5,both_own,A_p_truth_t,3,0.7081323489436698
E1_costlyxcostly_beta1.5,costly,costly,1.5,both_own,A_p_truth_t,4,0.717186726833717
E1_costlyxcostly_beta1.5,costly,costly,1.5,both_own,A_p_truth_t,5,0.7242941762060864
E1_costlyxcostly_beta1.5,costly,costly,1.5,both_own,A_p_truth_t,6,0.7283782118713675
E1_costlyxcostly_beta1.5,costly,costly,1.5,both_own,A_p_truth_t,7,0.7315872335115325
E1_costlyxcostly_beta1.5,costly,costly,1.5,both_own,A_p_truth_t,8,0.732972252510576
E1_costlyxcostly_beta1.5,costly,costly,1.5,both_own,A_p_truth_t,9,0.7351843541157917
E1_costlyxcostly_beta1.5,costly,costly,1.5,both_own,A_p_truth_t,10,0.7383615363955344
E1_costlyxcostly_beta1.5,costly,costly,1.5,both_own,A_p_truth_t,11,0.7398564125448291
E1_costlyxcostly_beta1.5,costly,costly,1.5,both_own,A_p_truth_t,12,0.7427249334005138
E1_costlyxcostly_beta1.5,costly,costly,1.5,both_own,B_p_truth_t,0,0.5569499366529735
E1_costlyxcostly_beta1.5,costly,costly,1.5,both_own,B_p_truth_t,1,0.637296336436086
E1_costlyxcostly_beta1.5,costly,costly,1.5,both_own,B_p_truth_t,2,0.6534770912107353
E1_costlyxcostly_beta1.5,costly,costly,1.5,both_own,B_p_truth_t,3,0.674270689291522
E1_costlyxcostly_beta1.5,costly,costly,1.5,both_own,B_p_truth_t,4,0.6861129776845122
E1_costlyxcostly_beta1.5,costly,costly,1.5,both_own,B_p_truth_t,5,0.6947960095715883
E1_costlyxcostly_beta1.5,costly,costly,1.5,both_own,B_p_truth_t,6,0.7034968795459902
E1_costlyxcostly_beta1.5,costly,costly,1.5,both_own,B_p_truth_t,7,0.7102273915486262
E1_costlyxcostly_beta1.5,costly,costly,1.5,both_own,B_p_truth_t,8,0.7148568603765215
E1_costlyxcostly_beta1.5,costly,costly,1.5,both_own,B_p_truth_t,9,0.7205523832562403
E1_costlyxcostly_beta1.5,costly,costly,1.5,both_own,B_p_truth_t,10,0.7219527480868534
E1_costlyxcostly_beta1.5,costly,costly,1.5,both_own,B_p_truth_t,11,0.7251576653855023
E1_costlyxcostly_beta1.5,costly,costly,1.5,both_own,B_p_truth_t,12,0.727939586705987
E1_costlyxcostly_beta1.5,costly,costly,1.5,both_own,nonc_mutual_t,1,1.0
E1_costlyxcostly_beta1.5,costly,costly,1.5,both_own,nonc_mutual_t,2,1.0
E1_costlyxcostly_beta1.5,costly,costly,1.5,both_own,nonc_mutual_t,3,1.0
E1_costlyxcostly_beta1.5,costly,costly,1.5,both_own,nonc_mutual_t,4,0.9979508196721312
E1_costlyxcostly_beta1.5,costly,costly,1.5,both_own,nonc_mutual_t,5,0.9979508196721312
E1_costlyxcostly_beta1.5,costly,costly,1.5,both_own,nonc_mutual_t,6,0.9938524590163934
E1_costlyxcostly_beta1.5,costly,costly,1.5,both_own,nonc_mutual_t,7,0.9979508196721312
E1_costlyxcostly_beta1.5,costly,costly,1.5,both_own,nonc_mutual_t,8,0.9938524590163934
E1_costlyxcostly_beta1.5,costly,costly,1.5,both_own,nonc_mutual_t,9,0.9979508196721312
E1_costlyxcostly_beta1.5,costly,costly,1.5,both_own,nonc_mutual_t,10,0.9979508196721312
E1_costlyxcostly_beta1.5,costly,costly,1.5,both_own,nonc_mutual_t,11,0.9959016393442623
E1_costlyxcostly_beta1.5,costly,costly,1.5,both_own,nonc_mutual_t,12,0.9938524590163934
E1_costlyxcostly_beta1.5,costly,costly,1.5,both_own,A_concede_t,1,0.0
E1_costlyxcostly_beta1.5,costly,costly,1.5,both_own,A_concede_t,2,0.0
E1_costlyxcostly_beta1.5,costly,costly,1.5,both_own,A_concede_t,3,0.0
E1_costlyxcostly_beta1.5,costly,costly,1.5,both_own,A_concede_t,4,0.0020491803278688526
E1_costlyxcostly_beta1.5,costly,costly,1.5,both_own,A_concede_t,5,0.0020491803278688526
E1_costlyxcostly_beta1.5,costly,costly,1.5,both_own,A_concede_t,6,0.0020491803278688526
E1_costlyxcostly_beta1.5,costly,costly,1.5,both_own,A_concede_t,7,0.0
E1_costlyxcostly_beta1.5,costly,costly,1.5,both_own,A_concede_t,8,0.0020491803278688526
E1_costlyxcostly_beta1.5,costly,costly,1.5,both_own,A_concede_t,9,0.0
E1_costlyxcostly_beta1.5,costly,costly,1.5,both_own,A_concede_t,10,0.0020491803278688526
E1_costlyxcostly_beta1.5,costly,costly,1.5,both_own,A_concede_t,11,0.0020491803278688526
E1_costlyxcostly_beta1.5,costly,costly,1.5,both_own,A_concede_t,12,0.0020491803278688526
E1_costlyxcostly_beta1.5,costly,costly,1.5,both_own,B_concede_t,1,0.0
E1_costlyxcostly_beta1.5,costly,costly,1.5,both_own,B_concede_t,2,0.0
E1_costlyxcostly_beta1.5,costly,costly,1.5,both_own,B_concede_t,3,0.0
E1_costlyxcostly_beta1.5,costly,costly,1.5,both_own,B_concede_t,4,0.0
E1_costlyxcostly_beta1.5,costly,costly,1.5,both_own,B_concede_t,5,0.0
E1_costlyxcostly_beta1.5,costly,costly,1.5,both_own,B_concede_t,6,0.004098360655737705
E1_costlyxcostly_beta1.5,costly,costly,1.5,both_own,B_concede_t,7,0.0020491803278688526
E1_costlyxcostly_beta1.5,costly,costly,1.5,both_own,B_concede_t,8,0.004098360655737705
E1_costlyxcostly_beta1.5,costly,costly,1.5,both_own,B_concede_t,9,0.0020491803278688526
E1_costlyxcostly_beta1.5,costly,costly,1.5,both_own,B_concede_t,10,0.0
E1_costlyxcostly_beta1.5,costly,costly,1.5,both_own,B_concede_t,11,0.0020491803278688526
E1_costlyxcostly_beta1.5,costly,costly,1.5,both_own,B_concede_t,12,0.004098360655737705
E1_costlyxcostly_beta1.5,costly,costly,1.5,both_own,U_t,0,1.0
E1_costlyxcostly_beta1.5,costly,costly,1.5,both_own,U_t,1,1.0
E1_costlyxcostly_beta1.5,costly,costly,1.5,both_own,U_t,2,1.0
E1_costlyxcostly_beta1.5,costly,costly,1.5,both_own,U_t,3,1.0
E1_costlyxcostly_beta1.5,costly,costly,1.5,both_own,U_t,4,0.9979508196721312
E1_costlyxcostly_beta1.5,costly,costly,1.5,both_own,U_t,5,0.9959016393442623
E1_costlyxcostly_beta1.5,costly,costly,1.5,both_own,U_t,6,0.9918032786885246
E1_costlyxcostly_beta1.5,costly,costly,1.5,both_own,U_t,7,0.9897540983606558
E1_costlyxcostly_beta1.5,costly,costly,1.5,both_own,U_t,8,0.985655737704918
E1_costlyxcostly_beta1.5,costly,costly,1.5,both_own,U_t,9,0.985655737704918
E1_costlyxcostly_beta1.5,costly,costly,1.5,both_own,U_t,10,0.985655737704918
E1_costlyxcostly_beta1.5,costly,costly,1.5,both_own,U_t,11,0.9836065573770492
E1_costlyxcostly_beta1.5,costly,costly,1.5,both_own,U_t,12,0.9795081967213115
E1_costlyxmixed_beta1.5,costly,mixed,1.5,all,A_p_truth_t,0,0.7861258782201477
E1_costlyxmixed_beta1.5,costly,mixed,1.5,all,A_p_truth_t,1,0.8593482055451602
E1_costlyxmixed_beta1.5,costly,mixed,1.5,all,A_p_truth_t,2,0.8704335763719494
E1_costlyxmixed_beta1.5,costly,mixed,1.5,all,A_p_truth_t,3,0.8770398197929379
E1_costlyxmixed_beta1.5,costly,mixed,1.5,all,A_p_truth_t,4,0.8808988907350598
E1_costlyxmixed_beta1.5,costly,mixed,1.5,all,A_p_truth_t,5,0.8846764785939402
E1_costlyxmixed_beta1.5,costly,mixed,1.5,all,A_p_truth_t,6,0.886903644978773
E1_costlyxmixed_beta1.5,costly,mixed,1.5,all,A_p_truth_t,7,0.8883376889056093
E1_costlyxmixed_beta1.5,costly,mixed,1.5,all,A_p_truth_t,8,0.8890475068183948
E1_costlyxmixed_beta1.5,costly,mixed,1.5,all,A_p_truth_t,9,0.8902259309492956
E1_costlyxmixed_beta1.5,costly,mixed,1.5,all,A_p_truth_t,10,0.8915235819113914
E1_costlyxmixed_beta1.5,costly,mixed,1.5,all,A_p_truth_t,11,0.8924279080249786
E1_costlyxmixed_beta1.5,costly,mixed,1.5,all,A_p_truth_t,12,0.8937348622926174
E1_costlyxmixed_beta1.5,costly,mixed,1.5,all,B_p_truth_t,0,0.7856867681498896
E1_costlyxmixed_beta1.5,costly,mixed,1.5,all,B_p_truth_t,1,0.8327251325565105
E1_costlyxmixed_beta1.5,costly,mixed,1.5,all,B_p_truth_t,2,0.8425559688522923
E1_costlyxmixed_beta1.5,costly,mixed,1.5,all,B_p_truth_t,3,0.8473472317919526
E1_costlyxmixed_beta1.5,costly,mixed,1.5,all,B_p_truth_t,4,0.8513608446227084
E1_costlyxmixed_beta1.5,costly,mixed,1.5,all,B_p_truth_t,5,0.8537495876018399
E1_costlyxmixed_beta1.5,costly,mixed,1.5,all,B_p_truth_t,6,0.855615611803512
E1_costlyxmixed_beta1.5,costly,mixed,1.5,all,B_p_truth_t,7,0.8574497741860039
E1_costlyxmixed_beta1.5,costly,mixed,1.5,all,B_p_truth_t,8,0.858596297218467
E1_costlyxmixed_beta1.5,costly,mixed,1.5,all,B_p_truth_t,9,0.8600810178495594
E1_costlyxmixed_beta1.5,costly,mixed,1.5,all,B_p_truth_t,10,0.8605842520131788
E1_costlyxmixed_beta1.5,costly,mixed,1.5,all,B_p_truth_t,11,0.8612549756169696
E1_costlyxmixed_beta1.5,costly,mixed,1.5,all,B_p_truth_t,12,0.8617567985896534
E1_costlyxmixed_beta1.5,costly,mixed,1.5,all,nonc_mutual_t,1,0.8475
E1_costlyxmixed_beta1.5,costly,mixed,1.5,all,nonc_mutual_t,2,0.8545
E1_costlyxmixed_beta1.5,costly,mixed,1.5,all,nonc_mutual_t,3,0.838
E1_costlyxmixed_beta1.5,costly,mixed,1.5,all,nonc_mutual_t,4,0.835
E1_costlyxmixed_beta1.5,costly,mixed,1.5,all,nonc_mutual_t,5,0.8525
E1_costlyxmixed_beta1.5,costly,mixed,1.5,all,nonc_mutual_t,6,0.8395
E1_costlyxmixed_beta1.5,costly,mixed,1.5,all,nonc_mutual_t,7,0.825
E1_costlyxmixed_beta1.5,costly,mixed,1.5,all,nonc_mutual_t,8,0.835
E1_costlyxmixed_beta1.5,costly,mixed,1.5,all,nonc_mutual_t,9,0.833
E1_costlyxmixed_beta1.5,costly,mixed,1.5,all,nonc_mutual_t,10,0.8305
E1_costlyxmixed_beta1.5,costly,mixed,1.5,all,nonc_mutual_t,11,0.834
E1_costlyxmixed_beta1.5,costly,mixed,1.5,all,nonc_mutual_t,12,0.8345
E1_costlyxmixed_beta1.5,costly,mixed,1.5,all,A_concede_t,1,0.003
E1_costlyxmixed_beta1.5,costly,mixed,1.5,all,A_concede_t,2,0.008
E1_costlyxmixed_beta1.5,costly,mixed,1.5,all,A_concede_t,3,0.009
E1_costlyxmixed_beta1.5,costly,mixed,1.5,all,A_concede_t,4,0.0135
E1_costlyxmixed_beta1.5,costly,mixed,1.5,all,A_concede_t,5,0.0055
E1_costlyxmixed_beta1.5,costly,mixed,1.5,all,A_concede_t,6,0.007
E1_costlyxmixed_beta1.5,costly,mixed,1.5,all,A_concede_t,7,0.008
E1_costlyxmixed_beta1.5,costly,mixed,1.5,all,A_concede_t,8,0.01
E1_costlyxmixed_beta1.5,costly,mixed,1.5,all,A_concede_t,9,0.0075
E1_costlyxmixed_beta1.5,costly,mixed,1.5,all,A_concede_t,10,0.013
E1_costlyxmixed_beta1.5,costly,mixed,1.5,all,A_concede_t,11,0.008
E1_costlyxmixed_beta1.5,costly,mixed,1.5,all,A_concede_t,12,0.012
E1_costlyxmixed_beta1.5,costly,mixed,1.5,all,B_concede_t,1,0.1495
E1_costlyxmixed_beta1.5,costly,mixed,1.5,all,B_concede_t,2,0.1375
E1_costlyxmixed_beta1.5,costly,mixed,1.5,all,B_concede_t,3,0.153
E1_costlyxmixed_beta1.5,costly,mixed,1.5,all,B_concede_t,4,0.1515
E1_costlyxmixed_beta1.5,costly,mixed,1.5,all,B_concede_t,5,0.142
E1_costlyxmixed_beta1.5,costly,mixed,1.5,all,B_concede_t,6,0.154
E1_costlyxmixed_beta1.5,costly,mixed,1.5,all,B_concede_t,7,0.167
E1_costlyxmixed_beta1.5,costly,mixed,1.5,all,B_concede_t,8,0.155
E1_costlyxmixed_beta1.5,costly,mixed,1.5,all,B_concede_t,9,0.1595
E1_costlyxmixed_beta1.5,costly,mixed,1.5,all,B_concede_t,10,0.1565
E1_costlyxmixed_beta1.5,costly,mixed,1.5,all,B_concede_t,11,0.158
E1_costlyxmixed_beta1.5,costly,mixed,1.5,all,B_concede_t,12,0.1535
E1_costlyxmixed_beta1.5,costly,mixed,1.5,all,U_t,0,1.0
E1_costlyxmixed_beta1.5,costly,mixed,1.5,all,U_t,1,0.8475
E1_costlyxmixed_beta1.5,costly,mixed,1.5,all,U_t,2,0.7575
E1_costlyxmixed_beta1.5,costly,mixed,1.5,all,U_t,3,0.7035
E1_costlyxmixed_beta1.5,costly,mixed,1.5,all,U_t,4,0.66
E1_costlyxmixed_beta1.5,costly,mixed,1.5,all,U_t,5,0.637
E1_costlyxmixed_beta1.5,costly,mixed,1.5,all,U_t,6,0.615
E1_costlyxmixed_beta1.5,costly,mixed,1.5,all,U_t,7,0.6
E1_costlyxmixed_beta1.5,costly,mixed,1.5,all,U_t,8,0.5845
E1_costlyxmixed_beta1.5,costly,mixed,1.5,all,U_t,9,0.579
E1_costlyxmixed_beta1.5,costly,mixed,1.5,all,U_t,10,0.5655
E1_costlyxmixed_beta1.5,costly,mixed,1.5,all,U_t,11,0.5625
E1_costlyxmixed_beta1.5,costly,mixed,1.5,all,U_t,12,0.553
E1_costlyxmixed_beta1.5,costly,mixed,1.5,both_own,A_p_truth_t,0,0.5785119207586285
E1_costlyxmixed_beta1.5,costly,mixed,1.5,both_own,A_p_truth_t,1,0.6565784684157782
E1_costlyxmixed_beta1.5,costly,mixed,1.5,both_own,A_p_truth_t,2,0.6737193772322833
E1_costlyxmixed_beta1.5,costly,mixed,1.5,both_own,A_p_truth_t,3,0.68992464022248
E1_costlyxmixed_beta1.5,costly,mixed,1.5,both_own,A_p_truth_t,4,0.7009115544180009
E1_costlyxmixed_beta1.5,costly,mixed,1.5,both_own,A_p_truth_t,5,0.7119503063385572
E1_costlyxmixed_beta1.5,costly,mixed,1.5,both_own,A_p_truth_t,6,0.717087209366155
E1_costlyxmixed_beta1.5,costly,mixed,1.5,both_own,A_p_truth_t,7,0.7213452078599714
E1_costlyxmixed_beta1.5,costly,mixed,1.5,both_own,A_p_truth_t,8,0.7211096994672698
E1_costlyxmixed_beta1.5,costly,mixed,1.5,both_own,A_p_truth_t,9,0.7246852074552798
E1_costlyxmixed_beta1.5,costly,mixed,1.5,both_own,A_p_truth_t,10,0.7275958444918544
E1_costlyxmixed_beta1.5,costly,mixed,1.5,both_own,A_p_truth_t,11,0.7306574880549952
E1_costlyxmixed_beta1.5,costly,mixed,1.5,both_own,A_p_truth_t,12,0.7344810826246637
E1_costlyxmixed_beta1.5,costly,mixed,1.5,both_own,B_p_truth_t,0,0.5569499366529735
E1_costlyxmixed_beta1.5,costly,mixed,1.5,both_own,B_p_truth_t,1,0.6036087302550848
E1_costlyxmixed_beta1.5,costly,mixed,1.5,both_own,B_p_truth_t,2,0.6148784511343461
E1_costlyxmixed_beta1.5,costly,mixed,1.5,both_own,B_p_truth_t,3,0.6286665073707769
E1_costlyxmixed_beta1.5,costly,mixed,1.5,both_own,B_p_truth_t,4,0.6409013791098177
E1_costlyxmixed_beta1.5,costly,mixed,1.5,both_own,B_p_truth_t,5,0.6484212518247386
E1_costlyxmixed_beta1.5,costly,mixed,1.5,both_own,B_p_truth_t,6,0.6549640062957984
E1_costlyxmixed_beta1.5,costly,mixed,1.5,both_own,B_p_truth_t,7,0.6609080505146401
E1_costlyxmixed_beta1.5,costly,mixed,1.5,both_own,B_p_truth_t,8,0.6648298673135409
E1_costlyxmixed_beta1.5,costly,mixed,1.5,both_own,B_p_truth_t,9,0.6692407236321363
E1_costlyxmixed_beta1.5,costly,mixed,1.5,both_own,B_p_truth_t,10,0.6707228757741995
E1_costlyxmixed_beta1.5,costly,mixed,1.5,both_own,B_p_truth_t,11,0.6726275310819436
E1_costlyxmixed_beta1.5,costly,mixed,1.5,both_own,B_p_truth_t,12,0.6742766014900343
E1_costlyxmixed_beta1.5,costly,mixed,1.5,both_own,nonc_mutual_t,1,1.0
E1_costlyxmixed_beta1.5,costly,mixed,1.5,both_own,nonc_mutual_t,2,1.0
E1_costlyxmixed_beta1.5,costly,mixed,1.5,both_own,nonc_mutual_t,3,1.0
E1_costlyxmixed_beta1.5,costly,mixed,1.5,both_own,nonc_mutual_t,4,0.9959016393442623
E1_costlyxmixed_beta1.5,costly,mixed,1.5,both_own,nonc_mutual_t,5,0.9959016393442623
E1_costlyxmixed_beta1.5,costly,mixed,1.5,both_own,nonc_mutual_t,6,0.9897540983606558
E1_costlyxmixed_beta1.5,costly,mixed,1.5,both_own,nonc_mutual_t,7,0.9938524590163934
E1_costlyxmixed_beta1.5,costly,mixed,1.5,both_own,nonc_mutual_t,8,0.9959016393442623
E1_costlyxmixed_beta1.5,costly,mixed,1.5,both_own,nonc_mutual_t,9,0.9918032786885246
E1_costlyxmixed_beta1.5,costly,mixed,1.5,both_own,nonc_mutual_t,10,0.9836065573770492
E1_costlyxmixed_beta1.5,costly,mixed,1.5,both_own,nonc_mutual_t,11,0.9897540983606558
E1_costlyxmixed_beta1.5,costly,mixed,1.5,both_own,nonc_mutual_t,12,0.9877049180327869
E1_costlyxmixed_beta1.5,costly,mixed,1.5,both_own,A_concede_t,1,0.0
E1_costlyxmixed_beta1.5,costly,mixed,1.5,both_own,A_concede_t,2,0.0
E1_costlyxmixed_beta1.5,costly,mixed,1.5,both_own,A_concede_t,3,0.0
E1_costlyxmixed_beta1.5,costly,mixed,1.5,both_own,A_concede_t,4,0.0020491803278688526
E1_costlyxmixed_beta1.5,costly,mixed,1.5,both_own,A_concede_t,5,0.0020491803278688526
E1_costlyxmixed_beta1.5,costly,mixed,1.5,both_own,A_concede_t,6,0.0020491803278688526
E1_costlyxmixed_beta1.5,costly,mixed,1.5,both_own,A_concede_t,7,0.0
E1_costlyxmixed_beta1.5,costly,mixed,1.5,both_own,A_concede_t,8,0.0020491803278688526
E1_costlyxmixed_beta1.5,costly,mixed,1.5,both_own,A_concede_t,9,0.0
E1_costlyxmixed_beta1.5,costly,mixed,1.5,both_own,A_concede_t,10,0.0020491803278688526
E1_costlyxmixed_beta1.5,costly,mixed,1.5,both_own,A_concede_t,11,0.0020491803278688526
E1_costlyxmixed_beta1.5,costly,mixed,1.5,both_own,A_concede_t,12,0.004098360655737705
E1_costlyxmixed_beta1.5,costly,mixed,1.5,both_own,B_concede_t,1,0.0
E1_costlyxmixed_beta1.5,costly,mixed,1.5,both_own,B_concede_t,2,0.0
E1_costlyxmixed_beta1.5,costly,mixed,1.5,both_own,B_concede_t,3,0.0
E1_costlyxmixed_beta1.5,costly,mixed,1.5,both_own,B_concede_t,4,0.0020491803278688526
E1_costlyxmixed_beta1.5,costly,mixed,1.5,both_own,B_concede_t,5,0.0020491803278688526
E1_costlyxmixed_beta1.5,costly,mixed,1.5,both_own,B_concede_t,6,0.00819672131147541
E1_costlyxmixed_beta1.5,costly,mixed,1.5,both_own,B_concede_t,7,0.006147540983606557
E1_costlyxmixed_beta1.5,costly,mixed,1.5,both_own,B_concede_t,8,0.0020491803278688526
E1_costlyxmixed_beta1.5,costly,mixed,1.5,both_own,B_concede_t,9,0.00819672131147541
E1_costlyxmixed_beta1.5,costly,mixed,1.5,both_own,B_concede_t,10,0.014344262295081968
E1_costlyxmixed_beta1.5,costly,mixed,1.5,both_own,B_concede_t,11,0.00819672131147541
E1_costlyxmixed_beta1.5,costly,mixed,1.5,both_own,B_concede_t,12,0.00819672131147541
E1_costlyxmixed_beta1.5,costly,mixed,1.5,both_own,U_t,0,1.0
E1_costlyxmixed_beta1.5,costly,mixed,1.5,both_own,U_t,1,1.0
E1_costlyxmixed_beta1.5,costly,mixed,1.5,both_own,U_t,2,1.0
E1_costlyxmixed_beta1.5,costly,mixed,1.5,both_own,U_t,3,1.0
E1_costlyxmixed_beta1.5,costly,mixed,1.5,both_own,U_t,4,0.9959016393442623
E1_costlyxmixed_beta1.5,costly,mixed,1.5,both_own,U_t,5,0.9918032786885246
E1_costlyxmixed_beta1.5,costly,mixed,1.5,both_own,U_t,6,0.9836065573770492
E1_costlyxmixed_beta1.5,costly,mixed,1.5,both_own,U_t,7,0.9836065573770492
E1_costlyxmixed_beta1.5,costly,mixed,1.5,both_own,U_t,8,0.985655737704918
E1_costlyxmixed_beta1.5,costly,mixed,1.5,both_own,U_t,9,0.9815573770491803
E1_costlyxmixed_beta1.5,costly,mixed,1.5,both_own,U_t,10,0.9713114754098361
E1_costlyxmixed_beta1.5,costly,mixed,1.5,both_own,U_t,11,0.9651639344262295
E1_costlyxmixed_beta1.5,costly,mixed,1.5,both_own,U_t,12,0.9590163934426229
E1_mixedxhonest_beta1.5,mixed,honest,1.5,all,A_p_truth_t,0,0.7861258782201477
E1_mixedxhonest_beta1.5,mixed,honest,1.5,all,A_p_truth_t,1,0.8425589284540222
E1_mixedxhonest_beta1.5,mixed,honest,1.5,all,A_p_truth_t,2,0.8514794504140264
E1_mixedxhonest_beta1.5,mixed,honest,1.5,all,A_p_truth_t,3,0.8554900279211171
E1_mixedxhonest_beta1.5,mixed,honest,1.5,all,A_p_truth_t,4,0.8579822827368938
E1_mixedxhonest_beta1.5,mixed,honest,1.5,all,A_p_truth_t,5,0.8597490561225402
E1_mixedxhonest_beta1.5,mixed,honest,1.5,all,A_p_truth_t,6,0.8609025945223485
E1_mixedxhonest_beta1.5,mixed,honest,1.5,all,A_p_truth_t,7,0.8617650537297756
E1_mixedxhonest_beta1.5,mixed,honest,1.5,all,A_p_truth_t,8,0.8628537055562113
E1_mixedxhonest_beta1.5,mixed,honest,1.5,all,A_p_truth_t,9,0.8636254617852049
E1_mixedxhonest_beta1.5,mixed,honest,1.5,all,A_p_truth_t,10,0.8646608701597406
E1_mixedxhonest_beta1.5,mixed,honest,1.5,all,A_p_truth_t,11,0.8655650180760006
E1_mixedxhonest_beta1.5,mixed,honest,1.5,all,A_p_truth_t,12,0.8661664420356958
E1_mixedxhonest_beta1.5,mixed,honest,1.5,all,B_p_truth_t,0,0.7856867681498896
E1_mixedxhonest_beta1.5,mixed,honest,1.5,all,B_p_truth_t,1,0.8532878077665338
E1_mixedxhonest_beta1.5,mixed,honest,1.5,all,B_p_truth_t,2,0.8641516085227021
E1_mixedxhonest_beta1.5,mixed,honest,1.5,all,B_p_truth_t,3,0.868497873202667
E1_mixedxhonest_beta1.5,mixed,honest,1.5,all,B_p_truth_t,4,0.8710546360942809
E1_mixedxhonest_beta1.5,mixed,honest,1.5,all,B_p_truth_t,5,0.872623576512948
E1_mixedxhonest_beta1.5,mixed,honest,1.5,all,B_p_truth_t,6,0.8740217842780206
E1_mixedxhonest_beta1.5,mixed,honest,1.5,all,B_p_truth_t,7,0.8745536774402078
E1_mixedxhonest_beta1.5,mixed,honest,1.5,all,B_p_truth_t,8,0.8744394013884526
E1_mixedxhonest_beta1.5,mixed,honest,1.5,all,B_p_truth_t,9,0.8752576498947444
E1_mixedxhonest_beta1.5,mixed,honest,1.5,all,B_p_truth_t,10,0.8751066678064215
E1_mixedxhonest_beta1.5,mixed,honest,1.5,all,B_p_truth_t,11,0.8754782231227612
E1_mixedxhonest_beta1.5,mixed,honest,1.5,all,B_p_truth_t,12,0.8754641915644864
E1_mixedxhonest_beta1.5,mixed,honest,1.5,all,nonc_mutual_t,1,0.534
E1_mixedxhonest_beta1.5,mixed,honest,1.5,all,nonc_mutual_t,2,0.46
E1_mixedxhonest_beta1.5,mixed,honest,1.5,all,nonc_mutual_t,3,0.4435
E1_mixedxhonest_beta1.5,mixed,honest,1.5,all,nonc_mutual_t,4,0.419
E1_mixedxhonest_beta1.5,mixed,honest,1.5,all,nonc_mutual_t,5,0.433
E1_mixedxhonest_beta1.5,mixed,honest,1.5,all,nonc_mutual_t,6,0.4315
E1_mixedxhonest_beta1.5,mixed,honest,1.5,all,nonc_mutual_t,7,0.4155
E1_mixedxhonest_beta1.5,mixed,honest,1.5,all,nonc_mutual_t,8,0.4155
E1_mixedxhonest_beta1.5,mixed,honest,1.5,all,nonc_mutual_t,9,0.424
E1_mixedxhonest_beta1.5,mixed,honest,1.5,all,nonc_mutual_t,10,0.4185
E1_mixedxhonest_beta1.5,mixed,honest,1.5,all,nonc_mutual_t,11,0.4205
E1_mixedxhonest_beta1.5,mixed,honest,1.5,all,nonc_mutual_t,12,0.4015
E1_mixedxhonest_beta1.5,mixed,honest,1.5,all,A_concede_t,1,0.0835
E1_mixedxhonest_beta1.5,mixed,honest,1.5,all,A_concede_t,2,0.1385
E1_mixedxhonest_beta1.5,mixed,honest,1.5,all,A_concede_t,3,0.1445
E1_mixedxhonest_beta1.5,mixed,honest,1.5,all,A_concede_t,4,0.1685
E1_mixedxhonest_beta1.5,mixed,honest,1.5,all,A_concede_t,5,0.1485
E1_mixedxhonest_beta1.5,mixed,honest,1.5,all,A_concede_t,6,0.149
E1_mixedxhonest_beta1.5,mixed,honest,1.5,all,A_concede_t,7,0.163
E1_mixedxhonest_beta1.5,mixed,honest,1.5,all,A_concede_t,8,0.1645
E1_mixedxhonest_beta1.5,mixed,honest,1.5,all,A_concede_t,9,0.1635
E1_mixedxhonest_beta1.5,mixed,honest,1.5,all,A_concede_t,10,0.1595
E1_mixedxhonest_beta1.5,mixed,honest,1.5,all,A_concede_t,11,0.1605
E1_mixedxhonest_beta1.5,mixed,honest,1.5,all,A_concede_t,12,0.1675
E1_mixedxhonest_beta1.5,mixed,honest,1.5,all,B_concede_t,1,0.3825
E1_mixedxhonest_beta1.5,mixed,honest,1.5,all,B_concede_t,2,0.4015
E1_mixedxhonest_beta1.5,mixed,honest,1.5,all,B_concede_t,3,0.413
E1_mixedxhonest_beta1.5,mixed,honest,1.5,all,B_concede_t,4,0.4125
E1_mixedxhonest_beta1.5,mixed,honest,1.5,all,B_concede_t,5,0.4185
E1_mixedxhonest_beta1.5,mixed,honest,1.5,all,B_concede_t,6,0.4195
E1_mixedxhonest_beta1.5,mixed,honest,1.5,all,B_concede_t,7,0.4215
E1_mixedxhonest_beta1.5,mixed,honest,1.5,all,B_concede_t,8,0.42
E1_mixedxhonest_beta1.5,mixed,honest,1.5,all,B_concede_t,9,0.4125
E1_mixedxhonest_beta1.5,mixed,honest,1.5,all,B_concede_t,10,0.4225
E1_mixedxhonest_beta1.5,mixed,honest,1.5,all,B_concede_t,11,0.4195
E1_mixedxhonest_beta1.5,mixed,honest,1.5,all,B_concede_t,12,0.431
E1_mixedxhonest_beta1.5,mixed,honest,1.5,all,U_t,0,1.0
E1_mixedxhonest_beta1.5,mixed,honest,1.5,all,U_t,1,0.534
E1_mixedxhonest_beta1.5,mixed,honest,1.5,all,U_t,2,0.3965
E1_mixedxhonest_beta1.5,mixed,honest,1.5,all,U_t,3,0.315
E1_mixedxhonest_beta1.5,mixed,honest,1.5,all,U_t,4,0.257
E1_mixedxhonest_beta1.5,mixed,honest,1.5,all,U_t,5,0.22
E1_mixedxhonest_beta1.5,mixed,honest,1.5,all,U_t,6,0.199
E1_mixedxhonest_beta1.5,mixed,honest,1.5,all,U_t,7,0.1865
E1_mixedxhonest_beta1.5,mixed,honest,1.5,all,U_t,8,0.172
E1_mixedxhonest_beta1.5,mixed,honest,1.5,all,U_t,9,0.1745
E1_mixedxhonest_beta1.5,mixed,honest,1.5,all,U_t,10,0.166
E1_mixedxhonest_beta1.5,mixed,honest,1.5,all,U_t,11,0.161
E1_mixedxhonest_beta1.5,mixed,honest,1.5,all,U_t,12,0.1565
E1_mixedxhonest_beta1.5,mixed,honest,1.5,both_own,A_p_truth_t,0,0.5785119207586285
E1_mixedxhonest_beta1.5,mixed,honest,1.5,both_own,A_p_truth_t,1,0.6379110339804575
E1_mixedxhonest_beta1.5,mixed,honest,1.5,both_own,A_p_truth_t,2,0.656531438890659
E1_mixedxhonest_beta1.5,mixed,honest,1.5,both_own,A_p_truth_t,3,0.6662047359482494
E1_mixedxhonest_beta1.5,mixed,honest,1.5,both_own,A_p_truth_t,4,0.6750381972262312
E1_mixedxhonest_beta1.5,mixed,honest,1.5,both_own,A_p_truth_t,5,0.6803788180110352
E1_mixedxhonest_beta1.5,mixed,honest,1.5,both_own,A_p_truth_t,6,0.68421220081612
E1_mixedxhonest_beta1.5,mixed,honest,1.5,both_own,A_p_truth_t,7,0.6872402816874417
E1_mixedxhonest_beta1.5,mixed,honest,1.5,both_own,A_p_truth_t,8,0.690191441851471
E1_mixedxhonest_beta1.5,mixed,honest,1.5,both_own,A_p_truth_t,9,0.6932328586652043
E1_mixedxhonest_beta1.5,mixed,honest,1.5,both_own,A_p_truth_t,10,0.6967179385514769
E1_mixedxhonest_beta1.5,mixed,honest,1.5,both_own,A_p_truth_t,11,0.6996988530270366
E1_mixedxhonest_beta1.5,mixed,honest,1.5,both_own,A_p_truth_t,12,0.7021513328485659
E1_mixedxhonest_beta1.5,mixed,honest,1.5,both_own,B_p_truth_t,0,0.5569499366529735
E1_mixedxhonest_beta1.5,mixed,honest,1.5,both_own,B_p_truth_t,1,0.6385924664039272
E1_mixedxhonest_beta1.5,mixed,honest,1.5,both_own,B_p_truth_t,2,0.6503147608990729
E1_mixedxhonest_beta1.5,mixed,honest,1.5,both_own,B_p_truth_t,3,0.6615778178294655
E1_mixedxhonest_beta1.5,mixed,honest,1.5,both_own,B_p_truth_t,4,0.669208374809613
E1_mixedxhonest_beta1.5,mixed,honest,1.5,both_own,B_p_truth_t,5,0.6739110265744719
E1_mixedxhonest_beta1.5,mixed,honest,1.5,both_own,B_p_truth_t,6,0.6789933870160397
E1_mixedxhonest_beta1.5,mixed,honest,1.5,both_own,B_p_truth_t,7,0.681761048465804
E1_mixedxhonest_beta1.5,mixed,honest,1.5,both_own,B_p_truth_t,8,0.6818326972403963
E1_mixedxhonest_beta1.5,mixed,honest,1.5,both_own,B_p_truth_t,9,0.6842531615006037
E1_mixedxhonest_beta1.5,mixed,honest,1.5,both_own,B_p_truth_t,10,0.6840925816239638
E1_mixedxhonest_beta1.5,mixed,honest,1.5,both_own,B_p_truth_t,11,0.6863926383440727
E1_mixedxhonest_beta1.5,mixed,honest,1.5,both_own,B_p_truth_t,12,0.6866635080692737
E1_mixedxhonest_beta1.5,mixed,honest,1.5,both_own,nonc_mutual_t,1,0.8422131147540983
E1_mixedxhonest_beta1.5,mixed,honest,1.5,both_own,nonc_mutual_t,2,0.8155737704918032
E1_mixedxhonest_beta1.5,mixed,honest,1.5,both_own,nonc_mutual_t,3,0.764344262295082
E1_mixedxhonest_beta1.5,mixed,honest,1.5,both_own,nonc_mutual_t,4,0.7602459016393442
E1_mixedxhonest_beta1.5,mixed,honest,1.5,both_own,nonc_mutual_t,5,0.735655737704918
E1_mixedxhonest_beta1.5,mixed,honest,1.5,both_own,nonc_mutual_t,6,0.7274590163934426
E1_mixedxhonest_beta1.5,mixed,honest,1.5,both_own,nonc_mutual_t,7,0.7131147540983607
E1_mixedxhonest_beta1.5,mixed,honest,1.5,both_own,nonc_mutual_t,8,0.7315573770491803
E1_mixedxhonest_beta1.5,mixed,honest,1.5,both_own,nonc_mutual_t,9,0.7397540983606558
E1_mixedxhonest_beta1.5,mixed,honest,1.5,both_own,nonc_mutual_t,10,0.7151639344262295
E1_mixedxhonest_beta1.5,mixed,honest,1.5,both_own,nonc_mutual_t,11,0.7336065573770492
E1_mixedxhonest_beta1.5,mixed,honest,1.5,both_own,nonc_mutual_t,12,0.6782786885245902
E1_mixedxhonest_beta1.5,mixed,honest,1.5,both_own,A_concede_t,1,0.0
E1_mixedxhonest_beta1.5,mixed,honest,1.5,both_own,A_concede_t,2,0.0020491803278688526
E1_mixedxhonest_beta1.5,mixed,honest,1.5,both_own,A_concede_t,3,0.0
E1_mixedxhonest_beta1.5,mixed,honest,1.5,both_own,A_concede_t,4,0.0
E1_mixedxhonest_beta1.5,mixed,honest,1.5,both_own,A_concede_t,5,0.004098360655737705
E1_mixedxhonest_beta1.5,mixed,honest,1.5,both_own,A_concede_t,6,0.0020491803278688526
E1_mixedxhonest_beta1.5,mixed,honest,1.5,both_own,A_concede_t,7,0.012295081967213115
E1_mixedxhonest_beta1.5,mixed,honest,1.5,both_own,A_concede_t,8,0.006147540983606557
E1_mixedxhonest_beta1.5,mixed,honest,1.5,both_own,A_concede_t,9,0.00819672131147541
E1_mixedxhonest_beta1.5,mixed,honest,1.5,both_own,A_concede_t,10,0.006147540983606557
E1_mixedxhonest_beta1.5,mixed,honest,1.5,both_own,A_concede_t,11,0.004098360655737705
E1_mixedxhonest_beta1.5,mixed,honest,1.5,both_own,A_concede_t,12,0.00819672131147541
E1_mixedxhonest_beta1.5,mixed,honest,1.5,both_own,B_concede_t,1,0.15778688524590165
E1_mixedxhonest_beta1.5,mixed,honest,1.5,both_own,B_concede_t,2,0.18237704918032788
E1_mixedxhonest_beta1.5,mixed,honest,1.5,both_own,B_concede_t,3,0.23565573770491804
E1_mixedxhonest_beta1.5,mixed,honest,1.5,both_own,B_concede_t,4,0.23975409836065573
E1_mixedxhonest_beta1.5,mixed,honest,1.5,both_own,B_concede_t,5,0.26024590163934425
E1_mixedxhonest_beta1.5,mixed,honest,1.5,both_own,B_concede_t,6,0.27049180327868855
E1_mixedxhonest_beta1.5,mixed,honest,1.5,both_own,B_concede_t,7,0.27459016393442626
E1_mixedxhonest_beta1.5,mixed,honest,1.5,both_own,B_concede_t,8,0.26229508196721313
E1_mixedxhonest_beta1.5,mixed,honest,1.5,both_own,B_concede_t,9,0.2520491803278688
E1_mixedxhonest_beta1.5,mixed,honest,1.5,both_own,B_concede_t,10,0.2786885245901639
E1_mixedxhonest_beta1.5,mixed,honest,1.5,both_own,B_concede_t,11,0.26229508196721313
E1_mixedxhonest_beta1.5,mixed,honest,1.5,both_own,B_concede_t,12,0.3135245901639344
E1_mixedxhonest_beta1.5,mixed,honest,1.5,both_own,U_t,0,1.0
E1_mixedxhonest_beta1.5,mixed,honest,1.5,both_own,U_t,1,0.8422131147540983
E1_mixedxhonest_beta1.5,mixed,honest,1.5,both_own,U_t,2,0.7520491803278688
E1_mixedxhonest_beta1.5,mixed,honest,1.5,both_own,U_t,3,0.680327868852459
E1_mixedxhonest_beta1.5,mixed,honest,1.5,both_own,U_t,4,0.6475409836065574
E1_mixedxhonest_beta1.5,mixed,honest,1.5,both_own,U_t,5,0.610655737704918
E1_mixedxhonest_beta1.5,mixed,honest,1.5,both_own,U_t,6,0.6147540983606558
E1_mixedxhonest_beta1.5,mixed,honest,1.5,both_own,U_t,7,0.6004098360655737
E1_mixedxhonest_beta1.5,mixed,honest,1.5,both_own,U_t,8,0.5819672131147541
E1_mixedxhonest_beta1.5,mixed,honest,1.5,both_own,U_t,9,0.5983606557377049
E1_mixedxhonest_beta1.5,mixed,honest,1.5,both_own,U_t,10,0.5799180327868853
E1_mixedxhonest_beta1.5,mixed,honest,1.5,both_own,U_t,11,0.5758196721311475
E1_mixedxhonest_beta1.5,mixed,honest,1.5,both_own,U_t,12,0.5676229508196722
E1_mixedxattenuated_beta1.5,mixed,attenuated,1.5,all,A_p_truth_t,0,0.7861258782201477
E1_mixedxattenuated_beta1.5,mixed,attenuated,1.5,all,A_p_truth_t,1,0.8420859490245945
E1_mixedxattenuated_beta1.5,mixed,attenuated,1.5,all,A_p_truth_t,2,0.8480580433277648
E1_mixedxattenuated_beta1.5,mixed,attenuated,1.5,all,A_p_truth_t,3,0.8506612383400998
E1_mixedxattenuated_beta1.5,mixed,attenuated,1.5,all,A_p_truth_t,4,0.8530556975700904
E1_mixedxattenuated_beta1.5,mixed,attenuated,1.5,all,A_p_truth_t,5,0.8549615679954428
E1_mixedxattenuated_beta1.5,mixed,attenuated,1.5,all,A_p_truth_t,6,0.8561824572013655
E1_mixedxattenuated_beta1.5,mixed,attenuated,1.5,all,A_p_truth_t,7,0.8566240071573875
E1_mixedxattenuated_beta1.5,mixed,attenuated,1.5,all,A_p_truth_t,8,0.8573227312812197
E1_mixedxattenuated_beta1.5,mixed,attenuated,1.5,all,A_p_truth_t,9,0.8579117649645792
E1_mixedxattenuated_beta1.5,mixed,attenuated,1.5,all,A_p_truth_t,10,0.858219306669442
E1_mixedxattenuated_beta1.5,mixed,attenuated,1.5,all,A_p_truth_t,11,0.8581834832912357
E1_mixedxattenuated_beta1.5,mixed,attenuated,1.5,all,A_p_truth_t,12,0.8586188357511502
E1_mixedxattenuated_beta1.5,mixed,attenuated,1.5,all,B_p_truth_t,0,0.7856867681498896
E1_mixedxattenuated_beta1.5,mixed,attenuated,1.5,all,B_p_truth_t,1,0.8048580870259636
E1_mixedxattenuated_beta1.5,mixed,attenuated,1.5,all,B_p_truth_t,2,0.8084597957775967
E1_mixedxattenuated_beta1.5,mixed,attenuated,1.5,all,B_p_truth_t,3,0.8098920380238693
E1_mixedxattenuated_beta1.5,mixed,attenuated,1.5,all,B_p_truth_t,4,0.8108995670294884
E1_mixedxattenuated_beta1.5,mixed,attenuated,1.5,all,B_p_truth_t,5,0.8117002660886463
E1_mixedxattenuated_beta1.5,mixed,attenuated,1.5,all,B_p_truth_t,6,0.8124159220461182
E1_mixedxattenuated_beta1.5,mixed,attenuated,1.5,all,B_p_truth_t,7,0.813076412972924
E1_mixedxattenuated_beta1.5,mixed,attenuated,1.5,all,B_p_truth_t,8,0.8134237065440295
E1_mixedxattenuated_beta1.5,mixed,attenuated,1.5,all,B_p_truth_t,9,0.8138550918519767
E1_mixedxattenuated_beta1.5,mixed,attenuated,1.5,all,B_p_truth_t,10,0.8140812709772844
E1_mixedxattenuated_beta1.5,mixed,attenuated,1.5,all,B_p_truth_t,11,0.814221797892446
E1_mixedxattenuated_beta1.5,mixed,attenuated,1.5,all,B_p_truth_t,12,0.8143118806262424
E1_mixedxattenuated_beta1.5,mixed,attenuated,1.5,all,nonc_mutual_t,1,0.557
E1_mixedxattenuated_beta1.5,mixed,attenuated,1.5,all,nonc_mutual_t,2,0.5115
E1_mixedxattenuated_beta1.5,mixed,attenuated,1.5,all,nonc_mutual_t,3,0.502
E1_mixedxattenuated_beta1.5,mixed,attenuated,1.5,all,nonc_mutual_t,4,0.479
E1_mixedxattenuated_beta1.5,mixed,attenuated,1.5,all,nonc_mutual_t,5,0.499
E1_mixedxattenuated_beta1.5,mixed,attenuated,1.5,all,nonc_mutual_t,6,0.497
E1_mixedxattenuated_beta1.5,mixed,attenuated,1.5,all,nonc_mutual_t,7,0.487
E1_mixedxattenuated_beta1.5,mixed,attenuated,1.5,all,nonc_mutual_t,8,0.483
E1_mixedxattenuated_beta1.5,mixed,attenuated,1.5,all,nonc_mutual_t,9,0.488
E1_mixedxattenuated_beta1.5,mixed,attenuated,1.5,all,nonc_mutual_t,10,0.4875
E1_mixedxattenuated_beta1.5,mixed,attenuated,1.5,all,nonc_mutual_t,11,0.4805
E1_mixedxattenuated_beta1.5,mixed,attenuated,1.5,all,nonc_mutual_t,12,0.483
E1_mixedxattenuated_beta1.5,mixed,attenuated,1.5,all,A_concede_t,1,0.0835
E1_mixedxattenuated_beta1.5,mixed,attenuated,1.5,all,A_concede_t,2,0.1325
E1_mixedxattenuated_beta1.5,mixed,attenuated,1.5,all,A_concede_t,3,0.1395
E1_mixedxattenuated_beta1.5,mixed,attenuated,1.5,all,A_concede_t,4,0.163
E1_mixedxattenuated_beta1.5,mixed,attenuated,1.5,all,A_concede_t,5,0.14
E1_mixedxattenuated_beta1.5,mixed,attenuated,1.5,all,A_concede_t,6,0.147
E1_mixedxattenuated_beta1.5,mixed,attenuated,1.5,all,A_concede_t,7,0.1545
E1_mixedxattenuated_beta1.5,mixed,attenuated,1.5,all,A_concede_t,8,0.1565
E1_mixedxattenuated_beta1.5,mixed,attenuated,1.5,all,A_concede_t,9,0.1585
E1_mixedxattenuated_beta1.5,mixed,attenuated,1.5,all,A_concede_t,10,0.155
E1_mixedxattenuated_beta1.5,mixed,attenuated,1.5,all,A_concede_t,11,0.1555
E1_mixedxattenuated_beta1.5,mixed,attenuated,1.5,all,A_concede_t,12,0.1575
E1_mixedxattenuated_beta1.5,mixed,attenuated,1.5,all,B_concede_t,1,0.362
E1_mixedxattenuated_beta1.5,mixed,attenuated,1.5,all,B_concede_t,2,0.359
E1_mixedxattenuated_beta1.5,mixed,attenuated,1.5,all,B_concede_t,3,0.363
E1_mixedxattenuated_beta1.5,mixed,attenuated,1.5,all,B_concede_t,4,0.361
E1_mixedxattenuated_beta1.5,mixed,attenuated,1.5,all,B_concede_t,5,0.3645
E1_mixedxattenuated_beta1.5,mixed,attenuated,1.5,all,B_concede_t,6,0.3585
E1_mixedxattenuated_beta1.5,mixed,attenuated,1.5,all,B_concede_t,7,0.3605
E1_mixedxattenuated_beta1.5,mixed,attenuated,1.5,all,B_concede_t,8,0.3615
E1_mixedxattenuated_beta1.5,mixed,attenuated,1.5,all,B_concede_t,9,0.355
E1_mixedxattenuated_beta1.5,mixed,attenuated,1.5,all,B_concede_t,10,0.3605
E1_mixedxattenuated_beta1.5,mixed,attenuated,1.5,all,B_concede_t,11,0.3655
E1_mixedxattenuated_beta1.5,mixed,attenuated,1.5,all,B_concede_t,12,0.3595
E1_mixedxattenuated_beta1.5,mixed,attenuated,1.5,all,U_t,0,1.0
E1_mixedxattenuated_beta1.5,mixed,attenuated,1.5,all,U_t,1,0.5595
E1_mixedxattenuated_beta1.5,mixed,attenuated,1.5,all,U_t,2,0.452
E1_mixedxattenuated_beta1.5,mixed,attenuated,1.5,all,U_t,3,0.3945
E1_mixedxattenuated_beta1.5,mixed,attenuated,1.5,all,U_t,4,0.3455
E1_mixedxattenuated_beta1.5,mixed,attenuated,1.5,all,U_t,5,0.319
E1_mixedxattenuated_beta1.5,mixed,attenuated,1.5,all,U_t,6,0.298
E1_mixedxattenuated_beta1.5,mixed,attenuated,1.5,all,U_t,7,0.284
E1_mixedxattenuated_beta1.5,mixed,attenuated,1.5,all,U_t,8,0.276
E1_mixedxattenuated_beta1.5,mixed,attenuated,1.5,all,U_t,9,0.272
E1_mixedxattenuated_beta1.5,mixed,attenuated,1.5,all,U_t,10,0.266
E1_mixedxattenuated_beta1.5,mixed,attenuated,1.5,all,U_t,11,0.2585
E1_mixedxattenuated_beta1.5,mixed,attenuated,1.5,all,U_t,12,0.255
E1_mixedxattenuated_beta1.5,mixed,attenuated,1.5,both_own,A_p_truth_t,0,0.5785119207586285
E1_mixedxattenuated_beta1.5,mixed,attenuated,1.5,both_own,A_p_truth_t,1,0.6234462704694987
E1_mixedxattenuated_beta1.5,mixed,attenuated,1.5,both_own,A_p_truth_t,2,0.634023210731466
E1_mixedxattenuated_beta1.5,mixed,attenuated,1.5,both_own,A_p_truth_t,3,0.6419621735796315
E1_mixedxattenuated_beta1.5,mixed,attenuated,1.5,both_own,A_p_truth_t,4,0.6498696150852836
E1_mixedxattenuated_beta1.5,mixed,attenuated,1.5,both_own,A_p_truth_t,5,0.6568210206535843
E1_mixedxattenuated_beta1.5,mixed,attenuated,1.5,both_own,A_p_truth_t,6,0.6606882215374754
E1_mixedxattenuated_beta1.5,mixed,attenuated,1.5,both_own,A_p_truth_t,7,0.6622967491764475
E1_mixedxattenuated_beta1.5,mixed,attenuated,1.5,both_own,A_p_truth_t,8,0.6645832673904968
E1_mixedxattenuated_beta1.5,mixed,attenuated,1.5,both_own,A_p_truth_t,9,0.6671141350081978
E1_mixedxattenuated_beta1.5,mixed,attenuated,1.5,both_own,A_p_truth_t,10,0.6688735788743817
E1_mixedxattenuated_beta1.5,mixed,attenuated,1.5,both_own,A_p_truth_t,11,0.6690062695814913
E1_mixedxattenuated_beta1.5,mixed,attenuated,1.5,both_own,A_p_truth_t,12,0.6720764859760985
E1_mixedxattenuated_beta1.5,mixed,attenuated,1.5,both_own,B_p_truth_t,0,0.5569499366529735
E1_mixedxattenuated_beta1.5,mixed,attenuated,1.5,both_own,B_p_truth_t,1,0.5714923617162365
E1_mixedxattenuated_beta1.5,mixed,attenuated,1.5,both_own,B_p_truth_t,2,0.5748184542636298
E1_mixedxattenuated_beta1.5,mixed,attenuated,1.5,both_own,B_p_truth_t,3,0.5789743027678486
E1_mixedxattenuated_beta1.5,mixed,attenuated,1.5,both_own,B_p_truth_t,4,0.5825455355002808
E1_mixedxattenuated_beta1.5,mixed,attenuated,1.5,both_own,B_p_truth_t,5,0.5852053150426838
E1_mixedxattenuated_beta1.5,mixed,attenuated,1.5,both_own,B_p_truth_t,6,0.5875121767444608
E1_mixedxattenuated_beta1.5,mixed,attenuated,1.5,both_own,B_p_truth_t,7,0.5897218096997686
E1_mixedxattenuated_beta1.5,mixed,attenuated,1.5,both_own,B_p_truth_t,8,0.5911252940532004
E1_mixedxattenuated_beta1.5,mixed,attenuated,1.5,both_own,B_p_truth_t,9,0.5924091015491169
E1_mixedxattenuated_beta1.5,mixed,attenuated,1.5,both_own,B_p_truth_t,10,0.5930485041164631
E1_mixedxattenuated_beta1.5,mixed,attenuated,1.5,both_own,B_p_truth_t,11,0.5931709621960957
E1_mixedxattenuated_beta1.5,mixed,attenuated,1.5,both_own,B_p_truth_t,12,0.593453625144036
E1_mixedxattenuated_beta1.5,mixed,attenuated,1.5,both_own,nonc_mutual_t,1,0.9897540983606558
E1_mixedxattenuated_beta1.5,mixed,attenuated,1.5,both_own,nonc_mutual_t,2,0.9979508196721312
E1_mixedxattenuated_beta1.5,mixed,attenuated,1.5,both_own,nonc_mutual_t,3,0.9979508196721312
E1_mixedxattenuated_beta1.5,mixed,attenuated,1.5,both_own,nonc_mutual_t,4,0.9979508196721312
E1_mixedxattenuated_beta1.5,mixed,attenuated,1.5,both_own,nonc_mutual_t,5,0.985655737704918
E1_mixedxattenuated_beta1.5,mixed,attenuated,1.5,both_own,nonc_mutual_t,6,0.9918032786885246
E1_mixedxattenuated_beta1.5,mixed,attenuated,1.5,both_own,nonc_mutual_t,7,0.9774590163934426
E1_mixedxattenuated_beta1.5,mixed,attenuated,1.5,both_own,nonc_mutual_t,8,0.9897540983606558
E1_mixedxattenuated_beta1.5,mixed,attenuated,1.5,both_own,nonc_mutual_t,9,0.985655737704918
E1_mixedxattenuated_beta1.5,mixed,attenuated,1.5,both_own,nonc_mutual_t,10,0.985655737704918
E1_mixedxattenuated_beta1.5,mixed,attenuated,1.5,both_own,nonc_mutual_t,11,0.9733606557377049
E1_mixedxattenuated_beta1.5,mixed,attenuated,1.5,both_own,nonc_mutual_t,12,0.9774590163934426
E1_mixedxattenuated_beta1.5,mixed,attenuated,1.5,both_own,A_concede_t,1,0.0
E1_mixedxattenuated_beta1.5,mixed,attenuated,1.5,both_own,A_concede_t,2,0.0020491803278688526
E1_mixedxattenuated_beta1.5,mixed,attenuated,1.5,both_own,A_concede_t,3,0.0
E1_mixedxattenuated_beta1.5,mixed,attenuated,1.5,both_own,A_concede_t,4,0.0
E1_mixedxattenuated_beta1.5,mixed,attenuated,1.5,both_own,A_concede_t,5,0.004098360655737705
E1_mixedxattenuated_beta1.5,mixed,attenuated,1.5,both_own,A_concede_t,6,0.004098360655737705
E1_mixedxattenuated_beta1.5,mixed,attenuated,1.5,both_own,A_concede_t,7,0.014344262295081968
E1_mixedxattenuated_beta1.5,mixed,attenuated,1.5,both_own,A_concede_t,8,0.006147540983606557
E1_mixedxattenuated_beta1.5,mixed,attenuated,1.5,both_own,A_concede_t,9,0.010245901639344262
E1_mixedxattenuated_beta1.5,mixed,attenuated,1.5,both_own,A_concede_t,10,0.006147540983606557
E1_mixedxattenuated_beta1.5,mixed,attenuated,1.5,both_own,A_concede_t,11,0.00819672131147541
E1_mixedxattenuated_beta1.5,mixed,attenuated,1.5,both_own,A_concede_t,12,0.010245901639344262
E1_mixedxattenuated_beta1.5,mixed,attenuated,1.5,both_own,B_concede_t,1,0.010245901639344262
E1_mixedxattenuated_beta1.5,mixed,attenuated,1.5,both_own,B_concede_t,2,0.0
E1_mixedxattenuated_beta1.5,mixed,attenuated,1.5,both_own,B_concede_t,3,0.0020491803278688526
E1_mixedxattenuated_beta1.5,mixed,attenuated,1.5,both_own,B_concede_t,4,0.0020491803278688526
E1_mixedxattenuated_beta1.5,mixed,attenuated,1.5,both_own,B_concede_t,5,0.010245901639344262
E1_mixedxattenuated_beta1.5,mixed,attenuated,1.5,both_own,B_concede_t,6,0.004098360655737705
E1_mixedxattenuated_beta1.5,mixed,attenuated,1.5,both_own,B_concede_t,7,0.00819672131147541
E1_mixedxattenuated_beta1.5,mixed,attenuated,1.5,both_own,B_concede_t,8,0.004098360655737705
E1_mixedxattenuated_beta1.5,mixed,attenuated,1.5,both_own,B_concede_t,9,0.004098360655737705
E1_mixedxattenuated_beta1.5,mixed,attenuated,1.5,both_own,B_concede_t,10,0.00819672131147541
E1_mixedxattenuated_beta1.5,mixed,attenuated,1.5,both_own,B_concede_t,11,0.018442622950819672
E1_mixedxattenuated_beta1.5,mixed,attenuated,1.5,both_own,B_concede_t,12,0.012295081967213115
E1_mixedxattenuated_beta1.5,mixed,attenuated,1.5,both_own,U_t,0,1.0
E1_mixedxattenuated_beta1.5,mixed,attenuated,1.5,both_own,U_t,1,0.9897540983606558
E1_mixedxattenuated_beta1.5,mixed,attenuated,1.5,both_own,U_t,2,0.9959016393442623
E1_mixedxattenuated_beta1.5,mixed,attenuated,1.5,both_own,U_t,3,0.9979508196721312
E1_mixedxattenuated_beta1.5,mixed,attenuated,1.5,both_own,U_t,4,0.9979508196721312
E1_mixedxattenuated_beta1.5,mixed,attenuated,1.5,both_own,U_t,5,0.9836065573770492
E1_mixedxattenuated_beta1.5,mixed,attenuated,1.5,both_own,U_t,6,0.9877049180327869
E1_mixedxattenuated_beta1.5,mixed,attenuated,1.5,both_own,U_t,7,0.9713114754098361
E1_mixedxattenuated_beta1.5,mixed,attenuated,1.5,both_own,U_t,8,0.9754098360655737
E1_mixedxattenuated_beta1.5,mixed,attenuated,1.5,both_own,U_t,9,0.9692622950819673
E1_mixedxattenuated_beta1.5,mixed,attenuated,1.5,both_own,U_t,10,0.9610655737704918
E1_mixedxattenuated_beta1.5,mixed,attenuated,1.5,both_own,U_t,11,0.944672131147541
E1_mixedxattenuated_beta1.5,mixed,attenuated,1.5,both_own,U_t,12,0.9405737704918032
E1_mixedxcostly_beta1.5,mixed,costly,1.5,all,A_p_truth_t,0,0.7861258782201477
E1_mixedxcostly_beta1.5,mixed,costly,1.5,all,A_p_truth_t,1,0.8359101270411908
E1_mixedxcostly_beta1.5,mixed,costly,1.5,all,A_p_truth_t,2,0.8462169016979442
E1_mixedxcostly_beta1.5,mixed,costly,1.5,all,A_p_truth_t,3,0.8509609385457156
E1_mixedxcostly_beta1.5,mixed,costly,1.5,all,A_p_truth_t,4,0.8536394616300033
E1_mixedxcostly_beta1.5,mixed,costly,1.5,all,A_p_truth_t,5,0.8556601510633262
E1_mixedxcostly_beta1.5,mixed,costly,1.5,all,A_p_truth_t,6,0.8572371889322855
E1_mixedxcostly_beta1.5,mixed,costly,1.5,all,A_p_truth_t,7,0.858151349400459
E1_mixedxcostly_beta1.5,mixed,costly,1.5,all,A_p_truth_t,8,0.8594112165776439
E1_mixedxcostly_beta1.5,mixed,costly,1.5,all,A_p_truth_t,9,0.8603136572421061
E1_mixedxcostly_beta1.5,mixed,costly,1.5,all,A_p_truth_t,10,0.861242701376412
E1_mixedxcostly_beta1.5,mixed,costly,1.5,all,A_p_truth_t,11,0.8621069258031812
E1_mixedxcostly_beta1.5,mixed,costly,1.5,all,A_p_truth_t,12,0.8626252108429486
E1_mixedxcostly_beta1.5,mixed,costly,1.5,all,B_p_truth_t,0,0.7856867681498896
E1_mixedxcostly_beta1.5,mixed,costly,1.5,all,B_p_truth_t,1,0.8532878077665338
E1_mixedxcostly_beta1.5,mixed,costly,1.5,all,B_p_truth_t,2,0.8648636612935403
E1_mixedxcostly_beta1.5,mixed,costly,1.5,all,B_p_truth_t,3,0.8720919374747819
E1_mixedxcostly_beta1.5,mixed,costly,1.5,all,B_p_truth_t,4,0.8766741718636915
E1_mixedxcostly_beta1.5,mixed,costly,1.5,all,B_p_truth_t,5,0.8803176098880008
E1_mixedxcostly_beta1.5,mixed,costly,1.5,all,B_p_truth_t,6,0.8832954553115344
E1_mixedxcostly_beta1.5,mixed,costly,1.5,all,B_p_truth_t,7,0.8857622811810991
E1_mixedxcostly_beta1.5,mixed,costly,1.5,all,B_p_truth_t,8,0.8872647342457659
E1_mixedxcostly_beta1.5,mixed,costly,1.5,all,B_p_truth_t,9,0.889864202905885
E1_mixedxcostly_beta1.5,mixed,costly,1.5,all,B_p_truth_t,10,0.890294298319813
E1_mixedxcostly_beta1.5,mixed,costly,1.5,all,B_p_truth_t,11,0.8916315828364322
E1_mixedxcostly_beta1.5,mixed,costly,1.5,all,B_p_truth_t,12,0.8921512849041173
E1_mixedxcostly_beta1.5,mixed,costly,1.5,all,nonc_mutual_t,1,0.9025
E1_mixedxcostly_beta1.5,mixed,costly,1.5,all,nonc_mutual_t,2,0.848
E1_mixedxcostly_beta1.5,mixed,costly,1.5,all,nonc_mutual_t,3,0.845
E1_mixedxcostly_beta1.5,mixed,costly,1.5,all,nonc_mutual_t,4,0.8205
E1_mixedxcostly_beta1.5,mixed,costly,1.5,all,nonc_mutual_t,5,0.839
E1_mixedxcostly_beta1.5,mixed,costly,1.5,all,nonc_mutual_t,6,0.8425
E1_mixedxcostly_beta1.5,mixed,costly,1.5,all,nonc_mutual_t,7,0.826
E1_mixedxcostly_beta1.5,mixed,costly,1.5,all,nonc_mutual_t,8,0.828
E1_mixedxcostly_beta1.5,mixed,costly,1.5,all,nonc_mutual_t,9,0.8255
E1_mixedxcostly_beta1.5,mixed,costly,1.5,all,nonc_mutual_t,10,0.829
E1_mixedxcostly_beta1.5,mixed,costly,1.5,all,nonc_mutual_t,11,0.8265
E1_mixedxcostly_beta1.5,mixed,costly,1.5,all,nonc_mutual_t,12,0.8195
E1_mixedxcostly_beta1.5,mixed,costly,1.5,all,A_concede_t,1,0.0835
E1_mixedxcostly_beta1.5,mixed,costly,1.5,all,A_concede_t,2,0.1405
E1_mixedxcostly_beta1.5,mixed,costly,1.5,all,A_concede_t,3,0.1445
E1_mixedxcostly_beta1.5,mixed,costly,1.5,all,A_concede_t,4,0.1695
E1_mixedxcostly_beta1.5,mixed,costly,1.5,all,A_concede_t,5,0.15
E1_mixedxcostly_beta1.5,mixed,costly,1.5,all,A_concede_t,6,0.149
E1_mixedxcostly_beta1.5,mixed,costly,1.5,all,A_concede_t,7,0.1625
E1_mixedxcostly_beta1.5,mixed,costly,1.5,all,A_concede_t,8,0.165
E1_mixedxcostly_beta1.5,mixed,costly,1.5,all,A_concede_t,9,0.1645
E1_mixedxcostly_beta1.5,mixed,costly,1.5,all,A_concede_t,10,0.1605
E1_mixedxcostly_beta1.5,mixed,costly,1.5,all,A_concede_t,11,0.161
E1_mixedxcostly_beta1.5,mixed,costly,1.5,all,A_concede_t,12,0.168
E1_mixedxcostly_beta1.5,mixed,costly,1.5,all,B_concede_t,1,0.014
E1_mixedxcostly_beta1.5,mixed,costly,1.5,all,B_concede_t,2,0.0115
E1_mixedxcostly_beta1.5,mixed,costly,1.5,all,B_concede_t,3,0.0105
E1_mixedxcostly_beta1.5,mixed,costly,1.5,all,B_concede_t,4,0.01
E1_mixedxcostly_beta1.5,mixed,costly,1.5,all,B_concede_t,5,0.011
E1_mixedxcostly_beta1.5,mixed,costly,1.5,all,B_concede_t,6,0.0085
E1_mixedxcostly_beta1.5,mixed,costly,1.5,all,B_concede_t,7,0.0115
E1_mixedxcostly_beta1.5,mixed,costly,1.5,all,B_concede_t,8,0.007
E1_mixedxcostly_beta1.5,mixed,costly,1.5,all,B_concede_t,9,0.01
E1_mixedxcostly_beta1.5,mixed,costly,1.5,all,B_concede_t,10,0.0105
E1_mixedxcostly_beta1.5,mixed,costly,1.5,all,B_concede_t,11,0.0125
E1_mixedxcostly_beta1.5,mixed,costly,1.5,all,B_concede_t,12,0.0125
E1_mixedxcostly_beta1.5,mixed,costly,1.5,all,U_t,0,1.0
E1_mixedxcostly_beta1.5,mixed,costly,1.5,all,U_t,1,0.9025
E1_mixedxcostly_beta1.5,mixed,costly,1.5,all,U_t,2,0.7925
E1_mixedxcostly_beta1.5,mixed,costly,1.5,all,U_t,3,0.72
E1_mixedxcostly_beta1.5,mixed,costly,1.5,all,U_t,4,0.6625
E1_mixedxcostly_beta1.5,mixed,costly,1.5,all,U_t,5,0.6255
E1_mixedxcostly_beta1.5,mixed,costly,1.5,all,U_t,6,0.598
E1_mixedxcostly_beta1.5,mixed,costly,1.5,all,U_t,7,0.5795
E1_mixedxcostly_beta1.5,mixed,costly,1.5,all,U_t,8,0.563
E1_mixedxcostly_beta1.5,mixed,costly,1.5,all,U_t,9,0.5545
E1_mixedxcostly_beta1.5,mixed,costly,1.5,all,U_t,10,0.5395
E1_mixedxcostly_beta1.5,mixed,costly,1.5,all,U_t,11,0.525
E1_mixedxcostly_beta1.5,mixed,costly,1.5,all,U_t,12,0.515
E1_mixedxcostly_beta1.5,mixed,costly,1.5,both_own,A_p_truth_t,0,0.5785119207586285
E1_mixedxcostly_beta1.5,mixed,costly,1.5,both_own,A_p_truth_t,1,0.6339344204173418
E1_mixedxcostly_beta1.5,mixed,costly,1.5,both_own,A_p_truth_t,2,0.650234330006655
E1_mixedxcostly_beta1.5,mixed,costly,1.5,both_own,A_p_truth_t,3,0.6615080078648858
E1_mixedxcostly_beta1.5,mixed,costly,1.5,both_own,A_p_truth_t,4,0.6692882885261998
E1_mixedxcostly_beta1.5,mixed,costly,1.5,both_own,A_p_truth_t,5,0.6749229524568058
E1_mixedxcostly_beta1.5,mixed,costly,1.5,both_own,A_p_truth_t,6,0.6791857086483177
E1_mixedxcostly_beta1.5,mixed,costly,1.5,both_own,A_p_truth_t,7,0.6820010389340482
E1_mixedxcostly_beta1.5,mixed,costly,1.5,both_own,A_p_truth_t,8,0.6849424334899632
E1_mixedxcostly_beta1.5,mixed,costly,1.5,both_own,A_p_truth_t,9,0.6873600998481194
E1_mixedxcostly_beta1.5,mixed,costly,1.5,both_own,A_p_truth_t,10,0.6902053493583464
E1_mixedxcostly_beta1.5,mixed,costly,1.5,both_own,A_p_truth_t,11,0.6929810080435055
E1_mixedxcostly_beta1.5,mixed,costly,1.5,both_own,A_p_truth_t,12,0.694871799724991
E1_mixedxcostly_beta1.5,mixed,costly,1.5,both_own,B_p_truth_t,0,0.5569499366529735
E1_mixedxcostly_beta1.5,mixed,costly,1.5,both_own,B_p_truth_t,1,0.6385924664039272
E1_mixedxcostly_beta1.5,mixed,costly,1.5,both_own,B_p_truth_t,2,0.653783492992451
E1_mixedxcostly_beta1.5,mixed,costly,1.5,both_own,B_p_truth_t,3,0.6715577056245867
E1_mixedxcostly_beta1.5,mixed,costly,1.5,both_own,B_p_truth_t,4,0.6864007821121401
E1_mixedxcostly_beta1.5,mixed,costly,1.5,both_own,B_p_truth_t,5,0.6966578200171519
E1_mixedxcostly_beta1.5,mixed,costly,1.5,both_own,B_p_truth_t,6,0.7048187894889906
E1_mixedxcostly_beta1.5,mixed,costly,1.5,both_own,B_p_truth_t,7,0.7126373155043347
E1_mixedxcostly_beta1.5,mixed,costly,1.5,both_own,B_p_truth_t,8,0.7168780064037104
E1_mixedxcostly_beta1.5,mixed,costly,1.5,both_own,B_p_truth_t,9,0.7246950639656398
E1_mixedxcostly_beta1.5,mixed,costly,1.5,both_own,B_p_truth_t,10,0.725628901037498
E1_mixedxcostly_beta1.5,mixed,costly,1.5,both_own,B_p_truth_t,11,0.7299021715935895
E1_mixedxcostly_beta1.5,mixed,costly,1.5,both_own,B_p_truth_t,12,0.7317199501515181
E1_mixedxcostly_beta1.5,mixed,costly,1.5,both_own,nonc_mutual_t,1,1.0
E1_mixedxcostly_beta1.5,mixed,costly,1.5,both_own,nonc_mutual_t,2,0.9979508196721312
E1_mixedxcostly_beta1.5,mixed,costly,1.5,both_own,nonc_mutual_t,3,1.0
E1_mixedxcostly_beta1.5,mixed,costly,1.5,both_own,nonc_mutual_t,4,1.0
E1_mixedxcostly_beta1.5,mixed,costly,1.5,both_own,nonc_mutual_t,5,0.9959016393442623
E1_mixedxcostly_beta1.5,mixed,costly,1.5,both_own,nonc_mutual_t,6,0.9938524590163934
E1_mixedxcostly_beta1.5,mixed,costly,1.5,both_own,nonc_mutual_t,7,0.985655737704918
E1_mixedxcostly_beta1.5,mixed,costly,1.5,both_own,nonc_mutual_t,8,0.9897540983606558
E1_mixedxcostly_beta1.5,mixed,costly,1.5,both_own,nonc_mutual_t,9,0.9897540983606558
E1_mixedxcostly_beta1.5,mixed,costly,1.5,both_own,nonc_mutual_t,10,0.9918032786885246
E1_mixedxcostly_beta1.5,mixed,costly,1.5,both_own,nonc_mutual_t,11,0.9938524590163934
E1_mixedxcostly_beta1.5,mixed,costly,1.5,both_own,nonc_mutual_t,12,0.9877049180327869
E1_mixedxcostly_beta1.5,mixed,costly,1.5,both_own,A_concede_t,1,0.0
E1_mixedxcostly_beta1.5,mixed,costly,1.5,both_own,A_concede_t,2,0.0020491803278688526
E1_mixedxcostly_beta1.5,mixed,costly,1.5,both_own,A_concede_t,3,0.0
E1_mixedxcostly_beta1.5,mixed,costly,1.5,both_own,A_concede_t,4,0.0
E1_mixedxcostly_beta1.5,mixed,costly,1.5,both_own,A_concede_t,5,0.004098360655737705
E1_mixedxcostly_beta1.5,mixed,costly,1.5,both_own,A_concede_t,6,0.0020491803278688526
E1_mixedxcostly_beta1.5,mixed,costly,1.5,both_own,A_concede_t,7,0.012295081967213115
E1_mixedxcostly_beta1.5,mixed,costly,1.5,both_own,A_concede_t,8,0.006147540983606557
E1_mixedxcostly_beta1.5,mixed,costly,1.5,both_own,A_concede_t,9,0.00819672131147541
E1_mixedxcostly_beta1.5,mixed,costly,1.5,both_own,A_concede_t,10,0.00819672131147541
E1_mixedxcostly_beta1.5,mixed,costly,1.5,both_own,A_concede_t,11,0.004098360655737705
E1_mixedxcostly_beta1.5,mixed,costly,1.5,both_own,A_concede_t,12,0.00819672131147541
E1_mixedxcostly_beta1.5,mixed,costly,1.5,both_own,B_concede_t,1,0.0
E1_mixedxcostly_beta1.5,mixed,costly,1.5,both_own,B_concede_t,2,0.0
E1_mixedxcostly_beta1.5,mixed,costly,1.5,both_own,B_concede_t,3,0.0
E1_mixedxcostly_beta1.5,mixed,costly,1.5,both_own,B_concede_t,4,0.0
E1_mixedxcostly_beta1.5,mixed,costly,1.5,both_own,B_concede_t,5,0.0
E1_mixedxcostly_beta1.5,mixed,costly,1.5,both_own,B_concede_t,6,0.004098360655737705
E1_mixedxcostly_beta1.5,mixed,costly,1.5,both_own,B_concede_t,7,0.0020491803278688526
E1_mixedxcostly_beta1.5,mixed,costly,1.5,both_own,B_concede_t,8,0.004098360655737705
E1_mixedxcostly_beta1.5,mixed,costly,1.5,both_own,B_concede_t,9,0.0020491803278688526
E1_mixedxcostly_beta1.5,mixed,costly,1.5,both_own,B_concede_t,10,0.0
E1_mixedxcostly_beta1.5,mixed,costly,1.5,both_own,B_concede_t,11,0.0020491803278688526
E1_mixedxcostly_beta1.5,mixed,costly,1.5,both_own,B_concede_t,12,0.004098360655737705
E1_mixedxcostly_beta1.5,mixed,costly,1.5,both_own,U_t,0,1.0
E1_mixedxcostly_beta1.5,mixed,costly,1.5,both_own,U_t,1,1.0
E1_mixedxcostly_beta1.5,mixed,costly,1.5,both_own,U_t,2,0.9979508196721312
E1_mixedxcostly_beta1.5,mixed,costly,1.5,both_own,U_t,3,1.0
E1_mixedxcostly_beta1.5,mixed,costly,1.5,both_own,U_t,4,1.0
E1_mixedxcostly_beta1.5,mixed,costly,1.5,both_own,U_t,5,0.9959016393442623
E1_mixedxcostly_beta1.5,mixed,costly,1.5,both_own,U_t,6,0.9918032786885246
E1_mixedxcostly_beta1.5,mixed,costly,1.5,both_own,U_t,7,0.9795081967213115
E1_mixedxcostly_beta1.5,mixed,costly,1.5,both_own,U_t,8,0.9713114754098361
E1_mixedxcostly_beta1.5,mixed,costly,1.5,both_own,U_t,9,0.9651639344262295
E1_mixedxcostly_beta1.5,mixed,costly,1.5,both_own,U_t,10,0.9590163934426229
E1_mixedxcostly_beta1.5,mixed,costly,1.5,both_own,U_t,11,0.9610655737704918
E1_mixedxcostly_beta1.5,mixed,costly,1.5,both_own,U_t,12,0.9528688524590164
E1_mixedxmixed_beta1.5,mixed,mixed,1.5,all,A_p_truth_t,0,0.7861258782201477
E1_mixedxmixed_beta1.5,mixed,mixed,1.5,all,A_p_truth_t,1,0.8377615856625314
E1_mixedxmixed_beta1.5,mixed,mixed,1.5,all,A_p_truth_t,2,0.8469516695067285
E1_mixedxmixed_beta1.5,mixed,mixed,1.5,all,A_p_truth_t,3,0.8512241457638251
E1_mixedxmixed_beta1.5,mixed,mixed,1.5,all,A_p_truth_t,4,0.8541699729508944
E1_mixedxmixed_beta1.5,mixed,mixed,1.5,all,A_p_truth_t,5,0.8567889777034129
E1_mixedxmixed_beta1.5,mixed,mixed,1.5,all,A_p_truth_t,6,0.8583204379138724
E1_mixedxmixed_beta1.5,mixed,mixed,1.5,all,A_p_truth_t,7,0.85939538253071
E1_mixedxmixed_beta1.5,mixed,mixed,1.5,all,A_p_truth_t,8,0.8607167538552111
E1_mixedxmixed_beta1.5,mixed,mixed,1.5,all,A_p_truth_t,9,0.86138115260254
E1_mixedxmixed_beta1.5,mixed,mixed,1.5,all,A_p_truth_t,10,0.8621897784392512
E1_mixedxmixed_beta1.5,mixed,mixed,1.5,all,A_p_truth_t,11,0.8628029868129498
E1_mixedxmixed_beta1.5,mixed,mixed,1.5,all,A_p_truth_t,12,0.8633763522605552
E1_mixedxmixed_beta1.5,mixed,mixed,1.5,all,B_p_truth_t,0,0.7856867681498896
E1_mixedxmixed_beta1.5,mixed,mixed,1.5,all,B_p_truth_t,1,0.8340118418858654
E1_mixedxmixed_beta1.5,mixed,mixed,1.5,all,B_p_truth_t,2,0.8430185497285659
E1_mixedxmixed_beta1.5,mixed,mixed,1.5,all,B_p_truth_t,3,0.847709554881071
E1_mixedxmixed_beta1.5,mixed,mixed,1.5,all,B_p_truth_t,4,0.8513314953586112
E1_mixedxmixed_beta1.5,mixed,mixed,1.5,all,B_p_truth_t,5,0.8540096096809854
E1_mixedxmixed_beta1.5,mixed,mixed,1.5,all,B_p_truth_t,6,0.855983918920865
E1_mixedxmixed_beta1.5,mixed,mixed,1.5,all,B_p_truth_t,7,0.857715862542682
E1_mixedxmixed_beta1.5,mixed,mixed,1.5,all,B_p_truth_t,8,0.8584666005743363
E1_mixedxmixed_beta1.5,mixed,mixed,1.5,all,B_p_truth_t,9,0.8596501185270224
E1_mixedxmixed_beta1.5,mixed,mixed,1.5,all,B_p_truth_t,10,0.8604713825235119
E1_mixedxmixed_beta1.5,mixed,mixed,1.5,all,B_p_truth_t,11,0.861288981349206
E1_mixedxmixed_beta1.5,mixed,mixed,1.5,all,B_p_truth_t,12,0.8616923521457726
E1_mixedxmixed_beta1.5,mixed,mixed,1.5,all,nonc_mutual_t,1,0.7675
E1_mixedxmixed_beta1.5,mixed,mixed,1.5,all,nonc_mutual_t,2,0.726
E1_mixedxmixed_beta1.5,mixed,mixed,1.5,all,nonc_mutual_t,3,0.7065
E1_mixedxmixed_beta1.5,mixed,mixed,1.5,all,nonc_mutual_t,4,0.683
E1_mixedxmixed_beta1.5,mixed,mixed,1.5,all,nonc_mutual_t,5,0.716
E1_mixedxmixed_beta1.5,mixed,mixed,1.5,all,nonc_mutual_t,6,0.6975
E1_mixedxmixed_beta1.5,mixed,mixed,1.5,all,nonc_mutual_t,7,0.6755
E1_mixedxmixed_beta1.5,mixed,mixed,1.5,all,nonc_mutual_t,8,0.686
E1_mixedxmixed_beta1.5,mixed,mixed,1.5,all,nonc_mutual_t,9,0.6785
E1_mixedxmixed_beta1.5,mixed,mixed,1.5,all,nonc_mutual_t,10,0.6855
E1_mixedxmixed_beta1.5,mixed,mixed,1.5,all,nonc_mutual_t,11,0.6845
E1_mixedxmixed_beta1.5,mixed,mixed,1.5,all,nonc_mutual_t,12,0.6825
E1_mixedxmixed_beta1.5,mixed,mixed,1.5,all,A_concede_t,1,0.0835
E1_mixedxmixed_beta1.5,mixed,mixed,1.5,all,A_concede_t,2,0.1365
E1_mixedxmixed_beta1.5,mixed,mixed,1.5,all,A_concede_t,3,0.142
E1_mixedxmixed_beta1.5,mixed,mixed,1.5,all,A_concede_t,4,0.1655
E1_mixedxmixed_beta1.5,mixed,mixed,1.5,all,A_concede_t,5,0.1445
E1_mixedxmixed_beta1.5,mixed,mixed,1.5,all,A_concede_t,6,0.15
E1_mixedxmixed_beta1.5,mixed,mixed,1.5,all,A_concede_t,7,0.161
E1_mixedxmixed_beta1.5,mixed,mixed,1.5,all,A_concede_t,8,0.162
E1_mixedxmixed_beta1.5,mixed,mixed,1.5,all,A_concede_t,9,0.1635
E1_mixedxmixed_beta1.5,mixed,mixed,1.5,all,A_concede_t,10,0.1585
E1_mixedxmixed_beta1.5,mixed,mixed,1.5,all,A_concede_t,11,0.159
E1_mixedxmixed_beta1.5,mixed,mixed,1.5,all,A_concede_t,12,0.165
E1_mixedxmixed_beta1.5,mixed,mixed,1.5,all,B_concede_t,1,0.149
E1_mixedxmixed_beta1.5,mixed,mixed,1.5,all,B_concede_t,2,0.138
E1_mixedxmixed_beta1.5,mixed,mixed,1.5,all,B_concede_t,3,0.1515
E1_mixedxmixed_beta1.5,mixed,mixed,1.5,all,B_concede_t,4,0.1515
E1_mixedxmixed_beta1.5,mixed,mixed,1.5,all,B_concede_t,5,0.1395
E1_mixedxmixed_beta1.5,mixed,mixed,1.5,all,B_concede_t,6,0.153
E1_mixedxmixed_beta1.5,mixed,mixed,1.5,all,B_concede_t,7,0.1635
E1_mixedxmixed_beta1.5,mixed,mixed,1.5,all,B_concede_t,8,0.152
E1_mixedxmixed_beta1.5,mixed,mixed,1.5,all,B_concede_t,9,0.158
E1_mixedxmixed_beta1.5,mixed,mixed,1.5,all,B_concede_t,10,0.156
E1_mixedxmixed_beta1.5,mixed,mixed,1.5,all,B_concede_t,11,0.1565
E1_mixedxmixed_beta1.5,mixed,mixed,1.5,all,B_concede_t,12,0.1525
E1_mixedxmixed_beta1.5,mixed,mixed,1.5,all,U_t,0,1.0
E1_mixedxmixed_beta1.5,mixed,mixed,1.5,all,U_t,1,0.7675
E1_mixedxmixed_beta1.5,mixed,mixed,1.5,all,U_t,2,0.5925
E1_mixedxmixed_beta1.5,mixed,mixed,1.5,all,U_t,3,0.4855
E1_mixedxmixed_beta1.5,mixed,mixed,1.5,all,U_t,4,0.4065
E1_mixedxmixed_beta1.5,mixed,mixed,1.5,all,U_t,5,0.364
E1_mixedxmixed_beta1.5,mixed,mixed,1.5,all,U_t,6,0.3235
E1_mixedxmixed_beta1.5,mixed,mixed,1.5,all,U_t,7,0.3055
E1_mixedxmixed_beta1.5,mixed,mixed,1.5,all,U_t,8,0.287
E1_mixedxmixed_beta1.5,mixed,mixed,1.5,all,U_t,9,0.28
E1_mixedxmixed_beta1.5,mixed,mixed,1.5,all,U_t,10,0.269
E1_mixedxmixed_beta1.5,mixed,mixed,1.5,all,U_t,11,0.2635
E1_mixedxmixed_beta1.5,mixed,mixed,1.5,all,U_t,12,0.26
E1_mixedxmixed_beta1.5,mixed,mixed,1.5,both_own,A_p_truth_t,0,0.5785119207586285
E1_mixedxmixed_beta1.5,mixed,mixed,1.5,both_own,A_p_truth_t,1,0.6251108012912128
E1_mixedxmixed_beta1.5,mixed,mixed,1.5,both_own,A_p_truth_t,2,0.6408754227489113
E1_mixedxmixed_beta1.5,mixed,mixed,1.5,both_own,A_p_truth_t,3,0.6516842655983973
E1_mixedxmixed_beta1.5,mixed,mixed,1.5,both_own,A_p_truth_t,4,0.6603568116823827
E1_mixedxmixed_beta1.5,mixed,mixed,1.5,both_own,A_p_truth_t,5,0.6690014058300338
E1_mixedxmixed_beta1.5,mixed,mixed,1.5,both_own,A_p_truth_t,6,0.6731876563896072
E1_mixedxmixed_beta1.5,mixed,mixed,1.5,both_own,A_p_truth_t,7,0.677133670487665
E1_mixedxmixed_beta1.5,mixed,mixed,1.5,both_own,A_p_truth_t,8,0.681290561003214
E1_mixedxmixed_beta1.5,mixed,mixed,1.5,both_own,A_p_truth_t,9,0.6841784096496845
E1_mixedxmixed_beta1.5,mixed,mixed,1.5,both_own,A_p_truth_t,10,0.6871124574398668
E1_mixedxmixed_beta1.5,mixed,mixed,1.5,both_own,A_p_truth_t,11,0.6886008144251097
E1_mixedxmixed_beta1.5,mixed,mixed,1.5,both_own,A_p_truth_t,12,0.6907251591909683
E1_mixedxmixed_beta1.5,mixed,mixed,1.5,both_own,B_p_truth_t,0,0.5569499366529735
E1_mixedxmixed_beta1.5,mixed,mixed,1.5,both_own,B_p_truth_t,1,0.6044179308648122
E1_mixedxmixed_beta1.5,mixed,mixed,1.5,both_own,B_p_truth_t,2,0.6147595649376449
E1_mixedxmixed_beta1.5,mixed,mixed,1.5,both_own,B_p_truth_t,3,0.6282477865579361
E1_mixedxmixed_beta1.5,mixed,mixed,1.5,both_own,B_p_truth_t,4,0.6408338352972902
E1_mixedxmixed_beta1.5,mixed,mixed,1.5,both_own,B_p_truth_t,5,0.6487475289375628
E1_mixedxmixed_beta1.5,mixed,mixed,1.5,both_own,B_p_truth_t,6,0.6555337959713959
E1_mixedxmixed_beta1.5,mixed,mixed,1.5,both_own,B_p_truth_t,7,0.6617465130223431
E1_mixedxmixed_beta1.5,mixed,mixed,1.5,both_own,B_p_truth_t,8,0.6644869284021384
E1_mixedxmixed_beta1.5,mixed,mixed,1.5,both_own,B_p_truth_t,9,0.669566693272388
E1_mixedxmixed_beta1.5,mixed,mixed,1.5,both_own,B_p_truth_t,10,0.6717592981408435
E1_mixedxmixed_beta1.5,mixed,mixed,1.5,both_own,B_p_truth_t,11,0.6747182053419087
E1_mixedxmixed_beta1.5,mixed,mixed,1.5,both_own,B_p_truth_t,12,0.6766904847117766
E1_mixedxmixed_beta1.5,mixed,mixed,1.5,both_own,nonc_mutual_t,1,1.0
E1_mixedxmixed_beta1.5,mixed,mixed,1.5,both_own,nonc_mutual_t,2,0.9979508196721312
E1_mixedxmixed_beta1.5,mixed,mixed,1.5,both_own,nonc_mutual_t,3,1.0
E1_mixedxmixed_beta1.5,mixed,mixed,1.5,both_own,nonc_mutual_t,4,0.9979508196721312
E1_mixedxmixed_beta1.5,mixed,mixed,1.5,both_own,nonc_mutual_t,5,0.9938524590163934
E1_mixedxmixed_beta1.5,mixed,mixed,1.5,both_own,nonc_mutual_t,6,0.9877049180327869
E1_mixedxmixed_beta1.5,mixed,mixed,1.5,both_own,nonc_mutual_t,7,0.9815573770491803
E1_mixedxmixed_beta1.5,mixed,mixed,1.5,both_own,nonc_mutual_t,8,0.9918032786885246
E1_mixedxmixed_beta1.5,mixed,mixed,1.5,both_own,nonc_mutual_t,9,0.9815573770491803
E1_mixedxmixed_beta1.5,mixed,mixed,1.5,both_own,nonc_mutual_t,10,0.9795081967213115
E1_mixedxmixed_beta1.5,mixed,mixed,1.5,both_own,nonc_mutual_t,11,0.985655737704918
E1_mixedxmixed_beta1.5,mixed,mixed,1.5,both_own,nonc_mutual_t,12,0.9815573770491803
E1_mixedxmixed_beta1.5,mixed,mixed,1.5,both_own,A_concede_t,1,0.0
E1_mixedxmixed_beta1.5,mixed,mixed,1.5,both_own,A_concede_t,2,0.0020491803278688526
E1_mixedxmixed_beta1.5,mixed,mixed,1.5,both_own,A_concede_t,3,0.0
E1_mixedxmixed_beta1.5,mixed,mixed,1.5,both_own,A_concede_t,4,0.0
E1_mixedxmixed_beta1.5,mixed,mixed,1.5,both_own,A_concede_t,5,0.004098360655737705
E1_mixedxmixed_beta1.5,mixed,mixed,1.5,both_own,A_concede_t,6,0.004098360655737705
E1_mixedxmixed_beta1.5,mixed,mixed,1.5,both_own,A_concede_t,7,0.014344262295081968
E1_mixedxmixed_beta1.5,mixed,mixed,1.5,both_own,A_concede_t,8,0.006147540983606557
E1_mixedxmixed_beta1.5,mixed,mixed,1.5,both_own,A_concede_t,9,0.010245901639344262
E1_mixedxmixed_beta1.5,mixed,mixed,1.5,both_own,A_concede_t,10,0.006147540983606557
E1_mixedxmixed_beta1.5,mixed,mixed,1.5,both_own,A_concede_t,11,0.006147540983606557
E1_mixedxmixed_beta1.5,mixed,mixed,1.5,both_own,A_concede_t,12,0.010245901639344262
E1_mixedxmixed_beta1.5,mixed,mixed,1.5,both_own,B_concede_t,1,0.0
E1_mixedxmixed_beta1.5,mixed,mixed,1.5,both_own,B_concede_t,2,0.0
E1_mixedxmixed_beta1.5,mixed,mixed,1.5,both_own,B_concede_t,3,0.0
E1_mixedxmixed_beta1.5,mixed,mixed,1.5,both_own,B_concede_t,4,0.0020491803278688526
E1_mixedxmixed_beta1.5,mixed,mixed,1.5,both_own,B_concede_t,5,0.0020491803278688526
E1_mixedxmixed_beta1.5,mixed,mixed,1.5,both_own,B_concede_t,6,0.00819672131147541
E1_mixedxmixed_beta1.5,mixed,mixed,1.5,both_own,B_concede_t,7,0.004098360655737705
E1_mixedxmixed_beta1.5,mixed,mixed,1.5,both_own,B_concede_t,8,0.0020491803278688526
E1_mixedxmixed_beta1.5,mixed,mixed,1.5,both_own,B_concede_t,9,0.00819672131147541
E1_mixedxmixed_beta1.5,mixed,mixed,1.5,both_own,B_concede_t,10,0.014344262295081968
E1_mixedxmixed_beta1.5,mixed,mixed,1.5,both_own,B_concede_t,11,0.00819672131147541
E1_mixedxmixed_beta1.5,mixed,mixed,1.5,both_own,B_concede_t,12,0.00819672131147541
E1_mixedxmixed_beta1.5,mixed,mixed,1.5,both_own,U_t,0,1.0
E1_mixedxmixed_beta1.5,mixed,mixed,1.5,both_own,U_t,1,1.0
E1_mixedxmixed_beta1.5,mixed,mixed,1.5,both_own,U_t,2,0.9979508196721312
E1_mixedxmixed_beta1.5,mixed,mixed,1.5,both_own,U_t,3,1.0
E1_mixedxmixed_beta1.5,mixed,mixed,1.5,both_own,U_t,4,0.9979508196721312
E1_mixedxmixed_beta1.5,mixed,mixed,1.5,both_own,U_t,5,0.9918032786885246
E1_mixedxmixed_beta1.5,mixed,mixed,1.5,both_own,U_t,6,0.9815573770491803
E1_mixedxmixed_beta1.5,mixed,mixed,1.5,both_own,U_t,7,0.9733606557377049
E1_mixedxmixed_beta1.5,mixed,mixed,1.5,both_own,U_t,8,0.9713114754098361
E1_mixedxmixed_beta1.5,mixed,mixed,1.5,both_own,U_t,9,0.9590163934426229
E1_mixedxmixed_beta1.5,mixed,mixed,1.5,both_own,U_t,10,0.944672131147541
E1_mixedxmixed_beta1.5,mixed,mixed,1.5,both_own,U_t,11,0.9364754098360656
E1_mixedxmixed_beta1.5,mixed,mixed,1.5,both_own,U_t,12,0.9282786885245902
