contrast,metric,delta,mc_lo,mc_hi,pair,split,n
reassure-base,A_own0,0.0,0.0,0.0,costlyxhonest,all,2000
reassure-base,B_own0,0.0,0.0,0.0,costlyxhonest,all,2000
reassure-base,nonc_A,-0.0925,-0.09789246180535023,-0.08710753819464977,costlyxhonest,all,2000
reassure-base,nonc_B,-0.001125,-0.002731217281216099,0.0004812172812160996,costlyxhonest,all,2000
reassure-base,nonc_mutual,-0.093375,-0.09895247559425428,-0.08779752440574572,costlyxhonest,all,2000
reassure-base,U_final,-0.302375,-0.3224029981736299,-0.2823470018263701,costlyxhonest,all,2000
reassure-base,no_concession_either,-0.302,-0.32241151811688484,-0.28158848188311514,costlyxhonest,all,2000
reassure-base,A_p_truth0,0.0,0.0,0.0,costlyxhonest,all,2000
reassure-base,A_p_truth,-0.03074104783855321,-0.03355746024642627,-0.027924635430680148,costlyxhonest,all,2000
reassure-base,B_p_truth0,0.0,0.0,0.0,costlyxhonest,all,2000
reassure-base,B_p_truth,0.00013635353399285422,-0.0009047582773473686,0.001177465345333077,costlyxhonest,all,2000
reassure-base,A_dbelief,-0.03783825867516682,-0.04048113728229363,-0.03519538006804,costlyxhonest,all,2000
reassure-base,B_dbelief,0.0002376199806335173,-0.0008034477093398139,0.0012786876706068484,costlyxhonest,all,2000
reassure-base,belief_gap_final,0.034942160929558375,0.03224876585504864,0.03763555600406811,costlyxhonest,all,2000
reassure-base,A_hidden_shift,-0.05826978400185649,-0.06319862240916602,-0.05334094559454697,costlyxhonest,all,2000
reassure-base,B_hidden_shift,-0.00044237940462450747,-0.0017119305913789375,0.0008271717821299227,costlyxhonest,all,2000
reassure-base,dist_oracle,0.014366221384525965,0.013029215603507071,0.01570322716554486,costlyxhonest,all,2000
reassure-base,A_transp_err,0.025184359100406107,0.023218828200640418,0.027149890000171796,costlyxhonest,all,2000
reassure-base,B_transp_err,0.01961303352989564,0.01698776405384364,0.02223830300594764,costlyxhonest,all,2000
reassure-base,A_assert,0.009458333333333332,0.007769887640877508,0.011146779025789158,costlyxhonest,all,2000
reassure-base,A_concede,0.030833333333333327,0.02903584606488325,0.032630820601783406,costlyxhonest,all,2000
reassure-base,A_pressure,-0.01325,-0.015185549722007466,-0.011314450277992534,costlyxhonest,all,2000
reassure-base,A_silence,-0.01425,-0.01606101957206145,-0.01243898042793855,costlyxhonest,all,2000
reassure-base,A_reassure,-0.012791666666666666,-0.014177642899950008,-0.011405690433383325,costlyxhonest,all,2000
reassure-base,B_assert,-0.04250000000000002,-0.04443272416846164,-0.040567275831538394,costlyxhonest,all,2000
reassure-base,B_concede,-0.03591666666666667,-0.03780163589543026,-0.03403169743790309,costlyxhonest,all,2000
reassure-base,B_pressure,-0.0017916666666666665,-0.002485167939241625,-0.001098165394091708,costlyxhonest,all,2000
reassure-base,B_silence,-0.0013333333333333335,-0.001984210825372896,-0.0006824558412937711,costlyxhonest,all,2000
reassure-base,B_reassure,0.08154166666666664,0.08094097210198707,0.0821423612313462,costlyxhonest,all,2000
reassure-base,A_pC_true,-0.06977546646998564,-0.07696298813817294,-0.06258794480179834,costlyxhonest,all,2000
reassure-base,A_pW_true,-0.00938720275949267,-0.012686678704514873,-0.006087726814470466,costlyxhonest,all,2000
reassure-base,B_pC_true,-0.02269636457607121,-0.026942946748576682,-0.01844978240356574,costlyxhonest,all,2000
reassure-base,B_pW_true,-0.021380726068193846,-0.025291766633747253,-0.01746968550264044,costlyxhonest,all,2000
reassure-base,conc_A_8_12,0.3395,0.31860262068988043,0.3603973793101196,costlyxhonest,all,2000
reassure-base,conc_A_9_12,0.347,0.3259947863067011,0.36800521369329886,costlyxhonest,all,2000
reassure-base,conc_B_8_12,0.0005,-0.0032964096411058626,0.004296409641105862,costlyxhonest,all,2000
reassure-base,conc_A_1_7,0.0,0.0,0.0,costlyxhonest,all,2000
reassure-base,A_concede_8_12,0.074,0.06968603055571981,0.07831396944428018,costlyxhonest,all,2000
reassure-base,A_pressure_8_12,-0.0318,-0.03644531933281792,-0.02715468066718208,costlyxhonest,all,2000
reassure-base,A_silence_8_12,-0.0342,-0.038546446972947485,-0.02985355302705252,costlyxhonest,all,2000
reassure-base,A_p_truth_r7,0.0,0.0,0.0,costlyxhonest,all,2000
reassure-base,A_dbelief_8_12,0.021042078720194476,0.019116845150043662,0.02296731229034529,costlyxhonest,all,2000
reassure-base,B_pC16,-0.02269636457607121,-0.026942946748576682,-0.01844978240356574,costlyxhonest,all,2000
reassure-base,B_pW02,0.03911390573888484,0.032018594529343775,0.046209216948425905,costlyxhonest,all,2000
reassure-base,B_cmean,-0.020420494747674555,-0.024117162347057367,-0.016723827148291744,costlyxhonest,all,2000
reassure-base,B_wmean,-0.02419785272283147,-0.028519401116037346,-0.019876304329625595,costlyxhonest,all,2000
reassure-base,A_own0,0.0,0.0,0.0,costlyxhonest,A_own0,1225
reassure-base,B_own0,0.0,0.0,0.0,costlyxhonest,A_own0,1225
reassure-base,nonc_A,-0.013061224489795919,-0.016278904407420976,-0.009843544572170864,costlyxhonest,A_own0,1225
reassure-base,nonc_B,-0.0012244897959183673,-0.0037544152643496,0.0013054356725128655,costlyxhonest,A_own0,1225
reassure-base,nonc_mutual,-0.014285714285714285,-0.01836659590262525,-0.010204832668803322,costlyxhonest,A_own0,1225
reassure-base,U_final,-0.03775510204081633,-0.0489099831495068,-0.026600220932125856,costlyxhonest,A_own0,1225
reassure-base,no_concession_either,-0.052244897959183675,-0.06588865685703675,-0.03860113906133059,costlyxhonest,A_own0,1225
reassure-base,A_p_truth0,0.0,0.0,0.0,costlyxhonest,A_own0,1225
reassure-base,A_p_truth,-0.017278899676361252,-0.02107082200687918,-0.013486977345843322,costlyxhonest,A_own0,1225
reassure-base,B_p_truth0,0.0,0.0,0.0,costlyxhonest,A_own0,1225
reassure-base,B_p_truth,0.0004932098763259342,-0.0011545948228693303,0.0021410145755211985,costlyxhonest,A_own0,1225
reassure-base,A_dbelief,-0.025287853606640806,-0.028931701986361448,-0.021644005226920164,costlyxhonest,A_own0,1225
reassure-base,B_dbelief,0.0006822026764986752,-0.000965375003517689,0.0023297803565150398,costlyxhonest,A_own0,1225
reassure-base,belief_gap_final,0.0248088561647213,0.021170221767224773,0.028447490562217827,costlyxhonest,A_own0,1225
reassure-base,A_hidden_shift,-0.03596339889145709,-0.04242426297579373,-0.02950253480712045,costlyxhonest,A_own0,1225
reassure-base,B_hidden_shift,-0.0001429785803940551,-0.001983471299312285,0.0016975141385241748,costlyxhonest,A_own0,1225
reassure-base,dist_oracle,0.010688714970903273,0.008892983076802682,0.012484446865003863,costlyxhonest,A_own0,1225
reassure-base,A_transp_err,0.013559644964432287,0.010898244774845137,0.016221045154019436,costlyxhonest,A_own0,1225
reassure-base,B_transp_err,-0.0009406939412739231,-0.004148790841911297,0.002267402959363451,costlyxhonest,A_own0,1225
reassure-base,A_assert,0.014557823129251702,0.011921547505412054,0.01719409875309135,costlyxhonest,A_own0,1225
reassure-base,A_concede,0.004353741496598639,0.0032811815240569543,0.005426301469140324,costlyxhonest,A_own0,1225
reassure-base,A_pressure,-0.006802721088435375,-0.009276108858038744,-0.004329333318832005,costlyxhonest,A_own0,1225
reassure-base,A_silence,-0.006326530612244898,-0.008485351668166103,-0.004167709556323694,costlyxhonest,A_own0,1225
reassure-base,A_reassure,-0.005782312925170068,-0.007162744693268795,-0.00440188115707134,costlyxhonest,A_own0,1225
reassure-base,B_assert,-0.018775510204081636,-0.02096654627645539,-0.016584474131707883,costlyxhonest,A_own0,1225
reassure-base,B_concede,-0.057482993197278925,-0.05979380891495218,-0.05517217747960567,costlyxhonest,A_own0,1225
reassure-base,B_pressure,-0.0025170068027210884,-0.003566307154053221,-0.0014677064513889558,costlyxhonest,A_own0,1225
reassure-base,B_silence,-0.0020408163265306124,-0.003032429669781251,-0.0010492029832799739,costlyxhonest,A_own0,1225
reassure-base,B_reassure,0.08081632653061224,0.07989332111469023,0.08173933194653425,costlyxhonest,A_own0,1225
reassure-base,A_pC_true,-0.10914533980794298,-0.12009116072280927,-0.0981995188930767,costlyxhonest,A_own0,1225
reassure-base,A_pW_true,-0.01428748420904563,-0.01881696747603221,-0.009758000942059048,costlyxhonest,A_own0,1225
reassure-base,B_pC_true,-0.0339289898916479,-0.03991881593891283,-0.02793916384438297,costlyxhonest,A_own0,1225
reassure-base,B_pW_true,-0.03151505570228126,-0.03769467440744499,-0.025335436997117534,costlyxhonest,A_own0,1225
reassure-base,conc_A_8_12,0.052244897959183675,0.039374178288683455,0.0651156176296839,costlyxhonest,A_own0,1225
reassure-base,conc_A_9_12,0.052244897959183675,0.039374178288683455,0.0651156176296839,costlyxhonest,A_own0,1225
reassure-base,conc_B_8_12,-0.0008163265306122449,-0.006587383456272889,0.004954730395048399,costlyxhonest,A_own0,1225
reassure-base,conc_A_1_7,0.0,0.0,0.0,costlyxhonest,A_own0,1225
reassure-base,A_concede_8_12,0.010448979591836735,0.007874835657736692,0.013023123525936778,costlyxhonest,A_own0,1225
reassure-base,A_pressure_8_12,-0.0163265306122449,-0.022262661259292986,-0.010390399965196813,costlyxhonest,A_own0,1225
reassure-base,A_silence_8_12,-0.015183673469387753,-0.020364844003598642,-0.010002502935176863,costlyxhonest,A_own0,1225
reassure-base,A_p_truth_r7,0.0,0.0,0.0,costlyxhonest,A_own0,1225
reassure-base,A_dbelief_8_12,0.008731280116301294,0.006168019128833168,0.01129454110376942,costlyxhonest,A_own0,1225
reassure-base,B_pC16,-0.0339289898916479,-0.03991881593891283,-0.02793916384438297,costlyxhonest,A_own0,1225
reassure-base,B_pW02,0.057871211031295236,0.04664427270246891,0.06909814936012157,costlyxhonest,A_own0,1225
reassure-base,B_cmean,-0.0307672979930452,-0.0360852439013639,-0.025449352084726495,costlyxhonest,A_own0,1225
reassure-base,B_wmean,-0.03575450669343058,-0.042583150084477106,-0.02892586330238406,costlyxhonest,A_own0,1225
placebo-reassure,A_own0,0.0,0.0,0.0,costlyxhonest,all,2000
placebo-reassure,B_own0,0.0,0.0,0.0,costlyxhonest,all,2000
placebo-reassure,nonc_A,0.0985,0.09288211797033352,0.10411788202966649,costlyxhonest,all,2000
placebo-reassure,nonc_B,-0.00125,-0.0022882618859767206,-0.00021173811402327948,costlyxhonest,all,2000
placebo-reassure,nonc_mutual,0.096875,0.09126161223069132,0.10248838776930869,costlyxhonest,all,2000
placebo-reassure,U_final,0.31975,0.29969638282676,0.33980361717324,costlyxhonest,all,2000
placebo-reassure,no_concession_either,0.3245,0.3039756363179689,0.3450243636820311,costlyxhonest,all,2000
placebo-reassure,A_p_truth0,0.0,0.0,0.0,costlyxhonest,all,2000
placebo-reassure,A_p_truth,0.00446326522848435,0.003862929931677302,0.005063600525291397,costlyxhonest,all,2000
placebo-reassure,B_p_truth0,0.0,0.0,0.0,costlyxhonest,all,2000
placebo-reassure,B_p_truth,-0.0006876947522715056,-0.0018240265648942823,0.0004486370603512712,costlyxhonest,all,2000
placebo-reassure,A_dbelief,0.004567990278335687,0.0039692919389297185,0.005166688617741656,costlyxhonest,all,2000
placebo-reassure,B_dbelief,-0.0032475828272918485,-0.004375364018957872,-0.0021198016356258247,costlyxhonest,all,2000
placebo-reassure,belief_gap_final,-0.003198369148156983,-0.004305778880492767,-0.0020909594158211994,costlyxhonest,all,2000
placebo-reassure,A_hidden_shift,0.03094396982219308,0.027661847911349034,0.034226091733037124,costlyxhonest,all,2000
placebo-reassure,B_hidden_shift,-0.004181918085089202,-0.0057450150017490115,-0.0026188211684293923,costlyxhonest,all,2000
placebo-reassure,dist_oracle,-0.002801021827586893,-0.0033084762612342155,-0.0022935673939395705,costlyxhonest,all,2000
placebo-reassure,A_transp_err,0.010940826482653503,0.009872259443833634,0.012009393521473372,costlyxhonest,all,2000
placebo-reassure,B_transp_err,-0.010604030502295587,-0.012254795696301625,-0.00895326530828955,costlyxhonest,all,2000
placebo-reassure,A_assert,0.003583333333333333,0.002679953877254506,0.004486712789412159,costlyxhonest,all,2000
placebo-reassure,A_concede,-0.033625,-0.035563886597826375,-0.03168611340217363,costlyxhonest,all,2000
placebo-reassure,A_pressure,0.009208333333333332,0.007661490608498531,0.010755176058168133,costlyxhonest,all,2000
placebo-reassure,A_silence,0.011083333333333334,0.009584598923842155,0.012582067742824513,costlyxhonest,all,2000
placebo-reassure,A_reassure,0.00975,0.008514870654535408,0.010985129345464592,costlyxhonest,all,2000
placebo-reassure,B_assert,-0.0018333333333333335,-0.0026862967792011267,-0.0009803698874655403,costlyxhonest,all,2000
placebo-reassure,B_concede,0.0005833333333333333,0.00016759499112204264,0.000999071675544624,costlyxhonest,all,2000
placebo-reassure,B_pressure,0.0005,0.00010041734294820184,0.0008995826570517982,costlyxhonest,all,2000
placebo-reassure,B_silence,0.0004583333333333333,3.435057507450808e-05,0.0008823160915921585,costlyxhonest,all,2000
placebo-reassure,B_reassure,0.0002916666666666667,-9.988215030430695e-05,0.0006832154836376404,costlyxhonest,all,2000
placebo-reassure,A_pC_true,0.0008741998476931576,-0.0004634854467907112,0.0022118851421770265,costlyxhonest,all,2000
placebo-reassure,A_pW_true,-0.009308475428022893,-0.011679540000579903,-0.006937410855465884,costlyxhonest,all,2000
placebo-reassure,B_pC_true,-0.02147578048025768,-0.024742577175763985,-0.018208983784751376,costlyxhonest,all,2000
placebo-reassure,B_pW_true,-0.04151375038313986,-0.044405233602888027,-0.0386222671633917,costlyxhonest,all,2000
placebo-reassure,conc_A_8_12,-0.363,-0.3840801017584136,-0.34191989824158636,costlyxhonest,all,2000
placebo-reassure,conc_A_9_12,-0.3705,-0.3916710134312189,-0.3493289865687811,costlyxhonest,all,2000
placebo-reassure,conc_B_8_12,0.003,0.0006025040576892113,0.005397495942310789,costlyxhonest,all,2000
placebo-reassure,conc_A_1_7,-0.0075,-0.011282209348221868,-0.0037177906517781322,costlyxhonest,all,2000
placebo-reassure,A_concede_8_12,-0.079,-0.08351317444508695,-0.07448682555491305,costlyxhonest,all,2000
placebo-reassure,A_pressure_8_12,0.0217,0.01806671128570262,0.02533328871429738,costlyxhonest,all,2000
placebo-reassure,A_silence_8_12,0.026099999999999998,0.022555145866553362,0.029644854133446634,costlyxhonest,all,2000
placebo-reassure,A_p_truth_r7,7.908047202099524e-05,-5.850482279333243e-05,0.00021666576683532292,costlyxhonest,all,2000
placebo-reassure,A_dbelief_8_12,-0.004571144694264978,-0.005173998035133057,-0.003968291353396899,costlyxhonest,all,2000
placebo-reassure,B_pC16,-0.02147578048025768,-0.024742577175763985,-0.018208983784751376,costlyxhonest,all,2000
placebo-reassure,B_pW02,0.07856780159568712,0.0725209076135927,0.08461469557778153,costlyxhonest,all,2000
placebo-reassure,B_cmean,-0.018694479055482185,-0.021724291279919983,-0.015664666831044387,costlyxhonest,all,2000
placebo-reassure,B_wmean,-0.04803262079153078,-0.051531368592701764,-0.0445338729903598,costlyxhonest,all,2000
placebo-reassure,A_own0,0.0,0.0,0.0,costlyxhonest,A_own0,1225
placebo-reassure,B_own0,0.0,0.0,0.0,costlyxhonest,A_own0,1225
placebo-reassure,nonc_A,0.013877551020408163,0.01067061409485998,0.017084487945956347,costlyxhonest,A_own0,1225
placebo-reassure,nonc_B,-0.00020408163265306123,-0.0006040816326530613,0.00019591836734693873,costlyxhonest,A_own0,1225
placebo-reassure,nonc_mutual,0.013673469387755101,0.01048882485746389,0.016858113918046314,costlyxhonest,A_own0,1225
placebo-reassure,U_final,0.04081632653061224,0.03040171889097542,0.051230934170249064,costlyxhonest,A_own0,1225
placebo-reassure,no_concession_either,0.05551020408163265,0.04268245637943992,0.06833795178382539,costlyxhonest,A_own0,1225
placebo-reassure,A_p_truth0,0.0,0.0,0.0,costlyxhonest,A_own0,1225
placebo-reassure,A_p_truth,0.001768432011889291,0.0010592834653771277,0.0024775805584014545,costlyxhonest,A_own0,1225
placebo-reassure,B_p_truth0,0.0,0.0,0.0,costlyxhonest,A_own0,1225
placebo-reassure,B_p_truth,-8.650239636272466e-05,-0.00044161290928992496,0.0002686081165644756,costlyxhonest,A_own0,1225
placebo-reassure,A_dbelief,0.0017867234970527328,0.001077718868553707,0.0024957281255517587,costlyxhonest,A_own0,1225
placebo-reassure,B_dbelief,-1.341737022009653e-05,-0.00036856014349399835,0.00034172540305380526,costlyxhonest,A_own0,1225
placebo-reassure,belief_gap_final,-0.001837680493260567,-0.0026251988097407137,-0.00105016217678042,costlyxhonest,A_own0,1225
placebo-reassure,A_hidden_shift,0.014529639388829542,0.010127720052989037,0.018931558724670047,costlyxhonest,A_own0,1225
placebo-reassure,B_hidden_shift,-0.00030958414131557275,-0.0005699427925060887,-4.922549012505682e-05,costlyxhonest,A_own0,1225
placebo-reassure,dist_oracle,-0.0009339667119403664,-0.0013218903692433987,-0.0005460430546373341,costlyxhonest,A_own0,1225
placebo-reassure,A_transp_err,0.001684236786603346,0.0010006757899619577,0.0023677977832447343,costlyxhonest,A_own0,1225
placebo-reassure,B_transp_err,-0.007579811997210433,-0.009776112847850581,-0.005383511146570284,costlyxhonest,A_own0,1225
placebo-reassure,A_assert,0.002653061224489796,0.0015231291245510253,0.0037829933244285666,costlyxhonest,A_own0,1225
placebo-reassure,A_concede,-0.0047619047619047615,-0.005845552277934684,-0.003678257245874839,costlyxhonest,A_own0,1225
placebo-reassure,A_pressure,0.00040816326530612246,-0.0008570577879985917,0.0016733843186108365,costlyxhonest,A_own0,1225
placebo-reassure,A_silence,0.0010204081632653062,-2.5668366244364655e-06,0.0020433831631550487,costlyxhonest,A_own0,1225
placebo-reassure,A_reassure,0.0006802721088435375,0.00011564036594953865,0.0012449038517375363,costlyxhonest,A_own0,1225
placebo-reassure,B_assert,-0.0001360544217687074,-0.00032453918746359287,5.2430343926178076e-05,costlyxhonest,A_own0,1225
placebo-reassure,B_concede,6.802721088435377e-05,-6.53061224489796e-05,0.00020136054421768712,costlyxhonest,A_own0,1225
placebo-reassure,B_pressure,6.802721088435374e-05,-6.53061224489796e-05,0.00020136054421768707,costlyxhonest,A_own0,1225
placebo-reassure,B_silence,0.0,0.0,0.0,costlyxhonest,A_own0,1225
placebo-reassure,B_reassure,0.0,0.0,0.0,costlyxhonest,A_own0,1225
placebo-reassure,A_pC_true,-0.00020433009048300495,-0.00040100422168019617,-7.655959285813701e-06,costlyxhonest,A_own0,1225
placebo-reassure,A_pW_true,-0.007011248383386511,-0.009505248408700852,-0.00451724835807217,costlyxhonest,A_own0,1225
placebo-reassure,B_pC_true,-0.013573555678682118,-0.017290852395350494,-0.009856258962013744,costlyxhonest,A_own0,1225
placebo-reassure,B_pW_true,-0.011135746331521378,-0.014249343267388961,-0.008022149395653795,costlyxhonest,A_own0,1225
placebo-reassure,conc_A_8_12,-0.0563265306122449,-0.06924267038644472,-0.04341039083804508,costlyxhonest,A_own0,1225
placebo-reassure,conc_A_9_12,-0.05551020408163265,-0.06833795178382539,-0.04268245637943992,costlyxhonest,A_own0,1225
placebo-reassure,conc_B_8_12,0.0008163265306122449,-0.0007836734693877549,0.002416326530612245,costlyxhonest,A_own0,1225
placebo-reassure,conc_A_1_7,-0.0008163265306122449,-0.0024163265306122446,0.0007836734693877547,costlyxhonest,A_own0,1225
placebo-reassure,A_concede_8_12,-0.01126530612244898,-0.013848534077288945,-0.008682078167609016,costlyxhonest,A_own0,1225
placebo-reassure,A_pressure_8_12,0.0008163265306122455,-0.0022034340970478366,0.0038360871582723277,costlyxhonest,A_own0,1225
placebo-reassure,A_silence_8_12,0.0024489795918367346,-6.1604078986474305e-06,0.004904119591572116,costlyxhonest,A_own0,1225
placebo-reassure,A_p_truth_r7,1.3450147611421203e-05,-1.2912141706964364e-05,3.9812436929806766e-05,costlyxhonest,A_own0,1225
placebo-reassure,A_dbelief_8_12,-0.0017730424333781587,-0.0024804374566650502,-0.0010656474100912672,costlyxhonest,A_own0,1225
placebo-reassure,B_pC16,-0.013573555678682118,-0.017290852395350494,-0.009856258962013744,costlyxhonest,A_own0,1225
placebo-reassure,B_pW02,0.028028979858826988,0.020177286147948774,0.0358806735697052,costlyxhonest,A_own0,1225
placebo-reassure,B_cmean,-0.011497070678099212,-0.01466583932875284,-0.008328302027445585,costlyxhonest,A_own0,1225
placebo-reassure,B_wmean,-0.01566589047613934,-0.019973709928967933,-0.01135807102331075,costlyxhonest,A_own0,1225
placebo-base,A_own0,0.0,0.0,0.0,costlyxhonest,all,2000
placebo-base,B_own0,0.0,0.0,0.0,costlyxhonest,all,2000
placebo-base,nonc_A,0.006,0.003996363685885181,0.008003636314114819,costlyxhonest,all,2000
placebo-base,nonc_B,-0.002375,-0.004317325101753166,-0.00043267489824683355,costlyxhonest,all,2000
placebo-base,nonc_mutual,0.0035,0.0009343594453377025,0.006065640554662298,costlyxhonest,all,2000
placebo-base,U_final,0.017375,0.010997097342491477,0.023752902657508526,costlyxhonest,all,2000
placebo-base,no_concession_either,0.0225,0.014299413447203611,0.030700586552796387,costlyxhonest,all,2000
placebo-base,A_p_truth0,0.0,0.0,0.0,costlyxhonest,all,2000
placebo-base,A_p_truth,-0.02627778261006886,-0.028905265897814912,-0.023650299322322807,costlyxhonest,all,2000
placebo-base,B_p_truth0,0.0,0.0,0.0,costlyxhonest,all,2000
placebo-base,B_p_truth,-0.0005513412182786511,-0.002085985423725438,0.0009833029871681356,costlyxhonest,all,2000
placebo-base,A_dbelief,-0.03327026839683113,-0.035738205896187,-0.030802330897475257,costlyxhonest,all,2000
placebo-base,B_dbelief,-0.003009962846658331,-0.004539108687017991,-0.0014808170062986707,costlyxhonest,all,2000
placebo-base,belief_gap_final,0.03174379178140139,0.02916089340423588,0.034326690158566896,costlyxhonest,all,2000
placebo-base,A_hidden_shift,-0.027325814179663413,-0.030173827904893136,-0.02447780045443369,costlyxhonest,all,2000
placebo-base,B_hidden_shift,-0.00462429748971371,-0.006631241794277765,-0.002617353185149656,costlyxhonest,all,2000
placebo-base,dist_oracle,0.011565199556939071,0.010195833300009614,0.012934565813868528,costlyxhonest,all,2000
placebo-base,A_transp_err,0.036125185583059605,0.03376903087948901,0.0384813402866302,costlyxhonest,all,2000
placebo-base,B_transp_err,0.00900900302760005,0.006640292391495141,0.01137771366370496,costlyxhonest,all,2000
placebo-base,A_assert,0.013041666666666667,0.01115044643739962,0.014932886895933714,costlyxhonest,all,2000
placebo-base,A_concede,-0.0027916666666666663,-0.0035612418737702885,-0.002022091459563044,costlyxhonest,all,2000
placebo-base,A_pressure,-0.004041666666666667,-0.005759613387535988,-0.002323719945797347,costlyxhonest,all,2000
placebo-base,A_silence,-0.003166666666666667,-0.004598201181708515,-0.0017351321516248187,costlyxhonest,all,2000
placebo-base,A_reassure,-0.0030416666666666665,-0.00396706099603789,-0.002116272337295443,costlyxhonest,all,2000
placebo-base,B_assert,-0.04433333333333334,-0.04649449651341097,-0.042172170153255716,costlyxhonest,all,2000
placebo-base,B_concede,-0.035333333333333335,-0.03729798514176255,-0.03336868152490412,costlyxhonest,all,2000
placebo-base,B_pressure,-0.0012916666666666664,-0.00206885183429487,-0.0005144814990384625,costlyxhonest,all,2000
placebo-base,B_silence,-0.000875,-0.0016359603041282088,-0.0001140396958717912,costlyxhonest,all,2000
placebo-base,B_reassure,0.08183333333333331,0.08112424421237001,0.08254242245429662,costlyxhonest,all,2000
placebo-base,A_pC_true,-0.0689012666222925,-0.07622723648519816,-0.061575296759386826,costlyxhonest,all,2000
placebo-base,A_pW_true,-0.018695678187515566,-0.02185196576956389,-0.015539390605467242,costlyxhonest,all,2000
placebo-base,B_pC_true,-0.04417214505632889,-0.04941638374163047,-0.03892790637102731,costlyxhonest,all,2000
placebo-base,B_pW_true,-0.06289447645133371,-0.06756112212601972,-0.058227830776647706,costlyxhonest,all,2000
placebo-base,conc_A_8_12,-0.0235,-0.03121195016112292,-0.01578804983887708,costlyxhonest,all,2000
placebo-base,conc_A_9_12,-0.0235,-0.031086330760466723,-0.015913669239533277,costlyxhonest,all,2000
placebo-base,conc_B_8_12,0.0035,-0.0009894262076391145,0.007989426207639115,costlyxhonest,all,2000
placebo-base,conc_A_1_7,-0.0075,-0.011282209348221868,-0.0037177906517781322,costlyxhonest,all,2000
placebo-base,A_concede_8_12,-0.005,-0.006649027484859761,-0.0033509725151402393,costlyxhonest,all,2000
placebo-base,A_pressure_8_12,-0.0101,-0.014183750935457673,-0.006016249064542326,costlyxhonest,all,2000
placebo-base,A_silence_8_12,-0.0081,-0.011471356304763237,-0.004728643695236762,costlyxhonest,all,2000
placebo-base,A_p_truth_r7,7.908047202099524e-05,-5.850482279333243e-05,0.00021666576683532292,costlyxhonest,all,2000
placebo-base,A_dbelief_8_12,0.016470934025929494,0.01468027293964755,0.01826159511221144,costlyxhonest,all,2000
placebo-base,B_pC16,-0.04417214505632889,-0.04941638374163047,-0.03892790637102731,costlyxhonest,all,2000
placebo-base,B_pW02,0.11768170733457195,0.10889576289870187,0.12646765177044203,costlyxhonest,all,2000
placebo-base,B_cmean,-0.03911497380315675,-0.0438272574957471,-0.034402690110566396,costlyxhonest,all,2000
placebo-base,B_wmean,-0.07223047351436225,-0.07750508829916607,-0.06695585872955843,costlyxhonest,all,2000
placebo-base,A_own0,0.0,0.0,0.0,costlyxhonest,A_own0,1225
placebo-base,B_own0,0.0,0.0,0.0,costlyxhonest,A_own0,1225
placebo-base,nonc_A,0.0008163265306122449,1.730752423691488e-05,0.0016153455369875749,costlyxhonest,A_own0,1225
placebo-base,nonc_B,-0.0014285714285714286,-0.00398961696669956,0.0011324741095567034,costlyxhonest,A_own0,1225
placebo-base,nonc_mutual,-0.0006122448979591836,-0.0032360673851797735,0.0020115775892614062,costlyxhonest,A_own0,1225
placebo-base,U_final,0.003061224489795918,-0.0011130822312425816,0.0072355312108344175,costlyxhonest,A_own0,1225
placebo-base,no_concession_either,0.0032653061224489797,-0.0027209963250944156,0.009251608569992374,costlyxhonest,A_own0,1225
placebo-base,A_p_truth0,0.0,0.0,0.0,costlyxhonest,A_own0,1225
placebo-base,A_p_truth,-0.01551046766447196,-0.019150760618480107,-0.011870174710463813,costlyxhonest,A_own0,1225
placebo-base,B_p_truth0,0.0,0.0,0.0,costlyxhonest,A_own0,1225
placebo-base,B_p_truth,0.00040670747996320955,-0.0012776871010506227,0.0020911020609770416,costlyxhonest,A_own0,1225
placebo-base,A_dbelief,-0.02350113010958807,-0.027000028933383997,-0.020002231285792142,costlyxhonest,A_own0,1225
placebo-base,B_dbelief,0.0006687853062785789,-0.0010153315407934933,0.002352902153350651,costlyxhonest,A_own0,1225
placebo-base,belief_gap_final,0.02297117567146073,0.01945600993527816,0.0264863414076433,costlyxhonest,A_own0,1225
placebo-base,A_hidden_shift,-0.021433759502627547,-0.025235980054073293,-0.017631538951181802,costlyxhonest,A_own0,1225
placebo-base,B_hidden_shift,-0.000452562721709628,-0.002310108339539248,0.0014049828961199917,costlyxhonest,A_own0,1225
placebo-base,dist_oracle,0.009754748258962907,0.008022965102012516,0.011486531415913298,costlyxhonest,A_own0,1225
placebo-base,A_transp_err,0.015243881751035632,0.012426534911590835,0.01806122859048043,costlyxhonest,A_own0,1225
placebo-base,B_transp_err,-0.008520505938484354,-0.011414852777324163,-0.005626159099644545,costlyxhonest,A_own0,1225
placebo-base,A_assert,0.017210884353741497,0.014347710720611726,0.020074057986871268,costlyxhonest,A_own0,1225
placebo-base,A_concede,-0.00040816326530612246,-0.0007340941426699772,-8.223238794226773e-05,costlyxhonest,A_own0,1225
placebo-base,A_pressure,-0.006394557823129252,-0.008935190581875549,-0.0038539250643829554,costlyxhonest,A_own0,1225
placebo-base,A_silence,-0.005306122448979592,-0.007377001563030167,-0.0032352433349290173,costlyxhonest,A_own0,1225
placebo-base,A_reassure,-0.00510204081632653,-0.0064117442813534644,-0.003792337351299596,costlyxhonest,A_own0,1225
placebo-base,B_assert,-0.018911564625850343,-0.0211151333956341,-0.016707995856066585,costlyxhonest,A_own0,1225
placebo-base,B_concede,-0.05741496598639457,-0.05973492141130379,-0.055095010561485344,costlyxhonest,A_own0,1225
placebo-base,B_pressure,-0.0024489795918367346,-0.0035072252180379493,-0.0013907339656355198,costlyxhonest,A_own0,1225
placebo-base,B_silence,-0.0020408163265306124,-0.003032429669781251,-0.0010492029832799739,costlyxhonest,A_own0,1225
placebo-base,B_reassure,0.08081632653061224,0.07989332111469023,0.08173933194653425,costlyxhonest,A_own0,1225
placebo-base,A_pC_true,-0.109349669898426,-0.12029086688618532,-0.09840847291066668,costlyxhonest,A_own0,1225
placebo-base,A_pW_true,-0.02129873259243214,-0.025476841416150246,-0.01712062376871403,costlyxhonest,A_own0,1225
placebo-base,B_pC_true,-0.04750254557033002,-0.054493273769234615,-0.040511817371425424,costlyxhonest,A_own0,1225
placebo-base,B_pW_true,-0.04265080203380264,-0.049660531863508606,-0.03564107220409668,costlyxhonest,A_own0,1225
placebo-base,conc_A_8_12,-0.004081632653061225,-0.007653490703801836,-0.0005097746023206137,costlyxhonest,A_own0,1225
placebo-base,conc_A_9_12,-0.0032653061224489797,-0.0064613821479502995,-6.923009694765952e-05,costlyxhonest,A_own0,1225
placebo-base,conc_B_8_12,0.0,-0.0059890968472509805,0.0059890968472509805,costlyxhonest,A_own0,1225
placebo-base,conc_A_1_7,-0.0008163265306122449,-0.0024163265306122446,0.0007836734693877547,costlyxhonest,A_own0,1225
placebo-base,A_concede_8_12,-0.0008163265306122449,-0.0015306981407603674,-0.00010195492046412259,costlyxhonest,A_own0,1225
placebo-base,A_pressure_8_12,-0.015510204081632653,-0.021614825710264372,-0.009405582453000935,costlyxhonest,A_own0,1225
placebo-base,A_silence_8_12,-0.01273469387755102,-0.0177048037512724,-0.00776458400382964,costlyxhonest,A_own0,1225
placebo-base,A_p_truth_r7,1.3450147611421203e-05,-1.2912141706964364e-05,3.9812436929806766e-05,costlyxhonest,A_own0,1225
placebo-base,A_dbelief_8_12,0.006958237682923135,0.004486353154246276,0.009430122211599994,costlyxhonest,A_own0,1225
placebo-base,B_pC16,-0.04750254557033002,-0.054493273769234615,-0.040511817371425424,costlyxhonest,A_own0,1225
placebo-base,B_pW02,0.08590019089012223,0.07244850109087862,0.09935188068936583,costlyxhonest,A_own0,1225
placebo-base,B_cmean,-0.04226436867114441,-0.048475568708381454,-0.03605316863390736,costlyxhonest,A_own0,1225
placebo-base,B_wmean,-0.051420397169569934,-0.059447034381419246,-0.04339375995772062,costlyxhonest,A_own0,1225
remove_c_A-base,A_own0,0.0,0.0,0.0,costlyxhonest,all,2000
remove_c_A-base,B_own0,0.0,0.0,0.0,costlyxhonest,all,2000
remove_c_A-base,nonc_A,-0.441125,-0.4618469260952752,-0.42040307390472476,costlyxhonest,all,2000
remove_c_A-base,nonc_B,-0.000875,-0.0019973565519097783,0.0002473565519097784,costlyxhonest,all,2000
remove_c_A-base,nonc_mutual,-0.4405,-0.4612402233891807,-0.4197597766108193,costlyxhonest,all,2000
remove_c_A-base,U_final,-0.392,-0.41307634087958434,-0.3709236591204157,costlyxhonest,all,2000
remove_c_A-base,no_concession_either,-0.384,-0.40532090536780396,-0.36267909463219605,costlyxhonest,all,2000
remove_c_A-base,A_p_truth0,0.0,0.0,0.0,costlyxhonest,all,2000
remove_c_A-base,A_p_truth,-0.004153592918641441,-0.005043972733090027,-0.0032632131041928545,costlyxhonest,all,2000
remove_c_A-base,B_p_truth0,0.0,0.0,0.0,costlyxhonest,all,2000
remove_c_A-base,B_p_truth,-0.003375231569947086,-0.00444101862970734,-0.0023094445101868324,costlyxhonest,all,2000
remove_c_A-base,A_dbelief,-0.005248125048668448,-0.0061273294432630165,-0.004368920654073879,costlyxhonest,all,2000
remove_c_A-base,B_dbelief,-0.004855960374207998,-0.00591059767247214,-0.003801323075943857,costlyxhonest,all,2000
remove_c_A-base,belief_gap_final,0.00522127220846703,0.004102579317949869,0.006339965098984191,costlyxhonest,all,2000
remove_c_A-base,A_hidden_shift,-0.0917400409334993,-0.09913661314848887,-0.08434346871850973,costlyxhonest,all,2000
remove_c_A-base,B_hidden_shift,-0.005692519474832729,-0.007174686687974178,-0.004210352261691279,costlyxhonest,all,2000
remove_c_A-base,dist_oracle,0.0007738956128767549,9.71432546853267e-05,0.0014506479710681831,costlyxhonest,all,2000
remove_c_A-base,A_transp_err,-0.006591153335137694,-0.008427060426590511,-0.004755246243684876,costlyxhonest,all,2000
remove_c_A-base,B_transp_err,0.003964003625698833,0.0028926895583953824,0.005035317693002283,costlyxhonest,all,2000
remove_c_A-base,A_assert,-0.0031666666666666666,-0.0040430895939469955,-0.002290243739386338,costlyxhonest,all,2000
remove_c_A-base,A_concede,0.184,0.17538463635249663,0.19261536364750337,costlyxhonest,all,2000
remove_c_A-base,A_pressure,-0.061625,-0.06562623309306981,-0.05762376690693019,costlyxhonest,all,2000
remove_c_A-base,A_silence,-0.06075,-0.06476109236754658,-0.056738907632453414,costlyxhonest,all,2000
remove_c_A-base,A_reassure,-0.058458333333333334,-0.06217738026594765,-0.05473928640071902,costlyxhonest,all,2000
remove_c_A-base,B_assert,-0.0016249999999999997,-0.002383589007834987,-0.0008664109921650124,costlyxhonest,all,2000
remove_c_A-base,B_concede,0.00037499999999999995,-3.3104488149462855e-05,0.0007831044881494628,costlyxhonest,all,2000
remove_c_A-base,B_pressure,0.0004166666666666667,-0.00011241097983000372,0.0009457443131633372,costlyxhonest,all,2000
remove_c_A-base,B_silence,0.0007083333333333333,0.00022606461945119883,0.0011906020472154677,costlyxhonest,all,2000
remove_c_A-base,B_reassure,0.000125,-0.00026671920005032456,0.0005167192000503245,costlyxhonest,all,2000
remove_c_A-base,A_pC_true,0.004149325439087705,0.0018948837729461233,0.0064037671052292865,costlyxhonest,all,2000
remove_c_A-base,A_pW_true,-0.0021167697306865474,-0.003921700292080249,-0.0003118391692928462,costlyxhonest,all,2000
remove_c_A-base,B_pC_true,-0.4528528727961467,-0.4739203511641168,-0.43178539442817665,costlyxhonest,all,2000
remove_c_A-base,B_pW_true,-0.04283175931559442,-0.04585723679334548,-0.03980628183784336,costlyxhonest,all,2000
remove_c_A-base,conc_A_8_12,0.4285,0.40680632124214466,0.4501936787578553,costlyxhonest,all,2000
remove_c_A-base,conc_A_9_12,0.4355,0.413764195105605,0.45723580489439497,costlyxhonest,all,2000
remove_c_A-base,conc_B_8_12,0.006,0.0026145337262135555,0.009385466273786445,costlyxhonest,all,2000
remove_c_A-base,conc_A_1_7,0.0,0.0,0.0,costlyxhonest,all,2000
remove_c_A-base,A_concede_8_12,0.44160000000000005,0.42092312724599196,0.46227687275400814,costlyxhonest,all,2000
remove_c_A-base,A_pressure_8_12,-0.1479,-0.15750295942336753,-0.13829704057663247,costlyxhonest,all,2000
remove_c_A-base,A_silence_8_12,-0.1458,-0.15542662168211183,-0.1361733783178882,costlyxhonest,all,2000
remove_c_A-base,A_p_truth_r7,0.0,0.0,0.0,costlyxhonest,all,2000
remove_c_A-base,A_dbelief_8_12,-0.003965171085386031,-0.004640065117415134,-0.0032902770533569277,costlyxhonest,all,2000
remove_c_A-base,B_pC16,-0.4528528727961467,-0.4739203511641168,-0.43178539442817665,costlyxhonest,all,2000
remove_c_A-base,B_pW02,0.009313842186673887,0.0050904252950982306,0.013537259078249545,costlyxhonest,all,2000
remove_c_A-base,B_cmean,-0.3810140471854676,-0.39871121798721504,-0.3633168763837202,costlyxhonest,all,2000
remove_c_A-base,B_wmean,-0.020858240600907334,-0.023508146491473605,-0.018208334710341063,costlyxhonest,all,2000
remove_c_A-base,A_own0,0.0,0.0,0.0,costlyxhonest,A_own0,1225
remove_c_A-base,B_own0,0.0,0.0,0.0,costlyxhonest,A_own0,1225
remove_c_A-base,nonc_A,-0.13489795918367348,-0.15278633493241334,-0.11700958343493362,costlyxhonest,A_own0,1225
remove_c_A-base,nonc_B,0.0,-0.001386206560167344,0.001386206560167344,costlyxhonest,A_own0,1225
remove_c_A-base,nonc_mutual,-0.13428571428571429,-0.15220195367870432,-0.11636947489272426,costlyxhonest,A_own0,1225
remove_c_A-base,U_final,-0.14551020408163265,-0.16500766830422095,-0.12601273985904435,costlyxhonest,A_own0,1225
remove_c_A-base,no_concession_either,-0.15918367346938775,-0.1796794884415363,-0.1386878584972392,costlyxhonest,A_own0,1225
remove_c_A-base,A_p_truth0,0.0,0.0,0.0,costlyxhonest,A_own0,1225
remove_c_A-base,A_p_truth,-0.0032085115442500485,-0.0044545578943818425,-0.001962465194118255,costlyxhonest,A_own0,1225
remove_c_A-base,B_p_truth0,0.0,0.0,0.0,costlyxhonest,A_own0,1225
remove_c_A-base,B_p_truth,-0.0001518743720291896,-0.000867236963385999,0.0005634882193276199,costlyxhonest,A_own0,1225
remove_c_A-base,A_dbelief,-0.004235485640175453,-0.005471866589330648,-0.002999104691020258,costlyxhonest,A_own0,1225
remove_c_A-base,B_dbelief,5.012187777653247e-05,-0.000664876650310811,0.0007651204058638758,costlyxhonest,A_own0,1225
remove_c_A-base,belief_gap_final,0.0036515344784773516,0.002509353095823498,0.004793715861131205,costlyxhonest,A_own0,1225
remove_c_A-base,A_hidden_shift,-0.08520127259006449,-0.09649033890820444,-0.07391220627192455,costlyxhonest,A_own0,1225
remove_c_A-base,B_hidden_shift,-0.0006054382849464841,-0.0015810341368652828,0.0003701575669723148,costlyxhonest,A_own0,1225
remove_c_A-base,dist_oracle,0.001342575294829197,0.0007167053737421927,0.0019684452159162012,costlyxhonest,A_own0,1225
remove_c_A-base,A_transp_err,-0.0030764987632437763,-0.0044571823582501835,-0.0016958151682373687,costlyxhonest,A_own0,1225
remove_c_A-base,B_transp_err,0.003642761223429261,0.002175094491921702,0.0051104279549368204,costlyxhonest,A_own0,1225
remove_c_A-base,A_assert,-0.0025170068027210884,-0.003663540209377025,-0.0013704733960651515,costlyxhonest,A_own0,1225
remove_c_A-base,A_concede,0.05612244897959184,0.048703655986802374,0.0635412419723813,costlyxhonest,A_own0,1225
remove_c_A-base,A_pressure,-0.019387755102040816,-0.022988469144033102,-0.01578704106004853,costlyxhonest,A_own0,1225
remove_c_A-base,A_silence,-0.017006802721088437,-0.02028765316966735,-0.013725952272509525,costlyxhonest,A_own0,1225
remove_c_A-base,A_reassure,-0.017210884353741497,-0.020141617009543138,-0.014280151697939857,costlyxhonest,A_own0,1225
remove_c_A-base,B_assert,-0.00034013605442176885,-0.0009212476029288339,0.00024097549408529616,costlyxhonest,A_own0,1225
remove_c_A-base,B_concede,-6.797283824235652e-20,-0.00046206885338911485,0.00046206885338911474,costlyxhonest,A_own0,1225
remove_c_A-base,B_pressure,6.802721088435374e-05,-0.0004128941995873666,0.0005489486213560741,costlyxhonest,A_own0,1225
remove_c_A-base,B_silence,0.0,-0.0004218092235362759,0.0004218092235362759,costlyxhonest,A_own0,1225
remove_c_A-base,B_reassure,0.00027210884353741496,-5.4267355631838906e-05,0.0005984850427066689,costlyxhonest,A_own0,1225
remove_c_A-base,A_pC_true,0.0019492997529217879,-0.000188877478053355,0.0040874769838969306,costlyxhonest,A_own0,1225
remove_c_A-base,A_pW_true,0.0010936619892902694,-0.0006452720625590412,0.00283259604113958,costlyxhonest,A_own0,1225
remove_c_A-base,B_pC_true,-0.14268056413330796,-0.1611603906939694,-0.12420073757264653,costlyxhonest,A_own0,1225
remove_c_A-base,B_pW_true,-0.010862783499807838,-0.013700754563434,-0.008024812436181677,costlyxhonest,A_own0,1225
remove_c_A-base,conc_A_8_12,0.16408163265306122,0.14333358289826617,0.18482968240785627,costlyxhonest,A_own0,1225
remove_c_A-base,conc_A_9_12,0.16326530612244897,0.14255882960096805,0.18397178264392988,costlyxhonest,A_own0,1225
remove_c_A-base,conc_B_8_12,0.0024489795918367346,-0.0003200366559292763,0.005217995839602745,costlyxhonest,A_own0,1225
remove_c_A-base,conc_A_1_7,0.0,0.0,0.0,costlyxhonest,A_own0,1225
remove_c_A-base,A_concede_8_12,0.1346938775510204,0.1168887743683257,0.15249898073371512,costlyxhonest,A_own0,1225
remove_c_A-base,A_pressure_8_12,-0.04653061224489796,-0.05517232594567945,-0.03788889854411647,costlyxhonest,A_own0,1225
remove_c_A-base,A_silence_8_12,-0.04081632653061225,-0.048690367607201634,-0.03294228545402286,costlyxhonest,A_own0,1225
remove_c_A-base,A_p_truth_r7,0.0,0.0,0.0,costlyxhonest,A_own0,1225
remove_c_A-base,A_dbelief_8_12,-0.002052275039245502,-0.002981482536192023,-0.0011230675422989806,costlyxhonest,A_own0,1225
remove_c_A-base,B_pC16,-0.14268056413330796,-0.1611603906939694,-0.12420073757264653,costlyxhonest,A_own0,1225
remove_c_A-base,B_pW02,-0.009917027593568129,-0.01470944644264807,-0.005124608744488187,costlyxhonest,A_own0,1225
remove_c_A-base,B_cmean,-0.13975574324771933,-0.15767293769585006,-0.12183854879958862,costlyxhonest,A_own0,1225
remove_c_A-base,B_wmean,-0.0003783023624958863,-0.0029947248748397647,0.002238120149847992,costlyxhonest,A_own0,1225
remove_c_AB-base,A_own0,0.0,0.0,0.0,costlyxhonest,all,2000
remove_c_AB-base,B_own0,0.0,0.0,0.0,costlyxhonest,all,2000
remove_c_AB-base,nonc_A,-0.441125,-0.4618469260952752,-0.42040307390472476,costlyxhonest,all,2000
remove_c_AB-base,nonc_B,-0.000875,-0.0019973565519097783,0.0002473565519097784,costlyxhonest,all,2000
remove_c_AB-base,nonc_mutual,-0.4405,-0.4612402233891807,-0.4197597766108193,costlyxhonest,all,2000
remove_c_AB-base,U_final,-0.392,-0.41307634087958434,-0.3709236591204157,costlyxhonest,all,2000
remove_c_AB-base,no_concession_either,-0.384,-0.40532090536780396,-0.36267909463219605,costlyxhonest,all,2000
remove_c_AB-base,A_p_truth0,0.0,0.0,0.0,costlyxhonest,all,2000
remove_c_AB-base,A_p_truth,-0.004153592918641441,-0.005043972733090027,-0.0032632131041928545,costlyxhonest,all,2000
remove_c_AB-base,B_p_truth0,0.0,0.0,0.0,costlyxhonest,all,2000
remove_c_AB-base,B_p_truth,-0.003375231569947086,-0.00444101862970734,-0.0023094445101868324,costlyxhonest,all,2000
remove_c_AB-base,A_dbelief,-0.005248125048668448,-0.0061273294432630165,-0.004368920654073879,costlyxhonest,all,2000
remove_c_AB-base,B_dbelief,-0.004855960374207998,-0.00591059767247214,-0.003801323075943857,costlyxhonest,all,2000
remove_c_AB-base,belief_gap_final,0.00522127220846703,0.004102579317949869,0.006339965098984191,costlyxhonest,all,2000
remove_c_AB-base,A_hidden_shift,-0.0917400409334993,-0.09913661314848887,-0.08434346871850973,costlyxhonest,all,2000
remove_c_AB-base,B_hidden_shift,-0.005692519474832729,-0.007174686687974178,-0.004210352261691279,costlyxhonest,all,2000
remove_c_AB-base,dist_oracle,0.0007738956128767549,9.71432546853267e-05,0.0014506479710681831,costlyxhonest,all,2000
remove_c_AB-base,A_transp_err,-0.006591153335137694,-0.008427060426590511,-0.004755246243684876,costlyxhonest,all,2000
remove_c_AB-base,B_transp_err,0.003964003625698833,0.0028926895583953824,0.005035317693002283,costlyxhonest,all,2000
remove_c_AB-base,A_assert,-0.0031666666666666666,-0.0040430895939469955,-0.002290243739386338,costlyxhonest,all,2000
remove_c_AB-base,A_concede,0.184,0.17538463635249663,0.19261536364750337,costlyxhonest,all,2000
remove_c_AB-base,A_pressure,-0.061625,-0.06562623309306981,-0.05762376690693019,costlyxhonest,all,2000
remove_c_AB-base,A_silence,-0.06075,-0.06476109236754658,-0.056738907632453414,costlyxhonest,all,2000
remove_c_AB-base,A_reassure,-0.058458333333333334,-0.06217738026594765,-0.05473928640071902,costlyxhonest,all,2000
remove_c_AB-base,B_assert,-0.0016249999999999997,-0.002383589007834987,-0.0008664109921650124,costlyxhonest,all,2000
remove_c_AB-base,B_concede,0.00037499999999999995,-3.3104488149462855e-05,0.0007831044881494628,costlyxhonest,all,2000
remove_c_AB-base,B_pressure,0.0004166666666666667,-0.00011241097983000372,0.0009457443131633372,costlyxhonest,all,2000
remove_c_AB-base,B_silence,0.0007083333333333333,0.00022606461945119883,0.0011906020472154677,costlyxhonest,all,2000
remove_c_AB-base,B_reassure,0.000125,-0.00026671920005032456,0.0005167192000503245,costlyxhonest,all,2000
remove_c_AB-base,A_pC_true,0.004149325439087705,0.0018948837729461233,0.0064037671052292865,costlyxhonest,all,2000
remove_c_AB-base,A_pW_true,-0.0021167697306865474,-0.003921700292080249,-0.0003118391692928462,costlyxhonest,all,2000
remove_c_AB-base,B_pC_true,-0.4528528727961467,-0.4739203511641168,-0.43178539442817665,costlyxhonest,all,2000
remove_c_AB-base,B_pW_true,-0.04283175931559442,-0.04585723679334548,-0.03980628183784336,costlyxhonest,all,2000
remove_c_AB-base,conc_A_8_12,0.4285,0.40680632124214466,0.4501936787578553,costlyxhonest,all,2000
remove_c_AB-base,conc_A_9_12,0.4355,0.413764195105605,0.45723580489439497,costlyxhonest,all,2000
remove_c_AB-base,conc_B_8_12,0.006,0.0026145337262135555,0.009385466273786445,costlyxhonest,all,2000
remove_c_AB-base,conc_A_1_7,0.0,0.0,0.0,costlyxhonest,all,2000
remove_c_AB-base,A_concede_8_12,0.44160000000000005,0.42092312724599196,0.46227687275400814,costlyxhonest,all,2000
remove_c_AB-base,A_pressure_8_12,-0.1479,-0.15750295942336753,-0.13829704057663247,costlyxhonest,all,2000
remove_c_AB-base,A_silence_8_12,-0.1458,-0.15542662168211183,-0.1361733783178882,costlyxhonest,all,2000
remove_c_AB-base,A_p_truth_r7,0.0,0.0,0.0,costlyxhonest,all,2000
remove_c_AB-base,A_dbelief_8_12,-0.003965171085386031,-0.004640065117415134,-0.0032902770533569277,costlyxhonest,all,2000
remove_c_AB-base,B_pC16,-0.4528528727961467,-0.4739203511641168,-0.43178539442817665,costlyxhonest,all,2000
remove_c_AB-base,B_pW02,0.009313842186673887,0.0050904252950982306,0.013537259078249545,costlyxhonest,all,2000
remove_c_AB-base,B_cmean,-0.3810140471854676,-0.39871121798721504,-0.3633168763837202,costlyxhonest,all,2000
remove_c_AB-base,B_wmean,-0.020858240600907334,-0.023508146491473605,-0.018208334710341063,costlyxhonest,all,2000
remove_c_AB-base,A_own0,0.0,0.0,0.0,costlyxhonest,A_own0,1225
remove_c_AB-base,B_own0,0.0,0.0,0.0,costlyxhonest,A_own0,1225
remove_c_AB-base,nonc_A,-0.13489795918367348,-0.15278633493241334,-0.11700958343493362,costlyxhonest,A_own0,1225
remove_c_AB-base,nonc_B,0.0,-0.001386206560167344,0.001386206560167344,costlyxhonest,A_own0,1225
remove_c_AB-base,nonc_mutual,-0.13428571428571429,-0.15220195367870432,-0.11636947489272426,costlyxhonest,A_own0,1225
remove_c_AB-base,U_final,-0.14551020408163265,-0.16500766830422095,-0.12601273985904435,costlyxhonest,A_own0,1225
remove_c_AB-base,no_concession_either,-0.15918367346938775,-0.1796794884415363,-0.1386878584972392,costlyxhonest,A_own0,1225
remove_c_AB-base,A_p_truth0,0.0,0.0,0.0,costlyxhonest,A_own0,1225
remove_c_AB-base,A_p_truth,-0.0032085115442500485,-0.0044545578943818425,-0.001962465194118255,costlyxhonest,A_own0,1225
remove_c_AB-base,B_p_truth0,0.0,0.0,0.0,costlyxhonest,A_own0,1225
remove_c_AB-base,B_p_truth,-0.0001518743720291896,-0.000867236963385999,0.0005634882193276199,costlyxhonest,A_own0,1225
remove_c_AB-base,A_dbelief,-0.004235485640175453,-0.005471866589330648,-0.002999104691020258,costlyxhonest,A_own0,1225
remove_c_AB-base,B_dbelief,5.012187777653247e-05,-0.000664876650310811,0.0007651204058638758,costlyxhonest,A_own0,1225
remove_c_AB-base,belief_gap_final,0.0036515344784773516,0.002509353095823498,0.004793715861131205,costlyxhonest,A_own0,1225
remove_c_AB-base,A_hidden_shift,-0.08520127259006449,-0.09649033890820444,-0.07391220627192455,costlyxhonest,A_own0,1225
remove_c_AB-base,B_hidden_shift,-0.0006054382849464841,-0.0015810341368652828,0.0003701575669723148,costlyxhonest,A_own0,1225
remove_c_AB-base,dist_oracle,0.001342575294829197,0.0007167053737421927,0.0019684452159162012,costlyxhonest,A_own0,1225
remove_c_AB-base,A_transp_err,-0.0030764987632437763,-0.0044571823582501835,-0.0016958151682373687,costlyxhonest,A_own0,1225
remove_c_AB-base,B_transp_err,0.003642761223429261,0.002175094491921702,0.0051104279549368204,costlyxhonest,A_own0,1225
remove_c_AB-base,A_assert,-0.0025170068027210884,-0.003663540209377025,-0.0013704733960651515,costlyxhonest,A_own0,1225
remove_c_AB-base,A_concede,0.05612244897959184,0.048703655986802374,0.0635412419723813,costlyxhonest,A_own0,1225
remove_c_AB-base,A_pressure,-0.019387755102040816,-0.022988469144033102,-0.01578704106004853,costlyxhonest,A_own0,1225
remove_c_AB-base,A_silence,-0.017006802721088437,-0.02028765316966735,-0.013725952272509525,costlyxhonest,A_own0,1225
remove_c_AB-base,A_reassure,-0.017210884353741497,-0.020141617009543138,-0.014280151697939857,costlyxhonest,A_own0,1225
remove_c_AB-base,B_assert,-0.00034013605442176885,-0.0009212476029288339,0.00024097549408529616,costlyxhonest,A_own0,1225
remove_c_AB-base,B_concede,-6.797283824235652e-20,-0.00046206885338911485,0.00046206885338911474,costlyxhonest,A_own0,1225
remove_c_AB-base,B_pressure,6.802721088435374e-05,-0.0004128941995873666,0.0005489486213560741,costlyxhonest,A_own0,1225
remove_c_AB-base,B_silence,0.0,-0.0004218092235362759,0.0004218092235362759,costlyxhonest,A_own0,1225
remove_c_AB-base,B_reassure,0.00027210884353741496,-5.4267355631838906e-05,0.0005984850427066689,costlyxhonest,A_own0,1225
remove_c_AB-base,A_pC_true,0.0019492997529217879,-0.000188877478053355,0.0040874769838969306,costlyxhonest,A_own0,1225
remove_c_AB-base,A_pW_true,0.0010936619892902694,-0.0006452720625590412,0.00283259604113958,costlyxhonest,A_own0,1225
remove_c_AB-base,B_pC_true,-0.14268056413330796,-0.1611603906939694,-0.12420073757264653,costlyxhonest,A_own0,1225
remove_c_AB-base,B_pW_true,-0.010862783499807838,-0.013700754563434,-0.008024812436181677,costlyxhonest,A_own0,1225
remove_c_AB-base,conc_A_8_12,0.16408163265306122,0.14333358289826617,0.18482968240785627,costlyxhonest,A_own0,1225
remove_c_AB-base,conc_A_9_12,0.16326530612244897,0.14255882960096805,0.18397178264392988,costlyxhonest,A_own0,1225
remove_c_AB-base,conc_B_8_12,0.0024489795918367346,-0.0003200366559292763,0.005217995839602745,costlyxhonest,A_own0,1225
remove_c_AB-base,conc_A_1_7,0.0,0.0,0.0,costlyxhonest,A_own0,1225
remove_c_AB-base,A_concede_8_12,0.1346938775510204,0.1168887743683257,0.15249898073371512,costlyxhonest,A_own0,1225
remove_c_AB-base,A_pressure_8_12,-0.04653061224489796,-0.05517232594567945,-0.03788889854411647,costlyxhonest,A_own0,1225
remove_c_AB-base,A_silence_8_12,-0.04081632653061225,-0.048690367607201634,-0.03294228545402286,costlyxhonest,A_own0,1225
remove_c_AB-base,A_p_truth_r7,0.0,0.0,0.0,costlyxhonest,A_own0,1225
remove_c_AB-base,A_dbelief_8_12,-0.002052275039245502,-0.002981482536192023,-0.0011230675422989806,costlyxhonest,A_own0,1225
remove_c_AB-base,B_pC16,-0.14268056413330796,-0.1611603906939694,-0.12420073757264653,costlyxhonest,A_own0,1225
remove_c_AB-base,B_pW02,-0.009917027593568129,-0.01470944644264807,-0.005124608744488187,costlyxhonest,A_own0,1225
remove_c_AB-base,B_cmean,-0.13975574324771933,-0.15767293769585006,-0.12183854879958862,costlyxhonest,A_own0,1225
remove_c_AB-base,B_wmean,-0.0003783023624958863,-0.0029947248748397647,0.002238120149847992,costlyxhonest,A_own0,1225
external-base,A_own0,0.0,0.0,0.0,costlyxhonest,all,2000
external-base,B_own0,0.0,0.0,0.0,costlyxhonest,all,2000
external-base,nonc_A,-0.001375,-0.00328804034175304,0.00053804034175304,costlyxhonest,all,2000
external-base,nonc_B,-0.037375,-0.04949079439097421,-0.025259205609025788,costlyxhonest,all,2000
external-base,nonc_mutual,-0.038875,-0.050976758643628384,-0.026773241356371616,costlyxhonest,all,2000
external-base,U_final,-0.01575,-0.0288420117604579,-0.0026579882395420997,costlyxhonest,all,2000
external-base,no_concession_either,-0.042,-0.05239577533772428,-0.03160422466227573,costlyxhonest,all,2000
external-base,A_p_truth0,0.0,0.0,0.0,costlyxhonest,all,2000
external-base,A_p_truth,0.06728870704082948,0.05853075020123195,0.07604666388042702,costlyxhonest,all,2000
external-base,B_p_truth0,0.0,0.0,0.0,costlyxhonest,all,2000
external-base,B_p_truth,0.0872938322934772,0.07818282202238802,0.09640484256456638,costlyxhonest,all,2000
external-base,A_dbelief,0.04893675117623475,0.04269266553828418,0.05518083681418532,costlyxhonest,all,2000
external-base,B_dbelief,0.07170255657752571,0.0648596411153633,0.07854547203968812,costlyxhonest,all,2000
external-base,belief_gap_final,-0.06641657681075663,-0.07283041299420909,-0.06000274062730417,costlyxhonest,all,2000
external-base,A_hidden_shift,0.038055725369391384,0.03116227397986974,0.04494917675891303,costlyxhonest,all,2000
external-base,B_hidden_shift,0.007032958767109138,0.0016786121844460248,0.01238730534977225,costlyxhonest,all,2000
external-base,dist_oracle,0.021962492768231343,0.016229179998381884,0.027695805538080803,costlyxhonest,all,2000
external-base,A_transp_err,-0.021451363236767412,-0.027286585796799205,-0.01561614067673562,costlyxhonest,all,2000
external-base,B_transp_err,-0.004393101737566166,-0.009041246131816878,0.00025504265668454575,costlyxhonest,all,2000
external-base,A_assert,0.0013750000000000006,-0.0027809831872004503,0.005530983187200451,costlyxhonest,all,2000
external-base,A_concede,0.0009166666666666666,0.00017805092387706374,0.0016552824094562696,costlyxhonest,all,2000
external-base,A_pressure,-0.00025000000000000033,-0.002300300420891523,0.0018003004208915225,costlyxhonest,all,2000
external-base,A_silence,-0.0012916666666666667,-0.003100845795090944,0.000517512461757611,costlyxhonest,all,2000
external-base,A_reassure,-0.0007500000000000001,-0.0024825329391363954,0.0009825329391363953,costlyxhonest,all,2000
external-base,B_assert,-0.0018749999999999975,-0.006580337756241441,0.0028303377562414467,costlyxhonest,all,2000
external-base,B_concede,0.015541666666666667,0.010543754636534326,0.02053957869679901,costlyxhonest,all,2000
external-base,B_pressure,-0.004333333333333333,-0.005845299381820203,-0.0028213672848464632,costlyxhonest,all,2000
external-base,B_silence,-0.004166666666666666,-0.00550144473170524,-0.0028318886016280914,costlyxhonest,all,2000
external-base,B_reassure,-0.005166666666666666,-0.006469344001878803,-0.003863989331454529,costlyxhonest,all,2000
external-base,A_pC_true,0.05792865829223046,0.04705048248748076,0.06880683409698017,costlyxhonest,all,2000
external-base,A_pW_true,-8.859493739662072e-05,-0.005506571450971738,0.0053293815761784975,costlyxhonest,all,2000
external-base,B_pC_true,-0.011229638293849714,-0.01593562434616467,-0.00652365224153476,costlyxhonest,all,2000
external-base,B_pW_true,-0.007790227038113346,-0.011408427689349585,-0.004172026386877107,costlyxhonest,all,2000
external-base,conc_A_8_12,0.0095,0.0014871633877079696,0.01751283661229203,costlyxhonest,all,2000
external-base,conc_A_9_12,0.0045,-0.0027670151062370264,0.011767015106237025,costlyxhonest,all,2000
external-base,conc_B_8_12,0.004,-0.00870421842471592,0.016704218424715922,costlyxhonest,all,2000
external-base,conc_A_1_7,0.0,0.0,0.0,costlyxhonest,all,2000
external-base,A_concede_8_12,0.0022,0.00042732221730495284,0.003972677782695048,costlyxhonest,all,2000
external-base,A_pressure_8_12,-0.0006000000000000003,-0.005520721010139654,0.004320721010139654,costlyxhonest,all,2000
external-base,A_silence_8_12,-0.0030999999999999995,-0.007442029908218266,0.0012420299082182675,costlyxhonest,all,2000
external-base,A_p_truth_r7,0.0,0.0,0.0,costlyxhonest,all,2000
external-base,A_dbelief_8_12,0.08582792021856729,0.07804215940815906,0.09361368102897552,costlyxhonest,all,2000
external-base,B_pC16,-0.011229638293849714,-0.01593562434616467,-0.00652365224153476,costlyxhonest,all,2000
external-base,B_pW02,0.0076947023441452465,0.0004171727841508228,0.01497223190413967,costlyxhonest,all,2000
external-base,B_cmean,-0.009808065341147316,-0.015137450027631373,-0.00447868065466326,costlyxhonest,all,2000
external-base,B_wmean,-0.006193971752903415,-0.010464537203490342,-0.0019234063023164895,costlyxhonest,all,2000
external-base,A_own0,0.0,0.0,0.0,costlyxhonest,A_own0,1225
external-base,B_own0,0.0,0.0,0.0,costlyxhonest,A_own0,1225
external-base,nonc_A,-0.0024489795918367346,-0.004233297626737801,-0.0006646615569356684,costlyxhonest,A_own0,1225
external-base,nonc_B,-0.04244897959183674,-0.0599955041159645,-0.024902455067708974,costlyxhonest,A_own0,1225
external-base,nonc_mutual,-0.044897959183673466,-0.062461848163009204,-0.02733407020433773,costlyxhonest,A_own0,1225
external-base,U_final,-0.007551020408163266,-0.026036153102275965,0.010934112285949434,costlyxhonest,A_own0,1225
external-base,no_concession_either,-0.044081632653061226,-0.057243987370183325,-0.030919277935939127,costlyxhonest,A_own0,1225
external-base,A_p_truth0,0.0,0.0,0.0,costlyxhonest,A_own0,1225
external-base,A_p_truth,0.08206260938649745,0.07048411726681167,0.09364110150618324,costlyxhonest,A_own0,1225
external-base,B_p_truth0,0.0,0.0,0.0,costlyxhonest,A_own0,1225
external-base,B_p_truth,0.12085600803681526,0.10885193070960814,0.13286008536402238,costlyxhonest,A_own0,1225
external-base,A_dbelief,0.048868085387826055,0.04001976373576213,0.05771640703988998,costlyxhonest,A_own0,1225
external-base,B_dbelief,0.10432765006938613,0.09485771116104749,0.11379758897772477,costlyxhonest,A_own0,1225
external-base,belief_gap_final,-0.09667588319321933,-0.10632119229241747,-0.08703057409402119,costlyxhonest,A_own0,1225
external-base,A_hidden_shift,0.03624305592759035,0.02657739846460912,0.04590871339057158,costlyxhonest,A_own0,1225
external-base,B_hidden_shift,0.008153295908351382,0.001708005926537911,0.014598585890164852,costlyxhonest,A_own0,1225
external-base,dist_oracle,0.017251851334222454,0.009569762207107799,0.02493394046133711,costlyxhonest,A_own0,1225
external-base,A_transp_err,-0.0408668187652592,-0.04979352205514305,-0.031940115475375355,costlyxhonest,A_own0,1225
external-base,B_transp_err,-0.006071514818199349,-0.012626092866428018,0.0004830632300293217,costlyxhonest,A_own0,1225
external-base,A_assert,-0.008163265306122448,-0.013545664875746377,-0.002780865736498518,costlyxhonest,A_own0,1225
external-base,A_concede,0.001224489795918367,0.0005220094925533321,0.0019269700992834019,costlyxhonest,A_own0,1225
external-base,A_pressure,0.003605442176870748,0.0010511202239700487,0.006159764129771447,costlyxhonest,A_own0,1225
external-base,A_silence,0.0010204081632653062,-0.0013612879546234967,0.003402104281154109,costlyxhonest,A_own0,1225
external-base,A_reassure,0.002312925170068027,-0.00010671727697498905,0.004732567617111043,costlyxhonest,A_own0,1225
external-base,B_assert,0.004081632653061226,-0.0024707649467844454,0.010634030252906896,costlyxhonest,A_own0,1225
external-base,B_concede,0.018163265306122448,0.010863643843806683,0.025462886768438213,costlyxhonest,A_own0,1225
external-base,B_pressure,-0.007346938775510204,-0.009651416435187254,-0.005042461115833154,costlyxhonest,A_own0,1225
external-base,B_silence,-0.006462585034013605,-0.008527437706175521,-0.004397732361851689,costlyxhonest,A_own0,1225
external-base,B_reassure,-0.008435374149659863,-0.010429279168925651,-0.006441469130394076,costlyxhonest,A_own0,1225
external-base,A_pC_true,0.07817091729973448,0.061678547063593915,0.09466328753587505,costlyxhonest,A_own0,1225
external-base,A_pW_true,-0.009105422461370093,-0.016068991024566777,-0.002141853898173408,costlyxhonest,A_own0,1225
external-base,B_pC_true,-0.0006283829929489319,-0.005602255838248704,0.004345489852350841,costlyxhonest,A_own0,1225
external-base,B_pW_true,-0.0006194563140760822,-0.005286618819427444,0.00404770619127528,costlyxhonest,A_own0,1225
external-base,conc_A_8_12,0.013877551020408163,0.005912135580065149,0.02184296646075118,costlyxhonest,A_own0,1225
external-base,conc_A_9_12,0.009795918367346938,0.0026586462277426734,0.016933190506951204,costlyxhonest,A_own0,1225
external-base,conc_B_8_12,-0.0163265306122449,-0.034412743900578954,0.001759682676089152,costlyxhonest,A_own0,1225
external-base,conc_A_1_7,0.0,0.0,0.0,costlyxhonest,A_own0,1225
external-base,A_concede_8_12,0.002938775510204082,0.0012528227821279978,0.004624728238280166,costlyxhonest,A_own0,1225
external-base,A_pressure_8_12,0.008653061224489795,0.002522688537528116,0.014783433911451474,costlyxhonest,A_own0,1225
external-base,A_silence_8_12,0.0024489795918367346,-0.003267091091096393,0.008165050274769863,costlyxhonest,A_own0,1225
external-base,A_p_truth_r7,0.0,0.0,0.0,costlyxhonest,A_own0,1225
external-base,A_dbelief_8_12,0.09223783574545558,0.08191542133795852,0.10256025015295263,costlyxhonest,A_own0,1225
external-base,B_pC16,-0.0006283829929489319,-0.005602255838248704,0.004345489852350841,costlyxhonest,A_own0,1225
external-base,B_pW02,-0.009364964242660055,-0.019030447097012314,0.0003005186116922017,costlyxhonest,A_own0,1225
external-base,B_cmean,0.0008221496425691925,-0.005089790361878616,0.006734089647017001,costlyxhonest,A_own0,1225
external-base,B_wmean,0.0034982031714336087,-0.0020791956350374964,0.009075601977904715,costlyxhonest,A_own0,1225
force_silence-base,A_own0,0.0,0.0,0.0,costlyxhonest,all,2000
force_silence-base,B_own0,0.0,0.0,0.0,costlyxhonest,all,2000
force_silence-base,nonc_A,0.003875,0.0021680026633138154,0.005581997336686184,costlyxhonest,all,2000
force_silence-base,nonc_B,-0.00125,-0.002946949783960811,0.00044694978396081085,costlyxhonest,all,2000
force_silence-base,nonc_mutual,0.002625,0.00029009842387626734,0.004959901576123733,costlyxhonest,all,2000
force_silence-base,U_final,0.01,0.0047853172236243255,0.015214682776375676,costlyxhonest,all,2000
force_silence-base,no_concession_either,0.0115,0.004798714465574016,0.018201285534425984,costlyxhonest,all,2000
force_silence-base,A_p_truth0,0.0,0.0,0.0,costlyxhonest,all,2000
force_silence-base,A_p_truth,-0.026601853778199215,-0.029280632738854742,-0.023923074817543688,costlyxhonest,all,2000
force_silence-base,B_p_truth0,0.0,0.0,0.0,costlyxhonest,all,2000
force_silence-base,B_p_truth,0.0001313833134392353,-0.0008390747961881948,0.0011018414230666654,costlyxhonest,all,2000
force_silence-base,A_dbelief,-0.03345861390064553,-0.03598304904196086,-0.030934178759330196,costlyxhonest,all,2000
force_silence-base,B_dbelief,0.0004151182729070649,-0.0005551827837112044,0.0013854193295253342,costlyxhonest,all,2000
force_silence-base,belief_gap_final,0.03072679279686026,0.028183293256623627,0.0332702923370969,costlyxhonest,all,2000
force_silence-base,A_hidden_shift,-0.028365663789165184,-0.031188946670760227,-0.02554238090757014,costlyxhonest,all,2000
force_silence-base,B_hidden_shift,-0.0008167049886029702,-0.0021274565952840194,0.0004940466180780789,costlyxhonest,all,2000
force_silence-base,dist_oracle,0.01235919488101963,0.01108501482218601,0.01363337493985325,costlyxhonest,all,2000
force_silence-base,A_transp_err,0.03620293723919048,0.033830200632806465,0.03857567384557449,costlyxhonest,all,2000
force_silence-base,B_transp_err,0.017768957349406492,0.015372255835620931,0.020165658863192052,costlyxhonest,all,2000
force_silence-base,A_assert,0.013041666666666668,0.011129393849935946,0.014953939483397391,costlyxhonest,all,2000
force_silence-base,A_concede,-0.0012916666666666664,-0.0018606657788953944,-0.0007226675544379383,costlyxhonest,all,2000
force_silence-base,A_pressure,-0.0045,-0.006186334979424732,-0.0028136650205752667,costlyxhonest,all,2000
force_silence-base,A_silence,-0.003666666666666667,-0.005053250597190558,-0.002280082736142776,costlyxhonest,all,2000
force_silence-base,A_reassure,-0.0035833333333333333,-0.004448992985458034,-0.0027176736812086323,costlyxhonest,all,2000
force_silence-base,B_assert,-0.04279166666666668,-0.04473443832692877,-0.04084889500640459,costlyxhonest,all,2000
force_silence-base,B_concede,-0.035875000000000004,-0.03777383307847711,-0.033976166921522895,costlyxhonest,all,2000
force_silence-base,B_pressure,-0.0015416666666666664,-0.0022458619834170536,-0.0008374713499162796,costlyxhonest,all,2000
force_silence-base,B_silence,0.08187499999999999,0.0812508149385034,0.08249918506149657,costlyxhonest,all,2000
force_silence-base,B_reassure,-0.0016666666666666666,-0.0022511719093676434,-0.0010821614239656897,costlyxhonest,all,2000
force_silence-base,A_pC_true,-0.07050498477661947,-0.077667352367957,-0.06334261718528195,costlyxhonest,all,2000
force_silence-base,A_pW_true,-0.019630820878308093,-0.022497276302690217,-0.01676436545392597,costlyxhonest,all,2000
force_silence-base,B_pC_true,-0.016761100311204508,-0.02045391096940045,-0.013068289653008564,costlyxhonest,all,2000
force_silence-base,B_pW_true,-0.017483366254099294,-0.020873509500893277,-0.014093223007305311,costlyxhonest,all,2000
force_silence-base,conc_A_8_12,-0.014,-0.02032299876298251,-0.007677001237017492,costlyxhonest,all,2000
force_silence-base,conc_A_9_12,-0.015,-0.02146887495408481,-0.008531125045915187,costlyxhonest,all,2000
force_silence-base,conc_B_8_12,0.001,-0.003158596657898134,0.005158596657898134,costlyxhonest,all,2000
force_silence-base,conc_A_1_7,0.0,0.0,0.0,costlyxhonest,all,2000
force_silence-base,A_concede_8_12,-0.0031000000000000003,-0.004465597869348948,-0.0017344021306510526,costlyxhonest,all,2000
force_silence-base,A_pressure_8_12,-0.0108,-0.01484720395061936,-0.006752796049380641,costlyxhonest,all,2000
force_silence-base,A_silence_8_12,-0.0088,-0.012127801433257339,-0.0054721985667426625,costlyxhonest,all,2000
force_silence-base,A_p_truth_r7,0.0,0.0,0.0,costlyxhonest,all,2000
force_silence-base,A_dbelief_8_12,0.016572587892579017,0.014756282685903512,0.018388893099254525,costlyxhonest,all,2000
force_silence-base,B_pC16,-0.016761100311204508,-0.02045391096940045,-0.013068289653008564,costlyxhonest,all,2000
force_silence-base,B_pW02,0.03512868327665881,0.028553227875228748,0.041704138678088865,costlyxhonest,all,2000
force_silence-base,B_cmean,-0.015317401325180051,-0.01855919004565884,-0.01207561260470126,costlyxhonest,all,2000
force_silence-base,B_wmean,-0.021044819812303238,-0.024959795905734116,-0.01712984371887236,costlyxhonest,all,2000
force_silence-base,A_own0,0.0,0.0,0.0,costlyxhonest,A_own0,1225
force_silence-base,B_own0,0.0,0.0,0.0,costlyxhonest,A_own0,1225
force_silence-base,nonc_A,0.0008163265306122449,1.730752423691488e-05,0.0016153455369875749,costlyxhonest,A_own0,1225
force_silence-base,nonc_B,-0.0016326530612244899,-0.004345151366997884,0.0010798452445489035,costlyxhonest,A_own0,1225
force_silence-base,nonc_mutual,-0.0008163265306122449,-0.0035883624262196493,0.00195570936499516,costlyxhonest,A_own0,1225
force_silence-base,U_final,0.0024489795918367346,-0.0019688393477539923,0.006866798531427461,costlyxhonest,A_own0,1225
force_silence-base,no_concession_either,0.0016326530612244899,-0.00391141872999032,0.0071767248524393,costlyxhonest,A_own0,1225
force_silence-base,A_p_truth0,0.0,0.0,0.0,costlyxhonest,A_own0,1225
force_silence-base,A_p_truth,-0.016175736439041882,-0.01996348197911445,-0.012387990898969314,costlyxhonest,A_own0,1225
force_silence-base,B_p_truth0,0.0,0.0,0.0,costlyxhonest,A_own0,1225
force_silence-base,B_p_truth,0.0004026564527737364,-0.001160972225713008,0.0019662851312604807,costlyxhonest,A_own0,1225
force_silence-base,A_dbelief,-0.02432055531916341,-0.0279648314117901,-0.020676279226536722,costlyxhonest,A_own0,1225
force_silence-base,B_dbelief,0.0009965597563880732,-0.0005662288862843614,0.002559348399060508,costlyxhonest,A_own0,1225
force_silence-base,belief_gap_final,0.023893834795762545,0.020286467960882473,0.027501201630642617,costlyxhonest,A_own0,1225
force_silence-base,A_hidden_shift,-0.02225318471220289,-0.026190946789740804,-0.018315422634664975,costlyxhonest,A_own0,1225
force_silence-base,B_hidden_shift,-0.00046877045535843247,-0.0023439428854043105,0.0014064019746874454,costlyxhonest,A_own0,1225
force_silence-base,dist_oracle,0.010201008652170154,0.008435021909736056,0.011966995394604251,costlyxhonest,A_own0,1225
force_silence-base,A_transp_err,0.015901509344768836,0.012975709116352287,0.018827309573185385,costlyxhonest,A_own0,1225
force_silence-base,B_transp_err,0.0022193204232304016,-0.0009122655899280298,0.005350906436388833,costlyxhonest,A_own0,1225
force_silence-base,A_assert,0.017551020408163264,0.014623585260596391,0.020478455555730135,costlyxhonest,A_own0,1225
force_silence-base,A_concede,-0.00027210884353741496,-0.0005384485123291915,-5.769174745638402e-06,costlyxhonest,A_own0,1225
force_silence-base,A_pressure,-0.006666666666666668,-0.009212102726545409,-0.004121230606787927,costlyxhonest,A_own0,1225
force_silence-base,A_silence,-0.0054421768707483,-0.007511947538547984,-0.0033724062029486155,costlyxhonest,A_own0,1225
force_silence-base,A_reassure,-0.0051700680272108845,-0.0064721193666871,-0.003868016687734669,costlyxhonest,A_own0,1225
force_silence-base,B_assert,-0.019115646258503406,-0.02132578990338476,-0.016905502613622052,costlyxhonest,A_own0,1225
force_silence-base,B_concede,-0.057346938775510205,-0.059691220590022555,-0.055002656960997855,costlyxhonest,A_own0,1225
force_silence-base,B_pressure,-0.002312925170068027,-0.0034052101236186497,-0.001220640216517404,costlyxhonest,A_own0,1225
force_silence-base,B_silence,0.08129251700680272,0.08033746317895395,0.08224757083465149,costlyxhonest,A_own0,1225
force_silence-base,B_reassure,-0.0025170068027210884,-0.003420530124838064,-0.001613483480604113,costlyxhonest,A_own0,1225
force_silence-base,A_pC_true,-0.11007868940438612,-0.1209672824143261,-0.09919009639444613,costlyxhonest,A_own0,1225
force_silence-base,A_pW_true,-0.021279168761086497,-0.025498329000738028,-0.017060008521434966,costlyxhonest,A_own0,1225
force_silence-base,B_pC_true,-0.027591216245414517,-0.0329117558471349,-0.022270676643694132,costlyxhonest,A_own0,1225
force_silence-base,B_pW_true,-0.024668707359654367,-0.03003388726110869,-0.019303527458200045,costlyxhonest,A_own0,1225
force_silence-base,conc_A_8_12,-0.0032653061224489797,-0.0064613821479502995,-6.923009694765952e-05,costlyxhonest,A_own0,1225
force_silence-base,conc_A_9_12,-0.0032653061224489797,-0.0064613821479502995,-6.923009694765952e-05,costlyxhonest,A_own0,1225
force_silence-base,conc_B_8_12,0.0008163265306122449,-0.005382808977323651,0.007015462038548141,costlyxhonest,A_own0,1225
force_silence-base,conc_A_1_7,0.0,0.0,0.0,costlyxhonest,A_own0,1225
force_silence-base,A_concede_8_12,-0.0006530612244897959,-0.00129227642959006,-1.3846019389531948e-05,costlyxhonest,A_own0,1225
force_silence-base,A_pressure_8_12,-0.016,-0.02210904654370898,-0.00989095345629102,costlyxhonest,A_own0,1225
force_silence-base,A_silence_8_12,-0.013061224489795919,-0.01802867409251516,-0.008093774887076677,costlyxhonest,A_own0,1225
force_silence-base,A_p_truth_r7,0.0,0.0,0.0,costlyxhonest,A_own0,1225
force_silence-base,A_dbelief_8_12,0.0075974400339870315,0.0050447414309197835,0.01015013863705428,costlyxhonest,A_own0,1225
force_silence-base,B_pC16,-0.027591216245414517,-0.0329117558471349,-0.022270676643694132,costlyxhonest,A_own0,1225
force_silence-base,B_pW02,0.049949241833945196,0.0395482995574325,0.060350184110457894,costlyxhonest,A_own0,1225
force_silence-base,B_cmean,-0.02506577774753165,-0.02980824562857918,-0.02032330986648412,costlyxhonest,A_own0,1225
force_silence-base,B_wmean,-0.02984717967743982,-0.03603526404841755,-0.02365909530646209,costlyxhonest,A_own0,1225
reassure-force_silence,A_own0,0.0,0.0,0.0,costlyxhonest,all,2000
reassure-force_silence,B_own0,0.0,0.0,0.0,costlyxhonest,all,2000
reassure-force_silence,nonc_A,-0.096375,-0.10183156041048358,-0.09091843958951643,costlyxhonest,all,2000
reassure-force_silence,nonc_B,0.000125,-0.0007585639932484134,0.0010085639932484133,costlyxhonest,all,2000
reassure-force_silence,nonc_mutual,-0.096,-0.10148569536401844,-0.09051430463598156,costlyxhonest,all,2000
reassure-force_silence,U_final,-0.312375,-0.33228462528720815,-0.2924653747127919,costlyxhonest,all,2000
reassure-force_silence,no_concession_either,-0.3135,-0.33388427858931496,-0.29311572141068504,costlyxhonest,all,2000
reassure-force_silence,A_p_truth0,0.0,0.0,0.0,costlyxhonest,all,2000
reassure-force_silence,A_p_truth,-0.004139194060353999,-0.004921432762940885,-0.003356955357767114,costlyxhonest,all,2000
reassure-force_silence,B_p_truth0,0.0,0.0,0.0,costlyxhonest,all,2000
reassure-force_silence,B_p_truth,4.970220553618954e-06,-0.00044467433123391816,0.0004546147723411561,costlyxhonest,all,2000
reassure-force_silence,A_dbelief,-0.0043796447745212885,-0.005159321849411103,-0.003599967699631474,costlyxhonest,all,2000
reassure-force_silence,B_dbelief,-0.00017749829227354765,-0.0006270710993582413,0.00027207451481114605,costlyxhonest,all,2000
reassure-force_silence,belief_gap_final,0.004215368132698114,0.0033961887186879417,0.0050345475467082875,costlyxhonest,all,2000
reassure-force_silence,A_hidden_shift,-0.029904120212691312,-0.033306711246075954,-0.026501529179306666,costlyxhonest,all,2000
reassure-force_silence,B_hidden_shift,0.00037432558397846265,-0.0004957223736014706,0.001244373541558396,costlyxhonest,all,2000
reassure-force_silence,dist_oracle,0.002007026503506334,0.0016166956360974514,0.002397357370915217,costlyxhonest,all,2000
reassure-force_silence,A_transp_err,-0.01101857813878437,-0.012079954236859647,-0.009957202040709094,costlyxhonest,all,2000
reassure-force_silence,B_transp_err,0.0018440761804891465,0.0001451064719259138,0.0035430458890523793,costlyxhonest,all,2000
reassure-force_silence,A_assert,-0.003583333333333333,-0.004486712789412159,-0.002679953877254506,costlyxhonest,all,2000
reassure-force_silence,A_concede,0.032125,0.03030614652983881,0.03394385347016119,costlyxhonest,all,2000
reassure-force_silence,A_pressure,-0.00875,-0.010260548710396663,-0.007239451289603339,costlyxhonest,all,2000
reassure-force_silence,A_silence,-0.010583333333333333,-0.012044007249613214,-0.009122659417053453,costlyxhonest,all,2000
reassure-force_silence,A_reassure,-0.009208333333333334,-0.010399339804132095,-0.008017326862534573,costlyxhonest,all,2000
reassure-force_silence,B_assert,0.00029166666666666664,-6.416946518607471e-05,0.000647502798519408,costlyxhonest,all,2000
reassure-force_silence,B_concede,-4.1666666666666706e-05,-0.00033618799774947115,0.0002528546644161378,costlyxhonest,all,2000
reassure-force_silence,B_pressure,-0.00025,-0.0005765645162946558,7.656451629465579e-05,costlyxhonest,all,2000
reassure-force_silence,B_silence,-0.08320833333333331,-0.08350280934821304,-0.08291385731845359,costlyxhonest,all,2000
reassure-force_silence,B_reassure,0.08320833333333331,0.08302575765954145,0.08339090900712517,costlyxhonest,all,2000
reassure-force_silence,A_pC_true,0.0007295183066338055,-0.00044966306216074454,0.0019086996754283556,costlyxhonest,all,2000
reassure-force_silence,A_pW_true,0.010243618118815419,0.00790876026730932,0.012578475970321518,costlyxhonest,all,2000
reassure-force_silence,B_pC_true,-0.005935264264866703,-0.00903876467664155,-0.002831763853091856,costlyxhonest,all,2000
reassure-force_silence,B_pW_true,-0.0038973598140945517,-0.006353361849128887,-0.0014413577790602164,costlyxhonest,all,2000
reassure-force_silence,conc_A_8_12,0.3535,0.33249722236145257,0.3745027776385474,costlyxhonest,all,2000
reassure-force_silence,conc_A_9_12,0.362,0.3408868769059764,0.38311312309402357,costlyxhonest,all,2000
reassure-force_silence,conc_B_8_12,-0.0005,-0.003440653587514327,0.0024406535875143268,costlyxhonest,all,2000
reassure-force_silence,conc_A_1_7,0.0,0.0,0.0,costlyxhonest,all,2000
reassure-force_silence,A_concede_8_12,0.07709999999999999,0.07273475167161313,0.08146524832838685,costlyxhonest,all,2000
reassure-force_silence,A_pressure_8_12,-0.021,-0.02462531690495199,-0.017374683095048013,costlyxhonest,all,2000
reassure-force_silence,A_silence_8_12,-0.0254,-0.028905617399071715,-0.021894382600928283,costlyxhonest,all,2000
reassure-force_silence,A_p_truth_r7,0.0,0.0,0.0,costlyxhonest,all,2000
reassure-force_silence,A_dbelief_8_12,0.004469490827615454,0.0037377441594711705,0.005201237495759738,costlyxhonest,all,2000
reassure-force_silence,B_pC16,-0.005935264264866703,-0.00903876467664155,-0.002831763853091856,costlyxhonest,all,2000
reassure-force_silence,B_pW02,0.003985222462226035,-0.0013163413087314791,0.00928678623318355,costlyxhonest,all,2000
reassure-force_silence,B_cmean,-0.005103093422494511,-0.0076919318914382626,-0.0025142549535507597,costlyxhonest,all,2000
reassure-force_silence,B_wmean,-0.0031530329105282306,-0.006204767938020262,-0.00010129788303619861,costlyxhonest,all,2000
reassure-force_silence,A_own0,0.0,0.0,0.0,costlyxhonest,A_own0,1225
reassure-force_silence,B_own0,0.0,0.0,0.0,costlyxhonest,A_own0,1225
reassure-force_silence,nonc_A,-0.013877551020408163,-0.017084487945956347,-0.01067061409485998,costlyxhonest,A_own0,1225
reassure-force_silence,nonc_B,0.00040816326530612246,-0.0007234386416456966,0.0015397651722579416,costlyxhonest,A_own0,1225
reassure-force_silence,nonc_mutual,-0.013469387755102041,-0.016827997800628092,-0.010110777709575991,costlyxhonest,A_own0,1225
reassure-force_silence,U_final,-0.040204081632653065,-0.05074076514058881,-0.029667398124717317,costlyxhonest,A_own0,1225
reassure-force_silence,no_concession_either,-0.053877551020408164,-0.06672712821138718,-0.041027973829429146,costlyxhonest,A_own0,1225
reassure-force_silence,A_p_truth0,0.0,0.0,0.0,costlyxhonest,A_own0,1225
reassure-force_silence,A_p_truth,-0.0011031632373193713,-0.002195447530952641,-1.0878943686101891e-05,costlyxhonest,A_own0,1225
reassure-force_silence,B_p_truth0,0.0,0.0,0.0,costlyxhonest,A_own0,1225
reassure-force_silence,B_p_truth,9.055342355219778e-05,-0.000493111135939122,0.0006742179830435176,costlyxhonest,A_own0,1225
reassure-force_silence,A_dbelief,-0.0009672982874773903,-0.0020599866536296797,0.0001253900786748988,costlyxhonest,A_own0,1225
reassure-force_silence,B_dbelief,-0.0003143570798893978,-0.0008977687645964894,0.0002690546048176937,costlyxhonest,A_own0,1225
reassure-force_silence,belief_gap_final,0.0009150213689587522,-0.00016977875421469155,0.001999821492132196,costlyxhonest,A_own0,1225
reassure-force_silence,A_hidden_shift,-0.013710214179254204,-0.01826036530232455,-0.009160063056183856,costlyxhonest,A_own0,1225
reassure-force_silence,B_hidden_shift,0.00032579187496437707,-4.5316848079599167e-05,0.0006969005980083533,costlyxhonest,A_own0,1225
reassure-force_silence,dist_oracle,0.0004877063187331195,-4.974404933219046e-05,0.0010251566867984295,costlyxhonest,A_own0,1225
reassure-force_silence,A_transp_err,-0.0023418643803365495,-0.003323045495616973,-0.0013606832650561258,costlyxhonest,A_own0,1225
reassure-force_silence,B_transp_err,-0.0031600143645043256,-0.0057839464328505764,-0.0005360822961580744,costlyxhonest,A_own0,1225
reassure-force_silence,A_assert,-0.002993197278911565,-0.004204161472195028,-0.0017822330856281012,costlyxhonest,A_own0,1225
reassure-force_silence,A_concede,0.004625850340136054,0.003556871364953326,0.005694829315318782,costlyxhonest,A_own0,1225
reassure-force_silence,A_pressure,-0.00013605442176870753,-0.0014014591365653153,0.0011293502930279004,costlyxhonest,A_own0,1225
reassure-force_silence,A_silence,-0.0008843537414965988,-0.0019419266331714559,0.00017321915017825835,costlyxhonest,A_own0,1225
reassure-force_silence,A_reassure,-0.0006122448979591838,-0.0011611462235307604,-6.334357238760714e-05,costlyxhonest,A_own0,1225
reassure-force_silence,B_assert,0.00034013605442176863,-0.00010185061388402777,0.000782122722727565,costlyxhonest,A_own0,1225
reassure-force_silence,B_concede,-0.0001360544217687075,-0.0005132550574193139,0.00024114621388189887,costlyxhonest,A_own0,1225
reassure-force_silence,B_pressure,-0.00020408163265306123,-0.0006463311145205418,0.00023816784921441934,costlyxhonest,A_own0,1225
reassure-force_silence,B_silence,-0.08333333333333334,-0.08371061097227875,-0.08295605569438794,costlyxhonest,A_own0,1225
reassure-force_silence,B_reassure,0.08333333333333334,0.08314469451386064,0.08352197215280605,costlyxhonest,A_own0,1225
reassure-force_silence,A_pC_true,0.0009333495964431073,-0.00026049640913892156,0.0021271956020251365,costlyxhonest,A_own0,1225
reassure-force_silence,A_pW_true,0.0069916845520408685,0.004460113067104973,0.009523256036976763,costlyxhonest,A_own0,1225
reassure-force_silence,B_pC_true,-0.006337773646233389,-0.010434533010709601,-0.002241014281757178,costlyxhonest,A_own0,1225
reassure-force_silence,B_pW_true,-0.006846348342626897,-0.010564535943508702,-0.0031281607417450925,costlyxhonest,A_own0,1225
reassure-force_silence,conc_A_8_12,0.05551020408163265,0.04268245637943992,0.06833795178382539,costlyxhonest,A_own0,1225
reassure-force_silence,conc_A_9_12,0.05551020408163265,0.04268245637943992,0.06833795178382539,costlyxhonest,A_own0,1225
reassure-force_silence,conc_B_8_12,-0.0016326530612244899,-0.00483265306122449,0.0015673469387755103,costlyxhonest,A_own0,1225
reassure-force_silence,conc_A_1_7,0.0,0.0,0.0,costlyxhonest,A_own0,1225
reassure-force_silence,A_concede_8_12,0.011102040816326531,0.008536491275887983,0.01366759035676508,costlyxhonest,A_own0,1225
reassure-force_silence,A_pressure_8_12,-0.0003265306122448985,-0.0033635019277567573,0.00271044070326696,costlyxhonest,A_own0,1225
reassure-force_silence,A_silence_8_12,-0.0021224489795918363,-0.004660623919611494,0.0004157259604278211,costlyxhonest,A_own0,1225
reassure-force_silence,A_p_truth_r7,0.0,0.0,0.0,costlyxhonest,A_own0,1225
reassure-force_silence,A_dbelief_8_12,0.001133840082314262,0.00013203721018917834,0.002135642954439346,costlyxhonest,A_own0,1225
reassure-force_silence,B_pC16,-0.006337773646233389,-0.010434533010709601,-0.002241014281757178,costlyxhonest,A_own0,1225
reassure-force_silence,B_pW02,0.007921969197350045,-0.0002627242147785411,0.01610666260947863,costlyxhonest,A_own0,1225
reassure-force_silence,B_cmean,-0.005701520245513547,-0.009142322224366733,-0.002260718266660361,costlyxhonest,A_own0,1225
reassure-force_silence,B_wmean,-0.005907327015990763,-0.010584253982910352,-0.0012304000490711738,costlyxhonest,A_own0,1225
placebo-force_silence,A_own0,0.0,0.0,0.0,costlyxhonest,all,2000
placebo-force_silence,B_own0,0.0,0.0,0.0,costlyxhonest,all,2000
placebo-force_silence,nonc_A,0.002125,0.0011188899084801265,0.0031311100915198736,costlyxhonest,all,2000
placebo-force_silence,nonc_B,-0.001125,-0.002349313464448388,9.931346444838835e-05,costlyxhonest,all,2000
placebo-force_silence,nonc_mutual,0.000875,-0.0004889041406024016,0.0022389041406024016,costlyxhonest,all,2000
placebo-force_silence,U_final,0.007375,0.003459694610167959,0.01129030538983204,costlyxhonest,all,2000
placebo-force_silence,no_concession_either,0.011,0.006025026796133511,0.01597497320386649,costlyxhonest,all,2000
placebo-force_silence,A_p_truth0,0.0,0.0,0.0,costlyxhonest,all,2000
placebo-force_silence,A_p_truth,0.00032407116813035046,-0.0003358867130790993,0.0009840290493398002,costlyxhonest,all,2000
placebo-force_silence,B_p_truth0,0.0,0.0,0.0,costlyxhonest,all,2000
placebo-force_silence,B_p_truth,-0.0006827245317178865,-0.0017958179839013,0.0004303689204655269,costlyxhonest,all,2000
placebo-force_silence,A_dbelief,0.00018834550381439735,-0.00047155791888586404,0.0008482489265146587,costlyxhonest,all,2000
placebo-force_silence,B_dbelief,-0.003425081119565396,-0.004528405302365796,-0.0023217569367649966,costlyxhonest,all,2000
placebo-force_silence,belief_gap_final,0.0010169989845411316,-6.042682910321656e-05,0.0020944247981854796,costlyxhonest,all,2000
placebo-force_silence,A_hidden_shift,0.0010398496095017661,0.0001279061518706029,0.0019517930671329293,costlyxhonest,all,2000
placebo-force_silence,B_hidden_shift,-0.0038075925011107395,-0.005296280557863497,-0.0023189044443579815,costlyxhonest,all,2000
placebo-force_silence,dist_oracle,-0.0007939953240805589,-0.001308083879286743,-0.00027990676887437455,costlyxhonest,all,2000
placebo-force_silence,A_transp_err,-7.7751656130868e-05,-0.000864015645951885,0.000708512333690149,costlyxhonest,all,2000
placebo-force_silence,B_transp_err,-0.008759954321806443,-0.010441087240891656,-0.00707882140272123,costlyxhonest,all,2000
placebo-force_silence,A_assert,-1.3877787807814457e-20,-0.00041652407098078824,0.00041652407098078824,costlyxhonest,all,2000
placebo-force_silence,A_concede,-0.0014999999999999998,-0.0020124326993991347,-0.0009875673006008647,costlyxhonest,all,2000
placebo-force_silence,A_pressure,0.00045833333333333327,1.8893984878412518e-05,0.000897772681788254,costlyxhonest,all,2000
placebo-force_silence,A_silence,0.0005,8.405305448134533e-05,0.0009159469455186546,costlyxhonest,all,2000
placebo-force_silence,A_reassure,0.0005416666666666666,0.00020570026326878818,0.0008776330700645452,costlyxhonest,all,2000
placebo-force_silence,B_assert,-0.0015416666666666667,-0.002415052192953685,-0.0006682811403796481,costlyxhonest,all,2000
placebo-force_silence,B_concede,0.0005416666666666665,3.208389362673416e-05,0.001051249439706599,costlyxhonest,all,2000
placebo-force_silence,B_pressure,0.00025,-0.0002665182700925956,0.0007665182700925956,costlyxhonest,all,2000
placebo-force_silence,B_silence,-0.08274999999999999,-0.08323945498008826,-0.08226054501991172,costlyxhonest,all,2000
placebo-force_silence,B_reassure,0.08349999999999999,0.08311692325035276,0.08388307674964722,costlyxhonest,all,2000
placebo-force_silence,A_pC_true,0.0016037181543269632,-0.00020767605521196776,0.003415112363865894,costlyxhonest,all,2000
placebo-force_silence,A_pW_true,0.0009351426907925249,-0.0005697750592147414,0.002440060440799791,costlyxhonest,all,2000
placebo-force_silence,B_pC_true,-0.02741104474512438,-0.030895926881088515,-0.023926162609160247,costlyxhonest,all,2000
placebo-force_silence,B_pW_true,-0.04541111019723442,-0.048306984312772486,-0.042515236081696356,costlyxhonest,all,2000
placebo-force_silence,conc_A_8_12,-0.0095,-0.013972700562877262,-0.005027299437122738,costlyxhonest,all,2000
placebo-force_silence,conc_A_9_12,-0.0085,-0.012524440366079494,-0.004475559633920506,costlyxhonest,all,2000
placebo-force_silence,conc_B_8_12,0.0025,-0.0007492574285393972,0.005749257428539397,costlyxhonest,all,2000
placebo-force_silence,conc_A_1_7,-0.0075,-0.011282209348221868,-0.0037177906517781322,costlyxhonest,all,2000
placebo-force_silence,A_concede_8_12,-0.0019,-0.0027945401125754523,-0.0010054598874245475,costlyxhonest,all,2000
placebo-force_silence,A_pressure_8_12,0.0007000000000000001,-0.00015400671644657908,0.0015540067164465793,costlyxhonest,all,2000
placebo-force_silence,A_silence_8_12,0.0007,-5.8674239249396323e-05,0.0014586742392493964,costlyxhonest,all,2000
placebo-force_silence,A_p_truth_r7,7.908047202099524e-05,-5.850482279333243e-05,0.00021666576683532292,costlyxhonest,all,2000
placebo-force_silence,A_dbelief_8_12,-0.0001016538666495248,-0.0007131941420021449,0.0005098864087030953,costlyxhonest,all,2000
placebo-force_silence,B_pC16,-0.02741104474512438,-0.030895926881088515,-0.023926162609160247,costlyxhonest,all,2000
placebo-force_silence,B_pW02,0.08255302405791315,0.07717970105365878,0.08792634706216752,costlyxhonest,all,2000
placebo-force_silence,B_cmean,-0.023797572477976696,-0.026951507103303667,-0.020643637852649725,costlyxhonest,all,2000
placebo-force_silence,B_wmean,-0.05118565370205901,-0.05441962445536557,-0.047951682948752454,costlyxhonest,all,2000
placebo-force_silence,A_own0,0.0,0.0,0.0,costlyxhonest,A_own0,1225
placebo-force_silence,B_own0,0.0,0.0,0.0,costlyxhonest,A_own0,1225
placebo-force_silence,nonc_A,0.0,0.0,0.0,costlyxhonest,A_own0,1225
placebo-force_silence,nonc_B,0.00020408163265306123,-0.0008545893803275954,0.001262752645633718,costlyxhonest,A_own0,1225
placebo-force_silence,nonc_mutual,0.00020408163265306123,-0.0008545893803275954,0.001262752645633718,costlyxhonest,A_own0,1225
placebo-force_silence,U_final,0.0006122448979591836,-0.0009372015560125211,0.0021616913519308884,costlyxhonest,A_own0,1225
placebo-force_silence,no_concession_either,0.0016326530612244899,-0.0015673469387755103,0.00483265306122449,costlyxhonest,A_own0,1225
placebo-force_silence,A_p_truth0,0.0,0.0,0.0,costlyxhonest,A_own0,1225
placebo-force_silence,A_p_truth,0.0006652687745699198,-0.00034545013591381966,0.0016759876850536593,costlyxhonest,A_own0,1225
placebo-force_silence,B_p_truth0,0.0,0.0,0.0,costlyxhonest,A_own0,1225
placebo-force_silence,B_p_truth,4.051027189473117e-06,-0.0004675437301762978,0.000475645784555244,costlyxhonest,A_own0,1225
placebo-force_silence,A_dbelief,0.0008194252095753423,-0.0001909382780851583,0.0018297886972358428,costlyxhonest,A_own0,1225
placebo-force_silence,B_dbelief,-0.0003277744501094944,-0.000799000264869396,0.0001434513646504071,costlyxhonest,A_own0,1225
placebo-force_silence,belief_gap_final,-0.0009226591243018145,-0.001866812286850907,2.149403824727779e-05,costlyxhonest,A_own0,1225
placebo-force_silence,A_hidden_shift,0.0008194252095753423,-0.0001909382780851583,0.0018297886972358428,costlyxhonest,A_own0,1225
placebo-force_silence,B_hidden_shift,1.6207733648804325e-05,-0.00026269384171335655,0.0002951093090109652,costlyxhonest,A_own0,1225
placebo-force_silence,dist_oracle,-0.000446260393207247,-0.0009175728913186314,2.505210490413737e-05,costlyxhonest,A_own0,1225
placebo-force_silence,A_transp_err,-0.0006576275937332034,-0.0014897005167311909,0.00017444532926478424,costlyxhonest,A_own0,1225
placebo-force_silence,B_transp_err,-0.010739826361714758,-0.013065469369904978,-0.008414183353524538,costlyxhonest,A_own0,1225
placebo-force_silence,A_assert,-0.0003401360544217687,-0.0008206949157198548,0.00014042280687631752,costlyxhonest,A_own0,1225
placebo-force_silence,A_concede,-0.00013605442176870748,-0.00032453918746359303,5.243034392617805e-05,costlyxhonest,A_own0,1225
placebo-force_silence,A_pressure,0.0002721088435374149,-5.426735563183896e-05,0.0005984850427066688,costlyxhonest,A_own0,1225
placebo-force_silence,A_silence,0.00013605442176870745,-0.00013061224489795928,0.0004027210884353742,costlyxhonest,A_own0,1225
placebo-force_silence,A_reassure,6.802721088435373e-05,-0.00016297578041626337,0.00029903020218497085,costlyxhonest,A_own0,1225
placebo-force_silence,B_assert,0.00020408163265306123,-0.00023816784921441934,0.0006463311145205418,costlyxhonest,A_own0,1225
placebo-force_silence,B_concede,-6.802721088435375e-05,-0.00042091754854457276,0.0002848631267758652,costlyxhonest,A_own0,1225
placebo-force_silence,B_pressure,-0.00013605442176870748,-0.0005980604043699416,0.0003259515608325266,costlyxhonest,A_own0,1225
placebo-force_silence,B_silence,-0.08333333333333334,-0.08371061097227875,-0.08295605569438794,costlyxhonest,A_own0,1225
placebo-force_silence,B_reassure,0.08333333333333334,0.08314469451386064,0.08352197215280605,costlyxhonest,A_own0,1225
placebo-force_silence,A_pC_true,0.0007290195059601023,-0.0004524193260158257,0.0019104583379360301,costlyxhonest,A_own0,1225
placebo-force_silence,A_pW_true,-1.956383134564438e-05,-0.0006130592461339305,0.0005739315834426418,costlyxhonest,A_own0,1225
placebo-force_silence,B_pC_true,-0.01991132932491551,-0.023603837669968576,-0.016218820979862443,costlyxhonest,A_own0,1225
placebo-force_silence,B_pW_true,-0.017982094674148276,-0.02149462558741614,-0.014469563760880412,costlyxhonest,A_own0,1225
placebo-force_silence,conc_A_8_12,-0.0008163265306122449,-0.002416326530612245,0.0007836734693877549,costlyxhonest,A_own0,1225
placebo-force_silence,conc_A_9_12,0.0,0.0,0.0,costlyxhonest,A_own0,1225
placebo-force_silence,conc_B_8_12,-0.0008163265306122449,-0.0035883624262196493,0.00195570936499516,costlyxhonest,A_own0,1225
placebo-force_silence,conc_A_1_7,-0.0008163265306122449,-0.0024163265306122446,0.0007836734693877547,costlyxhonest,A_own0,1225
placebo-force_silence,A_concede_8_12,-0.00016326530612244898,-0.0004832653061224491,0.0001567346938775511,costlyxhonest,A_own0,1225
placebo-force_silence,A_pressure_8_12,0.000489795918367347,-0.00022551195903728791,0.001205103795771982,costlyxhonest,A_own0,1225
placebo-force_silence,A_silence_8_12,0.000326530612244898,-0.0003134693877551018,0.0009665306122448979,costlyxhonest,A_own0,1225
placebo-force_silence,A_p_truth_r7,1.3450147611421203e-05,-1.2912141706964364e-05,3.9812436929806766e-05,costlyxhonest,A_own0,1225
placebo-force_silence,A_dbelief_8_12,-0.0006392023510638962,-0.001550231884798904,0.0002718271826711116,costlyxhonest,A_own0,1225
placebo-force_silence,B_pC16,-0.01991132932491551,-0.023603837669968576,-0.016218820979862443,costlyxhonest,A_own0,1225
placebo-force_silence,B_pW02,0.03595094905617703,0.028926451297519026,0.04297544681483503,costlyxhonest,A_own0,1225
placebo-force_silence,B_cmean,-0.017198590923612755,-0.020374551457758697,-0.014022630389466814,costlyxhonest,A_own0,1225
placebo-force_silence,B_wmean,-0.02157321749213011,-0.025686540861287434,-0.017459894122972785,costlyxhonest,A_own0,1225
reassure-base,A_own0,0.0,0.0,0.0,attenuatedxhonest,all,2000
reassure-base,B_own0,0.0,0.0,0.0,attenuatedxhonest,all,2000
reassure-base,nonc_A,0.002875,0.001349791319766659,0.004400208680233341,attenuatedxhonest,all,2000
reassure-base,nonc_B,0.00075,-0.0014688806334800474,0.002968880633480047,attenuatedxhonest,all,2000
reassure-base,nonc_mutual,0.00375,0.0014052105064879614,0.006094789493512038,attenuatedxhonest,all,2000
reassure-base,U_final,0.003625,0.0005781530846524665,0.006671846915347534,attenuatedxhonest,all,2000
reassure-base,no_concession_either,0.007,0.0005050347894277945,0.013494965210572207,attenuatedxhonest,all,2000
reassure-base,A_p_truth0,0.0,0.0,0.0,attenuatedxhonest,all,2000
reassure-base,A_p_truth,-0.002486856289585809,-0.0029647894348135977,-0.00200892314435802,attenuatedxhonest,all,2000
reassure-base,B_p_truth0,0.0,0.0,0.0,attenuatedxhonest,all,2000
reassure-base,B_p_truth,-0.0003050736979259061,-0.0016966330467595692,0.0010864856509077573,attenuatedxhonest,all,2000
reassure-base,A_dbelief,-0.003204880319803112,-0.0036722170505323034,-0.002737543589073921,attenuatedxhonest,all,2000
reassure-base,B_dbelief,0.0004988347738944493,-0.000892617013266516,0.0018902865610554145,attenuatedxhonest,all,2000
reassure-base,belief_gap_final,0.0027826474878325015,0.0014032512028220433,0.00416204377284296,attenuatedxhonest,all,2000
reassure-base,A_hidden_shift,-0.0015127051563319969,-0.0020235468723751853,-0.0010018634402888084,attenuatedxhonest,all,2000
reassure-base,B_hidden_shift,0.0012426593719025339,-0.0009170609186652994,0.0034023796624703673,attenuatedxhonest,all,2000
reassure-base,dist_oracle,0.0016401506748910588,0.0009633337712757168,0.002316967578506401,attenuatedxhonest,all,2000
reassure-base,A_transp_err,0.003748536831043543,0.002169208589290053,0.0053278650727970325,attenuatedxhonest,all,2000
reassure-base,B_transp_err,-0.0022711026394535015,-0.0036797751480396237,-0.0008624301308673794,attenuatedxhonest,all,2000
reassure-base,A_assert,0.00225,0.0015639159631263624,0.0029360840368736372,attenuatedxhonest,all,2000
reassure-base,A_concede,-0.0009583333333333333,-0.001466736226744447,-0.0004499304399222196,attenuatedxhonest,all,2000
reassure-base,A_pressure,-0.0002083333333333333,-0.0009960421677904052,0.0005793755011237386,attenuatedxhonest,all,2000
reassure-base,A_silence,-0.0004166666666666667,-0.0011651183692411578,0.0003317850359078244,attenuatedxhonest,all,2000
reassure-base,A_reassure,-0.0006666666666666666,-0.001155917107758103,-0.00017741622557523016,attenuatedxhonest,all,2000
reassure-base,B_assert,-0.04179166666666667,-0.04377246577394258,-0.03981086755939076,attenuatedxhonest,all,2000
reassure-base,B_concede,-0.036125000000000004,-0.03804621977376313,-0.03420378022623688,attenuatedxhonest,all,2000
reassure-base,B_pressure,-0.0017916666666666665,-0.0026564529110401315,-0.0009268804222932016,attenuatedxhonest,all,2000
reassure-base,B_silence,-0.0012916666666666664,-0.00207739075720418,-0.0005059425761291526,attenuatedxhonest,all,2000
reassure-base,B_reassure,0.081,0.08030478574422649,0.08169521425577352,attenuatedxhonest,all,2000
reassure-base,A_pC_true,-0.07351924516793781,-0.08117765462129613,-0.0658608357145795,attenuatedxhonest,all,2000
reassure-base,A_pW_true,-0.02623733542139385,-0.02874288518495445,-0.02373178565783325,attenuatedxhonest,all,2000
reassure-base,B_pC_true,0.0006069037005967505,-0.003430066091523086,0.004643873492716587,attenuatedxhonest,all,2000
reassure-base,B_pW_true,0.0004396933529596156,-0.001676900161770589,0.0025562868676898202,attenuatedxhonest,all,2000
reassure-base,conc_A_8_12,-0.006,-0.010991363346223856,-0.0010086366537761446,attenuatedxhonest,all,2000
reassure-base,conc_A_9_12,-0.006,-0.010991363346223856,-0.0010086366537761446,attenuatedxhonest,all,2000
reassure-base,conc_B_8_12,-0.006,-0.012036909253638681,3.690925363868027e-05,attenuatedxhonest,all,2000
reassure-base,conc_A_1_7,0.0,0.0,0.0,attenuatedxhonest,all,2000
reassure-base,A_concede_8_12,-0.0023,-0.0035201669441866723,-0.0010798330558133276,attenuatedxhonest,all,2000
reassure-base,A_pressure_8_12,-0.0005,-0.0023905012026969722,0.0013905012026969722,attenuatedxhonest,all,2000
reassure-base,A_silence_8_12,-0.001,-0.0027962840861787785,0.0007962840861787785,attenuatedxhonest,all,2000
reassure-base,A_p_truth_r7,0.0,0.0,0.0,attenuatedxhonest,all,2000
reassure-base,A_dbelief_8_12,0.0013156107504530344,0.000982821269004916,0.0016484002319011527,attenuatedxhonest,all,2000
reassure-base,B_pC16,0.0008874213249713163,-0.0010782464232784834,0.0028530890732211163,attenuatedxhonest,all,2000
reassure-base,B_pW02,0.0004396933529596156,-0.001676900161770589,0.0025562868676898202,attenuatedxhonest,all,2000
reassure-base,B_cmean,0.00022441409949966795,-0.004173946124963862,0.004622774323963198,attenuatedxhonest,all,2000
reassure-base,B_wmean,-0.00038668372753626476,-0.0015024072727374165,0.0007290398176648869,attenuatedxhonest,all,2000
reassure-base,A_own0,0.0,0.0,0.0,attenuatedxhonest,A_own0,1225
reassure-base,B_own0,0.0,0.0,0.0,attenuatedxhonest,A_own0,1225
reassure-base,nonc_A,0.002653061224489796,0.0005032474310636705,0.004802875017915922,attenuatedxhonest,A_own0,1225
reassure-base,nonc_B,0.0024489795918367346,-0.0006476346249883348,0.005545593808661804,attenuatedxhonest,A_own0,1225
reassure-base,nonc_mutual,0.004897959183673469,0.0013744805104324472,0.008421437856914491,attenuatedxhonest,A_own0,1225
reassure-base,U_final,0.005510204081632653,0.0008024577187756383,0.010217950444489667,attenuatedxhonest,A_own0,1225
reassure-base,no_concession_either,0.011428571428571429,0.0008303597160574747,0.02202678314108538,attenuatedxhonest,A_own0,1225
reassure-base,A_p_truth0,0.0,0.0,0.0,attenuatedxhonest,A_own0,1225
reassure-base,A_p_truth,-0.0018422611712034167,-0.002574452967029742,-0.0011100693753770914,attenuatedxhonest,A_own0,1225
reassure-base,B_p_truth0,0.0,0.0,0.0,attenuatedxhonest,A_own0,1225
reassure-base,B_p_truth,-0.0011464163268970532,-0.003295950326244659,0.0010031176724505527,attenuatedxhonest,A_own0,1225
reassure-base,A_dbelief,-0.0026562069374102674,-0.003379664448010404,-0.0019327494268101307,attenuatedxhonest,A_own0,1225
reassure-base,B_dbelief,0.0014200725602400875,-0.000728948633281512,0.003569093753761687,attenuatedxhonest,A_own0,1225
reassure-base,belief_gap_final,0.0012823722731395727,-0.0008756519616034857,0.003440396507882631,attenuatedxhonest,A_own0,1225
reassure-base,A_hidden_shift,-0.002445509378964869,-0.0032750821512350517,-0.0016159366066946861,attenuatedxhonest,A_own0,1225
reassure-base,B_hidden_shift,0.0033686483789229795,0.00040391911012129314,0.006333377647724666,attenuatedxhonest,A_own0,1225
reassure-base,dist_oracle,0.0019271750706378915,0.0009067402249309105,0.0029476099163448727,attenuatedxhonest,A_own0,1225
reassure-base,A_transp_err,0.0047610437610224815,0.002247548836454582,0.007274538685590381,attenuatedxhonest,A_own0,1225
reassure-base,B_transp_err,-0.004884426837055252,-0.007103644205279064,-0.0026652094688314407,attenuatedxhonest,A_own0,1225
reassure-base,A_assert,0.0036054421768707485,0.0024997954830873227,0.004711088870654174,attenuatedxhonest,A_own0,1225
reassure-base,A_concede,-0.0008843537414965985,-0.001600958339305307,-0.00016774914368789006,attenuatedxhonest,A_own0,1225
reassure-base,A_pressure,-0.0001360544217687074,-0.0012678616731684267,0.0009957528296310118,attenuatedxhonest,A_own0,1225
reassure-base,A_silence,-0.0013605442176870747,-0.0024739405604698255,-0.000247147874904324,attenuatedxhonest,A_own0,1225
reassure-base,A_reassure,-0.0012244897959183673,-0.001999236457254831,-0.00044974313458190373,attenuatedxhonest,A_own0,1225
reassure-base,B_assert,-0.017210884353741497,-0.019445867323333112,-0.01497590138414988,attenuatedxhonest,A_own0,1225
reassure-base,B_concede,-0.058707482993197294,-0.06100634444610522,-0.05640862154028937,attenuatedxhonest,A_own0,1225
reassure-base,B_pressure,-0.002312925170068027,-0.0036538296004276346,-0.000972020739708419,attenuatedxhonest,A_own0,1225
reassure-base,B_silence,-0.001564625850340136,-0.002746957655178366,-0.0003822940455019061,attenuatedxhonest,A_own0,1225
reassure-base,B_reassure,0.07979591836734694,0.07873054605899163,0.08086129067570225,attenuatedxhonest,A_own0,1225
reassure-base,A_pC_true,-0.1194188224602003,-0.13104265675273313,-0.10779498816766749,attenuatedxhonest,A_own0,1225
reassure-base,A_pW_true,-0.0166174640434635,-0.02052437087932503,-0.01271055720760197,attenuatedxhonest,A_own0,1225
reassure-base,B_pC_true,0.0009253273547530579,-0.0038025773927489797,0.005653232102255095,attenuatedxhonest,A_own0,1225
reassure-base,B_pW_true,-0.0018301842597692628,-0.0046654308559686474,0.0010050623364301218,attenuatedxhonest,A_own0,1225
reassure-base,conc_A_8_12,-0.009795918367346938,-0.017939210245597345,-0.0016526264890965297,attenuatedxhonest,A_own0,1225
reassure-base,conc_A_9_12,-0.009795918367346938,-0.017939210245597345,-0.0016526264890965297,attenuatedxhonest,A_own0,1225
reassure-base,conc_B_8_12,-0.008979591836734694,-0.0184358136361086,0.00047662996263921065,attenuatedxhonest,A_own0,1225
reassure-base,conc_A_1_7,0.0,0.0,0.0,attenuatedxhonest,A_own0,1225
reassure-base,A_concede_8_12,-0.002122448979591837,-0.003842300014332738,-0.0004025979448509366,attenuatedxhonest,A_own0,1225
reassure-base,A_pressure_8_12,-0.0003265306122448975,-0.003042868015604224,0.002389806791114429,attenuatedxhonest,A_own0,1225
reassure-base,A_silence_8_12,-0.0032653061224489797,-0.005937457345127581,-0.0005931548997703782,attenuatedxhonest,A_own0,1225
reassure-base,A_p_truth_r7,0.0,0.0,0.0,attenuatedxhonest,A_own0,1225
reassure-base,A_dbelief_8_12,-5.629412413816596e-05,-0.0005365938615225431,0.0004240056132462112,attenuatedxhonest,A_own0,1225
reassure-base,B_pC16,0.0014488515000299176,-0.0017605122095231665,0.004658215209583001,attenuatedxhonest,A_own0,1225
reassure-base,B_pW02,-0.0018301842597692628,-0.0046654308559686474,0.0010050623364301218,attenuatedxhonest,A_own0,1225
reassure-base,B_cmean,0.0004188193162215031,-0.0057519380270688834,0.006589576659511889,attenuatedxhonest,A_own0,1225
reassure-base,B_wmean,0.0009153327544394488,-0.0004020428368138033,0.002232708345692701,attenuatedxhonest,A_own0,1225
placebo-reassure,A_own0,0.0,0.0,0.0,attenuatedxhonest,all,2000
placebo-reassure,B_own0,0.0,0.0,0.0,attenuatedxhonest,all,2000
placebo-reassure,nonc_A,0.0,0.0,0.0,attenuatedxhonest,all,2000
placebo-reassure,nonc_B,0.0,0.0,0.0,attenuatedxhonest,all,2000
placebo-reassure,nonc_mutual,0.0,0.0,0.0,attenuatedxhonest,all,2000
placebo-reassure,U_final,0.0,0.0,0.0,attenuatedxhonest,all,2000
placebo-reassure,no_concession_either,0.0,0.0,0.0,attenuatedxhonest,all,2000
placebo-reassure,A_p_truth0,0.0,0.0,0.0,attenuatedxhonest,all,2000
placebo-reassure,A_p_truth,0.0,0.0,0.0,attenuatedxhonest,all,2000
placebo-reassure,B_p_truth0,0.0,0.0,0.0,attenuatedxhonest,all,2000
placebo-reassure,B_p_truth,0.0,0.0,0.0,attenuatedxhonest,all,2000
placebo-reassure,A_dbelief,0.0,0.0,0.0,attenuatedxhonest,all,2000
placebo-reassure,B_dbelief,0.0,0.0,0.0,attenuatedxhonest,all,2000
placebo-reassure,belief_gap_final,0.0,0.0,0.0,attenuatedxhonest,all,2000
placebo-reassure,A_hidden_shift,0.0,0.0,0.0,attenuatedxhonest,all,2000
placebo-reassure,B_hidden_shift,0.0,0.0,0.0,attenuatedxhonest,all,2000
placebo-reassure,dist_oracle,0.0,0.0,0.0,attenuatedxhonest,all,2000
placebo-reassure,A_transp_err,0.0,0.0,0.0,attenuatedxhonest,all,2000
placebo-reassure,B_transp_err,0.0,0.0,0.0,attenuatedxhonest,all,2000
placebo-reassure,A_assert,0.0,0.0,0.0,attenuatedxhonest,all,2000
placebo-reassure,A_concede,0.0,0.0,0.0,attenuatedxhonest,all,2000
placebo-reassure,A_pressure,0.0,0.0,0.0,attenuatedxhonest,all,2000
placebo-reassure,A_silence,0.0,0.0,0.0,attenuatedxhonest,all,2000
placebo-reassure,A_reassure,0.0,0.0,0.0,attenuatedxhonest,all,2000
placebo-reassure,B_assert,0.0,0.0,0.0,attenuatedxhonest,all,2000
placebo-reassure,B_concede,0.0,0.0,0.0,attenuatedxhonest,all,2000
placebo-reassure,B_pressure,0.0,0.0,0.0,attenuatedxhonest,all,2000
placebo-reassure,B_silence,0.0,0.0,0.0,attenuatedxhonest,all,2000
placebo-reassure,B_reassure,0.0,0.0,0.0,attenuatedxhonest,all,2000
placebo-reassure,A_pC_true,0.0,0.0,0.0,attenuatedxhonest,all,2000
placebo-reassure,A_pW_true,0.0,0.0,0.0,attenuatedxhonest,all,2000
placebo-reassure,B_pC_true,0.0,0.0,0.0,attenuatedxhonest,all,2000
placebo-reassure,B_pW_true,0.0,0.0,0.0,attenuatedxhonest,all,2000
placebo-reassure,conc_A_8_12,0.0,0.0,0.0,attenuatedxhonest,all,2000
placebo-reassure,conc_A_9_12,0.0,0.0,0.0,attenuatedxhonest,all,2000
placebo-reassure,conc_B_8_12,0.0,0.0,0.0,attenuatedxhonest,all,2000
placebo-reassure,conc_A_1_7,0.0,0.0,0.0,attenuatedxhonest,all,2000
placebo-reassure,A_concede_8_12,0.0,0.0,0.0,attenuatedxhonest,all,2000
placebo-reassure,A_pressure_8_12,0.0,0.0,0.0,attenuatedxhonest,all,2000
placebo-reassure,A_silence_8_12,0.0,0.0,0.0,attenuatedxhonest,all,2000
placebo-reassure,A_p_truth_r7,0.0,0.0,0.0,attenuatedxhonest,all,2000
placebo-reassure,A_dbelief_8_12,0.0,0.0,0.0,attenuatedxhonest,all,2000
placebo-reassure,B_pC16,0.0,0.0,0.0,attenuatedxhonest,all,2000
placebo-reassure,B_pW02,0.0,0.0,0.0,attenuatedxhonest,all,2000
placebo-reassure,B_cmean,0.0,0.0,0.0,attenuatedxhonest,all,2000
placebo-reassure,B_wmean,0.0,0.0,0.0,attenuatedxhonest,all,2000
placebo-reassure,A_own0,0.0,0.0,0.0,attenuatedxhonest,A_own0,1225
placebo-reassure,B_own0,0.0,0.0,0.0,attenuatedxhonest,A_own0,1225
placebo-reassure,nonc_A,0.0,0.0,0.0,attenuatedxhonest,A_own0,1225
placebo-reassure,nonc_B,0.0,0.0,0.0,attenuatedxhonest,A_own0,1225
placebo-reassure,nonc_mutual,0.0,0.0,0.0,attenuatedxhonest,A_own0,1225
placebo-reassure,U_final,0.0,0.0,0.0,attenuatedxhonest,A_own0,1225
placebo-reassure,no_concession_either,0.0,0.0,0.0,attenuatedxhonest,A_own0,1225
placebo-reassure,A_p_truth0,0.0,0.0,0.0,attenuatedxhonest,A_own0,1225
placebo-reassure,A_p_truth,0.0,0.0,0.0,attenuatedxhonest,A_own0,1225
placebo-reassure,B_p_truth0,0.0,0.0,0.0,attenuatedxhonest,A_own0,1225
placebo-reassure,B_p_truth,0.0,0.0,0.0,attenuatedxhonest,A_own0,1225
placebo-reassure,A_dbelief,0.0,0.0,0.0,attenuatedxhonest,A_own0,1225
placebo-reassure,B_dbelief,0.0,0.0,0.0,attenuatedxhonest,A_own0,1225
placebo-reassure,belief_gap_final,0.0,0.0,0.0,attenuatedxhonest,A_own0,1225
placebo-reassure,A_hidden_shift,0.0,0.0,0.0,attenuatedxhonest,A_own0,1225
placebo-reassure,B_hidden_shift,0.0,0.0,0.0,attenuatedxhonest,A_own0,1225
placebo-reassure,dist_oracle,0.0,0.0,0.0,attenuatedxhonest,A_own0,1225
placebo-reassure,A_transp_err,0.0,0.0,0.0,attenuatedxhonest,A_own0,1225
placebo-reassure,B_transp_err,0.0,0.0,0.0,attenuatedxhonest,A_own0,1225
placebo-reassure,A_assert,0.0,0.0,0.0,attenuatedxhonest,A_own0,1225
placebo-reassure,A_concede,0.0,0.0,0.0,attenuatedxhonest,A_own0,1225
placebo-reassure,A_pressure,0.0,0.0,0.0,attenuatedxhonest,A_own0,1225
placebo-reassure,A_silence,0.0,0.0,0.0,attenuatedxhonest,A_own0,1225
placebo-reassure,A_reassure,0.0,0.0,0.0,attenuatedxhonest,A_own0,1225
placebo-reassure,B_assert,0.0,0.0,0.0,attenuatedxhonest,A_own0,1225
placebo-reassure,B_concede,0.0,0.0,0.0,attenuatedxhonest,A_own0,1225
placebo-reassure,B_pressure,0.0,0.0,0.0,attenuatedxhonest,A_own0,1225
placebo-reassure,B_silence,0.0,0.0,0.0,attenuatedxhonest,A_own0,1225
placebo-reassure,B_reassure,0.0,0.0,0.0,attenuatedxhonest,A_own0,1225
placebo-reassure,A_pC_true,0.0,0.0,0.0,attenuatedxhonest,A_own0,1225
placebo-reassure,A_pW_true,0.0,0.0,0.0,attenuatedxhonest,A_own0,1225
placebo-reassure,B_pC_true,0.0,0.0,0.0,attenuatedxhonest,A_own0,1225
placebo-reassure,B_pW_true,0.0,0.0,0.0,attenuatedxhonest,A_own0,1225
placebo-reassure,conc_A_8_12,0.0,0.0,0.0,attenuatedxhonest,A_own0,1225
placebo-reassure,conc_A_9_12,0.0,0.0,0.0,attenuatedxhonest,A_own0,1225
placebo-reassure,conc_B_8_12,0.0,0.0,0.0,attenuatedxhonest,A_own0,1225
placebo-reassure,conc_A_1_7,0.0,0.0,0.0,attenuatedxhonest,A_own0,1225
placebo-reassure,A_concede_8_12,0.0,0.0,0.0,attenuatedxhonest,A_own0,1225
placebo-reassure,A_pressure_8_12,0.0,0.0,0.0,attenuatedxhonest,A_own0,1225
placebo-reassure,A_silence_8_12,0.0,0.0,0.0,attenuatedxhonest,A_own0,1225
placebo-reassure,A_p_truth_r7,0.0,0.0,0.0,attenuatedxhonest,A_own0,1225
placebo-reassure,A_dbelief_8_12,0.0,0.0,0.0,attenuatedxhonest,A_own0,1225
placebo-reassure,B_pC16,0.0,0.0,0.0,attenuatedxhonest,A_own0,1225
placebo-reassure,B_pW02,0.0,0.0,0.0,attenuatedxhonest,A_own0,1225
placebo-reassure,B_cmean,0.0,0.0,0.0,attenuatedxhonest,A_own0,1225
placebo-reassure,B_wmean,0.0,0.0,0.0,attenuatedxhonest,A_own0,1225
placebo-base,A_own0,0.0,0.0,0.0,attenuatedxhonest,all,2000
placebo-base,B_own0,0.0,0.0,0.0,attenuatedxhonest,all,2000
placebo-base,nonc_A,0.002875,0.001349791319766659,0.004400208680233341,attenuatedxhonest,all,2000
placebo-base,nonc_B,0.00075,-0.0014688806334800474,0.002968880633480047,attenuatedxhonest,all,2000
placebo-base,nonc_mutual,0.00375,0.0014052105064879614,0.006094789493512038,attenuatedxhonest,all,2000
placebo-base,U_final,0.003625,0.0005781530846524665,0.006671846915347534,attenuatedxhonest,all,2000
placebo-base,no_concession_either,0.007,0.0005050347894277945,0.013494965210572207,attenuatedxhonest,all,2000
placebo-base,A_p_truth0,0.0,0.0,0.0,attenuatedxhonest,all,2000
placebo-base,A_p_truth,-0.002486856289585809,-0.0029647894348135977,-0.00200892314435802,attenuatedxhonest,all,2000
placebo-base,B_p_truth0,0.0,0.0,0.0,attenuatedxhonest,all,2000
placebo-base,B_p_truth,-0.0003050736979259061,-0.0016966330467595692,0.0010864856509077573,attenuatedxhonest,all,2000
placebo-base,A_dbelief,-0.003204880319803112,-0.0036722170505323034,-0.002737543589073921,attenuatedxhonest,all,2000
placebo-base,B_dbelief,0.0004988347738944493,-0.000892617013266516,0.0018902865610554145,attenuatedxhonest,all,2000
placebo-base,belief_gap_final,0.0027826474878325015,0.0014032512028220433,0.00416204377284296,attenuatedxhonest,all,2000
placebo-base,A_hidden_shift,-0.0015127051563319969,-0.0020235468723751853,-0.0010018634402888084,attenuatedxhonest,all,2000
placebo-base,B_hidden_shift,0.0012426593719025339,-0.0009170609186652994,0.0034023796624703673,attenuatedxhonest,all,2000
placebo-base,dist_oracle,0.0016401506748910588,0.0009633337712757168,0.002316967578506401,attenuatedxhonest,all,2000
placebo-base,A_transp_err,0.003748536831043543,0.002169208589290053,0.0053278650727970325,attenuatedxhonest,all,2000
placebo-base,B_transp_err,-0.0022711026394535015,-0.0036797751480396237,-0.0008624301308673794,attenuatedxhonest,all,2000
placebo-base,A_assert,0.00225,0.0015639159631263624,0.0029360840368736372,attenuatedxhonest,all,2000
placebo-base,A_concede,-0.0009583333333333333,-0.001466736226744447,-0.0004499304399222196,attenuatedxhonest,all,2000
placebo-base,A_pressure,-0.0002083333333333333,-0.0009960421677904052,0.0005793755011237386,attenuatedxhonest,all,2000
placebo-base,A_silence,-0.0004166666666666667,-0.0011651183692411578,0.0003317850359078244,attenuatedxhonest,all,2000
placebo-base,A_reassure,-0.0006666666666666666,-0.001155917107758103,-0.00017741622557523016,attenuatedxhonest,all,2000
placebo-base,B_assert,-0.04179166666666667,-0.04377246577394258,-0.03981086755939076,attenuatedxhonest,all,2000
placebo-base,B_concede,-0.036125000000000004,-0.03804621977376313,-0.03420378022623688,attenuatedxhonest,all,2000
placebo-base,B_pressure,-0.0017916666666666665,-0.0026564529110401315,-0.0009268804222932016,attenuatedxhonest,all,2000
placebo-base,B_silence,-0.0012916666666666664,-0.00207739075720418,-0.0005059425761291526,attenuatedxhonest,all,2000
placebo-base,B_reassure,0.081,0.08030478574422649,0.08169521425577352,attenuatedxhonest,all,2000
placebo-base,A_pC_true,-0.07351924516793781,-0.08117765462129613,-0.0658608357145795,attenuatedxhonest,all,2000
placebo-base,A_pW_true,-0.02623733542139385,-0.02874288518495445,-0.02373178565783325,attenuatedxhonest,all,2000
placebo-base,B_pC_true,0.0006069037005967505,-0.003430066091523086,0.004643873492716587,attenuatedxhonest,all,2000
placebo-base,B_pW_true,0.0004396933529596156,-0.001676900161770589,0.0025562868676898202,attenuatedxhonest,all,2000
placebo-base,conc_A_8_12,-0.006,-0.010991363346223856,-0.0010086366537761446,attenuatedxhonest,all,2000
placebo-base,conc_A_9_12,-0.006,-0.010991363346223856,-0.0010086366537761446,attenuatedxhonest,all,2000
placebo-base,conc_B_8_12,-0.006,-0.012036909253638681,3.690925363868027e-05,attenuatedxhonest,all,2000
placebo-base,conc_A_1_7,0.0,0.0,0.0,attenuatedxhonest,all,2000
placebo-base,A_concede_8_12,-0.0023,-0.0035201669441866723,-0.0010798330558133276,attenuatedxhonest,all,2000
placebo-base,A_pressure_8_12,-0.0005,-0.0023905012026969722,0.0013905012026969722,attenuatedxhonest,all,2000
placebo-base,A_silence_8_12,-0.001,-0.0027962840861787785,0.0007962840861787785,attenuatedxhonest,all,2000
placebo-base,A_p_truth_r7,0.0,0.0,0.0,attenuatedxhonest,all,2000
placebo-base,A_dbelief_8_12,0.0013156107504530344,0.000982821269004916,0.0016484002319011527,attenuatedxhonest,all,2000
placebo-base,B_pC16,0.0008874213249713163,-0.0010782464232784834,0.0028530890732211163,attenuatedxhonest,all,2000
placebo-base,B_pW02,0.0004396933529596156,-0.001676900161770589,0.0025562868676898202,attenuatedxhonest,all,2000
placebo-base,B_cmean,0.00022441409949966795,-0.004173946124963862,0.004622774323963198,attenuatedxhonest,all,2000
placebo-base,B_wmean,-0.00038668372753626476,-0.0015024072727374165,0.0007290398176648869,attenuatedxhonest,all,2000
placebo-base,A_own0,0.0,0.0,0.0,attenuatedxhonest,A_own0,1225
placebo-base,B_own0,0.0,0.0,0.0,attenuatedxhonest,A_own0,1225
placebo-base,nonc_A,0.002653061224489796,0.0005032474310636705,0.004802875017915922,attenuatedxhonest,A_own0,1225
placebo-base,nonc_B,0.0024489795918367346,-0.0006476346249883348,0.005545593808661804,attenuatedxhonest,A_own0,1225
placebo-base,nonc_mutual,0.004897959183673469,0.0013744805104324472,0.008421437856914491,attenuatedxhonest,A_own0,1225
placebo-base,U_final,0.005510204081632653,0.0008024577187756383,0.010217950444489667,attenuatedxhonest,A_own0,1225
placebo-base,no_concession_either,0.011428571428571429,0.0008303597160574747,0.02202678314108538,attenuatedxhonest,A_own0,1225
placebo-base,A_p_truth0,0.0,0.0,0.0,attenuatedxhonest,A_own0,1225
placebo-base,A_p_truth,-0.0018422611712034167,-0.002574452967029742,-0.0011100693753770914,attenuatedxhonest,A_own0,1225
placebo-base,B_p_truth0,0.0,0.0,0.0,attenuatedxhonest,A_own0,1225
placebo-base,B_p_truth,-0.0011464163268970532,-0.003295950326244659,0.0010031176724505527,attenuatedxhonest,A_own0,1225
placebo-base,A_dbelief,-0.0026562069374102674,-0.003379664448010404,-0.0019327494268101307,attenuatedxhonest,A_own0,1225
placebo-base,B_dbelief,0.0014200725602400875,-0.000728948633281512,0.003569093753761687,attenuatedxhonest,A_own0,1225
placebo-base,belief_gap_final,0.0012823722731395727,-0.0008756519616034857,0.003440396507882631,attenuatedxhonest,A_own0,1225
placebo-base,A_hidden_shift,-0.002445509378964869,-0.0032750821512350517,-0.0016159366066946861,attenuatedxhonest,A_own0,1225
placebo-base,B_hidden_shift,0.0033686483789229795,0.00040391911012129314,0.006333377647724666,attenuatedxhonest,A_own0,1225
placebo-base,dist_oracle,0.0019271750706378915,0.0009067402249309105,0.0029476099163448727,attenuatedxhonest,A_own0,1225
placebo-base,A_transp_err,0.0047610437610224815,0.002247548836454582,0.007274538685590381,attenuatedxhonest,A_own0,1225
placebo-base,B_transp_err,-0.004884426837055252,-0.007103644205279064,-0.0026652094688314407,attenuatedxhonest,A_own0,1225
placebo-base,A_assert,0.0036054421768707485,0.0024997954830873227,0.004711088870654174,attenuatedxhonest,A_own0,1225
placebo-base,A_concede,-0.0008843537414965985,-0.001600958339305307,-0.00016774914368789006,attenuatedxhonest,A_own0,1225
placebo-base,A_pressure,-0.0001360544217687074,-0.0012678616731684267,0.0009957528296310118,attenuatedxhonest,A_own0,1225
placebo-base,A_silence,-0.0013605442176870747,-0.0024739405604698255,-0.000247147874904324,attenuatedxhonest,A_own0,1225
placebo-base,A_reassure,-0.0012244897959183673,-0.001999236457254831,-0.00044974313458190373,attenuatedxhonest,A_own0,1225
placebo-base,B_assert,-0.017210884353741497,-0.019445867323333112,-0.01497590138414988,attenuatedxhonest,A_own0,1225
placebo-base,B_concede,-0.058707482993197294,-0.06100634444610522,-0.05640862154028937,attenuatedxhonest,A_own0,1225
placebo-base,B_pressure,-0.002312925170068027,-0.0036538296004276346,-0.000972020739708419,attenuatedxhonest,A_own0,1225
placebo-base,B_silence,-0.001564625850340136,-0.002746957655178366,-0.0003822940455019061,attenuatedxhonest,A_own0,1225
placebo-base,B_reassure,0.07979591836734694,0.07873054605899163,0.08086129067570225,attenuatedxhonest,A_own0,1225
placebo-base,A_pC_true,-0.1194188224602003,-0.13104265675273313,-0.10779498816766749,attenuatedxhonest,A_own0,1225
placebo-base,A_pW_true,-0.0166174640434635,-0.02052437087932503,-0.01271055720760197,attenuatedxhonest,A_own0,1225
placebo-base,B_pC_true,0.0009253273547530579,-0.0038025773927489797,0.005653232102255095,attenuatedxhonest,A_own0,1225
placebo-base,B_pW_true,-0.0018301842597692628,-0.0046654308559686474,0.0010050623364301218,attenuatedxhonest,A_own0,1225
placebo-base,conc_A_8_12,-0.009795918367346938,-0.017939210245597345,-0.0016526264890965297,attenuatedxhonest,A_own0,1225
placebo-base,conc_A_9_12,-0.009795918367346938,-0.017939210245597345,-0.0016526264890965297,attenuatedxhonest,A_own0,1225
placebo-base,conc_B_8_12,-0.008979591836734694,-0.0184358136361086,0.00047662996263921065,attenuatedxhonest,A_own0,1225
placebo-base,conc_A_1_7,0.0,0.0,0.0,attenuatedxhonest,A_own0,1225
placebo-base,A_concede_8_12,-0.002122448979591837,-0.003842300014332738,-0.0004025979448509366,attenuatedxhonest,A_own0,1225
placebo-base,A_pressure_8_12,-0.0003265306122448975,-0.003042868015604224,0.002389806791114429,attenuatedxhonest,A_own0,1225
placebo-base,A_silence_8_12,-0.0032653061224489797,-0.005937457345127581,-0.0005931548997703782,attenuatedxhonest,A_own0,1225
placebo-base,A_p_truth_r7,0.0,0.0,0.0,attenuatedxhonest,A_own0,1225
placebo-base,A_dbelief_8_12,-5.629412413816596e-05,-0.0005365938615225431,0.0004240056132462112,attenuatedxhonest,A_own0,1225
placebo-base,B_pC16,0.0014488515000299176,-0.0017605122095231665,0.004658215209583001,attenuatedxhonest,A_own0,1225
placebo-base,B_pW02,-0.0018301842597692628,-0.0046654308559686474,0.0010050623364301218,attenuatedxhonest,A_own0,1225
placebo-base,B_cmean,0.0004188193162215031,-0.0057519380270688834,0.006589576659511889,attenuatedxhonest,A_own0,1225
placebo-base,B_wmean,0.0009153327544394488,-0.0004020428368138033,0.002232708345692701,attenuatedxhonest,A_own0,1225
remove_c_A-base,A_own0,0.0,0.0,0.0,attenuatedxhonest,all,2000
remove_c_A-base,B_own0,0.0,0.0,0.0,attenuatedxhonest,all,2000
remove_c_A-base,nonc_A,0.0,0.0,0.0,attenuatedxhonest,all,2000
remove_c_A-base,nonc_B,0.0,0.0,0.0,attenuatedxhonest,all,2000
remove_c_A-base,nonc_mutual,0.0,0.0,0.0,attenuatedxhonest,all,2000
remove_c_A-base,U_final,0.0,0.0,0.0,attenuatedxhonest,all,2000
remove_c_A-base,no_concession_either,0.0,0.0,0.0,attenuatedxhonest,all,2000
remove_c_A-base,A_p_truth0,0.0,0.0,0.0,attenuatedxhonest,all,2000
remove_c_A-base,A_p_truth,0.0,0.0,0.0,attenuatedxhonest,all,2000
remove_c_A-base,B_p_truth0,0.0,0.0,0.0,attenuatedxhonest,all,2000
remove_c_A-base,B_p_truth,0.0,0.0,0.0,attenuatedxhonest,all,2000
remove_c_A-base,A_dbelief,0.0,0.0,0.0,attenuatedxhonest,all,2000
remove_c_A-base,B_dbelief,0.0,0.0,0.0,attenuatedxhonest,all,2000
remove_c_A-base,belief_gap_final,0.0,0.0,0.0,attenuatedxhonest,all,2000
remove_c_A-base,A_hidden_shift,0.0,0.0,0.0,attenuatedxhonest,all,2000
remove_c_A-base,B_hidden_shift,0.0,0.0,0.0,attenuatedxhonest,all,2000
remove_c_A-base,dist_oracle,0.0,0.0,0.0,attenuatedxhonest,all,2000
remove_c_A-base,A_transp_err,0.0,0.0,0.0,attenuatedxhonest,all,2000
remove_c_A-base,B_transp_err,0.0,0.0,0.0,attenuatedxhonest,all,2000
remove_c_A-base,A_assert,0.0,0.0,0.0,attenuatedxhonest,all,2000
remove_c_A-base,A_concede,0.0,0.0,0.0,attenuatedxhonest,all,2000
remove_c_A-base,A_pressure,0.0,0.0,0.0,attenuatedxhonest,all,2000
remove_c_A-base,A_silence,0.0,0.0,0.0,attenuatedxhonest,all,2000
remove_c_A-base,A_reassure,0.0,0.0,0.0,attenuatedxhonest,all,2000
remove_c_A-base,B_assert,0.0,0.0,0.0,attenuatedxhonest,all,2000
remove_c_A-base,B_concede,0.0,0.0,0.0,attenuatedxhonest,all,2000
remove_c_A-base,B_pressure,0.0,0.0,0.0,attenuatedxhonest,all,2000
remove_c_A-base,B_silence,0.0,0.0,0.0,attenuatedxhonest,all,2000
remove_c_A-base,B_reassure,0.0,0.0,0.0,attenuatedxhonest,all,2000
remove_c_A-base,A_pC_true,0.0,0.0,0.0,attenuatedxhonest,all,2000
remove_c_A-base,A_pW_true,0.0,0.0,0.0,attenuatedxhonest,all,2000
remove_c_A-base,B_pC_true,0.0,0.0,0.0,attenuatedxhonest,all,2000
remove_c_A-base,B_pW_true,0.0,0.0,0.0,attenuatedxhonest,all,2000
remove_c_A-base,conc_A_8_12,0.0,0.0,0.0,attenuatedxhonest,all,2000
remove_c_A-base,conc_A_9_12,0.0,0.0,0.0,attenuatedxhonest,all,2000
remove_c_A-base,conc_B_8_12,0.0,0.0,0.0,attenuatedxhonest,all,2000
remove_c_A-base,conc_A_1_7,0.0,0.0,0.0,attenuatedxhonest,all,2000
remove_c_A-base,A_concede_8_12,0.0,0.0,0.0,attenuatedxhonest,all,2000
remove_c_A-base,A_pressure_8_12,0.0,0.0,0.0,attenuatedxhonest,all,2000
remove_c_A-base,A_silence_8_12,0.0,0.0,0.0,attenuatedxhonest,all,2000
remove_c_A-base,A_p_truth_r7,0.0,0.0,0.0,attenuatedxhonest,all,2000
remove_c_A-base,A_dbelief_8_12,0.0,0.0,0.0,attenuatedxhonest,all,2000
remove_c_A-base,B_pC16,0.0,0.0,0.0,attenuatedxhonest,all,2000
remove_c_A-base,B_pW02,0.0,0.0,0.0,attenuatedxhonest,all,2000
remove_c_A-base,B_cmean,0.0,0.0,0.0,attenuatedxhonest,all,2000
remove_c_A-base,B_wmean,0.0,0.0,0.0,attenuatedxhonest,all,2000
remove_c_A-base,A_own0,0.0,0.0,0.0,attenuatedxhonest,A_own0,1225
remove_c_A-base,B_own0,0.0,0.0,0.0,attenuatedxhonest,A_own0,1225
remove_c_A-base,nonc_A,0.0,0.0,0.0,attenuatedxhonest,A_own0,1225
remove_c_A-base,nonc_B,0.0,0.0,0.0,attenuatedxhonest,A_own0,1225
remove_c_A-base,nonc_mutual,0.0,0.0,0.0,attenuatedxhonest,A_own0,1225
remove_c_A-base,U_final,0.0,0.0,0.0,attenuatedxhonest,A_own0,1225
remove_c_A-base,no_concession_either,0.0,0.0,0.0,attenuatedxhonest,A_own0,1225
remove_c_A-base,A_p_truth0,0.0,0.0,0.0,attenuatedxhonest,A_own0,1225
remove_c_A-base,A_p_truth,0.0,0.0,0.0,attenuatedxhonest,A_own0,1225
remove_c_A-base,B_p_truth0,0.0,0.0,0.0,attenuatedxhonest,A_own0,1225
remove_c_A-base,B_p_truth,0.0,0.0,0.0,attenuatedxhonest,A_own0,1225
remove_c_A-base,A_dbelief,0.0,0.0,0.0,attenuatedxhonest,A_own0,1225
remove_c_A-base,B_dbelief,0.0,0.0,0.0,attenuatedxhonest,A_own0,1225
remove_c_A-base,belief_gap_final,0.0,0.0,0.0,attenuatedxhonest,A_own0,1225
remove_c_A-base,A_hidden_shift,0.0,0.0,0.0,attenuatedxhonest,A_own0,1225
remove_c_A-base,B_hidden_shift,0.0,0.0,0.0,attenuatedxhonest,A_own0,1225
remove_c_A-base,dist_oracle,0.0,0.0,0.0,attenuatedxhonest,A_own0,1225
remove_c_A-base,A_transp_err,0.0,0.0,0.0,attenuatedxhonest,A_own0,1225
remove_c_A-base,B_transp_err,0.0,0.0,0.0,attenuatedxhonest,A_own0,1225
remove_c_A-base,A_assert,0.0,0.0,0.0,attenuatedxhonest,A_own0,1225
remove_c_A-base,A_concede,0.0,0.0,0.0,attenuatedxhonest,A_own0,1225
remove_c_A-base,A_pressure,0.0,0.0,0.0,attenuatedxhonest,A_own0,1225
remove_c_A-base,A_silence,0.0,0.0,0.0,attenuatedxhonest,A_own0,1225
remove_c_A-base,A_reassure,0.0,0.0,0.0,attenuatedxhonest,A_own0,1225
remove_c_A-base,B_assert,0.0,0.0,0.0,attenuatedxhonest,A_own0,1225
remove_c_A-base,B_concede,0.0,0.0,0.0,attenuatedxhonest,A_own0,1225
remove_c_A-base,B_pressure,0.0,0.0,0.0,attenuatedxhonest,A_own0,1225
remove_c_A-base,B_silence,0.0,0.0,0.0,attenuatedxhonest,A_own0,1225
remove_c_A-base,B_reassure,0.0,0.0,0.0,attenuatedxhonest,A_own0,1225
remove_c_A-base,A_pC_true,0.0,0.0,0.0,attenuatedxhonest,A_own0,1225
remove_c_A-base,A_pW_true,0.0,0.0,0.0,attenuatedxhonest,A_own0,1225
remove_c_A-base,B_pC_true,0.0,0.0,0.0,attenuatedxhonest,A_own0,1225
remove_c_A-base,B_pW_true,0.0,0.0,0.0,attenuatedxhonest,A_own0,1225
remove_c_A-base,conc_A_8_12,0.0,0.0,0.0,attenuatedxhonest,A_own0,1225
remove_c_A-base,conc_A_9_12,0.0,0.0,0.0,attenuatedxhonest,A_own0,1225
remove_c_A-base,conc_B_8_12,0.0,0.0,0.0,attenuatedxhonest,A_own0,1225
remove_c_A-base,conc_A_1_7,0.0,0.0,0.0,attenuatedxhonest,A_own0,1225
remove_c_A-base,A_concede_8_12,0.0,0.0,0.0,attenuatedxhonest,A_own0,1225
remove_c_A-base,A_pressure_8_12,0.0,0.0,0.0,attenuatedxhonest,A_own0,1225
remove_c_A-base,A_silence_8_12,0.0,0.0,0.0,attenuatedxhonest,A_own0,1225
remove_c_A-base,A_p_truth_r7,0.0,0.0,0.0,attenuatedxhonest,A_own0,1225
remove_c_A-base,A_dbelief_8_12,0.0,0.0,0.0,attenuatedxhonest,A_own0,1225
remove_c_A-base,B_pC16,0.0,0.0,0.0,attenuatedxhonest,A_own0,1225
remove_c_A-base,B_pW02,0.0,0.0,0.0,attenuatedxhonest,A_own0,1225
remove_c_A-base,B_cmean,0.0,0.0,0.0,attenuatedxhonest,A_own0,1225
remove_c_A-base,B_wmean,0.0,0.0,0.0,attenuatedxhonest,A_own0,1225
remove_c_AB-base,A_own0,0.0,0.0,0.0,attenuatedxhonest,all,2000
remove_c_AB-base,B_own0,0.0,0.0,0.0,attenuatedxhonest,all,2000
remove_c_AB-base,nonc_A,0.0,0.0,0.0,attenuatedxhonest,all,2000
remove_c_AB-base,nonc_B,0.0,0.0,0.0,attenuatedxhonest,all,2000
remove_c_AB-base,nonc_mutual,0.0,0.0,0.0,attenuatedxhonest,all,2000
remove_c_AB-base,U_final,0.0,0.0,0.0,attenuatedxhonest,all,2000
remove_c_AB-base,no_concession_either,0.0,0.0,0.0,attenuatedxhonest,all,2000
remove_c_AB-base,A_p_truth0,0.0,0.0,0.0,attenuatedxhonest,all,2000
remove_c_AB-base,A_p_truth,0.0,0.0,0.0,attenuatedxhonest,all,2000
remove_c_AB-base,B_p_truth0,0.0,0.0,0.0,attenuatedxhonest,all,2000
remove_c_AB-base,B_p_truth,0.0,0.0,0.0,attenuatedxhonest,all,2000
remove_c_AB-base,A_dbelief,0.0,0.0,0.0,attenuatedxhonest,all,2000
remove_c_AB-base,B_dbelief,0.0,0.0,0.0,attenuatedxhonest,all,2000
remove_c_AB-base,belief_gap_final,0.0,0.0,0.0,attenuatedxhonest,all,2000
remove_c_AB-base,A_hidden_shift,0.0,0.0,0.0,attenuatedxhonest,all,2000
remove_c_AB-base,B_hidden_shift,0.0,0.0,0.0,attenuatedxhonest,all,2000
remove_c_AB-base,dist_oracle,0.0,0.0,0.0,attenuatedxhonest,all,2000
remove_c_AB-base,A_transp_err,0.0,0.0,0.0,attenuatedxhonest,all,2000
remove_c_AB-base,B_transp_err,0.0,0.0,0.0,attenuatedxhonest,all,2000
remove_c_AB-base,A_assert,0.0,0.0,0.0,attenuatedxhonest,all,2000
remove_c_AB-base,A_concede,0.0,0.0,0.0,attenuatedxhonest,all,2000
remove_c_AB-base,A_pressure,0.0,0.0,0.0,attenuatedxhonest,all,2000
remove_c_AB-base,A_silence,0.0,0.0,0.0,attenuatedxhonest,all,2000
remove_c_AB-base,A_reassure,0.0,0.0,0.0,attenuatedxhonest,all,2000
remove_c_AB-base,B_assert,0.0,0.0,0.0,attenuatedxhonest,all,2000
remove_c_AB-base,B_concede,0.0,0.0,0.0,attenuatedxhonest,all,2000
remove_c_AB-base,B_pressure,0.0,0.0,0.0,attenuatedxhonest,all,2000
remove_c_AB-base,B_silence,0.0,0.0,0.0,attenuatedxhonest,all,2000
remove_c_AB-base,B_reassure,0.0,0.0,0.0,attenuatedxhonest,all,2000
remove_c_AB-base,A_pC_true,0.0,0.0,0.0,attenuatedxhonest,all,2000
remove_c_AB-base,A_pW_true,0.0,0.0,0.0,attenuatedxhonest,all,2000
remove_c_AB-base,B_pC_true,0.0,0.0,0.0,attenuatedxhonest,all,2000
remove_c_AB-base,B_pW_true,0.0,0.0,0.0,attenuatedxhonest,all,2000
remove_c_AB-base,conc_A_8_12,0.0,0.0,0.0,attenuatedxhonest,all,2000
remove_c_AB-base,conc_A_9_12,0.0,0.0,0.0,attenuatedxhonest,all,2000
remove_c_AB-base,conc_B_8_12,0.0,0.0,0.0,attenuatedxhonest,all,2000
remove_c_AB-base,conc_A_1_7,0.0,0.0,0.0,attenuatedxhonest,all,2000
remove_c_AB-base,A_concede_8_12,0.0,0.0,0.0,attenuatedxhonest,all,2000
remove_c_AB-base,A_pressure_8_12,0.0,0.0,0.0,attenuatedxhonest,all,2000
remove_c_AB-base,A_silence_8_12,0.0,0.0,0.0,attenuatedxhonest,all,2000
remove_c_AB-base,A_p_truth_r7,0.0,0.0,0.0,attenuatedxhonest,all,2000
remove_c_AB-base,A_dbelief_8_12,0.0,0.0,0.0,attenuatedxhonest,all,2000
remove_c_AB-base,B_pC16,0.0,0.0,0.0,attenuatedxhonest,all,2000
remove_c_AB-base,B_pW02,0.0,0.0,0.0,attenuatedxhonest,all,2000
remove_c_AB-base,B_cmean,0.0,0.0,0.0,attenuatedxhonest,all,2000
remove_c_AB-base,B_wmean,0.0,0.0,0.0,attenuatedxhonest,all,2000
remove_c_AB-base,A_own0,0.0,0.0,0.0,attenuatedxhonest,A_own0,1225
remove_c_AB-base,B_own0,0.0,0.0,0.0,attenuatedxhonest,A_own0,1225
remove_c_AB-base,nonc_A,0.0,0.0,0.0,attenuatedxhonest,A_own0,1225
remove_c_AB-base,nonc_B,0.0,0.0,0.0,attenuatedxhonest,A_own0,1225
remove_c_AB-base,nonc_mutual,0.0,0.0,0.0,attenuatedxhonest,A_own0,1225
remove_c_AB-base,U_final,0.0,0.0,0.0,attenuatedxhonest,A_own0,1225
remove_c_AB-base,no_concession_either,0.0,0.0,0.0,attenuatedxhonest,A_own0,1225
remove_c_AB-base,A_p_truth0,0.0,0.0,0.0,attenuatedxhonest,A_own0,1225
remove_c_AB-base,A_p_truth,0.0,0.0,0.0,attenuatedxhonest,A_own0,1225
remove_c_AB-base,B_p_truth0,0.0,0.0,0.0,attenuatedxhonest,A_own0,1225
remove_c_AB-base,B_p_truth,0.0,0.0,0.0,attenuatedxhonest,A_own0,1225
remove_c_AB-base,A_dbelief,0.0,0.0,0.0,attenuatedxhonest,A_own0,1225
remove_c_AB-base,B_dbelief,0.0,0.0,0.0,attenuatedxhonest,A_own0,1225
remove_c_AB-base,belief_gap_final,0.0,0.0,0.0,attenuatedxhonest,A_own0,1225
remove_c_AB-base,A_hidden_shift,0.0,0.0,0.0,attenuatedxhonest,A_own0,1225
remove_c_AB-base,B_hidden_shift,0.0,0.0,0.0,attenuatedxhonest,A_own0,1225
remove_c_AB-base,dist_oracle,0.0,0.0,0.0,attenuatedxhonest,A_own0,1225
remove_c_AB-base,A_transp_err,0.0,0.0,0.0,attenuatedxhonest,A_own0,1225
remove_c_AB-base,B_transp_err,0.0,0.0,0.0,attenuatedxhonest,A_own0,1225
remove_c_AB-base,A_assert,0.0,0.0,0.0,attenuatedxhonest,A_own0,1225
remove_c_AB-base,A_concede,0.0,0.0,0.0,attenuatedxhonest,A_own0,1225
remove_c_AB-base,A_pressure,0.0,0.0,0.0,attenuatedxhonest,A_own0,1225
remove_c_AB-base,A_silence,0.0,0.0,0.0,attenuatedxhonest,A_own0,1225
remove_c_AB-base,A_reassure,0.0,0.0,0.0,attenuatedxhonest,A_own0,1225
remove_c_AB-base,B_assert,0.0,0.0,0.0,attenuatedxhonest,A_own0,1225
remove_c_AB-base,B_concede,0.0,0.0,0.0,attenuatedxhonest,A_own0,1225
remove_c_AB-base,B_pressure,0.0,0.0,0.0,attenuatedxhonest,A_own0,1225
remove_c_AB-base,B_silence,0.0,0.0,0.0,attenuatedxhonest,A_own0,1225
remove_c_AB-base,B_reassure,0.0,0.0,0.0,attenuatedxhonest,A_own0,1225
remove_c_AB-base,A_pC_true,0.0,0.0,0.0,attenuatedxhonest,A_own0,1225
remove_c_AB-base,A_pW_true,0.0,0.0,0.0,attenuatedxhonest,A_own0,1225
remove_c_AB-base,B_pC_true,0.0,0.0,0.0,attenuatedxhonest,A_own0,1225
remove_c_AB-base,B_pW_true,0.0,0.0,0.0,attenuatedxhonest,A_own0,1225
remove_c_AB-base,conc_A_8_12,0.0,0.0,0.0,attenuatedxhonest,A_own0,1225
remove_c_AB-base,conc_A_9_12,0.0,0.0,0.0,attenuatedxhonest,A_own0,1225
remove_c_AB-base,conc_B_8_12,0.0,0.0,0.0,attenuatedxhonest,A_own0,1225
remove_c_AB-base,conc_A_1_7,0.0,0.0,0.0,attenuatedxhonest,A_own0,1225
remove_c_AB-base,A_concede_8_12,0.0,0.0,0.0,attenuatedxhonest,A_own0,1225
remove_c_AB-base,A_pressure_8_12,0.0,0.0,0.0,attenuatedxhonest,A_own0,1225
remove_c_AB-base,A_silence_8_12,0.0,0.0,0.0,attenuatedxhonest,A_own0,1225
remove_c_AB-base,A_p_truth_r7,0.0,0.0,0.0,attenuatedxhonest,A_own0,1225
remove_c_AB-base,A_dbelief_8_12,0.0,0.0,0.0,attenuatedxhonest,A_own0,1225
remove_c_AB-base,B_pC16,0.0,0.0,0.0,attenuatedxhonest,A_own0,1225
remove_c_AB-base,B_pW02,0.0,0.0,0.0,attenuatedxhonest,A_own0,1225
remove_c_AB-base,B_cmean,0.0,0.0,0.0,attenuatedxhonest,A_own0,1225
remove_c_AB-base,B_wmean,0.0,0.0,0.0,attenuatedxhonest,A_own0,1225
external-base,A_own0,0.0,0.0,0.0,attenuatedxhonest,all,2000
external-base,B_own0,0.0,0.0,0.0,attenuatedxhonest,all,2000
external-base,nonc_A,-0.091,-0.10623920181098465,-0.07576079818901535,attenuatedxhonest,all,2000
external-base,nonc_B,-0.041375,-0.05385201139673268,-0.028897988603267324,attenuatedxhonest,all,2000
external-base,nonc_mutual,-0.133875,-0.14959999108616057,-0.11815000891383941,attenuatedxhonest,all,2000
external-base,U_final,-0.101,-0.11720662662534331,-0.0847933733746567,attenuatedxhonest,all,2000
external-base,no_concession_either,-0.0855,-0.09775814026683496,-0.07324185973316505,attenuatedxhonest,all,2000
external-base,A_p_truth0,0.0,0.0,0.0,attenuatedxhonest,all,2000
external-base,A_p_truth,0.13109146764495472,0.1212095820661423,0.14097335322376714,attenuatedxhonest,all,2000
external-base,B_p_truth0,0.0,0.0,0.0,attenuatedxhonest,all,2000
external-base,B_p_truth,0.10041905150364704,0.09064921775916888,0.11018888524812519,attenuatedxhonest,all,2000
external-base,A_dbelief,0.15768178357198598,0.14943684978519806,0.1659267173587739,attenuatedxhonest,all,2000
external-base,B_dbelief,0.05534552942626886,0.04729314134535319,0.06339791750718453,attenuatedxhonest,all,2000
external-base,belief_gap_final,-0.11879635593557336,-0.12630562031687156,-0.11128709155427517,attenuatedxhonest,all,2000
external-base,A_hidden_shift,0.03834151765181696,0.03242126060999051,0.04426177469364341,attenuatedxhonest,all,2000
external-base,B_hidden_shift,-0.011031759190625717,-0.01746809437876755,-0.004595424002483887,attenuatedxhonest,all,2000
external-base,dist_oracle,-0.01452770500097625,-0.022093558577885423,-0.006961851424067078,attenuatedxhonest,all,2000
external-base,A_transp_err,-0.040789083582925566,-0.046292085268848426,-0.035286081897002705,attenuatedxhonest,all,2000
external-base,B_transp_err,-0.056340119184750986,-0.06197694590673461,-0.05070329246276736,attenuatedxhonest,all,2000
external-base,A_assert,-0.025499999999999995,-0.03153751494445051,-0.019462485055549476,attenuatedxhonest,all,2000
external-base,A_concede,0.037791666666666675,0.03148445222445325,0.0440988811088801,attenuatedxhonest,all,2000
external-base,A_pressure,-0.004125,-0.005427132970839762,-0.002822867029160238,attenuatedxhonest,all,2000
external-base,A_silence,-0.0040416666666666665,-0.005499032822518646,-0.0025843005108146864,attenuatedxhonest,all,2000
external-base,A_reassure,-0.004125,-0.005492129319213949,-0.002757870680786052,attenuatedxhonest,all,2000
external-base,B_assert,0.004041666666666669,-0.0008923252559364494,0.008975658589269787,attenuatedxhonest,all,2000
external-base,B_concede,0.017583333333333336,0.012425417384832506,0.022741249281834165,attenuatedxhonest,all,2000
external-base,B_pressure,-0.007041666666666666,-0.00860596806069856,-0.005477365272634771,attenuatedxhonest,all,2000
external-base,B_silence,-0.006666666666666666,-0.008006932536091391,-0.00532640079724194,attenuatedxhonest,all,2000
external-base,B_reassure,-0.007916666666666666,-0.009326686187718447,-0.006506647145614884,attenuatedxhonest,all,2000
external-base,A_pC_true,0.05691565934757609,0.04632225145413315,0.06750906724101903,attenuatedxhonest,all,2000
external-base,A_pW_true,-0.0017257965030408585,-0.006746013539346141,0.0032944205332644237,attenuatedxhonest,all,2000
external-base,B_pC_true,0.09584360194417663,0.08404930630601246,0.1076378975823408,attenuatedxhonest,all,2000
external-base,B_pW_true,-0.042197618840777884,-0.052145561721387526,-0.03224967596016824,attenuatedxhonest,all,2000
external-base,conc_A_8_12,0.0775,0.06118583833182141,0.09381416166817859,attenuatedxhonest,all,2000
external-base,conc_A_9_12,0.079,0.06267022296511662,0.09532977703488338,attenuatedxhonest,all,2000
external-base,conc_B_8_12,-0.01,-0.02378630302421711,0.003786303024217107,attenuatedxhonest,all,2000
external-base,conc_A_1_7,0.0,0.0,0.0,attenuatedxhonest,all,2000
external-base,A_concede_8_12,0.09070000000000002,0.0755626853386878,0.10583731466131223,attenuatedxhonest,all,2000
external-base,A_pressure_8_12,-0.0099,-0.01302511913001543,-0.006774880869984571,attenuatedxhonest,all,2000
external-base,A_silence_8_12,-0.0097,-0.013197678774044753,-0.006202321225955248,attenuatedxhonest,all,2000
external-base,A_p_truth_r7,0.0,0.0,0.0,attenuatedxhonest,all,2000
external-base,A_dbelief_8_12,0.1647579779964851,0.15607897570358686,0.1734369802893833,attenuatedxhonest,all,2000
external-base,B_pC16,-0.04084226847597339,-0.04618325231046384,-0.03550128464148293,attenuatedxhonest,all,2000
external-base,B_pW02,-0.042197618840777884,-0.052145561721387526,-0.03224967596016824,attenuatedxhonest,all,2000
external-base,B_cmean,-0.10934869633612002,-0.12238357027368645,-0.09631382239855359,attenuatedxhonest,all,2000
external-base,B_wmean,0.019878739283298693,0.014211640770372604,0.025545837796224782,attenuatedxhonest,all,2000
external-base,A_own0,0.0,0.0,0.0,attenuatedxhonest,A_own0,1225
external-base,B_own0,0.0,0.0,0.0,attenuatedxhonest,A_own0,1225
external-base,nonc_A,-0.17408163265306123,-0.19434837026903612,-0.15381489503708634,attenuatedxhonest,A_own0,1225
external-base,nonc_B,-0.04693877551020408,-0.06577969884630581,-0.028097852174102354,attenuatedxhonest,A_own0,1225
external-base,nonc_mutual,-0.22102040816326532,-0.24347787995364473,-0.1985629363728859,attenuatedxhonest,A_own0,1225
external-base,U_final,-0.1836734693877551,-0.20684419127856327,-0.16050274749694696,attenuatedxhonest,A_own0,1225
external-base,no_concession_either,-0.13959183673469389,-0.15900729449391243,-0.12017637897547534,attenuatedxhonest,A_own0,1225
external-base,A_p_truth0,0.0,0.0,0.0,attenuatedxhonest,A_own0,1225
external-base,A_p_truth,0.13850000884674366,0.1252310841658157,0.15176893352767162,attenuatedxhonest,A_own0,1225
external-base,B_p_truth0,0.0,0.0,0.0,attenuatedxhonest,A_own0,1225
external-base,B_p_truth,0.1412798835326062,0.12786993309409206,0.15468983397112035,attenuatedxhonest,A_own0,1225
external-base,A_dbelief,0.153452658055599,0.1417476534920074,0.16515766261919057,attenuatedxhonest,A_own0,1225
external-base,B_dbelief,0.08809343903176102,0.07625089496828505,0.09993598309523699,attenuatedxhonest,A_own0,1225
external-base,belief_gap_final,-0.1392218054118812,-0.14955048008869273,-0.12889313073506967,attenuatedxhonest,A_own0,1225
external-base,A_hidden_shift,0.03018676157657055,0.024329813083788895,0.03604371006935221,attenuatedxhonest,A_own0,1225
external-base,B_hidden_shift,-0.016063085325788647,-0.024563102912416035,-0.00756306773916126,attenuatedxhonest,A_own0,1225
external-base,dist_oracle,-0.01693157323842487,-0.027707172149961223,-0.006155974326888514,attenuatedxhonest,A_own0,1225
external-base,A_transp_err,-0.06733894415916492,-0.07555280336227865,-0.05912508495605118,attenuatedxhonest,A_own0,1225
external-base,B_transp_err,-0.04361955126909498,-0.04927541846839599,-0.037963684069793974,attenuatedxhonest,A_own0,1225
external-base,A_assert,-0.061768707482993186,-0.06970832711574979,-0.05382908785023659,attenuatedxhonest,A_own0,1225
external-base,A_concede,0.07204081632653062,0.0636432045347547,0.08043842811830654,attenuatedxhonest,A_own0,1225
external-base,A_pressure,-0.003197278911564626,-0.004858997055397232,-0.0015355607677320193,attenuatedxhonest,A_own0,1225
external-base,A_silence,-0.003537414965986394,-0.005541753035421483,-0.0015330768965513045,attenuatedxhonest,A_own0,1225
external-base,A_reassure,-0.003537414965986394,-0.005422825065097477,-0.001652004866875311,attenuatedxhonest,A_own0,1225
external-base,B_assert,0.013265306122448979,0.006067357976182582,0.020463254268715377,attenuatedxhonest,A_own0,1225
external-base,B_concede,0.020544217687074835,0.012746394778047475,0.028342040596102194,attenuatedxhonest,A_own0,1225
external-base,B_pressure,-0.010816326530612244,-0.013233416494291704,-0.008399236566932785,attenuatedxhonest,A_own0,1225
external-base,B_silence,-0.01,-0.01199351162484755,-0.00800648837515245,attenuatedxhonest,A_own0,1225
external-base,B_reassure,-0.012993197278911562,-0.015173667803043583,-0.010812726754779541,attenuatedxhonest,A_own0,1225
external-base,A_pC_true,0.07663710590903056,0.0604756228000993,0.09279858901796181,attenuatedxhonest,A_own0,1225
external-base,A_pW_true,0.0006286014163655613,-0.0066028517992430275,0.00786005463197415,attenuatedxhonest,A_own0,1225
external-base,B_pC_true,0.12547765605724323,0.10967534939221456,0.14127996272227192,attenuatedxhonest,A_own0,1225
external-base,B_pW_true,-0.08789692646007012,-0.10200473092912807,-0.07378912199101217,attenuatedxhonest,A_own0,1225
external-base,conc_A_8_12,0.17795918367346938,0.1560585882835862,0.19985977906335256,attenuatedxhonest,A_own0,1225
external-base,conc_A_9_12,0.18040816326530612,0.15851196130855758,0.20230436522205467,attenuatedxhonest,A_own0,1225
external-base,conc_B_8_12,-0.03510204081632653,-0.05531662818494873,-0.01488745344770433,attenuatedxhonest,A_own0,1225
external-base,conc_A_1_7,0.0,0.0,0.0,attenuatedxhonest,A_own0,1225
external-base,A_concede_8_12,0.17289795918367348,0.15274369088341128,0.1930522274839357,attenuatedxhonest,A_own0,1225
external-base,A_pressure_8_12,-0.007673469387755104,-0.011661592932953359,-0.0036853458425568477,attenuatedxhonest,A_own0,1225
external-base,A_silence_8_12,-0.008489795918367347,-0.013300207285011561,-0.0036793845517231324,attenuatedxhonest,A_own0,1225
external-base,A_p_truth_r7,0.0,0.0,0.0,attenuatedxhonest,A_own0,1225
external-base,A_dbelief_8_12,0.16099568352733226,0.148846777410344,0.17314458964432053,attenuatedxhonest,A_own0,1225
external-base,B_pC16,-0.06668132648426554,-0.07508693859157752,-0.058275714376953565,attenuatedxhonest,A_own0,1225
external-base,B_pW02,-0.08789692646007012,-0.10200473092912807,-0.07378912199101217,attenuatedxhonest,A_own0,1225
external-base,B_cmean,-0.15372718603320704,-0.17280797748987503,-0.13464639457653904,attenuatedxhonest,A_own0,1225
external-base,B_wmean,0.04466581937766879,0.0368169972479004,0.052514641507437176,attenuatedxhonest,A_own0,1225
force_silence-base,A_own0,0.0,0.0,0.0,attenuatedxhonest,all,2000
force_silence-base,B_own0,0.0,0.0,0.0,attenuatedxhonest,all,2000
force_silence-base,nonc_A,0.002875,0.0013896880922743481,0.004360311907725652,attenuatedxhonest,all,2000
force_silence-base,nonc_B,0.001875,-0.00012922819380089927,0.003879228193800899,attenuatedxhonest,all,2000
force_silence-base,nonc_mutual,0.004625,0.002322004172302695,0.006927995827697304,attenuatedxhonest,all,2000
force_silence-base,U_final,0.00425,0.0012344316661385222,0.007265568333861478,attenuatedxhonest,all,2000
force_silence-base,no_concession_either,0.0095,0.0030856083678960644,0.015914391632103935,attenuatedxhonest,all,2000
force_silence-base,A_p_truth0,0.0,0.0,0.0,attenuatedxhonest,all,2000
force_silence-base,A_p_truth,-0.0024301917116187487,-0.002904410086125294,-0.0019559733371122033,attenuatedxhonest,all,2000
force_silence-base,B_p_truth0,0.0,0.0,0.0,attenuatedxhonest,all,2000
force_silence-base,B_p_truth,-0.0004941940693916852,-0.0018354363632442274,0.000847048224460857,attenuatedxhonest,all,2000
force_silence-base,A_dbelief,-0.003187370543850576,-0.00365232504403058,-0.0027224160436705716,attenuatedxhonest,all,2000
force_silence-base,B_dbelief,0.00039078638734915206,-0.0009505214663581185,0.0017320942410564226,attenuatedxhonest,all,2000
force_silence-base,belief_gap_final,0.0028523365049429455,0.00149936413153889,0.004205308878347001,attenuatedxhonest,all,2000
force_silence-base,A_hidden_shift,-0.0014657502826625356,-0.001958782430857625,-0.0009727181344674464,attenuatedxhonest,all,2000
force_silence-base,B_hidden_shift,0.0013179918932583012,-0.0005785108050477478,0.0032144945915643505,attenuatedxhonest,all,2000
force_silence-base,dist_oracle,0.0016358669903861406,0.0009954219270334888,0.0022763120537387924,attenuatedxhonest,all,2000
force_silence-base,A_transp_err,0.004125974817352696,0.0025420919125126937,0.0057098577221926985,attenuatedxhonest,all,2000
force_silence-base,B_transp_err,-0.001978607040616419,-0.0034170200122734164,-0.0005401940689594214,attenuatedxhonest,all,2000
force_silence-base,A_assert,0.002291666666666667,0.0016010000177453599,0.0029823333155879744,attenuatedxhonest,all,2000
force_silence-base,A_concede,-0.0009583333333333332,-0.0014534373025752172,-0.00046322936409144927,attenuatedxhonest,all,2000
force_silence-base,A_pressure,-0.00024999999999999995,-0.0010419098991817117,0.0005419098991817117,attenuatedxhonest,all,2000
force_silence-base,A_silence,-0.000375,-0.0011279383263850017,0.00037793832638500157,attenuatedxhonest,all,2000
force_silence-base,A_reassure,-0.0007083333333333333,-0.0011906020472154677,-0.00022606461945119883,attenuatedxhonest,all,2000
force_silence-base,B_assert,-0.04150000000000001,-0.043467272096577705,-0.03953272790342231,attenuatedxhonest,all,2000
force_silence-base,B_concede,-0.036500000000000005,-0.03838467538631113,-0.03461532461368888,attenuatedxhonest,all,2000
force_silence-base,B_pressure,-0.0017083333333333334,-0.002588734881143841,-0.0008279317855228257,attenuatedxhonest,all,2000
force_silence-base,B_silence,0.08191666666666664,0.08115289455003413,0.08268043878329914,attenuatedxhonest,all,2000
force_silence-base,B_reassure,-0.0022083333333333334,-0.0028897990467721163,-0.0015268676198945505,attenuatedxhonest,all,2000
force_silence-base,A_pC_true,-0.075106559531526,-0.08263032253074322,-0.06758279653230877,attenuatedxhonest,all,2000
force_silence-base,A_pW_true,-0.02628051256821214,-0.028786108232916535,-0.023774916903507744,attenuatedxhonest,all,2000
force_silence-base,B_pC_true,-0.0016731529457310456,-0.004685892757340582,0.001339586865878491,attenuatedxhonest,all,2000
force_silence-base,B_pW_true,-0.0005753134986995318,-0.002338980624665773,0.0011883536272667096,attenuatedxhonest,all,2000
force_silence-base,conc_A_8_12,-0.0065,-0.011392935377491118,-0.0016070646225088813,attenuatedxhonest,all,2000
force_silence-base,conc_A_9_12,-0.0065,-0.011392935377491118,-0.0016070646225088813,attenuatedxhonest,all,2000
force_silence-base,conc_B_8_12,-0.008,-0.01387100529309724,-0.0021289947069027615,attenuatedxhonest,all,2000
force_silence-base,conc_A_1_7,0.0,0.0,0.0,attenuatedxhonest,all,2000
force_silence-base,A_concede_8_12,-0.0023,-0.003488249526180521,-0.0011117504738194788,attenuatedxhonest,all,2000
force_silence-base,A_pressure_8_12,-0.0006000000000000001,-0.0025005837580361076,0.0013005837580361075,attenuatedxhonest,all,2000
force_silence-base,A_silence_8_12,-0.0009000000000000001,-0.002707051983324004,0.0009070519833240038,attenuatedxhonest,all,2000
force_silence-base,A_p_truth_r7,0.0,0.0,0.0,attenuatedxhonest,all,2000
force_silence-base,A_dbelief_8_12,0.001392331222353354,0.0010580827408132546,0.0017265797038934533,attenuatedxhonest,all,2000
force_silence-base,B_pC16,0.00167263215116593,-0.0002577255833544176,0.003602989885686278,attenuatedxhonest,all,2000
force_silence-base,B_pW02,-0.0005753134986995318,-0.002338980624665773,0.0011883536272667096,attenuatedxhonest,all,2000
force_silence-base,B_cmean,0.002676628077517571,-0.001104243406016264,0.006457499561051405,attenuatedxhonest,all,2000
force_silence-base,B_wmean,0.00027902430987305387,-0.0005636015499421113,0.001121650169688219,attenuatedxhonest,all,2000
force_silence-base,A_own0,0.0,0.0,0.0,attenuatedxhonest,A_own0,1225
force_silence-base,B_own0,0.0,0.0,0.0,attenuatedxhonest,A_own0,1225
force_silence-base,nonc_A,0.002857142857142857,0.0007457359291239418,0.0049685497851617725,attenuatedxhonest,A_own0,1225
force_silence-base,nonc_B,0.0032653061224489797,0.0001710567651787352,0.006359555479719224,attenuatedxhonest,A_own0,1225
force_silence-base,nonc_mutual,0.005918367346938775,0.0023771257346136936,0.009459608959263857,attenuatedxhonest,A_own0,1225
force_silence-base,U_final,0.006326530612244898,0.001520978267994205,0.011132082956495593,attenuatedxhonest,A_own0,1225
force_silence-base,no_concession_either,0.015510204081632653,0.005050046245309902,0.025970361917955403,attenuatedxhonest,A_own0,1225
force_silence-base,A_p_truth0,0.0,0.0,0.0,attenuatedxhonest,A_own0,1225
force_silence-base,A_p_truth,-0.0017835509166087811,-0.002515260542815032,-0.0010518412904025301,attenuatedxhonest,A_own0,1225
force_silence-base,B_p_truth0,0.0,0.0,0.0,attenuatedxhonest,A_own0,1225
force_silence-base,B_p_truth,-0.0007792382707103479,-0.0029367371512506743,0.0013782606098299783,attenuatedxhonest,A_own0,1225
force_silence-base,A_dbelief,-0.002655405751858325,-0.0033779223012783805,-0.0019328892024382698,attenuatedxhonest,A_own0,1225
force_silence-base,B_dbelief,0.0008808673047759821,-0.0012765088555774886,0.003038243465129453,attenuatedxhonest,A_own0,1225
force_silence-base,belief_gap_final,0.0018012911112360208,-0.0003694319721052855,0.003972014194577328,attenuatedxhonest,A_own0,1225
force_silence-base,A_hidden_shift,-0.0023688483607290133,-0.003169448962009521,-0.0015682477594485054,attenuatedxhonest,A_own0,1225
force_silence-base,B_hidden_shift,0.00295267360306129,6.922281467622825e-05,0.005836124391446352,attenuatedxhonest,A_own0,1225
force_silence-base,dist_oracle,0.001705496560255118,0.0006844361534282244,0.0027265569670820115,attenuatedxhonest,A_own0,1225
force_silence-base,A_transp_err,0.005088691073823038,0.00255795868507364,0.007619423462572436,attenuatedxhonest,A_own0,1225
force_silence-base,B_transp_err,-0.004708276638865405,-0.007008942285281457,-0.0024076109924493524,attenuatedxhonest,A_own0,1225
force_silence-base,A_assert,0.0036734693877551027,0.002560503615389431,0.004786435160120775,attenuatedxhonest,A_own0,1225
force_silence-base,A_concede,-0.0009523809523809523,-0.0016561832617205908,-0.0002485786430413137,attenuatedxhonest,A_own0,1225
force_silence-base,A_pressure,-0.0001360544217687074,-0.0012678616731684267,0.0009957528296310118,attenuatedxhonest,A_own0,1225
force_silence-base,A_silence,-0.0013605442176870747,-0.0024739405604698255,-0.000247147874904324,attenuatedxhonest,A_own0,1225
force_silence-base,A_reassure,-0.0012244897959183673,-0.001999236457254831,-0.00044974313458190373,attenuatedxhonest,A_own0,1225
force_silence-base,B_assert,-0.01673469387755102,-0.018945067518813266,-0.014524320236288772,attenuatedxhonest,A_own0,1225
force_silence-base,B_concede,-0.05897959183673471,-0.061256487887980174,-0.05670269578548924,attenuatedxhonest,A_own0,1225
force_silence-base,B_pressure,-0.0024489795918367346,-0.0037891255858997133,-0.0011088335977737557,attenuatedxhonest,A_own0,1225
force_silence-base,B_silence,0.08149659863945578,0.08033065737726887,0.0826625399016427,attenuatedxhonest,A_own0,1225
force_silence-base,B_reassure,-0.003333333333333333,-0.0043924021341031315,-0.0022742645325635347,attenuatedxhonest,A_own0,1225
force_silence-base,A_pC_true,-0.12110176687540926,-0.13256097555608723,-0.10964255819473127,attenuatedxhonest,A_own0,1225
force_silence-base,A_pW_true,-0.01666877073579758,-0.02057782966832451,-0.012759711803270648,attenuatedxhonest,A_own0,1225
force_silence-base,B_pC_true,-0.001861368978986469,-0.006407999133459791,0.0026852611754868538,attenuatedxhonest,A_own0,1225
force_silence-base,B_pW_true,-0.0015774402264089407,-0.004388873586105566,0.0012339931332876846,attenuatedxhonest,A_own0,1225
force_silence-base,conc_A_8_12,-0.010612244897959184,-0.018593399170958282,-0.0026310906249600863,attenuatedxhonest,A_own0,1225
force_silence-base,conc_A_9_12,-0.010612244897959184,-0.018593399170958282,-0.0026310906249600863,attenuatedxhonest,A_own0,1225
force_silence-base,conc_B_8_12,-0.011428571428571429,-0.020739918080403708,-0.002117224776739148,attenuatedxhonest,A_own0,1225
force_silence-base,conc_A_1_7,0.0,0.0,0.0,attenuatedxhonest,A_own0,1225
force_silence-base,A_concede_8_12,-0.002285714285714286,-0.003974839828129418,-0.0005965887432991532,attenuatedxhonest,A_own0,1225
force_silence-base,A_pressure_8_12,-0.0003265306122448975,-0.003042868015604224,0.002389806791114429,attenuatedxhonest,A_own0,1225
force_silence-base,A_silence_8_12,-0.0032653061224489797,-0.005937457345127581,-0.0005931548997703782,attenuatedxhonest,A_own0,1225
force_silence-base,A_p_truth_r7,0.0,0.0,0.0,attenuatedxhonest,A_own0,1225
force_silence-base,A_dbelief_8_12,-2.981449693245521e-05,-0.000514919370531647,0.00045529037666673655,attenuatedxhonest,A_own0,1225
force_silence-base,B_pC16,0.0027308279770479186,-0.0004198363265484422,0.005881492280644279,attenuatedxhonest,A_own0,1225
force_silence-base,B_pW02,-0.0015774402264089407,-0.004388873586105566,0.0012339931332876846,attenuatedxhonest,A_own0,1225
force_silence-base,B_cmean,0.003673757564827501,-0.002313653100236212,0.009661168229891213,attenuatedxhonest,A_own0,1225
force_silence-base,B_wmean,0.0008299137204577229,-0.00047299777520007954,0.0021328252161155253,attenuatedxhonest,A_own0,1225
reassure-force_silence,A_own0,0.0,0.0,0.0,attenuatedxhonest,all,2000
reassure-force_silence,B_own0,0.0,0.0,0.0,attenuatedxhonest,all,2000
reassure-force_silence,nonc_A,0.0,-0.00034656897585836174,0.00034656897585836174,attenuatedxhonest,all,2000
reassure-force_silence,nonc_B,-0.001125,-0.0023974203370966405,0.00014742033709664063,attenuatedxhonest,all,2000
reassure-force_silence,nonc_mutual,-0.000875,-0.0017577479875393385,7.747987539338612e-06,attenuatedxhonest,all,2000
reassure-force_silence,U_final,-0.000625,-0.00185,0.0006000000000000002,attenuatedxhonest,all,2000
reassure-force_silence,no_concession_either,-0.0025,-0.004689153077241927,-0.0003108469227580731,attenuatedxhonest,all,2000
reassure-force_silence,A_p_truth0,0.0,0.0,0.0,attenuatedxhonest,all,2000
reassure-force_silence,A_p_truth,-5.6664577967060325e-05,-0.00016621695450835943,5.288779857423879e-05,attenuatedxhonest,all,2000
reassure-force_silence,B_p_truth0,0.0,0.0,0.0,attenuatedxhonest,all,2000
reassure-force_silence,B_p_truth,0.00018912037146577904,-0.00028473271008465264,0.0006629734530162108,attenuatedxhonest,all,2000
reassure-force_silence,A_dbelief,-1.7509775952536493e-05,-0.0001265231057352305,9.150355383015751e-05,attenuatedxhonest,all,2000
reassure-force_silence,B_dbelief,0.00010804838654529724,-0.00036585354642747545,0.0005819503195180699,attenuatedxhonest,all,2000
reassure-force_silence,belief_gap_final,-6.968901711044399e-05,-0.0004430504401076985,0.00030367240588681055,attenuatedxhonest,all,2000
reassure-force_silence,A_hidden_shift,-4.695487366946116e-05,-0.00016780969442085704,7.38999470819347e-05,attenuatedxhonest,all,2000
reassure-force_silence,B_hidden_shift,-7.533252135576779e-05,-0.0010566579058632261,0.0009059928631516905,attenuatedxhonest,all,2000
reassure-force_silence,dist_oracle,4.283684504918034e-06,-0.00024319702546071102,0.00025176439447054707,attenuatedxhonest,all,2000
reassure-force_silence,A_transp_err,-0.000377437986309152,-0.0006711416887562969,-8.373428386200722e-05,attenuatedxhonest,all,2000
reassure-force_silence,B_transp_err,-0.00029249559883708293,-0.0008382626712091485,0.0002532714735349826,attenuatedxhonest,all,2000
reassure-force_silence,A_assert,-4.1666666666666686e-05,-0.00012333333333333337,3.9999999999999996e-05,attenuatedxhonest,all,2000
reassure-force_silence,A_concede,-2.0816681711721686e-20,-0.00011552299195278731,0.00011552299195278725,attenuatedxhonest,all,2000
reassure-force_silence,A_pressure,4.1666666666666665e-05,-3.9999999999999976e-05,0.0001233333333333333,attenuatedxhonest,all,2000
reassure-force_silence,A_silence,-4.166666666666667e-05,-0.00012333333333333334,3.9999999999999996e-05,attenuatedxhonest,all,2000
reassure-force_silence,A_reassure,4.1666666666666665e-05,-3.999999999999999e-05,0.0001233333333333333,attenuatedxhonest,all,2000
reassure-force_silence,B_assert,-0.00029166666666666653,-0.0006282283862103449,4.489505287701194e-05,attenuatedxhonest,all,2000
reassure-force_silence,B_concede,0.000375,-4.914011236554675e-05,0.0007991401123655468,attenuatedxhonest,all,2000
reassure-force_silence,B_pressure,-8.333333333333333e-05,-0.0003889566081773748,0.00022228994151070818,attenuatedxhonest,all,2000
reassure-force_silence,B_silence,-0.08320833333333331,-0.08350280934821304,-0.08291385731845359,attenuatedxhonest,all,2000
reassure-force_silence,B_reassure,0.08320833333333331,0.08299227908475144,0.08342438758191519,attenuatedxhonest,all,2000
reassure-force_silence,A_pC_true,0.0015873143635881783,1.649162711907172e-05,0.0031581371000572846,attenuatedxhonest,all,2000
reassure-force_silence,A_pW_true,4.317714681828727e-05,-5.623635803358233e-05,0.00014259065167015686,attenuatedxhonest,all,2000
reassure-force_silence,B_pC_true,0.002280056646327796,-0.0006716682966307432,0.005231781589286335,attenuatedxhonest,all,2000
reassure-force_silence,B_pW_true,0.0010150068516591472,-0.0002442088974157078,0.0022742226007340023,attenuatedxhonest,all,2000
reassure-force_silence,conc_A_8_12,0.0005,-0.0004800000000000002,0.0014800000000000002,attenuatedxhonest,all,2000
reassure-force_silence,conc_A_9_12,0.0005,-0.0004800000000000002,0.0014800000000000002,attenuatedxhonest,all,2000
reassure-force_silence,conc_B_8_12,0.002,-0.0007711651842210914,0.0047711651842210915,attenuatedxhonest,all,2000
reassure-force_silence,conc_A_1_7,0.0,0.0,0.0,attenuatedxhonest,all,2000
reassure-force_silence,A_concede_8_12,2.7755575615628914e-20,-0.00027725518068668937,0.0002772551806866895,attenuatedxhonest,all,2000
reassure-force_silence,A_pressure_8_12,0.0001,-9.600000000000002e-05,0.00029600000000000004,attenuatedxhonest,all,2000
reassure-force_silence,A_silence_8_12,-0.0001,-0.00029600000000000004,9.600000000000002e-05,attenuatedxhonest,all,2000
reassure-force_silence,A_p_truth_r7,0.0,0.0,0.0,attenuatedxhonest,all,2000
reassure-force_silence,A_dbelief_8_12,-7.672047190031961e-05,-0.000160260013141224,6.819069340584764e-06,attenuatedxhonest,all,2000
reassure-force_silence,B_pC16,-0.0007852108261946135,-0.0012121792646836024,-0.00035824238770562465,attenuatedxhonest,all,2000
reassure-force_silence,B_pW02,0.0010150068516591472,-0.0002442088974157078,0.0022742226007340023,attenuatedxhonest,all,2000
reassure-force_silence,B_cmean,-0.002452213978017903,-0.004901078547138302,-3.349408897504111e-06,attenuatedxhonest,all,2000
reassure-force_silence,B_wmean,-0.0006657080374093185,-0.0014456884890303773,0.00011427241421174033,attenuatedxhonest,all,2000
reassure-force_silence,A_own0,0.0,0.0,0.0,attenuatedxhonest,A_own0,1225
reassure-force_silence,B_own0,0.0,0.0,0.0,attenuatedxhonest,A_own0,1225
reassure-force_silence,nonc_A,-0.00020408163265306123,-0.0006040816326530611,0.00019591836734693868,attenuatedxhonest,A_own0,1225
reassure-force_silence,nonc_B,-0.0008163265306122449,-0.0019472351247815584,0.00031458206355706856,attenuatedxhonest,A_own0,1225
reassure-force_silence,nonc_mutual,-0.0010204081632653062,-0.002077596443007155,3.678011647654253e-05,attenuatedxhonest,A_own0,1225
reassure-force_silence,U_final,-0.0008163265306122449,-0.0020809275294551644,0.00044827446823067474,attenuatedxhonest,A_own0,1225
reassure-force_silence,no_concession_either,-0.004081632653061225,-0.007653490703801837,-0.0005097746023206128,attenuatedxhonest,A_own0,1225
reassure-force_silence,A_p_truth0,0.0,0.0,0.0,attenuatedxhonest,A_own0,1225
reassure-force_silence,A_p_truth,-5.871025459463558e-05,-0.00018594592578514594,6.852541659587477e-05,attenuatedxhonest,A_own0,1225
reassure-force_silence,B_p_truth0,0.0,0.0,0.0,attenuatedxhonest,A_own0,1225
reassure-force_silence,B_p_truth,-0.0003671780561867053,-0.0007236250078930061,-1.0731104480404515e-05,attenuatedxhonest,A_own0,1225
reassure-force_silence,A_dbelief,-8.011855519424975e-07,-0.0001280793545342421,0.0001264769834303571,attenuatedxhonest,A_own0,1225
reassure-force_silence,B_dbelief,0.0005392052554641054,0.00018344542541884231,0.0008949650855093686,attenuatedxhonest,A_own0,1225
reassure-force_silence,belief_gap_final,-0.0005189188380964478,-0.0008826365435403171,-0.00015520113265257842,attenuatedxhonest,A_own0,1225
reassure-force_silence,A_hidden_shift,-7.666101823585495e-05,-0.000273988132297396,0.00012066609582568609,attenuatedxhonest,A_own0,1225
reassure-force_silence,B_hidden_shift,0.0004159747758616896,8.562092550928717e-06,0.0008233874591724506,attenuatedxhonest,A_own0,1225
reassure-force_silence,dist_oracle,0.00022167851038277386,1.9431995023241655e-05,0.0004239250257423061,attenuatedxhonest,A_own0,1225
reassure-force_silence,A_transp_err,-0.000327647312800557,-0.0007181042036962398,6.280957809512574e-05,attenuatedxhonest,A_own0,1225
reassure-force_silence,B_transp_err,-0.00017615019818984713,-0.0008326125607794275,0.0004803121643997332,attenuatedxhonest,A_own0,1225
reassure-force_silence,A_assert,-6.802721088435377e-05,-0.00020136054421768712,6.53061224489796e-05,attenuatedxhonest,A_own0,1225
reassure-force_silence,A_concede,6.802721088435374e-05,-6.530612244897963e-05,0.00020136054421768712,attenuatedxhonest,A_own0,1225
reassure-force_silence,A_pressure,0.0,0.0,0.0,attenuatedxhonest,A_own0,1225
reassure-force_silence,A_silence,0.0,0.0,0.0,attenuatedxhonest,A_own0,1225
reassure-force_silence,A_reassure,0.0,0.0,0.0,attenuatedxhonest,A_own0,1225
reassure-force_silence,B_assert,-0.00047619047619047603,-0.0008280916308602952,-0.0001242893215206568,attenuatedxhonest,A_own0,1225
reassure-force_silence,B_concede,0.00027210884353741496,-0.00010486068785235615,0.0006490783749271861,attenuatedxhonest,A_own0,1225
reassure-force_silence,B_pressure,0.00013605442176870748,-0.00019058867906638784,0.00046269752260380277,attenuatedxhonest,A_own0,1225
reassure-force_silence,B_silence,-0.08306122448979592,-0.08338760068896517,-0.08273484829062666,attenuatedxhonest,A_own0,1225
reassure-force_silence,B_reassure,0.08312925170068028,0.08289850034669978,0.08336000305466078,attenuatedxhonest,A_own0,1225
reassure-force_silence,A_pC_true,0.0016829444152089423,-0.000361138144755043,0.0037270269751729277,attenuatedxhonest,A_own0,1225
reassure-force_silence,A_pW_true,5.130669233408508e-05,-4.9047742243113265e-05,0.00015166112691128344,attenuatedxhonest,A_own0,1225
reassure-force_silence,B_pC_true,0.002786696333739526,0.001750522177522155,0.003822870489956897,attenuatedxhonest,A_own0,1225
reassure-force_silence,B_pW_true,-0.00025274403336032183,-0.000752805760684439,0.00024731769396379533,attenuatedxhonest,A_own0,1225
reassure-force_silence,conc_A_8_12,0.0008163265306122449,-0.0007836734693877547,0.0024163265306122446,attenuatedxhonest,A_own0,1225
reassure-force_silence,conc_A_9_12,0.0008163265306122449,-0.0007836734693877547,0.0024163265306122446,attenuatedxhonest,A_own0,1225
reassure-force_silence,conc_B_8_12,0.0024489795918367346,-0.001783728405824343,0.006681687589497812,attenuatedxhonest,A_own0,1225
reassure-force_silence,conc_A_1_7,0.0,0.0,0.0,attenuatedxhonest,A_own0,1225
reassure-force_silence,A_concede_8_12,0.00016326530612244898,-0.00015673469387755105,0.000483265306122449,attenuatedxhonest,A_own0,1225
reassure-force_silence,A_pressure_8_12,0.0,0.0,0.0,attenuatedxhonest,A_own0,1225
reassure-force_silence,A_silence_8_12,0.0,0.0,0.0,attenuatedxhonest,A_own0,1225
reassure-force_silence,A_p_truth_r7,0.0,0.0,0.0,attenuatedxhonest,A_own0,1225
reassure-force_silence,A_dbelief_8_12,-2.6479627205710747e-05,-0.00010253828715413939,4.957903274271789e-05,attenuatedxhonest,A_own0,1225
reassure-force_silence,B_pC16,-0.0012819764770180008,-0.0019777432433048534,-0.0005862097107311481,attenuatedxhonest,A_own0,1225
reassure-force_silence,B_pW02,-0.00025274403336032183,-0.000752805760684439,0.00024731769396379533,attenuatedxhonest,A_own0,1225
reassure-force_silence,B_cmean,-0.003254938248605998,-0.004598564213591857,-0.0019113122836201385,attenuatedxhonest,A_own0,1225
reassure-force_silence,B_wmean,8.541903398172573e-05,-0.00017223101003998193,0.0003430690780034334,attenuatedxhonest,A_own0,1225
placebo-force_silence,A_own0,0.0,0.0,0.0,attenuatedxhonest,all,2000
placebo-force_silence,B_own0,0.0,0.0,0.0,attenuatedxhonest,all,2000
placebo-force_silence,nonc_A,0.0,-0.00034656897585836174,0.00034656897585836174,attenuatedxhonest,all,2000
placebo-force_silence,nonc_B,-0.001125,-0.0023974203370966405,0.00014742033709664063,attenuatedxhonest,all,2000
placebo-force_silence,nonc_mutual,-0.000875,-0.0017577479875393385,7.747987539338612e-06,attenuatedxhonest,all,2000
placebo-force_silence,U_final,-0.000625,-0.00185,0.0006000000000000002,attenuatedxhonest,all,2000
placebo-force_silence,no_concession_either,-0.0025,-0.004689153077241927,-0.0003108469227580731,attenuatedxhonest,all,2000
placebo-force_silence,A_p_truth0,0.0,0.0,0.0,attenuatedxhonest,all,2000
placebo-force_silence,A_p_truth,-5.6664577967060325e-05,-0.00016621695450835943,5.288779857423879e-05,attenuatedxhonest,all,2000
placebo-force_silence,B_p_truth0,0.0,0.0,0.0,attenuatedxhonest,all,2000
placebo-force_silence,B_p_truth,0.00018912037146577904,-0.00028473271008465264,0.0006629734530162108,attenuatedxhonest,all,2000
placebo-force_silence,A_dbelief,-1.7509775952536493e-05,-0.0001265231057352305,9.150355383015751e-05,attenuatedxhonest,all,2000
placebo-force_silence,B_dbelief,0.00010804838654529724,-0.00036585354642747545,0.0005819503195180699,attenuatedxhonest,all,2000
placebo-force_silence,belief_gap_final,-6.968901711044399e-05,-0.0004430504401076985,0.00030367240588681055,attenuatedxhonest,all,2000
placebo-force_silence,A_hidden_shift,-4.695487366946116e-05,-0.00016780969442085704,7.38999470819347e-05,attenuatedxhonest,all,2000
placebo-force_silence,B_hidden_shift,-7.533252135576779e-05,-0.0010566579058632261,0.0009059928631516905,attenuatedxhonest,all,2000
placebo-force_silence,dist_oracle,4.283684504918034e-06,-0.00024319702546071102,0.00025176439447054707,attenuatedxhonest,all,2000
placebo-force_silence,A_transp_err,-0.000377437986309152,-0.0006711416887562969,-8.373428386200722e-05,attenuatedxhonest,all,2000
placebo-force_silence,B_transp_err,-0.00029249559883708293,-0.0008382626712091485,0.0002532714735349826,attenuatedxhonest,all,2000
placebo-force_silence,A_assert,-4.1666666666666686e-05,-0.00012333333333333337,3.9999999999999996e-05,attenuatedxhonest,all,2000
placebo-force_silence,A_concede,-2.0816681711721686e-20,-0.00011552299195278731,0.00011552299195278725,attenuatedxhonest,all,2000
placebo-force_silence,A_pressure,4.1666666666666665e-05,-3.9999999999999976e-05,0.0001233333333333333,attenuatedxhonest,all,2000
placebo-force_silence,A_silence,-4.166666666666667e-05,-0.00012333333333333334,3.9999999999999996e-05,attenuatedxhonest,all,2000
placebo-force_silence,A_reassure,4.1666666666666665e-05,-3.999999999999999e-05,0.0001233333333333333,attenuatedxhonest,all,2000
placebo-force_silence,B_assert,-0.00029166666666666653,-0.0006282283862103449,4.489505287701194e-05,attenuatedxhonest,all,2000
placebo-force_silence,B_concede,0.000375,-4.914011236554675e-05,0.0007991401123655468,attenuatedxhonest,all,2000
placebo-force_silence,B_pressure,-8.333333333333333e-05,-0.0003889566081773748,0.00022228994151070818,attenuatedxhonest,all,2000
placebo-force_silence,B_silence,-0.08320833333333331,-0.08350280934821304,-0.08291385731845359,attenuatedxhonest,all,2000
placebo-force_silence,B_reassure,0.08320833333333331,0.08299227908475144,0.08342438758191519,attenuatedxhonest,all,2000
placebo-force_silence,A_pC_true,0.0015873143635881783,1.649162711907172e-05,0.0031581371000572846,attenuatedxhonest,all,2000
placebo-force_silence,A_pW_true,4.317714681828727e-05,-5.623635803358233e-05,0.00014259065167015686,attenuatedxhonest,all,2000
placebo-force_silence,B_pC_true,0.002280056646327796,-0.0006716682966307432,0.005231781589286335,attenuatedxhonest,all,2000
placebo-force_silence,B_pW_true,0.0010150068516591472,-0.0002442088974157078,0.0022742226007340023,attenuatedxhonest,all,2000
placebo-force_silence,conc_A_8_12,0.0005,-0.0004800000000000002,0.0014800000000000002,attenuatedxhonest,all,2000
placebo-force_silence,conc_A_9_12,0.0005,-0.0004800000000000002,0.0014800000000000002,attenuatedxhonest,all,2000
placebo-force_silence,conc_B_8_12,0.002,-0.0007711651842210914,0.0047711651842210915,attenuatedxhonest,all,2000
placebo-force_silence,conc_A_1_7,0.0,0.0,0.0,attenuatedxhonest,all,2000
placebo-force_silence,A_concede_8_12,2.7755575615628914e-20,-0.00027725518068668937,0.0002772551806866895,attenuatedxhonest,all,2000
placebo-force_silence,A_pressure_8_12,0.0001,-9.600000000000002e-05,0.00029600000000000004,attenuatedxhonest,all,2000
placebo-force_silence,A_silence_8_12,-0.0001,-0.00029600000000000004,9.600000000000002e-05,attenuatedxhonest,all,2000
placebo-force_silence,A_p_truth_r7,0.0,0.0,0.0,attenuatedxhonest,all,2000
placebo-force_silence,A_dbelief_8_12,-7.672047190031961e-05,-0.000160260013141224,6.819069340584764e-06,attenuatedxhonest,all,2000
placebo-force_silence,B_pC16,-0.0007852108261946135,-0.0012121792646836024,-0.00035824238770562465,attenuatedxhonest,all,2000
placebo-force_silence,B_pW02,0.0010150068516591472,-0.0002442088974157078,0.0022742226007340023,attenuatedxhonest,all,2000
placebo-force_silence,B_cmean,-0.002452213978017903,-0.004901078547138302,-3.349408897504111e-06,attenuatedxhonest,all,2000
placebo-force_silence,B_wmean,-0.0006657080374093185,-0.0014456884890303773,0.00011427241421174033,attenuatedxhonest,all,2000
placebo-force_silence,A_own0,0.0,0.0,0.0,attenuatedxhonest,A_own0,1225
placebo-force_silence,B_own0,0.0,0.0,0.0,attenuatedxhonest,A_own0,1225
placebo-force_silence,nonc_A,-0.00020408163265306123,-0.0006040816326530611,0.00019591836734693868,attenuatedxhonest,A_own0,1225
placebo-force_silence,nonc_B,-0.0008163265306122449,-0.0019472351247815584,0.00031458206355706856,attenuatedxhonest,A_own0,1225
placebo-force_silence,nonc_mutual,-0.0010204081632653062,-0.002077596443007155,3.678011647654253e-05,attenuatedxhonest,A_own0,1225
placebo-force_silence,U_final,-0.0008163265306122449,-0.0020809275294551644,0.00044827446823067474,attenuatedxhonest,A_own0,1225
placebo-force_silence,no_concession_either,-0.004081632653061225,-0.007653490703801837,-0.0005097746023206128,attenuatedxhonest,A_own0,1225
placebo-force_silence,A_p_truth0,0.0,0.0,0.0,attenuatedxhonest,A_own0,1225
placebo-force_silence,A_p_truth,-5.871025459463558e-05,-0.00018594592578514594,6.852541659587477e-05,attenuatedxhonest,A_own0,1225
placebo-force_silence,B_p_truth0,0.0,0.0,0.0,attenuatedxhonest,A_own0,1225
placebo-force_silence,B_p_truth,-0.0003671780561867053,-0.0007236250078930061,-1.0731104480404515e-05,attenuatedxhonest,A_own0,1225
placebo-force_silence,A_dbelief,-8.011855519424975e-07,-0.0001280793545342421,0.0001264769834303571,attenuatedxhonest,A_own0,1225
placebo-force_silence,B_dbelief,0.0005392052554641054,0.00018344542541884231,0.0008949650855093686,attenuatedxhonest,A_own0,1225
placebo-force_silence,belief_gap_final,-0.0005189188380964478,-0.0008826365435403171,-0.00015520113265257842,attenuatedxhonest,A_own0,1225
placebo-force_silence,A_hidden_shift,-7.666101823585495e-05,-0.000273988132297396,0.00012066609582568609,attenuatedxhonest,A_own0,1225
placebo-force_silence,B_hidden_shift,0.0004159747758616896,8.562092550928717e-06,0.0008233874591724506,attenuatedxhonest,A_own0,1225
placebo-force_silence,dist_oracle,0.00022167851038277386,1.9431995023241655e-05,0.0004239250257423061,attenuatedxhonest,A_own0,1225
placebo-force_silence,A_transp_err,-0.000327647312800557,-0.0007181042036962398,6.280957809512574e-05,attenuatedxhonest,A_own0,1225
placebo-force_silence,B_transp_err,-0.00017615019818984713,-0.0008326125607794275,0.0004803121643997332,attenuatedxhonest,A_own0,1225
placebo-force_silence,A_assert,-6.802721088435377e-05,-0.00020136054421768712,6.53061224489796e-05,attenuatedxhonest,A_own0,1225
placebo-force_silence,A_concede,6.802721088435374e-05,-6.530612244897963e-05,0.00020136054421768712,attenuatedxhonest,A_own0,1225
placebo-force_silence,A_pressure,0.0,0.0,0.0,attenuatedxhonest,A_own0,1225
placebo-force_silence,A_silence,0.0,0.0,0.0,attenuatedxhonest,A_own0,1225
placebo-force_silence,A_reassure,0.0,0.0,0.0,attenuatedxhonest,A_own0,1225
placebo-force_silence,B_assert,-0.00047619047619047603,-0.0008280916308602952,-0.0001242893215206568,attenuatedxhonest,A_own0,1225
placebo-force_silence,B_concede,0.00027210884353741496,-0.00010486068785235615,0.0006490783749271861,attenuatedxhonest,A_own0,1225
placebo-force_silence,B_pressure,0.00013605442176870748,-0.00019058867906638784,0.00046269752260380277,attenuatedxhonest,A_own0,1225
placebo-force_silence,B_silence,-0.08306122448979592,-0.08338760068896517,-0.08273484829062666,attenuatedxhonest,A_own0,1225
placebo-force_silence,B_reassure,0.08312925170068028,0.08289850034669978,0.08336000305466078,attenuatedxhonest,A_own0,1225
placebo-force_silence,A_pC_true,0.0016829444152089423,-0.000361138144755043,0.0037270269751729277,attenuatedxhonest,A_own0,1225
placebo-force_silence,A_pW_true,5.130669233408508e-05,-4.9047742243113265e-05,0.00015166112691128344,attenuatedxhonest,A_own0,1225
placebo-force_silence,B_pC_true,0.002786696333739526,0.001750522177522155,0.003822870489956897,attenuatedxhonest,A_own0,1225
placebo-force_silence,B_pW_true,-0.00025274403336032183,-0.000752805760684439,0.00024731769396379533,attenuatedxhonest,A_own0,1225
placebo-force_silence,conc_A_8_12,0.0008163265306122449,-0.0007836734693877547,0.0024163265306122446,attenuatedxhonest,A_own0,1225
placebo-force_silence,conc_A_9_12,0.0008163265306122449,-0.0007836734693877547,0.0024163265306122446,attenuatedxhonest,A_own0,1225
placebo-force_silence,conc_B_8_12,0.0024489795918367346,-0.001783728405824343,0.006681687589497812,attenuatedxhonest,A_own0,1225
placebo-force_silence,conc_A_1_7,0.0,0.0,0.0,attenuatedxhonest,A_own0,1225
placebo-force_silence,A_concede_8_12,0.00016326530612244898,-0.00015673469387755105,0.000483265306122449,attenuatedxhonest,A_own0,1225
placebo-force_silence,A_pressure_8_12,0.0,0.0,0.0,attenuatedxhonest,A_own0,1225
placebo-force_silence,A_silence_8_12,0.0,0.0,0.0,attenuatedxhonest,A_own0,1225
placebo-force_silence,A_p_truth_r7,0.0,0.0,0.0,attenuatedxhonest,A_own0,1225
placebo-force_silence,A_dbelief_8_12,-2.6479627205710747e-05,-0.00010253828715413939,4.957903274271789e-05,attenuatedxhonest,A_own0,1225
placebo-force_silence,B_pC16,-0.0012819764770180008,-0.0019777432433048534,-0.0005862097107311481,attenuatedxhonest,A_own0,1225
placebo-force_silence,B_pW02,-0.00025274403336032183,-0.000752805760684439,0.00024731769396379533,attenuatedxhonest,A_own0,1225
placebo-force_silence,B_cmean,-0.003254938248605998,-0.004598564213591857,-0.0019113122836201385,attenuatedxhonest,A_own0,1225
placebo-force_silence,B_wmean,8.541903398172573e-05,-0.00017223101003998193,0.0003430690780034334,attenuatedxhonest,A_own0,1225
reassure-base,A_own0,0.0,0.0,0.0,costlyxcostly,all,2000
reassure-base,B_own0,0.0,0.0,0.0,costlyxcostly,all,2000
reassure-base,nonc_A,-0.093,-0.09842040969121434,-0.08757959030878566,costlyxcostly,all,2000
reassure-base,nonc_B,0.000125,-0.0005233480277463188,0.0007733480277463188,costlyxcostly,all,2000
reassure-base,nonc_mutual,-0.092875,-0.09834911978140692,-0.08740088021859307,costlyxcostly,all,2000
reassure-base,U_final,-0.2975,-0.31796195593828724,-0.27703804406171273,costlyxcostly,all,2000
reassure-base,no_concession_either,-0.298,-0.31889536754863373,-0.27710463245136624,costlyxcostly,all,2000
reassure-base,A_p_truth0,0.0,0.0,0.0,costlyxcostly,all,2000
reassure-base,A_p_truth,-0.031140914677800644,-0.03400097632648375,-0.028280853029117536,costlyxcostly,all,2000
reassure-base,B_p_truth0,0.0,0.0,0.0,costlyxcostly,all,2000
reassure-base,B_p_truth,0.00019835786672341895,-0.000689068397293109,0.0010857841307399469,costlyxcostly,all,2000
reassure-base,A_dbelief,-0.03964472696115986,-0.04229478226990438,-0.03699467165241534,costlyxcostly,all,2000
reassure-base,B_dbelief,-0.0004078216123702087,-0.0012950974567573217,0.00047945423201690426,costlyxcostly,all,2000
reassure-base,belief_gap_final,0.03542709029151283,0.03273225668047297,0.03812192390255269,costlyxcostly,all,2000
reassure-base,A_hidden_shift,-0.05974092993908252,-0.06467041854261885,-0.05481144133554619,costlyxcostly,all,2000
reassure-base,B_hidden_shift,6.191948611226812e-05,-0.001167784214824425,0.0012916231870489614,costlyxcostly,all,2000
reassure-base,dist_oracle,0.013825749340522877,0.012507664543533763,0.015143834137511991,costlyxcostly,all,2000
reassure-base,A_transp_err,0.026715302828160332,0.02482498713465292,0.028605618521667743,costlyxcostly,all,2000
reassure-base,B_transp_err,0.02046168426805943,0.017887127474026994,0.023036241062091865,costlyxcostly,all,2000
reassure-base,A_assert,0.009791666666666667,0.008048479647888802,0.011534853685444532,costlyxcostly,all,2000
reassure-base,A_concede,0.030999999999999996,0.02919319676959522,0.032806803230404774,costlyxcostly,all,2000
reassure-base,A_pressure,-0.013666666666666667,-0.015603543216064181,-0.011729790117269153,costlyxcostly,all,2000
reassure-base,A_silence,-0.014416666666666668,-0.01625079563586402,-0.012582537697469316,costlyxcostly,all,2000
reassure-base,A_reassure,-0.012708333333333334,-0.014095782021068204,-0.011320884645598463,costlyxcostly,all,2000
reassure-base,B_assert,-0.04320833333333334,-0.045108880542432256,-0.04130778612423443,costlyxcostly,all,2000
reassure-base,B_concede,-0.00075,-0.0011488304771973142,-0.0003511695228026858,costlyxcostly,all,2000
reassure-base,B_pressure,-0.012458333333333333,-0.013859688414427855,-0.011056978252238812,costlyxcostly,all,2000
reassure-base,B_silence,-0.012916666666666667,-0.01430762777434301,-0.011525705558990323,costlyxcostly,all,2000
reassure-base,B_reassure,0.06933333333333333,0.06792899942670531,0.07073766723996135,costlyxcostly,all,2000
reassure-base,A_pC_true,0.004875756299238745,0.003559944210501113,0.006191568387976377,costlyxcostly,all,2000
reassure-base,A_pW_true,0.0015232909066264034,-0.0008171581537067102,0.003863739966959517,costlyxcostly,all,2000
reassure-base,B_pC_true,-0.0237556102609351,-0.02806910506114326,-0.01944211546072694,costlyxcostly,all,2000
reassure-base,B_pW_true,-0.02245908761922082,-0.02648945922222186,-0.01842871601621978,costlyxcostly,all,2000
reassure-base,conc_A_8_12,0.341,0.31998893178122906,0.362011068218771,costlyxcostly,all,2000
reassure-base,conc_A_9_12,0.3485,0.32738270167980354,0.3696172983201964,costlyxcostly,all,2000
reassure-base,conc_B_8_12,-0.0075,-0.011979998905702718,-0.0030200010942972814,costlyxcostly,all,2000
reassure-base,conc_A_1_7,0.0,0.0,0.0,costlyxcostly,all,2000
reassure-base,A_concede_8_12,0.07440000000000001,0.07006367224702854,0.07873632775297147,costlyxcostly,all,2000
reassure-base,A_pressure_8_12,-0.032799999999999996,-0.03744850371855403,-0.02815149628144596,costlyxcostly,all,2000
reassure-base,A_silence_8_12,-0.0346,-0.03900190952607364,-0.03019809047392636,costlyxcostly,all,2000
reassure-base,A_p_truth_r7,0.0,0.0,0.0,costlyxcostly,all,2000
reassure-base,A_dbelief_8_12,0.021052775506324325,0.019111880420653593,0.022993670591995058,costlyxcostly,all,2000
reassure-base,B_pC16,-0.0237556102609351,-0.02806910506114326,-0.01944211546072694,costlyxcostly,all,2000
reassure-base,B_pW02,0.04114670097002483,0.033909486247161884,0.04838391569288778,costlyxcostly,all,2000
reassure-base,B_cmean,-0.021470796145042662,-0.025223960368483882,-0.017717631921601442,costlyxcostly,all,2000
reassure-base,B_wmean,-0.02544231543569827,-0.029867044390321208,-0.02101758648107533,costlyxcostly,all,2000
reassure-base,A_own0,0.0,0.0,0.0,costlyxcostly,A_own0,1225
reassure-base,B_own0,0.0,0.0,0.0,costlyxcostly,A_own0,1225
reassure-base,nonc_A,-0.013265306122448979,-0.016602558720314593,-0.009928053524583366,costlyxcostly,A_own0,1225
reassure-base,nonc_B,0.00020408163265306123,-0.0006906378070692426,0.0010988010723753652,costlyxcostly,A_own0,1225
reassure-base,nonc_mutual,-0.013061224489795919,-0.01651879173307985,-0.009603657246511984,costlyxcostly,A_own0,1225
reassure-base,U_final,-0.027346938775510202,-0.03966353579301075,-0.01503034175800966,costlyxcostly,A_own0,1225
reassure-base,no_concession_either,-0.04244897959183674,-0.05727492399517849,-0.02762303518849499,costlyxcostly,A_own0,1225
reassure-base,A_p_truth0,0.0,0.0,0.0,costlyxcostly,A_own0,1225
reassure-base,A_p_truth,-0.01763266795994796,-0.021529631009065693,-0.013735704910830225,costlyxcostly,A_own0,1225
reassure-base,B_p_truth0,0.0,0.0,0.0,costlyxcostly,A_own0,1225
reassure-base,B_p_truth,0.0005083460726487986,-0.0009068904085317572,0.0019235825538293544,costlyxcostly,A_own0,1225
reassure-base,A_dbelief,-0.027810478014328344,-0.031516513536633116,-0.02410444249202357,costlyxcostly,A_own0,1225
reassure-base,B_dbelief,-0.0003205465432301489,-0.0017359340164591645,0.0010948409299988667,costlyxcostly,A_own0,1225
reassure-base,belief_gap_final,0.025690428472329992,0.02203001481183346,0.029350842132826526,costlyxcostly,A_own0,1225
reassure-base,A_hidden_shift,-0.03805342993124922,-0.0445452215360605,-0.03156163832643795,costlyxcostly,A_own0,1225
reassure-base,B_hidden_shift,-8.56146585884487e-06,-0.0019438300773595514,0.0019267071456418618,costlyxcostly,A_own0,1225
reassure-base,dist_oracle,0.009851895159684761,0.008099126348610843,0.01160466397075868,costlyxcostly,A_own0,1225
reassure-base,A_transp_err,0.016013233064587355,0.01347254855615475,0.01855391757301996,costlyxcostly,A_own0,1225
reassure-base,B_transp_err,-6.549881505052192e-05,-0.0032090381290513924,0.0030780404989503483,costlyxcostly,A_own0,1225
reassure-base,A_assert,0.015238095238095236,0.01250758497909422,0.017968605497096255,costlyxcostly,A_own0,1225
reassure-base,A_concede,0.004421768707482993,0.003309351174861122,0.005534186240104863,costlyxcostly,A_own0,1225
reassure-base,A_pressure,-0.0072789115646258494,-0.009780257607488331,-0.004777565521763369,costlyxcostly,A_own0,1225
reassure-base,A_silence,-0.0067346938775510205,-0.008906086410873603,-0.004563301344228438,costlyxcostly,A_own0,1225
reassure-base,A_reassure,-0.00564625850340136,-0.007002467496235432,-0.004290049510567288,costlyxcostly,A_own0,1225
reassure-base,B_assert,-0.01993197278911565,-0.022086584805506647,-0.017777360772724654,costlyxcostly,A_own0,1225
reassure-base,B_concede,-0.0010884353741496598,-0.0016818389586422027,-0.000495031789657117,costlyxcostly,A_own0,1225
reassure-base,B_pressure,-0.019863945578231294,-0.021999803289473426,-0.01772808786698916,costlyxcostly,A_own0,1225
reassure-base,B_silence,-0.02020408163265306,-0.0223173107043958,-0.018090852560910323,costlyxcostly,A_own0,1225
reassure-base,B_reassure,0.06108843537414966,0.058955435672569126,0.06322143507573019,costlyxcostly,A_own0,1225
reassure-base,A_pC_true,0.0065918774275913515,0.0044586271562131324,0.00872512769896957,costlyxcostly,A_own0,1225
reassure-base,A_pW_true,0.0020584626128363867,-0.0010416000471604307,0.0051585252728332046,costlyxcostly,A_own0,1225
reassure-base,B_pC_true,-0.03565421491010491,-0.04176494811206799,-0.029543481708141833,costlyxcostly,A_own0,1225
reassure-base,B_pW_true,-0.033410986173642764,-0.039775319425652544,-0.027046652921632983,costlyxcostly,A_own0,1225
reassure-base,conc_A_8_12,0.053061224489795916,0.03971221409833346,0.06641023488125837,costlyxcostly,A_own0,1225
reassure-base,conc_A_9_12,0.053061224489795916,0.03971221409833346,0.06641023488125837,costlyxcostly,A_own0,1225
reassure-base,conc_B_8_12,-0.011428571428571429,-0.018189319347130486,-0.00466782351001237,costlyxcostly,A_own0,1225
reassure-base,conc_A_1_7,0.0,0.0,0.0,costlyxcostly,A_own0,1225
reassure-base,A_concede_8_12,0.010612244897959184,0.007942442819666693,0.013282046976251675,costlyxcostly,A_own0,1225
reassure-base,A_pressure_8_12,-0.017469387755102043,-0.023472618257972,-0.011466157252232089,costlyxcostly,A_own0,1225
reassure-base,A_silence_8_12,-0.016163265306122446,-0.021374607386096645,-0.010951923226148248,costlyxcostly,A_own0,1225
reassure-base,A_p_truth_r7,0.0,0.0,0.0,costlyxcostly,A_own0,1225
reassure-base,A_dbelief_8_12,0.008849140270400464,0.006242774532651983,0.011455506008148946,costlyxcostly,A_own0,1225
reassure-base,B_pC16,-0.03565421491010491,-0.04176494811206799,-0.029543481708141833,costlyxcostly,A_own0,1225
reassure-base,B_pW02,0.06128436901088472,0.04984356449073185,0.07272517353103759,costlyxcostly,A_own0,1225
reassure-base,B_cmean,-0.03244090853917947,-0.037856615179040605,-0.027025201899318334,costlyxcostly,A_own0,1225
reassure-base,B_wmean,-0.037878142073810996,-0.044864119978864254,-0.030892164168757737,costlyxcostly,A_own0,1225
placebo-reassure,A_own0,0.0,0.0,0.0,costlyxcostly,all,2000
placebo-reassure,B_own0,0.0,0.0,0.0,costlyxcostly,all,2000
placebo-reassure,nonc_A,0.098875,0.09325374362360829,0.10449625637639172,costlyxcostly,all,2000
placebo-reassure,nonc_B,0.00225,0.0012149823282714468,0.003285017671728553,costlyxcostly,all,2000
placebo-reassure,nonc_mutual,0.101125,0.09544211679089883,0.10680788320910119,costlyxcostly,all,2000
placebo-reassure,U_final,0.338125,0.3179011523395127,0.3583488476604873,costlyxcostly,all,2000
placebo-reassure,no_concession_either,0.352,0.33106328655722456,0.3729367134427754,costlyxcostly,all,2000
placebo-reassure,A_p_truth0,0.0,0.0,0.0,costlyxcostly,all,2000
placebo-reassure,A_p_truth,0.004253816918767811,0.0031962328648865836,0.005311400972649038,costlyxcostly,all,2000
placebo-reassure,B_p_truth0,0.0,0.0,0.0,costlyxcostly,all,2000
placebo-reassure,B_p_truth,-0.0006357975722498735,-0.0018038761326221553,0.0005322809881224084,costlyxcostly,all,2000
placebo-reassure,A_dbelief,0.0031890024423505514,0.002127185731952859,0.004250819152748244,costlyxcostly,all,2000
placebo-reassure,B_dbelief,-0.003313861362867721,-0.00447301985209092,-0.002154702873644522,costlyxcostly,all,2000
placebo-reassure,belief_gap_final,-0.002234246536015725,-0.0036568082672177125,-0.0008116848048137374,costlyxcostly,all,2000
placebo-reassure,A_hidden_shift,0.02967611410472044,0.02626488422196455,0.033087343987476335,costlyxcostly,all,2000
placebo-reassure,B_hidden_shift,-0.0012442507247404564,-0.0027692331685656955,0.0002807317190847828,costlyxcostly,all,2000
placebo-reassure,dist_oracle,-0.0021738760790234028,-0.0028625253947423294,-0.001485226763304476,costlyxcostly,all,2000
placebo-reassure,A_transp_err,0.01083384504727284,0.009596571670865955,0.012071118423679725,costlyxcostly,all,2000
placebo-reassure,B_transp_err,-0.010181136221607922,-0.01191848676401467,-0.008443785679201173,costlyxcostly,all,2000
placebo-reassure,A_assert,0.002625,0.0014160986678236763,0.003833901332176324,costlyxcostly,all,2000
placebo-reassure,A_concede,-0.033833333333333326,-0.03577729388453946,-0.031889372782127196,costlyxcostly,all,2000
placebo-reassure,A_pressure,0.009291666666666669,0.007715856198249943,0.010867477135083395,costlyxcostly,all,2000
placebo-reassure,A_silence,0.0115,0.009907809837822742,0.013092190162177258,costlyxcostly,all,2000
placebo-reassure,A_reassure,0.010416666666666668,0.009057736169530033,0.011775597163803303,costlyxcostly,all,2000
placebo-reassure,B_assert,-0.001375,-0.0022789461895065593,-0.0004710538104934406,costlyxcostly,all,2000
placebo-reassure,B_concede,-0.002208333333333333,-0.0029815416721980063,-0.0014351249944686598,costlyxcostly,all,2000
placebo-reassure,B_pressure,0.001625,0.0008490177797478101,0.0024009822202521896,costlyxcostly,all,2000
placebo-reassure,B_silence,0.00075,6.734806237359626e-05,0.0014326519376264037,costlyxcostly,all,2000
placebo-reassure,B_reassure,0.0012083333333333334,0.00047506029872565556,0.0019416063679410112,costlyxcostly,all,2000
placebo-reassure,A_pC_true,-0.0015896525991558306,-0.0026215644137840386,-0.0005577407845276227,costlyxcostly,all,2000
placebo-reassure,A_pW_true,-0.010688266925776789,-0.013190671825140535,-0.008185862026413042,costlyxcostly,all,2000
placebo-reassure,B_pC_true,-0.0217615800250936,-0.025112608048717906,-0.018410552001469294,costlyxcostly,all,2000
placebo-reassure,B_pW_true,-0.04246899228407925,-0.04551179594031944,-0.03942618862783906,costlyxcostly,all,2000
placebo-reassure,conc_A_8_12,-0.3645,-0.385598725314695,-0.34340127468530496,costlyxcostly,all,2000
placebo-reassure,conc_A_9_12,-0.372,-0.39318853675563564,-0.35081146324436435,costlyxcostly,all,2000
placebo-reassure,conc_B_8_12,-0.009,-0.013140070686914211,-0.004859929313085787,costlyxcostly,all,2000
placebo-reassure,conc_A_1_7,-0.008,-0.011905264952237374,-0.004094735047762626,costlyxcostly,all,2000
placebo-reassure,A_concede_8_12,-0.07930000000000001,-0.08381583710959555,-0.07478416289040447,costlyxcostly,all,2000
placebo-reassure,A_pressure_8_12,0.0221,0.018418767895540485,0.02578123210445952,costlyxcostly,all,2000
placebo-reassure,A_silence_8_12,0.0264,0.022736704612162803,0.030063295387837197,costlyxcostly,all,2000
placebo-reassure,A_p_truth_r7,-9.79943939378037e-05,-0.0009777600811684633,0.0007817712932928559,costlyxcostly,all,2000
placebo-reassure,A_dbelief_8_12,-0.004440739783769456,-0.005076885762647219,-0.0038045938048916934,costlyxcostly,all,2000
placebo-reassure,B_pC16,-0.0217615800250936,-0.025112608048717906,-0.018410552001469294,costlyxcostly,all,2000
placebo-reassure,B_pW02,0.07974340601489198,0.07351005911570772,0.08597675291407623,costlyxcostly,all,2000
placebo-reassure,B_cmean,-0.01893302311840412,-0.022075640214595182,-0.015790406022213058,costlyxcostly,all,2000
placebo-reassure,B_wmean,-0.04888495931958848,-0.05249999903826331,-0.04526991960091365,costlyxcostly,all,2000
placebo-reassure,A_own0,0.0,0.0,0.0,costlyxcostly,A_own0,1225
placebo-reassure,B_own0,0.0,0.0,0.0,costlyxcostly,A_own0,1225
placebo-reassure,nonc_A,0.014285714285714285,0.011034771737624518,0.017536656833804055,costlyxcostly,A_own0,1225
placebo-reassure,nonc_B,0.002857142857142857,0.0013684490839555043,0.00434583663033021,costlyxcostly,A_own0,1225
placebo-reassure,nonc_mutual,0.017142857142857144,0.013603277019314184,0.0206824372664001,costlyxcostly,A_own0,1225
placebo-reassure,U_final,0.06020408163265306,0.04785750686485887,0.07255065640044725,costlyxcostly,A_own0,1225
placebo-reassure,no_concession_either,0.08244897959183674,0.06704002709682709,0.09785793208684639,costlyxcostly,A_own0,1225
placebo-reassure,A_p_truth0,0.0,0.0,0.0,costlyxcostly,A_own0,1225
placebo-reassure,A_p_truth,0.0017102267750080029,0.0009029499260084662,0.0025175036240075396,costlyxcostly,A_own0,1225
placebo-reassure,B_p_truth0,0.0,0.0,0.0,costlyxcostly,A_own0,1225
placebo-reassure,B_p_truth,0.0005522294808240163,7.216617577139394e-05,0.0010322927858766387,costlyxcostly,A_own0,1225
placebo-reassure,A_dbelief,0.001215599229720615,0.0004067614702596579,0.0020244369891815723,costlyxcostly,A_own0,1225
placebo-reassure,B_dbelief,-0.0002210922927799615,-0.0007019919488967269,0.0002598073633368039,costlyxcostly,A_own0,1225
placebo-reassure,belief_gap_final,-0.0020316348958028464,-0.002966565508046853,-0.0010967042835588398,costlyxcostly,A_own0,1225
placebo-reassure,A_hidden_shift,0.013958515121497426,0.009534251524089345,0.018382778718905507,costlyxcostly,A_own0,1225
placebo-reassure,B_hidden_shift,0.0024202089673041965,0.0007531921643431417,0.004087225770265251,costlyxcostly,A_own0,1225
placebo-reassure,dist_oracle,-0.0010490478092631632,-0.001453420039322539,-0.0006446755792037875,costlyxcostly,A_own0,1225
placebo-reassure,A_transp_err,0.0012716309588101343,0.0003561015103897763,0.0021871604072304924,costlyxcostly,A_own0,1225
placebo-reassure,B_transp_err,-0.007456213366336727,-0.00976060569432672,-0.005151821038346735,costlyxcostly,A_own0,1225
placebo-reassure,A_assert,0.002380952380952381,0.0012029033309251115,0.003559001430979651,costlyxcostly,A_own0,1225
placebo-reassure,A_concede,-0.004897959183673469,-0.005996026410206948,-0.0037998919571399898,costlyxcostly,A_own0,1225
placebo-reassure,A_pressure,0.0008163265306122447,-0.0004898011426688459,0.0021224542038933356,costlyxcostly,A_own0,1225
placebo-reassure,A_silence,0.00108843537414966,3.9910456686199046e-05,0.002136960291613121,costlyxcostly,A_own0,1225
placebo-reassure,A_reassure,0.0006122448979591836,3.1833604628076005e-05,0.0011926561912902912,costlyxcostly,A_own0,1225
placebo-reassure,B_assert,0.0002040816326530613,-9.396331626553649e-05,0.0005021265815716591,costlyxcostly,A_own0,1225
placebo-reassure,B_concede,-0.002108843537414966,-0.0028420580257052476,-0.0013756290491246839,costlyxcostly,A_own0,1225
placebo-reassure,B_pressure,0.0010884353741496596,0.0004950317896571168,0.0016818389586422025,costlyxcostly,A_own0,1225
placebo-reassure,B_silence,0.00047619047619047614,7.691735304041073e-05,0.0008754635993405415,costlyxcostly,A_own0,1225
placebo-reassure,B_reassure,0.0003401360544217688,-5.957335345850985e-05,0.0007398454623020474,costlyxcostly,A_own0,1225
placebo-reassure,A_pC_true,-0.0019563937951726294,-0.003075664677674942,-0.0008371229126703167,costlyxcostly,A_own0,1225
placebo-reassure,A_pW_true,-0.009742206321113387,-0.01258285175033892,-0.0069015608918878545,costlyxcostly,A_own0,1225
placebo-reassure,B_pC_true,-0.014167192154873817,-0.01797721747401432,-0.010357166835733313,costlyxcostly,A_own0,1225
placebo-reassure,B_pW_true,-0.01285805338256004,-0.016073263770749167,-0.009642842994370914,costlyxcostly,A_own0,1225
placebo-reassure,conc_A_8_12,-0.05795918367346939,-0.07104983792595693,-0.04486852942098186,costlyxcostly,A_own0,1225
placebo-reassure,conc_A_9_12,-0.05714285714285714,-0.07014662733521622,-0.04413908695049807,costlyxcostly,A_own0,1225
placebo-reassure,conc_B_8_12,-0.011428571428571429,-0.01738334652132084,-0.005473796335822017,costlyxcostly,A_own0,1225
placebo-reassure,conc_A_1_7,-0.0008163265306122449,-0.0024163265306122446,0.0007836734693877547,costlyxcostly,A_own0,1225
placebo-reassure,A_concede_8_12,-0.011591836734693876,-0.014209967585191384,-0.008973705884196369,costlyxcostly,A_own0,1225
placebo-reassure,A_pressure_8_12,0.0014693877551020414,-0.0016167431432184797,0.004555518653422562,costlyxcostly,A_own0,1225
placebo-reassure,A_silence_8_12,0.0026122448979591837,9.578509604687762e-05,0.00512870469987149,costlyxcostly,A_own0,1225
placebo-reassure,A_p_truth_r7,-5.7746076339087266e-05,-0.0003930693634474634,0.0002775772107692889,costlyxcostly,A_own0,1225
placebo-reassure,A_dbelief_8_12,-0.001681815624965763,-0.002398230378683367,-0.0009654008712481592,costlyxcostly,A_own0,1225
placebo-reassure,B_pC16,-0.014167192154873817,-0.01797721747401432,-0.010357166835733313,costlyxcostly,A_own0,1225
placebo-reassure,B_pW02,0.031222212420279387,0.023138438602626252,0.03930598623793252,costlyxcostly,A_own0,1225
placebo-reassure,B_cmean,-0.01197864232368246,-0.015231941752198715,-0.008725342895166206,costlyxcostly,A_own0,1225
placebo-reassure,B_wmean,-0.017632106321135765,-0.02206858952057192,-0.013195623121699612,costlyxcostly,A_own0,1225
placebo-base,A_own0,0.0,0.0,0.0,costlyxcostly,all,2000
placebo-base,B_own0,0.0,0.0,0.0,costlyxcostly,all,2000
placebo-base,nonc_A,0.005875,0.0038856895502378803,0.00786431044976212,costlyxcostly,all,2000
placebo-base,nonc_B,0.002375,0.0013118887215840729,0.0034381112784159272,costlyxcostly,all,2000
placebo-base,nonc_mutual,0.00825,0.0059274447947700645,0.010572555205229936,costlyxcostly,all,2000
placebo-base,U_final,0.040625,0.032099869877280196,0.04915013012271981,costlyxcostly,all,2000
placebo-base,no_concession_either,0.054,0.043344235369532136,0.06465576463046786,costlyxcostly,all,2000
placebo-base,A_p_truth0,0.0,0.0,0.0,costlyxcostly,all,2000
placebo-base,A_p_truth,-0.026887097759032835,-0.02969673656528381,-0.02407745895278186,costlyxcostly,all,2000
placebo-base,B_p_truth0,0.0,0.0,0.0,costlyxcostly,all,2000
placebo-base,B_p_truth,-0.0004374397055264543,-0.0019245367891224934,0.0010496573780695848,costlyxcostly,all,2000
placebo-base,A_dbelief,-0.03645572451880932,-0.0390488834846897,-0.033862565552928936,costlyxcostly,all,2000
placebo-base,B_dbelief,-0.00372168297523793,-0.005199773880769741,-0.0022435920697061185,costlyxcostly,all,2000
placebo-base,belief_gap_final,0.03319284375549711,0.03045229275497851,0.03593339475601571,costlyxcostly,all,2000
placebo-base,A_hidden_shift,-0.030064815834362078,-0.03299534283206254,-0.02713428883666161,costlyxcostly,all,2000
placebo-base,B_hidden_shift,-0.001182331238628188,-0.002919760562756744,0.000555098085500368,costlyxcostly,all,2000
placebo-base,dist_oracle,0.011651873261499475,0.010226923502469482,0.013076823020529468,costlyxcostly,all,2000
placebo-base,A_transp_err,0.037549147875433175,0.035170751443418094,0.03992754430744826,costlyxcostly,all,2000
placebo-base,B_transp_err,0.010280548046451506,0.007958800930858871,0.012602295162044141,costlyxcostly,all,2000
placebo-base,A_assert,0.012416666666666666,0.010315548284760747,0.014517785048572585,costlyxcostly,all,2000
placebo-base,A_concede,-0.002833333333333333,-0.003624003612815583,-0.002042663053851083,costlyxcostly,all,2000
placebo-base,A_pressure,-0.004375,-0.006122201711935079,-0.0026277982880649215,costlyxcostly,all,2000
placebo-base,A_silence,-0.002916666666666667,-0.004452622936931356,-0.0013807103964019773,costlyxcostly,all,2000
placebo-base,A_reassure,-0.002291666666666667,-0.0033676053568754073,-0.0012157279764579269,costlyxcostly,all,2000
placebo-base,B_assert,-0.04458333333333334,-0.046712767111672174,-0.04245389955499451,costlyxcostly,all,2000
placebo-base,B_concede,-0.002958333333333333,-0.00386236810050961,-0.0020542985661570565,costlyxcostly,all,2000
placebo-base,B_pressure,-0.010833333333333332,-0.012430310739273757,-0.009236355927392907,costlyxcostly,all,2000
placebo-base,B_silence,-0.012166666666666668,-0.013715209175951653,-0.010618124157381682,costlyxcostly,all,2000
placebo-base,B_reassure,0.07054166666666666,0.0689749016600319,0.07210843167330142,costlyxcostly,all,2000
placebo-base,A_pC_true,0.0032861037000829147,0.0016416716288073588,0.004930535771358471,costlyxcostly,all,2000
placebo-base,A_pW_true,-0.009164976019150384,-0.011643688586016958,-0.006686263452283811,costlyxcostly,all,2000
placebo-base,B_pC_true,-0.04551719028602869,-0.050869642502056035,-0.04016473807000135,costlyxcostly,all,2000
placebo-base,B_pW_true,-0.06492807990330007,-0.06977650230005861,-0.06007965750654154,costlyxcostly,all,2000
placebo-base,conc_A_8_12,-0.0235,-0.03133555589400548,-0.01566444410599452,costlyxcostly,all,2000
placebo-base,conc_A_9_12,-0.0235,-0.03121195016112292,-0.01578804983887708,costlyxcostly,all,2000
placebo-base,conc_B_8_12,-0.0165,-0.02208442970477414,-0.01091557029522586,costlyxcostly,all,2000
placebo-base,conc_A_1_7,-0.008,-0.011905264952237374,-0.004094735047762626,costlyxcostly,all,2000
placebo-base,A_concede_8_12,-0.004900000000000001,-0.006537912992648188,-0.003262087007351813,costlyxcostly,all,2000
placebo-base,A_pressure_8_12,-0.0107,-0.014818315173457948,-0.006581684826542052,costlyxcostly,all,2000
placebo-base,A_silence_8_12,-0.008199999999999999,-0.011655349349568547,-0.004744650650431452,costlyxcostly,all,2000
placebo-base,A_p_truth_r7,-9.79943939378037e-05,-0.0009777600811684633,0.0007817712932928559,costlyxcostly,all,2000
placebo-base,A_dbelief_8_12,0.01661203572255487,0.014801761882259245,0.018422309562850497,costlyxcostly,all,2000
placebo-base,B_pC16,-0.04551719028602869,-0.050869642502056035,-0.04016473807000135,costlyxcostly,all,2000
placebo-base,B_pW02,0.12089010698491681,0.11187067840454352,0.12990953556529009,costlyxcostly,all,2000
placebo-base,B_cmean,-0.040403819263446786,-0.04523227255714102,-0.035575365969752554,costlyxcostly,all,2000
placebo-base,B_wmean,-0.07432727475528675,-0.07975693677991351,-0.06889761273065999,costlyxcostly,all,2000
placebo-base,A_own0,0.0,0.0,0.0,costlyxcostly,A_own0,1225
placebo-base,B_own0,0.0,0.0,0.0,costlyxcostly,A_own0,1225
placebo-base,nonc_A,0.0010204081632653062,0.00012744365058015342,0.001913372675950459,costlyxcostly,A_own0,1225
placebo-base,nonc_B,0.003061224489795918,0.0015209163973651074,0.004601532582226729,costlyxcostly,A_own0,1225
placebo-base,nonc_mutual,0.004081632653061225,0.0023067166557854046,0.005856548650337045,costlyxcostly,A_own0,1225
placebo-base,U_final,0.032857142857142856,0.02350803853458944,0.042206247179696274,costlyxcostly,A_own0,1225
placebo-base,no_concession_either,0.04,0.0290218041412204,0.0509781958587796,costlyxcostly,A_own0,1225
placebo-base,A_p_truth0,0.0,0.0,0.0,costlyxcostly,A_own0,1225
placebo-base,A_p_truth,-0.015922441184939958,-0.019689918257308217,-0.012154964112571701,costlyxcostly,A_own0,1225
placebo-base,B_p_truth0,0.0,0.0,0.0,costlyxcostly,A_own0,1225
placebo-base,B_p_truth,0.0010605755534728147,-0.00044381671456179437,0.0025649678215074237,costlyxcostly,A_own0,1225
placebo-base,A_dbelief,-0.02659487878460773,-0.03016807052976249,-0.023021687039452968,costlyxcostly,A_own0,1225
placebo-base,B_dbelief,-0.0005416388360101107,-0.0020468778459261793,0.0009636001739059579,costlyxcostly,A_own0,1225
placebo-base,belief_gap_final,0.023658793576527146,0.02007566664545867,0.02724192050759562,costlyxcostly,A_own0,1225
placebo-base,A_hidden_shift,-0.024094914809751802,-0.0279804138149089,-0.020209415804594705,costlyxcostly,A_own0,1225
placebo-base,B_hidden_shift,0.0024116475014453517,0.00028381610603494265,0.004539478896855761,costlyxcostly,A_own0,1225
placebo-base,dist_oracle,0.008802847350421597,0.0071119682009500446,0.01049372649989315,costlyxcostly,A_own0,1225
placebo-base,A_transp_err,0.01728486402339749,0.014504195428343464,0.020065532618451513,costlyxcostly,A_own0,1225
placebo-base,B_transp_err,-0.007521712181387249,-0.010330320993405147,-0.004713103369369351,costlyxcostly,A_own0,1225
placebo-base,A_assert,0.017619047619047618,0.014653635777012336,0.0205844594610829,costlyxcostly,A_own0,1225
placebo-base,A_concede,-0.00047619047619047614,-0.0008280916308602954,-0.00012428932152065686,costlyxcostly,A_own0,1225
placebo-base,A_pressure,-0.006462585034013606,-0.009040914927557467,-0.0038842551404697444,costlyxcostly,A_own0,1225
placebo-base,A_silence,-0.005646258503401361,-0.007761102125028287,-0.003531414881774435,costlyxcostly,A_own0,1225
placebo-base,A_reassure,-0.005034013605442177,-0.006351313720571151,-0.0037167134903132023,costlyxcostly,A_own0,1225
placebo-base,B_assert,-0.01972789115646259,-0.021908881184366326,-0.017546901128558855,costlyxcostly,A_own0,1225
placebo-base,B_concede,-0.003197278911564626,-0.004113651413384439,-0.002280906409744813,costlyxcostly,A_own0,1225
placebo-base,B_pressure,-0.018775510204081632,-0.020982727519813615,-0.01656829288834965,costlyxcostly,A_own0,1225
placebo-base,B_silence,-0.019727891156462583,-0.021867702942754842,-0.017588079370170324,costlyxcostly,A_own0,1225
placebo-base,B_reassure,0.06142857142857143,0.05926390501486159,0.06359323784228127,costlyxcostly,A_own0,1225
placebo-base,A_pC_true,0.004635483632418723,0.002260265756029549,0.007010701508807898,costlyxcostly,A_own0,1225
placebo-base,A_pW_true,-0.007683743708277001,-0.010744248538747649,-0.004623238877806354,costlyxcostly,A_own0,1225
placebo-base,B_pC_true,-0.04982140706497873,-0.056973370451825024,-0.042669443678132433,costlyxcostly,A_own0,1225
placebo-base,B_pW_true,-0.046269039556202804,-0.05348305407886087,-0.03905502503354474,costlyxcostly,A_own0,1225
placebo-base,conc_A_8_12,-0.004897959183673469,-0.008809129712039725,-0.0009867886553072127,costlyxcostly,A_own0,1225
placebo-base,conc_A_9_12,-0.004081632653061225,-0.007653490703801836,-0.0005097746023206137,costlyxcostly,A_own0,1225
placebo-base,conc_B_8_12,-0.022857142857142857,-0.03122964687502256,-0.014484638839263155,costlyxcostly,A_own0,1225
placebo-base,conc_A_1_7,-0.0008163265306122449,-0.0024163265306122446,0.0007836734693877547,costlyxcostly,A_own0,1225
placebo-base,A_concede_8_12,-0.000979591836734694,-0.0017618259424079454,-0.0001973577310614426,costlyxcostly,A_own0,1225
placebo-base,A_pressure_8_12,-0.016,-0.02217578488568444,-0.009824215114315561,costlyxcostly,A_own0,1225
placebo-base,A_silence_8_12,-0.013551020408163266,-0.01862664510006789,-0.008475395716258643,costlyxcostly,A_own0,1225
placebo-base,A_p_truth_r7,-5.7746076339087266e-05,-0.0003930693634474634,0.0002775772107692889,costlyxcostly,A_own0,1225
placebo-base,A_dbelief_8_12,0.0071673246454347014,0.00465191153097012,0.009682737759899283,costlyxcostly,A_own0,1225
placebo-base,B_pC16,-0.04982140706497873,-0.056973370451825024,-0.042669443678132433,costlyxcostly,A_own0,1225
placebo-base,B_pW02,0.0925065814311641,0.07875826746607305,0.10625489539625514,costlyxcostly,A_own0,1225
placebo-base,B_cmean,-0.04441955086286193,-0.05076374854582535,-0.03807535317989851,costlyxcostly,A_own0,1225
placebo-base,B_wmean,-0.05551024839494677,-0.06373421561877127,-0.04728628117112227,costlyxcostly,A_own0,1225
remove_c_A-base,A_own0,0.0,0.0,0.0,costlyxcostly,all,2000
remove_c_A-base,B_own0,0.0,0.0,0.0,costlyxcostly,all,2000
remove_c_A-base,nonc_A,-0.4445,-0.4652354740901401,-0.4237645259098599,costlyxcostly,all,2000
remove_c_A-base,nonc_B,0.000125,-0.00029942320274404627,0.0005494232027440462,costlyxcostly,all,2000
remove_c_A-base,nonc_mutual,-0.444375,-0.4651083821711661,-0.4236416178288339,costlyxcostly,all,2000
remove_c_A-base,U_final,-0.399625,-0.42070111791247694,-0.3785488820875231,costlyxcostly,all,2000
remove_c_A-base,no_concession_either,-0.39,-0.41138192960087394,-0.3686180703991261,costlyxcostly,all,2000
remove_c_A-base,A_p_truth0,0.0,0.0,0.0,costlyxcostly,all,2000
remove_c_A-base,A_p_truth,-0.003405227000258055,-0.004355024618853076,-0.0024554293816630344,costlyxcostly,all,2000
remove_c_A-base,B_p_truth0,0.0,0.0,0.0,costlyxcostly,all,2000
remove_c_A-base,B_p_truth,-0.0031854085425985974,-0.0042786659523296085,-0.0020921511328675863,costlyxcostly,all,2000
remove_c_A-base,A_dbelief,-0.005537037638774117,-0.006467349723860573,-0.004606725553687661,costlyxcostly,all,2000
remove_c_A-base,B_dbelief,-0.005104795421385947,-0.006183875124137737,-0.0040257157186341565,costlyxcostly,all,2000
remove_c_A-base,belief_gap_final,0.005603203068837534,0.004493966183164713,0.006712439954510355,costlyxcostly,all,2000
remove_c_A-base,A_hidden_shift,-0.09321555369425508,-0.10070774249954062,-0.08572336488896953,costlyxcostly,all,2000
remove_c_A-base,B_hidden_shift,-0.004706601219574284,-0.006056833162177749,-0.0033563692769708183,costlyxcostly,all,2000
remove_c_A-base,dist_oracle,0.0006284255645823116,-3.117416430864592e-05,0.001288025293473269,costlyxcostly,all,2000
remove_c_A-base,A_transp_err,-0.005824131487590963,-0.007739596348290563,-0.003908666626891363,costlyxcostly,all,2000
remove_c_A-base,B_transp_err,0.004287273501218813,0.0032556757803600895,0.005318871222077537,costlyxcostly,all,2000
remove_c_A-base,A_assert,-0.003083333333333333,-0.003960327098754644,-0.002206339567912022,costlyxcostly,all,2000
remove_c_A-base,A_concede,0.18541666666666665,0.17680158262581366,0.19403175070751963,costlyxcostly,all,2000
remove_c_A-base,A_pressure,-0.062083333333333345,-0.06610342556399096,-0.05806324110267573,costlyxcostly,all,2000
remove_c_A-base,A_silence,-0.06133333333333334,-0.06536557230994064,-0.057301094356726034,costlyxcostly,all,2000
remove_c_A-base,A_reassure,-0.05891666666666667,-0.06264065025345315,-0.05519268307988019,costlyxcostly,all,2000
remove_c_A-base,B_assert,-0.001625,-0.0023382527423427488,-0.000911747257657251,costlyxcostly,all,2000
remove_c_A-base,B_concede,-8.333333333333337e-05,-0.00024666666666666674,8.000000000000002e-05,costlyxcostly,all,2000
remove_c_A-base,B_pressure,0.0007083333333333333,0.0001491763943547756,0.001267490272311891,costlyxcostly,all,2000
remove_c_A-base,B_silence,0.00075,0.00023441272038652152,0.0012655872796134785,costlyxcostly,all,2000
remove_c_A-base,B_reassure,0.00024999999999999995,-0.00019728437821013686,0.0006972843782101368,costlyxcostly,all,2000
remove_c_A-base,A_pC_true,1.2970594560256205e-05,-0.00025725542637053487,0.00028319661549104733,costlyxcostly,all,2000
remove_c_A-base,A_pW_true,-0.0005177041167933245,-0.0017372915085904783,0.0007018832750038293,costlyxcostly,all,2000
remove_c_A-base,B_pC_true,-0.45690941723912465,-0.477976089118643,-0.4358427453596063,costlyxcostly,all,2000
remove_c_A-base,B_pW_true,-0.04328297870011564,-0.046261048375052065,-0.04030490902517921,costlyxcostly,all,2000
remove_c_A-base,conc_A_8_12,0.432,0.41028470590116495,0.45371529409883504,costlyxcostly,all,2000
remove_c_A-base,conc_A_9_12,0.4385,0.4167474911787167,0.4602525088212833,costlyxcostly,all,2000
remove_c_A-base,conc_B_8_12,-0.0005,-0.002197692810976185,0.001197692810976185,costlyxcostly,all,2000
remove_c_A-base,conc_A_1_7,0.0,0.0,0.0,costlyxcostly,all,2000
remove_c_A-base,A_concede_8_12,0.445,0.4243237983019528,0.4656762016980472,costlyxcostly,all,2000
remove_c_A-base,A_pressure_8_12,-0.149,-0.15864822135357826,-0.13935177864642173,costlyxcostly,all,2000
remove_c_A-base,A_silence_8_12,-0.14720000000000003,-0.15687737354385756,-0.1375226264561425,costlyxcostly,all,2000
remove_c_A-base,A_p_truth_r7,0.0,0.0,0.0,costlyxcostly,all,2000
remove_c_A-base,A_dbelief_8_12,-0.0046160741086244,-0.005335377985717619,-0.0038967702315311804,costlyxcostly,all,2000
remove_c_A-base,B_pC16,-0.45690941723912465,-0.477976089118643,-0.4358427453596063,costlyxcostly,all,2000
remove_c_A-base,B_pW02,0.008444208332488852,0.004338075006222082,0.012550341658755623,costlyxcostly,all,2000
remove_c_A-base,B_cmean,-0.3842183853719728,-0.40189319872364343,-0.36654357202030213,costlyxcostly,all,2000
remove_c_A-base,B_wmean,-0.020690874813041802,-0.02327010574866069,-0.018111643877422912,costlyxcostly,all,2000
remove_c_A-base,A_own0,0.0,0.0,0.0,costlyxcostly,A_own0,1225
remove_c_A-base,B_own0,0.0,0.0,0.0,costlyxcostly,A_own0,1225
remove_c_A-base,nonc_A,-0.13918367346938776,-0.15729435713249384,-0.12107298980628166,costlyxcostly,A_own0,1225
remove_c_A-base,nonc_B,0.0,0.0,0.0,costlyxcostly,A_own0,1225
remove_c_A-base,nonc_mutual,-0.13918367346938776,-0.15729435713249384,-0.12107298980628166,costlyxcostly,A_own0,1225
remove_c_A-base,U_final,-0.1526530612244898,-0.172384248177182,-0.13292187427179758,costlyxcostly,A_own0,1225
remove_c_A-base,no_concession_either,-0.1657142857142857,-0.18654493181548631,-0.1448836396130851,costlyxcostly,A_own0,1225
remove_c_A-base,A_p_truth0,0.0,0.0,0.0,costlyxcostly,A_own0,1225
remove_c_A-base,A_p_truth,-0.002372652587477804,-0.0037459906378584894,-0.000999314537097119,costlyxcostly,A_own0,1225
remove_c_A-base,B_p_truth0,0.0,0.0,0.0,costlyxcostly,A_own0,1225
remove_c_A-base,B_p_truth,-0.00033127820850723075,-0.0010046182487595244,0.00034206183174506275,costlyxcostly,A_own0,1225
remove_c_A-base,A_dbelief,-0.004928257002771664,-0.006280106611995,-0.0035764073935483274,costlyxcostly,A_own0,1225
remove_c_A-base,B_dbelief,0.00011041327864782748,-0.0005627195008452016,0.0007835460581408567,costlyxcostly,A_own0,1225
remove_c_A-base,belief_gap_final,0.003593358153409255,0.002489918452992676,0.004696797853825834,costlyxcostly,A_own0,1225
remove_c_A-base,A_hidden_shift,-0.08780359675961244,-0.0992261395880393,-0.07638105393118558,costlyxcostly,A_own0,1225
remove_c_A-base,B_hidden_shift,0.00011041327864782748,-0.0005627195008452016,0.0007835460581408567,costlyxcostly,A_own0,1225
remove_c_A-base,dist_oracle,0.001081438620297798,0.000464306308647758,0.001698570931947838,costlyxcostly,A_own0,1225
remove_c_A-base,A_transp_err,-0.002652689143463744,-0.004071447840635049,-0.001233930446292439,costlyxcostly,A_own0,1225
remove_c_A-base,B_transp_err,0.00409675715659502,0.0026133643425887295,0.005580149970601311,costlyxcostly,A_own0,1225
remove_c_A-base,A_assert,-0.0025170068027210884,-0.003663540209377025,-0.0013704733960651515,costlyxcostly,A_own0,1225
remove_c_A-base,A_concede,0.0580952380952381,0.05058201180065151,0.06560846438982469,costlyxcostly,A_own0,1225
remove_c_A-base,A_pressure,-0.02,-0.023671049074473066,-0.016328950925526935,costlyxcostly,A_own0,1225
remove_c_A-base,A_silence,-0.017823129251700678,-0.02120277699689939,-0.014443481506501968,costlyxcostly,A_own0,1225
remove_c_A-base,A_reassure,-0.017755102040816328,-0.020705931226499424,-0.014804272855133232,costlyxcostly,A_own0,1225
remove_c_A-base,B_assert,-0.0006122448979591838,-0.001053310485574074,-0.0001711793103442936,costlyxcostly,A_own0,1225
remove_c_A-base,B_concede,0.0,0.0,0.0,costlyxcostly,A_own0,1225
remove_c_A-base,B_pressure,0.00020408163265306123,-0.00034577145395118847,0.000753934719257311,costlyxcostly,A_own0,1225
remove_c_A-base,B_silence,0.00013605442176870745,-0.00036297877569553647,0.0006350876192329514,costlyxcostly,A_own0,1225
remove_c_A-base,B_reassure,0.00027210884353741496,-0.00010486068785235615,0.0006490783749271861,costlyxcostly,A_own0,1225
remove_c_A-base,A_pC_true,0.0002517130636145021,-2.0452723150447523e-06,0.000505471399544049,costlyxcostly,A_own0,1225
remove_c_A-base,A_pW_true,0.001797559264423766,0.000629310905333169,0.0029658076235143634,costlyxcostly,A_own0,1225
remove_c_A-base,B_pC_true,-0.14836806949317272,-0.1671289250779532,-0.12960721390839222,costlyxcostly,A_own0,1225
remove_c_A-base,B_pW_true,-0.010940842020208372,-0.013662939607088358,-0.008218744433328387,costlyxcostly,A_own0,1225
remove_c_A-base,conc_A_8_12,0.1689795918367347,0.1479859233234172,0.1899732603500522,costlyxcostly,A_own0,1225
remove_c_A-base,conc_A_9_12,0.1673469387755102,0.1464344225870327,0.18825945496398772,costlyxcostly,A_own0,1225
remove_c_A-base,conc_B_8_12,0.0,0.0,0.0,costlyxcostly,A_own0,1225
remove_c_A-base,conc_A_1_7,0.0,0.0,0.0,costlyxcostly,A_own0,1225
remove_c_A-base,A_concede_8_12,0.13942857142857143,0.12139682832156361,0.15746031453557927,costlyxcostly,A_own0,1225
remove_c_A-base,A_pressure_8_12,-0.048,-0.05681051777873535,-0.03918948222126465,costlyxcostly,A_own0,1225
remove_c_A-base,A_silence_8_12,-0.042775510204081636,-0.05088666479255854,-0.034664355615604735,costlyxcostly,A_own0,1225
remove_c_A-base,A_p_truth_r7,0.0,0.0,0.0,costlyxcostly,A_own0,1225
remove_c_A-base,A_dbelief_8_12,-0.0030289577255932514,-0.004064292651517965,-0.001993622799668537,costlyxcostly,A_own0,1225
remove_c_A-base,B_pC16,-0.14836806949317272,-0.1671289250779532,-0.12960721390839222,costlyxcostly,A_own0,1225
remove_c_A-base,B_pW02,-0.010752411261308163,-0.015326582707670941,-0.006178239814945385,costlyxcostly,A_own0,1225
remove_c_A-base,B_cmean,-0.1455471467953244,-0.16375193420646053,-0.12734235938418828,costlyxcostly,A_own0,1225
remove_c_A-base,B_wmean,-7.537230356008599e-05,-0.002520200538357347,0.002369455931237175,costlyxcostly,A_own0,1225
remove_c_AB-base,A_own0,0.0,0.0,0.0,costlyxcostly,all,2000
remove_c_AB-base,B_own0,0.0,0.0,0.0,costlyxcostly,all,2000
remove_c_AB-base,nonc_A,-0.444375,-0.4650851969043128,-0.4236648030956872,costlyxcostly,all,2000
remove_c_AB-base,nonc_B,-0.4475,-0.4682389029615364,-0.4267610970384636,costlyxcostly,all,2000
remove_c_AB-base,nonc_mutual,-0.88925,-0.8993348058585479,-0.8791651941414521,costlyxcostly,all,2000
remove_c_AB-base,U_final,-0.797,-0.8136232343050136,-0.7803767656949865,costlyxcostly,all,2000
remove_c_AB-base,no_concession_either,-0.7865,-0.8044637903317072,-0.7685362096682927,costlyxcostly,all,2000
remove_c_AB-base,A_p_truth0,0.0,0.0,0.0,costlyxcostly,all,2000
remove_c_AB-base,A_p_truth,-0.010832805076381138,-0.012352782006293583,-0.009312828146468694,costlyxcostly,all,2000
remove_c_AB-base,B_p_truth0,0.0,0.0,0.0,costlyxcostly,all,2000
remove_c_AB-base,B_p_truth,-0.0062350054214323335,-0.007578273147733723,-0.004891737695130944,costlyxcostly,all,2000
remove_c_AB-base,A_dbelief,-0.013534242045246515,-0.015008743108575043,-0.012059740981917987,costlyxcostly,all,2000
remove_c_AB-base,B_dbelief,-0.010252085340122532,-0.01154702570359504,-0.008957144976650023,costlyxcostly,all,2000
remove_c_AB-base,belief_gap_final,0.011827543555731035,0.010193436500462063,0.013461650611000008,costlyxcostly,all,2000
remove_c_AB-base,A_hidden_shift,-0.10147731662355985,-0.10889200561183306,-0.09406262763528665,costlyxcostly,all,2000
remove_c_AB-base,B_hidden_shift,-0.10262417249149607,-0.1102140200118198,-0.09503432497117233,costlyxcostly,all,2000
remove_c_AB-base,dist_oracle,0.0009774191539604475,1.1846758943433633e-05,0.0019429915489774614,costlyxcostly,all,2000
remove_c_AB-base,A_transp_err,-0.004192516580276914,-0.006317837395113931,-0.002067195765439896,costlyxcostly,all,2000
remove_c_AB-base,B_transp_err,0.0012500275946227691,-0.0010072891803669488,0.0035073443696124872,costlyxcostly,all,2000
remove_c_AB-base,A_assert,-0.003875,-0.004910447920965535,-0.0028395520790344647,costlyxcostly,all,2000
remove_c_AB-base,A_concede,0.185375,0.17677253112889127,0.19397746887110875,costlyxcostly,all,2000
remove_c_AB-base,A_pressure,-0.06166666666666667,-0.0657303839316983,-0.05760294940163504,costlyxcostly,all,2000
remove_c_AB-base,A_silence,-0.06125,-0.06530282415903457,-0.05719717584096543,costlyxcostly,all,2000
remove_c_AB-base,A_reassure,-0.05858333333333333,-0.062319195788529194,-0.05484747087813746,costlyxcostly,all,2000
remove_c_AB-base,B_assert,-0.005416666666666666,-0.006541311324880126,-0.004292022008453206,costlyxcostly,all,2000
remove_c_AB-base,B_concede,0.186125,0.17751719764100274,0.1947328023589973,costlyxcostly,all,2000
remove_c_AB-base,B_pressure,-0.058833333333333335,-0.06279589657199298,-0.054870770094673685,costlyxcostly,all,2000
remove_c_AB-base,B_silence,-0.06225,-0.06631796956237414,-0.05818203043762586,costlyxcostly,all,2000
remove_c_AB-base,B_reassure,-0.059625,-0.06341542141915214,-0.05583457858084785,costlyxcostly,all,2000
remove_c_AB-base,A_pC_true,-0.4558807815119367,-0.47677737738009723,-0.4349841856437761,costlyxcostly,all,2000
remove_c_AB-base,A_pW_true,-0.051611246753493545,-0.05490159679710469,-0.0483208967098824,costlyxcostly,all,2000
remove_c_AB-base,B_pC_true,-0.4580728314418538,-0.4791162004880568,-0.43702946239565077,costlyxcostly,all,2000
remove_c_AB-base,B_pW_true,-0.043559555645525536,-0.04680556607633742,-0.04031354521471365,costlyxcostly,all,2000
remove_c_AB-base,conc_A_8_12,0.435,0.41326705771437755,0.45673294228562245,costlyxcostly,all,2000
remove_c_AB-base,conc_A_9_12,0.441,0.4191900863971064,0.4628099136028936,costlyxcostly,all,2000
remove_c_AB-base,conc_B_8_12,0.4485,0.4266976324722541,0.4703023675277459,costlyxcostly,all,2000
remove_c_AB-base,conc_A_1_7,0.0,0.0,0.0,costlyxcostly,all,2000
remove_c_AB-base,A_concede_8_12,0.44489999999999996,0.424254074709339,0.4655459252906609,costlyxcostly,all,2000
remove_c_AB-base,A_pressure_8_12,-0.148,-0.15775292143607592,-0.13824707856392407,costlyxcostly,all,2000
remove_c_AB-base,A_silence_8_12,-0.147,-0.15672677798168294,-0.13727322201831704,costlyxcostly,all,2000
remove_c_AB-base,A_p_truth_r7,0.0,0.0,0.0,costlyxcostly,all,2000
remove_c_AB-base,A_dbelief_8_12,0.004019214927395104,0.0026815436862701793,0.0053568861685200295,costlyxcostly,all,2000
remove_c_AB-base,B_pC16,-0.4580728314418538,-0.4791162004880568,-0.43702946239565077,costlyxcostly,all,2000
remove_c_AB-base,B_pW02,0.01006257222132431,0.005554095342840426,0.014571049099808194,costlyxcostly,all,2000
remove_c_AB-base,B_cmean,-0.3870347716988648,-0.4047516703723966,-0.369317873025333,costlyxcostly,all,2000
remove_c_AB-base,B_wmean,-0.021448851146739948,-0.02429941582753673,-0.018598286465943165,costlyxcostly,all,2000
remove_c_AB-base,A_own0,0.0,0.0,0.0,costlyxcostly,A_own0,1225
remove_c_AB-base,B_own0,0.0,0.0,0.0,costlyxcostly,A_own0,1225
remove_c_AB-base,nonc_A,-0.13918367346938776,-0.15724122851201872,-0.12112611842675679,costlyxcostly,A_own0,1225
remove_c_AB-base,nonc_B,-0.7155102040816327,-0.7384199845086836,-0.6926004236545817,costlyxcostly,A_own0,1225
remove_c_AB-base,nonc_mutual,-0.8534693877551021,-0.8686922463840391,-0.838246529126165,costlyxcostly,A_own0,1225
remove_c_AB-base,U_final,-0.8002040816326531,-0.8211758460305474,-0.7792323172347588,costlyxcostly,A_own0,1225
remove_c_AB-base,no_concession_either,-0.8081632653061225,-0.8302220104040222,-0.7861045202082227,costlyxcostly,A_own0,1225
remove_c_AB-base,A_p_truth0,0.0,0.0,0.0,costlyxcostly,A_own0,1225
remove_c_AB-base,A_p_truth,-0.013266219834385619,-0.01543772502489113,-0.011094714643880108,costlyxcostly,A_own0,1225
remove_c_AB-base,B_p_truth0,0.0,0.0,0.0,costlyxcostly,A_own0,1225
remove_c_AB-base,B_p_truth,-0.005125206127788998,-0.006788513495905037,-0.00346189875967296,costlyxcostly,A_own0,1225
remove_c_AB-base,A_dbelief,-0.016664083358920556,-0.018754646663146163,-0.01457352005469495,costlyxcostly,A_own0,1225
remove_c_AB-base,B_dbelief,-0.008438361801245492,-0.01005853610708621,-0.006818187495404774,costlyxcostly,A_own0,1225
remove_c_AB-base,belief_gap_final,0.013327595584926903,0.01117117997378781,0.015484011196065996,costlyxcostly,A_own0,1225
remove_c_AB-base,A_hidden_shift,-0.09985660501126734,-0.11106332055461857,-0.0886498894679161,costlyxcostly,A_own0,1225
remove_c_AB-base,B_hidden_shift,-0.15833223449464578,-0.1694463197367563,-0.14721814925253526,costlyxcostly,A_own0,1225
remove_c_AB-base,dist_oracle,0.00152650233248914,0.00032360659477120336,0.0027293980702070768,costlyxcostly,A_own0,1225
remove_c_AB-base,A_transp_err,0.00031256565888707825,-0.0018894256012929064,0.002514556919067063,costlyxcostly,A_own0,1225
remove_c_AB-base,B_transp_err,-0.0033973990923313524,-0.006735459009698438,-5.933917496426643e-05,costlyxcostly,A_own0,1225
remove_c_AB-base,A_assert,-0.003333333333333333,-0.0046873343706317116,-0.0019793322960349547,costlyxcostly,A_own0,1225
remove_c_AB-base,A_concede,0.05809523809523809,0.05060335529344795,0.06558712089702823,costlyxcostly,A_own0,1225
remove_c_AB-base,A_pressure,-0.019591836734693877,-0.023346390493641907,-0.015837282975745846,costlyxcostly,A_own0,1225
remove_c_AB-base,A_silence,-0.01761904761904762,-0.021056831607448836,-0.014181263630646404,costlyxcostly,A_own0,1225
remove_c_AB-base,A_reassure,-0.017551020408163264,-0.020526680566330915,-0.014575360249995615,costlyxcostly,A_own0,1225
remove_c_AB-base,B_assert,-0.006054421768707482,-0.007431187156823521,-0.004677656380591443,costlyxcostly,A_own0,1225
remove_c_AB-base,B_concede,0.29748299319727894,0.28798499356076945,0.30698099283378844,costlyxcostly,A_own0,1225
remove_c_AB-base,B_pressure,-0.0950340136054422,-0.10047821261284852,-0.08958981459803587,costlyxcostly,A_own0,1225
remove_c_AB-base,B_silence,-0.10081632653061225,-0.10635646985818517,-0.09527618320303932,costlyxcostly,A_own0,1225
remove_c_AB-base,B_reassure,-0.095578231292517,-0.10074009918837523,-0.09041636339665876,costlyxcostly,A_own0,1225
remove_c_AB-base,A_pC_true,-0.7265630851700527,-0.7494906809139456,-0.7036354894261599,costlyxcostly,A_own0,1225
remove_c_AB-base,A_pW_true,-0.07975831358153143,-0.0840400062342388,-0.07547662092882407,costlyxcostly,A_own0,1225
remove_c_AB-base,B_pC_true,-0.14915083076837776,-0.16791530096085724,-0.13038636057589828,costlyxcostly,A_own0,1225
remove_c_AB-base,B_pW_true,-0.009992677704688271,-0.013206067404576121,-0.006779288004800422,costlyxcostly,A_own0,1225
remove_c_AB-base,conc_A_8_12,0.17142857142857143,0.15031450214838227,0.1925426407087606,costlyxcostly,A_own0,1225
remove_c_AB-base,conc_A_9_12,0.16979591836734695,0.14876194025349226,0.19082989648120163,costlyxcostly,A_own0,1225
remove_c_AB-base,conc_B_8_12,0.7126530612244898,0.6873013238434877,0.7380047986054918,costlyxcostly,A_own0,1225
remove_c_AB-base,conc_A_1_7,0.0,0.0,0.0,costlyxcostly,A_own0,1225
remove_c_AB-base,A_concede_8_12,0.13942857142857143,0.12144805270427508,0.15740909015286778,costlyxcostly,A_own0,1225
remove_c_AB-base,A_pressure_8_12,-0.04702040816326531,-0.056031337184740584,-0.03800947914179004,costlyxcostly,A_own0,1225
remove_c_AB-base,A_silence_8_12,-0.04228571428571429,-0.050536395857877205,-0.03403503271355137,costlyxcostly,A_own0,1225
remove_c_AB-base,A_p_truth_r7,0.0,0.0,0.0,costlyxcostly,A_own0,1225
remove_c_AB-base,A_dbelief_8_12,0.009488602850393069,0.007644005177857329,0.01133320052292881,costlyxcostly,A_own0,1225
remove_c_AB-base,B_pC16,-0.14915083076837776,-0.16791530096085724,-0.13038636057589828,costlyxcostly,A_own0,1225
remove_c_AB-base,B_pW02,-0.01045615081886503,-0.015606196950142866,-0.005306104687587195,costlyxcostly,A_own0,1225
remove_c_AB-base,B_cmean,-0.14801371205339972,-0.1664167796751658,-0.12961064443163364,costlyxcostly,A_own0,1225
remove_c_AB-base,B_wmean,0.0001853892456706931,-0.002725929665737457,0.0030967081570788435,costlyxcostly,A_own0,1225
external-base,A_own0,0.0,0.0,0.0,costlyxcostly,all,2000
external-base,B_own0,0.0,0.0,0.0,costlyxcostly,all,2000
external-base,nonc_A,-0.001375,-0.0032563860034950493,0.0005063860034950495,costlyxcostly,all,2000
external-base,nonc_B,-0.003375,-0.005375449146040195,-0.0013745508539598048,costlyxcostly,all,2000
external-base,nonc_mutual,-0.00475,-0.007536358528065522,-0.0019636414719344784,costlyxcostly,all,2000
external-base,U_final,-0.017625,-0.02720140852760803,-0.008048591472391968,costlyxcostly,all,2000
external-base,no_concession_either,-0.0275,-0.03830439551669785,-0.01669560448330215,costlyxcostly,all,2000
external-base,A_p_truth0,0.0,0.0,0.0,costlyxcostly,all,2000
external-base,A_p_truth,0.07051590294136308,0.06152924230221027,0.07950256358051588,costlyxcostly,all,2000
external-base,B_p_truth0,0.0,0.0,0.0,costlyxcostly,all,2000
external-base,B_p_truth,0.07278996142334491,0.063626036674629,0.08195388617206083,costlyxcostly,all,2000
external-base,A_dbelief,0.05734852533119408,0.050775103978309616,0.06392194668407855,costlyxcostly,all,2000
external-base,B_dbelief,0.05153596874377867,0.04483694042833786,0.05823499705921949,costlyxcostly,all,2000
external-base,belief_gap_final,-0.047317359087599625,-0.05259979050967976,-0.04203492766551949,costlyxcostly,all,2000
external-base,A_hidden_shift,0.04535987821272555,0.03815935437851123,0.052560402046939875,costlyxcostly,all,2000
external-base,B_hidden_shift,0.03969740029737419,0.03230073244098135,0.04709406815376703,costlyxcostly,all,2000
external-base,dist_oracle,0.03310139133969139,0.02714387777852021,0.039058904900862564,costlyxcostly,all,2000
external-base,A_transp_err,0.006883630032000713,0.0025421731484849544,0.01122508691551647,costlyxcostly,all,2000
external-base,B_transp_err,-0.002361045626928005,-0.006483616936126005,0.0017615256822699947,costlyxcostly,all,2000
external-base,A_assert,-0.00024999999999999957,-0.00475538335656299,0.0042553833565629915,costlyxcostly,all,2000
external-base,A_concede,0.00125,0.0004769880183581363,0.0020230119816418636,costlyxcostly,all,2000
external-base,A_pressure,0.0005416666666666663,-0.001696791409107977,0.00278012474244131,costlyxcostly,all,2000
external-base,A_silence,-0.0010416666666666669,-0.0029620735396151373,0.0008787402062818035,costlyxcostly,all,2000
external-base,A_reassure,-0.0005,-0.0023373749378447495,0.0013373749378447497,costlyxcostly,all,2000
external-base,B_assert,-0.0022916666666666654,-0.007048835235434606,0.0024655019021012745,costlyxcostly,all,2000
external-base,B_concede,0.001333333333333333,0.0005780567694107712,0.002088609897255895,costlyxcostly,all,2000
external-base,B_pressure,0.0012916666666666664,-0.0008672838960784143,0.003450617229411747,costlyxcostly,all,2000
external-base,B_silence,0.00029166666666666626,-0.0017602498091352581,0.0023435831424685905,costlyxcostly,all,2000
external-base,B_reassure,-0.0006249999999999997,-0.00258699996276029,0.0013369999627602905,costlyxcostly,all,2000
external-base,A_pC_true,-0.005532157055447102,-0.01053100884876221,-0.0005333052621319945,costlyxcostly,all,2000
external-base,A_pW_true,-0.0014196111321903558,-0.005008429209699451,0.00216920694531874,costlyxcostly,all,2000
external-base,B_pC_true,-0.005905002083111343,-0.010979383671887142,-0.0008306204943355428,costlyxcostly,all,2000
external-base,B_pW_true,-0.0020634637580679164,-0.006125160914323056,0.001998233398187223,costlyxcostly,all,2000
external-base,conc_A_8_12,0.0125,0.004028532719833035,0.020971467280166967,costlyxcostly,all,2000
external-base,conc_A_9_12,0.004,-0.003333386426354411,0.011333386426354411,costlyxcostly,all,2000
external-base,conc_B_8_12,0.0145,0.0060346599128330534,0.022965340087166948,costlyxcostly,all,2000
external-base,conc_A_1_7,0.0,0.0,0.0,costlyxcostly,all,2000
external-base,A_concede_8_12,0.003,0.0011447712440595273,0.004855228755940473,costlyxcostly,all,2000
external-base,A_pressure_8_12,0.0012999999999999984,-0.004072299381859148,0.006672299381859145,costlyxcostly,all,2000
external-base,A_silence_8_12,-0.0025000000000000005,-0.007108976495076329,0.0021089764950763283,costlyxcostly,all,2000
external-base,A_p_truth_r7,0.0,0.0,0.0,costlyxcostly,all,2000
external-base,A_dbelief_8_12,0.09277696411269425,0.0849634845841801,0.1005904436412084,costlyxcostly,all,2000
external-base,B_pC16,-0.005905002083111343,-0.010979383671887142,-0.0008306204943355428,costlyxcostly,all,2000
external-base,B_pW02,-0.000430037250165234,-0.008028285296972117,0.007168210796641649,costlyxcostly,all,2000
external-base,B_cmean,-0.0008809717067568141,-0.006831979896055213,0.005070036482541585,costlyxcostly,all,2000
external-base,B_wmean,-0.0006533706031610665,-0.005166741790806916,0.003860000584484783,costlyxcostly,all,2000
external-base,A_own0,0.0,0.0,0.0,costlyxcostly,A_own0,1225
external-base,B_own0,0.0,0.0,0.0,costlyxcostly,A_own0,1225
external-base,nonc_A,-0.001836734693877551,-0.0035779685738708735,-9.550081388422834e-05,costlyxcostly,A_own0,1225
external-base,nonc_B,-0.00510204081632653,-0.008109656422415002,-0.002094425210238058,costlyxcostly,A_own0,1225
external-base,nonc_mutual,-0.0069387755102040816,-0.010405593003152299,-0.0034719580172558637,costlyxcostly,A_own0,1225
external-base,U_final,-0.027959183673469386,-0.0400946176652941,-0.015823749681644676,costlyxcostly,A_own0,1225
external-base,no_concession_either,-0.035918367346938776,-0.05079838421389106,-0.021038350479986496,costlyxcostly,A_own0,1225
external-base,A_p_truth0,0.0,0.0,0.0,costlyxcostly,A_own0,1225
external-base,A_p_truth,0.0884024762232024,0.07630570842029623,0.10049924402610856,costlyxcostly,A_own0,1225
external-base,B_p_truth0,0.0,0.0,0.0,costlyxcostly,A_own0,1225
external-base,B_p_truth,0.09758549864280631,0.08520679595841817,0.10996420132719446,costlyxcostly,A_own0,1225
external-base,A_dbelief,0.06218607442644006,0.05264939112200923,0.07172275773087089,costlyxcostly,A_own0,1225
external-base,B_dbelief,0.07197704912627584,0.062356002500361885,0.08159809575218979,costlyxcostly,A_own0,1225
external-base,belief_gap_final,-0.06544695825464861,-0.07328067481315839,-0.05761324169613882,costlyxcostly,A_own0,1225
external-base,A_hidden_shift,0.047930448630788935,0.03764425206828814,0.05821664519328973,costlyxcostly,A_own0,1225
external-base,B_hidden_shift,0.05301980383717893,0.0423195013731752,0.06372010630118266,costlyxcostly,A_own0,1225
external-base,dist_oracle,0.035766196837603924,0.027600652067840542,0.043931741607367306,costlyxcostly,A_own0,1225
external-base,A_transp_err,0.005612676835950256,-0.0010638307577100483,0.01228918442961056,costlyxcostly,A_own0,1225
external-base,B_transp_err,-0.008185321093237476,-0.013450574424014518,-0.0029200677624604343,costlyxcostly,A_own0,1225
external-base,A_assert,-0.011360544217687073,-0.017455991761162866,-0.005265096674211282,costlyxcostly,A_own0,1225
external-base,A_concede,0.0014965986394557822,0.000723353208346082,0.0022698440705654823,costlyxcostly,A_own0,1225
external-base,A_pressure,0.0051700680272108845,0.002183596472737443,0.008156539581684327,costlyxcostly,A_own0,1225
external-base,A_silence,0.0020408163265306124,-0.0005841296389539861,0.004665762292015211,costlyxcostly,A_own0,1225
external-base,A_reassure,0.002653061224489796,8.120641088146937e-05,0.005224916038098123,costlyxcostly,A_own0,1225
external-base,B_assert,0.003469387755102043,-0.0032171555984463088,0.010155931108650394,costlyxcostly,A_own0,1225
external-base,B_concede,0.0019727891156462586,0.000886571236468351,0.003059006994824166,costlyxcostly,A_own0,1225
external-base,B_pressure,-0.00027210884353741474,-0.0034116475003287744,0.0028674298132539446,costlyxcostly,A_own0,1225
external-base,B_silence,-0.0019727891156462595,-0.004815900527143259,0.0008703222958507399,costlyxcostly,A_own0,1225
external-base,B_reassure,-0.003197278911564626,-0.006055629315167179,-0.0003389285079620735,costlyxcostly,A_own0,1225
external-base,A_pC_true,-0.012704230016018529,-0.01984459592763667,-0.005563864104400391,costlyxcostly,A_own0,1225
external-base,A_pW_true,-0.006950736025030565,-0.011669277699061845,-0.002232194350999284,costlyxcostly,A_own0,1225
external-base,B_pC_true,0.007816247519198034,0.0020028445718203855,0.013629650466575681,costlyxcostly,A_own0,1225
external-base,B_pW_true,0.00500532017085927,-0.00032201429434514615,0.010332654636063686,costlyxcostly,A_own0,1225
external-base,conc_A_8_12,0.017142857142857144,0.008282694409581263,0.026003019876133023,costlyxcostly,A_own0,1225
external-base,conc_A_9_12,0.007346938775510204,0.00038200325553691336,0.014311874295483494,costlyxcostly,A_own0,1225
external-base,conc_B_8_12,0.02122448979591837,0.008677146770661427,0.03377183282117531,costlyxcostly,A_own0,1225
external-base,conc_A_1_7,0.0,0.0,0.0,costlyxcostly,A_own0,1225
external-base,A_concede_8_12,0.003591836734693878,0.0017360477000305976,0.005447625769357158,costlyxcostly,A_own0,1225
external-base,A_pressure_8_12,0.012408163265306124,0.005240631534569865,0.019575694996042385,costlyxcostly,A_own0,1225
external-base,A_silence_8_12,0.004897959183673471,-0.0014019111334895645,0.011197829500836507,costlyxcostly,A_own0,1225
external-base,A_p_truth_r7,0.0,0.0,0.0,costlyxcostly,A_own0,1225
external-base,A_dbelief_8_12,0.1048260374022336,0.09434726203123553,0.11530481277323168,costlyxcostly,A_own0,1225
external-base,B_pC16,0.007816247519198034,0.0020028445718203855,0.013629650466575681,costlyxcostly,A_own0,1225
external-base,B_pW02,-0.019902054837996706,-0.030262517790966125,-0.009541591885027286,costlyxcostly,A_own0,1225
external-base,B_cmean,0.015133210525689444,0.007694649611970654,0.022571771439408236,costlyxcostly,A_own0,1225
external-base,B_wmean,0.009962950003542383,0.003933486013616157,0.01599241399346861,costlyxcostly,A_own0,1225
force_silence-base,A_own0,0.0,0.0,0.0,costlyxcostly,all,2000
force_silence-base,B_own0,0.0,0.0,0.0,costlyxcostly,all,2000
force_silence-base,nonc_A,0.00375,0.002024970547119078,0.005475029452880921,costlyxcostly,all,2000
force_silence-base,nonc_B,0.00025,-0.00023999999999999987,0.0007399999999999999,costlyxcostly,all,2000
force_silence-base,nonc_mutual,0.004,0.002207732354904595,0.005792267645095405,costlyxcostly,all,2000
force_silence-base,U_final,0.01725,0.011295071575890428,0.023204928424109574,costlyxcostly,all,2000
force_silence-base,no_concession_either,0.0195,0.012148848014238933,0.026851151985761067,costlyxcostly,all,2000
force_silence-base,A_p_truth0,0.0,0.0,0.0,costlyxcostly,all,2000
force_silence-base,A_p_truth,-0.02685353660697651,-0.02954864883075651,-0.024158424383196514,costlyxcostly,all,2000
force_silence-base,B_p_truth0,0.0,0.0,0.0,costlyxcostly,all,2000
force_silence-base,B_p_truth,0.00023917306331045635,-0.0005697846453568456,0.0010481307719777582,costlyxcostly,all,2000
force_silence-base,A_dbelief,-0.03517991916046985,-0.037684115212825074,-0.032675723108114625,costlyxcostly,all,2000
force_silence-base,B_dbelief,-0.00041908469690646143,-0.0012278975139012095,0.0003897281200882867,costlyxcostly,all,2000
force_silence-base,belief_gap_final,0.031249723282277663,0.028715097115637536,0.03378434944891779,costlyxcostly,all,2000
force_silence-base,A_hidden_shift,-0.029683857332560022,-0.0325170136529376,-0.02685070101218245,costlyxcostly,all,2000
force_silence-base,B_hidden_shift,-7.182728183803888e-06,-0.0010749122375882715,0.0010605467812206636,costlyxcostly,all,2000
force_silence-base,dist_oracle,0.011846861993843301,0.010601403052855188,0.013092320934831415,costlyxcostly,all,2000
force_silence-base,A_transp_err,0.03725729186038815,0.03498980415000835,0.03952477957076794,costlyxcostly,all,2000
force_silence-base,B_transp_err,0.01865938393947294,0.016347078614677615,0.020971689264268262,costlyxcostly,all,2000
force_silence-base,A_assert,0.013333333333333332,0.01137488639152495,0.015291780275141715,costlyxcostly,all,2000
force_silence-base,A_concede,-0.00125,-0.001825009817626974,-0.0006749901823730261,costlyxcostly,all,2000
force_silence-base,A_pressure,-0.004791666666666668,-0.006486329306121528,-0.0030970040272118074,costlyxcostly,all,2000
force_silence-base,A_silence,-0.0037916666666666667,-0.005203836608251745,-0.0023794967250815886,costlyxcostly,all,2000
force_silence-base,A_reassure,-0.0035000000000000005,-0.004366314611477023,-0.002633685388522978,costlyxcostly,all,2000
force_silence-base,B_assert,-0.04329166666666668,-0.04520607383583136,-0.041377259497502,costlyxcostly,all,2000
force_silence-base,B_concede,-0.0007916666666666666,-0.0011643917135731052,-0.0004189416197602281,costlyxcostly,all,2000
force_silence-base,B_pressure,-0.012291666666666668,-0.013695847327031012,-0.010887486006302323,costlyxcostly,all,2000
force_silence-base,B_silence,0.07029166666666666,0.06890054845809741,0.0716827848752359,costlyxcostly,all,2000
force_silence-base,B_reassure,-0.013916666666666667,-0.015317837221165559,-0.012515496112167776,costlyxcostly,all,2000
force_silence-base,A_pC_true,0.00484773393916574,0.0035299121836704266,0.006165555694661053,costlyxcostly,all,2000
force_silence-base,A_pW_true,-0.009541973993676275,-0.011571399272993142,-0.007512548714359409,costlyxcostly,all,2000
force_silence-base,B_pC_true,-0.01787410487073155,-0.021676379539072747,-0.014071830202390355,costlyxcostly,all,2000
force_silence-base,B_pW_true,-0.018851918860250068,-0.022381241121937803,-0.015322596598562332,costlyxcostly,all,2000
force_silence-base,conc_A_8_12,-0.014,-0.02047318115281185,-0.007526818847188151,costlyxcostly,all,2000
force_silence-base,conc_A_9_12,-0.015,-0.021615746673809843,-0.008384253326190156,costlyxcostly,all,2000
force_silence-base,conc_B_8_12,-0.008,-0.012144014385546194,-0.0038559856144538066,costlyxcostly,all,2000
force_silence-base,conc_A_1_7,0.0,0.0,0.0,costlyxcostly,all,2000
force_silence-base,A_concede_8_12,-0.003,-0.004380023562304738,-0.0016199764376952622,costlyxcostly,all,2000
force_silence-base,A_pressure_8_12,-0.0115,-0.015567190334691665,-0.007432809665308335,costlyxcostly,all,2000
force_silence-base,A_silence_8_12,-0.009100000000000002,-0.01248920785980419,-0.005710792140195814,costlyxcostly,all,2000
force_silence-base,A_p_truth_r7,0.0,0.0,0.0,costlyxcostly,all,2000
force_silence-base,A_dbelief_8_12,0.016555422858712355,0.01472497457829246,0.01838587113913225,costlyxcostly,all,2000
force_silence-base,B_pC16,-0.01787410487073155,-0.021676379539072747,-0.014071830202390355,costlyxcostly,all,2000
force_silence-base,B_pW02,0.037581938346045715,0.030796510626927925,0.044367366065163505,costlyxcostly,all,2000
force_silence-base,B_cmean,-0.016253134511892815,-0.01958470371846554,-0.012921565305320092,costlyxcostly,all,2000
force_silence-base,B_wmean,-0.02257354288251831,-0.026627648283444733,-0.018519437481591888,costlyxcostly,all,2000
force_silence-base,A_own0,0.0,0.0,0.0,costlyxcostly,A_own0,1225
force_silence-base,B_own0,0.0,0.0,0.0,costlyxcostly,A_own0,1225
force_silence-base,nonc_A,0.0010204081632653062,0.00012744365058015342,0.001913372675950459,costlyxcostly,A_own0,1225
force_silence-base,nonc_B,0.00040816326530612246,-0.00039183673469387747,0.0012081632653061225,costlyxcostly,A_own0,1225
force_silence-base,nonc_mutual,0.0014285714285714286,0.00023075205912123252,0.0026263907980216246,costlyxcostly,A_own0,1225
force_silence-base,U_final,0.014693877551020407,0.008319234154612061,0.021068520947428754,costlyxcostly,A_own0,1225
force_silence-base,no_concession_either,0.014693877551020407,0.007583027882623815,0.021804727219417,costlyxcostly,A_own0,1225
force_silence-base,A_p_truth0,0.0,0.0,0.0,costlyxcostly,A_own0,1225
force_silence-base,A_p_truth,-0.01624436675794729,-0.020084669331054274,-0.012404064184840309,costlyxcostly,A_own0,1225
force_silence-base,B_p_truth0,0.0,0.0,0.0,costlyxcostly,A_own0,1225
force_silence-base,B_p_truth,0.0005137920153987331,-0.0007769568526497726,0.0018045408834472389,costlyxcostly,A_own0,1225
force_silence-base,A_dbelief,-0.026660771654208784,-0.030313886239950162,-0.023007657068467406,costlyxcostly,A_own0,1225
force_silence-base,B_dbelief,-0.0003250216500214964,-0.00161595598222392,0.000965912682180927,costlyxcostly,A_own0,1225
force_silence-base,belief_gap_final,0.024776384181548945,0.021170494512266994,0.028382273850830895,costlyxcostly,A_own0,1225
force_silence-base,A_hidden_shift,-0.024160807679352855,-0.02812006057319578,-0.020201554785509928,costlyxcostly,A_own0,1225
force_silence-base,B_hidden_shift,0.0003351575952271558,-0.0013902767913414086,0.0020605919817957203,costlyxcostly,A_own0,1225
force_silence-base,dist_oracle,0.009451916413102147,0.007743466030439224,0.01116036679576507,costlyxcostly,A_own0,1225
force_silence-base,A_transp_err,0.01807974930577523,0.0153115716073893,0.02084792700416116,costlyxcostly,A_own0,1225
force_silence-base,B_transp_err,0.0031858816818183065,0.00017564180995999386,0.006196121553676619,costlyxcostly,A_own0,1225
force_silence-base,A_assert,0.018163265306122445,0.015154476437239096,0.021172054175005794,costlyxcostly,A_own0,1225
force_silence-base,A_concede,-0.0003401360544217687,-0.0006377908919834864,-4.2481216860050996e-05,costlyxcostly,A_own0,1225
force_silence-base,A_pressure,-0.007006802721088436,-0.009573745240854342,-0.00443986020132253,costlyxcostly,A_own0,1225
force_silence-base,A_silence,-0.005714285714285714,-0.00784114134818202,-0.003587430080389408,costlyxcostly,A_own0,1225
force_silence-base,A_reassure,-0.00510204081632653,-0.0064117442813534644,-0.003792337351299596,costlyxcostly,A_own0,1225
force_silence-base,B_assert,-0.020000000000000004,-0.022189510876759487,-0.01781048912324052,costlyxcostly,A_own0,1225
force_silence-base,B_concede,-0.0011564625850340134,-0.0017342655005253829,-0.0005786596695426439,costlyxcostly,A_own0,1225
force_silence-base,B_pressure,-0.019591836734693877,-0.021752103804441543,-0.01743156966494621,costlyxcostly,A_own0,1225
force_silence-base,B_silence,0.06299319727891156,0.060884068522674785,0.06510232603514834,costlyxcostly,A_own0,1225
force_silence-base,B_reassure,-0.022244897959183673,-0.024369539840238118,-0.02012025607812923,costlyxcostly,A_own0,1225
force_silence-base,A_pC_true,0.0064417249113112585,0.0043009249290845465,0.00858252489353797,costlyxcostly,A_own0,1225
force_silence-base,A_pW_true,-0.005496584949691339,-0.008289759174591396,-0.002703410724791282,costlyxcostly,A_own0,1225
force_silence-base,B_pC_true,-0.029340672166802757,-0.03485112168986948,-0.02383022264373603,costlyxcostly,A_own0,1225
force_silence-base,B_pW_true,-0.026814458914940754,-0.03239708465680497,-0.021231833173076538,costlyxcostly,A_own0,1225
force_silence-base,conc_A_8_12,-0.004081632653061225,-0.007653490703801836,-0.0005097746023206137,costlyxcostly,A_own0,1225
force_silence-base,conc_A_9_12,-0.004081632653061225,-0.007653490703801836,-0.0005097746023206137,costlyxcostly,A_own0,1225
force_silence-base,conc_B_8_12,-0.012244897959183673,-0.018808811983625297,-0.005680983934742048,costlyxcostly,A_own0,1225
force_silence-base,conc_A_1_7,0.0,0.0,0.0,costlyxcostly,A_own0,1225
force_silence-base,A_concede_8_12,-0.0008163265306122449,-0.0015306981407603674,-0.00010195492046412259,costlyxcostly,A_own0,1225
force_silence-base,A_pressure_8_12,-0.016816326530612245,-0.022976988578050417,-0.010655664483174072,costlyxcostly,A_own0,1225
force_silence-base,A_silence_8_12,-0.013714285714285715,-0.018818739235636848,-0.008609832192934583,costlyxcostly,A_own0,1225
force_silence-base,A_p_truth_r7,0.0,0.0,0.0,costlyxcostly,A_own0,1225
force_silence-base,A_dbelief_8_12,0.007722404474828209,0.0051237022637791296,0.010321106685877289,costlyxcostly,A_own0,1225
force_silence-base,B_pC16,-0.029340672166802757,-0.03485112168986948,-0.02383022264373603,costlyxcostly,A_own0,1225
force_silence-base,B_pW02,0.05403576264041933,0.04330307430535212,0.06476845097548653,costlyxcostly,A_own0,1225
force_silence-base,B_cmean,-0.02650691647778278,-0.03140260176341853,-0.02161123119214703,costlyxcostly,A_own0,1225
force_silence-base,B_wmean,-0.032340088622144034,-0.038746710427541776,-0.02593346681674629,costlyxcostly,A_own0,1225
reassure-force_silence,A_own0,0.0,0.0,0.0,costlyxcostly,all,2000
reassure-force_silence,B_own0,0.0,0.0,0.0,costlyxcostly,all,2000
reassure-force_silence,nonc_A,-0.09675,-0.10221031492402542,-0.09128968507597458,costlyxcostly,all,2000
reassure-force_silence,nonc_B,-0.000125,-0.0005494232027440462,0.00029942320274404627,costlyxcostly,all,2000
reassure-force_silence,nonc_mutual,-0.096875,-0.10235850267514243,-0.09139149732485757,costlyxcostly,all,2000
reassure-force_silence,U_final,-0.31475,-0.3346103044235454,-0.29488969557645456,costlyxcostly,all,2000
reassure-force_silence,no_concession_either,-0.3175,-0.33790670408924217,-0.29709329591075784,costlyxcostly,all,2000
reassure-force_silence,A_p_truth0,0.0,0.0,0.0,costlyxcostly,all,2000
reassure-force_silence,A_p_truth,-0.00428737807082413,-0.005024476618576693,-0.003550279523071567,costlyxcostly,all,2000
reassure-force_silence,B_p_truth0,0.0,0.0,0.0,costlyxcostly,all,2000
reassure-force_silence,B_p_truth,-4.0815196587037334e-05,-0.0004014940259481,0.0003198636327740254,costlyxcostly,all,2000
reassure-force_silence,A_dbelief,-0.0044648078006900216,-0.005199835272058546,-0.0037297803293214974,costlyxcostly,all,2000
reassure-force_silence,B_dbelief,1.1263084536252675e-05,-0.00034940897808311136,0.00037193514715561674,costlyxcostly,all,2000
reassure-force_silence,belief_gap_final,0.004177367009235164,0.003336767960407876,0.005017966058062453,costlyxcostly,all,2000
reassure-force_silence,A_hidden_shift,-0.030057072606522503,-0.03344306870086327,-0.026671076512181736,costlyxcostly,all,2000
reassure-force_silence,B_hidden_shift,6.910221429607225e-05,-0.0005303589479513258,0.0006685633765434703,costlyxcostly,all,2000
reassure-force_silence,dist_oracle,0.0019788873466795756,0.001592165588659024,0.0023656091047001273,costlyxcostly,all,2000
reassure-force_silence,A_transp_err,-0.010541989032227814,-0.011524993607163614,-0.009558984457292015,costlyxcostly,all,2000
reassure-force_silence,B_transp_err,0.001802300328586488,5.776179557492834e-05,0.0035468388615980478,costlyxcostly,all,2000
reassure-force_silence,A_assert,-0.003541666666666667,-0.004449046270394632,-0.0026342870629387015,costlyxcostly,all,2000
reassure-force_silence,A_concede,0.03225,0.03042989502532486,0.03407010497467514,costlyxcostly,all,2000
reassure-force_silence,A_pressure,-0.008875,-0.010390764450548264,-0.007359235549451734,costlyxcostly,all,2000
reassure-force_silence,A_silence,-0.010625,-0.012118975160269026,-0.009131024839730975,costlyxcostly,all,2000
reassure-force_silence,A_reassure,-0.009208333333333332,-0.010416030769984454,-0.00800063589668221,costlyxcostly,all,2000
reassure-force_silence,B_assert,8.333333333333328e-05,-0.0001996154684960308,0.00036628213516269733,costlyxcostly,all,2000
reassure-force_silence,B_concede,4.1666666666666645e-05,-9.980773424801539e-05,0.00018314106758134867,costlyxcostly,all,2000
reassure-force_silence,B_pressure,-0.00016666666666666666,-0.0005131586186378991,0.0001798252853045658,costlyxcostly,all,2000
reassure-force_silence,B_silence,-0.08320833333333331,-0.08345333333333331,-0.08296333333333332,costlyxcostly,all,2000
reassure-force_silence,B_reassure,0.08325,0.08308666666666667,0.08341333333333334,costlyxcostly,all,2000
reassure-force_silence,A_pC_true,2.802236007300521e-05,-0.00023796114627383812,0.00029400586641984853,costlyxcostly,all,2000
reassure-force_silence,A_pW_true,0.01106526490030268,0.009022809416949914,0.013107720383655446,costlyxcostly,all,2000
reassure-force_silence,B_pC_true,-0.005881505390203547,-0.00903812656142974,-0.0027248842189773544,costlyxcostly,all,2000
reassure-force_silence,B_pW_true,-0.0036071687589707543,-0.006111670402014809,-0.0011026671159266995,costlyxcostly,all,2000
reassure-force_silence,conc_A_8_12,0.355,0.3339772276214758,0.37602277237852416,costlyxcostly,all,2000
reassure-force_silence,conc_A_9_12,0.3635,0.3423681460390738,0.3846318539609262,costlyxcostly,all,2000
reassure-force_silence,conc_B_8_12,0.0005,-0.001197692810976185,0.002197692810976185,costlyxcostly,all,2000
reassure-force_silence,conc_A_1_7,0.0,0.0,0.0,costlyxcostly,all,2000
reassure-force_silence,A_concede_8_12,0.0774,0.07303174806077965,0.08176825193922034,costlyxcostly,all,2000
reassure-force_silence,A_pressure_8_12,-0.0213,-0.024937834681315836,-0.017662165318684163,costlyxcostly,all,2000
reassure-force_silence,A_silence_8_12,-0.0255,-0.02908554038464566,-0.021914459615354338,costlyxcostly,all,2000
reassure-force_silence,A_p_truth_r7,0.0,0.0,0.0,costlyxcostly,all,2000
reassure-force_silence,A_dbelief_8_12,0.004497352647611969,0.003766778584194867,0.005227926711029071,costlyxcostly,all,2000
reassure-force_silence,B_pC16,-0.005881505390203547,-0.00903812656142974,-0.0027248842189773544,costlyxcostly,all,2000
reassure-force_silence,B_pW02,0.0035647626239791227,-0.001860915689187649,0.008990440937145894,costlyxcostly,all,2000
reassure-force_silence,B_cmean,-0.005217661633149849,-0.007843129591900883,-0.0025921936743988137,costlyxcostly,all,2000
reassure-force_silence,B_wmean,-0.002868772553179956,-0.005988181902843095,0.0002506367964831826,costlyxcostly,all,2000
reassure-force_silence,A_own0,0.0,0.0,0.0,costlyxcostly,A_own0,1225
reassure-force_silence,B_own0,0.0,0.0,0.0,costlyxcostly,A_own0,1225
reassure-force_silence,nonc_A,-0.014285714285714285,-0.017536656833804055,-0.011034771737624518,costlyxcostly,A_own0,1225
reassure-force_silence,nonc_B,-0.00020408163265306123,-0.0006040816326530613,0.00019591836734693873,costlyxcostly,A_own0,1225
reassure-force_silence,nonc_mutual,-0.014489795918367347,-0.01776245948148923,-0.011217132355245464,costlyxcostly,A_own0,1225
reassure-force_silence,U_final,-0.04204081632653061,-0.052440125001391294,-0.031641507651669926,costlyxcostly,A_own0,1225
reassure-force_silence,no_concession_either,-0.05714285714285714,-0.07014662733521622,-0.04413908695049807,costlyxcostly,A_own0,1225
reassure-force_silence,A_p_truth0,0.0,0.0,0.0,costlyxcostly,A_own0,1225
reassure-force_silence,A_p_truth,-0.0013883012020006714,-0.0023949457363575673,-0.0003816566676437755,costlyxcostly,A_own0,1225
reassure-force_silence,B_p_truth0,0.0,0.0,0.0,costlyxcostly,A_own0,1225
reassure-force_silence,B_p_truth,-5.445942749934444e-06,-0.0004373561480194554,0.00042646426251958646,costlyxcostly,A_own0,1225
reassure-force_silence,A_dbelief,-0.0011497063601195602,-0.002157294466504279,-0.0001421182537348414,costlyxcostly,A_own0,1225
reassure-force_silence,B_dbelief,4.475106791347271e-06,-0.00042741093626967467,0.00043636114985236925,costlyxcostly,A_own0,1225
reassure-force_silence,belief_gap_final,0.0009140442907810473,-0.0002237078863131873,0.0020517964678752817,costlyxcostly,A_own0,1225
reassure-force_silence,A_hidden_shift,-0.013892622251896369,-0.018421479784938438,-0.009363764718854299,costlyxcostly,A_own0,1225
reassure-force_silence,B_hidden_shift,-0.0003437190610860007,-0.0011265685178623187,0.0004391303956903172,costlyxcostly,A_own0,1225
reassure-force_silence,dist_oracle,0.00039997874658261333,-0.00012220434394867244,0.0009221618371138992,costlyxcostly,A_own0,1225
reassure-force_silence,A_transp_err,-0.002066516241187877,-0.0029122969422857975,-0.0012207355400899564,costlyxcostly,A_own0,1225
reassure-force_silence,B_transp_err,-0.003251380496868829,-0.005952173238944741,-0.0005505877547929174,costlyxcostly,A_own0,1225
reassure-force_silence,A_assert,-0.002925170068027211,-0.0041292903244245435,-0.0017210498116298789,costlyxcostly,A_own0,1225
reassure-force_silence,A_concede,0.004761904761904761,0.003678257245874838,0.005845552277934683,costlyxcostly,A_own0,1225
reassure-force_silence,A_pressure,-0.000272108843537415,-0.0015514287427426691,0.0010072110556678393,costlyxcostly,A_own0,1225
reassure-force_silence,A_silence,-0.0010204081632653062,-0.002094294406326267,5.347807979565449e-05,costlyxcostly,A_own0,1225
reassure-force_silence,A_reassure,-0.00054421768707483,-0.0011093122640267845,2.087688987712443e-05,costlyxcostly,A_own0,1225
reassure-force_silence,B_assert,6.802721088435362e-05,-0.00033211800603820125,0.0004681724278069085,costlyxcostly,A_own0,1225
reassure-force_silence,B_concede,6.802721088435374e-05,-6.530612244897963e-05,0.00020136054421768712,costlyxcostly,A_own0,1225
reassure-force_silence,B_pressure,-0.0002721088435374149,-0.0007709673808326978,0.00022674969375786804,costlyxcostly,A_own0,1225
reassure-force_silence,B_silence,-0.08319727891156463,-0.08352392201239972,-0.08287063581072954,costlyxcostly,A_own0,1225
reassure-force_silence,B_reassure,0.08333333333333334,0.08314469451386064,0.08352197215280605,costlyxcostly,A_own0,1225
reassure-force_silence,A_pC_true,0.00015015251628009327,-0.00024609649290178895,0.0005464015254619754,costlyxcostly,A_own0,1225
reassure-force_silence,A_pW_true,0.007555047562527726,0.0050269701177820415,0.010083125007273411,costlyxcostly,A_own0,1225
reassure-force_silence,B_pC_true,-0.006313542743302154,-0.010518440877023132,-0.002108644609581178,costlyxcostly,A_own0,1225
reassure-force_silence,B_pW_true,-0.0065965272587020125,-0.0103902011700689,-0.002802853347335125,costlyxcostly,A_own0,1225
reassure-force_silence,conc_A_8_12,0.05714285714285714,0.04413908695049807,0.07014662733521622,costlyxcostly,A_own0,1225
reassure-force_silence,conc_A_9_12,0.05714285714285714,0.04413908695049807,0.07014662733521622,costlyxcostly,A_own0,1225
reassure-force_silence,conc_B_8_12,0.0008163265306122449,-0.0007836734693877549,0.002416326530612245,costlyxcostly,A_own0,1225
reassure-force_silence,conc_A_1_7,0.0,0.0,0.0,costlyxcostly,A_own0,1225
reassure-force_silence,A_concede_8_12,0.011428571428571429,0.008827817390099614,0.014029325467043243,costlyxcostly,A_own0,1225
reassure-force_silence,A_pressure_8_12,-0.0006530612244897964,-0.0037234289825824065,0.0024173065336028136,costlyxcostly,A_own0,1225
reassure-force_silence,A_silence_8_12,-0.0024489795918367346,-0.00502630657518304,0.00012834739150957087,costlyxcostly,A_own0,1225
reassure-force_silence,A_p_truth_r7,0.0,0.0,0.0,costlyxcostly,A_own0,1225
reassure-force_silence,A_dbelief_8_12,0.0011267357955722537,0.00012707740624004265,0.0021263941849044648,costlyxcostly,A_own0,1225
reassure-force_silence,B_pC16,-0.006313542743302154,-0.010518440877023132,-0.002108644609581178,costlyxcostly,A_own0,1225
reassure-force_silence,B_pW02,0.007248606370465393,-0.0011467796022761037,0.01564399234320689,costlyxcostly,A_own0,1225
reassure-force_silence,B_cmean,-0.0059339920613966845,-0.009448884431856082,-0.002419099690937288,costlyxcostly,A_own0,1225
reassure-force_silence,B_wmean,-0.0055380534516669645,-0.010328510288523558,-0.0007475966148103707,costlyxcostly,A_own0,1225
placebo-force_silence,A_own0,0.0,0.0,0.0,costlyxcostly,all,2000
placebo-force_silence,B_own0,0.0,0.0,0.0,costlyxcostly,all,2000
placebo-force_silence,nonc_A,0.002125,0.0011188899084801265,0.0031311100915198736,costlyxcostly,all,2000
placebo-force_silence,nonc_B,0.002125,0.0011188899084801265,0.0031311100915198736,costlyxcostly,all,2000
placebo-force_silence,nonc_mutual,0.00425,0.0027113352234332125,0.005788664776566788,costlyxcostly,all,2000
placebo-force_silence,U_final,0.023375,0.01712946789912088,0.02962053210087912,costlyxcostly,all,2000
placebo-force_silence,no_concession_either,0.0345,0.026499164138213835,0.04250083586178617,costlyxcostly,all,2000
placebo-force_silence,A_p_truth0,0.0,0.0,0.0,costlyxcostly,all,2000
placebo-force_silence,A_p_truth,-3.356115205631979e-05,-0.0010832804891725957,0.001016158185059956,costlyxcostly,all,2000
placebo-force_silence,B_p_truth0,0.0,0.0,0.0,costlyxcostly,all,2000
placebo-force_silence,B_p_truth,-0.0006766127688369107,-0.0018371491443163477,0.0004839236066425263,costlyxcostly,all,2000
placebo-force_silence,A_dbelief,-0.0012758053583394695,-0.002323238237988866,-0.00022837247869007295,costlyxcostly,all,2000
placebo-force_silence,B_dbelief,-0.0033025982783314676,-0.004454263440613507,-0.0021509331160494286,costlyxcostly,all,2000
placebo-force_silence,belief_gap_final,0.0019431204732194395,0.00048330258823285686,0.0034029383582060225,costlyxcostly,all,2000
placebo-force_silence,A_hidden_shift,-0.00038095850180205627,-0.0014468198511048448,0.0006849028475007322,costlyxcostly,all,2000
placebo-force_silence,B_hidden_shift,-0.0011751485104443838,-0.002630422515490276,0.0002801254946015086,costlyxcostly,all,2000
placebo-force_silence,dist_oracle,-0.0001949887323438271,-0.0009022608934920535,0.0005122834288043993,costlyxcostly,all,2000
placebo-force_silence,A_transp_err,0.00029185601504502545,-0.0006452474866662312,0.0012289595167562823,costlyxcostly,all,2000
placebo-force_silence,B_transp_err,-0.008378835893021436,-0.010112658484372048,-0.006645013301670824,costlyxcostly,all,2000
placebo-force_silence,A_assert,-0.0009166666666666668,-0.001787919903224338,-4.541343010899563e-05,costlyxcostly,all,2000
placebo-force_silence,A_concede,-0.0015833333333333333,-0.002132997022002028,-0.0010336696446646384,costlyxcostly,all,2000
placebo-force_silence,A_pressure,0.00041666666666666664,-0.00011241097983000366,0.0009457443131633369,costlyxcostly,all,2000
placebo-force_silence,A_silence,0.000875,0.000187761983661333,0.001562238016338667,costlyxcostly,all,2000
placebo-force_silence,A_reassure,0.0012083333333333332,0.000572539556558572,0.0018441271101080944,costlyxcostly,all,2000
placebo-force_silence,B_assert,-0.0012916666666666669,-0.0021734314235534956,-0.0004099019097798382,costlyxcostly,all,2000
placebo-force_silence,B_concede,-0.0021666666666666666,-0.0029613775326160423,-0.0013719558007172909,costlyxcostly,all,2000
placebo-force_silence,B_pressure,0.0014583333333333332,0.0006078946037715901,0.002308772062895076,costlyxcostly,all,2000
placebo-force_silence,B_silence,-0.08245833333333333,-0.08316472360396321,-0.08175194306270345,costlyxcostly,all,2000
placebo-force_silence,B_reassure,0.08445833333333332,0.08378158400825707,0.08513508265840956,costlyxcostly,all,2000
placebo-force_silence,A_pC_true,-0.0015616302390828256,-0.0025686195772005216,-0.0005546409009651297,costlyxcostly,all,2000
placebo-force_silence,A_pW_true,0.0003769979745258906,-0.0013114507778343022,0.0020654467268860833,costlyxcostly,all,2000
placebo-force_silence,B_pC_true,-0.02764308541529715,-0.031169139539238628,-0.02411703129135567,costlyxcostly,all,2000
placebo-force_silence,B_pW_true,-0.046076161043050005,-0.049118880912775,-0.04303344117332501,costlyxcostly,all,2000
placebo-force_silence,conc_A_8_12,-0.0095,-0.013972700562877262,-0.005027299437122738,costlyxcostly,all,2000
placebo-force_silence,conc_A_9_12,-0.0085,-0.012524440366079494,-0.004475559633920506,costlyxcostly,all,2000
placebo-force_silence,conc_B_8_12,-0.0085,-0.012524440366079494,-0.004475559633920506,costlyxcostly,all,2000
placebo-force_silence,conc_A_1_7,-0.008,-0.011905264952237374,-0.004094735047762626,costlyxcostly,all,2000
placebo-force_silence,A_concede_8_12,-0.0019,-0.0027945401125754523,-0.0010054598874245475,costlyxcostly,all,2000
placebo-force_silence,A_pressure_8_12,0.0008000000000000003,-0.0001597996122357123,0.001759799612235713,costlyxcostly,all,2000
placebo-force_silence,A_silence_8_12,0.0009000000000000001,-7.945077155871027e-05,0.0018794507715587105,costlyxcostly,all,2000
placebo-force_silence,A_p_truth_r7,-9.79943939378037e-05,-0.0009777600811684633,0.0007817712932928559,costlyxcostly,all,2000
placebo-force_silence,A_dbelief_8_12,5.6612863842512434e-05,-0.0005814110665309458,0.0006946367942159707,costlyxcostly,all,2000
placebo-force_silence,B_pC16,-0.02764308541529715,-0.031169139539238628,-0.02411703129135567,costlyxcostly,all,2000
placebo-force_silence,B_pW02,0.08330816863887111,0.0777894947167532,0.08882684256098902,costlyxcostly,all,2000
placebo-force_silence,B_cmean,-0.024150684751553967,-0.0273738989518889,-0.020927470551219032,costlyxcostly,all,2000
placebo-force_silence,B_wmean,-0.05175373187276843,-0.055089138585975306,-0.04841832515956156,costlyxcostly,all,2000
placebo-force_silence,A_own0,0.0,0.0,0.0,costlyxcostly,A_own0,1225
placebo-force_silence,B_own0,0.0,0.0,0.0,costlyxcostly,A_own0,1225
placebo-force_silence,nonc_A,0.0,0.0,0.0,costlyxcostly,A_own0,1225
placebo-force_silence,nonc_B,0.002653061224489796,0.001217927835867939,0.004088194613111653,costlyxcostly,A_own0,1225
placebo-force_silence,nonc_mutual,0.002653061224489796,0.001217927835867939,0.004088194613111653,costlyxcostly,A_own0,1225
placebo-force_silence,U_final,0.018163265306122448,0.011157161524698821,0.025169369087546075,costlyxcostly,A_own0,1225
placebo-force_silence,no_concession_either,0.025306122448979593,0.016507548589496213,0.034104696308462974,costlyxcostly,A_own0,1225
placebo-force_silence,A_p_truth0,0.0,0.0,0.0,costlyxcostly,A_own0,1225
placebo-force_silence,A_p_truth,0.0003219255730073314,-0.0006700138810579124,0.001313865027072575,costlyxcostly,A_own0,1225
placebo-force_silence,B_p_truth0,0.0,0.0,0.0,costlyxcostly,A_own0,1225
placebo-force_silence,B_p_truth,0.0005467835380740819,-8.830721539676383e-05,0.0011818742915449278,costlyxcostly,A_own0,1225
placebo-force_silence,A_dbelief,6.589286960105516e-05,-0.0009251853428049437,0.001056971082007054,costlyxcostly,A_own0,1225
placebo-force_silence,B_dbelief,-0.00021661718598861416,-0.0008523139995328252,0.00041907962755559683,costlyxcostly,A_own0,1225
placebo-force_silence,belief_gap_final,-0.0011175906050217993,-0.002335100343679066,9.991913363546745e-05,costlyxcostly,A_own0,1225
placebo-force_silence,A_hidden_shift,6.589286960105516e-05,-0.0009251853428049437,0.001056971082007054,costlyxcostly,A_own0,1225
placebo-force_silence,B_hidden_shift,0.0020764899062181955,0.0004873162105009934,0.003665663601935398,costlyxcostly,A_own0,1225
placebo-force_silence,dist_oracle,-0.0006490690626805497,-0.0011704667460623803,-0.00012767137929871916,costlyxcostly,A_own0,1225
placebo-force_silence,A_transp_err,-0.000794885282377743,-0.0016994145673168743,0.00010964400256138816,costlyxcostly,A_own0,1225
placebo-force_silence,B_transp_err,-0.010707593863205555,-0.01307792366611446,-0.00833726406029665,costlyxcostly,A_own0,1225
placebo-force_silence,A_assert,-0.0005442176870748298,-0.0010423769713167256,-4.6058402832933974e-05,costlyxcostly,A_own0,1225
placebo-force_silence,A_concede,-0.00013605442176870748,-0.00032453918746359303,5.243034392617805e-05,costlyxcostly,A_own0,1225
placebo-force_silence,A_pressure,0.0005442176870748298,0.00012351177547827575,0.0009649235986713839,costlyxcostly,A_own0,1225
placebo-force_silence,A_silence,6.802721088435373e-05,-0.00016297578041626342,0.00029903020218497085,costlyxcostly,A_own0,1225
placebo-force_silence,A_reassure,6.802721088435373e-05,-0.00016297578041626337,0.00029903020218497085,costlyxcostly,A_own0,1225
placebo-force_silence,B_assert,0.0002721088435374149,-0.00022674969375786793,0.0007709673808326977,costlyxcostly,A_own0,1225
placebo-force_silence,B_concede,-0.0020408163265306124,-0.0027624098185716588,-0.0013192228344895663,costlyxcostly,A_own0,1225
placebo-force_silence,B_pressure,0.0008163265306122448,3.989445480846645e-05,0.0015927586064160232,costlyxcostly,A_own0,1225
placebo-force_silence,B_silence,-0.08272108843537415,-0.08323655721328624,-0.08220561965746206,costlyxcostly,A_own0,1225
placebo-force_silence,B_reassure,0.0836734693877551,0.08323148271944932,0.0841154560560609,costlyxcostly,A_own0,1225
placebo-force_silence,A_pC_true,-0.001806241278892536,-0.002932012814339476,-0.0006804697434455958,costlyxcostly,A_own0,1225
placebo-force_silence,A_pW_true,-0.002187158758585661,-0.003690446193768825,-0.000683871323402497,costlyxcostly,A_own0,1225
placebo-force_silence,B_pC_true,-0.02048073489817597,-0.024198997498491595,-0.016762472297860348,costlyxcostly,A_own0,1225
placebo-force_silence,B_pW_true,-0.01945458064126205,-0.02306136653666819,-0.01584779474585591,costlyxcostly,A_own0,1225
placebo-force_silence,conc_A_8_12,-0.0008163265306122449,-0.002416326530612245,0.0007836734693877549,costlyxcostly,A_own0,1225
placebo-force_silence,conc_A_9_12,0.0,0.0,0.0,costlyxcostly,A_own0,1225
placebo-force_silence,conc_B_8_12,-0.010612244897959184,-0.016352778452446613,-0.004871711343471756,costlyxcostly,A_own0,1225
placebo-force_silence,conc_A_1_7,-0.0008163265306122449,-0.0024163265306122446,0.0007836734693877547,costlyxcostly,A_own0,1225
placebo-force_silence,A_concede_8_12,-0.00016326530612244898,-0.0004832653061224491,0.0001567346938775511,costlyxcostly,A_own0,1225
placebo-force_silence,A_pressure_8_12,0.0008163265306122449,-2.9424093181234004e-05,0.001662077154405724,costlyxcostly,A_own0,1225
placebo-force_silence,A_silence_8_12,0.00016326530612244903,-0.0003911418729990319,0.0007176724852439299,costlyxcostly,A_own0,1225
placebo-force_silence,A_p_truth_r7,-5.7746076339087266e-05,-0.0003930693634474634,0.0002775772107692889,costlyxcostly,A_own0,1225
placebo-force_silence,A_dbelief_8_12,-0.0005550798293935088,-0.0014686988316601713,0.0003585391728731538,costlyxcostly,A_own0,1225
placebo-force_silence,B_pC16,-0.02048073489817597,-0.024198997498491595,-0.016762472297860348,costlyxcostly,A_own0,1225
placebo-force_silence,B_pW02,0.03847081879074478,0.03133612519485568,0.04560551238663388,costlyxcostly,A_own0,1225
placebo-force_silence,B_cmean,-0.017912634385079146,-0.021089089832935483,-0.014736178937222809,costlyxcostly,A_own0,1225
placebo-force_silence,B_wmean,-0.023170159772802734,-0.027362857535662276,-0.018977462009943193,costlyxcostly,A_own0,1225
reassure-base,A_own0,0.0,0.0,0.0,attenuatedxattenuated,all,2000
reassure-base,B_own0,0.0,0.0,0.0,attenuatedxattenuated,all,2000
reassure-base,nonc_A,0.0035,0.0016399865524646048,0.005360013447535395,attenuatedxattenuated,all,2000
reassure-base,nonc_B,-0.0005,-0.002232706246155918,0.001232706246155918,attenuatedxattenuated,all,2000
reassure-base,nonc_mutual,0.003125,0.0008171589628775747,0.005432841037122426,attenuatedxattenuated,all,2000
reassure-base,U_final,0.00375,0.0007732367729940581,0.006726763227005942,attenuatedxattenuated,all,2000
reassure-base,no_concession_either,0.007,-0.0007123550884606724,0.014712355088460673,attenuatedxattenuated,all,2000
reassure-base,A_p_truth0,0.0,0.0,0.0,attenuatedxattenuated,all,2000
reassure-base,A_p_truth,-0.0013630583525111309,-0.0018397489351792181,-0.0008863677698430436,attenuatedxattenuated,all,2000
reassure-base,B_p_truth0,0.0,0.0,0.0,attenuatedxattenuated,all,2000
reassure-base,B_p_truth,-0.0001280232729239365,-0.000379851168056148,0.000123804622208275,attenuatedxattenuated,all,2000
reassure-base,A_dbelief,-0.0034370161754928405,-0.0038916043827233048,-0.0029824279682623763,attenuatedxattenuated,all,2000
reassure-base,B_dbelief,0.00025884615696192547,7.211449882440677e-06,0.0005104808640414103,attenuatedxattenuated,all,2000
reassure-base,belief_gap_final,0.004255211492849916,0.0037620453840001285,0.004748377601699704,attenuatedxattenuated,all,2000
reassure-base,A_hidden_shift,-0.0015873827720300545,-0.002130142456295112,-0.0010446230877649968,attenuatedxattenuated,all,2000
reassure-base,B_hidden_shift,4.865117686963662e-05,-0.00045207541923062095,0.0005493777729698941,attenuatedxattenuated,all,2000
reassure-base,dist_oracle,0.0016315614809494063,0.0013774143927001122,0.0018857085691987004,attenuatedxattenuated,all,2000
reassure-base,A_transp_err,0.005190624236885801,0.003431130117435799,0.006950118356335804,attenuatedxattenuated,all,2000
reassure-base,B_transp_err,-0.003037536484738742,-0.004651424678237051,-0.0014236482912404328,attenuatedxattenuated,all,2000
reassure-base,A_assert,0.0032916666666666667,0.0024752880698161693,0.004108045263517164,attenuatedxattenuated,all,2000
reassure-base,A_concede,-0.0011666666666666665,-0.0017866711491784648,-0.0005466621841548683,attenuatedxattenuated,all,2000
reassure-base,A_pressure,-0.0005416666666666668,-0.001424928523478277,0.0003415951901449434,attenuatedxattenuated,all,2000
reassure-base,A_silence,-0.00075,-0.0015743437721367605,7.43437721367606e-05,attenuatedxattenuated,all,2000
reassure-base,A_reassure,-0.0008333333333333334,-0.0013980978186777975,-0.0002685688479888692,attenuatedxattenuated,all,2000
reassure-base,B_assert,-0.047500000000000014,-0.04940910264050983,-0.0455908973594902,attenuatedxattenuated,all,2000
reassure-base,B_concede,-0.030291666666666668,-0.03216644413331208,-0.028416889200021257,attenuatedxattenuated,all,2000
reassure-base,B_pressure,-0.00175,-0.002603299770970588,-0.0008967002290294121,attenuatedxattenuated,all,2000
reassure-base,B_silence,-0.0015416666666666664,-0.002407378348381733,-0.0006759549849515998,attenuatedxattenuated,all,2000
reassure-base,B_reassure,0.08108333333333333,0.08041698493923803,0.08174968172742862,attenuatedxattenuated,all,2000
reassure-base,A_pC_true,-0.09117639562858951,-0.0996173533685913,-0.08273543788858771,attenuatedxattenuated,all,2000
reassure-base,A_pW_true,0.03746032438580654,0.03388276689216935,0.04103788187944374,attenuatedxattenuated,all,2000
reassure-base,B_pC_true,0.0005427320699138995,-0.0036314640655854056,0.004716928205413204,attenuatedxattenuated,all,2000
reassure-base,B_pW_true,-0.0045249276545195095,-0.007351204573469143,-0.0016986507355698762,attenuatedxattenuated,all,2000
reassure-base,conc_A_8_12,-0.0085,-0.014118737162712973,-0.0028812628372870287,attenuatedxattenuated,all,2000
reassure-base,conc_A_9_12,-0.0085,-0.014118737162712973,-0.0028812628372870287,attenuatedxattenuated,all,2000
reassure-base,conc_B_8_12,0.001,-0.004715593862986005,0.006715593862986005,attenuatedxattenuated,all,2000
reassure-base,conc_A_1_7,0.0,0.0,0.0,attenuatedxattenuated,all,2000
reassure-base,A_concede_8_12,-0.0028,-0.004288010758028316,-0.0013119892419716837,attenuatedxattenuated,all,2000
reassure-base,A_pressure_8_12,-0.0013000000000000004,-0.003419828456347865,0.0008198284563478643,attenuatedxattenuated,all,2000
reassure-base,A_silence_8_12,-0.0018,-0.0037784250531282255,0.00017842505312822563,attenuatedxattenuated,all,2000
reassure-base,A_p_truth_r7,0.0,0.0,0.0,attenuatedxattenuated,all,2000
reassure-base,A_dbelief_8_12,0.0015896943053044024,0.001241054792368302,0.001938333818240503,attenuatedxattenuated,all,2000
reassure-base,B_pC16,0.0019183076194136267,-0.00024788754341018514,0.004084502782237438,attenuatedxattenuated,all,2000
reassure-base,B_pW02,-0.0045249276545195095,-0.007351204573469143,-0.0016986507355698762,attenuatedxattenuated,all,2000
reassure-base,B_cmean,0.0011004604395997537,-0.0035038389032168715,0.005704759782416378,attenuatedxattenuated,all,2000
reassure-base,B_wmean,0.0018636385613975458,0.0004582929031762173,0.0032689842196188743,attenuatedxattenuated,all,2000
reassure-base,A_own0,0.0,0.0,0.0,attenuatedxattenuated,A_own0,1225
reassure-base,B_own0,0.0,0.0,0.0,attenuatedxattenuated,A_own0,1225
reassure-base,nonc_A,0.0038775510204081634,0.0013879911201984847,0.006367110920617842,attenuatedxattenuated,A_own0,1225
reassure-base,nonc_B,-0.0012244897959183673,-0.003556814507893847,0.0011078349160571124,attenuatedxattenuated,A_own0,1225
reassure-base,nonc_mutual,0.003061224489795918,-0.00035346886670833055,0.0064759178463001665,attenuatedxattenuated,A_own0,1225
reassure-base,U_final,0.00510204081632653,0.00042697834077320366,0.009777103291879856,attenuatedxattenuated,A_own0,1225
reassure-base,no_concession_either,0.011428571428571429,-0.0011587133684803734,0.02401585622562323,attenuatedxattenuated,A_own0,1225
reassure-base,A_p_truth0,0.0,0.0,0.0,attenuatedxattenuated,A_own0,1225
reassure-base,A_p_truth,3.746461255599212e-05,-0.0006664585824961581,0.0007413878076081423,attenuatedxattenuated,A_own0,1225
reassure-base,B_p_truth0,0.0,0.0,0.0,attenuatedxattenuated,A_own0,1225
reassure-base,B_p_truth,-0.00014504764002238693,-0.0005056814083875376,0.00021558612834276367,attenuatedxattenuated,A_own0,1225
reassure-base,A_dbelief,-0.003062315512012316,-0.003745015692638437,-0.0023796153313861952,attenuatedxattenuated,A_own0,1225
reassure-base,B_dbelief,0.0005221466977867527,0.00016260941484880215,0.0008816839807247031,attenuatedxattenuated,A_own0,1225
reassure-base,belief_gap_final,0.004250003516964448,0.0035323615845172882,0.004967645449411608,attenuatedxattenuated,A_own0,1225
reassure-base,A_hidden_shift,-0.002557522858741478,-0.0034386890133691387,-0.0016763567041138175,attenuatedxattenuated,A_own0,1225
reassure-base,B_hidden_shift,0.00020065691943484235,-0.0005554557081243849,0.0009567695469940697,attenuatedxattenuated,A_own0,1225
reassure-base,dist_oracle,0.0012701640545705268,0.0008968619234698719,0.0016434661856711817,attenuatedxattenuated,A_own0,1225
reassure-base,A_transp_err,0.009147545869232481,0.00649054753398679,0.011804544204478172,attenuatedxattenuated,A_own0,1225
reassure-base,B_transp_err,-0.0058409577055120775,-0.008343406901229049,-0.0033385085097951054,attenuatedxattenuated,A_own0,1225
reassure-base,A_assert,0.005374149659863946,0.004067866313839176,0.006680433005888717,attenuatedxattenuated,A_own0,1225
reassure-base,A_concede,-0.0012925170068027211,-0.0021223703068726143,-0.00046266370673282806,attenuatedxattenuated,A_own0,1225
reassure-base,A_pressure,-0.0008163265306122449,-0.002023338241171131,0.00039068517994664135,attenuatedxattenuated,A_own0,1225
reassure-base,A_silence,-0.001836734693877551,-0.0029873147313621024,-0.0006861546563929994,attenuatedxattenuated,A_own0,1225
reassure-base,A_reassure,-0.0014285714285714286,-0.0022577243417164685,-0.0005994185154263886,attenuatedxattenuated,A_own0,1225
reassure-base,B_assert,-0.030408163265306123,-0.032845514828669056,-0.02797081170194319,attenuatedxattenuated,A_own0,1225
reassure-base,B_concede,-0.045646258503401364,-0.04812546469209789,-0.043167052314704836,attenuatedxattenuated,A_own0,1225
reassure-base,B_pressure,-0.0022448979591836735,-0.003361784907833315,-0.001128011010534032,attenuatedxattenuated,A_own0,1225
reassure-base,B_silence,-0.0021768707482993197,-0.0034078317830159182,-0.0009459097135827211,attenuatedxattenuated,A_own0,1225
reassure-base,B_reassure,0.08047619047619048,0.07950915200813824,0.08144322894424272,attenuatedxattenuated,A_own0,1225
reassure-base,A_pC_true,-0.14441744685768598,-0.1569294577536885,-0.13190543596168347,attenuatedxattenuated,A_own0,1225
reassure-base,A_pW_true,0.017272637568283428,0.012042852338764665,0.02250242279780219,attenuatedxattenuated,A_own0,1225
reassure-base,B_pC_true,-0.00010689335890293818,-0.004940031859446967,0.004726245141641091,attenuatedxattenuated,A_own0,1225
reassure-base,B_pW_true,-0.006720241924542265,-0.010297105530964693,-0.003143378318119836,attenuatedxattenuated,A_own0,1225
reassure-base,conc_A_8_12,-0.013877551020408163,-0.02303967823865823,-0.004715423802158097,attenuatedxattenuated,A_own0,1225
reassure-base,conc_A_9_12,-0.013877551020408163,-0.02303967823865823,-0.004715423802158097,attenuatedxattenuated,A_own0,1225
reassure-base,conc_B_8_12,0.0024489795918367346,-0.006745050867022501,0.01164301005069597,attenuatedxattenuated,A_own0,1225
reassure-base,conc_A_1_7,0.0,0.0,0.0,attenuatedxattenuated,A_own0,1225
reassure-base,A_concede_8_12,-0.003102040816326531,-0.005093688736494274,-0.0011103928961587878,attenuatedxattenuated,A_own0,1225
reassure-base,A_pressure_8_12,-0.001959183673469388,-0.004856011778810716,0.0009376444318719393,attenuatedxattenuated,A_own0,1225
reassure-base,A_silence_8_12,-0.004408163265306123,-0.007169555355269046,-0.0016467711753431996,attenuatedxattenuated,A_own0,1225
reassure-base,A_p_truth_r7,0.0,0.0,0.0,attenuatedxattenuated,A_own0,1225
reassure-base,A_dbelief_8_12,0.0005704552787553753,7.233631987077927e-05,0.0010685742376399714,attenuatedxattenuated,A_own0,1225
reassure-base,B_pC16,0.003131622297752686,-0.0004038967434628047,0.006667141338968176,attenuatedxattenuated,A_own0,1225
reassure-base,B_pW02,-0.006720241924542265,-0.010297105530964693,-0.003143378318119836,attenuatedxattenuated,A_own0,1225
reassure-base,B_cmean,0.0025908125253244828,-0.003868764350530522,0.009050389401179488,attenuatedxattenuated,A_own0,1225
reassure-base,B_wmean,0.00310824418961748,0.0014511661445090528,0.004765322234725908,attenuatedxattenuated,A_own0,1225
placebo-reassure,A_own0,0.0,0.0,0.0,attenuatedxattenuated,all,2000
placebo-reassure,B_own0,0.0,0.0,0.0,attenuatedxattenuated,all,2000
placebo-reassure,nonc_A,0.0,0.0,0.0,attenuatedxattenuated,all,2000
placebo-reassure,nonc_B,0.0,0.0,0.0,attenuatedxattenuated,all,2000
placebo-reassure,nonc_mutual,0.0,0.0,0.0,attenuatedxattenuated,all,2000
placebo-reassure,U_final,0.0,0.0,0.0,attenuatedxattenuated,all,2000
placebo-reassure,no_concession_either,0.0,0.0,0.0,attenuatedxattenuated,all,2000
placebo-reassure,A_p_truth0,0.0,0.0,0.0,attenuatedxattenuated,all,2000
placebo-reassure,A_p_truth,0.0,0.0,0.0,attenuatedxattenuated,all,2000
placebo-reassure,B_p_truth0,0.0,0.0,0.0,attenuatedxattenuated,all,2000
placebo-reassure,B_p_truth,0.0,0.0,0.0,attenuatedxattenuated,all,2000
placebo-reassure,A_dbelief,0.0,0.0,0.0,attenuatedxattenuated,all,2000
placebo-reassure,B_dbelief,0.0,0.0,0.0,attenuatedxattenuated,all,2000
placebo-reassure,belief_gap_final,0.0,0.0,0.0,attenuatedxattenuated,all,2000
placebo-reassure,A_hidden_shift,0.0,0.0,0.0,attenuatedxattenuated,all,2000
placebo-reassure,B_hidden_shift,0.0,0.0,0.0,attenuatedxattenuated,all,2000
placebo-reassure,dist_oracle,0.0,0.0,0.0,attenuatedxattenuated,all,2000
placebo-reassure,A_transp_err,0.0,0.0,0.0,attenuatedxattenuated,all,2000
placebo-reassure,B_transp_err,0.0,0.0,0.0,attenuatedxattenuated,all,2000
placebo-reassure,A_assert,0.0,0.0,0.0,attenuatedxattenuated,all,2000
placebo-reassure,A_concede,0.0,0.0,0.0,attenuatedxattenuated,all,2000
placebo-reassure,A_pressure,0.0,0.0,0.0,attenuatedxattenuated,all,2000
placebo-reassure,A_silence,0.0,0.0,0.0,attenuatedxattenuated,all,2000
placebo-reassure,A_reassure,0.0,0.0,0.0,attenuatedxattenuated,all,2000
placebo-reassure,B_assert,0.0,0.0,0.0,attenuatedxattenuated,all,2000
placebo-reassure,B_concede,0.0,0.0,0.0,attenuatedxattenuated,all,2000
placebo-reassure,B_pressure,0.0,0.0,0.0,attenuatedxattenuated,all,2000
placebo-reassure,B_silence,0.0,0.0,0.0,attenuatedxattenuated,all,2000
placebo-reassure,B_reassure,0.0,0.0,0.0,attenuatedxattenuated,all,2000
placebo-reassure,A_pC_true,0.0,0.0,0.0,attenuatedxattenuated,all,2000
placebo-reassure,A_pW_true,0.0,0.0,0.0,attenuatedxattenuated,all,2000
placebo-reassure,B_pC_true,0.0,0.0,0.0,attenuatedxattenuated,all,2000
placebo-reassure,B_pW_true,0.0,0.0,0.0,attenuatedxattenuated,all,2000
placebo-reassure,conc_A_8_12,0.0,0.0,0.0,attenuatedxattenuated,all,2000
placebo-reassure,conc_A_9_12,0.0,0.0,0.0,attenuatedxattenuated,all,2000
placebo-reassure,conc_B_8_12,0.0,0.0,0.0,attenuatedxattenuated,all,2000
placebo-reassure,conc_A_1_7,0.0,0.0,0.0,attenuatedxattenuated,all,2000
placebo-reassure,A_concede_8_12,0.0,0.0,0.0,attenuatedxattenuated,all,2000
placebo-reassure,A_pressure_8_12,0.0,0.0,0.0,attenuatedxattenuated,all,2000
placebo-reassure,A_silence_8_12,0.0,0.0,0.0,attenuatedxattenuated,all,2000
placebo-reassure,A_p_truth_r7,0.0,0.0,0.0,attenuatedxattenuated,all,2000
placebo-reassure,A_dbelief_8_12,0.0,0.0,0.0,attenuatedxattenuated,all,2000
placebo-reassure,B_pC16,0.0,0.0,0.0,attenuatedxattenuated,all,2000
placebo-reassure,B_pW02,0.0,0.0,0.0,attenuatedxattenuated,all,2000
placebo-reassure,B_cmean,0.0,0.0,0.0,attenuatedxattenuated,all,2000
placebo-reassure,B_wmean,0.0,0.0,0.0,attenuatedxattenuated,all,2000
placebo-reassure,A_own0,0.0,0.0,0.0,attenuatedxattenuated,A_own0,1225
placebo-reassure,B_own0,0.0,0.0,0.0,attenuatedxattenuated,A_own0,1225
placebo-reassure,nonc_A,0.0,0.0,0.0,attenuatedxattenuated,A_own0,1225
placebo-reassure,nonc_B,0.0,0.0,0.0,attenuatedxattenuated,A_own0,1225
placebo-reassure,nonc_mutual,0.0,0.0,0.0,attenuatedxattenuated,A_own0,1225
placebo-reassure,U_final,0.0,0.0,0.0,attenuatedxattenuated,A_own0,1225
placebo-reassure,no_concession_either,0.0,0.0,0.0,attenuatedxattenuated,A_own0,1225
placebo-reassure,A_p_truth0,0.0,0.0,0.0,attenuatedxattenuated,A_own0,1225
placebo-reassure,A_p_truth,0.0,0.0,0.0,attenuatedxattenuated,A_own0,1225
placebo-reassure,B_p_truth0,0.0,0.0,0.0,attenuatedxattenuated,A_own0,1225
placebo-reassure,B_p_truth,0.0,0.0,0.0,attenuatedxattenuated,A_own0,1225
placebo-reassure,A_dbelief,0.0,0.0,0.0,attenuatedxattenuated,A_own0,1225
placebo-reassure,B_dbelief,0.0,0.0,0.0,attenuatedxattenuated,A_own0,1225
placebo-reassure,belief_gap_final,0.0,0.0,0.0,attenuatedxattenuated,A_own0,1225
placebo-reassure,A_hidden_shift,0.0,0.0,0.0,attenuatedxattenuated,A_own0,1225
placebo-reassure,B_hidden_shift,0.0,0.0,0.0,attenuatedxattenuated,A_own0,1225
placebo-reassure,dist_oracle,0.0,0.0,0.0,attenuatedxattenuated,A_own0,1225
placebo-reassure,A_transp_err,0.0,0.0,0.0,attenuatedxattenuated,A_own0,1225
placebo-reassure,B_transp_err,0.0,0.0,0.0,attenuatedxattenuated,A_own0,1225
placebo-reassure,A_assert,0.0,0.0,0.0,attenuatedxattenuated,A_own0,1225
placebo-reassure,A_concede,0.0,0.0,0.0,attenuatedxattenuated,A_own0,1225
placebo-reassure,A_pressure,0.0,0.0,0.0,attenuatedxattenuated,A_own0,1225
placebo-reassure,A_silence,0.0,0.0,0.0,attenuatedxattenuated,A_own0,1225
placebo-reassure,A_reassure,0.0,0.0,0.0,attenuatedxattenuated,A_own0,1225
placebo-reassure,B_assert,0.0,0.0,0.0,attenuatedxattenuated,A_own0,1225
placebo-reassure,B_concede,0.0,0.0,0.0,attenuatedxattenuated,A_own0,1225
placebo-reassure,B_pressure,0.0,0.0,0.0,attenuatedxattenuated,A_own0,1225
placebo-reassure,B_silence,0.0,0.0,0.0,attenuatedxattenuated,A_own0,1225
placebo-reassure,B_reassure,0.0,0.0,0.0,attenuatedxattenuated,A_own0,1225
placebo-reassure,A_pC_true,0.0,0.0,0.0,attenuatedxattenuated,A_own0,1225
placebo-reassure,A_pW_true,0.0,0.0,0.0,attenuatedxattenuated,A_own0,1225
placebo-reassure,B_pC_true,0.0,0.0,0.0,attenuatedxattenuated,A_own0,1225
placebo-reassure,B_pW_true,0.0,0.0,0.0,attenuatedxattenuated,A_own0,1225
placebo-reassure,conc_A_8_12,0.0,0.0,0.0,attenuatedxattenuated,A_own0,1225
placebo-reassure,conc_A_9_12,0.0,0.0,0.0,attenuatedxattenuated,A_own0,1225
placebo-reassure,conc_B_8_12,0.0,0.0,0.0,attenuatedxattenuated,A_own0,1225
placebo-reassure,conc_A_1_7,0.0,0.0,0.0,attenuatedxattenuated,A_own0,1225
placebo-reassure,A_concede_8_12,0.0,0.0,0.0,attenuatedxattenuated,A_own0,1225
placebo-reassure,A_pressure_8_12,0.0,0.0,0.0,attenuatedxattenuated,A_own0,1225
placebo-reassure,A_silence_8_12,0.0,0.0,0.0,attenuatedxattenuated,A_own0,1225
placebo-reassure,A_p_truth_r7,0.0,0.0,0.0,attenuatedxattenuated,A_own0,1225
placebo-reassure,A_dbelief_8_12,0.0,0.0,0.0,attenuatedxattenuated,A_own0,1225
placebo-reassure,B_pC16,0.0,0.0,0.0,attenuatedxattenuated,A_own0,1225
placebo-reassure,B_pW02,0.0,0.0,0.0,attenuatedxattenuated,A_own0,1225
placebo-reassure,B_cmean,0.0,0.0,0.0,attenuatedxattenuated,A_own0,1225
placebo-reassure,B_wmean,0.0,0.0,0.0,attenuatedxattenuated,A_own0,1225
placebo-base,A_own0,0.0,0.0,0.0,attenuatedxattenuated,all,2000
placebo-base,B_own0,0.0,0.0,0.0,attenuatedxattenuated,all,2000
placebo-base,nonc_A,0.0035,0.0016399865524646048,0.005360013447535395,attenuatedxattenuated,all,2000
placebo-base,nonc_B,-0.0005,-0.002232706246155918,0.001232706246155918,attenuatedxattenuated,all,2000
placebo-base,nonc_mutual,0.003125,0.0008171589628775747,0.005432841037122426,attenuatedxattenuated,all,2000
placebo-base,U_final,0.00375,0.0007732367729940581,0.006726763227005942,attenuatedxattenuated,all,2000
placebo-base,no_concession_either,0.007,-0.0007123550884606724,0.014712355088460673,attenuatedxattenuated,all,2000
placebo-base,A_p_truth0,0.0,0.0,0.0,attenuatedxattenuated,all,2000
placebo-base,A_p_truth,-0.0013630583525111309,-0.0018397489351792181,-0.0008863677698430436,attenuatedxattenuated,all,2000
placebo-base,B_p_truth0,0.0,0.0,0.0,attenuatedxattenuated,all,2000
placebo-base,B_p_truth,-0.0001280232729239365,-0.000379851168056148,0.000123804622208275,attenuatedxattenuated,all,2000
placebo-base,A_dbelief,-0.0034370161754928405,-0.0038916043827233048,-0.0029824279682623763,attenuatedxattenuated,all,2000
placebo-base,B_dbelief,0.00025884615696192547,7.211449882440677e-06,0.0005104808640414103,attenuatedxattenuated,all,2000
placebo-base,belief_gap_final,0.004255211492849916,0.0037620453840001285,0.004748377601699704,attenuatedxattenuated,all,2000
placebo-base,A_hidden_shift,-0.0015873827720300545,-0.002130142456295112,-0.0010446230877649968,attenuatedxattenuated,all,2000
placebo-base,B_hidden_shift,4.865117686963662e-05,-0.00045207541923062095,0.0005493777729698941,attenuatedxattenuated,all,2000
placebo-base,dist_oracle,0.0016315614809494063,0.0013774143927001122,0.0018857085691987004,attenuatedxattenuated,all,2000
placebo-base,A_transp_err,0.005190624236885801,0.003431130117435799,0.006950118356335804,attenuatedxattenuated,all,2000
placebo-base,B_transp_err,-0.003037536484738742,-0.004651424678237051,-0.0014236482912404328,attenuatedxattenuated,all,2000
placebo-base,A_assert,0.0032916666666666667,0.0024752880698161693,0.004108045263517164,attenuatedxattenuated,all,2000
placebo-base,A_concede,-0.0011666666666666665,-0.0017866711491784648,-0.0005466621841548683,attenuatedxattenuated,all,2000
placebo-base,A_pressure,-0.0005416666666666668,-0.001424928523478277,0.0003415951901449434,attenuatedxattenuated,all,2000
placebo-base,A_silence,-0.00075,-0.0015743437721367605,7.43437721367606e-05,attenuatedxattenuated,all,2000
placebo-base,A_reassure,-0.0008333333333333334,-0.0013980978186777975,-0.0002685688479888692,attenuatedxattenuated,all,2000
placebo-base,B_assert,-0.047500000000000014,-0.04940910264050983,-0.0455908973594902,attenuatedxattenuated,all,2000
placebo-base,B_concede,-0.030291666666666668,-0.03216644413331208,-0.028416889200021257,attenuatedxattenuated,all,2000
placebo-base,B_pressure,-0.00175,-0.002603299770970588,-0.0008967002290294121,attenuatedxattenuated,all,2000
placebo-base,B_silence,-0.0015416666666666664,-0.002407378348381733,-0.0006759549849515998,attenuatedxattenuated,all,2000
placebo-base,B_reassure,0.08108333333333333,0.08041698493923803,0.08174968172742862,attenuatedxattenuated,all,2000
placebo-base,A_pC_true,-0.09117639562858951,-0.0996173533685913,-0.08273543788858771,attenuatedxattenuated,all,2000
placebo-base,A_pW_true,0.03746032438580654,0.03388276689216935,0.04103788187944374,attenuatedxattenuated,all,2000
placebo-base,B_pC_true,0.0005427320699138995,-0.0036314640655854056,0.004716928205413204,attenuatedxattenuated,all,2000
placebo-base,B_pW_true,-0.0045249276545195095,-0.007351204573469143,-0.0016986507355698762,attenuatedxattenuated,all,2000
placebo-base,conc_A_8_12,-0.0085,-0.014118737162712973,-0.0028812628372870287,attenuatedxattenuated,all,2000
placebo-base,conc_A_9_12,-0.0085,-0.014118737162712973,-0.0028812628372870287,attenuatedxattenuated,all,2000
placebo-base,conc_B_8_12,0.001,-0.004715593862986005,0.006715593862986005,attenuatedxattenuated,all,2000
placebo-base,conc_A_1_7,0.0,0.0,0.0,attenuatedxattenuated,all,2000
placebo-base,A_concede_8_12,-0.0028,-0.004288010758028316,-0.0013119892419716837,attenuatedxattenuated,all,2000
placebo-base,A_pressure_8_12,-0.0013000000000000004,-0.003419828456347865,0.0008198284563478643,attenuatedxattenuated,all,2000
placebo-base,A_silence_8_12,-0.0018,-0.0037784250531282255,0.00017842505312822563,attenuatedxattenuated,all,2000
placebo-base,A_p_truth_r7,0.0,0.0,0.0,attenuatedxattenuated,all,2000
placebo-base,A_dbelief_8_12,0.0015896943053044024,0.001241054792368302,0.001938333818240503,attenuatedxattenuated,all,2000
placebo-base,B_pC16,0.0019183076194136267,-0.00024788754341018514,0.004084502782237438,attenuatedxattenuated,all,2000
placebo-base,B_pW02,-0.0045249276545195095,-0.007351204573469143,-0.0016986507355698762,attenuatedxattenuated,all,2000
placebo-base,B_cmean,0.0011004604395997537,-0.0035038389032168715,0.005704759782416378,attenuatedxattenuated,all,2000
placebo-base,B_wmean,0.0018636385613975458,0.0004582929031762173,0.0032689842196188743,attenuatedxattenuated,all,2000
placebo-base,A_own0,0.0,0.0,0.0,attenuatedxattenuated,A_own0,1225
placebo-base,B_own0,0.0,0.0,0.0,attenuatedxattenuated,A_own0,1225
placebo-base,nonc_A,0.0038775510204081634,0.0013879911201984847,0.006367110920617842,attenuatedxattenuated,A_own0,1225
placebo-base,nonc_B,-0.0012244897959183673,-0.003556814507893847,0.0011078349160571124,attenuatedxattenuated,A_own0,1225
placebo-base,nonc_mutual,0.003061224489795918,-0.00035346886670833055,0.0064759178463001665,attenuatedxattenuated,A_own0,1225
placebo-base,U_final,0.00510204081632653,0.00042697834077320366,0.009777103291879856,attenuatedxattenuated,A_own0,1225
placebo-base,no_concession_either,0.011428571428571429,-0.0011587133684803734,0.02401585622562323,attenuatedxattenuated,A_own0,1225
placebo-base,A_p_truth0,0.0,0.0,0.0,attenuatedxattenuated,A_own0,1225
placebo-base,A_p_truth,3.746461255599212e-05,-0.0006664585824961581,0.0007413878076081423,attenuatedxattenuated,A_own0,1225
placebo-base,B_p_truth0,0.0,0.0,0.0,attenuatedxattenuated,A_own0,1225
placebo-base,B_p_truth,-0.00014504764002238693,-0.0005056814083875376,0.00021558612834276367,attenuatedxattenuated,A_own0,1225
placebo-base,A_dbelief,-0.003062315512012316,-0.003745015692638437,-0.0023796153313861952,attenuatedxattenuated,A_own0,1225
placebo-base,B_dbelief,0.0005221466977867527,0.00016260941484880215,0.0008816839807247031,attenuatedxattenuated,A_own0,1225
placebo-base,belief_gap_final,0.004250003516964448,0.0035323615845172882,0.004967645449411608,attenuatedxattenuated,A_own0,1225
placebo-base,A_hidden_shift,-0.002557522858741478,-0.0034386890133691387,-0.0016763567041138175,attenuatedxattenuated,A_own0,1225
placebo-base,B_hidden_shift,0.00020065691943484235,-0.0005554557081243849,0.0009567695469940697,attenuatedxattenuated,A_own0,1225
placebo-base,dist_oracle,0.0012701640545705268,0.0008968619234698719,0.0016434661856711817,attenuatedxattenuated,A_own0,1225
placebo-base,A_transp_err,0.009147545869232481,0.00649054753398679,0.011804544204478172,attenuatedxattenuated,A_own0,1225
placebo-base,B_transp_err,-0.0058409577055120775,-0.008343406901229049,-0.0033385085097951054,attenuatedxattenuated,A_own0,1225
placebo-base,A_assert,0.005374149659863946,0.004067866313839176,0.006680433005888717,attenuatedxattenuated,A_own0,1225
placebo-base,A_concede,-0.0012925170068027211,-0.0021223703068726143,-0.00046266370673282806,attenuatedxattenuated,A_own0,1225
placebo-base,A_pressure,-0.0008163265306122449,-0.002023338241171131,0.00039068517994664135,attenuatedxattenuated,A_own0,1225
placebo-base,A_silence,-0.001836734693877551,-0.0029873147313621024,-0.0006861546563929994,attenuatedxattenuated,A_own0,1225
placebo-base,A_reassure,-0.0014285714285714286,-0.0022577243417164685,-0.0005994185154263886,attenuatedxattenuated,A_own0,1225
placebo-base,B_assert,-0.030408163265306123,-0.032845514828669056,-0.02797081170194319,attenuatedxattenuated,A_own0,1225
placebo-base,B_concede,-0.045646258503401364,-0.04812546469209789,-0.043167052314704836,attenuatedxattenuated,A_own0,1225
placebo-base,B_pressure,-0.0022448979591836735,-0.003361784907833315,-0.001128011010534032,attenuatedxattenuated,A_own0,1225
placebo-base,B_silence,-0.0021768707482993197,-0.0034078317830159182,-0.0009459097135827211,attenuatedxattenuated,A_own0,1225
placebo-base,B_reassure,0.08047619047619048,0.07950915200813824,0.08144322894424272,attenuatedxattenuated,A_own0,1225
placebo-base,A_pC_true,-0.14441744685768598,-0.1569294577536885,-0.13190543596168347,attenuatedxattenuated,A_own0,1225
placebo-base,A_pW_true,0.017272637568283428,0.012042852338764665,0.02250242279780219,attenuatedxattenuated,A_own0,1225
placebo-base,B_pC_true,-0.00010689335890293818,-0.004940031859446967,0.004726245141641091,attenuatedxattenuated,A_own0,1225
placebo-base,B_pW_true,-0.006720241924542265,-0.010297105530964693,-0.003143378318119836,attenuatedxattenuated,A_own0,1225
placebo-base,conc_A_8_12,-0.013877551020408163,-0.02303967823865823,-0.004715423802158097,attenuatedxattenuated,A_own0,1225
placebo-base,conc_A_9_12,-0.013877551020408163,-0.02303967823865823,-0.004715423802158097,attenuatedxattenuated,A_own0,1225
placebo-base,conc_B_8_12,0.0024489795918367346,-0.006745050867022501,0.01164301005069597,attenuatedxattenuated,A_own0,1225
placebo-base,conc_A_1_7,0.0,0.0,0.0,attenuatedxattenuated,A_own0,1225
placebo-base,A_concede_8_12,-0.003102040816326531,-0.005093688736494274,-0.0011103928961587878,attenuatedxattenuated,A_own0,1225
placebo-base,A_pressure_8_12,-0.001959183673469388,-0.004856011778810716,0.0009376444318719393,attenuatedxattenuated,A_own0,1225
placebo-base,A_silence_8_12,-0.004408163265306123,-0.007169555355269046,-0.0016467711753431996,attenuatedxattenuated,A_own0,1225
placebo-base,A_p_truth_r7,0.0,0.0,0.0,attenuatedxattenuated,A_own0,1225
placebo-base,A_dbelief_8_12,0.0005704552787553753,7.233631987077927e-05,0.0010685742376399714,attenuatedxattenuated,A_own0,1225
placebo-base,B_pC16,0.003131622297752686,-0.0004038967434628047,0.006667141338968176,attenuatedxattenuated,A_own0,1225
placebo-base,B_pW02,-0.006720241924542265,-0.010297105530964693,-0.003143378318119836,attenuatedxattenuated,A_own0,1225
placebo-base,B_cmean,0.0025908125253244828,-0.003868764350530522,0.009050389401179488,attenuatedxattenuated,A_own0,1225
placebo-base,B_wmean,0.00310824418961748,0.0014511661445090528,0.004765322234725908,attenuatedxattenuated,A_own0,1225
remove_c_A-base,A_own0,0.0,0.0,0.0,attenuatedxattenuated,all,2000
remove_c_A-base,B_own0,0.0,0.0,0.0,attenuatedxattenuated,all,2000
remove_c_A-base,nonc_A,0.0,0.0,0.0,attenuatedxattenuated,all,2000
remove_c_A-base,nonc_B,0.0,0.0,0.0,attenuatedxattenuated,all,2000
remove_c_A-base,nonc_mutual,0.0,0.0,0.0,attenuatedxattenuated,all,2000
remove_c_A-base,U_final,0.0,0.0,0.0,attenuatedxattenuated,all,2000
remove_c_A-base,no_concession_either,0.0,0.0,0.0,attenuatedxattenuated,all,2000
remove_c_A-base,A_p_truth0,0.0,0.0,0.0,attenuatedxattenuated,all,2000
remove_c_A-base,A_p_truth,0.0,0.0,0.0,attenuatedxattenuated,all,2000
remove_c_A-base,B_p_truth0,0.0,0.0,0.0,attenuatedxattenuated,all,2000
remove_c_A-base,B_p_truth,0.0,0.0,0.0,attenuatedxattenuated,all,2000
remove_c_A-base,A_dbelief,0.0,0.0,0.0,attenuatedxattenuated,all,2000
remove_c_A-base,B_dbelief,0.0,0.0,0.0,attenuatedxattenuated,all,2000
remove_c_A-base,belief_gap_final,0.0,0.0,0.0,attenuatedxattenuated,all,2000
remove_c_A-base,A_hidden_shift,0.0,0.0,0.0,attenuatedxattenuated,all,2000
remove_c_A-base,B_hidden_shift,0.0,0.0,0.0,attenuatedxattenuated,all,2000
remove_c_A-base,dist_oracle,0.0,0.0,0.0,attenuatedxattenuated,all,2000
remove_c_A-base,A_transp_err,0.0,0.0,0.0,attenuatedxattenuated,all,2000
remove_c_A-base,B_transp_err,0.0,0.0,0.0,attenuatedxattenuated,all,2000
remove_c_A-base,A_assert,0.0,0.0,0.0,attenuatedxattenuated,all,2000
remove_c_A-base,A_concede,0.0,0.0,0.0,attenuatedxattenuated,all,2000
remove_c_A-base,A_pressure,0.0,0.0,0.0,attenuatedxattenuated,all,2000
remove_c_A-base,A_silence,0.0,0.0,0.0,attenuatedxattenuated,all,2000
remove_c_A-base,A_reassure,0.0,0.0,0.0,attenuatedxattenuated,all,2000
remove_c_A-base,B_assert,0.0,0.0,0.0,attenuatedxattenuated,all,2000
remove_c_A-base,B_concede,0.0,0.0,0.0,attenuatedxattenuated,all,2000
remove_c_A-base,B_pressure,0.0,0.0,0.0,attenuatedxattenuated,all,2000
remove_c_A-base,B_silence,0.0,0.0,0.0,attenuatedxattenuated,all,2000
remove_c_A-base,B_reassure,0.0,0.0,0.0,attenuatedxattenuated,all,2000
remove_c_A-base,A_pC_true,0.0,0.0,0.0,attenuatedxattenuated,all,2000
remove_c_A-base,A_pW_true,0.0,0.0,0.0,attenuatedxattenuated,all,2000
remove_c_A-base,B_pC_true,0.0,0.0,0.0,attenuatedxattenuated,all,2000
remove_c_A-base,B_pW_true,0.0,0.0,0.0,attenuatedxattenuated,all,2000
remove_c_A-base,conc_A_8_12,0.0,0.0,0.0,attenuatedxattenuated,all,2000
remove_c_A-base,conc_A_9_12,0.0,0.0,0.0,attenuatedxattenuated,all,2000
remove_c_A-base,conc_B_8_12,0.0,0.0,0.0,attenuatedxattenuated,all,2000
remove_c_A-base,conc_A_1_7,0.0,0.0,0.0,attenuatedxattenuated,all,2000
remove_c_A-base,A_concede_8_12,0.0,0.0,0.0,attenuatedxattenuated,all,2000
remove_c_A-base,A_pressure_8_12,0.0,0.0,0.0,attenuatedxattenuated,all,2000
remove_c_A-base,A_silence_8_12,0.0,0.0,0.0,attenuatedxattenuated,all,2000
remove_c_A-base,A_p_truth_r7,0.0,0.0,0.0,attenuatedxattenuated,all,2000
remove_c_A-base,A_dbelief_8_12,0.0,0.0,0.0,attenuatedxattenuated,all,2000
remove_c_A-base,B_pC16,0.0,0.0,0.0,attenuatedxattenuated,all,2000
remove_c_A-base,B_pW02,0.0,0.0,0.0,attenuatedxattenuated,all,2000
remove_c_A-base,B_cmean,0.0,0.0,0.0,attenuatedxattenuated,all,2000
remove_c_A-base,B_wmean,0.0,0.0,0.0,attenuatedxattenuated,all,2000
remove_c_A-base,A_own0,0.0,0.0,0.0,attenuatedxattenuated,A_own0,1225
remove_c_A-base,B_own0,0.0,0.0,0.0,attenuatedxattenuated,A_own0,1225
remove_c_A-base,nonc_A,0.0,0.0,0.0,attenuatedxattenuated,A_own0,1225
remove_c_A-base,nonc_B,0.0,0.0,0.0,attenuatedxattenuated,A_own0,1225
remove_c_A-base,nonc_mutual,0.0,0.0,0.0,attenuatedxattenuated,A_own0,1225
remove_c_A-base,U_final,0.0,0.0,0.0,attenuatedxattenuated,A_own0,1225
remove_c_A-base,no_concession_either,0.0,0.0,0.0,attenuatedxattenuated,A_own0,1225
remove_c_A-base,A_p_truth0,0.0,0.0,0.0,attenuatedxattenuated,A_own0,1225
remove_c_A-base,A_p_truth,0.0,0.0,0.0,attenuatedxattenuated,A_own0,1225
remove_c_A-base,B_p_truth0,0.0,0.0,0.0,attenuatedxattenuated,A_own0,1225
remove_c_A-base,B_p_truth,0.0,0.0,0.0,attenuatedxattenuated,A_own0,1225
remove_c_A-base,A_dbelief,0.0,0.0,0.0,attenuatedxattenuated,A_own0,1225
remove_c_A-base,B_dbelief,0.0,0.0,0.0,attenuatedxattenuated,A_own0,1225
remove_c_A-base,belief_gap_final,0.0,0.0,0.0,attenuatedxattenuated,A_own0,1225
remove_c_A-base,A_hidden_shift,0.0,0.0,0.0,attenuatedxattenuated,A_own0,1225
remove_c_A-base,B_hidden_shift,0.0,0.0,0.0,attenuatedxattenuated,A_own0,1225
remove_c_A-base,dist_oracle,0.0,0.0,0.0,attenuatedxattenuated,A_own0,1225
remove_c_A-base,A_transp_err,0.0,0.0,0.0,attenuatedxattenuated,A_own0,1225
remove_c_A-base,B_transp_err,0.0,0.0,0.0,attenuatedxattenuated,A_own0,1225
remove_c_A-base,A_assert,0.0,0.0,0.0,attenuatedxattenuated,A_own0,1225
remove_c_A-base,A_concede,0.0,0.0,0.0,attenuatedxattenuated,A_own0,1225
remove_c_A-base,A_pressure,0.0,0.0,0.0,attenuatedxattenuated,A_own0,1225
remove_c_A-base,A_silence,0.0,0.0,0.0,attenuatedxattenuated,A_own0,1225
remove_c_A-base,A_reassure,0.0,0.0,0.0,attenuatedxattenuated,A_own0,1225
remove_c_A-base,B_assert,0.0,0.0,0.0,attenuatedxattenuated,A_own0,1225
remove_c_A-base,B_concede,0.0,0.0,0.0,attenuatedxattenuated,A_own0,1225
remove_c_A-base,B_pressure,0.0,0.0,0.0,attenuatedxattenuated,A_own0,1225
remove_c_A-base,B_silence,0.0,0.0,0.0,attenuatedxattenuated,A_own0,1225
remove_c_A-base,B_reassure,0.0,0.0,0.0,attenuatedxattenuated,A_own0,1225
remove_c_A-base,A_pC_true,0.0,0.0,0.0,attenuatedxattenuated,A_own0,1225
remove_c_A-base,A_pW_true,0.0,0.0,0.0,attenuatedxattenuated,A_own0,1225
remove_c_A-base,B_pC_true,0.0,0.0,0.0,attenuatedxattenuated,A_own0,1225
remove_c_A-base,B_pW_true,0.0,0.0,0.0,attenuatedxattenuated,A_own0,1225
remove_c_A-base,conc_A_8_12,0.0,0.0,0.0,attenuatedxattenuated,A_own0,1225
remove_c_A-base,conc_A_9_12,0.0,0.0,0.0,attenuatedxattenuated,A_own0,1225
remove_c_A-base,conc_B_8_12,0.0,0.0,0.0,attenuatedxattenuated,A_own0,1225
remove_c_A-base,conc_A_1_7,0.0,0.0,0.0,attenuatedxattenuated,A_own0,1225
remove_c_A-base,A_concede_8_12,0.0,0.0,0.0,attenuatedxattenuated,A_own0,1225
remove_c_A-base,A_pressure_8_12,0.0,0.0,0.0,attenuatedxattenuated,A_own0,1225
remove_c_A-base,A_silence_8_12,0.0,0.0,0.0,attenuatedxattenuated,A_own0,1225
remove_c_A-base,A_p_truth_r7,0.0,0.0,0.0,attenuatedxattenuated,A_own0,1225
remove_c_A-base,A_dbelief_8_12,0.0,0.0,0.0,attenuatedxattenuated,A_own0,1225
remove_c_A-base,B_pC16,0.0,0.0,0.0,attenuatedxattenuated,A_own0,1225
remove_c_A-base,B_pW02,0.0,0.0,0.0,attenuatedxattenuated,A_own0,1225
remove_c_A-base,B_cmean,0.0,0.0,0.0,attenuatedxattenuated,A_own0,1225
remove_c_A-base,B_wmean,0.0,0.0,0.0,attenuatedxattenuated,A_own0,1225
remove_c_AB-base,A_own0,0.0,0.0,0.0,attenuatedxattenuated,all,2000
remove_c_AB-base,B_own0,0.0,0.0,0.0,attenuatedxattenuated,all,2000
remove_c_AB-base,nonc_A,0.0,0.0,0.0,attenuatedxattenuated,all,2000
remove_c_AB-base,nonc_B,0.0,0.0,0.0,attenuatedxattenuated,all,2000
remove_c_AB-base,nonc_mutual,0.0,0.0,0.0,attenuatedxattenuated,all,2000
remove_c_AB-base,U_final,0.0,0.0,0.0,attenuatedxattenuated,all,2000
remove_c_AB-base,no_concession_either,0.0,0.0,0.0,attenuatedxattenuated,all,2000
remove_c_AB-base,A_p_truth0,0.0,0.0,0.0,attenuatedxattenuated,all,2000
remove_c_AB-base,A_p_truth,0.0,0.0,0.0,attenuatedxattenuated,all,2000
remove_c_AB-base,B_p_truth0,0.0,0.0,0.0,attenuatedxattenuated,all,2000
remove_c_AB-base,B_p_truth,0.0,0.0,0.0,attenuatedxattenuated,all,2000
remove_c_AB-base,A_dbelief,0.0,0.0,0.0,attenuatedxattenuated,all,2000
remove_c_AB-base,B_dbelief,0.0,0.0,0.0,attenuatedxattenuated,all,2000
remove_c_AB-base,belief_gap_final,0.0,0.0,0.0,attenuatedxattenuated,all,2000
remove_c_AB-base,A_hidden_shift,0.0,0.0,0.0,attenuatedxattenuated,all,2000
remove_c_AB-base,B_hidden_shift,0.0,0.0,0.0,attenuatedxattenuated,all,2000
remove_c_AB-base,dist_oracle,0.0,0.0,0.0,attenuatedxattenuated,all,2000
remove_c_AB-base,A_transp_err,0.0,0.0,0.0,attenuatedxattenuated,all,2000
remove_c_AB-base,B_transp_err,0.0,0.0,0.0,attenuatedxattenuated,all,2000
remove_c_AB-base,A_assert,0.0,0.0,0.0,attenuatedxattenuated,all,2000
remove_c_AB-base,A_concede,0.0,0.0,0.0,attenuatedxattenuated,all,2000
remove_c_AB-base,A_pressure,0.0,0.0,0.0,attenuatedxattenuated,all,2000
remove_c_AB-base,A_silence,0.0,0.0,0.0,attenuatedxattenuated,all,2000
remove_c_AB-base,A_reassure,0.0,0.0,0.0,attenuatedxattenuated,all,2000
remove_c_AB-base,B_assert,0.0,0.0,0.0,attenuatedxattenuated,all,2000
remove_c_AB-base,B_concede,0.0,0.0,0.0,attenuatedxattenuated,all,2000
remove_c_AB-base,B_pressure,0.0,0.0,0.0,attenuatedxattenuated,all,2000
remove_c_AB-base,B_silence,0.0,0.0,0.0,attenuatedxattenuated,all,2000
remove_c_AB-base,B_reassure,0.0,0.0,0.0,attenuatedxattenuated,all,2000
remove_c_AB-base,A_pC_true,0.0,0.0,0.0,attenuatedxattenuated,all,2000
remove_c_AB-base,A_pW_true,0.0,0.0,0.0,attenuatedxattenuated,all,2000
remove_c_AB-base,B_pC_true,0.0,0.0,0.0,attenuatedxattenuated,all,2000
remove_c_AB-base,B_pW_true,0.0,0.0,0.0,attenuatedxattenuated,all,2000
remove_c_AB-base,conc_A_8_12,0.0,0.0,0.0,attenuatedxattenuated,all,2000
remove_c_AB-base,conc_A_9_12,0.0,0.0,0.0,attenuatedxattenuated,all,2000
remove_c_AB-base,conc_B_8_12,0.0,0.0,0.0,attenuatedxattenuated,all,2000
remove_c_AB-base,conc_A_1_7,0.0,0.0,0.0,attenuatedxattenuated,all,2000
remove_c_AB-base,A_concede_8_12,0.0,0.0,0.0,attenuatedxattenuated,all,2000
remove_c_AB-base,A_pressure_8_12,0.0,0.0,0.0,attenuatedxattenuated,all,2000
remove_c_AB-base,A_silence_8_12,0.0,0.0,0.0,attenuatedxattenuated,all,2000
remove_c_AB-base,A_p_truth_r7,0.0,0.0,0.0,attenuatedxattenuated,all,2000
remove_c_AB-base,A_dbelief_8_12,0.0,0.0,0.0,attenuatedxattenuated,all,2000
remove_c_AB-base,B_pC16,0.0,0.0,0.0,attenuatedxattenuated,all,2000
remove_c_AB-base,B_pW02,0.0,0.0,0.0,attenuatedxattenuated,all,2000
remove_c_AB-base,B_cmean,0.0,0.0,0.0,attenuatedxattenuated,all,2000
remove_c_AB-base,B_wmean,0.0,0.0,0.0,attenuatedxattenuated,all,2000
remove_c_AB-base,A_own0,0.0,0.0,0.0,attenuatedxattenuated,A_own0,1225
remove_c_AB-base,B_own0,0.0,0.0,0.0,attenuatedxattenuated,A_own0,1225
remove_c_AB-base,nonc_A,0.0,0.0,0.0,attenuatedxattenuated,A_own0,1225
remove_c_AB-base,nonc_B,0.0,0.0,0.0,attenuatedxattenuated,A_own0,1225
remove_c_AB-base,nonc_mutual,0.0,0.0,0.0,attenuatedxattenuated,A_own0,1225
remove_c_AB-base,U_final,0.0,0.0,0.0,attenuatedxattenuated,A_own0,1225
remove_c_AB-base,no_concession_either,0.0,0.0,0.0,attenuatedxattenuated,A_own0,1225
remove_c_AB-base,A_p_truth0,0.0,0.0,0.0,attenuatedxattenuated,A_own0,1225
remove_c_AB-base,A_p_truth,0.0,0.0,0.0,attenuatedxattenuated,A_own0,1225
remove_c_AB-base,B_p_truth0,0.0,0.0,0.0,attenuatedxattenuated,A_own0,1225
remove_c_AB-base,B_p_truth,0.0,0.0,0.0,attenuatedxattenuated,A_own0,1225
remove_c_AB-base,A_dbelief,0.0,0.0,0.0,attenuatedxattenuated,A_own0,1225
remove_c_AB-base,B_dbelief,0.0,0.0,0.0,attenuatedxattenuated,A_own0,1225
remove_c_AB-base,belief_gap_final,0.0,0.0,0.0,attenuatedxattenuated,A_own0,1225
remove_c_AB-base,A_hidden_shift,0.0,0.0,0.0,attenuatedxattenuated,A_own0,1225
remove_c_AB-base,B_hidden_shift,0.0,0.0,0.0,attenuatedxattenuated,A_own0,1225
remove_c_AB-base,dist_oracle,0.0,0.0,0.0,attenuatedxattenuated,A_own0,1225
remove_c_AB-base,A_transp_err,0.0,0.0,0.0,attenuatedxattenuated,A_own0,1225
remove_c_AB-base,B_transp_err,0.0,0.0,0.0,attenuatedxattenuated,A_own0,1225
remove_c_AB-base,A_assert,0.0,0.0,0.0,attenuatedxattenuated,A_own0,1225
remove_c_AB-base,A_concede,0.0,0.0,0.0,attenuatedxattenuated,A_own0,1225
remove_c_AB-base,A_pressure,0.0,0.0,0.0,attenuatedxattenuated,A_own0,1225
remove_c_AB-base,A_silence,0.0,0.0,0.0,attenuatedxattenuated,A_own0,1225
remove_c_AB-base,A_reassure,0.0,0.0,0.0,attenuatedxattenuated,A_own0,1225
remove_c_AB-base,B_assert,0.0,0.0,0.0,attenuatedxattenuated,A_own0,1225
remove_c_AB-base,B_concede,0.0,0.0,0.0,attenuatedxattenuated,A_own0,1225
remove_c_AB-base,B_pressure,0.0,0.0,0.0,attenuatedxattenuated,A_own0,1225
remove_c_AB-base,B_silence,0.0,0.0,0.0,attenuatedxattenuated,A_own0,1225
remove_c_AB-base,B_reassure,0.0,0.0,0.0,attenuatedxattenuated,A_own0,1225
remove_c_AB-base,A_pC_true,0.0,0.0,0.0,attenuatedxattenuated,A_own0,1225
remove_c_AB-base,A_pW_true,0.0,0.0,0.0,attenuatedxattenuated,A_own0,1225
remove_c_AB-base,B_pC_true,0.0,0.0,0.0,attenuatedxattenuated,A_own0,1225
remove_c_AB-base,B_pW_true,0.0,0.0,0.0,attenuatedxattenuated,A_own0,1225
remove_c_AB-base,conc_A_8_12,0.0,0.0,0.0,attenuatedxattenuated,A_own0,1225
remove_c_AB-base,conc_A_9_12,0.0,0.0,0.0,attenuatedxattenuated,A_own0,1225
remove_c_AB-base,conc_B_8_12,0.0,0.0,0.0,attenuatedxattenuated,A_own0,1225
remove_c_AB-base,conc_A_1_7,0.0,0.0,0.0,attenuatedxattenuated,A_own0,1225
remove_c_AB-base,A_concede_8_12,0.0,0.0,0.0,attenuatedxattenuated,A_own0,1225
remove_c_AB-base,A_pressure_8_12,0.0,0.0,0.0,attenuatedxattenuated,A_own0,1225
remove_c_AB-base,A_silence_8_12,0.0,0.0,0.0,attenuatedxattenuated,A_own0,1225
remove_c_AB-base,A_p_truth_r7,0.0,0.0,0.0,attenuatedxattenuated,A_own0,1225
remove_c_AB-base,A_dbelief_8_12,0.0,0.0,0.0,attenuatedxattenuated,A_own0,1225
remove_c_AB-base,B_pC16,0.0,0.0,0.0,attenuatedxattenuated,A_own0,1225
remove_c_AB-base,B_pW02,0.0,0.0,0.0,attenuatedxattenuated,A_own0,1225
remove_c_AB-base,B_cmean,0.0,0.0,0.0,attenuatedxattenuated,A_own0,1225
remove_c_AB-base,B_wmean,0.0,0.0,0.0,attenuatedxattenuated,A_own0,1225
external-base,A_own0,0.0,0.0,0.0,attenuatedxattenuated,all,2000
external-base,B_own0,0.0,0.0,0.0,attenuatedxattenuated,all,2000
external-base,nonc_A,-0.09675,-0.11187737254945898,-0.08162262745054102,attenuatedxattenuated,all,2000
external-base,nonc_B,-0.1005,-0.11568350286263318,-0.08531649713736683,attenuatedxattenuated,all,2000
external-base,nonc_mutual,-0.212625,-0.23040216347616035,-0.19484783652383966,attenuatedxattenuated,all,2000
external-base,U_final,-0.225625,-0.24501736529161158,-0.2062326347083884,attenuatedxattenuated,all,2000
external-base,no_concession_either,-0.197,-0.21449077003216724,-0.17950922996783278,attenuatedxattenuated,all,2000
external-base,A_p_truth0,0.0,0.0,0.0,attenuatedxattenuated,all,2000
external-base,A_p_truth,0.13374901432537706,0.12396082391385158,0.14353720473690254,attenuatedxattenuated,all,2000
external-base,B_p_truth0,0.0,0.0,0.0,attenuatedxattenuated,all,2000
external-base,B_p_truth,0.13319373229768547,0.12342115707084128,0.14296630752452966,attenuatedxattenuated,all,2000
external-base,A_dbelief,0.15440365715111695,0.14614421009294631,0.1626631042092876,attenuatedxattenuated,all,2000
external-base,B_dbelief,0.15552779827145746,0.14729358024042705,0.16376201630248788,attenuatedxattenuated,all,2000
external-base,belief_gap_final,-0.17492327825349122,-0.1834343135665686,-0.16641224294041382,attenuatedxattenuated,all,2000
external-base,A_hidden_shift,0.033622266635229305,0.027634352414104058,0.03961018085635455,attenuatedxattenuated,all,2000
external-base,B_hidden_shift,0.034783225399444916,0.028723481480777864,0.04084296931811197,attenuatedxattenuated,all,2000
external-base,dist_oracle,-0.03503429597011033,-0.043080077343614416,-0.02698851459660625,attenuatedxattenuated,all,2000
external-base,A_transp_err,-0.06393919617917646,-0.06866141283989186,-0.059216979518461055,attenuatedxattenuated,all,2000
external-base,B_transp_err,-0.06990203399432655,-0.07510643250305515,-0.06469763548559795,attenuatedxattenuated,all,2000
external-base,A_assert,-0.024125,-0.03016398001179396,-0.01808601998820604,attenuatedxattenuated,all,2000
external-base,A_concede,0.04029166666666667,0.03405157727443123,0.04653175605890211,attenuatedxattenuated,all,2000
external-base,A_pressure,-0.005375,-0.006758094166478835,-0.003991905833521164,attenuatedxattenuated,all,2000
external-base,A_silence,-0.00575,-0.0072966237836395815,-0.004203376216360418,attenuatedxattenuated,all,2000
external-base,A_reassure,-0.005041666666666666,-0.006573554465303957,-0.0035097788680293744,attenuatedxattenuated,all,2000
external-base,B_assert,-0.026541666666666665,-0.032594297292235855,-0.02048903604109747,attenuatedxattenuated,all,2000
external-base,B_concede,0.04145833333333333,0.03518809081256544,0.04772857585410123,attenuatedxattenuated,all,2000
external-base,B_pressure,-0.005125,-0.006773856511598983,-0.0034761434884010177,attenuatedxattenuated,all,2000
external-base,B_silence,-0.005333333333333333,-0.006843568371862922,-0.0038230982948037444,attenuatedxattenuated,all,2000
external-base,B_reassure,-0.004458333333333333,-0.005922505795548993,-0.002994160871117674,attenuatedxattenuated,all,2000
external-base,A_pC_true,0.1077129599352123,0.09557995302890288,0.11984596684152171,attenuatedxattenuated,all,2000
external-base,A_pW_true,-0.08332620520964695,-0.09384484934752423,-0.07280756107176968,attenuatedxattenuated,all,2000
external-base,B_pC_true,0.10495125265566779,0.09306405999701382,0.11683844531432176,attenuatedxattenuated,all,2000
external-base,B_pW_true,-0.0930339413367187,-0.10426075287902628,-0.08180712979441113,attenuatedxattenuated,all,2000
external-base,conc_A_8_12,0.082,0.06540656117900956,0.09859343882099045,attenuatedxattenuated,all,2000
external-base,conc_A_9_12,0.082,0.06540656117900956,0.09859343882099045,attenuatedxattenuated,all,2000
external-base,conc_B_8_12,0.0835,0.06677667685630383,0.10022332314369618,attenuatedxattenuated,all,2000
external-base,conc_A_1_7,0.0,0.0,0.0,attenuatedxattenuated,all,2000
external-base,A_concede_8_12,0.0967,0.08172378545863493,0.11167621454136506,attenuatedxattenuated,all,2000
external-base,A_pressure_8_12,-0.012900000000000002,-0.016219425999549206,-0.009580574000450797,attenuatedxattenuated,all,2000
external-base,A_silence_8_12,-0.013800000000000002,-0.017511897080734997,-0.010088102919265006,attenuatedxattenuated,all,2000
external-base,A_p_truth_r7,0.0,0.0,0.0,attenuatedxattenuated,all,2000
external-base,A_dbelief_8_12,0.16744241270027121,0.15896958890898366,0.17591523649155877,attenuatedxattenuated,all,2000
external-base,B_pC16,-0.04345949530558879,-0.04906780311364397,-0.03785118749753361,attenuatedxattenuated,all,2000
external-base,B_pW02,-0.0930339413367187,-0.10426075287902628,-0.08180712979441113,attenuatedxattenuated,all,2000
external-base,B_cmean,-0.1187285983690053,-0.13203456872060645,-0.10542262801740417,attenuatedxattenuated,all,2000
external-base,B_wmean,0.04621035367901423,0.04000889582922966,0.0524118115287988,attenuatedxattenuated,all,2000
external-base,A_own0,0.0,0.0,0.0,attenuatedxattenuated,A_own0,1225
external-base,B_own0,0.0,0.0,0.0,attenuatedxattenuated,A_own0,1225
external-base,nonc_A,-0.17755102040816326,-0.1978378524811005,-0.157264188335226,attenuatedxattenuated,A_own0,1225
external-base,nonc_B,-0.16244897959183674,-0.18455872960742112,-0.14033922957625236,attenuatedxattenuated,A_own0,1225
external-base,nonc_mutual,-0.33938775510204083,-0.36467539707596375,-0.3141001131281179,attenuatedxattenuated,A_own0,1225
external-base,U_final,-0.3383673469387755,-0.36501939194976807,-0.31171530192778296,attenuatedxattenuated,A_own0,1225
external-base,no_concession_either,-0.3216326530612245,-0.3478988220621833,-0.2953664840602657,attenuatedxattenuated,A_own0,1225
external-base,A_p_truth0,0.0,0.0,0.0,attenuatedxattenuated,A_own0,1225
external-base,A_p_truth,0.14187980487253982,0.1287149797118905,0.15504463003318913,attenuatedxattenuated,A_own0,1225
external-base,B_p_truth0,0.0,0.0,0.0,attenuatedxattenuated,A_own0,1225
external-base,B_p_truth,0.17778780376064557,0.16434046710490535,0.19123514041638578,attenuatedxattenuated,A_own0,1225
external-base,A_dbelief,0.15096794712804004,0.1391830288297414,0.16275286542633868,attenuatedxattenuated,A_own0,1225
external-base,B_dbelief,0.20380220833494206,0.19259174351117792,0.2150126731587062,attenuatedxattenuated,A_own0,1225
external-base,belief_gap_final,-0.22275022023931454,-0.23458073045265804,-0.21091971002597104,attenuatedxattenuated,A_own0,1225
external-base,A_hidden_shift,0.02106353702015918,0.015468553610787365,0.026658520429530996,attenuatedxattenuated,A_own0,1225
external-base,B_hidden_shift,0.01254163938420242,0.0053983856106705076,0.019684893157734334,attenuatedxattenuated,A_own0,1225
external-base,dist_oracle,-0.05368030659023852,-0.06441880008766106,-0.04294181309281598,attenuatedxattenuated,A_own0,1225
external-base,A_transp_err,-0.08749812150845403,-0.09419347862224198,-0.08080276439466608,attenuatedxattenuated,A_own0,1225
external-base,B_transp_err,-0.05923107416147363,-0.06490389730071046,-0.053558251022236804,attenuatedxattenuated,A_own0,1225
external-base,A_assert,-0.05972789115646258,-0.06768512616376948,-0.05177065614915567,attenuatedxattenuated,A_own0,1225
external-base,A_concede,0.07346938775510205,0.06504392749839202,0.08189484801181207,attenuatedxattenuated,A_own0,1225
external-base,A_pressure,-0.004489795918367347,-0.006359339297738179,-0.002620252538996515,attenuatedxattenuated,A_own0,1225
external-base,A_silence,-0.0057823129251700685,-0.007904403397759822,-0.003660222452580314,attenuatedxattenuated,A_own0,1225
external-base,A_reassure,-0.0034693877551020408,-0.005513647479635781,-0.0014251280305683013,attenuatedxattenuated,A_own0,1225
external-base,B_assert,-0.04931972789115646,-0.05791255055354101,-0.04072690522877191,attenuatedxattenuated,A_own0,1225
external-base,B_concede,0.0673469387755102,0.05820630431957222,0.07648757323144818,attenuatedxattenuated,A_own0,1225
external-base,B_pressure,-0.006054421768707482,-0.008457379278325228,-0.003651464259089736,attenuatedxattenuated,A_own0,1225
external-base,B_silence,-0.00619047619047619,-0.008342282106462253,-0.004038670274490126,attenuatedxattenuated,A_own0,1225
external-base,B_reassure,-0.0057823129251700685,-0.007912771227523875,-0.0036518546228162616,attenuatedxattenuated,A_own0,1225
external-base,A_pC_true,0.1528637293233524,0.13461590871137416,0.17111154993533065,attenuatedxattenuated,A_own0,1225
external-base,A_pW_true,-0.12752982095535983,-0.14298352859593647,-0.1120761133147832,attenuatedxattenuated,A_own0,1225
external-base,B_pC_true,0.13226311349058562,0.11592431745123957,0.14860190952993166,attenuatedxattenuated,A_own0,1225
external-base,B_pW_true,-0.14812279839430711,-0.16352415188092917,-0.13272144490768506,attenuatedxattenuated,A_own0,1225
external-base,conc_A_8_12,0.18448979591836734,0.16206320106175245,0.20691639077498222,attenuatedxattenuated,A_own0,1225
external-base,conc_A_9_12,0.18612244897959185,0.16385298807707135,0.20839190988211234,attenuatedxattenuated,A_own0,1225
external-base,conc_B_8_12,0.14857142857142858,0.12435126196200502,0.17279159518085213,attenuatedxattenuated,A_own0,1225
external-base,conc_A_1_7,0.0,0.0,0.0,attenuatedxattenuated,A_own0,1225
external-base,A_concede_8_12,0.1763265306122449,0.15610542599614086,0.19654763522834895,attenuatedxattenuated,A_own0,1225
external-base,A_pressure_8_12,-0.010775510204081634,-0.015262414314571631,-0.0062886060935916374,attenuatedxattenuated,A_own0,1225
external-base,A_silence_8_12,-0.013877551020408163,-0.018970568154623575,-0.008784533886192752,attenuatedxattenuated,A_own0,1225
external-base,A_p_truth_r7,0.0,0.0,0.0,attenuatedxattenuated,A_own0,1225
external-base,A_dbelief_8_12,0.16497084938428544,0.15300652678394172,0.17693517198462916,attenuatedxattenuated,A_own0,1225
external-base,B_pC16,-0.07095432700710991,-0.07977156184823195,-0.062137092165987874,attenuatedxattenuated,A_own0,1225
external-base,B_pW02,-0.14812279839430711,-0.16352415188092917,-0.13272144490768506,attenuatedxattenuated,A_own0,1225
external-base,B_cmean,-0.16257395239815647,-0.18232475308962107,-0.14282315170669188,attenuatedxattenuated,A_own0,1225
external-base,B_wmean,0.07414483745677186,0.06598936156413197,0.08230031334941175,attenuatedxattenuated,A_own0,1225
force_silence-base,A_own0,0.0,0.0,0.0,attenuatedxattenuated,all,2000
force_silence-base,B_own0,0.0,0.0,0.0,attenuatedxattenuated,all,2000
force_silence-base,nonc_A,0.0035,0.0016399865524646048,0.005360013447535395,attenuatedxattenuated,all,2000
force_silence-base,nonc_B,-0.00075,-0.0024117611967841733,0.0009117611967841732,attenuatedxattenuated,all,2000
force_silence-base,nonc_mutual,0.003,0.0007312037292301612,0.005268796270769839,attenuatedxattenuated,all,2000
force_silence-base,U_final,0.003875,0.0009494209985462928,0.006800579001453707,attenuatedxattenuated,all,2000
force_silence-base,no_concession_either,0.0065,-0.0010240116677067866,0.014024011667706785,attenuatedxattenuated,all,2000
force_silence-base,A_p_truth0,0.0,0.0,0.0,attenuatedxattenuated,all,2000
force_silence-base,A_p_truth,-0.0014316757436541813,-0.0018942690800227643,-0.0009690824072855983,attenuatedxattenuated,all,2000
force_silence-base,B_p_truth0,0.0,0.0,0.0,attenuatedxattenuated,all,2000
force_silence-base,B_p_truth,-7.457271968999342e-05,-0.0003052185304073009,0.000156073091027314,attenuatedxattenuated,all,2000
force_silence-base,A_dbelief,-0.003491258590864975,-0.003930639339714968,-0.0030518778420149826,attenuatedxattenuated,all,2000
force_silence-base,B_dbelief,0.0001061952879536524,-0.0001244267069778961,0.00033681728288520094,attenuatedxattenuated,all,2000
force_silence-base,belief_gap_final,0.004434509528433286,0.003962714259535765,0.0049063047973308075,attenuatedxattenuated,all,2000
force_silence-base,A_hidden_shift,-0.00162306621284546,-0.002156639312502693,-0.0010894931131882268,attenuatedxattenuated,all,2000
force_silence-base,B_hidden_shift,-0.00012658590814755566,-0.0006494726416660679,0.0003963008253709566,attenuatedxattenuated,all,2000
force_silence-base,dist_oracle,0.0017350250072764271,0.0014907108554707354,0.001979339159082119,attenuatedxattenuated,all,2000
force_silence-base,A_transp_err,0.0052236243631447864,0.0034864360521038367,0.006960812674185736,attenuatedxattenuated,all,2000
force_silence-base,B_transp_err,-0.0026836400505132387,-0.004283998563631237,-0.0010832815373952405,attenuatedxattenuated,all,2000
force_silence-base,A_assert,0.0032916666666666667,0.0024752880698161693,0.004108045263517164,attenuatedxattenuated,all,2000
force_silence-base,A_concede,-0.0011666666666666665,-0.0017866711491784648,-0.0005466621841548683,attenuatedxattenuated,all,2000
force_silence-base,A_pressure,-0.0005416666666666668,-0.001424928523478277,0.0003415951901449434,attenuatedxattenuated,all,2000
force_silence-base,A_silence,-0.00075,-0.0015743437721367605,7.43437721367606e-05,attenuatedxattenuated,all,2000
force_silence-base,A_reassure,-0.0008333333333333334,-0.0013980978186777975,-0.0002685688479888692,attenuatedxattenuated,all,2000
force_silence-base,B_assert,-0.047583333333333346,-0.0494884437254462,-0.04567822294122049,attenuatedxattenuated,all,2000
force_silence-base,B_concede,-0.030208333333333337,-0.03207142140976309,-0.028345245256903587,attenuatedxattenuated,all,2000
force_silence-base,B_pressure,-0.0016666666666666666,-0.0025045070714141754,-0.0008288262619191578,attenuatedxattenuated,all,2000
force_silence-base,B_silence,0.081625,0.08078334741309819,0.08246665258690182,attenuatedxattenuated,all,2000
force_silence-base,B_reassure,-0.0021666666666666666,-0.002813223991072188,-0.0015201093422611452,attenuatedxattenuated,all,2000
force_silence-base,A_pC_true,-0.0909741755086348,-0.09934876155722522,-0.08259958946004439,attenuatedxattenuated,all,2000
force_silence-base,A_pW_true,0.0372535341210905,0.03366857044040588,0.04083849780177511,attenuatedxattenuated,all,2000
force_silence-base,B_pC_true,-0.0004465062422405467,-0.0035435407589138727,0.002650528274432779,attenuatedxattenuated,all,2000
force_silence-base,B_pW_true,-0.005336554085472599,-0.007892412985237934,-0.0027806951857072644,attenuatedxattenuated,all,2000
force_silence-base,conc_A_8_12,-0.0085,-0.014118737162712973,-0.0028812628372870287,attenuatedxattenuated,all,2000
force_silence-base,conc_A_9_12,-0.0085,-0.014118737162712973,-0.0028812628372870287,attenuatedxattenuated,all,2000
force_silence-base,conc_B_8_12,0.0015,-0.003957377546481683,0.0069573775464816835,attenuatedxattenuated,all,2000
force_silence-base,conc_A_1_7,0.0,0.0,0.0,attenuatedxattenuated,all,2000
force_silence-base,A_concede_8_12,-0.0028,-0.004288010758028316,-0.0013119892419716837,attenuatedxattenuated,all,2000
force_silence-base,A_pressure_8_12,-0.0013000000000000004,-0.003419828456347865,0.0008198284563478643,attenuatedxattenuated,all,2000
force_silence-base,A_silence_8_12,-0.0018,-0.0037784250531282255,0.00017842505312822563,attenuatedxattenuated,all,2000
force_silence-base,A_p_truth_r7,0.0,0.0,0.0,attenuatedxattenuated,all,2000
force_silence-base,A_dbelief_8_12,0.0016173935390758254,0.0012864665970017386,0.0019483204811499121,attenuatedxattenuated,all,2000
force_silence-base,B_pC16,0.0024312325638625324,0.0003091397354782095,0.004553325392246855,attenuatedxattenuated,all,2000
force_silence-base,B_pW02,-0.005336554085472599,-0.007892412985237934,-0.0027806951857072644,attenuatedxattenuated,all,2000
force_silence-base,B_cmean,0.0023021910448824488,-0.0016472638130225759,0.006251645902787473,attenuatedxattenuated,all,2000
force_silence-base,B_wmean,0.0023821084415265063,0.001209616477525434,0.0035546004055275783,attenuatedxattenuated,all,2000
force_silence-base,A_own0,0.0,0.0,0.0,attenuatedxattenuated,A_own0,1225
force_silence-base,B_own0,0.0,0.0,0.0,attenuatedxattenuated,A_own0,1225
force_silence-base,nonc_A,0.0038775510204081634,0.0013879911201984847,0.006367110920617842,attenuatedxattenuated,A_own0,1225
force_silence-base,nonc_B,-0.0014285714285714286,-0.0036551488601519093,0.000798006003009052,attenuatedxattenuated,A_own0,1225
force_silence-base,nonc_mutual,0.002857142857142857,-0.00048703557885075837,0.006201321293136473,attenuatedxattenuated,A_own0,1225
force_silence-base,U_final,0.00510204081632653,0.0005308894475134921,0.009673192185139567,attenuatedxattenuated,A_own0,1225
force_silence-base,no_concession_either,0.010612244897959184,-0.0016682247445472791,0.022892714540465646,attenuatedxattenuated,A_own0,1225
force_silence-base,A_p_truth0,0.0,0.0,0.0,attenuatedxattenuated,A_own0,1225
force_silence-base,A_p_truth,-2.3823168084249744e-05,-0.0007091935980262956,0.0006615472618577961,attenuatedxattenuated,A_own0,1225
force_silence-base,B_p_truth0,0.0,0.0,0.0,attenuatedxattenuated,A_own0,1225
force_silence-base,B_p_truth,-0.0001184674028160721,-0.00046774046514426053,0.00023080565951211636,attenuatedxattenuated,A_own0,1225
force_silence-base,A_dbelief,-0.003120574190894611,-0.0037832740794836272,-0.0024578743023055947,attenuatedxattenuated,A_own0,1225
force_silence-base,B_dbelief,0.00039973433502587293,5.111675488027681e-05,0.0007483519151714691,attenuatedxattenuated,A_own0,1225
force_silence-base,belief_gap_final,0.004430694557226041,0.0037290182220866288,0.005132370892365453,attenuatedxattenuated,A_own0,1225
force_silence-base,A_hidden_shift,-0.0026157815376237725,-0.003481651042173989,-0.0017499120330735562,attenuatedxattenuated,A_own0,1225
force_silence-base,B_hidden_shift,7.88469753542896e-05,-0.0006719465675166701,0.0008296405182252493,attenuatedxattenuated,A_own0,1225
force_silence-base,dist_oracle,0.0013605271413297743,0.0009942357037878565,0.001726818578871692,attenuatedxattenuated,A_own0,1225
force_silence-base,A_transp_err,0.009360611571083595,0.006716254381372682,0.012004968760794509,attenuatedxattenuated,A_own0,1225
force_silence-base,B_transp_err,-0.005304298894460032,-0.00779207321058819,-0.0028165245783318736,attenuatedxattenuated,A_own0,1225
force_silence-base,A_assert,0.005374149659863946,0.004067866313839176,0.006680433005888717,attenuatedxattenuated,A_own0,1225
force_silence-base,A_concede,-0.0012925170068027211,-0.0021223703068726143,-0.00046266370673282806,attenuatedxattenuated,A_own0,1225
force_silence-base,A_pressure,-0.0008163265306122449,-0.002023338241171131,0.00039068517994664135,attenuatedxattenuated,A_own0,1225
force_silence-base,A_silence,-0.001836734693877551,-0.0029873147313621024,-0.0006861546563929994,attenuatedxattenuated,A_own0,1225
force_silence-base,A_reassure,-0.0014285714285714286,-0.0022577243417164685,-0.0005994185154263886,attenuatedxattenuated,A_own0,1225
force_silence-base,B_assert,-0.030544217687074833,-0.0329762240701265,-0.028112211304023162,attenuatedxattenuated,A_own0,1225
force_silence-base,B_concede,-0.04557823129251701,-0.04804338421672354,-0.04311307836831047,attenuatedxattenuated,A_own0,1225
force_silence-base,B_pressure,-0.0021768707482993197,-0.0033021142061812896,-0.0010516272904173497,attenuatedxattenuated,A_own0,1225
force_silence-base,B_silence,0.08108843537414967,0.07986510848179902,0.08231176226650032,attenuatedxattenuated,A_own0,1225
force_silence-base,B_reassure,-0.0027891156462585033,-0.003747539673415334,-0.0018306916191016722,attenuatedxattenuated,A_own0,1225
force_silence-base,A_pC_true,-0.14438309703219018,-0.15679730763985014,-0.13196888642453022,attenuatedxattenuated,A_own0,1225
force_silence-base,A_pW_true,0.017026086115404907,0.01180984892062343,0.022242323310186385,attenuatedxattenuated,A_own0,1225
force_silence-base,B_pC_true,-0.002470628903352713,-0.007056786296359511,0.0021155284896540857,attenuatedxattenuated,A_own0,1225
force_silence-base,B_pW_true,-0.006861012875914774,-0.010449071660664833,-0.003272954091164716,attenuatedxattenuated,A_own0,1225
force_silence-base,conc_A_8_12,-0.013877551020408163,-0.02303967823865823,-0.004715423802158097,attenuatedxattenuated,A_own0,1225
force_silence-base,conc_A_9_12,-0.013877551020408163,-0.02303967823865823,-0.004715423802158097,attenuatedxattenuated,A_own0,1225
force_silence-base,conc_B_8_12,0.0032653061224489797,-0.0054999252518931506,0.012030537496791109,attenuatedxattenuated,A_own0,1225
force_silence-base,conc_A_1_7,0.0,0.0,0.0,attenuatedxattenuated,A_own0,1225
force_silence-base,A_concede_8_12,-0.003102040816326531,-0.005093688736494274,-0.0011103928961587878,attenuatedxattenuated,A_own0,1225
force_silence-base,A_pressure_8_12,-0.001959183673469388,-0.004856011778810716,0.0009376444318719393,attenuatedxattenuated,A_own0,1225
force_silence-base,A_silence_8_12,-0.004408163265306123,-0.007169555355269046,-0.0016467711753431996,attenuatedxattenuated,A_own0,1225
force_silence-base,A_p_truth_r7,0.0,0.0,0.0,attenuatedxattenuated,A_own0,1225
force_silence-base,A_dbelief_8_12,0.0006272750209604304,0.0001558803169159208,0.00109866972500494,attenuatedxattenuated,A_own0,1225
force_silence-base,B_pC16,0.003969358289597143,0.0005069345975957057,0.00743178198159858,attenuatedxattenuated,A_own0,1225
force_silence-base,B_pW02,-0.006861012875914774,-0.010449071660664833,-0.003272954091164716,attenuatedxattenuated,A_own0,1225
force_silence-base,B_cmean,0.005151989754359884,-0.001064072771734194,0.011368052280453962,attenuatedxattenuated,A_own0,1225
force_silence-base,B_wmean,0.0032080476417639873,0.0015476085836535613,0.004868486699874414,attenuatedxattenuated,A_own0,1225
reassure-force_silence,A_own0,0.0,0.0,0.0,attenuatedxattenuated,all,2000
reassure-force_silence,B_own0,0.0,0.0,0.0,attenuatedxattenuated,all,2000
reassure-force_silence,nonc_A,0.0,0.0,0.0,attenuatedxattenuated,all,2000
reassure-force_silence,nonc_B,0.00025,-0.00035017502032949827,0.0008501750203294983,attenuatedxattenuated,all,2000
reassure-force_silence,nonc_mutual,0.000125,-0.00042294626566391296,0.000672946265663913,attenuatedxattenuated,all,2000
reassure-force_silence,U_final,-0.000125,-0.0007733480277463188,0.0005233480277463188,attenuatedxattenuated,all,2000
reassure-force_silence,no_concession_either,0.0005,-0.001197692810976185,0.002197692810976185,attenuatedxattenuated,all,2000
reassure-force_silence,A_p_truth0,0.0,0.0,0.0,attenuatedxattenuated,all,2000
reassure-force_silence,A_p_truth,6.861739114305066e-05,-1.7098245055979853e-05,0.00015433302734208117,attenuatedxattenuated,all,2000
reassure-force_silence,B_p_truth0,0.0,0.0,0.0,attenuatedxattenuated,all,2000
reassure-force_silence,B_p_truth,-5.345055323394309e-05,-0.00016501585812115564,5.811475165326945e-05,attenuatedxattenuated,all,2000
reassure-force_silence,A_dbelief,5.424241537213417e-05,-3.14930167656452e-05,0.00013997784750991354,attenuatedxattenuated,all,2000
reassure-force_silence,B_dbelief,0.00015265086900827308,4.126179312307122e-05,0.00026403994489347497,attenuatedxattenuated,all,2000
reassure-force_silence,belief_gap_final,-0.0001792980355833696,-0.00030766764036961196,-5.0928430797127244e-05,attenuatedxattenuated,all,2000
reassure-force_silence,A_hidden_shift,3.5683440815405476e-05,-3.965749734274463e-05,0.00011102437897355558,attenuatedxattenuated,all,2000
reassure-force_silence,B_hidden_shift,0.0001752370850171923,8.592545204213673e-07,0.00034961491551396324,attenuatedxattenuated,all,2000
reassure-force_silence,dist_oracle,-0.00010346352632702047,-0.00016760837858548086,-3.931867406856006e-05,attenuatedxattenuated,all,2000
reassure-force_silence,A_transp_err,-3.300012625898441e-05,-0.0003382398036590813,0.0002722395511411124,attenuatedxattenuated,all,2000
reassure-force_silence,B_transp_err,-0.0003538964342255038,-0.000822959764715314,0.00011516689626430647,attenuatedxattenuated,all,2000
reassure-force_silence,A_assert,0.0,0.0,0.0,attenuatedxattenuated,all,2000
reassure-force_silence,A_concede,0.0,0.0,0.0,attenuatedxattenuated,all,2000
reassure-force_silence,A_pressure,0.0,0.0,0.0,attenuatedxattenuated,all,2000
reassure-force_silence,A_silence,0.0,0.0,0.0,attenuatedxattenuated,all,2000
reassure-force_silence,A_reassure,0.0,0.0,0.0,attenuatedxattenuated,all,2000
reassure-force_silence,B_assert,8.333333333333326e-05,-3.2131882675878835e-05,0.00019879854934254536,attenuatedxattenuated,all,2000
reassure-force_silence,B_concede,-8.333333333333329e-05,-0.00028339167344316606,0.0001167250067764995,attenuatedxattenuated,all,2000
reassure-force_silence,B_pressure,-8.333333333333333e-05,-0.0003662821351626975,0.00019961546849603086,attenuatedxattenuated,all,2000
reassure-force_silence,B_silence,-0.08316666666666665,-0.08344954471065676,-0.08288378862267655,attenuatedxattenuated,all,2000
reassure-force_silence,B_reassure,0.08324999999999999,0.08308666666666666,0.08341333333333333,attenuatedxattenuated,all,2000
reassure-force_silence,A_pC_true,-0.00020222011995470345,-0.0011898182251678811,0.0007853779852584743,attenuatedxattenuated,all,2000
reassure-force_silence,A_pW_true,0.0002067902647160512,-0.00011995945102281019,0.0005335399804549125,attenuatedxattenuated,all,2000
reassure-force_silence,B_pC_true,0.000989238312154447,-0.002009247354792793,0.003987723979101687,attenuatedxattenuated,all,2000
reassure-force_silence,B_pW_true,0.000811626430953089,-0.0003630058590851753,0.0019862587209913533,attenuatedxattenuated,all,2000
reassure-force_silence,conc_A_8_12,0.0,0.0,0.0,attenuatedxattenuated,all,2000
reassure-force_silence,conc_A_9_12,0.0,0.0,0.0,attenuatedxattenuated,all,2000
reassure-force_silence,conc_B_8_12,-0.0005,-0.002197692810976185,0.001197692810976185,attenuatedxattenuated,all,2000
reassure-force_silence,conc_A_1_7,0.0,0.0,0.0,attenuatedxattenuated,all,2000
reassure-force_silence,A_concede_8_12,0.0,0.0,0.0,attenuatedxattenuated,all,2000
reassure-force_silence,A_pressure_8_12,0.0,0.0,0.0,attenuatedxattenuated,all,2000
reassure-force_silence,A_silence_8_12,0.0,0.0,0.0,attenuatedxattenuated,all,2000
reassure-force_silence,A_p_truth_r7,0.0,0.0,0.0,attenuatedxattenuated,all,2000
reassure-force_silence,A_dbelief_8_12,-2.7699233771423054e-05,-0.00011331606516068896,5.791759761784285e-05,attenuatedxattenuated,all,2000
reassure-force_silence,B_pC16,-0.0005129249444489056,-0.001019279112551502,-6.570776346309193e-06,attenuatedxattenuated,all,2000
reassure-force_silence,B_pW02,0.000811626430953089,-0.0003630058590851753,0.0019862587209913533,attenuatedxattenuated,all,2000
reassure-force_silence,B_cmean,-0.0012017306052826942,-0.003722707124090426,0.0013192459135250372,attenuatedxattenuated,all,2000
reassure-force_silence,B_wmean,-0.0005184698801289607,-0.0012581194522285274,0.00022117969197060587,attenuatedxattenuated,all,2000
reassure-force_silence,A_own0,0.0,0.0,0.0,attenuatedxattenuated,A_own0,1225
reassure-force_silence,B_own0,0.0,0.0,0.0,attenuatedxattenuated,A_own0,1225
reassure-force_silence,nonc_A,0.0,0.0,0.0,attenuatedxattenuated,A_own0,1225
reassure-force_silence,nonc_B,0.00020408163265306123,-0.00048892734124879,0.0008970906065549125,attenuatedxattenuated,A_own0,1225
reassure-force_silence,nonc_mutual,0.00020408163265306123,-0.00048892734124879,0.0008970906065549125,attenuatedxattenuated,A_own0,1225
reassure-force_silence,U_final,0.0,-0.0009801960588196068,0.0009801960588196068,attenuatedxattenuated,A_own0,1225
reassure-force_silence,no_concession_either,0.0008163265306122449,-0.00195570936499516,0.00358836242621965,attenuatedxattenuated,A_own0,1225
reassure-force_silence,A_p_truth0,0.0,0.0,0.0,attenuatedxattenuated,A_own0,1225
reassure-force_silence,A_p_truth,6.128778064024186e-05,-6.171590458987962e-05,0.00018429146587036334,attenuatedxattenuated,A_own0,1225
reassure-force_silence,B_p_truth0,0.0,0.0,0.0,attenuatedxattenuated,A_own0,1225
reassure-force_silence,B_p_truth,-2.6580237206314855e-05,-9.82143745350274e-05,4.505390012239768e-05,attenuatedxattenuated,A_own0,1225
reassure-force_silence,A_dbelief,5.8258678882294656e-05,-6.474962616758596e-05,0.0001812669839321753,attenuatedxattenuated,A_own0,1225
reassure-force_silence,B_dbelief,0.0001224123627608798,5.109170397123703e-05,0.0001937330215505226,attenuatedxattenuated,A_own0,1225
reassure-force_silence,belief_gap_final,-0.0001806910402615931,-0.0003275097009493841,-3.387237957380208e-05,attenuatedxattenuated,A_own0,1225
reassure-force_silence,A_hidden_shift,5.8258678882294656e-05,-6.474962616758596e-05,0.0001812669839321753,attenuatedxattenuated,A_own0,1225
reassure-force_silence,B_hidden_shift,0.00012180994408055273,5.048616637948975e-05,0.0001931337217816157,attenuatedxattenuated,A_own0,1225
reassure-force_silence,dist_oracle,-9.036308675924743e-05,-0.00016377234924266389,-1.6953824275830966e-05,attenuatedxattenuated,A_own0,1225
reassure-force_silence,A_transp_err,-0.00021306570185111119,-0.00055215419633501,0.00012602279263278766,attenuatedxattenuated,A_own0,1225
reassure-force_silence,B_transp_err,-0.0005366588110520461,-0.0009550961388830486,-0.0001182214832210437,attenuatedxattenuated,A_own0,1225
reassure-force_silence,A_assert,0.0,0.0,0.0,attenuatedxattenuated,A_own0,1225
reassure-force_silence,A_concede,0.0,0.0,0.0,attenuatedxattenuated,A_own0,1225
reassure-force_silence,A_pressure,0.0,0.0,0.0,attenuatedxattenuated,A_own0,1225
reassure-force_silence,A_silence,0.0,0.0,0.0,attenuatedxattenuated,A_own0,1225
reassure-force_silence,A_reassure,0.0,0.0,0.0,attenuatedxattenuated,A_own0,1225
reassure-force_silence,B_assert,0.00013605442176870737,-5.243034392617802e-05,0.00032453918746359276,attenuatedxattenuated,A_own0,1225
reassure-force_silence,B_concede,-6.802721088435374e-05,-0.0002990302021849708,0.0001629757804162633,attenuatedxattenuated,A_own0,1225
reassure-force_silence,B_pressure,-6.802721088435374e-05,-0.0003662670241251217,0.00023021260235641424,attenuatedxattenuated,A_own0,1225
reassure-force_silence,B_silence,-0.08326530612244898,-0.0834963091137496,-0.08303430313114836,attenuatedxattenuated,A_own0,1225
reassure-force_silence,B_reassure,0.08326530612244899,0.08313197278911566,0.08339863945578233,attenuatedxattenuated,A_own0,1225
reassure-force_silence,A_pC_true,-3.434982549579132e-05,-0.0015105773289458178,0.0014418776779542353,attenuatedxattenuated,A_own0,1225
reassure-force_silence,A_pW_true,0.00024655145287852154,-7.476292457567169e-05,0.0005678658303327148,attenuatedxattenuated,A_own0,1225
reassure-force_silence,B_pC_true,0.002363735544449775,0.0011524123648458786,0.003575058724053671,attenuatedxattenuated,A_own0,1225
reassure-force_silence,B_pW_true,0.00014077095137250912,-0.00019220157866618,0.0004737434814111982,attenuatedxattenuated,A_own0,1225
reassure-force_silence,conc_A_8_12,0.0,0.0,0.0,attenuatedxattenuated,A_own0,1225
reassure-force_silence,conc_A_9_12,0.0,0.0,0.0,attenuatedxattenuated,A_own0,1225
reassure-force_silence,conc_B_8_12,-0.0008163265306122449,-0.00358836242621965,0.00195570936499516,attenuatedxattenuated,A_own0,1225
reassure-force_silence,conc_A_1_7,0.0,0.0,0.0,attenuatedxattenuated,A_own0,1225
reassure-force_silence,A_concede_8_12,0.0,0.0,0.0,attenuatedxattenuated,A_own0,1225
reassure-force_silence,A_pressure_8_12,0.0,0.0,0.0,attenuatedxattenuated,A_own0,1225
reassure-force_silence,A_silence_8_12,0.0,0.0,0.0,attenuatedxattenuated,A_own0,1225
reassure-force_silence,A_p_truth_r7,0.0,0.0,0.0,attenuatedxattenuated,A_own0,1225
reassure-force_silence,A_dbelief_8_12,-5.681974220505503e-05,-0.00017956431373611763,6.592482932600755e-05,attenuatedxattenuated,A_own0,1225
reassure-force_silence,B_pC16,-0.0008377359918444577,-0.0016640504021355165,-1.1421581553398819e-05,attenuatedxattenuated,A_own0,1225
reassure-force_silence,B_pW02,0.00014077095137250912,-0.00019220157866618,0.0004737434814111982,attenuatedxattenuated,A_own0,1225
reassure-force_silence,B_cmean,-0.0025611772290354,-0.004153656141870734,-0.0009686983162000655,attenuatedxattenuated,A_own0,1225
reassure-force_silence,B_wmean,-9.980345214650796e-05,-0.0002526571099601034,5.305020566708749e-05,attenuatedxattenuated,A_own0,1225
placebo-force_silence,A_own0,0.0,0.0,0.0,attenuatedxattenuated,all,2000
placebo-force_silence,B_own0,0.0,0.0,0.0,attenuatedxattenuated,all,2000
placebo-force_silence,nonc_A,0.0,0.0,0.0,attenuatedxattenuated,all,2000
placebo-force_silence,nonc_B,0.00025,-0.00035017502032949827,0.0008501750203294983,attenuatedxattenuated,all,2000
placebo-force_silence,nonc_mutual,0.000125,-0.00042294626566391296,0.000672946265663913,attenuatedxattenuated,all,2000
placebo-force_silence,U_final,-0.000125,-0.0007733480277463188,0.0005233480277463188,attenuatedxattenuated,all,2000
placebo-force_silence,no_concession_either,0.0005,-0.001197692810976185,0.002197692810976185,attenuatedxattenuated,all,2000
placebo-force_silence,A_p_truth0,0.0,0.0,0.0,attenuatedxattenuated,all,2000
placebo-force_silence,A_p_truth,6.861739114305066e-05,-1.7098245055979853e-05,0.00015433302734208117,attenuatedxattenuated,all,2000
placebo-force_silence,B_p_truth0,0.0,0.0,0.0,attenuatedxattenuated,all,2000
placebo-force_silence,B_p_truth,-5.345055323394309e-05,-0.00016501585812115564,5.811475165326945e-05,attenuatedxattenuated,all,2000
placebo-force_silence,A_dbelief,5.424241537213417e-05,-3.14930167656452e-05,0.00013997784750991354,attenuatedxattenuated,all,2000
placebo-force_silence,B_dbelief,0.00015265086900827308,4.126179312307122e-05,0.00026403994489347497,attenuatedxattenuated,all,2000
placebo-force_silence,belief_gap_final,-0.0001792980355833696,-0.00030766764036961196,-5.0928430797127244e-05,attenuatedxattenuated,all,2000
placebo-force_silence,A_hidden_shift,3.5683440815405476e-05,-3.965749734274463e-05,0.00011102437897355558,attenuatedxattenuated,all,2000
placebo-force_silence,B_hidden_shift,0.0001752370850171923,8.592545204213673e-07,0.00034961491551396324,attenuatedxattenuated,all,2000
placebo-force_silence,dist_oracle,-0.00010346352632702047,-0.00016760837858548086,-3.931867406856006e-05,attenuatedxattenuated,all,2000
placebo-force_silence,A_transp_err,-3.300012625898441e-05,-0.0003382398036590813,0.0002722395511411124,attenuatedxattenuated,all,2000
placebo-force_silence,B_transp_err,-0.0003538964342255038,-0.000822959764715314,0.00011516689626430647,attenuatedxattenuated,all,2000
placebo-force_silence,A_assert,0.0,0.0,0.0,attenuatedxattenuated,all,2000
placebo-force_silence,A_concede,0.0,0.0,0.0,attenuatedxattenuated,all,2000
placebo-force_silence,A_pressure,0.0,0.0,0.0,attenuatedxattenuated,all,2000
placebo-force_silence,A_silence,0.0,0.0,0.0,attenuatedxattenuated,all,2000
placebo-force_silence,A_reassure,0.0,0.0,0.0,attenuatedxattenuated,all,2000
placebo-force_silence,B_assert,8.333333333333326e-05,-3.2131882675878835e-05,0.00019879854934254536,attenuatedxattenuated,all,2000
placebo-force_silence,B_concede,-8.333333333333329e-05,-0.00028339167344316606,0.0001167250067764995,attenuatedxattenuated,all,2000
placebo-force_silence,B_pressure,-8.333333333333333e-05,-0.0003662821351626975,0.00019961546849603086,attenuatedxattenuated,all,2000
placebo-force_silence,B_silence,-0.08316666666666665,-0.08344954471065676,-0.08288378862267655,attenuatedxattenuated,all,2000
placebo-force_silence,B_reassure,0.08324999999999999,0.08308666666666666,0.08341333333333333,attenuatedxattenuated,all,2000
placebo-force_silence,A_pC_true,-0.00020222011995470345,-0.0011898182251678811,0.0007853779852584743,attenuatedxattenuated,all,2000
placebo-force_silence,A_pW_true,0.0002067902647160512,-0.00011995945102281019,0.0005335399804549125,attenuatedxattenuated,all,2000
placebo-force_silence,B_pC_true,0.000989238312154447,-0.002009247354792793,0.003987723979101687,attenuatedxattenuated,all,2000
placebo-force_silence,B_pW_true,0.000811626430953089,-0.0003630058590851753,0.0019862587209913533,attenuatedxattenuated,all,2000
placebo-force_silence,conc_A_8_12,0.0,0.0,0.0,attenuatedxattenuated,all,2000
placebo-force_silence,conc_A_9_12,0.0,0.0,0.0,attenuatedxattenuated,all,2000
placebo-force_silence,conc_B_8_12,-0.0005,-0.002197692810976185,0.001197692810976185,attenuatedxattenuated,all,2000
placebo-force_silence,conc_A_1_7,0.0,0.0,0.0,attenuatedxattenuated,all,2000
placebo-force_silence,A_concede_8_12,0.0,0.0,0.0,attenuatedxattenuated,all,2000
placebo-force_silence,A_pressure_8_12,0.0,0.0,0.0,attenuatedxattenuated,all,2000
placebo-force_silence,A_silence_8_12,0.0,0.0,0.0,attenuatedxattenuated,all,2000
placebo-force_silence,A_p_truth_r7,0.0,0.0,0.0,attenuatedxattenuated,all,2000
placebo-force_silence,A_dbelief_8_12,-2.7699233771423054e-05,-0.00011331606516068896,5.791759761784285e-05,attenuatedxattenuated,all,2000
placebo-force_silence,B_pC16,-0.0005129249444489056,-0.001019279112551502,-6.570776346309193e-06,attenuatedxattenuated,all,2000
placebo-force_silence,B_pW02,0.000811626430953089,-0.0003630058590851753,0.0019862587209913533,attenuatedxattenuated,all,2000
placebo-force_silence,B_cmean,-0.0012017306052826942,-0.003722707124090426,0.0013192459135250372,attenuatedxattenuated,all,2000
placebo-force_silence,B_wmean,-0.0005184698801289607,-0.0012581194522285274,0.00022117969197060587,attenuatedxattenuated,all,2000
placebo-force_silence,A_own0,0.0,0.0,0.0,attenuatedxattenuated,A_own0,1225
placebo-force_silence,B_own0,0.0,0.0,0.0,attenuatedxattenuated,A_own0,1225
placebo-force_silence,nonc_A,0.0,0.0,0.0,attenuatedxattenuated,A_own0,1225
placebo-force_silence,nonc_B,0.00020408163265306123,-0.00048892734124879,0.0008970906065549125,attenuatedxattenuated,A_own0,1225
placebo-force_silence,nonc_mutual,0.00020408163265306123,-0.00048892734124879,0.0008970906065549125,attenuatedxattenuated,A_own0,1225
placebo-force_silence,U_final,0.0,-0.0009801960588196068,0.0009801960588196068,attenuatedxattenuated,A_own0,1225
placebo-force_silence,no_concession_either,0.0008163265306122449,-0.00195570936499516,0.00358836242621965,attenuatedxattenuated,A_own0,1225
placebo-force_silence,A_p_truth0,0.0,0.0,0.0,attenuatedxattenuated,A_own0,1225
placebo-force_silence,A_p_truth,6.128778064024186e-05,-6.171590458987962e-05,0.00018429146587036334,attenuatedxattenuated,A_own0,1225
placebo-force_silence,B_p_truth0,0.0,0.0,0.0,attenuatedxattenuated,A_own0,1225
placebo-force_silence,B_p_truth,-2.6580237206314855e-05,-9.82143745350274e-05,4.505390012239768e-05,attenuatedxattenuated,A_own0,1225
placebo-force_silence,A_dbelief,5.8258678882294656e-05,-6.474962616758596e-05,0.0001812669839321753,attenuatedxattenuated,A_own0,1225
placebo-force_silence,B_dbelief,0.0001224123627608798,5.109170397123703e-05,0.0001937330215505226,attenuatedxattenuated,A_own0,1225
placebo-force_silence,belief_gap_final,-0.0001806910402615931,-0.0003275097009493841,-3.387237957380208e-05,attenuatedxattenuated,A_own0,1225
placebo-force_silence,A_hidden_shift,5.8258678882294656e-05,-6.474962616758596e-05,0.0001812669839321753,attenuatedxattenuated,A_own0,1225
placebo-force_silence,B_hidden_shift,0.00012180994408055273,5.048616637948975e-05,0.0001931337217816157,attenuatedxattenuated,A_own0,1225
placebo-force_silence,dist_oracle,-9.036308675924743e-05,-0.00016377234924266389,-1.6953824275830966e-05,attenuatedxattenuated,A_own0,1225
placebo-force_silence,A_transp_err,-0.00021306570185111119,-0.00055215419633501,0.00012602279263278766,attenuatedxattenuated,A_own0,1225
placebo-force_silence,B_transp_err,-0.0005366588110520461,-0.0009550961388830486,-0.0001182214832210437,attenuatedxattenuated,A_own0,1225
placebo-force_silence,A_assert,0.0,0.0,0.0,attenuatedxattenuated,A_own0,1225
placebo-force_silence,A_concede,0.0,0.0,0.0,attenuatedxattenuated,A_own0,1225
placebo-force_silence,A_pressure,0.0,0.0,0.0,attenuatedxattenuated,A_own0,1225
placebo-force_silence,A_silence,0.0,0.0,0.0,attenuatedxattenuated,A_own0,1225
placebo-force_silence,A_reassure,0.0,0.0,0.0,attenuatedxattenuated,A_own0,1225
placebo-force_silence,B_assert,0.00013605442176870737,-5.243034392617802e-05,0.00032453918746359276,attenuatedxattenuated,A_own0,1225
placebo-force_silence,B_concede,-6.802721088435374e-05,-0.0002990302021849708,0.0001629757804162633,attenuatedxattenuated,A_own0,1225
placebo-force_silence,B_pressure,-6.802721088435374e-05,-0.0003662670241251217,0.00023021260235641424,attenuatedxattenuated,A_own0,1225
placebo-force_silence,B_silence,-0.08326530612244898,-0.0834963091137496,-0.08303430313114836,attenuatedxattenuated,A_own0,1225
placebo-force_silence,B_reassure,0.08326530612244899,0.08313197278911566,0.08339863945578233,attenuatedxattenuated,A_own0,1225
placebo-force_silence,A_pC_true,-3.434982549579132e-05,-0.0015105773289458178,0.0014418776779542353,attenuatedxattenuated,A_own0,1225
placebo-force_silence,A_pW_true,0.00024655145287852154,-7.476292457567169e-05,0.0005678658303327148,attenuatedxattenuated,A_own0,1225
placebo-force_silence,B_pC_true,0.002363735544449775,0.0011524123648458786,0.003575058724053671,attenuatedxattenuated,A_own0,1225
placebo-force_silence,B_pW_true,0.00014077095137250912,-0.00019220157866618,0.0004737434814111982,attenuatedxattenuated,A_own0,1225
placebo-force_silence,conc_A_8_12,0.0,0.0,0.0,attenuatedxattenuated,A_own0,1225
placebo-force_silence,conc_A_9_12,0.0,0.0,0.0,attenuatedxattenuated,A_own0,1225
placebo-force_silence,conc_B_8_12,-0.0008163265306122449,-0.00358836242621965,0.00195570936499516,attenuatedxattenuated,A_own0,1225
placebo-force_silence,conc_A_1_7,0.0,0.0,0.0,attenuatedxattenuated,A_own0,1225
placebo-force_silence,A_concede_8_12,0.0,0.0,0.0,attenuatedxattenuated,A_own0,1225
placebo-force_silence,A_pressure_8_12,0.0,0.0,0.0,attenuatedxattenuated,A_own0,1225
placebo-force_silence,A_silence_8_12,0.0,0.0,0.0,attenuatedxattenuated,A_own0,1225
placebo-force_silence,A_p_truth_r7,0.0,0.0,0.0,attenuatedxattenuated,A_own0,1225
placebo-force_silence,A_dbelief_8_12,-5.681974220505503e-05,-0.00017956431373611763,6.592482932600755e-05,attenuatedxattenuated,A_own0,1225
placebo-force_silence,B_pC16,-0.0008377359918444577,-0.0016640504021355165,-1.1421581553398819e-05,attenuatedxattenuated,A_own0,1225
placebo-force_silence,B_pW02,0.00014077095137250912,-0.00019220157866618,0.0004737434814111982,attenuatedxattenuated,A_own0,1225
placebo-force_silence,B_cmean,-0.0025611772290354,-0.004153656141870734,-0.0009686983162000655,attenuatedxattenuated,A_own0,1225
placebo-force_silence,B_wmean,-9.980345214650796e-05,-0.0002526571099601034,5.305020566708749e-05,attenuatedxattenuated,A_own0,1225
