run,split,n,A_right,A_right_se,A_own0,A_own0_se,B_own0,B_own0_se,nonc_A,nonc_A_se,nonc_B,nonc_B_se,nonc_mutual,nonc_mutual_se,U_final,U_final_se,no_concession_either,no_concession_either_se,A_p_truth0,A_p_truth0_se,A_p_truth,A_p_truth_se,B_p_truth0,B_p_truth0_se,B_p_truth,B_p_truth_se,A_dbelief,A_dbelief_se,B_dbelief,B_dbelief_se,belief_gap_final,belief_gap_final_se,A_hidden_shift,A_hidden_shift_se,B_hidden_shift,B_hidden_shift_se,dist_oracle,dist_oracle_se,A_transp_err,A_transp_err_se,B_transp_err,B_transp_err_se,A_assert,A_assert_se,A_concede,A_concede_se,A_pressure,A_pressure_se,A_silence,A_silence_se,A_reassure,A_reassure_se,B_assert,B_assert_se,B_concede,B_concede_se,B_pressure,B_pressure_se,B_silence,B_silence_se,B_reassure,B_reassure_se,A_pC_true,A_pC_true_se,A_pW_true,A_pW_true_se,B_pC_true,B_pC_true_se,B_pW_true,B_pW_true_se,conc_A_8_12,conc_A_8_12_se,conc_A_9_12,conc_A_9_12_se,conc_B_8_12,conc_B_8_12_se,conc_A_1_7,conc_A_1_7_se,A_concede_8_12,A_concede_8_12_se,A_pressure_8_12,A_pressure_8_12_se,A_silence_8_12,A_silence_8_12_se,A_p_truth_r7,A_p_truth_r7_se,A_dbelief_8_12,A_dbelief_8_12_se,B_pC16,B_pC16_se,B_pW02,B_pW02_se,B_cmean,B_cmean_se,B_wmean,B_wmean_se,pair
base,all,2000,0.5,0.011183136021064612,0.6125,0.010896386585483746,0.606,0.010928939603659186,0.988375,0.0012036523904510469,0.562,0.010525666003745856,0.5505,0.010353005233200617,0.44925,0.010816166764697224,0.4095,0.01099842523631631,0.7823758782201405,0.006030851426380437,0.8935709451374153,0.005125515827230836,0.7838670960187353,0.005963690006029783,0.8744124910980028,0.00491017235023599,0.14585506394166178,0.0038608140800390563,0.13089154632340472,0.0033297943688005752,0.10180136221478198,0.0029331130645279834,0.13605915419246514,0.003898283161373459,0.047709099768555356,0.0025815266778682483,0.06609624805384191,0.0018648377816182816,0.08262795398464391,0.0023665710642566456,0.04065352804223299,0.0014648565615881387,0.534,0.010449159095172751,0.009,0.0006572200478666799,0.1514166666666667,0.003984691800564236,0.15591666666666668,0.004075566966112796,0.1496666666666667,0.00392401849929554,0.5103333333333333,0.010668296263296665,0.427625,0.010199943720002741,0.020624999999999998,0.0012197136204600428,0.018874999999999996,0.0010807114634557799,0.022541666666666665,0.0012944473235035681,0.5608332408412076,0.007849864615210169,0.3230464612123317,0.002411047667035082,0.6297612967456583,0.007091124253948999,0.31836891322064964,0.0023104966134217305,0.0535,0.005033044880624967,0.0455,0.004661087627253373,0.4885,0.01118017769029604,0.0475,0.004757435401116645,0.011400000000000002,0.0011025551296452044,0.15880000000000002,0.004850055826561214,0.15930000000000002,0.00485731940229258,0.8883953499552004,0.005134499084410417,0.014148103423481771,0.0007424534248886614,0.6297612967456583,0.007091124253948999,0.35385500279422616,0.0035109721516604756,1.1680039034823513,0.008532159107256085,0.5858055641705694,0.0022568111034746755,costlyxhonest
base,A_own0,1225,0.7779591836734694,0.0118796625594248,1.0,0.0,0.41306122448979593,0.014073849612050117,0.9991836734693877,0.0004076627583547602,0.2997959183673469,0.011784050443615343,0.29897959183673467,0.011751427774888887,0.23530612244897958,0.011678108783501352,0.20081632653061224,0.011450701719848019,0.7700888973856521,0.00894962393299007,0.8781246645340013,0.007076031315859052,0.7237982124934282,0.008109460063308356,0.8348155290355981,0.0063994349658760726,0.1512919858808223,0.005787155355542691,0.1546471848342435,0.004133320437650234,0.14341212948040905,0.004285151283588534,0.1489930969227194,0.005744227745679118,0.019454076483139168,0.0021828634228796043,0.08321828667049905,0.0024565619860941945,0.10687880232637038,0.0036036100302997164,0.04476266449607632,0.0021529751923723248,0.850204081632653,0.00845137613125943,0.0005442176870748299,0.0001918590275802362,0.049727891156462575,0.0032430093028029214,0.050816326530612244,0.0032334949868674323,0.04870748299319727,0.0031596177784426263,0.22972789115646255,0.01110850704336504,0.6818367346938775,0.011375246178014152,0.02952380952380952,0.001873973073553228,0.02585034013605442,0.001633493458953197,0.03306122448979592,0.0019831778060813905,0.69329696316663,0.010987126140466236,0.3168358319499505,0.003785093308272738,0.4264352071846186,0.006064625238067207,0.31367127771993963,0.0034182725080847518,0.004081632653061225,0.0018223765565003119,0.0032653061224489797,0.0016306510334190409,0.7812244897959184,0.011816709751955019,0.0024489795918367346,0.0014127633917173524,0.0008163265306122449,0.00036447531130006245,0.05975510204081632,0.004468997627693116,0.05746938775510205,0.004198788158126812,0.8730397403949149,0.007123966069316409,0.014867483394271122,0.0011324863494302756,0.4264352071846186,0.006064625238067207,0.3533938994028218,0.005351429010427659,0.9229597845284259,0.007586388538118785,0.5841109513268471,0.003394612690845006,costlyxhonest
reassure,all,2000,0.5,0.011183136021064612,0.6125,0.010896386585483746,0.606,0.010928939603659186,0.895875,0.0030216605374697287,0.560875,0.010523752509011957,0.457125,0.008619158145147675,0.146875,0.007431410035454749,0.1075,0.006927905378717887,0.7823758782201405,0.006030851426380437,0.8628298972988621,0.005131701711263054,0.7838670960187353,0.005963690006029783,0.8745488446319958,0.004871803121474751,0.10801680526649499,0.0030817008233083344,0.13112916630403823,0.0033400404670440695,0.13674352314434038,0.0031691275599915105,0.07778937019060868,0.0030679943089282676,0.04726672036393084,0.002568274282166519,0.08046246943836789,0.0018623734494176243,0.10781231308505002,0.0023036242986707372,0.06026656157212864,0.0018051455866003342,0.5434583333333333,0.01036721842673168,0.03983333333333333,0.0012229452235206972,0.13816666666666666,0.0036817813444099496,0.14166666666666666,0.0037638817230400234,0.136875,0.0036617507587261774,0.4678333333333334,0.009771655771523445,0.3917083333333334,0.009336374490765452,0.018833333333333337,0.0011336229019278062,0.017541666666666664,0.0010347166848563287,0.10408333333333332,0.001186149232929469,0.49105777437122194,0.007273356342759983,0.31365925845283904,0.0024846116337062423,0.607064932169587,0.006867659416085595,0.2969881871524558,0.0024710553724820654,0.393,0.010924063693689812,0.3925,0.010921607746017931,0.489,0.011180429374603654,0.0475,0.004757435401116645,0.0854,0.002509296372320749,0.127,0.004084585893448745,0.12510000000000002,0.0041004148205822325,0.8883953499552004,0.005134499084410417,0.03519018214367624,0.001124033614087428,0.607064932169587,0.006867659416085595,0.392968908533111,0.004199202292753947,1.1475834087346766,0.008281387551374132,0.561607711447738,0.002625565651037922,costlyxhonest
reassure,A_own0,1225,0.7779591836734694,0.0118796625594248,1.0,0.0,0.41306122448979593,0.014073849612050117,0.9861224489795918,0.0016361923089531552,0.2985714285714286,0.011770531770793829,0.28469387755102044,0.011194513551565498,0.19755102040816327,0.01071250072467645,0.14857142857142858,0.010166022126132438,0.7700888973856521,0.00894962393299007,0.8608457648576401,0.0073566860771559,0.7237982124934282,0.008109460063308356,0.835308738911924,0.006316237569840989,0.12600413227418147,0.004489438263671842,0.15532938751074216,0.00417031362349729,0.16822098564513036,0.004739227487311163,0.11302969803126228,0.004250601324702354,0.019311097902745114,0.002196417577630747,0.09390700164140231,0.0025935072581356796,0.12043844729080264,0.0036096264043987587,0.04382197055480239,0.0023799189549707444,0.8647619047619047,0.007724694518179778,0.004897959183673469,0.0005684452549375735,0.04292517006802721,0.0028273312871331248,0.044489795918367346,0.00285575175053939,0.04292517006802721,0.0028338761555477335,0.21095238095238092,0.010173490968488292,0.6243537414965986,0.0104100066136234,0.027006802721088432,0.001735521897929226,0.023809523809523808,0.0015578500199312402,0.11387755102040817,0.001811372560710217,0.5841516233586871,0.010824668668841598,0.30254834774090483,0.0037920099129240712,0.3925062172929707,0.004254171462434279,0.28215622201765833,0.0035968955916076866,0.0563265306122449,0.006589867231734603,0.05551020408163265,0.006544769235812622,0.7804081632653062,0.011832548371305956,0.0024489795918367346,0.0014127633917173524,0.01126530612244898,0.0013179734463469209,0.04342857142857143,0.0034270148972211437,0.04228571428571428,0.003234798123669187,0.8730397403949149,0.007123966069316409,0.023598763510572416,0.0014951829077358893,0.3925062172929707,0.004254171462434279,0.41126511043411706,0.0064169830680695875,0.8921924865353806,0.005922866106895825,0.5483564446334166,0.003947633057449454,costlyxhonest
placebo,all,2000,0.5,0.011183136021064612,0.6125,0.010896386585483746,0.606,0.010928939603659186,0.994375,0.0008478880495515231,0.559625,0.010512471675008638,0.554,0.010428452728624539,0.466625,0.010893771928074796,0.432,0.011079231683079099,0.7823758782201405,0.006030851426380437,0.8672931625273465,0.0051281339771370145,0.7838670960187353,0.005963690006029783,0.8738611498797243,0.004825506591401037,0.11258479554483067,0.0031522646185143436,0.1278815834767464,0.003231135968595894,0.13354515399618336,0.003165479292285648,0.10873334001280174,0.003183352456434296,0.04308480227884164,0.0023440696448596603,0.07766144761078098,0.001831836624982251,0.11875313956770352,0.0023218821142010756,0.04966253106983305,0.0015291751184850345,0.5470416666666668,0.0103059338215699,0.006208333333333332,0.0005495997490071488,0.147375,0.003926905196736549,0.15275,0.004026580832962374,0.146625,0.0038814145673566627,0.466,0.009757875580560588,0.39229166666666665,0.00933342410558482,0.01933333333333333,0.0011385948353560846,0.018,0.001044996761400671,0.10437499999999997,0.0011988865282041123,0.49193197421891516,0.007295670695524046,0.30435078302481616,0.002512987404637996,0.5855891516893293,0.00659284083158943,0.2554744367693159,0.0025804076540633944,0.03,0.003815400193861669,0.022,0.0032807593162018796,0.492,0.011181704488029938,0.04,0.004382876316119496,0.0064,0.0008365822941991324,0.14870000000000003,0.004641651372489307,0.15120000000000003,0.0046904456227601695,0.8884744304272215,0.0051312783319841255,0.030619037449411267,0.001054333555605256,0.5855891516893293,0.00659284083158943,0.4715367101287981,0.004631851434565785,1.1288889296791944,0.00800579929591688,0.5135750906562072,0.0028647478457167136,costlyxhonest
placebo,A_own0,1225,0.7779591836734694,0.0118796625594248,1.0,0.0,0.41306122448979593,0.014073849612050117,1.0,0.0,0.29836734693877554,0.011762362194517295,0.29836734693877554,0.011762362194517295,0.2383673469387755,0.011739660030979414,0.20408163265306123,0.011519815262492822,0.7700888973856521,0.00894962393299007,0.8626141968695294,0.007331176436578914,0.7237982124934282,0.008109460063308356,0.8352222365155614,0.006326397411473266,0.12779085577123422,0.004602394711487052,0.15531597014052206,0.004179017442098538,0.1663833051518698,0.004702473158605017,0.12755933742009185,0.004601813965215734,0.019001513761429542,0.002194406501957326,0.09297303492946195,0.0025794861214227514,0.12212268407740601,0.0036026767279543695,0.03624215855759196,0.001972306694035919,0.8674149659863944,0.007574035095478553,0.00013605442176870748,9.616569678310487e-05,0.04333333333333333,0.002871049773227516,0.04551020408163265,0.0029189516713784857,0.043605442176870755,0.0028902042909984037,0.21081632653061225,0.010170331600054629,0.624421768707483,0.010408675076914474,0.02707482993197279,0.0017359902082016512,0.023809523809523808,0.0015578500199312402,0.11387755102040817,0.001811372560710217,0.583947293268204,0.010830352496448164,0.2955370993575184,0.0038223650791163093,0.3789326616142885,0.0032470962225624933,0.2710204756861369,0.0037703621322243354,0.0,0.0,0.0,0.0,0.7812244897959184,0.01181670975195502,0.0016326530612244899,0.0011539883613972588,0.0,0.0,0.044244897959183675,0.003514668146109825,0.04473469387755102,0.003397593752593621,0.8730531905425262,0.007123450602437984,0.021825721077194257,0.001440558400845007,0.3789326616142885,0.0032470962225624933,0.4392940902929441,0.006790713370936165,0.8806954158572815,0.005132273211662778,0.5326905541572772,0.0041947602003286665,costlyxhonest
remove_c_A,all,2000,0.5,0.011183136021064612,0.6125,0.010896386585483746,0.606,0.010928939603659186,0.54725,0.010779230708048171,0.561125,0.010505185464727606,0.11,0.005393472422510955,0.05725,0.004612819940546341,0.0255,0.003525775169416313,0.7823758782201405,0.006030851426380437,0.8894173522187739,0.005107776711286212,0.7838670960187353,0.005963690006029783,0.8710372595280558,0.004832314467585196,0.14060693889299336,0.0037298814926857494,0.12603558594919673,0.00320162029357012,0.107022634423249,0.0029888658181716856,0.04431911325896586,0.0022197742327187578,0.04201658029372263,0.002282793019984267,0.06687014366671867,0.0017883463562597807,0.07603680064950621,0.0025354759428319433,0.04461753166793183,0.0015925789411243552,0.5308333333333333,0.010499003422695328,0.193,0.004605702458524336,0.08979166666666666,0.002540931219915896,0.09516666666666666,0.0026079575126639995,0.09120833333333332,0.0025464459858511044,0.5087083333333333,0.010633715817530033,0.42799999999999994,0.01018908963856537,0.021041666666666663,0.001227521116537623,0.01958333333333333,0.0010896386585483747,0.022666666666666665,0.001292683240172996,0.5649825662802955,0.007874038974186207,0.3209296914816452,0.0024183666627023816,0.1769084239495116,0.0038255269232892884,0.27553715390505523,0.0024214180533005843,0.482,0.0111758869994785,0.481,0.01117505887995608,0.4945,0.011182459420867562,0.0475,0.004757435401116645,0.453,0.0107653818661189,0.0109,0.0011005455921042752,0.0135,0.0012488614124128053,0.8883953499552004,0.005134499084410417,0.010182932338095741,0.0007404711619610303,0.1769084239495116,0.0038255269232892884,0.3631688449809001,0.0036239809500171524,0.7869898562968833,0.002351140977502476,0.5649473235696619,0.0022809448563676747,costlyxhonest
remove_c_A,A_own0,1225,0.7779591836734694,0.0118796625594248,1.0,0.0,0.41306122448979593,0.014073849612050117,0.8642857142857143,0.009157886223652677,0.2997959183673469,0.011773433858380271,0.1646938775510204,0.008251317500794686,0.08979591836734693,0.007292889720994525,0.04163265306122449,0.005709424560097221,0.7700888973856521,0.00894962393299007,0.8749161529897513,0.0070846059471332936,0.7237982124934282,0.008109460063308356,0.8346636546635688,0.006364771447466028,0.14705650024064684,0.005572569746224272,0.15469730671202003,0.004150487667370517,0.14706366395888643,0.004338793676538418,0.0637918243326549,0.0029103786294224217,0.01884863819819269,0.002133877905364616,0.08456086196532825,0.0024537723921395616,0.10380230356312657,0.0036684009778111346,0.04840542571950558,0.002365859691191515,0.847687074829932,0.008577266661771962,0.05666666666666667,0.00381141992961456,0.030340136054421762,0.0020092014942237097,0.03380952380952381,0.002110099938258972,0.03149659863945578,0.0020798622744410966,0.22938775510204082,0.011081069723466857,0.6818367346938775,0.011369137220728317,0.02959183673469388,0.0018743321599568263,0.02585034013605442,0.001630655670580961,0.03333333333333333,0.001984126984126984,0.6952462629195518,0.010978281427095104,0.3179294939392407,0.003757426825752263,0.2837546430513106,0.0036791613322377783,0.30280849422013173,0.0031740342789690645,0.16816326530612244,0.01069039874910154,0.16653061224489796,0.01064881193433986,0.7836734693877551,0.011768788439953132,0.0024489795918367346,0.0014127633917173524,0.13551020408163264,0.009122691131405486,0.01322448979591837,0.0015805615394903574,0.0166530612244898,0.0018151683949065678,0.8730397403949149,0.007123966069316409,0.012815208355025622,0.0011435180410396223,0.2837546430513106,0.0036791613322377783,0.3434768718092536,0.005169794198047678,0.7832040412807064,0.0036256476742914877,0.5837326489643512,0.003127767183799684,costlyxhonest
remove_c_AB,all,2000,0.5,0.011183136021064612,0.6125,0.010896386585483746,0.606,0.010928939603659186,0.54725,0.010779230708048171,0.561125,0.010505185464727606,0.11,0.005393472422510955,0.05725,0.004612819940546341,0.0255,0.003525775169416313,0.7823758782201405,0.006030851426380437,0.8894173522187739,0.005107776711286212,0.7838670960187353,0.005963690006029783,0.8710372595280558,0.004832314467585196,0.14060693889299336,0.0037298814926857494,0.12603558594919673,0.00320162029357012,0.107022634423249,0.0029888658181716856,0.04431911325896586,0.0022197742327187578,0.04201658029372263,0.002282793019984267,0.06687014366671867,0.0017883463562597807,0.07603680064950621,0.0025354759428319433,0.04461753166793183,0.0015925789411243552,0.5308333333333333,0.010499003422695328,0.193,0.004605702458524336,0.08979166666666666,0.002540931219915896,0.09516666666666666,0.0026079575126639995,0.09120833333333332,0.0025464459858511044,0.5087083333333333,0.010633715817530033,0.42799999999999994,0.01018908963856537,0.021041666666666663,0.001227521116537623,0.01958333333333333,0.0010896386585483747,0.022666666666666665,0.001292683240172996,0.5649825662802955,0.007874038974186207,0.3209296914816452,0.0024183666627023816,0.1769084239495116,0.0038255269232892884,0.27553715390505523,0.0024214180533005843,0.482,0.0111758869994785,0.481,0.01117505887995608,0.4945,0.011182459420867562,0.0475,0.004757435401116645,0.453,0.0107653818661189,0.0109,0.0011005455921042752,0.0135,0.0012488614124128053,0.8883953499552004,0.005134499084410417,0.010182932338095741,0.0007404711619610303,0.1769084239495116,0.0038255269232892884,0.3631688449809001,0.0036239809500171524,0.7869898562968833,0.002351140977502476,0.5649473235696619,0.0022809448563676747,costlyxhonest
remove_c_AB,A_own0,1225,0.7779591836734694,0.0118796625594248,1.0,0.0,0.41306122448979593,0.014073849612050117,0.8642857142857143,0.009157886223652677,0.2997959183673469,0.011773433858380271,0.1646938775510204,0.008251317500794686,0.08979591836734693,0.007292889720994525,0.04163265306122449,0.005709424560097221,0.7700888973856521,0.00894962393299007,0.8749161529897513,0.0070846059471332936,0.7237982124934282,0.008109460063308356,0.8346636546635688,0.006364771447466028,0.14705650024064684,0.005572569746224272,0.15469730671202003,0.004150487667370517,0.14706366395888643,0.004338793676538418,0.0637918243326549,0.0029103786294224217,0.01884863819819269,0.002133877905364616,0.08456086196532825,0.0024537723921395616,0.10380230356312657,0.0036684009778111346,0.04840542571950558,0.002365859691191515,0.847687074829932,0.008577266661771962,0.05666666666666667,0.00381141992961456,0.030340136054421762,0.0020092014942237097,0.03380952380952381,0.002110099938258972,0.03149659863945578,0.0020798622744410966,0.22938775510204082,0.011081069723466857,0.6818367346938775,0.011369137220728317,0.02959183673469388,0.0018743321599568263,0.02585034013605442,0.001630655670580961,0.03333333333333333,0.001984126984126984,0.6952462629195518,0.010978281427095104,0.3179294939392407,0.003757426825752263,0.2837546430513106,0.0036791613322377783,0.30280849422013173,0.0031740342789690645,0.16816326530612244,0.01069039874910154,0.16653061224489796,0.01064881193433986,0.7836734693877551,0.011768788439953132,0.0024489795918367346,0.0014127633917173524,0.13551020408163264,0.009122691131405486,0.01322448979591837,0.0015805615394903574,0.0166530612244898,0.0018151683949065678,0.8730397403949149,0.007123966069316409,0.012815208355025622,0.0011435180410396223,0.2837546430513106,0.0036791613322377783,0.3434768718092536,0.005169794198047678,0.7832040412807064,0.0036256476742914877,0.5837326489643512,0.003127767183799684,costlyxhonest
external,all,2000,0.5,0.011183136021064612,0.6125,0.010896386585483746,0.606,0.010928939603659186,0.987,0.00129086527824684,0.524625,0.010982553798250465,0.511625,0.01077496425120786,0.4335,0.010875914571146625,0.3675,0.010783321149233372,0.7823758782201405,0.006030851426380437,0.9608596521782448,0.0032681026562682495,0.7838670960187353,0.005963690006029783,0.9617063233914801,0.003160541124228279,0.19479181511789653,0.005330938132205575,0.20259410290093047,0.005390015147440959,0.03538478540402534,0.0024490548232144497,0.1741148795618566,0.005254632598808436,0.05474205853566449,0.0029478136462699426,0.08805874082207325,0.0036452314297231317,0.0611765907478765,0.0027912824112756598,0.036260426304666825,0.002210780571873522,0.535375,0.01022886819544469,0.009916666666666666,0.0006894730619960983,0.15116666666666664,0.003911613452828208,0.154625,0.0040242113296785195,0.14891666666666667,0.0038544573697541487,0.5084583333333332,0.01038908684230116,0.44316666666666665,0.01004493475568716,0.016291666666666663,0.0009508949640000859,0.014708333333333332,0.000896489065707763,0.017375,0.0010002982817604524,0.6187618991334382,0.007707764970512547,0.3229578662749351,0.0030307486314467345,0.6185316584518086,0.0070277931337977126,0.3105786861825363,0.0025089541892727696,0.063,0.005434175662652643,0.05,0.004874615978769018,0.4925,0.011181877847485993,0.0475,0.004757435401116645,0.013600000000000001,0.0012199443151496845,0.15819999999999998,0.0048433572090572944,0.1562,0.00486545129542513,0.8883953499552004,0.005134499084410417,0.09997602364204906,0.004196714414338095,0.6185316584518086,0.0070277931337977126,0.3615497051383714,0.0038477269971949482,1.1581958381412036,0.008465827183874883,0.579611592417666,0.0024448175958519665,costlyxhonest
external,A_own0,1225,0.7779591836734694,0.0118796625594248,1.0,0.0,0.41306122448979593,0.014073849612050117,0.996734693877551,0.0008113091104274217,0.2573469387755102,0.012128400180446518,0.2540816326530612,0.011991409930557464,0.22775510204081634,0.011822723674000429,0.156734693877551,0.010391397963908956,0.7700888973856521,0.00894962393299007,0.960187273920499,0.004242893054403373,0.7237982124934282,0.008109460063308356,0.9556715370724135,0.0040973932074949,0.20016007126864835,0.0079706958507438,0.25897483490362955,0.00731437782214316,0.046736246287189726,0.003689394975495159,0.18523615285030973,0.007697223972162542,0.027607372391490557,0.0024673695797181715,0.10047013800472149,0.004756462069133433,0.06601198356111115,0.00425193070245255,0.03869114967787697,0.0030830034228261794,0.8420408163265306,0.008375085842665256,0.001768707482993197,0.00035654688359885355,0.05333333333333333,0.0032397608356112702,0.05183673469387755,0.0032094297231272,0.05102040816326531,0.0031385206717319744,0.23380952380952377,0.010682197687867455,0.7,0.01088071452488399,0.022176870748299316,0.001419797600553714,0.019387755102040816,0.0013313301207980967,0.024625850340136052,0.001504962461879982,0.7714678804663645,0.009728835494680753,0.30773040948858044,0.0040857367902261705,0.4258068241916697,0.00603976533688979,0.3130518214058635,0.003385564431845603,0.017959183673469388,0.003795922670140888,0.013061224489795919,0.003245236441709687,0.7648979591836734,0.01212102206225196,0.0024489795918367346,0.0014127633917173524,0.003755102040816327,0.0008095759295349858,0.06840816326530613,0.004710322579303743,0.05991836734693878,0.004306051329897506,0.8730397403949149,0.007123966069316409,0.1071053191397267,0.0056598941299030045,0.4258068241916697,0.00603976533688979,0.34402893516016175,0.004918440399890224,0.9237819341709949,0.007625578048539359,0.5876091544982807,0.003152950326597506,costlyxhonest
force_silence,all,2000,0.5,0.011183136021064612,0.6125,0.010896386585483746,0.606,0.010928939603659186,0.99225,0.000985116225116861,0.56075,0.010521885467295936,0.553125,0.010408946405382969,0.45925,0.010856041892549347,0.421,0.011042665902539908,0.7823758782201405,0.006030851426380437,0.866969091359216,0.005150136549648773,0.7838670960187353,0.005963690006029783,0.8745438744114422,0.00487498050029394,0.11239645004101627,0.0031355450782344415,0.1313066645963118,0.0033444738386010533,0.13252815501164225,0.00317530872351773,0.10769349040329998,0.003164679122415938,0.046892394779952384,0.0025506629818655095,0.07845544293486155,0.0018760001698704394,0.11883089122383439,0.002321330976542337,0.05842248539163948,0.0018056494668789993,0.5470416666666666,0.01031115729051957,0.007708333333333332,0.0006095229482061957,0.14691666666666667,0.003921559675354426,0.15225,0.004015764592946941,0.14608333333333332,0.0038721540064201765,0.4675416666666667,0.009769484362593893,0.39175,0.009335778990362866,0.01908333333333333,0.0011376531836513378,0.10074999999999998,0.0010315714753439337,0.020875,0.0011887102409131331,0.49032825606458824,0.007271030103295353,0.30341564033402363,0.002495363797086906,0.6130001964344538,0.006946485237325928,0.30088554696655034,0.0024726885423564226,0.0395,0.004356531267228686,0.0305,0.003846072169833502,0.4895,0.01118066986764857,0.0475,0.004757435401116645,0.0083,0.0009359449751445057,0.148,0.0046452975571751424,0.1505,0.004683571598840006,0.8883953499552004,0.005134499084410417,0.03072069131606079,0.0010863220574947668,0.6130001964344538,0.006946485237325928,0.38898368607088496,0.004189382343861386,1.1526865021571706,0.008363137100507248,0.5647607443582662,0.00262400334190801,costlyxhonest
force_silence,A_own0,1225,0.7779591836734694,0.0118796625594248,1.0,0.0,0.41306122448979593,0.014073849612050117,1.0,0.0,0.29816326530612247,0.011754184045195135,0.29816326530612247,0.011754184045195135,0.23775510204081632,0.011723161861461277,0.20244897959183675,0.011485405283284152,0.7700888973856521,0.00894962393299007,0.8619489280949596,0.007360027947548393,0.7237982124934282,0.008109460063308356,0.8352181854883718,0.006334306448188651,0.12697143056165885,0.004580269258024429,0.15564374459063157,0.0041717990116605826,0.16730596427617161,0.004739279896623282,0.12673991221051648,0.004579651862232496,0.018985306027780736,0.0021706602744951515,0.0934192953226692,0.0025967016635798437,0.1227803116711392,0.0036206002513004313,0.04698198491930672,0.0025048368903122795,0.8677551020408163,0.007562680237657988,0.00027210884353741496,0.00013588758611825336,0.04306122448979592,0.0028582343551773436,0.045374149659863944,0.0029095601748676397,0.04353741496598639,0.0028870342290518674,0.21061224489795918,0.010159435401476298,0.6244897959183674,0.0104064529272651,0.027210884353741492,0.0017369199197779458,0.10714285714285714,0.0015578500199312402,0.03054421768707483,0.0018139276496428752,0.583218273762244,0.01082264286572041,0.295556663188864,0.003828518143096839,0.39884399093920403,0.0047022896859254685,0.2890025703602852,0.0036104694614899507,0.0008163265306122449,0.0008163265306122448,0.0,0.0,0.7820408163265307,0.011800803739308603,0.0024489795918367346,0.0014127633917173524,0.00016326530612244898,0.00016326530612244903,0.04375510204081633,0.003508286511975355,0.044408163265306125,0.00338536776409952,0.8730397403949149,0.007123966069316409,0.022464923428258156,0.0015184886871800354,0.39884399093920403,0.0047022896859254685,0.403343141236767,0.006362492133326257,0.8978940067808941,0.006308106051493262,0.5542637716494072,0.003931482104532648,costlyxhonest
base,all,2000,0.5,0.011183136021064612,0.6125,0.010896386585483746,0.606,0.010928939603659186,0.632875,0.010339121863483087,0.563,0.010428680582381677,0.198375,0.00754728662866514,0.144625,0.007390263031945525,0.0895,0.006384767625279279,0.7823758782201405,0.006030851426380437,0.8104523706914939,0.005680709188872259,0.7838670960187353,0.005963690006029783,0.8611231966413163,0.004830507770482009,0.03443534704862414,0.0008695708859974947,0.15345497382724166,0.0035168262720072247,0.16720032504267943,0.0038380059090996595,0.022230874130457663,0.0008932910339319524,0.06600662848534876,0.0029911250591386105,0.10967971954411967,0.002517539041627833,0.08050338970989207,0.002528111805551718,0.09617258336080645,0.0021209838692052363,0.582375,0.010424999626778477,0.3620416666666667,0.010177032645226642,0.017208333333333332,0.000905185174941459,0.019666666666666666,0.0010179862109776575,0.01870833333333333,0.0009793667684445733,0.5066666666666666,0.01048368883759908,0.423625,0.010100917838509152,0.023416666666666665,0.0012723994940499036,0.020875,0.0011531075474594742,0.025416666666666664,0.0013310268006128773,0.57212403321823,0.007879922215876385,0.29975815947257556,0.0032727950235985725,0.5361118494434436,0.007213279525853544,0.4164147229908639,0.004510865946212738,0.4025,0.010968456067936687,0.4005,0.010959467594960188,0.503,0.011182934722804532,0.3935,0.010926507643553924,0.36669999999999997,0.010307700002409353,0.018,0.0013852651297639271,0.0205,0.001516913152674331,0.8095134321586722,0.005720745451532615,0.003146941220429688,0.00023005029667201425,0.20481848250334994,0.003852821852155466,0.4164147229908639,0.004510865946212738,0.5349653064479251,0.008537896311545676,0.5469770675571259,0.002886739108829349,attenuatedxhonest
base,A_own0,1225,0.7779591836734694,0.0118796625594248,1.0,0.0,0.41306122448979593,0.014073849612050117,0.9944897959183674,0.0010881227041899897,0.2920408163265306,0.011512005725174438,0.2869387755102041,0.011312759979515042,0.22551020408163266,0.01120165441231466,0.14612244897959184,0.010096377031065652,0.7700888973856521,0.00894962393299007,0.7992808736367261,0.008344655378063856,0.7237982124934282,0.008109460063308356,0.8139597218082274,0.00605955197357061,0.03686437841924394,0.0013242386744626025,0.18244298306556556,0.004161509626445412,0.19356076016240278,0.005804541703136629,0.03617846170240071,0.001309145117815759,0.042742027926565986,0.0030610416540653826,0.1262320632624523,0.0035788895886227855,0.11845979855482597,0.003585899956404957,0.0772615728734369,0.002712013601332832,0.9489115646258504,0.0025286721352498973,0.002925170068027211,0.00044880507735396247,0.014761904761904757,0.0010772484326627121,0.017687074829931974,0.0012819225829143889,0.015714285714285712,0.0012201408302349327,0.2157823129251701,0.010332366871287598,0.68421768707483,0.011197820521892572,0.03312925170068027,0.0019313626678591933,0.029115646258503398,0.0017006424787939774,0.03775510204081633,0.0020320439713472633,0.7164058993625096,0.010829293939436112,0.2763733943077694,0.005075327711896692,0.3262460639030163,0.002941042907933298,0.4562516308838362,0.006655308403570175,0.024489795918367346,0.004417919339026813,0.02122448979591837,0.004119736771845801,0.8081632653061225,0.011254461784642745,0.009795918367346938,0.002815102586779185,0.0050612244897959196,0.0009270512616492866,0.017306122448979593,0.0017654046176745803,0.021387755102040818,0.002059479819534174,0.7978000760795292,0.008413797827204195,0.004516482772425671,0.0003447709640407861,0.33439752164123326,0.002044407036708076,0.4562516308838362,0.006655308403570175,0.8065211661905736,0.0038816750406042767,0.519983831937958,0.004210533495944169,attenuatedxhonest
reassure,all,2000,0.5,0.011183136021064612,0.6125,0.010896386585483746,0.606,0.010928939603659186,0.63575,0.010330262625555873,0.56375,0.010444377016156962,0.202125,0.007656218128130412,0.14825,0.007513018133262781,0.0965,0.006604217049841768,0.7823758782201405,0.006030851426380437,0.8079655144019081,0.0057446747282648035,0.7838670960187353,0.005963690006029783,0.8608181229433903,0.004807882241313269,0.031230466728821033,0.0007884986553568648,0.1539538086011361,0.0034991413800723524,0.16998297253051192,0.00385526309046549,0.020718168974125668,0.0008137957468450475,0.06724928785725129,0.0030076632919269785,0.11131987021901074,0.0025625824993734466,0.08425192654093562,0.0025785348839081805,0.09390148072135295,0.002066305250926631,0.584625,0.010449279404542867,0.36108333333333337,0.010175204749851782,0.017,0.0008868194742705688,0.01925,0.0009749926779354193,0.018041666666666664,0.0009442003672715164,0.464875,0.009603442364075501,0.3875,0.009254659752867656,0.021625,0.001179041409667932,0.01958333333333333,0.0010816388538666616,0.10641666666666665,0.0012240170991164563,0.49860478805029207,0.007368442840669233,0.2735208240511817,0.003070578657720058,0.5367187531440403,0.007179770328074486,0.4168544163438235,0.004447968297936781,0.3965,0.010940919836258362,0.3945,0.010931359582007884,0.497,0.011182934722804528,0.3935,0.010926507643553924,0.3644,0.010300454829027814,0.0175,0.0013333281223843478,0.019500000000000003,0.0014355854041910438,0.8095134321586722,0.005720745451532615,0.004462551970882722,0.0001971103654003126,0.20570590382832127,0.0038155778483756632,0.4168544163438235,0.004447968297936781,0.5351897205474249,0.008497802015297,0.5465903838295897,0.0028619522955018067,attenuatedxhonest
reassure,A_own0,1225,0.7779591836734694,0.0118796625594248,1.0,0.0,0.41306122448979593,0.014073849612050117,0.9971428571428571,0.0007595376393813024,0.2944897959183673,0.01158751824075765,0.29183673469387755,0.01148179621062466,0.2310204081632653,0.011385634343078488,0.15755102040816327,0.010413379731469944,0.7700888973856521,0.00894962393299007,0.7974386124655227,0.008467441462023734,0.7237982124934282,0.008109460063308356,0.8128133054813305,0.00602709461309607,0.03420817148183367,0.0011941497029783672,0.18386305562580568,0.0041473060114771265,0.19484313243554235,0.005822930038264999,0.033732952323435844,0.0011858512460802368,0.046110676305488964,0.0031986844361691163,0.12815923833309015,0.0036907684601558926,0.12322084231584844,0.0036559370411134106,0.07237714603638166,0.0025135398051187477,0.952517006802721,0.002373434334463545,0.0020408163265306124,0.00036815994491890106,0.014625850340136052,0.0010526884685278935,0.0163265306122449,0.001164873285448938,0.014489795918367347,0.0011346302052124082,0.19857142857142857,0.009461710084928658,0.6255102040816326,0.01028063079379514,0.030816326530612243,0.0017895777908860599,0.027551020408163266,0.0016149294385528986,0.11755102040816326,0.0018618508630582726,0.5969870769023093,0.010957470099323139,0.25975593026430593,0.004809589548767046,0.32717139125776934,0.0027972683211800395,0.45442144662406686,0.006532584119859457,0.014693877551020407,0.003439244805378105,0.011428571428571429,0.0030381505575252095,0.7991836734693878,0.011450701719848019,0.009795918367346938,0.002815102586779185,0.002938775510204082,0.0006878489610756211,0.016979591836734694,0.0016908656374291882,0.018122448979591838,0.0018402379407856087,0.7978000760795292,0.008413797827204195,0.004460188648287505,0.00030768565853962065,0.33584637314126314,0.0017637008140165358,0.45442144662406686,0.006532584119859457,0.8069399855067951,0.003624677728077197,0.5208991646923975,0.00416962272684707,attenuatedxhonest
placebo,all,2000,0.5,0.011183136021064612,0.6125,0.010896386585483746,0.606,0.010928939603659186,0.63575,0.010330262625555873,0.56375,0.010444377016156962,0.202125,0.007656218128130412,0.14825,0.007513018133262781,0.0965,0.006604217049841768,0.7823758782201405,0.006030851426380437,0.8079655144019081,0.0057446747282648035,0.7838670960187353,0.005963690006029783,0.8608181229433903,0.004807882241313269,0.031230466728821033,0.0007884986553568648,0.1539538086011361,0.0034991413800723524,0.16998297253051192,0.00385526309046549,0.020718168974125668,0.0008137957468450475,0.06724928785725129,0.0030076632919269785,0.11131987021901074,0.0025625824993734466,0.08425192654093562,0.0025785348839081805,0.09390148072135295,0.002066305250926631,0.584625,0.010449279404542867,0.36108333333333337,0.010175204749851782,0.017,0.0008868194742705688,0.01925,0.0009749926779354193,0.018041666666666664,0.0009442003672715164,0.464875,0.009603442364075501,0.3875,0.009254659752867656,0.021625,0.001179041409667932,0.01958333333333333,0.0010816388538666616,0.10641666666666665,0.0012240170991164563,0.49860478805029207,0.007368442840669233,0.2735208240511817,0.003070578657720058,0.5367187531440403,0.007179770328074486,0.4168544163438235,0.004447968297936781,0.3965,0.010940919836258362,0.3945,0.010931359582007884,0.497,0.011182934722804528,0.3935,0.010926507643553924,0.3644,0.010300454829027814,0.0175,0.0013333281223843478,0.019500000000000003,0.0014355854041910438,0.8095134321586722,0.005720745451532615,0.004462551970882722,0.0001971103654003126,0.20570590382832127,0.0038155778483756632,0.4168544163438235,0.004447968297936781,0.5351897205474249,0.008497802015297,0.5465903838295897,0.0028619522955018067,attenuatedxhonest
placebo,A_own0,1225,0.7779591836734694,0.0118796625594248,1.0,0.0,0.41306122448979593,0.014073849612050117,0.9971428571428571,0.0007595376393813024,0.2944897959183673,0.01158751824075765,0.29183673469387755,0.01148179621062466,0.2310204081632653,0.011385634343078488,0.15755102040816327,0.010413379731469944,0.7700888973856521,0.00894962393299007,0.7974386124655227,0.008467441462023734,0.7237982124934282,0.008109460063308356,0.8128133054813305,0.00602709461309607,0.03420817148183367,0.0011941497029783672,0.18386305562580568,0.0041473060114771265,0.19484313243554235,0.005822930038264999,0.033732952323435844,0.0011858512460802368,0.046110676305488964,0.0031986844361691163,0.12815923833309015,0.0036907684601558926,0.12322084231584844,0.0036559370411134106,0.07237714603638166,0.0025135398051187477,0.952517006802721,0.002373434334463545,0.0020408163265306124,0.00036815994491890106,0.014625850340136052,0.0010526884685278935,0.0163265306122449,0.001164873285448938,0.014489795918367347,0.0011346302052124082,0.19857142857142857,0.009461710084928658,0.6255102040816326,0.01028063079379514,0.030816326530612243,0.0017895777908860599,0.027551020408163266,0.0016149294385528986,0.11755102040816326,0.0018618508630582726,0.5969870769023093,0.010957470099323139,0.25975593026430593,0.004809589548767046,0.32717139125776934,0.0027972683211800395,0.45442144662406686,0.006532584119859457,0.014693877551020407,0.003439244805378105,0.011428571428571429,0.0030381505575252095,0.7991836734693878,0.011450701719848019,0.009795918367346938,0.002815102586779185,0.002938775510204082,0.0006878489610756211,0.016979591836734694,0.0016908656374291882,0.018122448979591838,0.0018402379407856087,0.7978000760795292,0.008413797827204195,0.004460188648287505,0.00030768565853962065,0.33584637314126314,0.0017637008140165358,0.45442144662406686,0.006532584119859457,0.8069399855067951,0.003624677728077197,0.5208991646923975,0.00416962272684707,attenuatedxhonest
remove_c_A,all,2000,0.5,0.011183136021064612,0.6125,0.010896386585483746,0.606,0.010928939603659186,0.632875,0.010339121863483087,0.563,0.010428680582381677,0.198375,0.00754728662866514,0.144625,0.007390263031945525,0.0895,0.006384767625279279,0.7823758782201405,0.006030851426380437,0.8104523706914939,0.005680709188872259,0.7838670960187353,0.005963690006029783,0.8611231966413163,0.004830507770482009,0.03443534704862414,0.0008695708859974947,0.15345497382724166,0.0035168262720072247,0.16720032504267943,0.0038380059090996595,0.022230874130457663,0.0008932910339319524,0.06600662848534876,0.0029911250591386105,0.10967971954411967,0.002517539041627833,0.08050338970989207,0.002528111805551718,0.09617258336080645,0.0021209838692052363,0.582375,0.010424999626778477,0.3620416666666667,0.010177032645226642,0.017208333333333332,0.000905185174941459,0.019666666666666666,0.0010179862109776575,0.01870833333333333,0.0009793667684445733,0.5066666666666666,0.01048368883759908,0.423625,0.010100917838509152,0.023416666666666665,0.0012723994940499036,0.020875,0.0011531075474594742,0.025416666666666664,0.0013310268006128773,0.57212403321823,0.007879922215876385,0.29975815947257556,0.0032727950235985725,0.5361118494434436,0.007213279525853544,0.4164147229908639,0.004510865946212738,0.4025,0.010968456067936687,0.4005,0.010959467594960188,0.503,0.011182934722804532,0.3935,0.010926507643553924,0.36669999999999997,0.010307700002409353,0.018,0.0013852651297639271,0.0205,0.001516913152674331,0.8095134321586722,0.005720745451532615,0.003146941220429688,0.00023005029667201425,0.20481848250334994,0.003852821852155466,0.4164147229908639,0.004510865946212738,0.5349653064479251,0.008537896311545676,0.5469770675571259,0.002886739108829349,attenuatedxhonest
remove_c_A,A_own0,1225,0.7779591836734694,0.0118796625594248,1.0,0.0,0.41306122448979593,0.014073849612050117,0.9944897959183674,0.0010881227041899897,0.2920408163265306,0.011512005725174438,0.2869387755102041,0.011312759979515042,0.22551020408163266,0.01120165441231466,0.14612244897959184,0.010096377031065652,0.7700888973856521,0.00894962393299007,0.7992808736367261,0.008344655378063856,0.7237982124934282,0.008109460063308356,0.8139597218082274,0.00605955197357061,0.03686437841924394,0.0013242386744626025,0.18244298306556556,0.004161509626445412,0.19356076016240278,0.005804541703136629,0.03617846170240071,0.001309145117815759,0.042742027926565986,0.0030610416540653826,0.1262320632624523,0.0035788895886227855,0.11845979855482597,0.003585899956404957,0.0772615728734369,0.002712013601332832,0.9489115646258504,0.0025286721352498973,0.002925170068027211,0.00044880507735396247,0.014761904761904757,0.0010772484326627121,0.017687074829931974,0.0012819225829143889,0.015714285714285712,0.0012201408302349327,0.2157823129251701,0.010332366871287598,0.68421768707483,0.011197820521892572,0.03312925170068027,0.0019313626678591933,0.029115646258503398,0.0017006424787939774,0.03775510204081633,0.0020320439713472633,0.7164058993625096,0.010829293939436112,0.2763733943077694,0.005075327711896692,0.3262460639030163,0.002941042907933298,0.4562516308838362,0.006655308403570175,0.024489795918367346,0.004417919339026813,0.02122448979591837,0.004119736771845801,0.8081632653061225,0.011254461784642745,0.009795918367346938,0.002815102586779185,0.0050612244897959196,0.0009270512616492866,0.017306122448979593,0.0017654046176745803,0.021387755102040818,0.002059479819534174,0.7978000760795292,0.008413797827204195,0.004516482772425671,0.0003447709640407861,0.33439752164123326,0.002044407036708076,0.4562516308838362,0.006655308403570175,0.8065211661905736,0.0038816750406042767,0.519983831937958,0.004210533495944169,attenuatedxhonest
remove_c_AB,all,2000,0.5,0.011183136021064612,0.6125,0.010896386585483746,0.606,0.010928939603659186,0.632875,0.010339121863483087,0.563,0.010428680582381677,0.198375,0.00754728662866514,0.144625,0.007390263031945525,0.0895,0.006384767625279279,0.7823758782201405,0.006030851426380437,0.8104523706914939,0.005680709188872259,0.7838670960187353,0.005963690006029783,0.8611231966413163,0.004830507770482009,0.03443534704862414,0.0008695708859974947,0.15345497382724166,0.0035168262720072247,0.16720032504267943,0.0038380059090996595,0.022230874130457663,0.0008932910339319524,0.06600662848534876,0.0029911250591386105,0.10967971954411967,0.002517539041627833,0.08050338970989207,0.002528111805551718,0.09617258336080645,0.0021209838692052363,0.582375,0.010424999626778477,0.3620416666666667,0.010177032645226642,0.017208333333333332,0.000905185174941459,0.019666666666666666,0.0010179862109776575,0.01870833333333333,0.0009793667684445733,0.5066666666666666,0.01048368883759908,0.423625,0.010100917838509152,0.023416666666666665,0.0012723994940499036,0.020875,0.0011531075474594742,0.025416666666666664,0.0013310268006128773,0.57212403321823,0.007879922215876385,0.29975815947257556,0.0032727950235985725,0.5361118494434436,0.007213279525853544,0.4164147229908639,0.004510865946212738,0.4025,0.010968456067936687,0.4005,0.010959467594960188,0.503,0.011182934722804532,0.3935,0.010926507643553924,0.36669999999999997,0.010307700002409353,0.018,0.0013852651297639271,0.0205,0.001516913152674331,0.8095134321586722,0.005720745451532615,0.003146941220429688,0.00023005029667201425,0.20481848250334994,0.003852821852155466,0.4164147229908639,0.004510865946212738,0.5349653064479251,0.008537896311545676,0.5469770675571259,0.002886739108829349,attenuatedxhonest
remove_c_AB,A_own0,1225,0.7779591836734694,0.0118796625594248,1.0,0.0,0.41306122448979593,0.014073849612050117,0.9944897959183674,0.0010881227041899897,0.2920408163265306,0.011512005725174438,0.2869387755102041,0.011312759979515042,0.22551020408163266,0.01120165441231466,0.14612244897959184,0.010096377031065652,0.7700888973856521,0.00894962393299007,0.7992808736367261,0.008344655378063856,0.7237982124934282,0.008109460063308356,0.8139597218082274,0.00605955197357061,0.03686437841924394,0.0013242386744626025,0.18244298306556556,0.004161509626445412,0.19356076016240278,0.005804541703136629,0.03617846170240071,0.001309145117815759,0.042742027926565986,0.0030610416540653826,0.1262320632624523,0.0035788895886227855,0.11845979855482597,0.003585899956404957,0.0772615728734369,0.002712013601332832,0.9489115646258504,0.0025286721352498973,0.002925170068027211,0.00044880507735396247,0.014761904761904757,0.0010772484326627121,0.017687074829931974,0.0012819225829143889,0.015714285714285712,0.0012201408302349327,0.2157823129251701,0.010332366871287598,0.68421768707483,0.011197820521892572,0.03312925170068027,0.0019313626678591933,0.029115646258503398,0.0017006424787939774,0.03775510204081633,0.0020320439713472633,0.7164058993625096,0.010829293939436112,0.2763733943077694,0.005075327711896692,0.3262460639030163,0.002941042907933298,0.4562516308838362,0.006655308403570175,0.024489795918367346,0.004417919339026813,0.02122448979591837,0.004119736771845801,0.8081632653061225,0.011254461784642745,0.009795918367346938,0.002815102586779185,0.0050612244897959196,0.0009270512616492866,0.017306122448979593,0.0017654046176745803,0.021387755102040818,0.002059479819534174,0.7978000760795292,0.008413797827204195,0.004516482772425671,0.0003447709640407861,0.33439752164123326,0.002044407036708076,0.4562516308838362,0.006655308403570175,0.8065211661905736,0.0038816750406042767,0.519983831937958,0.004210533495944169,attenuatedxhonest
external,all,2000,0.5,0.011183136021064612,0.6125,0.010896386585483746,0.606,0.010928939603659186,0.541875,0.010886258425131629,0.521625,0.010982866946780577,0.0645,0.004533779061256529,0.043625,0.004258593957957177,0.004,0.0014117352790977227,0.7823758782201405,0.006030851426380437,0.9415438383364486,0.003716630833182229,0.7838670960187353,0.005963690006029783,0.9615422481449635,0.003278774952939743,0.19211713062061014,0.004817804909376736,0.2088005032535105,0.005656060094814189,0.04840396910710606,0.0027696098834463488,0.06057239178227462,0.003010024199476118,0.05497486929472303,0.0031485501151972232,0.09515201454314344,0.004070899598908866,0.03971430612696652,0.002299948244639343,0.03983246417605545,0.0023949714246415976,0.556875,0.009971489175372763,0.3998333333333333,0.009733218806218238,0.013083333333333332,0.0007416905780498326,0.015625,0.0008487070921425219,0.014583333333333332,0.0008322383167479655,0.5107083333333333,0.01033457106728916,0.4412083333333333,0.009993774420773607,0.016375,0.0009391462534358912,0.014208333333333331,0.0008610727286096749,0.0175,0.0009931047363685198,0.629039692565806,0.0076503528278653215,0.2980323629695347,0.003174342892543752,0.6319554513876203,0.007369081824448816,0.374217104150086,0.003946905024647437,0.48,0.011174185930778482,0.4795,0.011173732641806645,0.493,0.011182040020027864,0.3935,0.010926507643553924,0.4574,0.010868840133285679,0.008100000000000001,0.0009579424966632687,0.0108,0.001149930941659234,0.8095134321586722,0.005720745451532615,0.16790491921691478,0.004518719492302727,0.16397621402737658,0.003758821886624046,0.374217104150086,0.003946905024647437,0.4256166101118051,0.008699828750128232,0.5668558068404246,0.00252298480343141,attenuatedxhonest
external,A_own0,1225,0.7779591836734694,0.0118796625594248,1.0,0.0,0.41306122448979593,0.014073849612050117,0.8204081632653061,0.010580862242931801,0.24510204081632653,0.011924930038054605,0.06591836734693877,0.005759600427980439,0.04183673469387755,0.005231939810015922,0.006530612244897959,0.0023023083309628347,0.7700888973856521,0.00894962393299007,0.9377808824834697,0.00471639146465845,0.7237982124934282,0.008109460063308356,0.9552396053408335,0.0043880763019272,0.19031703647484294,0.006949191116468356,0.2705364220973266,0.007780108383408531,0.05433895475052161,0.0035044490983372977,0.06636522327897125,0.00297061257847929,0.026678942600777345,0.0029786591676157588,0.10930049002402739,0.005517140034417387,0.05112085439566106,0.00339365364944907,0.03364202160434192,0.0020220079556825233,0.8871428571428571,0.005368257999038828,0.07496598639455783,0.004427577473511113,0.011564625850340134,0.0008987593157377526,0.014149659863945577,0.0010336351684690503,0.012176870748299318,0.0010113532706379543,0.22904761904761908,0.010377563214360489,0.7047619047619048,0.010651421901456,0.022312925170068023,0.0013983211902473456,0.0191156462585034,0.0012741778644625005,0.02476190476190476,0.0015031374812150388,0.7930430052715401,0.00933614926449693,0.27700199572413503,0.004682104313170466,0.45172371996025956,0.0073448485949231795,0.36835470442376606,0.005194804343599331,0.20244897959183675,0.011485405283284152,0.2016326530612245,0.011468090365643804,0.773061224489796,0.011972107005197527,0.009795918367346938,0.002815102586779185,0.17795918367346938,0.010511936023351712,0.00963265306122449,0.001308271541266813,0.01289795918367347,0.0016488063121039738,0.7978000760795292,0.008413797827204195,0.16551216629975793,0.0063536871699462595,0.2677161951569677,0.003870740249567566,0.36835470442376606,0.005194804343599331,0.6527939801573666,0.008870684648886268,0.5646496513156268,0.003335210959151045,attenuatedxhonest
force_silence,all,2000,0.5,0.011183136021064612,0.6125,0.010896386585483746,0.606,0.010928939603659186,0.63575,0.010331775817630428,0.564875,0.010446150162337657,0.203,0.0076803316169859115,0.148875,0.007549403216941455,0.099,0.00667995590595123,0.7823758782201405,0.006030851426380437,0.8080221789798752,0.00574265911637993,0.7838670960187353,0.005963690006029783,0.8606290025719248,0.004821612291488268,0.031247976504773567,0.0007890889574095188,0.15384576021459082,0.00350652910439566,0.17005266154762236,0.0038664212159047764,0.02076512384779513,0.0008144559018647956,0.06732462037860705,0.003013617257731193,0.11131558653450582,0.0025647270804624784,0.08462936452724479,0.002583987817597867,0.09419397632019003,0.002082810341471037,0.5846666666666667,0.010449692352282478,0.36108333333333337,0.010176570314945052,0.016958333333333332,0.0008862390306976939,0.01929166666666667,0.0009790261829832829,0.018,0.0009436782278044509,0.4651666666666667,0.009606957527103723,0.387125,0.009256973597770337,0.021708333333333333,0.0011870871670343907,0.10279166666666666,0.001081964396559404,0.02320833333333333,0.001226380071767763,0.49701747368670396,0.007350911276182806,0.27347764690436344,0.0030726047451640663,0.5344386964977125,0.007197371663691005,0.4158394094921643,0.004442360608236258,0.396,0.010938547705840865,0.394,0.010928939603659186,0.495,0.011182576850283937,0.3935,0.010926507643553924,0.3644,0.010302397279024307,0.0174,0.001330227331089009,0.019600000000000003,0.001445325043801954,0.8095134321586722,0.005720745451532615,0.004539272442783041,0.00020197998121343992,0.2064911146545159,0.003832882618182839,0.4158394094921643,0.004442360608236258,0.5376419345254427,0.00851922555610305,0.547256091866999,0.0028575740531545848,attenuatedxhonest
force_silence,A_own0,1225,0.7779591836734694,0.0118796625594248,1.0,0.0,0.41306122448979593,0.014073849612050117,0.9973469387755102,0.0007322109125621719,0.2953061224489796,0.011617271245830528,0.29285714285714287,0.011520406007102964,0.23183673469387756,0.011423270460241627,0.16163265306122448,0.010521823668225985,0.7700888973856521,0.00894962393299007,0.7974973227201173,0.008465677269580555,0.7237982124934282,0.008109460063308356,0.813180483537517,0.006031809397738584,0.03420897266738562,0.0011940073643811318,0.18332385037034157,0.004147312486669942,0.19536205127363881,0.005839025968565421,0.0338096133416717,0.0011863714234597068,0.04569470152962728,0.0031778048262907075,0.1279375598227074,0.0036801789988298744,0.12354848962864902,0.003656436245784949,0.07255329623457149,0.002543234507207948,0.9525850340136053,0.0023696639735263664,0.0019727891156462586,0.0003621233631336335,0.014625850340136052,0.0010526884685278935,0.0163265306122449,0.001164873285448938,0.014489795918367347,0.0011346302052124082,0.19904761904761906,0.009485079200075951,0.6252380952380953,0.010293695247213935,0.030680272108843533,0.0017914866338638662,0.11061224489795918,0.0016100923896531449,0.034421768707482994,0.0018649937158852679,0.5953041324871005,0.010955824665483884,0.2597046235719718,0.004811551100300716,0.3243846949240298,0.002752161336510253,0.4546741906574272,0.0065493849410947266,0.013877551020408163,0.0033437294496447643,0.010612244897959184,0.0029288436502486878,0.796734693877551,0.011502646805717729,0.009795918367346938,0.002815102586779185,0.002775510204081633,0.0006687458899289528,0.016979591836734694,0.0016908656374291882,0.018122448979591838,0.0018402379407856087,0.7978000760795292,0.008413797827204195,0.004486668275493217,0.00030953037564314053,0.33712834961828114,0.001786175197425784,0.4546741906574272,0.0065493849410947266,0.8101949237554011,0.0035894254422506964,0.5208137456584158,0.004175390793126089,attenuatedxhonest
base,all,2000,0.5,0.011183136021064612,0.6125,0.010896386585483746,0.606,0.010928939603659186,0.988375,0.0011905937360082621,0.9905,0.0010836106801121086,0.978875,0.0016046899084717816,0.851125,0.007588645198945443,0.817,0.008648288642744533,0.7823758782201405,0.006030851426380437,0.8912123395497733,0.004970996628533156,0.7838670960187353,0.005963690006029783,0.891780779114868,0.004903323728491091,0.14210891938358003,0.003895723908121482,0.15224861277672141,0.004068728588176762,0.07565470237192638,0.0023300721034568445,0.13180751670661273,0.003924637184925324,0.1417176839384584,0.004111575763840544,0.05760847428015378,0.001778502906623711,0.05371259570624687,0.0013123529012511385,0.05516601193928457,0.0013926833518587336,0.52825,0.01042045187187977,0.009083333333333332,0.000661915599283422,0.153125,0.003983201897770363,0.157375,0.00408268191402212,0.15216666666666664,0.003916193440486493,0.5257083333333332,0.010478340477563635,0.008583333333333332,0.000680731145086215,0.150875,0.003958923935473304,0.1562916666666667,0.004026964202177689,0.1585416666666667,0.004127081323925397,0.6302725888751796,0.007055164687811895,0.3013207035880996,0.0023363982661348975,0.6326855880776975,0.007086972126052492,0.3104654452016738,0.0023596355387492996,0.054,0.005055173329243453,0.046,0.00468540035517181,0.0445,0.004611996341621225,0.048,0.004781153596660269,0.0114,0.0010934430981557532,0.1609,0.004865946333125595,0.161,0.004883792144722831,0.886699793955512,0.0049316843559185815,0.014239943954399025,0.0007562642103455678,0.6326855880776975,0.007086972126052492,0.36416389215539685,0.0035711766975438245,1.1720810773546064,0.008521475788899257,0.5785206212185108,0.002297650312183255,costlyxcostly
base,A_own0,1225,0.7779591836734694,0.0118796625594248,1.0,0.0,0.41306122448979593,0.014073849612050117,0.9989795918367347,0.0004555941391250781,0.9855102040816327,0.0016945066015456318,0.9844897959183674,0.0017477869774928133,0.8820408163265306,0.008808194992490389,0.8579591836734693,0.009978130613613925,0.7700888973856521,0.00894962393299007,0.8732171667662113,0.006811654230206618,0.7237982124934282,0.008109460063308356,0.8624476610758003,0.0065240251380686955,0.14554304284006325,0.005872176846730471,0.1893636835952115,0.005483962241166065,0.09981693516620149,0.003490606085086447,0.14281156051406493,0.00582776258932296,0.17344309437906483,0.0056556137854236405,0.06921928358852218,0.002339011780481894,0.060219474161520604,0.0019677739176050552,0.07065844412905525,0.001973445125489162,0.8425170068027212,0.008576042491374919,0.0006122448979591836,0.00020341360587657197,0.052040816326530605,0.003284501614680004,0.05278911564625851,0.0033049986718378032,0.05204081632653061,0.003210339032827158,0.253469387755102,0.011104205523541057,0.012176870748299318,0.0009202386177369319,0.23775510204081632,0.004921440092368758,0.24591836734693878,0.004987582037148229,0.2506802721088435,0.005082718736761609,0.8076276202665731,0.007846571767981925,0.2833224928063736,0.0036601823277378877,0.4304736374497451,0.006150327197256153,0.3002139266546842,0.0035022763475205743,0.004897959183673469,0.0019954951675338044,0.004081632653061225,0.0018223765565003119,0.06775510204081632,0.007183652248746957,0.0024489795918367346,0.0014127633917173524,0.000979591836734694,0.00039909903350676093,0.06253061224489795,0.004547714746821887,0.05991836734693878,0.004324597331697175,0.8690871706249219,0.006776912566075387,0.014946207750281647,0.0011662068710295054,0.4304736374497451,0.006150327197256153,0.37132608629165487,0.005478721069162962,0.9288871342161268,0.007693736279035416,0.5715551361452118,0.0034732703315135194,costlyxcostly
reassure,all,2000,0.5,0.011183136021064612,0.6125,0.010896386585483746,0.606,0.010928939603659186,0.895375,0.0030233673383383737,0.990625,0.0010769213375561104,0.886,0.0030731453123885193,0.553625,0.010830175485098058,0.519,0.01117505887995608,0.7823758782201405,0.006030851426380437,0.8600714248719726,0.004938913738380433,0.7838670960187353,0.005963690006029783,0.8919791369815914,0.004845596693928833,0.10246419242242015,0.0030629131826104194,0.1518407911643512,0.004057376112851189,0.1110817926634392,0.002798581293789551,0.07206658676753017,0.0030195851878261613,0.14177960342457066,0.004096685666628605,0.07143422362067665,0.0017792259571210534,0.08042789853440721,0.0014818214783835814,0.075627696207344,0.0016993049166582066,0.5380416666666668,0.010326015887100961,0.04008333333333333,0.0012245392096277422,0.13945833333333335,0.0036746325265471285,0.14295833333333335,0.003763678548241884,0.13945833333333335,0.003652348302486011,0.4825,0.009596035075321765,0.007833333333333333,0.0006325148516191215,0.13841666666666666,0.003696867585233362,0.143375,0.0037362664932967834,0.227875,0.003812489891334823,0.6351483451744182,0.007027293348012341,0.302843994494726,0.002516701929849777,0.6089299778167624,0.006860424345786533,0.28800635758245297,0.002467367105598063,0.395,0.010933767586555808,0.3945,0.010931359582007884,0.037,0.00422189675455275,0.048,0.004781153596660269,0.08579999999999999,0.0025104444159516444,0.12810000000000002,0.004083323617579551,0.1264,0.004110957307610053,0.886699793955512,0.0049316843559185815,0.03529271946072335,0.001151630145154159,0.6089299778167624,0.006860424345786533,0.4053105931254216,0.004226875019748092,1.1506102812095635,0.008267065840916125,0.5530783057828126,0.0026324613491033877,costlyxcostly
reassure,A_own0,1225,0.7779591836734694,0.0118796625594248,1.0,0.0,0.41306122448979593,0.014073849612050117,0.9857142857142858,0.001658644157188657,0.9857142857142858,0.0016835875742536844,0.9714285714285714,0.0022917462425705282,0.8546938775510204,0.009480310683322323,0.8155102040816327,0.011086900911903416,0.7700888973856521,0.00894962393299007,0.8555844988062632,0.007029548669850211,0.7237982124934282,0.008109460063308356,0.8629560071484489,0.006405423629859787,0.11773256482573492,0.004518417279803355,0.18904313705198136,0.005474470199388729,0.1255073636385315,0.004252548021599664,0.10475813058281574,0.0042606681072273524,0.17343453291320596,0.0056307711039908954,0.07907117874820696,0.00248122828128471,0.07623270722610796,0.0022546835314005602,0.07059294531400473,0.002283446705907526,0.8577551020408163,0.007807598934853522,0.005034013605442177,0.0005755770827407086,0.04476190476190476,0.0028522756551194934,0.04605442176870748,0.002899217734208069,0.04639455782312925,0.002890781124697233,0.23353741496598637,0.010178759727342527,0.011088435374149658,0.0008696965492410478,0.21789115646258506,0.004644789748265575,0.2257142857142857,0.0046611262422880185,0.3117687074829932,0.0047360448638486315,0.8142194976941642,0.007697660359541388,0.28538095541921005,0.0038329618027758464,0.39481942253964014,0.0042959606007886356,0.2668029404810415,0.003561119619369967,0.05795918367346939,0.006678905230860986,0.05714285714285714,0.006634576628754629,0.0563265306122449,0.006589867231734603,0.0024489795918367346,0.0014127633917173524,0.011591836734693876,0.0013357810461721974,0.04506122448979592,0.0034563746250942055,0.04375510204081633,0.003296588846006734,0.8690871706249219,0.006776912566075387,0.02379534802068211,0.0015600018544564675,0.39481942253964014,0.0042959606007886356,0.4326104553025396,0.006417908099804436,0.8964462256769473,0.005992509963591583,0.5336769940714008,0.003925775840623437,costlyxcostly
placebo,all,2000,0.5,0.011183136021064612,0.6125,0.010896386585483746,0.606,0.010928939603659186,0.99425,0.0008566420885258422,0.992875,0.0009470695105581819,0.987125,0.0012608675906059766,0.89175,0.006678380726985192,0.871,0.00749717305401849,0.7823758782201405,0.006030851426380437,0.8643252417907406,0.004931228192333149,0.7838670960187353,0.005963690006029783,0.8913433394093415,0.004808168981180181,0.1056531948647707,0.0031032184044037705,0.14852692980148346,0.003985819075105079,0.10884754612742346,0.0028494343370940294,0.10174270087225061,0.003130932639457117,0.14053535269983022,0.004024777159524944,0.06926034754165325,0.0017684584193200907,0.09126174358168003,0.0016304098299945403,0.06544655998573606,0.0014477266097809244,0.5406666666666667,0.010262360689059075,0.0062499999999999995,0.0005509420888435519,0.14875,0.003917546440418313,0.15445833333333334,0.00402396011183728,0.149875,0.003890460773483651,0.481125,0.009577064154633533,0.005624999999999999,0.0004999296473766713,0.14004166666666665,0.0037073495649570577,0.144125,0.00373531333258249,0.22908333333333333,0.003836555963903748,0.6335586925752624,0.007005145860940646,0.29215572756894914,0.0025745654608508167,0.5871683977916689,0.006586162883188464,0.24553736529837372,0.0025115397843380885,0.0305,0.003846072169833502,0.0225,0.0033169829948454742,0.028,0.0036898248472931406,0.04,0.004382876316119496,0.0065,0.0008421577137373994,0.15020000000000003,0.004637966727746528,0.15280000000000002,0.004692237051159302,0.8866017995615743,0.004928565299757174,0.030851979676953897,0.001084345332267232,0.5871683977916689,0.006586162883188464,0.48505399914031366,0.004550273919029167,1.1316772580911596,0.007990048442607976,0.504193346463224,0.0027942569211167182,costlyxcostly
placebo,A_own0,1225,0.7779591836734694,0.0118796625594248,1.0,0.0,0.41306122448979593,0.014073849612050117,1.0,0.0,0.9885714285714285,0.0015201724802626504,0.9885714285714285,0.0015201724802626504,0.9148979591836734,0.007636561289214421,0.8979591836734694,0.008652160188251162,0.7700888973856521,0.00894962393299007,0.8572947255812713,0.006980133951726718,0.7237982124934282,0.008109460063308356,0.863508236629273,0.006394995192709097,0.11894816405545554,0.004635882240690176,0.1888220447592014,0.005474660253755156,0.12347572874272865,0.004212871142507479,0.11871664570431315,0.00463494483974142,0.17585474188051017,0.005620597505357353,0.07802213093894379,0.002463465287668576,0.0775043381849181,0.0022786814112234423,0.06313673194766801,0.0018899493675022608,0.8601360544217685,0.007655287470326857,0.00013605442176870748,9.616569678310487e-05,0.045578231292517,0.002902967137944564,0.047142857142857146,0.0029640743102744495,0.04700680272108843,0.0029423217549369714,0.2337414965986395,0.010174249070929767,0.008979591836734694,0.0007929978830775124,0.21897959183673468,0.0046438527538905094,0.22619047619047622,0.004670576117360981,0.31210884353741497,0.004740720615017365,0.8122631038989917,0.007705404336620222,0.2756387490980966,0.003865523517532761,0.3806522303847663,0.0032621458856323788,0.25394488709848145,0.00370046062750496,0.0,0.0,0.0,0.0,0.044897959183673466,0.005918988252399064,0.0016326530612244899,0.0011539883613972588,0.0,0.0,0.04653061224489796,0.0035585908487619227,0.046367346938775506,0.0034654042678954034,0.8690294245485827,0.0067576896812780495,0.022113532395716343,0.0015097921768808394,0.3806522303847663,0.0032621458856323788,0.46383266772281895,0.006742161586996202,0.8844675833532647,0.005181807053174036,0.516044887750265,0.00413999360259666,costlyxcostly
remove_c_A,all,2000,0.5,0.011183136021064612,0.6125,0.010896386585483746,0.606,0.010928939603659186,0.543875,0.010781290985088593,0.990625,0.0010769213375561104,0.5345,0.010643026449558557,0.4515,0.010933430154689503,0.427,0.011063304133448316,0.7823758782201405,0.006030851426380437,0.8878071125495153,0.004923973447936047,0.7838670960187353,0.005963690006029783,0.8885953705722694,0.004819294350791135,0.13657188174480592,0.0037504949609917316,0.1471438173553355,0.0039704592583650715,0.08125790544076392,0.002429851953451576,0.038591963012357615,0.0021083797841348084,0.13701108271888415,0.004012112617708387,0.058236899844736095,0.0016906396986405023,0.047888464218655905,0.001587271470622477,0.059453285440503385,0.0015179409563181865,0.5251666666666668,0.01047145355519797,0.1945,0.004602420199351778,0.09104166666666666,0.0025385032813011704,0.09604166666666666,0.0026108915587462517,0.09325,0.00254253392645238,0.5240833333333333,0.01044781968196917,0.0085,0.000655261368851035,0.15158333333333335,0.003951303953031505,0.1570416666666667,0.004019261779663034,0.1587916666666667,0.004120163097301255,0.6302855594697397,0.007053100017478664,0.30080299947130623,0.0023754312014870656,0.1757761708385729,0.0038318035494194504,0.2671824665015582,0.002374647969848111,0.486,0.011178751372184667,0.4845,0.011177761232603178,0.044,0.004587212798707982,0.048,0.004781153596660269,0.4564,0.010761385770980236,0.0119,0.001140107417071405,0.013800000000000002,0.0012749873710740038,0.886699793955512,0.0049316843559185815,0.009623869845774628,0.0006922867449858333,0.1757761708385729,0.0038318035494194504,0.37260810048788573,0.003631128143557013,0.7878626919826335,0.002321006205880068,0.5578297464054689,0.002264277806246953,costlyxcostly
remove_c_A,A_own0,1225,0.7779591836734694,0.0118796625594248,1.0,0.0,0.41306122448979593,0.014073849612050117,0.8597959183673469,0.009283826892133426,0.9855102040816327,0.0016945066015456318,0.8453061224489796,0.00926416051264528,0.7293877551020408,0.012268043684136658,0.6922448979591836,0.013192946570905376,0.7700888973856521,0.00894962393299007,0.8708445141787335,0.006776766408100923,0.7237982124934282,0.008109460063308356,0.8621163828672931,0.006496826894600805,0.14061478583729162,0.00563353444605228,0.18947409687385933,0.005502024218235105,0.10341029331961074,0.0035837279507754385,0.05500796375445251,0.0027775684278120477,0.17355350765771266,0.005673382432045528,0.07030072220881999,0.0023277651111173166,0.05756678501805686,0.0020616810620078274,0.07475520128565029,0.002184123806707053,0.84,0.008704699316895473,0.05870748299319728,0.003864795903081927,0.032040816326530615,0.0020415424137784437,0.03496598639455782,0.0021524427208294335,0.03428571428571429,0.002131153848667589,0.25285714285714284,0.011075740687451707,0.012176870748299318,0.0009202386177369319,0.23795918367346938,0.004914788865066326,0.24605442176870745,0.004983026392092125,0.2509523809523809,0.0050726496223529914,0.8078793333301875,0.007835398598505763,0.2851200520707974,0.0036536770193684913,0.2821055679565724,0.0037436112839895636,0.2892730846344759,0.003210979747231046,0.17387755102040817,0.010833112677675652,0.17142857142857143,0.01077248432662712,0.06775510204081632,0.007183652248746957,0.0024489795918367346,0.0014127633917173524,0.1404081632653061,0.00925134759112489,0.014530612244897956,0.0016376740187953398,0.017142857142857144,0.0018622711639881971,0.8690871706249219,0.006776912566075387,0.011917250024688394,0.001070023903246209,0.2821055679565724,0.0037436112839895636,0.3605736750303467,0.0053233209335223,0.7833399874208024,0.003706281689353828,0.5714797638416516,0.0032002433816915397,costlyxcostly
remove_c_AB,all,2000,0.5,0.011183136021064612,0.6125,0.010896386585483746,0.606,0.010928939603659186,0.544,0.01076434789445215,0.543,0.01073728991400291,0.089625,0.004982390670742103,0.054125,0.004606270297162907,0.0305,0.003846072169833502,0.7823758782201405,0.006030851426380437,0.8803795344733922,0.004824139659738024,0.7838670960187353,0.005963690006029783,0.8855457736934357,0.0047776885591481215,0.12857467733833353,0.0037267650162509944,0.1419965274365989,0.0038080229422319777,0.0874822459276574,0.002467551158529749,0.03033020008305283,0.0018397171057295209,0.039093511446962326,0.002158075303592144,0.058585893434114224,0.0016058741039157475,0.04952007912596996,0.001613248699748645,0.056416039533907336,0.0016981665831462647,0.524375,0.01045188622452068,0.19445833333333334,0.004594803038395389,0.09145833333333334,0.0025392216457683888,0.096125,0.002609356967073119,0.09358333333333332,0.0025446044508845153,0.5202916666666666,0.010497863090860897,0.19470833333333332,0.004586096287739011,0.09204166666666666,0.0025715673020391045,0.09404166666666666,0.002579261389524349,0.09891666666666667,0.00273360456830479,0.17439180736324275,0.0038448214764305435,0.24970945683460605,0.002377851082864807,0.17461275663584377,0.0038314964871384756,0.2669058895561483,0.002380479773604366,0.489,0.011180429374603654,0.487,0.011179355482070389,0.493,0.011182040020027864,0.048,0.004781153596660269,0.45629999999999993,0.010743503452469152,0.0129,0.0011863805246946223,0.014,0.0012738961518518107,0.886699793955512,0.0049316843559185815,0.01825915888179413,0.0008676380234557699,0.17461275663584377,0.0038314964871384756,0.37422646437672114,0.0037157937172657895,0.7850463056557414,0.00252439117008975,0.5570717700717708,0.0023019505444685042,costlyxcostly
remove_c_AB,A_own0,1225,0.7779591836734694,0.0118796625594248,1.0,0.0,0.41306122448979593,0.014073849612050117,0.8597959183673469,0.009256848366645518,0.27,0.011796001791425148,0.1310204081632653,0.007697695637902562,0.08183673469387755,0.007200207086660459,0.04979591836734694,0.006217483051143584,0.7700888973856521,0.00894962393299007,0.8599509469318257,0.0065504056870899965,0.7237982124934282,0.008109460063308356,0.8573224549480113,0.006390084998740301,0.1288789594811427,0.005649795667746082,0.180925321793966,0.005237843987727668,0.11314453075112837,0.003585024279191164,0.042954955502797605,0.0024704664863487843,0.015110859884419037,0.0018950764129026156,0.07074578592101134,0.0021768415339003017,0.06053203982040769,0.002146780714906705,0.06726104503672391,0.0024730807752057857,0.8391836734693877,0.008685471116957335,0.05870748299319728,0.0038539954193633277,0.032448979591836735,0.002047609593834175,0.03517006802721088,0.002148647054361759,0.034489795918367344,0.0021317232469191343,0.24741496598639454,0.01109668373229163,0.3096598639455782,0.005049451074332274,0.14272108843537412,0.003352600571277165,0.14510204081632652,0.003381565045378805,0.15510204081632653,0.0035220732236584834,0.08106453509652016,0.00435983297879468,0.20356417922484218,0.003005940517401489,0.2813228066813673,0.0037641575545166745,0.29022124894999596,0.0032246839933186716,0.1763265306122449,0.010892953785301038,0.17387755102040817,0.01083311267767565,0.7804081632653062,0.011832548371305956,0.0024489795918367346,0.0014127633917173524,0.1404081632653061,0.009225358539101966,0.015510204081632653,0.001678689354073085,0.017632653061224492,0.001865694362813447,0.8690871706249219,0.006776912566075387,0.024434810600674716,0.0012564469898947944,0.2813228066813673,0.0037641575545166745,0.3608699354727899,0.005405120927812721,0.780873422162727,0.003909660862561156,0.5717405253908824,0.0032434965869965553,costlyxcostly
external,all,2000,0.5,0.011183136021064612,0.6125,0.010896386585483746,0.606,0.010928939603659186,0.987,0.00129086527824684,0.987125,0.0012732056840341738,0.974125,0.00177515993191936,0.8335,0.007910525469689312,0.7895,0.009117918798805504,0.7823758782201405,0.006030851426380437,0.9617282424911364,0.003186478391123,0.7838670960187353,0.005963690006029783,0.9645707405382129,0.003132595109126096,0.1994574447147741,0.005388403802343701,0.20378458152050014,0.005491438218517087,0.02833734328432674,0.0020958546208826594,0.17716739491933825,0.005305365796944258,0.18141508423583258,0.00542762118295189,0.09070986561984516,0.003808541957074393,0.060596225738247585,0.0023086569791742877,0.05280496631235656,0.0020026801581690228,0.528,0.010170422632616638,0.010333333333333332,0.0007038962687788752,0.15366666666666665,0.003907730466770026,0.15633333333333332,0.004019462406718031,0.15166666666666664,0.0038413525099454155,0.5234166666666668,0.010223728280273459,0.009916666666666666,0.000699477619388618,0.15216666666666664,0.003899748014018595,0.15658333333333335,0.003950917089125611,0.15791666666666665,0.004034710147056806,0.6247404318197323,0.006938748549023216,0.29990109245590924,0.002692270111801061,0.6267805859945863,0.006964367502881689,0.30840198144360587,0.002714071466062668,0.0665,0.0055726476832023515,0.05,0.004874615978769018,0.059,0.005270046175637048,0.048,0.004781153596660269,0.014400000000000001,0.0012558298269579116,0.1622,0.004908933572010035,0.1585,0.004880654197205161,0.886699793955512,0.0049316843559185815,0.10701690806709327,0.004208305982003797,0.6267805859945863,0.006964367502881689,0.3637338549052316,0.004023046924646024,1.1712001056478494,0.00837086231806471,0.5778672506153498,0.002582057665043781,costlyxcostly
external,A_own0,1225,0.7779591836734694,0.0118796625594248,1.0,0.0,0.41306122448979593,0.014073849612050117,0.9971428571428571,0.0007595376393813024,0.9804081632653061,0.0019844661384328865,0.9775510204081632,0.0021032208925198716,0.8540816326530613,0.009584178132701217,0.8220408163265306,0.010932416890533241,0.7700888973856521,0.00894962393299007,0.9616196429894136,0.00404476284916379,0.7237982124934282,0.008109460063308356,0.9600331597186065,0.0040878818136591095,0.2077291172665033,0.00806982158395112,0.26134073272148733,0.007521598163737894,0.03436997691155289,0.0030393237317714677,0.1907420091448539,0.007784728132617815,0.22646289821624374,0.0075867645657171304,0.10498548042612611,0.0050901637415311386,0.06583215099747086,0.003497467820091319,0.06247312303581777,0.002431047896300496,0.831156462585034,0.008486205101169013,0.002108843537414966,0.00038627135902053605,0.05721088435374149,0.0033198198210094227,0.054829931972789105,0.0032706672934613404,0.054693877551020405,0.0031719128637475477,0.2569387755102041,0.010715043662624114,0.014149659863945577,0.001001778872995823,0.2374829931972789,0.004812389197539901,0.24394557823129254,0.00487557580295417,0.24748299319727887,0.004965628552079582,0.7949233902505544,0.007855443423516505,0.276371756781343,0.0038932201398957137,0.43828988496894306,0.006137886920673574,0.3052192468255435,0.00376291566509583,0.022040816326530613,0.004196463919765594,0.011428571428571429,0.0030381505575252095,0.08897959183673469,0.008138016174070336,0.0024489795918367346,0.0014127633917173524,0.004571428571428572,0.000885012221376704,0.07493877551020409,0.0049890249301184604,0.06481632653061226,0.004480001928856647,0.8690871706249219,0.006776912566075387,0.11977224515251525,0.005718235054861936,0.43828988496894306,0.006137886920673574,0.3514240314536582,0.005367860628801651,0.9440203447418161,0.007822764353833798,0.5815180861487541,0.003465527852500089,costlyxcostly
force_silence,all,2000,0.5,0.011183136021064612,0.6125,0.010896386585483746,0.606,0.010928939603659186,0.992125,0.0009925269479319871,0.99075,0.0010701828795574373,0.982875,0.0014667371429207114,0.868375,0.007213551299372198,0.8365,0.00827152247424989,0.7823758782201405,0.006030851426380437,0.8643588029427969,0.004951406785314861,0.7838670960187353,0.005963690006029783,0.8920199521781784,0.004843833938199733,0.10692900022311018,0.0031276793398327114,0.15182952807981495,0.004054447748138215,0.10690442565420404,0.00279245672393039,0.10212365937405267,0.0031539985774961194,0.14171050121027462,0.004092025323118753,0.0694553362739971,0.0017895625369766276,0.09096988756663503,0.0016030918401833782,0.0738253958787575,0.0016952142684420843,0.5415833333333334,0.010268476333895722,0.007833333333333333,0.0006186317495163368,0.14833333333333334,0.003915694872326824,0.15358333333333335,0.004014587911222938,0.1486666666666667,0.003863780238600461,0.48241666666666666,0.009591251414217763,0.007791666666666666,0.0006395980137543331,0.1385833333333333,0.0036918612142343783,0.22658333333333333,0.003736572964165967,0.144625,0.0038140978287810926,0.6351203228143452,0.007023653712434769,0.2917787295944233,0.0025050019390815375,0.614811483206966,0.0069345944564778664,0.29161352634142373,0.0024818355821366192,0.04,0.004382876316119496,0.031,0.003876469206217608,0.0365,0.004194361850826396,0.048,0.004781153596660269,0.008400000000000001,0.0009408307931241648,0.1494,0.004646570273616211,0.15189999999999998,0.004686595468839216,0.886699793955512,0.0049316843559185815,0.03079536681311138,0.0011132888566339112,0.614811483206966,0.0069345944564778664,0.4017458305014425,0.004210616385174808,1.1558279428427134,0.008341827836162326,0.5559470783359924,0.0026333367316346266,costlyxcostly
force_silence,A_own0,1225,0.7779591836734694,0.0118796625594248,1.0,0.0,0.41306122448979593,0.014073849612050117,1.0,0.0,0.9859183673469388,0.001672576922968994,0.9859183673469388,0.001672576922968994,0.896734693877551,0.00829571094271159,0.8726530612244898,0.009528495960090005,0.7700888973856521,0.00894962393299007,0.856972800008264,0.007017068091140646,0.7237982124934282,0.008109460063308356,0.8629614530911991,0.006414565757440904,0.1188822711858545,0.004624773134235297,0.18903866194519,0.0054657087179147724,0.12459331934775046,0.004257616338285847,0.11865075283471209,0.0046238307856046705,0.17377825197429198,0.005624004068187587,0.07867120000162432,0.0024855698941496536,0.07829922346729583,0.0023147202721023994,0.07384432581087358,0.002358952172630181,0.8606802721088437,0.007644026600965573,0.00027210884353741496,0.00013588758611825336,0.04503401360544218,0.002889132722865767,0.04707482993197278,0.002956353602479591,0.04693877551020408,0.002939272220426059,0.23346938775510204,0.010166604513813677,0.011020408163265305,0.0008677380746106025,0.21816326530612246,0.004634342676914852,0.30891156462585034,0.004662532537928076,0.22843537414965984,0.004737022684855123,0.8140693451778842,0.0076969966532085985,0.27782590785668226,0.0038621216803753655,0.4011329652829423,0.004727321185265051,0.2733994677397435,0.0036017545638919388,0.0008163265306122449,0.0008163265306122448,0.0,0.0,0.05551020408163265,0.006544769235812622,0.0024489795918367346,0.0014127633917173524,0.00016326530612244898,0.00016326530612244903,0.045714285714285714,0.0035484790189609225,0.04620408163265306,0.0034633361371093235,0.8690871706249219,0.006776912566075387,0.022668612225109856,0.00158320148075172,0.4011329652829423,0.004727321185265051,0.4253618489320742,0.0063814466087736416,0.9023802177383439,0.006360475134585738,0.5392150475230678,0.0039283343530034905,costlyxcostly
base,all,2000,0.5,0.011183136021064612,0.6125,0.010896386585483746,0.606,0.010928939603659186,0.636625,0.010247740618370017,0.635375,0.01023161877216159,0.288875,0.009220696980917818,0.27675,0.009788520128863021,0.212,0.009141651103189524,0.7823758782201405,0.006030851426380437,0.8088814699975299,0.005458086408615963,0.7838670960187353,0.005963690006029783,0.8115368577352672,0.005409212426294622,0.040799252478280625,0.0009998863894970878,0.0411345259384145,0.0009741314214399794,0.2378464697304355,0.005225685530777891,0.026401810773641895,0.0009730271065606796,0.025457276926604884,0.0009487002884137948,0.13085316886052198,0.002448595403791469,0.10186809039137466,0.001951186712203385,0.10685823172810845,0.002124803407822322,0.5800416666666668,0.010373650509287138,0.35904166666666665,0.0100948629419328,0.018541666666666665,0.000937491315061767,0.021458333333333333,0.0010758724337961527,0.020916666666666663,0.0010510544953619457,0.5733333333333333,0.010395839609432082,0.36325,0.010119574237708193,0.021166666666666663,0.0010385609027971608,0.02095833333333333,0.0010178902276451744,0.021291666666666667,0.0010710601939836223,0.5295017999198253,0.007220398204059892,0.49294410487649154,0.006199855557362457,0.5328112235565895,0.007281356946975742,0.49479708641636516,0.005933138269611821,0.4045,0.0109772548964908,0.403,0.010970673536247422,0.407,0.0109879874378326,0.395,0.010933767586555808,0.3626999999999999,0.01020913650776191,0.0206,0.0014794980423199669,0.024,0.001641141880928236,0.8090336186618181,0.005488010900709049,0.003885125701088732,0.0002488957011225841,0.20554830002031121,0.00392148117588865,0.49479708641636516,0.005933138269611821,0.5381896611709774,0.008640971370145394,0.4980367183513136,0.003742591448632099,attenuatedxattenuated
base,A_own0,1225,0.7779591836734694,0.0118796625594248,1.0,0.0,0.41306122448979593,0.014073849612050117,0.993265306122449,0.001226877313147791,0.4424489795918367,0.013367868765823734,0.4357142857142857,0.013196703926782087,0.39979591836734696,0.013711315256123888,0.3461224489795918,0.013597917086625435,0.7700888973856521,0.00894962393299007,0.7977533040572299,0.008071817309135133,0.7237982124934282,0.008109460063308356,0.7543294199769819,0.0072768153656367655,0.04310953536710264,0.001382622840334404,0.045351406301141,0.001188015735168239,0.30295619966765935,0.00753421271870594,0.04216093542899819,0.0013697766711574517,0.025938825021862708,0.0013263692038247537,0.16185956821161654,0.003530481797796847,0.1347746003334505,0.002348085592235897,0.09489101953008497,0.0027986768961027436,0.9441496598639457,0.0026799867003025305,0.0034693877551020408,0.0004948713537067267,0.0163265306122449,0.0011608905231362543,0.01931972789115646,0.001347692289352165,0.01673469387755102,0.0012633309119459192,0.37176870748299323,0.012798755941377518,0.550952380952381,0.013198290159351603,0.025578231292517007,0.0014252461239998924,0.02421768707482993,0.0013449120860439037,0.02748299319727891,0.0014952945195340415,0.6321098035239588,0.010238482560420625,0.5582398649994295,0.008625702176504319,0.3223951283084613,0.00325856324246072,0.5586914439146549,0.008164922689012203,0.027755102040816326,0.0046953561705407884,0.025306122448979593,0.004489068295654787,0.6081632653061224,0.01395314018227932,0.012244897959183673,0.0031434859029200223,0.005877551020408164,0.0010192497092256687,0.02089795918367347,0.0019506059166257623,0.025306122448979593,0.00224774577754839,0.7977620194223403,0.008118477874559913,0.0045521420832118215,0.0003288700084784916,0.335589061126092,0.002313035206259197,0.5586914439146549,0.008164922689012203,0.8105551462541046,0.004329941240767303,0.45590473344190574,0.005115146838275968,attenuatedxattenuated
reassure,all,2000,0.5,0.011183136021064612,0.6125,0.010896386585483746,0.606,0.010928939603659186,0.640125,0.010242403067532485,0.634875,0.01022269504262292,0.292,0.009267129536427256,0.2805,0.009867360711137597,0.219,0.009249988169752992,0.7823758782201405,0.006030851426380437,0.8075184116450187,0.005515701025679716,0.7838670960187353,0.005963690006029783,0.8114088344623431,0.005408699017124259,0.03736223630278778,0.0009321960308197858,0.04139337209537643,0.0009771917633713569,0.2421016812232854,0.005257578672221279,0.02481442800161184,0.0009056437348144597,0.025505928103474518,0.0009507516013099864,0.13248473034147143,0.0024695400927124325,0.10705871462826046,0.0021092549088161864,0.1038206952433697,0.002066372415181279,0.5833333333333333,0.010411433569614091,0.357875,0.010097175584092765,0.018,0.0009362866873051525,0.020708333333333332,0.0010187430957490984,0.02008333333333333,0.0010070326192517336,0.5258333333333334,0.009539574825695252,0.3329583333333333,0.009274154869887833,0.019416666666666665,0.0009857507810299467,0.019416666666666665,0.0009786770486191335,0.10237499999999997,0.0009850046949476834,0.4383254042912358,0.006583833702090787,0.5304044292622981,0.005796918520796341,0.5333539556265037,0.007248238223684917,0.4902721587618456,0.0057402725072945296,0.396,0.010938547705840865,0.3945,0.010931359582007884,0.408,0.010992197878818572,0.395,0.010933767586555808,0.35990000000000005,0.010208726857548202,0.0193,0.0014299571282714557,0.0222,0.0015279880149028798,0.8090336186618181,0.005488010900709049,0.005474820006393134,0.00021907929166582307,0.20746660763972485,0.0038671466225488915,0.4902721587618456,0.0057402725072945296,0.5392901216105771,0.008595972037297655,0.4999003569127111,0.0036582833283065547,attenuatedxattenuated
reassure,A_own0,1225,0.7779591836734694,0.0118796625594248,1.0,0.0,0.41306122448979593,0.014073849612050117,0.9971428571428571,0.0007595376393813024,0.4412244897959184,0.013338538481422878,0.4387755102040816,0.013273127458963373,0.4048979591836735,0.01380301721159506,0.3575510204081633,0.013699276262228595,0.7700888973856521,0.00894962393299007,0.7977907686697858,0.008179661017426228,0.7237982124934282,0.008109460063308356,0.7541843723369596,0.007268331588080314,0.04004721985509032,0.0012717485908521169,0.04587355299892775,0.0011989539677802127,0.30720620318462377,0.007583137722879071,0.03960341257025671,0.0012674502770050053,0.026139481941297553,0.0013353355056989382,0.16312973226618707,0.0035700265710229316,0.143922146202683,0.0025884257648199813,0.0890500618245729,0.0026008178777059375,0.9495238095238095,0.0024655827518031237,0.0021768707482993197,0.0003799156354544417,0.01551020408163265,0.001125614134950903,0.01748299319727891,0.0012003219702173833,0.015306122448979591,0.0011662518821827293,0.341360544217687,0.011755726283718883,0.5053061224489795,0.0120940892622072,0.02333333333333333,0.0013317929388368664,0.02204081632653061,0.001270106229145828,0.10795918367346939,0.001386427901912493,0.48769235666627275,0.009980224580675167,0.575512502567713,0.008295877053569184,0.3222882349495584,0.0030078654253144995,0.5519712019901125,0.007907281631493743,0.013877551020408163,0.0033437294496447643,0.011428571428571429,0.0030381505575252095,0.6106122448979592,0.01393744577874602,0.012244897959183673,0.0031434859029200223,0.002775510204081633,0.0006687458899289529,0.018938775510204085,0.0018115535586784514,0.02089795918367347,0.0019642347408542708,0.7977620194223403,0.008118477874559913,0.005122597361967196,0.00029099375529129497,0.3387206834238447,0.0018850228258402027,0.5519712019901125,0.007907281631493743,0.8131459587794292,0.0038921504342842284,0.45901297763152327,0.005014122053750609,attenuatedxattenuated
placebo,all,2000,0.5,0.011183136021064612,0.6125,0.010896386585483746,0.606,0.010928939603659186,0.640125,0.010242403067532485,0.634875,0.01022269504262292,0.292,0.009267129536427256,0.2805,0.009867360711137597,0.219,0.009249988169752992,0.7823758782201405,0.006030851426380437,0.8075184116450187,0.005515701025679716,0.7838670960187353,0.005963690006029783,0.8114088344623431,0.005408699017124259,0.03736223630278778,0.0009321960308197858,0.04139337209537643,0.0009771917633713569,0.2421016812232854,0.005257578672221279,0.02481442800161184,0.0009056437348144597,0.025505928103474518,0.0009507516013099864,0.13248473034147143,0.0024695400927124325,0.10705871462826046,0.0021092549088161864,0.1038206952433697,0.002066372415181279,0.5833333333333333,0.010411433569614091,0.357875,0.010097175584092765,0.018,0.0009362866873051525,0.020708333333333332,0.0010187430957490984,0.02008333333333333,0.0010070326192517336,0.5258333333333334,0.009539574825695252,0.3329583333333333,0.009274154869887833,0.019416666666666665,0.0009857507810299467,0.019416666666666665,0.0009786770486191335,0.10237499999999997,0.0009850046949476834,0.4383254042912358,0.006583833702090787,0.5304044292622981,0.005796918520796341,0.5333539556265037,0.007248238223684917,0.4902721587618456,0.0057402725072945296,0.396,0.010938547705840865,0.3945,0.010931359582007884,0.408,0.010992197878818572,0.395,0.010933767586555808,0.35990000000000005,0.010208726857548202,0.0193,0.0014299571282714557,0.0222,0.0015279880149028798,0.8090336186618181,0.005488010900709049,0.005474820006393134,0.00021907929166582307,0.20746660763972485,0.0038671466225488915,0.4902721587618456,0.0057402725072945296,0.5392901216105771,0.008595972037297655,0.4999003569127111,0.0036582833283065547,attenuatedxattenuated
placebo,A_own0,1225,0.7779591836734694,0.0118796625594248,1.0,0.0,0.41306122448979593,0.014073849612050117,0.9971428571428571,0.0007595376393813024,0.4412244897959184,0.013338538481422878,0.4387755102040816,0.013273127458963373,0.4048979591836735,0.01380301721159506,0.3575510204081633,0.013699276262228595,0.7700888973856521,0.00894962393299007,0.7977907686697858,0.008179661017426228,0.7237982124934282,0.008109460063308356,0.7541843723369596,0.007268331588080314,0.04004721985509032,0.0012717485908521169,0.04587355299892775,0.0011989539677802127,0.30720620318462377,0.007583137722879071,0.03960341257025671,0.0012674502770050053,0.026139481941297553,0.0013353355056989382,0.16312973226618707,0.0035700265710229316,0.143922146202683,0.0025884257648199813,0.0890500618245729,0.0026008178777059375,0.9495238095238095,0.0024655827518031237,0.0021768707482993197,0.0003799156354544417,0.01551020408163265,0.001125614134950903,0.01748299319727891,0.0012003219702173833,0.015306122448979591,0.0011662518821827293,0.341360544217687,0.011755726283718883,0.5053061224489795,0.0120940892622072,0.02333333333333333,0.0013317929388368664,0.02204081632653061,0.001270106229145828,0.10795918367346939,0.001386427901912493,0.48769235666627275,0.009980224580675167,0.575512502567713,0.008295877053569184,0.3222882349495584,0.0030078654253144995,0.5519712019901125,0.007907281631493743,0.013877551020408163,0.0033437294496447643,0.011428571428571429,0.0030381505575252095,0.6106122448979592,0.01393744577874602,0.012244897959183673,0.0031434859029200223,0.002775510204081633,0.0006687458899289529,0.018938775510204085,0.0018115535586784514,0.02089795918367347,0.0019642347408542708,0.7977620194223403,0.008118477874559913,0.005122597361967196,0.00029099375529129497,0.3387206834238447,0.0018850228258402027,0.5519712019901125,0.007907281631493743,0.8131459587794292,0.0038921504342842284,0.45901297763152327,0.005014122053750609,attenuatedxattenuated
remove_c_A,all,2000,0.5,0.011183136021064612,0.6125,0.010896386585483746,0.606,0.010928939603659186,0.636625,0.010247740618370017,0.635375,0.01023161877216159,0.288875,0.009220696980917818,0.27675,0.009788520128863021,0.212,0.009141651103189524,0.7823758782201405,0.006030851426380437,0.8088814699975299,0.005458086408615963,0.7838670960187353,0.005963690006029783,0.8115368577352672,0.005409212426294622,0.040799252478280625,0.0009998863894970878,0.0411345259384145,0.0009741314214399794,0.2378464697304355,0.005225685530777891,0.026401810773641895,0.0009730271065606796,0.025457276926604884,0.0009487002884137948,0.13085316886052198,0.002448595403791469,0.10186809039137466,0.001951186712203385,0.10685823172810845,0.002124803407822322,0.5800416666666668,0.010373650509287138,0.35904166666666665,0.0100948629419328,0.018541666666666665,0.000937491315061767,0.021458333333333333,0.0010758724337961527,0.020916666666666663,0.0010510544953619457,0.5733333333333333,0.010395839609432082,0.36325,0.010119574237708193,0.021166666666666663,0.0010385609027971608,0.02095833333333333,0.0010178902276451744,0.021291666666666667,0.0010710601939836223,0.5295017999198253,0.007220398204059892,0.49294410487649154,0.006199855557362457,0.5328112235565895,0.007281356946975742,0.49479708641636516,0.005933138269611821,0.4045,0.0109772548964908,0.403,0.010970673536247422,0.407,0.0109879874378326,0.395,0.010933767586555808,0.3626999999999999,0.01020913650776191,0.0206,0.0014794980423199669,0.024,0.001641141880928236,0.8090336186618181,0.005488010900709049,0.003885125701088732,0.0002488957011225841,0.20554830002031121,0.00392148117588865,0.49479708641636516,0.005933138269611821,0.5381896611709774,0.008640971370145394,0.4980367183513136,0.003742591448632099,attenuatedxattenuated
remove_c_A,A_own0,1225,0.7779591836734694,0.0118796625594248,1.0,0.0,0.41306122448979593,0.014073849612050117,0.993265306122449,0.001226877313147791,0.4424489795918367,0.013367868765823734,0.4357142857142857,0.013196703926782087,0.39979591836734696,0.013711315256123888,0.3461224489795918,0.013597917086625435,0.7700888973856521,0.00894962393299007,0.7977533040572299,0.008071817309135133,0.7237982124934282,0.008109460063308356,0.7543294199769819,0.0072768153656367655,0.04310953536710264,0.001382622840334404,0.045351406301141,0.001188015735168239,0.30295619966765935,0.00753421271870594,0.04216093542899819,0.0013697766711574517,0.025938825021862708,0.0013263692038247537,0.16185956821161654,0.003530481797796847,0.1347746003334505,0.002348085592235897,0.09489101953008497,0.0027986768961027436,0.9441496598639457,0.0026799867003025305,0.0034693877551020408,0.0004948713537067267,0.0163265306122449,0.0011608905231362543,0.01931972789115646,0.001347692289352165,0.01673469387755102,0.0012633309119459192,0.37176870748299323,0.012798755941377518,0.550952380952381,0.013198290159351603,0.025578231292517007,0.0014252461239998924,0.02421768707482993,0.0013449120860439037,0.02748299319727891,0.0014952945195340415,0.6321098035239588,0.010238482560420625,0.5582398649994295,0.008625702176504319,0.3223951283084613,0.00325856324246072,0.5586914439146549,0.008164922689012203,0.027755102040816326,0.0046953561705407884,0.025306122448979593,0.004489068295654787,0.6081632653061224,0.01395314018227932,0.012244897959183673,0.0031434859029200223,0.005877551020408164,0.0010192497092256687,0.02089795918367347,0.0019506059166257623,0.025306122448979593,0.00224774577754839,0.7977620194223403,0.008118477874559913,0.0045521420832118215,0.0003288700084784916,0.335589061126092,0.002313035206259197,0.5586914439146549,0.008164922689012203,0.8105551462541046,0.004329941240767303,0.45590473344190574,0.005115146838275968,attenuatedxattenuated
remove_c_AB,all,2000,0.5,0.011183136021064612,0.6125,0.010896386585483746,0.606,0.010928939603659186,0.636625,0.010247740618370017,0.635375,0.01023161877216159,0.288875,0.009220696980917818,0.27675,0.009788520128863021,0.212,0.009141651103189524,0.7823758782201405,0.006030851426380437,0.8088814699975299,0.005458086408615963,0.7838670960187353,0.005963690006029783,0.8115368577352672,0.005409212426294622,0.040799252478280625,0.0009998863894970878,0.0411345259384145,0.0009741314214399794,0.2378464697304355,0.005225685530777891,0.026401810773641895,0.0009730271065606796,0.025457276926604884,0.0009487002884137948,0.13085316886052198,0.002448595403791469,0.10186809039137466,0.001951186712203385,0.10685823172810845,0.002124803407822322,0.5800416666666668,0.010373650509287138,0.35904166666666665,0.0100948629419328,0.018541666666666665,0.000937491315061767,0.021458333333333333,0.0010758724337961527,0.020916666666666663,0.0010510544953619457,0.5733333333333333,0.010395839609432082,0.36325,0.010119574237708193,0.021166666666666663,0.0010385609027971608,0.02095833333333333,0.0010178902276451744,0.021291666666666667,0.0010710601939836223,0.5295017999198253,0.007220398204059892,0.49294410487649154,0.006199855557362457,0.5328112235565895,0.007281356946975742,0.49479708641636516,0.005933138269611821,0.4045,0.0109772548964908,0.403,0.010970673536247422,0.407,0.0109879874378326,0.395,0.010933767586555808,0.3626999999999999,0.01020913650776191,0.0206,0.0014794980423199669,0.024,0.001641141880928236,0.8090336186618181,0.005488010900709049,0.003885125701088732,0.0002488957011225841,0.20554830002031121,0.00392148117588865,0.49479708641636516,0.005933138269611821,0.5381896611709774,0.008640971370145394,0.4980367183513136,0.003742591448632099,attenuatedxattenuated
remove_c_AB,A_own0,1225,0.7779591836734694,0.0118796625594248,1.0,0.0,0.41306122448979593,0.014073849612050117,0.993265306122449,0.001226877313147791,0.4424489795918367,0.013367868765823734,0.4357142857142857,0.013196703926782087,0.39979591836734696,0.013711315256123888,0.3461224489795918,0.013597917086625435,0.7700888973856521,0.00894962393299007,0.7977533040572299,0.008071817309135133,0.7237982124934282,0.008109460063308356,0.7543294199769819,0.0072768153656367655,0.04310953536710264,0.001382622840334404,0.045351406301141,0.001188015735168239,0.30295619966765935,0.00753421271870594,0.04216093542899819,0.0013697766711574517,0.025938825021862708,0.0013263692038247537,0.16185956821161654,0.003530481797796847,0.1347746003334505,0.002348085592235897,0.09489101953008497,0.0027986768961027436,0.9441496598639457,0.0026799867003025305,0.0034693877551020408,0.0004948713537067267,0.0163265306122449,0.0011608905231362543,0.01931972789115646,0.001347692289352165,0.01673469387755102,0.0012633309119459192,0.37176870748299323,0.012798755941377518,0.550952380952381,0.013198290159351603,0.025578231292517007,0.0014252461239998924,0.02421768707482993,0.0013449120860439037,0.02748299319727891,0.0014952945195340415,0.6321098035239588,0.010238482560420625,0.5582398649994295,0.008625702176504319,0.3223951283084613,0.00325856324246072,0.5586914439146549,0.008164922689012203,0.027755102040816326,0.0046953561705407884,0.025306122448979593,0.004489068295654787,0.6081632653061224,0.01395314018227932,0.012244897959183673,0.0031434859029200223,0.005877551020408164,0.0010192497092256687,0.02089795918367347,0.0019506059166257623,0.025306122448979593,0.00224774577754839,0.7977620194223403,0.008118477874559913,0.0045521420832118215,0.0003288700084784916,0.335589061126092,0.002313035206259197,0.5586914439146549,0.008164922689012203,0.8105551462541046,0.004329941240767303,0.45590473344190574,0.005115146838275968,attenuatedxattenuated
external,all,2000,0.5,0.011183136021064612,0.6125,0.010896386585483746,0.606,0.010928939603659186,0.539875,0.010868460282024817,0.534875,0.01088711425566518,0.07625,0.00486169073146207,0.051125,0.004454622769607968,0.015,0.002718675338799927,0.7823758782201405,0.006030851426380437,0.9426304843229069,0.0036823944062837834,0.7838670960187353,0.005963690006029783,0.9447305900329527,0.0035007857651206875,0.19520290962939757,0.004930454015622182,0.19666232420987198,0.0048988755790825,0.06292319147694425,0.003048476140763337,0.060024077408871196,0.0030670829854129566,0.0602405023260498,0.003104255299231707,0.09581887289041169,0.004017447086079344,0.0379288942121982,0.0018549980376791036,0.03695619773378189,0.002010586916921009,0.5559166666666667,0.009948829496688395,0.3993333333333333,0.009690211561160572,0.013166666666666667,0.0007548869926222462,0.015708333333333335,0.0008479372144169224,0.015874999999999997,0.0008746426054930502,0.5467916666666667,0.009985332218115827,0.40470833333333334,0.009730311588728868,0.016041666666666666,0.0008550280707547952,0.015624999999999998,0.0008466580000514918,0.016833333333333332,0.0008942547245739763,0.6372147598550375,0.0074178044253865065,0.40961789966684464,0.004526333034667021,0.6377624762122575,0.00737356164176078,0.4017631450796465,0.004457947309552976,0.4865,0.011179059024816898,0.485,0.01117810247705279,0.4905,0.011181117282805235,0.395,0.010933767586555808,0.4594,0.010853327478643557,0.0077,0.0009802221267186605,0.0102,0.0011263277973811961,0.8090336186618181,0.005488010900709049,0.17132753840135995,0.0044091069470374115,0.16208880471472242,0.003768354467154529,0.4017631450796465,0.004457947309552976,0.41946106280197204,0.008728234329825862,0.5442470720303278,0.00287832093151138,attenuatedxattenuated
external,A_own0,1225,0.7779591836734694,0.0118796625594248,1.0,0.0,0.41306122448979593,0.014073849612050117,0.8157142857142857,0.010634938054809652,0.28,0.012228374650458257,0.0963265306122449,0.006820869149960858,0.06142857142857143,0.006121681958089493,0.024489795918367346,0.004417919339026813,0.7700888973856521,0.00894962393299007,0.9396331089297698,0.0046073381231252165,0.7237982124934282,0.008109460063308356,0.9321172237376276,0.004818995775436677,0.19407748249514264,0.007090570787803897,0.24915361463608304,0.006576404276695102,0.08020597942834477,0.00425961595299999,0.06322447244915737,0.002906370244077339,0.03848046440606513,0.0034798588265372516,0.10817926162137803,0.005221890258253073,0.04727647882499647,0.0027217576570789112,0.035659945368611334,0.0018826046127502969,0.884421768707483,0.005454000012241313,0.07693877551020409,0.004452683303956026,0.011836734693877549,0.0009412399292073464,0.013537414965986394,0.0010017562282107406,0.013265306122448979,0.0010716429214500075,0.3224489795918367,0.011418058752778596,0.6182993197278912,0.011588614497345376,0.019523809523809523,0.0012131363447805534,0.01802721088435374,0.0011421758472426806,0.02170068027210884,0.0012803200997467655,0.7849735328473112,0.008868594182650671,0.43071004404406954,0.006350585034942416,0.4546582417990469,0.007461658088961569,0.41056864552034766,0.0059605819406103105,0.21224489795918366,0.01168755137870918,0.21142857142857144,0.011671096169354347,0.756734693877551,0.012263691060649153,0.012244897959183673,0.0031434859029200223,0.1822040816326531,0.0105615332400247,0.010122448979591839,0.0014504583023364607,0.011428571428571429,0.001566625373009475,0.7977620194223403,0.008118477874559913,0.16952299146749725,0.006221128862075755,0.2646347341189821,0.003961474321370893,0.41056864552034766,0.0059605819406103105,0.6479811938559482,0.00900674624593802,0.5300495708986775,0.0037669690539317395,attenuatedxattenuated
force_silence,all,2000,0.5,0.011183136021064612,0.6125,0.010896386585483746,0.606,0.010928939603659186,0.640125,0.010242403067532485,0.634625,0.01022281432159593,0.291875,0.009261506623653085,0.280625,0.00986637483393378,0.2185,0.009242379877114792,0.7823758782201405,0.006030851426380437,0.8074497942538758,0.005518274422893247,0.7838670960187353,0.005963690006029783,0.8114622850155772,0.005408972952285361,0.037307993887415646,0.0009298217566320815,0.041240721226368154,0.0009720772068110763,0.24228097925886877,0.005259527548432804,0.024778744560796432,0.0009042068587628378,0.025330691018457325,0.0009457975021189181,0.13258819386779847,0.002470180611600028,0.10709171475451944,0.0021115515090821845,0.1041745916775952,0.0020849532679117506,0.5833333333333333,0.010411433569614091,0.357875,0.010097175584092765,0.018,0.0009362866873051525,0.020708333333333332,0.0010187430957490984,0.02008333333333333,0.0010070326192517336,0.52575,0.009538048678999711,0.3330416666666666,0.009274530945591884,0.019499999999999997,0.0009849275421846518,0.10258333333333332,0.0009714230816817326,0.019125,0.0009894771616161806,0.4385276244111905,0.006583662180482447,0.5301976389975821,0.00579229692870411,0.5323647173143491,0.0072642681538366794,0.4894605323308926,0.005737102044747875,0.396,0.010938547705840865,0.3945,0.010931359582007884,0.4085,0.010994285431808566,0.395,0.010933767586555808,0.35990000000000005,0.010208726857548202,0.0193,0.0014299571282714557,0.0222,0.0015279880149028798,0.8090336186618181,0.005488010900709049,0.0055025192401645575,0.00022034540827932045,0.20797953258417376,0.0038876961545792773,0.4894605323308926,0.005737102044747875,0.5404918522158598,0.008626244633403307,0.5004188267928401,0.0036563257440718256,attenuatedxattenuated
force_silence,A_own0,1225,0.7779591836734694,0.0118796625594248,1.0,0.0,0.41306122448979593,0.014073849612050117,0.9971428571428571,0.0007595376393813024,0.4410204081632653,0.013333113855981626,0.43857142857142856,0.013267645313501034,0.4048979591836735,0.013799997009549826,0.356734693877551,0.013692319660942007,0.7700888973856521,0.00894962393299007,0.7977294808891456,0.008182396807713406,0.7237982124934282,0.008109460063308356,0.7542109525741658,0.007271286525440401,0.039988961176208024,0.0012695902557411018,0.04575114063616687,0.0011972223003750805,0.30738689422488535,0.007585645794110028,0.03954515389137441,0.0012652679147372,0.026017671997217003,0.0013323148015324646,0.16322009535294632,0.0035711623265608067,0.14413521190453407,0.002593966181569518,0.08958672063562492,0.002645723370791584,0.9495238095238095,0.0024655827518031237,0.0021768707482993197,0.0003799156354544417,0.01551020408163265,0.001125614134950903,0.01748299319727891,0.0012003219702173833,0.015306122448979591,0.0011662518821827293,0.34122448979591835,0.011750678760615599,0.5053741496598639,0.012091958286063631,0.023401360544217684,0.0013325563790368613,0.10530612244897959,0.0012655913895967099,0.02469387755102041,0.001387109486705584,0.4877267064917686,0.009985983278401507,0.5752659511148344,0.00829120491540075,0.3199244994051086,0.0029832835369227664,0.55183043103874,0.007908112292554894,0.013877551020408163,0.0033437294496447643,0.011428571428571429,0.0030381505575252095,0.6114285714285714,0.013932132226978852,0.012244897959183673,0.0031434859029200223,0.002775510204081633,0.0006687458899289529,0.018938775510204085,0.0018115535586784514,0.02089795918367347,0.0019642347408542708,0.7977620194223403,0.008118477874559913,0.005179417104172251,0.0002933566070814223,0.33955841941568915,0.0019489049651091783,0.55183043103874,0.007908112292554894,0.8157071360084646,0.003906364105485001,0.4591127810836697,0.0050126778715371195,attenuatedxattenuated
