A_type,B_type,beta,split,n,metric,round,code_round,phase,control,intervention,delta,mc_lo,mc_hi
honest,honest,1.5,all,2000,A_concede,1,0,pre,0.354,0.354,0.0,0.0,0.0
honest,honest,1.5,all,2000,A_concede,2,1,pre,0.408,0.408,0.0,0.0,0.0
honest,honest,1.5,all,2000,A_concede,3,2,pre,0.424,0.424,0.0,0.0,0.0
honest,honest,1.5,all,2000,A_concede,4,3,pre,0.435,0.435,0.0,0.0,0.0
honest,honest,1.5,all,2000,A_concede,5,4,pre,0.4365,0.4365,0.0,0.0,0.0
honest,honest,1.5,all,2000,A_concede,6,5,pre,0.443,0.443,0.0,0.0,0.0
honest,honest,1.5,all,2000,A_concede,7,6,pre,0.4425,0.4425,0.0,0.0,0.0
honest,honest,1.5,all,2000,A_concede,8,7,removed,0.4405,0.4405,0.0,0.0,0.0
honest,honest,1.5,all,2000,A_concede,9,8,removed,0.448,0.448,0.0,0.0,0.0
honest,honest,1.5,all,2000,A_concede,10,9,removed,0.4445,0.4445,0.0,0.0,0.0
honest,honest,1.5,all,2000,A_concede,11,10,restored,0.447,0.447,0.0,0.0,0.0
honest,honest,1.5,all,2000,A_concede,12,11,restored,0.4465,0.4465,0.0,0.0,0.0
honest,honest,1.5,all,2000,A_concede,13,12,restored,0.447,0.447,0.0,0.0,0.0
honest,honest,1.5,all,2000,A_concede,14,13,restored,0.4525,0.4525,0.0,0.0,0.0
honest,honest,1.5,all,2000,A_concede,15,14,restored,0.451,0.451,0.0,0.0,0.0
honest,honest,1.5,all,2000,A_concede,16,15,restored,0.4475,0.4475,0.0,0.0,0.0
honest,honest,1.5,all,2000,A_concede,17,16,restored,0.4525,0.4525,0.0,0.0,0.0
honest,honest,1.5,all,2000,A_concede,18,17,restored,0.444,0.444,0.0,0.0,0.0
honest,honest,1.5,all,2000,A_concede,19,18,restored,0.451,0.451,0.0,0.0,0.0
honest,honest,1.5,all,2000,A_concede,20,19,restored,0.4495,0.4495,0.0,0.0,0.0
honest,honest,1.5,all,2000,A_concede,21,20,restored,0.447,0.447,0.0,0.0,0.0
honest,honest,1.5,all,2000,A_concede,22,21,restored,0.4555,0.4555,0.0,0.0,0.0
honest,honest,1.5,all,2000,A_concede,23,22,restored,0.4475,0.4475,0.0,0.0,0.0
honest,honest,1.5,all,2000,A_concede,24,23,restored,0.4485,0.4485,0.0,0.0,0.0
honest,honest,1.5,all,2000,B_concede,1,0,pre,0.389,0.389,0.0,0.0,0.0
honest,honest,1.5,all,2000,B_concede,2,1,pre,0.4035,0.4035,0.0,0.0,0.0
honest,honest,1.5,all,2000,B_concede,3,2,pre,0.414,0.414,0.0,0.0,0.0
honest,honest,1.5,all,2000,B_concede,4,3,pre,0.427,0.427,0.0,0.0,0.0
honest,honest,1.5,all,2000,B_concede,5,4,pre,0.4255,0.4255,0.0,0.0,0.0
honest,honest,1.5,all,2000,B_concede,6,5,pre,0.431,0.431,0.0,0.0,0.0
honest,honest,1.5,all,2000,B_concede,7,6,pre,0.4315,0.4315,0.0,0.0,0.0
honest,honest,1.5,all,2000,B_concede,8,7,removed,0.4375,0.4375,0.0,0.0,0.0
honest,honest,1.5,all,2000,B_concede,9,8,removed,0.431,0.431,0.0,0.0,0.0
honest,honest,1.5,all,2000,B_concede,10,9,removed,0.439,0.439,0.0,0.0,0.0
honest,honest,1.5,all,2000,B_concede,11,10,restored,0.438,0.438,0.0,0.0,0.0
honest,honest,1.5,all,2000,B_concede,12,11,restored,0.44,0.44,0.0,0.0,0.0
honest,honest,1.5,all,2000,B_concede,13,12,restored,0.4305,0.4305,0.0,0.0,0.0
honest,honest,1.5,all,2000,B_concede,14,13,restored,0.4455,0.4455,0.0,0.0,0.0
honest,honest,1.5,all,2000,B_concede,15,14,restored,0.436,0.436,0.0,0.0,0.0
honest,honest,1.5,all,2000,B_concede,16,15,restored,0.44,0.44,0.0,0.0,0.0
honest,honest,1.5,all,2000,B_concede,17,16,restored,0.441,0.441,0.0,0.0,0.0
honest,honest,1.5,all,2000,B_concede,18,17,restored,0.437,0.437,0.0,0.0,0.0
honest,honest,1.5,all,2000,B_concede,19,18,restored,0.4435,0.4435,0.0,0.0,0.0
honest,honest,1.5,all,2000,B_concede,20,19,restored,0.4485,0.4485,0.0,0.0,0.0
honest,honest,1.5,all,2000,B_concede,21,20,restored,0.445,0.445,0.0,0.0,0.0
honest,honest,1.5,all,2000,B_concede,22,21,restored,0.4445,0.4445,0.0,0.0,0.0
honest,honest,1.5,all,2000,B_concede,23,22,restored,0.4475,0.4475,0.0,0.0,0.0
honest,honest,1.5,all,2000,B_concede,24,23,restored,0.4435,0.4435,0.0,0.0,0.0
honest,honest,1.5,all,2000,any_concede,1,0,pre,0.7365,0.7365,0.0,0.0,0.0
honest,honest,1.5,all,2000,any_concede,2,1,pre,0.8105,0.8105,0.0,0.0,0.0
honest,honest,1.5,all,2000,any_concede,3,2,pre,0.838,0.838,0.0,0.0,0.0
honest,honest,1.5,all,2000,any_concede,4,3,pre,0.862,0.862,0.0,0.0,0.0
honest,honest,1.5,all,2000,any_concede,5,4,pre,0.8615,0.8615,0.0,0.0,0.0
honest,honest,1.5,all,2000,any_concede,6,5,pre,0.874,0.874,0.0,0.0,0.0
honest,honest,1.5,all,2000,any_concede,7,6,pre,0.874,0.874,0.0,0.0,0.0
honest,honest,1.5,all,2000,any_concede,8,7,removed,0.8775,0.8775,0.0,0.0,0.0
honest,honest,1.5,all,2000,any_concede,9,8,removed,0.8785,0.8785,0.0,0.0,0.0
honest,honest,1.5,all,2000,any_concede,10,9,removed,0.882,0.882,0.0,0.0,0.0
honest,honest,1.5,all,2000,any_concede,11,10,restored,0.8835,0.8835,0.0,0.0,0.0
honest,honest,1.5,all,2000,any_concede,12,11,restored,0.8865,0.8865,0.0,0.0,0.0
honest,honest,1.5,all,2000,any_concede,13,12,restored,0.8765,0.8765,0.0,0.0,0.0
honest,honest,1.5,all,2000,any_concede,14,13,restored,0.896,0.896,0.0,0.0,0.0
honest,honest,1.5,all,2000,any_concede,15,14,restored,0.886,0.886,0.0,0.0,0.0
honest,honest,1.5,all,2000,any_concede,16,15,restored,0.886,0.886,0.0,0.0,0.0
honest,honest,1.5,all,2000,any_concede,17,16,restored,0.8915,0.8915,0.0,0.0,0.0
honest,honest,1.5,all,2000,any_concede,18,17,restored,0.8795,0.8795,0.0,0.0,0.0
honest,honest,1.5,all,2000,any_concede,19,18,restored,0.893,0.893,0.0,0.0,0.0
honest,honest,1.5,all,2000,any_concede,20,19,restored,0.898,0.898,0.0,0.0,0.0
honest,honest,1.5,all,2000,any_concede,21,20,restored,0.8915,0.8915,0.0,0.0,0.0
honest,honest,1.5,all,2000,any_concede,22,21,restored,0.8995,0.8995,0.0,0.0,0.0
honest,honest,1.5,all,2000,any_concede,23,22,restored,0.895,0.895,0.0,0.0,0.0
honest,honest,1.5,all,2000,any_concede,24,23,restored,0.892,0.892,0.0,0.0,0.0
honest,honest,1.5,all,2000,MN,1,0,pre,0.2635,0.2635,0.0,0.0,0.0
honest,honest,1.5,all,2000,MN,2,1,pre,0.1895,0.1895,0.0,0.0,0.0
honest,honest,1.5,all,2000,MN,3,2,pre,0.162,0.162,0.0,0.0,0.0
honest,honest,1.5,all,2000,MN,4,3,pre,0.138,0.138,0.0,0.0,0.0
honest,honest,1.5,all,2000,MN,5,4,pre,0.1385,0.1385,0.0,0.0,0.0
honest,honest,1.5,all,2000,MN,6,5,pre,0.126,0.126,0.0,0.0,0.0
honest,honest,1.5,all,2000,MN,7,6,pre,0.126,0.126,0.0,0.0,0.0
honest,honest,1.5,all,2000,MN,8,7,removed,0.1225,0.1225,0.0,0.0,0.0
honest,honest,1.5,all,2000,MN,9,8,removed,0.1215,0.1215,0.0,0.0,0.0
honest,honest,1.5,all,2000,MN,10,9,removed,0.118,0.118,0.0,0.0,0.0
honest,honest,1.5,all,2000,MN,11,10,restored,0.1165,0.1165,0.0,0.0,0.0
honest,honest,1.5,all,2000,MN,12,11,restored,0.1135,0.1135,0.0,0.0,0.0
honest,honest,1.5,all,2000,MN,13,12,restored,0.1235,0.1235,0.0,0.0,0.0
honest,honest,1.5,all,2000,MN,14,13,restored,0.104,0.104,0.0,0.0,0.0
honest,honest,1.5,all,2000,MN,15,14,restored,0.114,0.114,0.0,0.0,0.0
honest,honest,1.5,all,2000,MN,16,15,restored,0.114,0.114,0.0,0.0,0.0
honest,honest,1.5,all,2000,MN,17,16,restored,0.1085,0.1085,0.0,0.0,0.0
honest,honest,1.5,all,2000,MN,18,17,restored,0.1205,0.1205,0.0,0.0,0.0
honest,honest,1.5,all,2000,MN,19,18,restored,0.107,0.107,0.0,0.0,0.0
honest,honest,1.5,all,2000,MN,20,19,restored,0.102,0.102,0.0,0.0,0.0
honest,honest,1.5,all,2000,MN,21,20,restored,0.1085,0.1085,0.0,0.0,0.0
honest,honest,1.5,all,2000,MN,22,21,restored,0.1005,0.1005,0.0,0.0,0.0
honest,honest,1.5,all,2000,MN,23,22,restored,0.105,0.105,0.0,0.0,0.0
honest,honest,1.5,all,2000,MN,24,23,restored,0.108,0.108,0.0,0.0,0.0
honest,honest,1.5,all,2000,U,1,0,pre,0.27,0.27,0.0,0.0,0.0
honest,honest,1.5,all,2000,U,2,1,pre,0.1555,0.1555,0.0,0.0,0.0
honest,honest,1.5,all,2000,U,3,2,pre,0.109,0.109,0.0,0.0,0.0
honest,honest,1.5,all,2000,U,4,3,pre,0.084,0.084,0.0,0.0,0.0
honest,honest,1.5,all,2000,U,5,4,pre,0.0745,0.0745,0.0,0.0,0.0
honest,honest,1.5,all,2000,U,6,5,pre,0.063,0.063,0.0,0.0,0.0
honest,honest,1.5,all,2000,U,7,6,pre,0.064,0.064,0.0,0.0,0.0
honest,honest,1.5,all,2000,U,8,7,removed,0.064,0.064,0.0,0.0,0.0
honest,honest,1.5,all,2000,U,9,8,removed,0.062,0.062,0.0,0.0,0.0
honest,honest,1.5,all,2000,U,10,9,removed,0.057,0.057,0.0,0.0,0.0
honest,honest,1.5,all,2000,U,11,10,restored,0.0595,0.0595,0.0,0.0,0.0
honest,honest,1.5,all,2000,U,12,11,restored,0.0585,0.0585,0.0,0.0,0.0
honest,honest,1.5,all,2000,U,13,12,restored,0.055,0.055,0.0,0.0,0.0
honest,honest,1.5,all,2000,U,14,13,restored,0.053,0.053,0.0,0.0,0.0
honest,honest,1.5,all,2000,U,15,14,restored,0.0535,0.0535,0.0,0.0,0.0
honest,honest,1.5,all,2000,U,16,15,restored,0.049,0.049,0.0,0.0,0.0
honest,honest,1.5,all,2000,U,17,16,restored,0.045,0.045,0.0,0.0,0.0
honest,honest,1.5,all,2000,U,18,17,restored,0.0485,0.0485,0.0,0.0,0.0
honest,honest,1.5,all,2000,U,19,18,restored,0.0445,0.0445,0.0,0.0,0.0
honest,honest,1.5,all,2000,U,20,19,restored,0.0415,0.0415,0.0,0.0,0.0
honest,honest,1.5,all,2000,U,21,20,restored,0.0395,0.0395,0.0,0.0,0.0
honest,honest,1.5,all,2000,U,22,21,restored,0.0375,0.0375,0.0,0.0,0.0
honest,honest,1.5,all,2000,U,23,22,restored,0.0365,0.0365,0.0,0.0,0.0
honest,honest,1.5,all,2000,U,24,23,restored,0.038,0.038,0.0,0.0,0.0
honest,honest,1.5,all,2000,belief_gap,1,0,pre,0.15270606641914544,0.15270606641914544,0.0,0.0,0.0
honest,honest,1.5,all,2000,belief_gap,2,1,pre,0.1381556146446311,0.1381556146446311,0.0,0.0,0.0
honest,honest,1.5,all,2000,belief_gap,3,2,pre,0.13206339827952157,0.13206339827952157,0.0,0.0,0.0
honest,honest,1.5,all,2000,belief_gap,4,3,pre,0.12590604336962993,0.12590604336962993,0.0,0.0,0.0
honest,honest,1.5,all,2000,belief_gap,5,4,pre,0.12236161122434112,0.12236161122434112,0.0,0.0,0.0
honest,honest,1.5,all,2000,belief_gap,6,5,pre,0.12060243704166076,0.12060243704166076,0.0,0.0,0.0
honest,honest,1.5,all,2000,belief_gap,7,6,pre,0.11926989972465324,0.11926989972465324,0.0,0.0,0.0
honest,honest,1.5,all,2000,belief_gap,8,7,removed,0.11802219297134137,0.11802219297134137,0.0,0.0,0.0
honest,honest,1.5,all,2000,belief_gap,9,8,removed,0.11731025311347501,0.11731025311347501,0.0,0.0,0.0
honest,honest,1.5,all,2000,belief_gap,10,9,removed,0.11658049729956847,0.11658049729956847,0.0,0.0,0.0
honest,honest,1.5,all,2000,belief_gap,11,10,restored,0.11644787683190182,0.11644787683190182,0.0,0.0,0.0
honest,honest,1.5,all,2000,belief_gap,12,11,restored,0.11646284593121818,0.11646284593121818,0.0,0.0,0.0
honest,honest,1.5,all,2000,belief_gap,13,12,restored,0.1159616544137574,0.1159616544137574,0.0,0.0,0.0
honest,honest,1.5,all,2000,belief_gap,14,13,restored,0.11503747435664746,0.11503747435664746,0.0,0.0,0.0
honest,honest,1.5,all,2000,belief_gap,15,14,restored,0.11550803531977272,0.11550803531977272,0.0,0.0,0.0
honest,honest,1.5,all,2000,belief_gap,16,15,restored,0.11501761725716841,0.11501761725716841,0.0,0.0,0.0
honest,honest,1.5,all,2000,belief_gap,17,16,restored,0.11454730762047277,0.11454730762047277,0.0,0.0,0.0
honest,honest,1.5,all,2000,belief_gap,18,17,restored,0.11428976011018503,0.11428976011018503,0.0,0.0,0.0
honest,honest,1.5,all,2000,belief_gap,19,18,restored,0.11396786162352199,0.11396786162352199,0.0,0.0,0.0
honest,honest,1.5,all,2000,belief_gap,20,19,restored,0.11351054213822237,0.11351054213822237,0.0,0.0,0.0
honest,honest,1.5,all,2000,belief_gap,21,20,restored,0.11310506550426498,0.11310506550426498,0.0,0.0,0.0
honest,honest,1.5,all,2000,belief_gap,22,21,restored,0.1126875574327999,0.1126875574327999,0.0,0.0,0.0
honest,honest,1.5,all,2000,belief_gap,23,22,restored,0.11276763695673557,0.11276763695673557,0.0,0.0,0.0
honest,honest,1.5,all,2000,belief_gap,24,23,restored,0.11217638223997047,0.11217638223997047,0.0,0.0,0.0
honest,honest,1.5,both_own,477,A_concede,1,0,pre,0.0041928721174004195,0.0041928721174004195,0.0,0.0,0.0
honest,honest,1.5,both_own,477,A_concede,2,1,pre,0.11740041928721175,0.11740041928721175,0.0,0.0,0.0
honest,honest,1.5,both_own,477,A_concede,3,2,pre,0.1970649895178197,0.1970649895178197,0.0,0.0,0.0
honest,honest,1.5,both_own,477,A_concede,4,3,pre,0.24947589098532494,0.24947589098532494,0.0,0.0,0.0
honest,honest,1.5,both_own,477,A_concede,5,4,pre,0.25157232704402516,0.25157232704402516,0.0,0.0,0.0
honest,honest,1.5,both_own,477,A_concede,6,5,pre,0.2662473794549266,0.2662473794549266,0.0,0.0,0.0
honest,honest,1.5,both_own,477,A_concede,7,6,pre,0.26834381551362685,0.26834381551362685,0.0,0.0,0.0
honest,honest,1.5,both_own,477,A_concede,8,7,removed,0.2662473794549266,0.2662473794549266,0.0,0.0,0.0
honest,honest,1.5,both_own,477,A_concede,9,8,removed,0.2914046121593291,0.2914046121593291,0.0,0.0,0.0
honest,honest,1.5,both_own,477,A_concede,10,9,removed,0.2851153039832285,0.2851153039832285,0.0,0.0,0.0
honest,honest,1.5,both_own,477,A_concede,11,10,restored,0.26834381551362685,0.26834381551362685,0.0,0.0,0.0
honest,honest,1.5,both_own,477,A_concede,12,11,restored,0.28721174004192873,0.28721174004192873,0.0,0.0,0.0
honest,honest,1.5,both_own,477,A_concede,13,12,restored,0.2976939203354298,0.2976939203354298,0.0,0.0,0.0
honest,honest,1.5,both_own,477,A_concede,14,13,restored,0.31446540880503143,0.31446540880503143,0.0,0.0,0.0
honest,honest,1.5,both_own,477,A_concede,15,14,restored,0.3081761006289308,0.3081761006289308,0.0,0.0,0.0
honest,honest,1.5,both_own,477,A_concede,16,15,restored,0.2893081761006289,0.2893081761006289,0.0,0.0,0.0
honest,honest,1.5,both_own,477,A_concede,17,16,restored,0.31027253668763105,0.31027253668763105,0.0,0.0,0.0
honest,honest,1.5,both_own,477,A_concede,18,17,restored,0.29350104821802936,0.29350104821802936,0.0,0.0,0.0
honest,honest,1.5,both_own,477,A_concede,19,18,restored,0.3060796645702306,0.3060796645702306,0.0,0.0,0.0
honest,honest,1.5,both_own,477,A_concede,20,19,restored,0.3165618448637317,0.3165618448637317,0.0,0.0,0.0
honest,honest,1.5,both_own,477,A_concede,21,20,restored,0.2893081761006289,0.2893081761006289,0.0,0.0,0.0
honest,honest,1.5,both_own,477,A_concede,22,21,restored,0.3165618448637317,0.3165618448637317,0.0,0.0,0.0
honest,honest,1.5,both_own,477,A_concede,23,22,restored,0.29979035639413,0.29979035639413,0.0,0.0,0.0
honest,honest,1.5,both_own,477,A_concede,24,23,restored,0.31027253668763105,0.31027253668763105,0.0,0.0,0.0
honest,honest,1.5,both_own,477,B_concede,1,0,pre,0.1488469601677149,0.1488469601677149,0.0,0.0,0.0
honest,honest,1.5,both_own,477,B_concede,2,1,pre,0.18238993710691823,0.18238993710691823,0.0,0.0,0.0
honest,honest,1.5,both_own,477,B_concede,3,2,pre,0.20964360587002095,0.20964360587002095,0.0,0.0,0.0
honest,honest,1.5,both_own,477,B_concede,4,3,pre,0.27044025157232704,0.27044025157232704,0.0,0.0,0.0
honest,honest,1.5,both_own,477,B_concede,5,4,pre,0.259958071278826,0.259958071278826,0.0,0.0,0.0
honest,honest,1.5,both_own,477,B_concede,6,5,pre,0.2830188679245283,0.2830188679245283,0.0,0.0,0.0
honest,honest,1.5,both_own,477,B_concede,7,6,pre,0.2641509433962264,0.2641509433962264,0.0,0.0,0.0
honest,honest,1.5,both_own,477,B_concede,8,7,removed,0.2976939203354298,0.2976939203354298,0.0,0.0,0.0
honest,honest,1.5,both_own,477,B_concede,9,8,removed,0.27882599580712786,0.27882599580712786,0.0,0.0,0.0
honest,honest,1.5,both_own,477,B_concede,10,9,removed,0.31236897274633124,0.31236897274633124,0.0,0.0,0.0
honest,honest,1.5,both_own,477,B_concede,11,10,restored,0.2914046121593291,0.2914046121593291,0.0,0.0,0.0
honest,honest,1.5,both_own,477,B_concede,12,11,restored,0.32075471698113206,0.32075471698113206,0.0,0.0,0.0
honest,honest,1.5,both_own,477,B_concede,13,12,restored,0.28721174004192873,0.28721174004192873,0.0,0.0,0.0
honest,honest,1.5,both_own,477,B_concede,14,13,restored,0.3312368972746331,0.3312368972746331,0.0,0.0,0.0
honest,honest,1.5,both_own,477,B_concede,15,14,restored,0.31236897274633124,0.31236897274633124,0.0,0.0,0.0
honest,honest,1.5,both_own,477,B_concede,16,15,restored,0.31865828092243187,0.31865828092243187,0.0,0.0,0.0
honest,honest,1.5,both_own,477,B_concede,17,16,restored,0.31236897274633124,0.31236897274633124,0.0,0.0,0.0
honest,honest,1.5,both_own,477,B_concede,18,17,restored,0.3018867924528302,0.3018867924528302,0.0,0.0,0.0
honest,honest,1.5,both_own,477,B_concede,19,18,restored,0.32914046121593293,0.32914046121593293,0.0,0.0,0.0
honest,honest,1.5,both_own,477,B_concede,20,19,restored,0.3480083857442348,0.3480083857442348,0.0,0.0,0.0
honest,honest,1.5,both_own,477,B_concede,21,20,restored,0.3228511530398323,0.3228511530398323,0.0,0.0,0.0
honest,honest,1.5,both_own,477,B_concede,22,21,restored,0.32914046121593293,0.32914046121593293,0.0,0.0,0.0
honest,honest,1.5,both_own,477,B_concede,23,22,restored,0.350104821802935,0.350104821802935,0.0,0.0,0.0
honest,honest,1.5,both_own,477,B_concede,24,23,restored,0.32914046121593293,0.32914046121593293,0.0,0.0,0.0
honest,honest,1.5,both_own,477,any_concede,1,0,pre,0.1530398322851153,0.1530398322851153,0.0,0.0,0.0
honest,honest,1.5,both_own,477,any_concede,2,1,pre,0.29979035639413,0.29979035639413,0.0,0.0,0.0
honest,honest,1.5,both_own,477,any_concede,3,2,pre,0.40670859538784065,0.40670859538784065,0.0,0.0,0.0
honest,honest,1.5,both_own,477,any_concede,4,3,pre,0.519916142557652,0.519916142557652,0.0,0.0,0.0
honest,honest,1.5,both_own,477,any_concede,5,4,pre,0.5115303983228512,0.5115303983228512,0.0,0.0,0.0
honest,honest,1.5,both_own,477,any_concede,6,5,pre,0.549266247379455,0.549266247379455,0.0,0.0,0.0
honest,honest,1.5,both_own,477,any_concede,7,6,pre,0.5324947589098532,0.5324947589098532,0.0,0.0,0.0
honest,honest,1.5,both_own,477,any_concede,8,7,removed,0.5639412997903563,0.5639412997903563,0.0,0.0,0.0
honest,honest,1.5,both_own,477,any_concede,9,8,removed,0.570230607966457,0.570230607966457,0.0,0.0,0.0
honest,honest,1.5,both_own,477,any_concede,10,9,removed,0.5953878406708596,0.5953878406708596,0.0,0.0,0.0
honest,honest,1.5,both_own,477,any_concede,11,10,restored,0.559748427672956,0.559748427672956,0.0,0.0,0.0
honest,honest,1.5,both_own,477,any_concede,12,11,restored,0.6079664570230608,0.6079664570230608,0.0,0.0,0.0
honest,honest,1.5,both_own,477,any_concede,13,12,restored,0.5807127882599581,0.5807127882599581,0.0,0.0,0.0
honest,honest,1.5,both_own,477,any_concede,14,13,restored,0.639412997903564,0.639412997903564,0.0,0.0,0.0
honest,honest,1.5,both_own,477,any_concede,15,14,restored,0.6184486373165619,0.6184486373165619,0.0,0.0,0.0
honest,honest,1.5,both_own,477,any_concede,16,15,restored,0.6037735849056604,0.6037735849056604,0.0,0.0,0.0
honest,honest,1.5,both_own,477,any_concede,17,16,restored,0.6142557651991615,0.6142557651991615,0.0,0.0,0.0
honest,honest,1.5,both_own,477,any_concede,18,17,restored,0.589098532494759,0.589098532494759,0.0,0.0,0.0
honest,honest,1.5,both_own,477,any_concede,19,18,restored,0.6310272536687631,0.6310272536687631,0.0,0.0,0.0
honest,honest,1.5,both_own,477,any_concede,20,19,restored,0.6645702306079665,0.6645702306079665,0.0,0.0,0.0
honest,honest,1.5,both_own,477,any_concede,21,20,restored,0.610062893081761,0.610062893081761,0.0,0.0,0.0
honest,honest,1.5,both_own,477,any_concede,22,21,restored,0.6436058700209644,0.6436058700209644,0.0,0.0,0.0
honest,honest,1.5,both_own,477,any_concede,23,22,restored,0.649895178197065,0.649895178197065,0.0,0.0,0.0
honest,honest,1.5,both_own,477,any_concede,24,23,restored,0.639412997903564,0.639412997903564,0.0,0.0,0.0
honest,honest,1.5,both_own,477,MN,1,0,pre,0.8469601677148847,0.8469601677148847,0.0,0.0,0.0
honest,honest,1.5,both_own,477,MN,2,1,pre,0.70020964360587,0.70020964360587,0.0,0.0,0.0
honest,honest,1.5,both_own,477,MN,3,2,pre,0.5932914046121593,0.5932914046121593,0.0,0.0,0.0
honest,honest,1.5,both_own,477,MN,4,3,pre,0.480083857442348,0.480083857442348,0.0,0.0,0.0
honest,honest,1.5,both_own,477,MN,5,4,pre,0.48846960167714887,0.48846960167714887,0.0,0.0,0.0
honest,honest,1.5,both_own,477,MN,6,5,pre,0.45073375262054505,0.45073375262054505,0.0,0.0,0.0
honest,honest,1.5,both_own,477,MN,7,6,pre,0.46750524109014674,0.46750524109014674,0.0,0.0,0.0
honest,honest,1.5,both_own,477,MN,8,7,removed,0.4360587002096436,0.4360587002096436,0.0,0.0,0.0
honest,honest,1.5,both_own,477,MN,9,8,removed,0.429769392033543,0.429769392033543,0.0,0.0,0.0
honest,honest,1.5,both_own,477,MN,10,9,removed,0.40461215932914046,0.40461215932914046,0.0,0.0,0.0
honest,honest,1.5,both_own,477,MN,11,10,restored,0.44025157232704404,0.44025157232704404,0.0,0.0,0.0
honest,honest,1.5,both_own,477,MN,12,11,restored,0.3920335429769392,0.3920335429769392,0.0,0.0,0.0
honest,honest,1.5,both_own,477,MN,13,12,restored,0.4192872117400419,0.4192872117400419,0.0,0.0,0.0
honest,honest,1.5,both_own,477,MN,14,13,restored,0.36058700209643607,0.36058700209643607,0.0,0.0,0.0
honest,honest,1.5,both_own,477,MN,15,14,restored,0.38155136268343814,0.38155136268343814,0.0,0.0,0.0
honest,honest,1.5,both_own,477,MN,16,15,restored,0.39622641509433965,0.39622641509433965,0.0,0.0,0.0
honest,honest,1.5,both_own,477,MN,17,16,restored,0.3857442348008386,0.3857442348008386,0.0,0.0,0.0
honest,honest,1.5,both_own,477,MN,18,17,restored,0.4109014675052411,0.4109014675052411,0.0,0.0,0.0
honest,honest,1.5,both_own,477,MN,19,18,restored,0.3689727463312369,0.3689727463312369,0.0,0.0,0.0
honest,honest,1.5,both_own,477,MN,20,19,restored,0.33542976939203356,0.33542976939203356,0.0,0.0,0.0
honest,honest,1.5,both_own,477,MN,21,20,restored,0.389937106918239,0.389937106918239,0.0,0.0,0.0
honest,honest,1.5,both_own,477,MN,22,21,restored,0.35639412997903563,0.35639412997903563,0.0,0.0,0.0
honest,honest,1.5,both_own,477,MN,23,22,restored,0.350104821802935,0.350104821802935,0.0,0.0,0.0
honest,honest,1.5,both_own,477,MN,24,23,restored,0.36058700209643607,0.36058700209643607,0.0,0.0,0.0
honest,honest,1.5,both_own,477,U,1,0,pre,0.8469601677148847,0.8469601677148847,0.0,0.0,0.0
honest,honest,1.5,both_own,477,U,2,1,pre,0.6247379454926625,0.6247379454926625,0.0,0.0,0.0
honest,honest,1.5,both_own,477,U,3,2,pre,0.44025157232704404,0.44025157232704404,0.0,0.0,0.0
honest,honest,1.5,both_own,477,U,4,3,pre,0.3438155136268344,0.3438155136268344,0.0,0.0,0.0
honest,honest,1.5,both_own,477,U,5,4,pre,0.3060796645702306,0.3060796645702306,0.0,0.0,0.0
honest,honest,1.5,both_own,477,U,6,5,pre,0.259958071278826,0.259958071278826,0.0,0.0,0.0
honest,honest,1.5,both_own,477,U,7,6,pre,0.26834381551362685,0.26834381551362685,0.0,0.0,0.0
honest,honest,1.5,both_own,477,U,8,7,removed,0.2641509433962264,0.2641509433962264,0.0,0.0,0.0
honest,honest,1.5,both_own,477,U,9,8,removed,0.25366876310272535,0.25366876310272535,0.0,0.0,0.0
honest,honest,1.5,both_own,477,U,10,9,removed,0.23270440251572327,0.23270440251572327,0.0,0.0,0.0
honest,honest,1.5,both_own,477,U,11,10,restored,0.2431865828092243,0.2431865828092243,0.0,0.0,0.0
honest,honest,1.5,both_own,477,U,12,11,restored,0.23689727463312368,0.23689727463312368,0.0,0.0,0.0
honest,honest,1.5,both_own,477,U,13,12,restored,0.22851153039832284,0.22851153039832284,0.0,0.0,0.0
honest,honest,1.5,both_own,477,U,14,13,restored,0.2180293501048218,0.2180293501048218,0.0,0.0,0.0
honest,honest,1.5,both_own,477,U,15,14,restored,0.21593291404612158,0.21593291404612158,0.0,0.0,0.0
honest,honest,1.5,both_own,477,U,16,15,restored,0.20125786163522014,0.20125786163522014,0.0,0.0,0.0
honest,honest,1.5,both_own,477,U,17,16,restored,0.18448637316561844,0.18448637316561844,0.0,0.0,0.0
honest,honest,1.5,both_own,477,U,18,17,restored,0.1970649895178197,0.1970649895178197,0.0,0.0,0.0
honest,honest,1.5,both_own,477,U,19,18,restored,0.17819706498951782,0.17819706498951782,0.0,0.0,0.0
honest,honest,1.5,both_own,477,U,20,19,restored,0.16981132075471697,0.16981132075471697,0.0,0.0,0.0
honest,honest,1.5,both_own,477,U,21,20,restored,0.16142557651991615,0.16142557651991615,0.0,0.0,0.0
honest,honest,1.5,both_own,477,U,22,21,restored,0.15513626834381553,0.15513626834381553,0.0,0.0,0.0
honest,honest,1.5,both_own,477,U,23,22,restored,0.1488469601677149,0.1488469601677149,0.0,0.0,0.0
honest,honest,1.5,both_own,477,U,24,23,restored,0.15723270440251572,0.15723270440251572,0.0,0.0,0.0
honest,honest,1.5,both_own,477,belief_gap,1,0,pre,0.4489929937332834,0.4489929937332834,0.0,0.0,0.0
honest,honest,1.5,both_own,477,belief_gap,2,1,pre,0.4124746827804877,0.4124746827804877,0.0,0.0,0.0
honest,honest,1.5,both_own,477,belief_gap,3,2,pre,0.3911356842740962,0.3911356842740962,0.0,0.0,0.0
honest,honest,1.5,both_own,477,belief_gap,4,3,pre,0.3700806444950166,0.3700806444950166,0.0,0.0,0.0
honest,honest,1.5,both_own,477,belief_gap,5,4,pre,0.3559711689807247,0.3559711689807247,0.0,0.0,0.0
honest,honest,1.5,both_own,477,belief_gap,6,5,pre,0.34797995592513725,0.34797995592513725,0.0,0.0,0.0
honest,honest,1.5,both_own,477,belief_gap,7,6,pre,0.3424904740555063,0.3424904740555063,0.0,0.0,0.0
honest,honest,1.5,both_own,477,belief_gap,8,7,removed,0.3365939119038487,0.3365939119038487,0.0,0.0,0.0
honest,honest,1.5,both_own,477,belief_gap,9,8,removed,0.33264724594493683,0.33264724594493683,0.0,0.0,0.0
honest,honest,1.5,both_own,477,belief_gap,10,9,removed,0.3304423912431992,0.3304423912431992,0.0,0.0,0.0
honest,honest,1.5,both_own,477,belief_gap,11,10,restored,0.330092892310106,0.330092892310106,0.0,0.0,0.0
honest,honest,1.5,both_own,477,belief_gap,12,11,restored,0.3298002155423515,0.3298002155423515,0.0,0.0,0.0
honest,honest,1.5,both_own,477,belief_gap,13,12,restored,0.32779085129073643,0.32779085129073643,0.0,0.0,0.0
honest,honest,1.5,both_own,477,belief_gap,14,13,restored,0.32393178660574096,0.32393178660574096,0.0,0.0,0.0
honest,honest,1.5,both_own,477,belief_gap,15,14,restored,0.32643346585039623,0.32643346585039623,0.0,0.0,0.0
honest,honest,1.5,both_own,477,belief_gap,16,15,restored,0.32493573653301394,0.32493573653301394,0.0,0.0,0.0
honest,honest,1.5,both_own,477,belief_gap,17,16,restored,0.32271975705303757,0.32271975705303757,0.0,0.0,0.0
honest,honest,1.5,both_own,477,belief_gap,18,17,restored,0.32179341914467297,0.32179341914467297,0.0,0.0,0.0
honest,honest,1.5,both_own,477,belief_gap,19,18,restored,0.3202352171705697,0.3202352171705697,0.0,0.0,0.0
honest,honest,1.5,both_own,477,belief_gap,20,19,restored,0.31814558674262916,0.31814558674262916,0.0,0.0,0.0
honest,honest,1.5,both_own,477,belief_gap,21,20,restored,0.3163141151292359,0.3163141151292359,0.0,0.0,0.0
honest,honest,1.5,both_own,477,belief_gap,22,21,restored,0.3142492124942779,0.3142492124942779,0.0,0.0,0.0
honest,honest,1.5,both_own,477,belief_gap,23,22,restored,0.31463403695071523,0.31463403695071523,0.0,0.0,0.0
honest,honest,1.5,both_own,477,belief_gap,24,23,restored,0.312147530061857,0.312147530061857,0.0,0.0,0.0
honest,attenuated,1.5,all,2000,A_concede,1,0,pre,0.354,0.354,0.0,0.0,0.0
honest,attenuated,1.5,all,2000,A_concede,2,1,pre,0.393,0.393,0.0,0.0,0.0
honest,attenuated,1.5,all,2000,A_concede,3,2,pre,0.4155,0.4155,0.0,0.0,0.0
honest,attenuated,1.5,all,2000,A_concede,4,3,pre,0.426,0.426,0.0,0.0,0.0
honest,attenuated,1.5,all,2000,A_concede,5,4,pre,0.429,0.429,0.0,0.0,0.0
honest,attenuated,1.5,all,2000,A_concede,6,5,pre,0.4345,0.4345,0.0,0.0,0.0
honest,attenuated,1.5,all,2000,A_concede,7,6,pre,0.431,0.431,0.0,0.0,0.0
honest,attenuated,1.5,all,2000,A_concede,8,7,removed,0.431,0.431,0.0,0.0,0.0
honest,attenuated,1.5,all,2000,A_concede,9,8,removed,0.442,0.442,0.0,0.0,0.0
honest,attenuated,1.5,all,2000,A_concede,10,9,removed,0.433,0.433,0.0,0.0,0.0
honest,attenuated,1.5,all,2000,A_concede,11,10,restored,0.4345,0.4345,0.0,0.0,0.0
honest,attenuated,1.5,all,2000,A_concede,12,11,restored,0.4425,0.4425,0.0,0.0,0.0
honest,attenuated,1.5,all,2000,A_concede,13,12,restored,0.441,0.441,0.0,0.0,0.0
honest,attenuated,1.5,all,2000,A_concede,14,13,restored,0.448,0.448,0.0,0.0,0.0
honest,attenuated,1.5,all,2000,A_concede,15,14,restored,0.444,0.444,0.0,0.0,0.0
honest,attenuated,1.5,all,2000,A_concede,16,15,restored,0.444,0.444,0.0,0.0,0.0
honest,attenuated,1.5,all,2000,A_concede,17,16,restored,0.4465,0.4465,0.0,0.0,0.0
honest,attenuated,1.5,all,2000,A_concede,18,17,restored,0.439,0.439,0.0,0.0,0.0
honest,attenuated,1.5,all,2000,A_concede,19,18,restored,0.45,0.45,0.0,0.0,0.0
honest,attenuated,1.5,all,2000,A_concede,20,19,restored,0.446,0.446,0.0,0.0,0.0
honest,attenuated,1.5,all,2000,A_concede,21,20,restored,0.4455,0.4455,0.0,0.0,0.0
honest,attenuated,1.5,all,2000,A_concede,22,21,restored,0.457,0.457,0.0,0.0,0.0
honest,attenuated,1.5,all,2000,A_concede,23,22,restored,0.448,0.448,0.0,0.0,0.0
honest,attenuated,1.5,all,2000,A_concede,24,23,restored,0.454,0.454,0.0,0.0,0.0
honest,attenuated,1.5,all,2000,B_concede,1,0,pre,0.367,0.367,0.0,0.0,0.0
honest,attenuated,1.5,all,2000,B_concede,2,1,pre,0.3695,0.3695,0.0,0.0,0.0
honest,attenuated,1.5,all,2000,B_concede,3,2,pre,0.375,0.375,0.0,0.0,0.0
honest,attenuated,1.5,all,2000,B_concede,4,3,pre,0.3735,0.3735,0.0,0.0,0.0
honest,attenuated,1.5,all,2000,B_concede,5,4,pre,0.3695,0.3695,0.0,0.0,0.0
honest,attenuated,1.5,all,2000,B_concede,6,5,pre,0.37,0.37,0.0,0.0,0.0
honest,attenuated,1.5,all,2000,B_concede,7,6,pre,0.375,0.375,0.0,0.0,0.0
honest,attenuated,1.5,all,2000,B_concede,8,7,removed,0.3745,0.3745,0.0,0.0,0.0
honest,attenuated,1.5,all,2000,B_concede,9,8,removed,0.3755,0.3755,0.0,0.0,0.0
honest,attenuated,1.5,all,2000,B_concede,10,9,removed,0.3765,0.3765,0.0,0.0,0.0
honest,attenuated,1.5,all,2000,B_concede,11,10,restored,0.374,0.374,0.0,0.0,0.0
honest,attenuated,1.5,all,2000,B_concede,12,11,restored,0.374,0.374,0.0,0.0,0.0
honest,attenuated,1.5,all,2000,B_concede,13,12,restored,0.369,0.369,0.0,0.0,0.0
honest,attenuated,1.5,all,2000,B_concede,14,13,restored,0.378,0.378,0.0,0.0,0.0
honest,attenuated,1.5,all,2000,B_concede,15,14,restored,0.3715,0.3715,0.0,0.0,0.0
honest,attenuated,1.5,all,2000,B_concede,16,15,restored,0.371,0.371,0.0,0.0,0.0
honest,attenuated,1.5,all,2000,B_concede,17,16,restored,0.375,0.375,0.0,0.0,0.0
honest,attenuated,1.5,all,2000,B_concede,18,17,restored,0.3735,0.3735,0.0,0.0,0.0
honest,attenuated,1.5,all,2000,B_concede,19,18,restored,0.3745,0.3745,0.0,0.0,0.0
honest,attenuated,1.5,all,2000,B_concede,20,19,restored,0.3735,0.3735,0.0,0.0,0.0
honest,attenuated,1.5,all,2000,B_concede,21,20,restored,0.379,0.379,0.0,0.0,0.0
honest,attenuated,1.5,all,2000,B_concede,22,21,restored,0.374,0.374,0.0,0.0,0.0
honest,attenuated,1.5,all,2000,B_concede,23,22,restored,0.375,0.375,0.0,0.0,0.0
honest,attenuated,1.5,all,2000,B_concede,24,23,restored,0.3745,0.3745,0.0,0.0,0.0
honest,attenuated,1.5,all,2000,any_concede,1,0,pre,0.6975,0.6975,0.0,0.0,0.0
honest,attenuated,1.5,all,2000,any_concede,2,1,pre,0.7585,0.7585,0.0,0.0,0.0
honest,attenuated,1.5,all,2000,any_concede,3,2,pre,0.787,0.787,0.0,0.0,0.0
honest,attenuated,1.5,all,2000,any_concede,4,3,pre,0.797,0.797,0.0,0.0,0.0
honest,attenuated,1.5,all,2000,any_concede,5,4,pre,0.797,0.797,0.0,0.0,0.0
honest,attenuated,1.5,all,2000,any_concede,6,5,pre,0.8035,0.8035,0.0,0.0,0.0
honest,attenuated,1.5,all,2000,any_concede,7,6,pre,0.804,0.804,0.0,0.0,0.0
honest,attenuated,1.5,all,2000,any_concede,8,7,removed,0.8045,0.8045,0.0,0.0,0.0
honest,attenuated,1.5,all,2000,any_concede,9,8,removed,0.816,0.816,0.0,0.0,0.0
honest,attenuated,1.5,all,2000,any_concede,10,9,removed,0.8075,0.8075,0.0,0.0,0.0
honest,attenuated,1.5,all,2000,any_concede,11,10,restored,0.806,0.806,0.0,0.0,0.0
honest,attenuated,1.5,all,2000,any_concede,12,11,restored,0.8155,0.8155,0.0,0.0,0.0
honest,attenuated,1.5,all,2000,any_concede,13,12,restored,0.8085,0.8085,0.0,0.0,0.0
honest,attenuated,1.5,all,2000,any_concede,14,13,restored,0.825,0.825,0.0,0.0,0.0
honest,attenuated,1.5,all,2000,any_concede,15,14,restored,0.814,0.814,0.0,0.0,0.0
honest,attenuated,1.5,all,2000,any_concede,16,15,restored,0.813,0.813,0.0,0.0,0.0
honest,attenuated,1.5,all,2000,any_concede,17,16,restored,0.8205,0.8205,0.0,0.0,0.0
honest,attenuated,1.5,all,2000,any_concede,18,17,restored,0.8115,0.8115,0.0,0.0,0.0
honest,attenuated,1.5,all,2000,any_concede,19,18,restored,0.8235,0.8235,0.0,0.0,0.0
honest,attenuated,1.5,all,2000,any_concede,20,19,restored,0.8175,0.8175,0.0,0.0,0.0
honest,attenuated,1.5,all,2000,any_concede,21,20,restored,0.824,0.824,0.0,0.0,0.0
honest,attenuated,1.5,all,2000,any_concede,22,21,restored,0.829,0.829,0.0,0.0,0.0
honest,attenuated,1.5,all,2000,any_concede,23,22,restored,0.822,0.822,0.0,0.0,0.0
honest,attenuated,1.5,all,2000,any_concede,24,23,restored,0.825,0.825,0.0,0.0,0.0
honest,attenuated,1.5,all,2000,MN,1,0,pre,0.3025,0.3025,0.0,0.0,0.0
honest,attenuated,1.5,all,2000,MN,2,1,pre,0.2415,0.2415,0.0,0.0,0.0
honest,attenuated,1.5,all,2000,MN,3,2,pre,0.213,0.213,0.0,0.0,0.0
honest,attenuated,1.5,all,2000,MN,4,3,pre,0.203,0.203,0.0,0.0,0.0
honest,attenuated,1.5,all,2000,MN,5,4,pre,0.203,0.203,0.0,0.0,0.0
honest,attenuated,1.5,all,2000,MN,6,5,pre,0.1965,0.1965,0.0,0.0,0.0
honest,attenuated,1.5,all,2000,MN,7,6,pre,0.196,0.196,0.0,0.0,0.0
honest,attenuated,1.5,all,2000,MN,8,7,removed,0.1955,0.1955,0.0,0.0,0.0
honest,attenuated,1.5,all,2000,MN,9,8,removed,0.184,0.184,0.0,0.0,0.0
honest,attenuated,1.5,all,2000,MN,10,9,removed,0.1925,0.1925,0.0,0.0,0.0
honest,attenuated,1.5,all,2000,MN,11,10,restored,0.194,0.194,0.0,0.0,0.0
honest,attenuated,1.5,all,2000,MN,12,11,restored,0.1845,0.1845,0.0,0.0,0.0
honest,attenuated,1.5,all,2000,MN,13,12,restored,0.1915,0.1915,0.0,0.0,0.0
honest,attenuated,1.5,all,2000,MN,14,13,restored,0.175,0.175,0.0,0.0,0.0
honest,attenuated,1.5,all,2000,MN,15,14,restored,0.186,0.186,0.0,0.0,0.0
honest,attenuated,1.5,all,2000,MN,16,15,restored,0.187,0.187,0.0,0.0,0.0
honest,attenuated,1.5,all,2000,MN,17,16,restored,0.1795,0.1795,0.0,0.0,0.0
honest,attenuated,1.5,all,2000,MN,18,17,restored,0.1885,0.1885,0.0,0.0,0.0
honest,attenuated,1.5,all,2000,MN,19,18,restored,0.1765,0.1765,0.0,0.0,0.0
honest,attenuated,1.5,all,2000,MN,20,19,restored,0.1825,0.1825,0.0,0.0,0.0
honest,attenuated,1.5,all,2000,MN,21,20,restored,0.176,0.176,0.0,0.0,0.0
honest,attenuated,1.5,all,2000,MN,22,21,restored,0.171,0.171,0.0,0.0,0.0
honest,attenuated,1.5,all,2000,MN,23,22,restored,0.178,0.178,0.0,0.0,0.0
honest,attenuated,1.5,all,2000,MN,24,23,restored,0.175,0.175,0.0,0.0,0.0
honest,attenuated,1.5,all,2000,U,1,0,pre,0.326,0.326,0.0,0.0,0.0
honest,attenuated,1.5,all,2000,U,2,1,pre,0.2145,0.2145,0.0,0.0,0.0
honest,attenuated,1.5,all,2000,U,3,2,pre,0.174,0.174,0.0,0.0,0.0
honest,attenuated,1.5,all,2000,U,4,3,pre,0.155,0.155,0.0,0.0,0.0
honest,attenuated,1.5,all,2000,U,5,4,pre,0.151,0.151,0.0,0.0,0.0
honest,attenuated,1.5,all,2000,U,6,5,pre,0.1485,0.1485,0.0,0.0,0.0
honest,attenuated,1.5,all,2000,U,7,6,pre,0.149,0.149,0.0,0.0,0.0
honest,attenuated,1.5,all,2000,U,8,7,removed,0.1435,0.1435,0.0,0.0,0.0
honest,attenuated,1.5,all,2000,U,9,8,removed,0.139,0.139,0.0,0.0,0.0
honest,attenuated,1.5,all,2000,U,10,9,removed,0.136,0.136,0.0,0.0,0.0
honest,attenuated,1.5,all,2000,U,11,10,restored,0.137,0.137,0.0,0.0,0.0
honest,attenuated,1.5,all,2000,U,12,11,restored,0.1335,0.1335,0.0,0.0,0.0
honest,attenuated,1.5,all,2000,U,13,12,restored,0.1325,0.1325,0.0,0.0,0.0
honest,attenuated,1.5,all,2000,U,14,13,restored,0.134,0.134,0.0,0.0,0.0
honest,attenuated,1.5,all,2000,U,15,14,restored,0.1315,0.1315,0.0,0.0,0.0
honest,attenuated,1.5,all,2000,U,16,15,restored,0.13,0.13,0.0,0.0,0.0
honest,attenuated,1.5,all,2000,U,17,16,restored,0.127,0.127,0.0,0.0,0.0
honest,attenuated,1.5,all,2000,U,18,17,restored,0.128,0.128,0.0,0.0,0.0
honest,attenuated,1.5,all,2000,U,19,18,restored,0.1235,0.1235,0.0,0.0,0.0
honest,attenuated,1.5,all,2000,U,20,19,restored,0.1215,0.1215,0.0,0.0,0.0
honest,attenuated,1.5,all,2000,U,21,20,restored,0.121,0.121,0.0,0.0,0.0
honest,attenuated,1.5,all,2000,U,22,21,restored,0.1165,0.1165,0.0,0.0,0.0
honest,attenuated,1.5,all,2000,U,23,22,restored,0.111,0.111,0.0,0.0,0.0
honest,attenuated,1.5,all,2000,U,24,23,restored,0.113,0.113,0.0,0.0,0.0
honest,attenuated,1.5,all,2000,belief_gap,1,0,pre,0.19968430730774792,0.19968430730774792,0.0,0.0,0.0
honest,attenuated,1.5,all,2000,belief_gap,2,1,pre,0.186096859422244,0.186096859422244,0.0,0.0,0.0
honest,attenuated,1.5,all,2000,belief_gap,3,2,pre,0.17920057063730638,0.17920057063730638,0.0,0.0,0.0
honest,attenuated,1.5,all,2000,belief_gap,4,3,pre,0.17462387215721714,0.17462387215721714,0.0,0.0,0.0
honest,attenuated,1.5,all,2000,belief_gap,5,4,pre,0.17082153992389779,0.17082153992389779,0.0,0.0,0.0
honest,attenuated,1.5,all,2000,belief_gap,6,5,pre,0.16832089015025956,0.16832089015025956,0.0,0.0,0.0
honest,attenuated,1.5,all,2000,belief_gap,7,6,pre,0.16711870090513486,0.16711870090513486,0.0,0.0,0.0
honest,attenuated,1.5,all,2000,belief_gap,8,7,removed,0.1648229992602492,0.1648229992602492,0.0,0.0,0.0
honest,attenuated,1.5,all,2000,belief_gap,9,8,removed,0.16416608206705707,0.16416608206705707,0.0,0.0,0.0
honest,attenuated,1.5,all,2000,belief_gap,10,9,removed,0.16296221760726182,0.16296221760726182,0.0,0.0,0.0
honest,attenuated,1.5,all,2000,belief_gap,11,10,restored,0.16142652886972808,0.16142652886972808,0.0,0.0,0.0
honest,attenuated,1.5,all,2000,belief_gap,12,11,restored,0.1602832722371573,0.1602832722371573,0.0,0.0,0.0
honest,attenuated,1.5,all,2000,belief_gap,13,12,restored,0.16058485512591944,0.16058485512591944,0.0,0.0,0.0
honest,attenuated,1.5,all,2000,belief_gap,14,13,restored,0.16007889286830634,0.16007889286830634,0.0,0.0,0.0
honest,attenuated,1.5,all,2000,belief_gap,15,14,restored,0.16017905545686267,0.16017905545686267,0.0,0.0,0.0
honest,attenuated,1.5,all,2000,belief_gap,16,15,restored,0.15929136025801777,0.15929136025801777,0.0,0.0,0.0
honest,attenuated,1.5,all,2000,belief_gap,17,16,restored,0.15929400402672025,0.15929400402672025,0.0,0.0,0.0
honest,attenuated,1.5,all,2000,belief_gap,18,17,restored,0.15919262207115947,0.15919262207115947,0.0,0.0,0.0
honest,attenuated,1.5,all,2000,belief_gap,19,18,restored,0.1584503628314657,0.1584503628314657,0.0,0.0,0.0
honest,attenuated,1.5,all,2000,belief_gap,20,19,restored,0.15741236055405072,0.15741236055405072,0.0,0.0,0.0
honest,attenuated,1.5,all,2000,belief_gap,21,20,restored,0.1558924436965666,0.1558924436965666,0.0,0.0,0.0
honest,attenuated,1.5,all,2000,belief_gap,22,21,restored,0.15386334474184524,0.15386334474184524,0.0,0.0,0.0
honest,attenuated,1.5,all,2000,belief_gap,23,22,restored,0.15300734075610678,0.15300734075610678,0.0,0.0,0.0
honest,attenuated,1.5,all,2000,belief_gap,24,23,restored,0.15159720408870025,0.15159720408870025,0.0,0.0,0.0
honest,attenuated,1.5,both_own,477,A_concede,1,0,pre,0.0041928721174004195,0.0041928721174004195,0.0,0.0,0.0
honest,attenuated,1.5,both_own,477,A_concede,2,1,pre,0.1488469601677149,0.1488469601677149,0.0,0.0,0.0
honest,attenuated,1.5,both_own,477,A_concede,3,2,pre,0.24528301886792453,0.24528301886792453,0.0,0.0,0.0
honest,attenuated,1.5,both_own,477,A_concede,4,3,pre,0.29979035639413,0.29979035639413,0.0,0.0,0.0
honest,attenuated,1.5,both_own,477,A_concede,5,4,pre,0.3018867924528302,0.3018867924528302,0.0,0.0,0.0
honest,attenuated,1.5,both_own,477,A_concede,6,5,pre,0.31865828092243187,0.31865828092243187,0.0,0.0,0.0
honest,attenuated,1.5,both_own,477,A_concede,7,6,pre,0.3039832285115304,0.3039832285115304,0.0,0.0,0.0
honest,attenuated,1.5,both_own,477,A_concede,8,7,removed,0.3165618448637317,0.3165618448637317,0.0,0.0,0.0
honest,attenuated,1.5,both_own,477,A_concede,9,8,removed,0.3522012578616352,0.3522012578616352,0.0,0.0,0.0
honest,attenuated,1.5,both_own,477,A_concede,10,9,removed,0.3270440251572327,0.3270440251572327,0.0,0.0,0.0
honest,attenuated,1.5,both_own,477,A_concede,11,10,restored,0.31027253668763105,0.31027253668763105,0.0,0.0,0.0
honest,attenuated,1.5,both_own,477,A_concede,12,11,restored,0.3522012578616352,0.3522012578616352,0.0,0.0,0.0
honest,attenuated,1.5,both_own,477,A_concede,13,12,restored,0.36058700209643607,0.36058700209643607,0.0,0.0,0.0
honest,attenuated,1.5,both_own,477,A_concede,14,13,restored,0.37735849056603776,0.37735849056603776,0.0,0.0,0.0
honest,attenuated,1.5,both_own,477,A_concede,15,14,restored,0.36477987421383645,0.36477987421383645,0.0,0.0,0.0
honest,attenuated,1.5,both_own,477,A_concede,16,15,restored,0.36268343815513626,0.36268343815513626,0.0,0.0,0.0
honest,attenuated,1.5,both_own,477,A_concede,17,16,restored,0.3710691823899371,0.3710691823899371,0.0,0.0,0.0
honest,attenuated,1.5,both_own,477,A_concede,18,17,restored,0.3584905660377358,0.3584905660377358,0.0,0.0,0.0
honest,attenuated,1.5,both_own,477,A_concede,19,18,restored,0.37945492662473795,0.37945492662473795,0.0,0.0,0.0
honest,attenuated,1.5,both_own,477,A_concede,20,19,restored,0.3857442348008386,0.3857442348008386,0.0,0.0,0.0
honest,attenuated,1.5,both_own,477,A_concede,21,20,restored,0.3668763102725367,0.3668763102725367,0.0,0.0,0.0
honest,attenuated,1.5,both_own,477,A_concede,22,21,restored,0.4088050314465409,0.4088050314465409,0.0,0.0,0.0
honest,attenuated,1.5,both_own,477,A_concede,23,22,restored,0.3857442348008386,0.3857442348008386,0.0,0.0,0.0
honest,attenuated,1.5,both_own,477,A_concede,24,23,restored,0.4192872117400419,0.4192872117400419,0.0,0.0,0.0
honest,attenuated,1.5,both_own,477,B_concede,1,0,pre,0.0041928721174004195,0.0041928721174004195,0.0,0.0,0.0
honest,attenuated,1.5,both_own,477,B_concede,2,1,pre,0.0,0.0,0.0,0.0,0.0
honest,attenuated,1.5,both_own,477,B_concede,3,2,pre,0.0041928721174004195,0.0041928721174004195,0.0,0.0,0.0
honest,attenuated,1.5,both_own,477,B_concede,4,3,pre,0.0041928721174004195,0.0041928721174004195,0.0,0.0,0.0
honest,attenuated,1.5,both_own,477,B_concede,5,4,pre,0.0041928721174004195,0.0041928721174004195,0.0,0.0,0.0
honest,attenuated,1.5,both_own,477,B_concede,6,5,pre,0.0041928721174004195,0.0041928721174004195,0.0,0.0,0.0
honest,attenuated,1.5,both_own,477,B_concede,7,6,pre,0.0,0.0,0.0,0.0,0.0
honest,attenuated,1.5,both_own,477,B_concede,8,7,removed,0.0041928721174004195,0.0041928721174004195,0.0,0.0,0.0
honest,attenuated,1.5,both_own,477,B_concede,9,8,removed,0.008385744234800839,0.008385744234800839,0.0,0.0,0.0
honest,attenuated,1.5,both_own,477,B_concede,10,9,removed,0.020964360587002098,0.020964360587002098,0.0,0.0,0.0
honest,attenuated,1.5,both_own,477,B_concede,11,10,restored,0.012578616352201259,0.012578616352201259,0.0,0.0,0.0
honest,attenuated,1.5,both_own,477,B_concede,12,11,restored,0.014675052410901468,0.014675052410901468,0.0,0.0,0.0
honest,attenuated,1.5,both_own,477,B_concede,13,12,restored,0.0020964360587002098,0.0020964360587002098,0.0,0.0,0.0
honest,attenuated,1.5,both_own,477,B_concede,14,13,restored,0.014675052410901468,0.014675052410901468,0.0,0.0,0.0
honest,attenuated,1.5,both_own,477,B_concede,15,14,restored,0.014675052410901468,0.014675052410901468,0.0,0.0,0.0
honest,attenuated,1.5,both_own,477,B_concede,16,15,restored,0.014675052410901468,0.014675052410901468,0.0,0.0,0.0
honest,attenuated,1.5,both_own,477,B_concede,17,16,restored,0.014675052410901468,0.014675052410901468,0.0,0.0,0.0
honest,attenuated,1.5,both_own,477,B_concede,18,17,restored,0.014675052410901468,0.014675052410901468,0.0,0.0,0.0
honest,attenuated,1.5,both_own,477,B_concede,19,18,restored,0.023060796645702306,0.023060796645702306,0.0,0.0,0.0
honest,attenuated,1.5,both_own,477,B_concede,20,19,restored,0.018867924528301886,0.018867924528301886,0.0,0.0,0.0
honest,attenuated,1.5,both_own,477,B_concede,21,20,restored,0.016771488469601678,0.016771488469601678,0.0,0.0,0.0
honest,attenuated,1.5,both_own,477,B_concede,22,21,restored,0.016771488469601678,0.016771488469601678,0.0,0.0,0.0
honest,attenuated,1.5,both_own,477,B_concede,23,22,restored,0.018867924528301886,0.018867924528301886,0.0,0.0,0.0
honest,attenuated,1.5,both_own,477,B_concede,24,23,restored,0.023060796645702306,0.023060796645702306,0.0,0.0,0.0
honest,attenuated,1.5,both_own,477,any_concede,1,0,pre,0.008385744234800839,0.008385744234800839,0.0,0.0,0.0
honest,attenuated,1.5,both_own,477,any_concede,2,1,pre,0.1488469601677149,0.1488469601677149,0.0,0.0,0.0
honest,attenuated,1.5,both_own,477,any_concede,3,2,pre,0.24947589098532494,0.24947589098532494,0.0,0.0,0.0
honest,attenuated,1.5,both_own,477,any_concede,4,3,pre,0.3018867924528302,0.3018867924528302,0.0,0.0,0.0
honest,attenuated,1.5,both_own,477,any_concede,5,4,pre,0.3060796645702306,0.3060796645702306,0.0,0.0,0.0
honest,attenuated,1.5,both_own,477,any_concede,6,5,pre,0.3228511530398323,0.3228511530398323,0.0,0.0,0.0
honest,attenuated,1.5,both_own,477,any_concede,7,6,pre,0.3039832285115304,0.3039832285115304,0.0,0.0,0.0
honest,attenuated,1.5,both_own,477,any_concede,8,7,removed,0.32075471698113206,0.32075471698113206,0.0,0.0,0.0
honest,attenuated,1.5,both_own,477,any_concede,9,8,removed,0.36058700209643607,0.36058700209643607,0.0,0.0,0.0
honest,attenuated,1.5,both_own,477,any_concede,10,9,removed,0.3438155136268344,0.3438155136268344,0.0,0.0,0.0
honest,attenuated,1.5,both_own,477,any_concede,11,10,restored,0.3228511530398323,0.3228511530398323,0.0,0.0,0.0
honest,attenuated,1.5,both_own,477,any_concede,12,11,restored,0.3668763102725367,0.3668763102725367,0.0,0.0,0.0
honest,attenuated,1.5,both_own,477,any_concede,13,12,restored,0.36268343815513626,0.36268343815513626,0.0,0.0,0.0
honest,attenuated,1.5,both_own,477,any_concede,14,13,restored,0.3920335429769392,0.3920335429769392,0.0,0.0,0.0
honest,attenuated,1.5,both_own,477,any_concede,15,14,restored,0.37945492662473795,0.37945492662473795,0.0,0.0,0.0
honest,attenuated,1.5,both_own,477,any_concede,16,15,restored,0.3752620545073375,0.3752620545073375,0.0,0.0,0.0
honest,attenuated,1.5,both_own,477,any_concede,17,16,restored,0.3857442348008386,0.3857442348008386,0.0,0.0,0.0
honest,attenuated,1.5,both_own,477,any_concede,18,17,restored,0.3731656184486373,0.3731656184486373,0.0,0.0,0.0
honest,attenuated,1.5,both_own,477,any_concede,19,18,restored,0.40041928721174,0.40041928721174,0.0,0.0,0.0
honest,attenuated,1.5,both_own,477,any_concede,20,19,restored,0.4025157232704403,0.4025157232704403,0.0,0.0,0.0
honest,attenuated,1.5,both_own,477,any_concede,21,20,restored,0.3836477987421384,0.3836477987421384,0.0,0.0,0.0
honest,attenuated,1.5,both_own,477,any_concede,22,21,restored,0.42348008385744235,0.42348008385744235,0.0,0.0,0.0
honest,attenuated,1.5,both_own,477,any_concede,23,22,restored,0.4025157232704403,0.4025157232704403,0.0,0.0,0.0
honest,attenuated,1.5,both_own,477,any_concede,24,23,restored,0.4360587002096436,0.4360587002096436,0.0,0.0,0.0
honest,attenuated,1.5,both_own,477,MN,1,0,pre,0.9916142557651991,0.9916142557651991,0.0,0.0,0.0
honest,attenuated,1.5,both_own,477,MN,2,1,pre,0.8511530398322851,0.8511530398322851,0.0,0.0,0.0
honest,attenuated,1.5,both_own,477,MN,3,2,pre,0.750524109014675,0.750524109014675,0.0,0.0,0.0
honest,attenuated,1.5,both_own,477,MN,4,3,pre,0.6981132075471698,0.6981132075471698,0.0,0.0,0.0
honest,attenuated,1.5,both_own,477,MN,5,4,pre,0.6939203354297694,0.6939203354297694,0.0,0.0,0.0
honest,attenuated,1.5,both_own,477,MN,6,5,pre,0.6771488469601677,0.6771488469601677,0.0,0.0,0.0
honest,attenuated,1.5,both_own,477,MN,7,6,pre,0.6960167714884696,0.6960167714884696,0.0,0.0,0.0
honest,attenuated,1.5,both_own,477,MN,8,7,removed,0.6792452830188679,0.6792452830188679,0.0,0.0,0.0
honest,attenuated,1.5,both_own,477,MN,9,8,removed,0.639412997903564,0.639412997903564,0.0,0.0,0.0
honest,attenuated,1.5,both_own,477,MN,10,9,removed,0.6561844863731656,0.6561844863731656,0.0,0.0,0.0
honest,attenuated,1.5,both_own,477,MN,11,10,restored,0.6771488469601677,0.6771488469601677,0.0,0.0,0.0
honest,attenuated,1.5,both_own,477,MN,12,11,restored,0.6331236897274634,0.6331236897274634,0.0,0.0,0.0
honest,attenuated,1.5,both_own,477,MN,13,12,restored,0.6373165618448637,0.6373165618448637,0.0,0.0,0.0
honest,attenuated,1.5,both_own,477,MN,14,13,restored,0.6079664570230608,0.6079664570230608,0.0,0.0,0.0
honest,attenuated,1.5,both_own,477,MN,15,14,restored,0.6205450733752621,0.6205450733752621,0.0,0.0,0.0
honest,attenuated,1.5,both_own,477,MN,16,15,restored,0.6247379454926625,0.6247379454926625,0.0,0.0,0.0
honest,attenuated,1.5,both_own,477,MN,17,16,restored,0.6142557651991615,0.6142557651991615,0.0,0.0,0.0
honest,attenuated,1.5,both_own,477,MN,18,17,restored,0.6268343815513627,0.6268343815513627,0.0,0.0,0.0
honest,attenuated,1.5,both_own,477,MN,19,18,restored,0.59958071278826,0.59958071278826,0.0,0.0,0.0
honest,attenuated,1.5,both_own,477,MN,20,19,restored,0.5974842767295597,0.5974842767295597,0.0,0.0,0.0
honest,attenuated,1.5,both_own,477,MN,21,20,restored,0.6163522012578616,0.6163522012578616,0.0,0.0,0.0
honest,attenuated,1.5,both_own,477,MN,22,21,restored,0.5765199161425576,0.5765199161425576,0.0,0.0,0.0
honest,attenuated,1.5,both_own,477,MN,23,22,restored,0.5974842767295597,0.5974842767295597,0.0,0.0,0.0
honest,attenuated,1.5,both_own,477,MN,24,23,restored,0.5639412997903563,0.5639412997903563,0.0,0.0,0.0
honest,attenuated,1.5,both_own,477,U,1,0,pre,0.9916142557651991,0.9916142557651991,0.0,0.0,0.0
honest,attenuated,1.5,both_own,477,U,2,1,pre,0.8469601677148847,0.8469601677148847,0.0,0.0,0.0
honest,attenuated,1.5,both_own,477,U,3,2,pre,0.6876310272536688,0.6876310272536688,0.0,0.0,0.0
honest,attenuated,1.5,both_own,477,U,4,3,pre,0.6226415094339622,0.6226415094339622,0.0,0.0,0.0
honest,attenuated,1.5,both_own,477,U,5,4,pre,0.6079664570230608,0.6079664570230608,0.0,0.0,0.0
honest,attenuated,1.5,both_own,477,U,6,5,pre,0.5953878406708596,0.5953878406708596,0.0,0.0,0.0
honest,attenuated,1.5,both_own,477,U,7,6,pre,0.5974842767295597,0.5974842767295597,0.0,0.0,0.0
honest,attenuated,1.5,both_own,477,U,8,7,removed,0.5870020964360587,0.5870020964360587,0.0,0.0,0.0
honest,attenuated,1.5,both_own,477,U,9,8,removed,0.570230607966457,0.570230607966457,0.0,0.0,0.0
honest,attenuated,1.5,both_own,477,U,10,9,removed,0.5639412997903563,0.5639412997903563,0.0,0.0,0.0
honest,attenuated,1.5,both_own,477,U,11,10,restored,0.5618448637316562,0.5618448637316562,0.0,0.0,0.0
honest,attenuated,1.5,both_own,477,U,12,11,restored,0.5450733752620545,0.5450733752620545,0.0,0.0,0.0
honest,attenuated,1.5,both_own,477,U,13,12,restored,0.5366876310272537,0.5366876310272537,0.0,0.0,0.0
honest,attenuated,1.5,both_own,477,U,14,13,restored,0.5450733752620545,0.5450733752620545,0.0,0.0,0.0
honest,attenuated,1.5,both_own,477,U,15,14,restored,0.5366876310272537,0.5366876310272537,0.0,0.0,0.0
honest,attenuated,1.5,both_own,477,U,16,15,restored,0.5324947589098532,0.5324947589098532,0.0,0.0,0.0
honest,attenuated,1.5,both_own,477,U,17,16,restored,0.5136268343815513,0.5136268343815513,0.0,0.0,0.0
honest,attenuated,1.5,both_own,477,U,18,17,restored,0.5136268343815513,0.5136268343815513,0.0,0.0,0.0
honest,attenuated,1.5,both_own,477,U,19,18,restored,0.5010482180293501,0.5010482180293501,0.0,0.0,0.0
honest,attenuated,1.5,both_own,477,U,20,19,restored,0.4947589098532495,0.4947589098532495,0.0,0.0,0.0
honest,attenuated,1.5,both_own,477,U,21,20,restored,0.4968553459119497,0.4968553459119497,0.0,0.0,0.0
honest,attenuated,1.5,both_own,477,U,22,21,restored,0.4716981132075472,0.4716981132075472,0.0,0.0,0.0
honest,attenuated,1.5,both_own,477,U,23,22,restored,0.4570230607966457,0.4570230607966457,0.0,0.0,0.0
honest,attenuated,1.5,both_own,477,U,24,23,restored,0.4591194968553459,0.4591194968553459,0.0,0.0,0.0
honest,attenuated,1.5,both_own,477,belief_gap,1,0,pre,0.5132644054555093,0.5132644054555093,0.0,0.0,0.0
honest,attenuated,1.5,both_own,477,belief_gap,2,1,pre,0.47400821621518563,0.47400821621518563,0.0,0.0,0.0
honest,attenuated,1.5,both_own,477,belief_gap,3,2,pre,0.4528169873076385,0.4528169873076385,0.0,0.0,0.0
honest,attenuated,1.5,both_own,477,belief_gap,4,3,pre,0.4361647486263155,0.4361647486263155,0.0,0.0,0.0
honest,attenuated,1.5,both_own,477,belief_gap,5,4,pre,0.421458279393348,0.421458279393348,0.0,0.0,0.0
honest,attenuated,1.5,both_own,477,belief_gap,6,5,pre,0.4115921207610273,0.4115921207610273,0.0,0.0,0.0
honest,attenuated,1.5,both_own,477,belief_gap,7,6,pre,0.4071159709945613,0.4071159709945613,0.0,0.0,0.0
honest,attenuated,1.5,both_own,477,belief_gap,8,7,removed,0.39790473386425684,0.39790473386425684,0.0,0.0,0.0
honest,attenuated,1.5,both_own,477,belief_gap,9,8,removed,0.39363230870109744,0.39363230870109744,0.0,0.0,0.0
honest,attenuated,1.5,both_own,477,belief_gap,10,9,removed,0.38829043721941686,0.38829043721941686,0.0,0.0,0.0
honest,attenuated,1.5,both_own,477,belief_gap,11,10,restored,0.381264716193045,0.381264716193045,0.0,0.0,0.0
honest,attenuated,1.5,both_own,477,belief_gap,12,11,restored,0.3776486672778542,0.3776486672778542,0.0,0.0,0.0
honest,attenuated,1.5,both_own,477,belief_gap,13,12,restored,0.3793912054910701,0.3793912054910701,0.0,0.0,0.0
honest,attenuated,1.5,both_own,477,belief_gap,14,13,restored,0.37744835219165784,0.37744835219165784,0.0,0.0,0.0
honest,attenuated,1.5,both_own,477,belief_gap,15,14,restored,0.37801636521585763,0.37801636521585763,0.0,0.0,0.0
honest,attenuated,1.5,both_own,477,belief_gap,16,15,restored,0.3746159286973274,0.3746159286973274,0.0,0.0,0.0
honest,attenuated,1.5,both_own,477,belief_gap,17,16,restored,0.37397014960078206,0.37397014960078206,0.0,0.0,0.0
honest,attenuated,1.5,both_own,477,belief_gap,18,17,restored,0.37318775208837385,0.37318775208837385,0.0,0.0,0.0
honest,attenuated,1.5,both_own,477,belief_gap,19,18,restored,0.36987176984271436,0.36987176984271436,0.0,0.0,0.0
honest,attenuated,1.5,both_own,477,belief_gap,20,19,restored,0.36553493507267854,0.36553493507267854,0.0,0.0,0.0
honest,attenuated,1.5,both_own,477,belief_gap,21,20,restored,0.3593315844940125,0.3593315844940125,0.0,0.0,0.0
honest,attenuated,1.5,both_own,477,belief_gap,22,21,restored,0.35131149401204537,0.35131149401204537,0.0,0.0,0.0
honest,attenuated,1.5,both_own,477,belief_gap,23,22,restored,0.3473964413206788,0.3473964413206788,0.0,0.0,0.0
honest,attenuated,1.5,both_own,477,belief_gap,24,23,restored,0.3426845109070653,0.3426845109070653,0.0,0.0,0.0
honest,costly,1.5,all,2000,A_concede,1,0,pre,0.354,0.354,0.0,0.0,0.0
honest,costly,1.5,all,2000,A_concede,2,1,pre,0.4125,0.4125,0.0,0.0,0.0
honest,costly,1.5,all,2000,A_concede,3,2,pre,0.428,0.428,0.0,0.0,0.0
honest,costly,1.5,all,2000,A_concede,4,3,pre,0.4365,0.4365,0.0,0.0,0.0
honest,costly,1.5,all,2000,A_concede,5,4,pre,0.4395,0.4395,0.0,0.0,0.0
honest,costly,1.5,all,2000,A_concede,6,5,pre,0.445,0.445,0.0,0.0,0.0
honest,costly,1.5,all,2000,A_concede,7,6,pre,0.4435,0.4435,0.0,0.0,0.0
honest,costly,1.5,all,2000,A_concede,8,7,removed,0.444,0.444,0.0,0.0,0.0
honest,costly,1.5,all,2000,A_concede,9,8,removed,0.4515,0.451,-0.0005,-0.00148,0.00047999999999999996
honest,costly,1.5,all,2000,A_concede,10,9,removed,0.4465,0.4465,0.0,-0.001386275903433447,0.001386275903433447
honest,costly,1.5,all,2000,A_concede,11,10,restored,0.448,0.4475,-0.0005,-0.00148,0.00047999999999999996
honest,costly,1.5,all,2000,A_concede,12,11,restored,0.4485,0.4485,0.0,-0.0019604901838265955,0.0019604901838265955
honest,costly,1.5,all,2000,A_concede,13,12,restored,0.4505,0.4505,0.0,0.0,0.0
honest,costly,1.5,all,2000,A_concede,14,13,restored,0.4525,0.453,0.0005,-0.001197692810976185,0.002197692810976185
honest,costly,1.5,all,2000,A_concede,15,14,restored,0.452,0.4525,0.0005,-0.001197692810976185,0.002197692810976185
honest,costly,1.5,all,2000,A_concede,16,15,restored,0.451,0.4505,-0.0005,-0.0026917850626556523,0.0016917850626556523
honest,costly,1.5,all,2000,A_concede,17,16,restored,0.452,0.4525,0.0005,-0.001197692810976185,0.002197692810976185
honest,costly,1.5,all,2000,A_concede,18,17,restored,0.446,0.4465,0.0005,-0.001197692810976185,0.002197692810976185
honest,costly,1.5,all,2000,A_concede,19,18,restored,0.451,0.451,0.0,-0.0019604901838265955,0.0019604901838265955
honest,costly,1.5,all,2000,A_concede,20,19,restored,0.4505,0.451,0.0005,-0.00047999999999999996,0.00148
honest,costly,1.5,all,2000,A_concede,21,20,restored,0.448,0.4485,0.0005,-0.00047999999999999996,0.00148
honest,costly,1.5,all,2000,A_concede,22,21,restored,0.4545,0.455,0.0005,-0.001197692810976185,0.002197692810976185
honest,costly,1.5,all,2000,A_concede,23,22,restored,0.448,0.449,0.001,-0.0003855825921105461,0.002385582592110546
honest,costly,1.5,all,2000,A_concede,24,23,restored,0.45,0.45,0.0,-0.0019604901838265955,0.0019604901838265955
honest,costly,1.5,all,2000,B_concede,1,0,pre,0.008,0.008,0.0,0.0,0.0
honest,costly,1.5,all,2000,B_concede,2,1,pre,0.0105,0.0105,0.0,0.0,0.0
honest,costly,1.5,all,2000,B_concede,3,2,pre,0.008,0.008,0.0,0.0,0.0
honest,costly,1.5,all,2000,B_concede,4,3,pre,0.005,0.005,0.0,0.0,0.0
honest,costly,1.5,all,2000,B_concede,5,4,pre,0.005,0.005,0.0,0.0,0.0
honest,costly,1.5,all,2000,B_concede,6,5,pre,0.0085,0.0085,0.0,0.0,0.0
honest,costly,1.5,all,2000,B_concede,7,6,pre,0.011,0.011,0.0,0.0,0.0
honest,costly,1.5,all,2000,B_concede,8,7,removed,0.009,0.448,0.439,0.4172447857313715,0.4607552142686285
honest,costly,1.5,all,2000,B_concede,9,8,removed,0.004,0.4505,0.4465,0.42470688962011127,0.46829311037988874
honest,costly,1.5,all,2000,B_concede,10,9,removed,0.0125,0.452,0.4395,0.41774210270160683,0.46125789729839317
honest,costly,1.5,all,2000,B_concede,11,10,restored,0.0105,0.0115,0.001,-0.001400700081317993,0.003400700081317993
honest,costly,1.5,all,2000,B_concede,12,11,restored,0.0075,0.0075,0.0,-0.0019604901838265955,0.0019604901838265955
honest,costly,1.5,all,2000,B_concede,13,12,restored,0.006,0.0065,0.0005,-0.0016917850626556518,0.002691785062655652
honest,costly,1.5,all,2000,B_concede,14,13,restored,0.0095,0.0075,-0.002,-0.0043994990305892805,0.00039949903058928045
honest,costly,1.5,all,2000,B_concede,15,14,restored,0.0095,0.0085,-0.001,-0.0037722052162277664,0.0017722052162277664
honest,costly,1.5,all,2000,B_concede,16,15,restored,0.0145,0.0165,0.002,-0.00039949903058928045,0.0043994990305892805
honest,costly,1.5,all,2000,B_concede,17,16,restored,0.0095,0.0085,-0.001,-0.0029599999999999995,0.0009599999999999995
honest,costly,1.5,all,2000,B_concede,18,17,restored,0.008,0.006,-0.002,-0.0043994990305892805,0.00039949903058928045
honest,costly,1.5,all,2000,B_concede,19,18,restored,0.0055,0.004,-0.0015,-0.0031965604494621873,0.00019656044946218722
honest,costly,1.5,all,2000,B_concede,20,19,restored,0.0115,0.0085,-0.003,-0.005397495942310789,-0.0006025040576892108
honest,costly,1.5,all,2000,B_concede,21,20,restored,0.0125,0.011,-0.0015,-0.003690908085502347,0.000690908085502347
honest,costly,1.5,all,2000,B_concede,22,21,restored,0.0085,0.0065,-0.002,-0.003958528712416205,-4.147128758379484e-05
honest,costly,1.5,all,2000,B_concede,23,22,restored,0.0115,0.0095,-0.002,-0.0043994990305892805,0.00039949903058928045
honest,costly,1.5,all,2000,B_concede,24,23,restored,0.011,0.01,-0.001,-0.00296,0.0009599999999999999
honest,costly,1.5,all,2000,any_concede,1,0,pre,0.362,0.362,0.0,0.0,0.0
honest,costly,1.5,all,2000,any_concede,2,1,pre,0.423,0.423,0.0,0.0,0.0
honest,costly,1.5,all,2000,any_concede,3,2,pre,0.436,0.436,0.0,0.0,0.0
honest,costly,1.5,all,2000,any_concede,4,3,pre,0.4415,0.4415,0.0,0.0,0.0
honest,costly,1.5,all,2000,any_concede,5,4,pre,0.4445,0.4445,0.0,0.0,0.0
honest,costly,1.5,all,2000,any_concede,6,5,pre,0.4535,0.4535,0.0,0.0,0.0
honest,costly,1.5,all,2000,any_concede,7,6,pre,0.4545,0.4545,0.0,0.0,0.0
honest,costly,1.5,all,2000,any_concede,8,7,removed,0.453,0.8915,0.4385,0.4167474911787167,0.4602525088212833
honest,costly,1.5,all,2000,any_concede,9,8,removed,0.4555,0.901,0.4455,0.4237116519704929,0.46728834802950714
honest,costly,1.5,all,2000,any_concede,10,9,removed,0.459,0.8965,0.4375,0.41570882971129647,0.45929117028870353
honest,costly,1.5,all,2000,any_concede,11,10,restored,0.4585,0.459,0.0005,-0.002093392110985275,0.003093392110985275
honest,costly,1.5,all,2000,any_concede,12,11,restored,0.456,0.456,0.0,-0.002772551806866894,0.002772551806866894
honest,costly,1.5,all,2000,any_concede,13,12,restored,0.4565,0.457,0.0005,-0.0016917850626556518,0.002691785062655652
honest,costly,1.5,all,2000,any_concede,14,13,restored,0.462,0.4605,-0.0015,-0.0044399999999999995,0.0014399999999999999
honest,costly,1.5,all,2000,any_concede,15,14,restored,0.4615,0.461,-0.0005,-0.003751031282870268,0.002751031282870268
honest,costly,1.5,all,2000,any_concede,16,15,restored,0.4655,0.467,0.0015,-0.0014399999999999999,0.0044399999999999995
honest,costly,1.5,all,2000,any_concede,17,16,restored,0.4615,0.461,-0.0005,-0.0030933921109852756,0.0020933921109852756
honest,costly,1.5,all,2000,any_concede,18,17,restored,0.454,0.4525,-0.0015,-0.0044399999999999995,0.0014399999999999999
honest,costly,1.5,all,2000,any_concede,19,18,restored,0.4565,0.455,-0.0015,-0.004092650982982435,0.0010926509829824343
honest,costly,1.5,all,2000,any_concede,20,19,restored,0.462,0.4595,-0.0025,-0.005091168091042729,9.116809104272846e-05
honest,costly,1.5,all,2000,any_concede,21,20,restored,0.4605,0.4595,-0.001,-0.003400700081317993,0.001400700081317993
honest,costly,1.5,all,2000,any_concede,22,21,restored,0.463,0.4615,-0.0015,-0.004092650982982434,0.0010926509829824339
honest,costly,1.5,all,2000,any_concede,23,22,restored,0.4595,0.4585,-0.001,-0.0037722052162277664,0.0017722052162277664
honest,costly,1.5,all,2000,any_concede,24,23,restored,0.461,0.46,-0.001,-0.003772205216227767,0.0017722052162277668
honest,costly,1.5,all,2000,MN,1,0,pre,0.638,0.638,0.0,0.0,0.0
honest,costly,1.5,all,2000,MN,2,1,pre,0.577,0.577,0.0,0.0,0.0
honest,costly,1.5,all,2000,MN,3,2,pre,0.564,0.564,0.0,0.0,0.0
honest,costly,1.5,all,2000,MN,4,3,pre,0.5585,0.5585,0.0,0.0,0.0
honest,costly,1.5,all,2000,MN,5,4,pre,0.5555,0.5555,0.0,0.0,0.0
honest,costly,1.5,all,2000,MN,6,5,pre,0.5465,0.5465,0.0,0.0,0.0
honest,costly,1.5,all,2000,MN,7,6,pre,0.5455,0.5455,0.0,0.0,0.0
honest,costly,1.5,all,2000,MN,8,7,removed,0.547,0.1085,-0.4385,-0.4602525088212833,-0.4167474911787167
honest,costly,1.5,all,2000,MN,9,8,removed,0.5445,0.099,-0.4455,-0.46728834802950714,-0.4237116519704929
honest,costly,1.5,all,2000,MN,10,9,removed,0.541,0.1035,-0.4375,-0.45929117028870353,-0.41570882971129647
honest,costly,1.5,all,2000,MN,11,10,restored,0.5415,0.541,-0.0005,-0.003093392110985275,0.002093392110985275
honest,costly,1.5,all,2000,MN,12,11,restored,0.544,0.544,0.0,-0.002772551806866894,0.002772551806866894
honest,costly,1.5,all,2000,MN,13,12,restored,0.5435,0.543,-0.0005,-0.002691785062655652,0.0016917850626556518
honest,costly,1.5,all,2000,MN,14,13,restored,0.538,0.5395,0.0015,-0.0014399999999999999,0.0044399999999999995
honest,costly,1.5,all,2000,MN,15,14,restored,0.5385,0.539,0.0005,-0.002751031282870268,0.003751031282870268
honest,costly,1.5,all,2000,MN,16,15,restored,0.5345,0.533,-0.0015,-0.0044399999999999995,0.0014399999999999999
honest,costly,1.5,all,2000,MN,17,16,restored,0.5385,0.539,0.0005,-0.0020933921109852756,0.0030933921109852756
honest,costly,1.5,all,2000,MN,18,17,restored,0.546,0.5475,0.0015,-0.0014399999999999999,0.0044399999999999995
honest,costly,1.5,all,2000,MN,19,18,restored,0.5435,0.545,0.0015,-0.0010926509829824343,0.004092650982982435
honest,costly,1.5,all,2000,MN,20,19,restored,0.538,0.5405,0.0025,-9.116809104272846e-05,0.005091168091042729
honest,costly,1.5,all,2000,MN,21,20,restored,0.5395,0.5405,0.001,-0.001400700081317993,0.003400700081317993
honest,costly,1.5,all,2000,MN,22,21,restored,0.537,0.5385,0.0015,-0.0010926509829824339,0.004092650982982434
honest,costly,1.5,all,2000,MN,23,22,restored,0.5405,0.5415,0.001,-0.0017722052162277664,0.0037722052162277664
honest,costly,1.5,all,2000,MN,24,23,restored,0.539,0.54,0.001,-0.0017722052162277668,0.003772205216227767
honest,costly,1.5,all,2000,U,1,0,pre,0.638,0.638,0.0,0.0,0.0
honest,costly,1.5,all,2000,U,2,1,pre,0.5615,0.5615,0.0,0.0,0.0
honest,costly,1.5,all,2000,U,3,2,pre,0.524,0.524,0.0,0.0,0.0
honest,costly,1.5,all,2000,U,4,3,pre,0.5065,0.5065,0.0,0.0,0.0
honest,costly,1.5,all,2000,U,5,4,pre,0.4975,0.4975,0.0,0.0,0.0
honest,costly,1.5,all,2000,U,6,5,pre,0.4915,0.4915,0.0,0.0,0.0
honest,costly,1.5,all,2000,U,7,6,pre,0.479,0.479,0.0,0.0,0.0
honest,costly,1.5,all,2000,U,8,7,removed,0.47,0.0805,-0.3895,-0.41092187667316055,-0.3680781233268395
honest,costly,1.5,all,2000,U,9,8,removed,0.466,0.0595,-0.4065,-0.4280768734281282,-0.3849231265718717
honest,costly,1.5,all,2000,U,10,9,removed,0.4515,0.0555,-0.396,-0.4176180826612578,-0.37438191733874226
honest,costly,1.5,all,2000,U,11,10,restored,0.448,0.0635,-0.3845,-0.40596086513088614,-0.3630391348691139
honest,costly,1.5,all,2000,U,12,11,restored,0.444,0.068,-0.376,-0.39727940285094593,-0.3547205971490541
honest,costly,1.5,all,2000,U,13,12,restored,0.436,0.0715,-0.3645,-0.38564421837726315,-0.34335578162273683
honest,costly,1.5,all,2000,U,14,13,restored,0.433,0.0805,-0.3525,-0.37353505245336593,-0.331464947546634
honest,costly,1.5,all,2000,U,15,14,restored,0.424,0.084,-0.34,-0.36090474645175363,-0.3190952535482464
honest,costly,1.5,all,2000,U,16,15,restored,0.4115,0.085,-0.3265,-0.3472431419309753,-0.30575685806902475
honest,costly,1.5,all,2000,U,17,16,restored,0.4065,0.086,-0.3205,-0.3411447971078384,-0.2998552028921616
honest,costly,1.5,all,2000,U,18,17,restored,0.405,0.0945,-0.3105,-0.33101921321238775,-0.28998078678761224
honest,costly,1.5,all,2000,U,19,18,restored,0.4015,0.0975,-0.304,-0.3244955161020684,-0.2835044838979316
honest,costly,1.5,all,2000,U,20,19,restored,0.39,0.0965,-0.2935,-0.3138436992518476,-0.2731563007481524
honest,costly,1.5,all,2000,U,21,20,restored,0.386,0.1045,-0.2815,-0.3016013710666556,-0.26139862893334437
honest,costly,1.5,all,2000,U,22,21,restored,0.3795,0.1075,-0.272,-0.2919458078408776,-0.25205419215912245
honest,costly,1.5,all,2000,U,23,22,restored,0.3705,0.111,-0.2595,-0.2792591614202125,-0.23974083857978748
honest,costly,1.5,all,2000,U,24,23,restored,0.367,0.1185,-0.2485,-0.2680434298685137,-0.22895657013148632
honest,costly,1.5,all,2000,belief_gap,1,0,pre,0.14954826657454565,0.14954826657454565,0.0,0.0,0.0
honest,costly,1.5,all,2000,belief_gap,2,1,pre,0.1331588144104856,0.1331588144104856,0.0,0.0,0.0
honest,costly,1.5,all,2000,belief_gap,3,2,pre,0.1256595895766745,0.1256595895766745,0.0,0.0,0.0
honest,costly,1.5,all,2000,belief_gap,4,3,pre,0.1176528637818055,0.1176528637818055,0.0,0.0,0.0
honest,costly,1.5,all,2000,belief_gap,5,4,pre,0.11182364814073326,0.11182364814073326,0.0,0.0,0.0
honest,costly,1.5,all,2000,belief_gap,6,5,pre,0.10777198920875364,0.10777198920875364,0.0,0.0,0.0
honest,costly,1.5,all,2000,belief_gap,7,6,pre,0.10459075412474045,0.10459075412474045,0.0,0.0,0.0
honest,costly,1.5,all,2000,belief_gap,8,7,removed,0.10231284982819164,0.10245088307941921,0.00013803325122757745,-0.0001712764914452483,0.0004473429939004032
honest,costly,1.5,all,2000,belief_gap,9,8,removed,0.09963336078630405,0.10206992719199898,0.0024365664056949115,0.0017921830630045392,0.003080949748385284
honest,costly,1.5,all,2000,belief_gap,10,9,removed,0.0969277770811604,0.10103466585361015,0.0041068887724497695,0.0031696614846906503,0.005044116060208889
honest,costly,1.5,all,2000,belief_gap,11,10,restored,0.09504510266299758,0.10012436507965708,0.005079262416659503,0.004027177643257855,0.006131347190061151
honest,costly,1.5,all,2000,belief_gap,12,11,restored,0.09469005345597269,0.10019927116781924,0.005509217711846542,0.0043082350891888044,0.00671020033450428
honest,costly,1.5,all,2000,belief_gap,13,12,restored,0.09301924644588569,0.09887632517074067,0.00585707872485499,0.004682087178426795,0.007032070271283186
honest,costly,1.5,all,2000,belief_gap,14,13,restored,0.09181032671507892,0.09766073688948085,0.005850410174401917,0.004683354050055372,0.007017466298748462
honest,costly,1.5,all,2000,belief_gap,15,14,restored,0.09203400388553425,0.09790779458179451,0.005873790696260244,0.00465505651096396,0.0070925248815565285
honest,costly,1.5,all,2000,belief_gap,16,15,restored,0.0910760578390108,0.0968822988679977,0.005806241028986912,0.004680458444254418,0.006932023613719406
honest,costly,1.5,all,2000,belief_gap,17,16,restored,0.09027860821404358,0.0962602404008706,0.005981632186827026,0.004923947639784111,0.007039316733869941
honest,costly,1.5,all,2000,belief_gap,18,17,restored,0.08962831939950178,0.09588375540301737,0.006255436003515614,0.005234708794401244,0.0072761632126299835
honest,costly,1.5,all,2000,belief_gap,19,18,restored,0.08903755658763617,0.09569982520095253,0.006662268613316374,0.005595117399597344,0.007729419827035404
honest,costly,1.5,all,2000,belief_gap,20,19,restored,0.08825429759684464,0.09522512918593488,0.006970831589090259,0.005769218846350351,0.008172444331830167
honest,costly,1.5,all,2000,belief_gap,21,20,restored,0.08709584406948283,0.09406560841770548,0.006969764348222657,0.0057325365195206104,0.008206992176924704
honest,costly,1.5,all,2000,belief_gap,22,21,restored,0.08682707824917632,0.09395499501979694,0.007127916770620623,0.005872164973427923,0.008383668567813323
honest,costly,1.5,all,2000,belief_gap,23,22,restored,0.08587940483410986,0.09292008221903383,0.007040677384923978,0.005845129546881378,0.008236225222966577
honest,costly,1.5,all,2000,belief_gap,24,23,restored,0.0847148374551813,0.09174081020766588,0.007025972752484576,0.005761122602380053,0.008290822902589097
honest,costly,1.5,both_own,477,A_concede,1,0,pre,0.0041928721174004195,0.0041928721174004195,0.0,0.0,0.0
honest,costly,1.5,both_own,477,A_concede,2,1,pre,0.12368972746331237,0.12368972746331237,0.0,0.0,0.0
honest,costly,1.5,both_own,477,A_concede,3,2,pre,0.20545073375262055,0.20545073375262055,0.0,0.0,0.0
honest,costly,1.5,both_own,477,A_concede,4,3,pre,0.25366876310272535,0.25366876310272535,0.0,0.0,0.0
honest,costly,1.5,both_own,477,A_concede,5,4,pre,0.259958071278826,0.259958071278826,0.0,0.0,0.0
honest,costly,1.5,both_own,477,A_concede,6,5,pre,0.2746331236897275,0.2746331236897275,0.0,0.0,0.0
honest,costly,1.5,both_own,477,A_concede,7,6,pre,0.27044025157232704,0.27044025157232704,0.0,0.0,0.0
honest,costly,1.5,both_own,477,A_concede,8,7,removed,0.2809224318658281,0.2809224318658281,0.0,0.0,0.0
honest,costly,1.5,both_own,477,A_concede,9,8,removed,0.3039832285115304,0.3039832285115304,0.0,0.0,0.0
honest,costly,1.5,both_own,477,A_concede,10,9,removed,0.29350104821802936,0.2914046121593291,-0.0020964360587002098,-0.006205450733752619,0.0020125786163521994
honest,costly,1.5,both_own,477,A_concede,11,10,restored,0.2746331236897275,0.27253668763102723,-0.0020964360587002098,-0.006205450733752619,0.0020125786163521994
honest,costly,1.5,both_own,477,A_concede,12,11,restored,0.29559748427672955,0.29559748427672955,0.0,-0.005817125096023341,0.005817125096023341
honest,costly,1.5,both_own,477,A_concede,13,12,restored,0.31236897274633124,0.31236897274633124,0.0,0.0,0.0
honest,costly,1.5,both_own,477,A_concede,14,13,restored,0.31446540880503143,0.31865828092243187,0.0041928721174004195,-0.0016120449376831178,0.009997789172483958
honest,costly,1.5,both_own,477,A_concede,15,14,restored,0.31236897274633124,0.3165618448637317,0.0041928721174004195,-0.0016120449376831178,0.009997789172483958
honest,costly,1.5,both_own,477,A_concede,16,15,restored,0.3018867924528302,0.3039832285115304,0.0020964360587002098,-0.005025568292785445,0.009218440410185866
honest,costly,1.5,both_own,477,A_concede,17,16,restored,0.3081761006289308,0.31027253668763105,0.0020964360587002098,-0.005025568292785445,0.009218440410185866
honest,costly,1.5,both_own,477,A_concede,18,17,restored,0.29979035639413,0.3039832285115304,0.0041928721174004195,-0.0016120449376831178,0.009997789172483958
honest,costly,1.5,both_own,477,A_concede,19,18,restored,0.3060796645702306,0.3081761006289308,0.0020964360587002098,-0.005025568292785445,0.009218440410185866
honest,costly,1.5,both_own,477,A_concede,20,19,restored,0.32075471698113206,0.3228511530398323,0.0020964360587002098,-0.0020125786163522003,0.00620545073375262
honest,costly,1.5,both_own,477,A_concede,21,20,restored,0.29350104821802936,0.29559748427672955,0.0020964360587002098,-0.0020125786163522003,0.00620545073375262
honest,costly,1.5,both_own,477,A_concede,22,21,restored,0.31236897274633124,0.31446540880503143,0.0020964360587002098,-0.005025568292785445,0.009218440410185866
honest,costly,1.5,both_own,477,A_concede,23,22,restored,0.3018867924528302,0.3060796645702306,0.0041928721174004195,-0.0016120449376831178,0.009997789172483958
honest,costly,1.5,both_own,477,A_concede,24,23,restored,0.31446540880503143,0.3165618448637317,0.0020964360587002098,-0.005025568292785445,0.009218440410185866
honest,costly,1.5,both_own,477,B_concede,1,0,pre,0.0,0.0,0.0,0.0,0.0
honest,costly,1.5,both_own,477,B_concede,2,1,pre,0.0,0.0,0.0,0.0,0.0
honest,costly,1.5,both_own,477,B_concede,3,2,pre,0.0,0.0,0.0,0.0,0.0
honest,costly,1.5,both_own,477,B_concede,4,3,pre,0.0,0.0,0.0,0.0,0.0
honest,costly,1.5,both_own,477,B_concede,5,4,pre,0.0,0.0,0.0,0.0,0.0
honest,costly,1.5,both_own,477,B_concede,6,5,pre,0.0,0.0,0.0,0.0,0.0
honest,costly,1.5,both_own,477,B_concede,7,6,pre,0.0,0.0,0.0,0.0,0.0
honest,costly,1.5,both_own,477,B_concede,8,7,removed,0.0020964360587002098,0.33962264150943394,0.33752620545073375,0.2950456002520223,0.3800068106494452
honest,costly,1.5,both_own,477,B_concede,9,8,removed,0.0,0.350104821802935,0.350104821802935,0.30725260450982633,0.3929570390960437
honest,costly,1.5,both_own,477,B_concede,10,9,removed,0.0,0.36268343815513626,0.36268343815513626,0.3194923585989607,0.40587451771131183
honest,costly,1.5,both_own,477,B_concede,11,10,restored,0.0041928721174004195,0.0041928721174004195,0.0,-0.005817125096023341,0.005817125096023341
honest,costly,1.5,both_own,477,B_concede,12,11,restored,0.006289308176100629,0.006289308176100629,0.0,-0.005817125096023341,0.005817125096023341
honest,costly,1.5,both_own,477,B_concede,13,12,restored,0.0020964360587002098,0.0041928721174004195,0.0020964360587002098,-0.0020125786163522003,0.00620545073375262
honest,costly,1.5,both_own,477,B_concede,14,13,restored,0.006289308176100629,0.0020964360587002098,-0.0041928721174004195,-0.009997789172483958,0.0016120449376831178
honest,costly,1.5,both_own,477,B_concede,15,14,restored,0.0041928721174004195,0.0041928721174004195,0.0,-0.005817125096023341,0.005817125096023341
honest,costly,1.5,both_own,477,B_concede,16,15,restored,0.006289308176100629,0.008385744234800839,0.0020964360587002098,-0.0020125786163521994,0.006205450733752619
honest,costly,1.5,both_own,477,B_concede,17,16,restored,0.0020964360587002098,0.0020964360587002098,0.0,0.0,0.0
honest,costly,1.5,both_own,477,B_concede,18,17,restored,0.008385744234800839,0.0041928721174004195,-0.0041928721174004195,-0.009997789172483958,0.0016120449376831178
honest,costly,1.5,both_own,477,B_concede,19,18,restored,0.0041928721174004195,0.0020964360587002098,-0.0020964360587002098,-0.00620545073375262,0.0020125786163522003
honest,costly,1.5,both_own,477,B_concede,20,19,restored,0.006289308176100629,0.006289308176100629,0.0,0.0,0.0
honest,costly,1.5,both_own,477,B_concede,21,20,restored,0.010482180293501049,0.012578616352201259,0.0020964360587002098,-0.0020125786163521994,0.006205450733752619
honest,costly,1.5,both_own,477,B_concede,22,21,restored,0.0041928721174004195,0.0,-0.0041928721174004195,-0.009997789172483958,0.0016120449376831178
honest,costly,1.5,both_own,477,B_concede,23,22,restored,0.0041928721174004195,0.0,-0.0041928721174004195,-0.009997789172483956,0.001612044937683117
honest,costly,1.5,both_own,477,B_concede,24,23,restored,0.006289308176100629,0.0041928721174004195,-0.0020964360587002098,-0.00620545073375262,0.0020125786163522003
honest,costly,1.5,both_own,477,any_concede,1,0,pre,0.0041928721174004195,0.0041928721174004195,0.0,0.0,0.0
honest,costly,1.5,both_own,477,any_concede,2,1,pre,0.12368972746331237,0.12368972746331237,0.0,0.0,0.0
honest,costly,1.5,both_own,477,any_concede,3,2,pre,0.20545073375262055,0.20545073375262055,0.0,0.0,0.0
honest,costly,1.5,both_own,477,any_concede,4,3,pre,0.25366876310272535,0.25366876310272535,0.0,0.0,0.0
honest,costly,1.5,both_own,477,any_concede,5,4,pre,0.259958071278826,0.259958071278826,0.0,0.0,0.0
honest,costly,1.5,both_own,477,any_concede,6,5,pre,0.2746331236897275,0.2746331236897275,0.0,0.0,0.0
honest,costly,1.5,both_own,477,any_concede,7,6,pre,0.27044025157232704,0.27044025157232704,0.0,0.0,0.0
honest,costly,1.5,both_own,477,any_concede,8,7,removed,0.2830188679245283,0.6205450733752621,0.33752620545073375,0.2950456002520223,0.3800068106494452
honest,costly,1.5,both_own,477,any_concede,9,8,removed,0.3039832285115304,0.6540880503144654,0.350104821802935,0.30725260450982633,0.3929570390960437
honest,costly,1.5,both_own,477,any_concede,10,9,removed,0.29350104821802936,0.6519916142557652,0.3584905660377358,0.31501789507946504,0.4019632369960066
honest,costly,1.5,both_own,477,any_concede,11,10,restored,0.27882599580712786,0.27672955974842767,-0.0020964360587002098,-0.009218440410185866,0.005025568292785445
honest,costly,1.5,both_own,477,any_concede,12,11,restored,0.3018867924528302,0.3018867924528302,0.0,-0.0082266572048171,0.0082266572048171
honest,costly,1.5,both_own,477,any_concede,13,12,restored,0.31446540880503143,0.3165618448637317,0.0020964360587002098,-0.0020125786163522003,0.00620545073375262
honest,costly,1.5,both_own,477,any_concede,14,13,restored,0.32075471698113206,0.32075471698113206,0.0,-0.0082266572048171,0.0082266572048171
honest,costly,1.5,both_own,477,any_concede,15,14,restored,0.3165618448637317,0.32075471698113206,0.0041928721174004195,-0.004025157232704404,0.012410901467505243
honest,costly,1.5,both_own,477,any_concede,16,15,restored,0.3081761006289308,0.31236897274633124,0.0041928721174004195,-0.004025157232704404,0.012410901467505243
honest,costly,1.5,both_own,477,any_concede,17,16,restored,0.31027253668763105,0.31236897274633124,0.0020964360587002098,-0.005025568292785445,0.009218440410185866
honest,costly,1.5,both_own,477,any_concede,18,17,restored,0.3081761006289308,0.3081761006289308,0.0,-0.0082266572048171,0.0082266572048171
honest,costly,1.5,both_own,477,any_concede,19,18,restored,0.31027253668763105,0.31027253668763105,0.0,-0.0082266572048171,0.0082266572048171
honest,costly,1.5,both_own,477,any_concede,20,19,restored,0.3270440251572327,0.32914046121593293,0.0020964360587002098,-0.0020125786163522003,0.00620545073375262
honest,costly,1.5,both_own,477,any_concede,21,20,restored,0.3039832285115304,0.3081761006289308,0.0041928721174004195,-0.0016120449376831178,0.009997789172483958
honest,costly,1.5,both_own,477,any_concede,22,21,restored,0.3165618448637317,0.31446540880503143,-0.0020964360587002098,-0.011292189990019007,0.007099317872618588
honest,costly,1.5,both_own,477,any_concede,23,22,restored,0.3060796645702306,0.3060796645702306,0.0,-0.0082266572048171,0.0082266572048171
honest,costly,1.5,both_own,477,any_concede,24,23,restored,0.32075471698113206,0.32075471698113206,0.0,-0.0082266572048171,0.0082266572048171
honest,costly,1.5,both_own,477,MN,1,0,pre,0.9958071278825996,0.9958071278825996,0.0,0.0,0.0
honest,costly,1.5,both_own,477,MN,2,1,pre,0.8763102725366876,0.8763102725366876,0.0,0.0,0.0
honest,costly,1.5,both_own,477,MN,3,2,pre,0.7945492662473794,0.7945492662473794,0.0,0.0,0.0
honest,costly,1.5,both_own,477,MN,4,3,pre,0.7463312368972747,0.7463312368972747,0.0,0.0,0.0
honest,costly,1.5,both_own,477,MN,5,4,pre,0.740041928721174,0.740041928721174,0.0,0.0,0.0
honest,costly,1.5,both_own,477,MN,6,5,pre,0.7253668763102725,0.7253668763102725,0.0,0.0,0.0
honest,costly,1.5,both_own,477,MN,7,6,pre,0.7295597484276729,0.7295597484276729,0.0,0.0,0.0
honest,costly,1.5,both_own,477,MN,8,7,removed,0.7169811320754716,0.37945492662473795,-0.33752620545073375,-0.3800068106494452,-0.2950456002520223
honest,costly,1.5,both_own,477,MN,9,8,removed,0.6960167714884696,0.34591194968553457,-0.350104821802935,-0.3929570390960437,-0.30725260450982633
honest,costly,1.5,both_own,477,MN,10,9,removed,0.7064989517819706,0.3480083857442348,-0.3584905660377358,-0.4019632369960066,-0.31501789507946504
honest,costly,1.5,both_own,477,MN,11,10,restored,0.7211740041928721,0.7232704402515723,0.0020964360587002098,-0.005025568292785445,0.009218440410185866
honest,costly,1.5,both_own,477,MN,12,11,restored,0.6981132075471698,0.6981132075471698,0.0,-0.0082266572048171,0.0082266572048171
honest,costly,1.5,both_own,477,MN,13,12,restored,0.6855345911949685,0.6834381551362684,-0.0020964360587002098,-0.00620545073375262,0.0020125786163522003
honest,costly,1.5,both_own,477,MN,14,13,restored,0.6792452830188679,0.6792452830188679,0.0,-0.0082266572048171,0.0082266572048171
honest,costly,1.5,both_own,477,MN,15,14,restored,0.6834381551362684,0.6792452830188679,-0.0041928721174004195,-0.012410901467505243,0.004025157232704404
honest,costly,1.5,both_own,477,MN,16,15,restored,0.6918238993710691,0.6876310272536688,-0.0041928721174004195,-0.012410901467505243,0.004025157232704404
honest,costly,1.5,both_own,477,MN,17,16,restored,0.689727463312369,0.6876310272536688,-0.0020964360587002098,-0.009218440410185866,0.005025568292785445
honest,costly,1.5,both_own,477,MN,18,17,restored,0.6918238993710691,0.6918238993710691,0.0,-0.0082266572048171,0.0082266572048171
honest,costly,1.5,both_own,477,MN,19,18,restored,0.689727463312369,0.689727463312369,0.0,-0.0082266572048171,0.0082266572048171
honest,costly,1.5,both_own,477,MN,20,19,restored,0.6729559748427673,0.6708595387840671,-0.0020964360587002098,-0.00620545073375262,0.0020125786163522003
honest,costly,1.5,both_own,477,MN,21,20,restored,0.6960167714884696,0.6918238993710691,-0.0041928721174004195,-0.009997789172483958,0.0016120449376831178
honest,costly,1.5,both_own,477,MN,22,21,restored,0.6834381551362684,0.6855345911949685,0.0020964360587002098,-0.007099317872618588,0.011292189990019007
honest,costly,1.5,both_own,477,MN,23,22,restored,0.6939203354297694,0.6939203354297694,0.0,-0.0082266572048171,0.0082266572048171
honest,costly,1.5,both_own,477,MN,24,23,restored,0.6792452830188679,0.6792452830188679,0.0,-0.0082266572048171,0.0082266572048171
honest,costly,1.5,both_own,477,U,1,0,pre,0.9958071278825996,0.9958071278825996,0.0,0.0,0.0
honest,costly,1.5,both_own,477,U,2,1,pre,0.8742138364779874,0.8742138364779874,0.0,0.0,0.0
honest,costly,1.5,both_own,477,U,3,2,pre,0.7421383647798742,0.7421383647798742,0.0,0.0,0.0
honest,costly,1.5,both_own,477,U,4,3,pre,0.6855345911949685,0.6855345911949685,0.0,0.0,0.0
honest,costly,1.5,both_own,477,U,5,4,pre,0.6645702306079665,0.6645702306079665,0.0,0.0,0.0
honest,costly,1.5,both_own,477,U,6,5,pre,0.660377358490566,0.660377358490566,0.0,0.0,0.0
honest,costly,1.5,both_own,477,U,7,6,pre,0.6519916142557652,0.6519916142557652,0.0,0.0,0.0
honest,costly,1.5,both_own,477,U,8,7,removed,0.6415094339622641,0.3039832285115304,-0.33752620545073375,-0.3800068106494452,-0.2950456002520223
honest,costly,1.5,both_own,477,U,9,8,removed,0.6352201257861635,0.2431865828092243,-0.3920335429769392,-0.4358920676017197,-0.3481750183521587
honest,costly,1.5,both_own,477,U,10,9,removed,0.6205450733752621,0.22431865828092243,-0.39622641509433965,-0.44093002938368414,-0.35152280080499515
honest,costly,1.5,both_own,477,U,11,10,restored,0.6268343815513627,0.2578616352201258,-0.3689727463312369,-0.41309493971695155,-0.32485055294552223
honest,costly,1.5,both_own,477,U,12,11,restored,0.6226415094339622,0.259958071278826,-0.36268343815513626,-0.40587451771131183,-0.3194923585989607
honest,costly,1.5,both_own,477,U,13,12,restored,0.610062893081761,0.2746331236897275,-0.33542976939203356,-0.37784519589890464,-0.2930143428851625
honest,costly,1.5,both_own,477,U,14,13,restored,0.6163522012578616,0.3039832285115304,-0.31236897274633124,-0.3544089263247163,-0.27032901916794616
honest,costly,1.5,both_own,477,U,15,14,restored,0.5974842767295597,0.3060796645702306,-0.2914046121593291,-0.3330478255696643,-0.24976139874899395
honest,costly,1.5,both_own,477,U,16,15,restored,0.5911949685534591,0.31236897274633124,-0.27882599580712786,-0.32035149809016067,-0.23730049352409505
honest,costly,1.5,both_own,477,U,17,16,restored,0.5807127882599581,0.3060796645702306,-0.2746331236897275,-0.3159762835573305,-0.2332899638221245
honest,costly,1.5,both_own,477,U,18,17,restored,0.5807127882599581,0.3270440251572327,-0.25366876310272535,-0.2944521786184652,-0.2128853475869855
honest,costly,1.5,both_own,477,U,19,18,restored,0.5765199161425576,0.33752620545073375,-0.2389937106918239,-0.2798700814667726,-0.19811733991687522
honest,costly,1.5,both_own,477,U,20,19,restored,0.559748427672956,0.3270440251572327,-0.23270440251572327,-0.2732514359520222,-0.19215736907942432
honest,costly,1.5,both_own,477,U,21,20,restored,0.5681341719077568,0.3480083857442348,-0.22012578616352202,-0.25998196478170715,-0.18026960754533689
honest,costly,1.5,both_own,477,U,22,21,restored,0.559748427672956,0.35429769392033544,-0.20545073375262055,-0.2444440970259155,-0.1664573704793256
honest,costly,1.5,both_own,477,U,23,22,restored,0.5576519916142557,0.3584905660377358,-0.19916142557651992,-0.23776532998168567,-0.16055752117135416
honest,costly,1.5,both_own,477,U,24,23,restored,0.559748427672956,0.3710691823899371,-0.18867924528301888,-0.22660646995860922,-0.15075202060742854
honest,costly,1.5,both_own,477,belief_gap,1,0,pre,0.43863653532162644,0.43863653532162644,0.0,0.0,0.0
honest,costly,1.5,both_own,477,belief_gap,2,1,pre,0.39553692954597863,0.39553692954597863,0.0,0.0,0.0
honest,costly,1.5,both_own,477,belief_gap,3,2,pre,0.3706206293008942,0.3706206293008942,0.0,0.0,0.0
honest,costly,1.5,both_own,477,belief_gap,4,3,pre,0.34330955715006906,0.34330955715006906,0.0,0.0,0.0
honest,costly,1.5,both_own,477,belief_gap,5,4,pre,0.3221494782148093,0.3221494782148093,0.0,0.0,0.0
honest,costly,1.5,both_own,477,belief_gap,6,5,pre,0.3072437505302377,0.3072437505302377,0.0,0.0,0.0
honest,costly,1.5,both_own,477,belief_gap,7,6,pre,0.2960820578464218,0.2960820578464218,0.0,0.0,0.0
honest,costly,1.5,both_own,477,belief_gap,8,7,removed,0.2867700373029786,0.2848685010316918,-0.0019015362712868132,-0.002581561653333459,-0.0012215108892401675
honest,costly,1.5,both_own,477,belief_gap,9,8,removed,0.2767615717621354,0.276516395612849,-0.00024517614928636967,-0.0014397531952149054,0.0009494008966421661
honest,costly,1.5,both_own,477,belief_gap,10,9,removed,0.26821653793940053,0.2718846856458486,0.003668147706448112,0.0009447650602553161,0.006391530352640907
honest,costly,1.5,both_own,477,belief_gap,11,10,restored,0.26205422479294116,0.2699783466163331,0.007924121823391922,0.004454934429684806,0.011393309217099037
honest,costly,1.5,both_own,477,belief_gap,12,11,restored,0.2612970858707779,0.2712896324788078,0.009992546608029914,0.005748095748910614,0.014236997467149215
honest,costly,1.5,both_own,477,belief_gap,13,12,restored,0.25552174950407114,0.26739481263073855,0.011873063126667447,0.00798585153274848,0.015760274720586415
honest,costly,1.5,both_own,477,belief_gap,14,13,restored,0.2509058535140707,0.2633096075200921,0.012403754006021355,0.008560783034289787,0.016246724977752924
honest,costly,1.5,both_own,477,belief_gap,15,14,restored,0.25280187784417213,0.26558805567651494,0.0127861778323428,0.00864731736112717,0.016925038303558432
honest,costly,1.5,both_own,477,belief_gap,16,15,restored,0.24909283260772913,0.2623904162538088,0.013297583646079678,0.009669622470602192,0.016925544821557163
honest,costly,1.5,both_own,477,belief_gap,17,16,restored,0.24623390641030304,0.26087980343477835,0.014645897024475328,0.011298171029764785,0.01799362301918587
honest,costly,1.5,both_own,477,belief_gap,18,17,restored,0.2448463887232152,0.26061444995661887,0.01576806123340367,0.012248238512526873,0.01928788395428047
honest,costly,1.5,both_own,477,belief_gap,19,18,restored,0.24336811355247392,0.26076967986306954,0.017401566310595563,0.013614065013247545,0.02118906760794358
honest,costly,1.5,both_own,477,belief_gap,20,19,restored,0.2411892325007032,0.25922422947421836,0.018034996973515165,0.013607404198025034,0.022462589749005297
honest,costly,1.5,both_own,477,belief_gap,21,20,restored,0.23702962137325662,0.254905327929794,0.01787570655653742,0.01331046869468612,0.022440944418388717
honest,costly,1.5,both_own,477,belief_gap,22,21,restored,0.23636419517084598,0.25475491733438677,0.018390722163540825,0.013799433098853578,0.022982011228228072
honest,costly,1.5,both_own,477,belief_gap,23,22,restored,0.23295466339104176,0.2512683006834982,0.01831363729245641,0.014059575269137536,0.022567699315775284
honest,costly,1.5,both_own,477,belief_gap,24,23,restored,0.22866212911954215,0.2468147237979069,0.018152594678364723,0.01360916357801004,0.022696025778719407
honest,mixed,1.5,all,2000,A_concede,1,0,pre,0.354,0.354,0.0,0.0,0.0
honest,mixed,1.5,all,2000,A_concede,2,1,pre,0.407,0.407,0.0,0.0,0.0
honest,mixed,1.5,all,2000,A_concede,3,2,pre,0.4245,0.4245,0.0,0.0,0.0
honest,mixed,1.5,all,2000,A_concede,4,3,pre,0.4345,0.4345,0.0,0.0,0.0
honest,mixed,1.5,all,2000,A_concede,5,4,pre,0.4395,0.4395,0.0,0.0,0.0
honest,mixed,1.5,all,2000,A_concede,6,5,pre,0.4425,0.4425,0.0,0.0,0.0
honest,mixed,1.5,all,2000,A_concede,7,6,pre,0.439,0.439,0.0,0.0,0.0
honest,mixed,1.5,all,2000,A_concede,8,7,removed,0.4425,0.4425,0.0,0.0,0.0
honest,mixed,1.5,all,2000,A_concede,9,8,removed,0.45,0.45,0.0,0.0,0.0
honest,mixed,1.5,all,2000,A_concede,10,9,removed,0.442,0.4415,-0.0005,-0.00148,0.00047999999999999996
honest,mixed,1.5,all,2000,A_concede,11,10,restored,0.4455,0.445,-0.0005,-0.002197692810976185,0.001197692810976185
honest,mixed,1.5,all,2000,A_concede,12,11,restored,0.4495,0.4495,0.0,0.0,0.0
honest,mixed,1.5,all,2000,A_concede,13,12,restored,0.448,0.4485,0.0005,-0.00047999999999999996,0.00148
honest,mixed,1.5,all,2000,A_concede,14,13,restored,0.4495,0.4495,0.0,0.0,0.0
honest,mixed,1.5,all,2000,A_concede,15,14,restored,0.4475,0.4475,0.0,0.0,0.0
honest,mixed,1.5,all,2000,A_concede,16,15,restored,0.4455,0.445,-0.0005,-0.00148,0.00047999999999999996
honest,mixed,1.5,all,2000,A_concede,17,16,restored,0.4495,0.449,-0.0005,-0.00148,0.00047999999999999996
honest,mixed,1.5,all,2000,A_concede,18,17,restored,0.4445,0.445,0.0005,-0.00047999999999999996,0.00148
honest,mixed,1.5,all,2000,A_concede,19,18,restored,0.451,0.451,0.0,-0.001386275903433447,0.001386275903433447
honest,mixed,1.5,all,2000,A_concede,20,19,restored,0.452,0.452,0.0,0.0,0.0
honest,mixed,1.5,all,2000,A_concede,21,20,restored,0.4465,0.4465,0.0,-0.001386275903433447,0.001386275903433447
honest,mixed,1.5,all,2000,A_concede,22,21,restored,0.4535,0.4545,0.001,-0.0009599999999999995,0.0029599999999999995
honest,mixed,1.5,all,2000,A_concede,23,22,restored,0.448,0.4485,0.0005,-0.00047999999999999996,0.00148
honest,mixed,1.5,all,2000,A_concede,24,23,restored,0.4505,0.453,0.0025,0.0003108469227580731,0.004689153077241927
honest,mixed,1.5,all,2000,B_concede,1,0,pre,0.1385,0.1385,0.0,0.0,0.0
honest,mixed,1.5,all,2000,B_concede,2,1,pre,0.1525,0.1525,0.0,0.0,0.0
honest,mixed,1.5,all,2000,B_concede,3,2,pre,0.1405,0.1405,0.0,0.0,0.0
honest,mixed,1.5,all,2000,B_concede,4,3,pre,0.152,0.152,0.0,0.0,0.0
honest,mixed,1.5,all,2000,B_concede,5,4,pre,0.156,0.156,0.0,0.0,0.0
honest,mixed,1.5,all,2000,B_concede,6,5,pre,0.1505,0.1505,0.0,0.0,0.0
honest,mixed,1.5,all,2000,B_concede,7,6,pre,0.165,0.165,0.0,0.0,0.0
honest,mixed,1.5,all,2000,B_concede,8,7,removed,0.1655,0.4145,0.249,0.23004301282161532,0.2679569871783847
honest,mixed,1.5,all,2000,B_concede,9,8,removed,0.1675,0.412,0.2445,0.2256588962798169,0.2633411037201831
honest,mixed,1.5,all,2000,B_concede,10,9,removed,0.162,0.419,0.257,0.23784374353165683,0.2761562564683432
honest,mixed,1.5,all,2000,B_concede,11,10,restored,0.1615,0.1625,0.001,-0.0026674792981284975,0.004667479298128498
honest,mixed,1.5,all,2000,B_concede,12,11,restored,0.1645,0.165,0.0005,-0.0024406535875143276,0.0034406535875143277
honest,mixed,1.5,all,2000,B_concede,13,12,restored,0.1595,0.1585,-0.001,-0.003400700081317993,0.001400700081317993
honest,mixed,1.5,all,2000,B_concede,14,13,restored,0.1625,0.1625,0.0,-0.002401100298055177,0.002401100298055177
honest,mixed,1.5,all,2000,B_concede,15,14,restored,0.161,0.1605,-0.0005,-0.002691785062655652,0.0016917850626556518
honest,mixed,1.5,all,2000,B_concede,16,15,restored,0.159,0.1555,-0.0035,-0.007770033582232896,0.0007700335822328967
honest,mixed,1.5,all,2000,B_concede,17,16,restored,0.1595,0.159,-0.0005,-0.003093392110985275,0.002093392110985275
honest,mixed,1.5,all,2000,B_concede,18,17,restored,0.161,0.162,0.001,-0.0023953856219523693,0.00439538562195237
honest,mixed,1.5,all,2000,B_concede,19,18,restored,0.158,0.158,0.0,-0.002401100298055177,0.002401100298055177
honest,mixed,1.5,all,2000,B_concede,20,19,restored,0.1655,0.1635,-0.002,-0.0043994990305892805,0.00039949903058928045
honest,mixed,1.5,all,2000,B_concede,21,20,restored,0.155,0.15,-0.005,-0.00915304754390688,-0.0008469524560931196
honest,mixed,1.5,all,2000,B_concede,22,21,restored,0.1575,0.156,-0.0015,-0.005033712178556771,0.0020337121785567714
honest,mixed,1.5,all,2000,B_concede,23,22,restored,0.154,0.1525,-0.0015,-0.005033712178556771,0.0020337121785567714
honest,mixed,1.5,all,2000,B_concede,24,23,restored,0.161,0.1595,-0.0015,-0.0044399999999999995,0.0014399999999999999
honest,mixed,1.5,all,2000,any_concede,1,0,pre,0.4895,0.4895,0.0,0.0,0.0
honest,mixed,1.5,all,2000,any_concede,2,1,pre,0.559,0.559,0.0,0.0,0.0
honest,mixed,1.5,all,2000,any_concede,3,2,pre,0.565,0.565,0.0,0.0,0.0
honest,mixed,1.5,all,2000,any_concede,4,3,pre,0.5865,0.5865,0.0,0.0,0.0
honest,mixed,1.5,all,2000,any_concede,5,4,pre,0.5955,0.5955,0.0,0.0,0.0
honest,mixed,1.5,all,2000,any_concede,6,5,pre,0.593,0.593,0.0,0.0,0.0
honest,mixed,1.5,all,2000,any_concede,7,6,pre,0.604,0.604,0.0,0.0,0.0
honest,mixed,1.5,all,2000,any_concede,8,7,removed,0.608,0.856,0.248,0.22906852575316494,0.26693147424683505
honest,mixed,1.5,all,2000,any_concede,9,8,removed,0.6175,0.861,0.2435,0.2246850259680245,0.26231497403197546
honest,mixed,1.5,all,2000,any_concede,10,9,removed,0.604,0.86,0.256,0.23681802864112747,0.27518197135887257
honest,mixed,1.5,all,2000,any_concede,11,10,restored,0.607,0.6075,0.0005,-0.0032964096411058626,0.004296409641105862
honest,mixed,1.5,all,2000,any_concede,12,11,restored,0.614,0.6145,0.0005,-0.0024406535875143276,0.0034406535875143277
honest,mixed,1.5,all,2000,any_concede,13,12,restored,0.6075,0.607,-0.0005,-0.003093392110985275,0.002093392110985275
honest,mixed,1.5,all,2000,any_concede,14,13,restored,0.612,0.612,0.0,-0.002401100298055177,0.002401100298055177
honest,mixed,1.5,all,2000,any_concede,15,14,restored,0.6085,0.608,-0.0005,-0.002691785062655652,0.0016917850626556518
honest,mixed,1.5,all,2000,any_concede,16,15,restored,0.6045,0.6005,-0.004,-0.008380280884865166,0.0003802808848651657
honest,mixed,1.5,all,2000,any_concede,17,16,restored,0.609,0.608,-0.001,-0.0037722052162277664,0.0017722052162277664
honest,mixed,1.5,all,2000,any_concede,18,17,restored,0.6055,0.607,0.0015,-0.0020337121785567714,0.005033712178556771
honest,mixed,1.5,all,2000,any_concede,19,18,restored,0.609,0.609,0.0,-0.002772551806866894,0.002772551806866894
honest,mixed,1.5,all,2000,any_concede,20,19,restored,0.617,0.615,-0.002,-0.0043994990305892805,0.00039949903058928045
honest,mixed,1.5,all,2000,any_concede,21,20,restored,0.6015,0.5965,-0.005,-0.009378306154483854,-0.0006216938455161462
honest,mixed,1.5,all,2000,any_concede,22,21,restored,0.611,0.61,-0.001,-0.004920735298721569,0.002920735298721569
honest,mixed,1.5,all,2000,any_concede,23,22,restored,0.602,0.601,-0.001,-0.004667479298128498,0.002667479298128498
honest,mixed,1.5,all,2000,any_concede,24,23,restored,0.6115,0.6125,0.001,-0.0026674792981284975,0.004667479298128498
honest,mixed,1.5,all,2000,MN,1,0,pre,0.5105,0.5105,0.0,0.0,0.0
honest,mixed,1.5,all,2000,MN,2,1,pre,0.441,0.441,0.0,0.0,0.0
honest,mixed,1.5,all,2000,MN,3,2,pre,0.435,0.435,0.0,0.0,0.0
honest,mixed,1.5,all,2000,MN,4,3,pre,0.4135,0.4135,0.0,0.0,0.0
honest,mixed,1.5,all,2000,MN,5,4,pre,0.4045,0.4045,0.0,0.0,0.0
honest,mixed,1.5,all,2000,MN,6,5,pre,0.407,0.407,0.0,0.0,0.0
honest,mixed,1.5,all,2000,MN,7,6,pre,0.396,0.396,0.0,0.0,0.0
honest,mixed,1.5,all,2000,MN,8,7,removed,0.392,0.144,-0.248,-0.26693147424683505,-0.22906852575316494
honest,mixed,1.5,all,2000,MN,9,8,removed,0.3825,0.139,-0.2435,-0.26231497403197546,-0.2246850259680245
honest,mixed,1.5,all,2000,MN,10,9,removed,0.396,0.14,-0.256,-0.27518197135887257,-0.23681802864112747
honest,mixed,1.5,all,2000,MN,11,10,restored,0.393,0.3925,-0.0005,-0.004296409641105862,0.0032964096411058626
honest,mixed,1.5,all,2000,MN,12,11,restored,0.386,0.3855,-0.0005,-0.0034406535875143277,0.0024406535875143276
honest,mixed,1.5,all,2000,MN,13,12,restored,0.3925,0.393,0.0005,-0.002093392110985275,0.003093392110985275
honest,mixed,1.5,all,2000,MN,14,13,restored,0.388,0.388,0.0,-0.002401100298055177,0.002401100298055177
honest,mixed,1.5,all,2000,MN,15,14,restored,0.3915,0.392,0.0005,-0.0016917850626556518,0.002691785062655652
honest,mixed,1.5,all,2000,MN,16,15,restored,0.3955,0.3995,0.004,-0.0003802808848651657,0.008380280884865166
honest,mixed,1.5,all,2000,MN,17,16,restored,0.391,0.392,0.001,-0.0017722052162277664,0.0037722052162277664
honest,mixed,1.5,all,2000,MN,18,17,restored,0.3945,0.393,-0.0015,-0.005033712178556771,0.0020337121785567714
honest,mixed,1.5,all,2000,MN,19,18,restored,0.391,0.391,0.0,-0.002772551806866894,0.002772551806866894
honest,mixed,1.5,all,2000,MN,20,19,restored,0.383,0.385,0.002,-0.00039949903058928045,0.0043994990305892805
honest,mixed,1.5,all,2000,MN,21,20,restored,0.3985,0.4035,0.005,0.0006216938455161462,0.009378306154483854
honest,mixed,1.5,all,2000,MN,22,21,restored,0.389,0.39,0.001,-0.002920735298721569,0.004920735298721569
honest,mixed,1.5,all,2000,MN,23,22,restored,0.398,0.399,0.001,-0.002667479298128498,0.004667479298128498
honest,mixed,1.5,all,2000,MN,24,23,restored,0.3885,0.3875,-0.001,-0.004667479298128498,0.0026674792981284975
honest,mixed,1.5,all,2000,U,1,0,pre,0.5135,0.5135,0.0,0.0,0.0
honest,mixed,1.5,all,2000,U,2,1,pre,0.364,0.364,0.0,0.0,0.0
honest,mixed,1.5,all,2000,U,3,2,pre,0.284,0.284,0.0,0.0,0.0
honest,mixed,1.5,all,2000,U,4,3,pre,0.2365,0.2365,0.0,0.0,0.0
honest,mixed,1.5,all,2000,U,5,4,pre,0.206,0.206,0.0,0.0,0.0
honest,mixed,1.5,all,2000,U,6,5,pre,0.1945,0.1945,0.0,0.0,0.0
honest,mixed,1.5,all,2000,U,7,6,pre,0.1785,0.1785,0.0,0.0,0.0
honest,mixed,1.5,all,2000,U,8,7,removed,0.1685,0.1055,-0.063,-0.07382991173990569,-0.05217008826009431
honest,mixed,1.5,all,2000,U,9,8,removed,0.1595,0.0875,-0.072,-0.08349990855391355,-0.06050009144608644
honest,mixed,1.5,all,2000,U,10,9,removed,0.154,0.0745,-0.0795,-0.09167871193156961,-0.0673212880684304
honest,mixed,1.5,all,2000,U,11,10,restored,0.149,0.0895,-0.0595,-0.07005389881466062,-0.04894610118533937
honest,mixed,1.5,all,2000,U,12,11,restored,0.1435,0.093,-0.0505,-0.06029752394933378,-0.04070247605066623
honest,mixed,1.5,all,2000,U,13,12,restored,0.138,0.099,-0.039,-0.047928198001824324,-0.030071801998175676
honest,mixed,1.5,all,2000,U,14,13,restored,0.1425,0.1115,-0.031,-0.0390879427921632,-0.022912057207836803
honest,mixed,1.5,all,2000,U,15,14,restored,0.1415,0.1165,-0.025,-0.032640254363787355,-0.017359745636212648
honest,mixed,1.5,all,2000,U,16,15,restored,0.137,0.1165,-0.0205,-0.02859278260953441,-0.012407217390465592
honest,mixed,1.5,all,2000,U,17,16,restored,0.131,0.114,-0.017,-0.02455628463722479,-0.009443715362775213
honest,mixed,1.5,all,2000,U,18,17,restored,0.132,0.117,-0.015,-0.02203799592876741,-0.007962004071232587
honest,mixed,1.5,all,2000,U,19,18,restored,0.128,0.114,-0.014,-0.020763549068203692,-0.00723645093179631
honest,mixed,1.5,all,2000,U,20,19,restored,0.1225,0.1115,-0.011,-0.01763083457670238,-0.004369165423297622
honest,mixed,1.5,all,2000,U,21,20,restored,0.122,0.1175,-0.0045,-0.01163356486434636,0.0026335648643463615
honest,mixed,1.5,all,2000,U,22,21,restored,0.1215,0.1195,-0.002,-0.009334958596256996,0.005334958596256995
honest,mixed,1.5,all,2000,U,23,22,restored,0.117,0.1165,-0.0005,-0.007769659123499941,0.006769659123499942
honest,mixed,1.5,all,2000,U,24,23,restored,0.1175,0.1175,0.0,-0.007465324208148389,0.007465324208148389
honest,mixed,1.5,all,2000,belief_gap,1,0,pre,0.16914196479104915,0.16914196479104915,0.0,0.0,0.0
honest,mixed,1.5,all,2000,belief_gap,2,1,pre,0.15556144798071397,0.15556144798071397,0.0,0.0,0.0
honest,mixed,1.5,all,2000,belief_gap,3,2,pre,0.14853742429840638,0.14853742429840638,0.0,0.0,0.0
honest,mixed,1.5,all,2000,belief_gap,4,3,pre,0.14260346148600764,0.14260346148600764,0.0,0.0,0.0
honest,mixed,1.5,all,2000,belief_gap,5,4,pre,0.13742423942670154,0.13742423942670154,0.0,0.0,0.0
honest,mixed,1.5,all,2000,belief_gap,6,5,pre,0.1344290164363066,0.1344290164363066,0.0,0.0,0.0
honest,mixed,1.5,all,2000,belief_gap,7,6,pre,0.13228248871223022,0.13228248871223022,0.0,0.0,0.0
honest,mixed,1.5,all,2000,belief_gap,8,7,removed,0.13029262615115905,0.12966619147760824,-0.0006264346735507988,-0.0009547616085288778,-0.0002981077385727198
honest,mixed,1.5,all,2000,belief_gap,9,8,removed,0.12857937479443057,0.12809876616642651,-0.00048060862800410227,-0.0009926897513566802,3.1472495348475724e-05
honest,mixed,1.5,all,2000,belief_gap,10,9,removed,0.12672010126763997,0.12691568920112192,0.00019558793348194641,-0.0003803011200824361,0.0007714769870463289
honest,mixed,1.5,all,2000,belief_gap,11,10,restored,0.12528349903929165,0.12595267324163334,0.0006691742023416983,6.148755059194762e-05,0.001276860854091449
honest,mixed,1.5,all,2000,belief_gap,12,11,restored,0.12530624352087355,0.12641060798598,0.0011043644651064569,0.0005046892361036297,0.001704039694109284
honest,mixed,1.5,all,2000,belief_gap,13,12,restored,0.12470487252174212,0.12568018417288782,0.0009753116511456932,0.00042817377754081115,0.0015224495247505754
honest,mixed,1.5,all,2000,belief_gap,14,13,restored,0.1238407529687898,0.12482015758857609,0.000979404619786302,0.00037097652952999783,0.0015878327100426063
honest,mixed,1.5,all,2000,belief_gap,15,14,restored,0.12332414446580149,0.12457764989388477,0.0012535054280832642,0.0006056580265126582,0.0019013528296538702
honest,mixed,1.5,all,2000,belief_gap,16,15,restored,0.12234334238338204,0.12353447492125474,0.0011911325378726992,0.0005639545095032902,0.0018183105662421082
honest,mixed,1.5,all,2000,belief_gap,17,16,restored,0.12165460606406374,0.1229852573207595,0.0013306512566957735,0.0007088417812558763,0.0019524607321356707
honest,mixed,1.5,all,2000,belief_gap,18,17,restored,0.12112567037065168,0.12260368412550247,0.001478013754850792,0.0008476743913906174,0.0021083531183109664
honest,mixed,1.5,all,2000,belief_gap,19,18,restored,0.12041327072725079,0.12210647449683884,0.0016932037695880614,0.001021758862280324,0.0023646486768957985
honest,mixed,1.5,all,2000,belief_gap,20,19,restored,0.11977237914046338,0.12127072681596532,0.0014983476755019408,0.0008480767189847851,0.0021486186320190965
honest,mixed,1.5,all,2000,belief_gap,21,20,restored,0.11851853180523628,0.11954985414368682,0.0010313223384505437,0.00027735604565344227,0.0017852886312476452
honest,mixed,1.5,all,2000,belief_gap,22,21,restored,0.11767487016882314,0.11863486256591148,0.0009599923970883414,0.0001967082130314477,0.001723276581145235
honest,mixed,1.5,all,2000,belief_gap,23,22,restored,0.11677318287026171,0.11794874295228916,0.0011755600820274581,0.0004658493466864849,0.0018852708173684313
honest,mixed,1.5,all,2000,belief_gap,24,23,restored,0.11673366595097726,0.11772474639168061,0.0009910804407033515,0.0002728221781097286,0.0017093387032969744
honest,mixed,1.5,both_own,477,A_concede,1,0,pre,0.0041928721174004195,0.0041928721174004195,0.0,0.0,0.0
honest,mixed,1.5,both_own,477,A_concede,2,1,pre,0.13417190775681342,0.13417190775681342,0.0,0.0,0.0
honest,mixed,1.5,both_own,477,A_concede,3,2,pre,0.22641509433962265,0.22641509433962265,0.0,0.0,0.0
honest,mixed,1.5,both_own,477,A_concede,4,3,pre,0.2746331236897275,0.2746331236897275,0.0,0.0,0.0
honest,mixed,1.5,both_own,477,A_concede,5,4,pre,0.28721174004192873,0.28721174004192873,0.0,0.0,0.0
honest,mixed,1.5,both_own,477,A_concede,6,5,pre,0.2914046121593291,0.2914046121593291,0.0,0.0,0.0
honest,mixed,1.5,both_own,477,A_concede,7,6,pre,0.28721174004192873,0.28721174004192873,0.0,0.0,0.0
honest,mixed,1.5,both_own,477,A_concede,8,7,removed,0.3018867924528302,0.3018867924528302,0.0,0.0,0.0
honest,mixed,1.5,both_own,477,A_concede,9,8,removed,0.3312368972746331,0.3312368972746331,0.0,0.0,0.0
honest,mixed,1.5,both_own,477,A_concede,10,9,removed,0.31236897274633124,0.31027253668763105,-0.0020964360587002098,-0.00620545073375262,0.0020125786163522003
honest,mixed,1.5,both_own,477,A_concede,11,10,restored,0.2976939203354298,0.29350104821802936,-0.0041928721174004195,-0.009997789172483958,0.0016120449376831186
honest,mixed,1.5,both_own,477,A_concede,12,11,restored,0.3270440251572327,0.3270440251572327,0.0,0.0,0.0
honest,mixed,1.5,both_own,477,A_concede,13,12,restored,0.33752620545073375,0.33752620545073375,0.0,0.0,0.0
honest,mixed,1.5,both_own,477,A_concede,14,13,restored,0.33962264150943394,0.33962264150943394,0.0,0.0,0.0
honest,mixed,1.5,both_own,477,A_concede,15,14,restored,0.3270440251572327,0.3270440251572327,0.0,0.0,0.0
honest,mixed,1.5,both_own,477,A_concede,16,15,restored,0.3249475890985325,0.3228511530398323,-0.0020964360587002098,-0.006205450733752619,0.0020125786163521994
honest,mixed,1.5,both_own,477,A_concede,17,16,restored,0.3312368972746331,0.32914046121593293,-0.0020964360587002098,-0.006205450733752619,0.0020125786163521994
honest,mixed,1.5,both_own,477,A_concede,18,17,restored,0.3270440251572327,0.3270440251572327,0.0,0.0,0.0
honest,mixed,1.5,both_own,477,A_concede,19,18,restored,0.3333333333333333,0.3333333333333333,0.0,-0.005817125096023341,0.005817125096023341
honest,mixed,1.5,both_own,477,A_concede,20,19,restored,0.36268343815513626,0.36268343815513626,0.0,0.0,0.0
honest,mixed,1.5,both_own,477,A_concede,21,20,restored,0.32075471698113206,0.3228511530398323,0.0020964360587002098,-0.0020125786163521994,0.006205450733752619
honest,mixed,1.5,both_own,477,A_concede,22,21,restored,0.34591194968553457,0.34591194968553457,0.0,-0.005817125096023341,0.005817125096023341
honest,mixed,1.5,both_own,477,A_concede,23,22,restored,0.33542976939203356,0.33752620545073375,0.0020964360587002098,-0.0020125786163521994,0.006205450733752619
honest,mixed,1.5,both_own,477,A_concede,24,23,restored,0.3584905660377358,0.3668763102725367,0.008385744234800839,0.00019365296943826826,0.01657783550016341
honest,mixed,1.5,both_own,477,B_concede,1,0,pre,0.0041928721174004195,0.0041928721174004195,0.0,0.0,0.0
honest,mixed,1.5,both_own,477,B_concede,2,1,pre,0.0,0.0,0.0,0.0,0.0
honest,mixed,1.5,both_own,477,B_concede,3,2,pre,0.0,0.0,0.0,0.0,0.0
honest,mixed,1.5,both_own,477,B_concede,4,3,pre,0.006289308176100629,0.006289308176100629,0.0,0.0,0.0
honest,mixed,1.5,both_own,477,B_concede,5,4,pre,0.0020964360587002098,0.0020964360587002098,0.0,0.0,0.0
honest,mixed,1.5,both_own,477,B_concede,6,5,pre,0.0020964360587002098,0.0020964360587002098,0.0,0.0,0.0
honest,mixed,1.5,both_own,477,B_concede,7,6,pre,0.0020964360587002098,0.0020964360587002098,0.0,0.0,0.0
honest,mixed,1.5,both_own,477,B_concede,8,7,removed,0.008385744234800839,0.17819706498951782,0.16981132075471697,0.1360807011926627,0.20354194031677125
honest,mixed,1.5,both_own,477,B_concede,9,8,removed,0.012578616352201259,0.17819706498951782,0.16561844863731656,0.13222284501995335,0.19901405225467977
honest,mixed,1.5,both_own,477,B_concede,10,9,removed,0.008385744234800839,0.2138364779874214,0.20545073375262055,0.16915405741626105,0.24174741008898004
honest,mixed,1.5,both_own,477,B_concede,11,10,restored,0.014675052410901468,0.018867924528301886,0.0041928721174004195,-0.011193184177606015,0.019578928412406854
honest,mixed,1.5,both_own,477,B_concede,12,11,restored,0.018867924528301886,0.023060796645702306,0.0041928721174004195,-0.005875640721245063,0.014261384956045902
honest,mixed,1.5,both_own,477,B_concede,13,12,restored,0.014675052410901468,0.012578616352201259,-0.0020964360587002098,-0.009218440410185866,0.005025568292785445
honest,mixed,1.5,both_own,477,B_concede,14,13,restored,0.012578616352201259,0.008385744234800839,-0.0041928721174004195,-0.012410901467505243,0.004025157232704404
honest,mixed,1.5,both_own,477,B_concede,15,14,restored,0.010482180293501049,0.010482180293501049,0.0,-0.0082266572048171,0.0082266572048171
honest,mixed,1.5,both_own,477,B_concede,16,15,restored,0.018867924528301886,0.010482180293501049,-0.008385744234800839,-0.021371397566396576,0.004599909096794896
honest,mixed,1.5,both_own,477,B_concede,17,16,restored,0.016771488469601678,0.012578616352201259,-0.0041928721174004195,-0.012410901467505243,0.004025157232704404
honest,mixed,1.5,both_own,477,B_concede,18,17,restored,0.018867924528301886,0.018867924528301886,0.0,-0.011634250192046681,0.011634250192046681
honest,mixed,1.5,both_own,477,B_concede,19,18,restored,0.018867924528301886,0.020964360587002098,0.0020964360587002098,-0.005025568292785446,0.009218440410185866
honest,mixed,1.5,both_own,477,B_concede,20,19,restored,0.018867924528301886,0.012578616352201259,-0.006289308176100629,-0.013391362896377778,0.0008127465441765203
honest,mixed,1.5,both_own,477,B_concede,21,20,restored,0.027253668763102725,0.014675052410901468,-0.012578616352201259,-0.026782725792755556,0.0016254930883530406
honest,mixed,1.5,both_own,477,B_concede,22,21,restored,0.023060796645702306,0.018867924528301886,-0.0041928721174004195,-0.015821023095296836,0.007435278860495997
honest,mixed,1.5,both_own,477,B_concede,23,22,restored,0.016771488469601678,0.014675052410901468,-0.0020964360587002098,-0.012977650823061296,0.008784778705660877
honest,mixed,1.5,both_own,477,B_concede,24,23,restored,0.023060796645702306,0.020964360587002098,-0.0020964360587002098,-0.011292189990019007,0.007099317872618588
honest,mixed,1.5,both_own,477,any_concede,1,0,pre,0.008385744234800839,0.008385744234800839,0.0,0.0,0.0
honest,mixed,1.5,both_own,477,any_concede,2,1,pre,0.13417190775681342,0.13417190775681342,0.0,0.0,0.0
honest,mixed,1.5,both_own,477,any_concede,3,2,pre,0.22641509433962265,0.22641509433962265,0.0,0.0,0.0
honest,mixed,1.5,both_own,477,any_concede,4,3,pre,0.2809224318658281,0.2809224318658281,0.0,0.0,0.0
honest,mixed,1.5,both_own,477,any_concede,5,4,pre,0.2893081761006289,0.2893081761006289,0.0,0.0,0.0
honest,mixed,1.5,both_own,477,any_concede,6,5,pre,0.29350104821802936,0.29350104821802936,0.0,0.0,0.0
honest,mixed,1.5,both_own,477,any_concede,7,6,pre,0.2893081761006289,0.2893081761006289,0.0,0.0,0.0
honest,mixed,1.5,both_own,477,any_concede,8,7,removed,0.31027253668763105,0.480083857442348,0.16981132075471697,0.1360807011926627,0.20354194031677125
honest,mixed,1.5,both_own,477,any_concede,9,8,removed,0.3438155136268344,0.5094339622641509,0.16561844863731656,0.13222284501995335,0.19901405225467977
honest,mixed,1.5,both_own,477,any_concede,10,9,removed,0.32075471698113206,0.5220125786163522,0.20125786163522014,0.1647720931411104,0.23774363012932986
honest,mixed,1.5,both_own,477,any_concede,11,10,restored,0.31236897274633124,0.31236897274633124,0.0,-0.015390666349430487,0.015390666349430487
honest,mixed,1.5,both_own,477,any_concede,12,11,restored,0.34591194968553457,0.350104821802935,0.0041928721174004195,-0.005875640721245063,0.014261384956045902
honest,mixed,1.5,both_own,477,any_concede,13,12,restored,0.3522012578616352,0.350104821802935,-0.0020964360587002098,-0.009218440410185866,0.005025568292785445
honest,mixed,1.5,both_own,477,any_concede,14,13,restored,0.3522012578616352,0.3480083857442348,-0.0041928721174004195,-0.012410901467505243,0.004025157232704404
honest,mixed,1.5,both_own,477,any_concede,15,14,restored,0.33752620545073375,0.33752620545073375,0.0,-0.0082266572048171,0.0082266572048171
honest,mixed,1.5,both_own,477,any_concede,16,15,restored,0.3438155136268344,0.3333333333333333,-0.010482180293501049,-0.02409200870224338,0.0031276481152412838
honest,mixed,1.5,both_own,477,any_concede,17,16,restored,0.3480083857442348,0.3417190775681342,-0.006289308176100629,-0.015469620024431027,0.002891003672229768
honest,mixed,1.5,both_own,477,any_concede,18,17,restored,0.34591194968553457,0.34591194968553457,0.0,-0.011634250192046681,0.011634250192046681
honest,mixed,1.5,both_own,477,any_concede,19,18,restored,0.3522012578616352,0.35429769392033544,0.0020964360587002098,-0.007099317872618589,0.011292189990019009
honest,mixed,1.5,both_own,477,any_concede,20,19,restored,0.37945492662473795,0.3731656184486373,-0.006289308176100629,-0.013391362896377778,0.0008127465441765203
honest,mixed,1.5,both_own,477,any_concede,21,20,restored,0.3480083857442348,0.33752620545073375,-0.010482180293501049,-0.025283071269999537,0.00431871068299744
honest,mixed,1.5,both_own,477,any_concede,22,21,restored,0.3689727463312369,0.36477987421383645,-0.0041928721174004195,-0.01719490424886118,0.00880916001406034
honest,mixed,1.5,both_own,477,any_concede,23,22,restored,0.3522012578616352,0.3522012578616352,0.0,-0.011634250192046681,0.011634250192046681
honest,mixed,1.5,both_own,477,any_concede,24,23,restored,0.38155136268343814,0.38784067085953877,0.006289308176100629,-0.0060377358490566035,0.01861635220125786
honest,mixed,1.5,both_own,477,MN,1,0,pre,0.9916142557651991,0.9916142557651991,0.0,0.0,0.0
honest,mixed,1.5,both_own,477,MN,2,1,pre,0.8658280922431866,0.8658280922431866,0.0,0.0,0.0
honest,mixed,1.5,both_own,477,MN,3,2,pre,0.7735849056603774,0.7735849056603774,0.0,0.0,0.0
honest,mixed,1.5,both_own,477,MN,4,3,pre,0.7190775681341719,0.7190775681341719,0.0,0.0,0.0
honest,mixed,1.5,both_own,477,MN,5,4,pre,0.710691823899371,0.710691823899371,0.0,0.0,0.0
honest,mixed,1.5,both_own,477,MN,6,5,pre,0.7064989517819706,0.7064989517819706,0.0,0.0,0.0
honest,mixed,1.5,both_own,477,MN,7,6,pre,0.710691823899371,0.710691823899371,0.0,0.0,0.0
honest,mixed,1.5,both_own,477,MN,8,7,removed,0.689727463312369,0.519916142557652,-0.16981132075471697,-0.20354194031677125,-0.1360807011926627
honest,mixed,1.5,both_own,477,MN,9,8,removed,0.6561844863731656,0.49056603773584906,-0.16561844863731656,-0.19901405225467977,-0.13222284501995335
honest,mixed,1.5,both_own,477,MN,10,9,removed,0.6792452830188679,0.4779874213836478,-0.20125786163522014,-0.23774363012932986,-0.1647720931411104
honest,mixed,1.5,both_own,477,MN,11,10,restored,0.6876310272536688,0.6876310272536688,0.0,-0.015390666349430487,0.015390666349430487
honest,mixed,1.5,both_own,477,MN,12,11,restored,0.6540880503144654,0.649895178197065,-0.0041928721174004195,-0.014261384956045902,0.005875640721245063
honest,mixed,1.5,both_own,477,MN,13,12,restored,0.6477987421383647,0.649895178197065,0.0020964360587002098,-0.005025568292785445,0.009218440410185866
honest,mixed,1.5,both_own,477,MN,14,13,restored,0.6477987421383647,0.6519916142557652,0.0041928721174004195,-0.004025157232704404,0.012410901467505243
honest,mixed,1.5,both_own,477,MN,15,14,restored,0.6624737945492662,0.6624737945492662,0.0,-0.0082266572048171,0.0082266572048171
honest,mixed,1.5,both_own,477,MN,16,15,restored,0.6561844863731656,0.6666666666666666,0.010482180293501049,-0.0031276481152412838,0.02409200870224338
honest,mixed,1.5,both_own,477,MN,17,16,restored,0.6519916142557652,0.6582809224318659,0.006289308176100629,-0.002891003672229768,0.015469620024431027
honest,mixed,1.5,both_own,477,MN,18,17,restored,0.6540880503144654,0.6540880503144654,0.0,-0.011634250192046681,0.011634250192046681
honest,mixed,1.5,both_own,477,MN,19,18,restored,0.6477987421383647,0.6457023060796646,-0.0020964360587002098,-0.011292189990019009,0.007099317872618589
honest,mixed,1.5,both_own,477,MN,20,19,restored,0.6205450733752621,0.6268343815513627,0.006289308176100629,-0.0008127465441765203,0.013391362896377778
honest,mixed,1.5,both_own,477,MN,21,20,restored,0.6519916142557652,0.6624737945492662,0.010482180293501049,-0.00431871068299744,0.025283071269999537
honest,mixed,1.5,both_own,477,MN,22,21,restored,0.6310272536687631,0.6352201257861635,0.0041928721174004195,-0.00880916001406034,0.01719490424886118
honest,mixed,1.5,both_own,477,MN,23,22,restored,0.6477987421383647,0.6477987421383647,0.0,-0.011634250192046681,0.011634250192046681
honest,mixed,1.5,both_own,477,MN,24,23,restored,0.6184486373165619,0.6121593291404612,-0.006289308176100629,-0.01861635220125786,0.0060377358490566035
honest,mixed,1.5,both_own,477,U,1,0,pre,0.9916142557651991,0.9916142557651991,0.0,0.0,0.0
honest,mixed,1.5,both_own,477,U,2,1,pre,0.8637316561844863,0.8637316561844863,0.0,0.0,0.0
honest,mixed,1.5,both_own,477,U,3,2,pre,0.7190775681341719,0.7190775681341719,0.0,0.0,0.0
honest,mixed,1.5,both_own,477,U,4,3,pre,0.649895178197065,0.649895178197065,0.0,0.0,0.0
honest,mixed,1.5,both_own,477,U,5,4,pre,0.6310272536687631,0.6310272536687631,0.0,0.0,0.0
honest,mixed,1.5,both_own,477,U,6,5,pre,0.6268343815513627,0.6268343815513627,0.0,0.0,0.0
honest,mixed,1.5,both_own,477,U,7,6,pre,0.6184486373165619,0.6184486373165619,0.0,0.0,0.0
honest,mixed,1.5,both_own,477,U,8,7,removed,0.59958071278826,0.43186582809224316,-0.16771488469601678,-0.20127894269107507,-0.1341508267009585
honest,mixed,1.5,both_own,477,U,9,8,removed,0.5807127882599581,0.36268343815513626,-0.2180293501048218,-0.2551234896581284,-0.18093521055151518
honest,mixed,1.5,both_own,477,U,10,9,removed,0.5681341719077568,0.3081761006289308,-0.259958071278826,-0.30021097954785525,-0.21970516300979673
honest,mixed,1.5,both_own,477,U,11,10,restored,0.5639412997903563,0.3668763102725367,-0.1970649895178197,-0.23327066839599495,-0.16085931063964445
honest,mixed,1.5,both_own,477,U,12,11,restored,0.5513626834381551,0.37945492662473795,-0.1719077568134172,-0.20678712536513869,-0.1370283882616957
honest,mixed,1.5,both_own,477,U,13,12,restored,0.5303983228511531,0.38784067085953877,-0.14255765199161424,-0.1755428748440091,-0.10957242913921938
honest,mixed,1.5,both_own,477,U,14,13,restored,0.549266247379455,0.44025157232704404,-0.1090146750524109,-0.13933390742738017,-0.07869544267744163
honest,mixed,1.5,both_own,477,U,15,14,restored,0.5450733752620545,0.4549266247379455,-0.09014675052410902,-0.11955739224891983,-0.06073610879929821
honest,mixed,1.5,both_own,477,U,16,15,restored,0.5345911949685535,0.4612159329140461,-0.07337526205450734,-0.10481784987691106,-0.04193267423210361
honest,mixed,1.5,both_own,477,U,17,16,restored,0.5115303983228512,0.44863731656184486,-0.06289308176100629,-0.09258698628531217,-0.033199177236700406
honest,mixed,1.5,both_own,477,U,18,17,restored,0.5136268343815513,0.4570230607966457,-0.05660377358490566,-0.08434106133482454,-0.028866485834986782
honest,mixed,1.5,both_own,477,U,19,18,restored,0.5010482180293501,0.45073375262054505,-0.050314465408805034,-0.07658587137192507,-0.024043059445684998
honest,mixed,1.5,both_own,477,U,20,19,restored,0.4758909853249476,0.4381551362683438,-0.03773584905660377,-0.06352899574285589,-0.011942702370351648
honest,mixed,1.5,both_own,477,U,21,20,restored,0.46331236897274636,0.45073375262054505,-0.012578616352201259,-0.040453672935221514,0.015296440230818997
honest,mixed,1.5,both_own,477,U,22,21,restored,0.4591194968553459,0.44863731656184486,-0.010482180293501049,-0.038666013038632284,0.01770165245163019
honest,mixed,1.5,both_own,477,U,23,22,restored,0.44234800838574423,0.44025157232704404,-0.0020964360587002098,-0.030295367286742182,0.02610249516934176
honest,mixed,1.5,both_own,477,U,24,23,restored,0.43186582809224316,0.43186582809224316,0.0,-0.0290856254801167,0.0290856254801167
honest,mixed,1.5,both_own,477,belief_gap,1,0,pre,0.47171064342406427,0.47171064342406427,0.0,0.0,0.0
honest,mixed,1.5,both_own,477,belief_gap,2,1,pre,0.43885170313491484,0.43885170313491484,0.0,0.0,0.0
honest,mixed,1.5,both_own,477,belief_gap,3,2,pre,0.4159545556630808,0.4159545556630808,0.0,0.0,0.0
honest,mixed,1.5,both_own,477,belief_gap,4,3,pre,0.3930863798667777,0.3930863798667777,0.0,0.0,0.0
honest,mixed,1.5,both_own,477,belief_gap,5,4,pre,0.3758157694466018,0.3758157694466018,0.0,0.0,0.0
honest,mixed,1.5,both_own,477,belief_gap,6,5,pre,0.3647083187814249,0.3647083187814249,0.0,0.0,0.0
honest,mixed,1.5,both_own,477,belief_gap,7,6,pre,0.3581116706891729,0.3581116706891729,0.0,0.0,0.0
honest,mixed,1.5,both_own,477,belief_gap,8,7,removed,0.34998349111645327,0.34864014193400406,-0.001343349182449254,-0.002447628913769563,-0.00023906945112894514
honest,mixed,1.5,both_own,477,belief_gap,9,8,removed,0.34324956949256685,0.34283713517196407,-0.00041243432060279446,-0.0021381969078729003,0.0013133282666673114
honest,mixed,1.5,both_own,477,belief_gap,10,9,removed,0.33720142126616937,0.3391410570134011,0.001939635747231645,0.0001282437513234389,0.003751027743139851
honest,mixed,1.5,both_own,477,belief_gap,11,10,restored,0.3328347167694625,0.33682034029165264,0.0039856235221901425,0.0018612234576991502,0.006110023586681135
honest,mixed,1.5,both_own,477,belief_gap,12,11,restored,0.3315824483186458,0.33677975930878196,0.005197310990136219,0.003040721613604608,0.00735390036666783
honest,mixed,1.5,both_own,477,belief_gap,13,12,restored,0.32956407888102174,0.33430898854852525,0.004744909667503514,0.002806578488317825,0.006683240846689202
honest,mixed,1.5,both_own,477,belief_gap,14,13,restored,0.3265736252687255,0.3307341094563663,0.004160484187640708,0.0019870421299423547,0.006333926245339062
honest,mixed,1.5,both_own,477,belief_gap,15,14,restored,0.32543759007170503,0.33027883437368427,0.004841244301979278,0.002536327247462443,0.007146161356496114
honest,mixed,1.5,both_own,477,belief_gap,16,15,restored,0.3226389038164,0.3269976566395345,0.004358752823134483,0.0021216171145125593,0.0065958885317564065
honest,mixed,1.5,both_own,477,belief_gap,17,16,restored,0.3200768925414054,0.3249930726070307,0.004916180065625292,0.0026599429550879495,0.0071724171761626335
honest,mixed,1.5,both_own,477,belief_gap,18,17,restored,0.31801333295692646,0.3234830040500207,0.005469671093094202,0.003168528333007825,0.00777081385318058
honest,mixed,1.5,both_own,477,belief_gap,19,18,restored,0.31490395344366806,0.32118296434351884,0.006279010899850809,0.003903672080290639,0.008654349719410979
honest,mixed,1.5,both_own,477,belief_gap,20,19,restored,0.31279767369758116,0.31826579666334226,0.0054681229657610395,0.0033426771028148175,0.007593568828707261
honest,mixed,1.5,both_own,477,belief_gap,21,20,restored,0.3070194450955551,0.3110924305077956,0.004072985412240379,0.0013181163409396587,0.0068278544835411
honest,mixed,1.5,both_own,477,belief_gap,22,21,restored,0.3039154222113754,0.30749193996434215,0.003576517752966816,0.0008199858386384383,0.006333049667295193
honest,mixed,1.5,both_own,477,belief_gap,23,22,restored,0.2997827027376456,0.3042252803719601,0.004442577634314486,0.001969633960902266,0.006915521307726706
honest,mixed,1.5,both_own,477,belief_gap,24,23,restored,0.2994772994829086,0.30322602709837043,0.0037487276154618146,0.0012976945519098146,0.006199760679013814
attenuated,honest,1.5,all,2000,A_concede,1,0,pre,0.3495,0.3495,0.0,0.0,0.0
attenuated,honest,1.5,all,2000,A_concede,2,1,pre,0.37,0.37,0.0,0.0,0.0
attenuated,honest,1.5,all,2000,A_concede,3,2,pre,0.371,0.371,0.0,0.0,0.0
attenuated,honest,1.5,all,2000,A_concede,4,3,pre,0.369,0.369,0.0,0.0,0.0
attenuated,honest,1.5,all,2000,A_concede,5,4,pre,0.3695,0.3695,0.0,0.0,0.0
attenuated,honest,1.5,all,2000,A_concede,6,5,pre,0.375,0.375,0.0,0.0,0.0
attenuated,honest,1.5,all,2000,A_concede,7,6,pre,0.369,0.369,0.0,0.0,0.0
attenuated,honest,1.5,all,2000,A_concede,8,7,removed,0.3785,0.3785,0.0,0.0,0.0
attenuated,honest,1.5,all,2000,A_concede,9,8,removed,0.3765,0.3765,0.0,0.0,0.0
attenuated,honest,1.5,all,2000,A_concede,10,9,removed,0.371,0.371,0.0,0.0,0.0
attenuated,honest,1.5,all,2000,A_concede,11,10,restored,0.3765,0.3765,0.0,0.0,0.0
attenuated,honest,1.5,all,2000,A_concede,12,11,restored,0.3745,0.3745,0.0,0.0,0.0
attenuated,honest,1.5,all,2000,A_concede,13,12,restored,0.3715,0.3715,0.0,0.0,0.0
attenuated,honest,1.5,all,2000,A_concede,14,13,restored,0.3735,0.3735,0.0,0.0,0.0
attenuated,honest,1.5,all,2000,A_concede,15,14,restored,0.3715,0.3715,0.0,0.0,0.0
attenuated,honest,1.5,all,2000,A_concede,16,15,restored,0.374,0.374,0.0,0.0,0.0
attenuated,honest,1.5,all,2000,A_concede,17,16,restored,0.369,0.369,0.0,0.0,0.0
attenuated,honest,1.5,all,2000,A_concede,18,17,restored,0.3705,0.3705,0.0,0.0,0.0
attenuated,honest,1.5,all,2000,A_concede,19,18,restored,0.375,0.375,0.0,0.0,0.0
attenuated,honest,1.5,all,2000,A_concede,20,19,restored,0.368,0.368,0.0,0.0,0.0
attenuated,honest,1.5,all,2000,A_concede,21,20,restored,0.3755,0.3755,0.0,0.0,0.0
attenuated,honest,1.5,all,2000,A_concede,22,21,restored,0.3805,0.3805,0.0,0.0,0.0
attenuated,honest,1.5,all,2000,A_concede,23,22,restored,0.372,0.372,0.0,0.0,0.0
attenuated,honest,1.5,all,2000,A_concede,24,23,restored,0.3725,0.3725,0.0,0.0,0.0
attenuated,honest,1.5,all,2000,B_concede,1,0,pre,0.389,0.389,0.0,0.0,0.0
attenuated,honest,1.5,all,2000,B_concede,2,1,pre,0.4105,0.4105,0.0,0.0,0.0
attenuated,honest,1.5,all,2000,B_concede,3,2,pre,0.4165,0.4165,0.0,0.0,0.0
attenuated,honest,1.5,all,2000,B_concede,4,3,pre,0.4305,0.4305,0.0,0.0,0.0
attenuated,honest,1.5,all,2000,B_concede,5,4,pre,0.427,0.427,0.0,0.0,0.0
attenuated,honest,1.5,all,2000,B_concede,6,5,pre,0.433,0.433,0.0,0.0,0.0
attenuated,honest,1.5,all,2000,B_concede,7,6,pre,0.431,0.431,0.0,0.0,0.0
attenuated,honest,1.5,all,2000,B_concede,8,7,removed,0.439,0.439,0.0,0.0,0.0
attenuated,honest,1.5,all,2000,B_concede,9,8,removed,0.433,0.433,0.0,0.0,0.0
attenuated,honest,1.5,all,2000,B_concede,10,9,removed,0.438,0.438,0.0,0.0,0.0
attenuated,honest,1.5,all,2000,B_concede,11,10,restored,0.436,0.436,0.0,0.0,0.0
attenuated,honest,1.5,all,2000,B_concede,12,11,restored,0.443,0.443,0.0,0.0,0.0
attenuated,honest,1.5,all,2000,B_concede,13,12,restored,0.4325,0.4325,0.0,0.0,0.0
attenuated,honest,1.5,all,2000,B_concede,14,13,restored,0.449,0.449,0.0,0.0,0.0
attenuated,honest,1.5,all,2000,B_concede,15,14,restored,0.44,0.44,0.0,0.0,0.0
attenuated,honest,1.5,all,2000,B_concede,16,15,restored,0.438,0.438,0.0,0.0,0.0
attenuated,honest,1.5,all,2000,B_concede,17,16,restored,0.441,0.441,0.0,0.0,0.0
attenuated,honest,1.5,all,2000,B_concede,18,17,restored,0.437,0.437,0.0,0.0,0.0
attenuated,honest,1.5,all,2000,B_concede,19,18,restored,0.446,0.446,0.0,0.0,0.0
attenuated,honest,1.5,all,2000,B_concede,20,19,restored,0.449,0.449,0.0,0.0,0.0
attenuated,honest,1.5,all,2000,B_concede,21,20,restored,0.444,0.444,0.0,0.0,0.0
attenuated,honest,1.5,all,2000,B_concede,22,21,restored,0.4515,0.4515,0.0,0.0,0.0
attenuated,honest,1.5,all,2000,B_concede,23,22,restored,0.448,0.448,0.0,0.0,0.0
attenuated,honest,1.5,all,2000,B_concede,24,23,restored,0.442,0.442,0.0,0.0,0.0
attenuated,honest,1.5,all,2000,any_concede,1,0,pre,0.7315,0.7315,0.0,0.0,0.0
attenuated,honest,1.5,all,2000,any_concede,2,1,pre,0.773,0.773,0.0,0.0,0.0
attenuated,honest,1.5,all,2000,any_concede,3,2,pre,0.7825,0.7825,0.0,0.0,0.0
attenuated,honest,1.5,all,2000,any_concede,4,3,pre,0.7935,0.7935,0.0,0.0,0.0
attenuated,honest,1.5,all,2000,any_concede,5,4,pre,0.7925,0.7925,0.0,0.0,0.0
attenuated,honest,1.5,all,2000,any_concede,6,5,pre,0.8025,0.8025,0.0,0.0,0.0
attenuated,honest,1.5,all,2000,any_concede,7,6,pre,0.7965,0.7965,0.0,0.0,0.0
attenuated,honest,1.5,all,2000,any_concede,8,7,removed,0.8125,0.8125,0.0,0.0,0.0
attenuated,honest,1.5,all,2000,any_concede,9,8,removed,0.807,0.807,0.0,0.0,0.0
attenuated,honest,1.5,all,2000,any_concede,10,9,removed,0.8035,0.8035,0.0,0.0,0.0
attenuated,honest,1.5,all,2000,any_concede,11,10,restored,0.8095,0.8095,0.0,0.0,0.0
attenuated,honest,1.5,all,2000,any_concede,12,11,restored,0.8135,0.8135,0.0,0.0,0.0
attenuated,honest,1.5,all,2000,any_concede,13,12,restored,0.8,0.8,0.0,0.0,0.0
attenuated,honest,1.5,all,2000,any_concede,14,13,restored,0.8195,0.8195,0.0,0.0,0.0
attenuated,honest,1.5,all,2000,any_concede,15,14,restored,0.8085,0.8085,0.0,0.0,0.0
attenuated,honest,1.5,all,2000,any_concede,16,15,restored,0.809,0.809,0.0,0.0,0.0
attenuated,honest,1.5,all,2000,any_concede,17,16,restored,0.808,0.808,0.0,0.0,0.0
attenuated,honest,1.5,all,2000,any_concede,18,17,restored,0.807,0.807,0.0,0.0,0.0
attenuated,honest,1.5,all,2000,any_concede,19,18,restored,0.819,0.819,0.0,0.0,0.0
attenuated,honest,1.5,all,2000,any_concede,20,19,restored,0.816,0.816,0.0,0.0,0.0
attenuated,honest,1.5,all,2000,any_concede,21,20,restored,0.8185,0.8185,0.0,0.0,0.0
attenuated,honest,1.5,all,2000,any_concede,22,21,restored,0.8305,0.8305,0.0,0.0,0.0
attenuated,honest,1.5,all,2000,any_concede,23,22,restored,0.818,0.818,0.0,0.0,0.0
attenuated,honest,1.5,all,2000,any_concede,24,23,restored,0.813,0.813,0.0,0.0,0.0
attenuated,honest,1.5,all,2000,MN,1,0,pre,0.2685,0.2685,0.0,0.0,0.0
attenuated,honest,1.5,all,2000,MN,2,1,pre,0.227,0.227,0.0,0.0,0.0
attenuated,honest,1.5,all,2000,MN,3,2,pre,0.2175,0.2175,0.0,0.0,0.0
attenuated,honest,1.5,all,2000,MN,4,3,pre,0.2065,0.2065,0.0,0.0,0.0
attenuated,honest,1.5,all,2000,MN,5,4,pre,0.2075,0.2075,0.0,0.0,0.0
attenuated,honest,1.5,all,2000,MN,6,5,pre,0.1975,0.1975,0.0,0.0,0.0
attenuated,honest,1.5,all,2000,MN,7,6,pre,0.2035,0.2035,0.0,0.0,0.0
attenuated,honest,1.5,all,2000,MN,8,7,removed,0.1875,0.1875,0.0,0.0,0.0
attenuated,honest,1.5,all,2000,MN,9,8,removed,0.193,0.193,0.0,0.0,0.0
attenuated,honest,1.5,all,2000,MN,10,9,removed,0.1965,0.1965,0.0,0.0,0.0
attenuated,honest,1.5,all,2000,MN,11,10,restored,0.1905,0.1905,0.0,0.0,0.0
attenuated,honest,1.5,all,2000,MN,12,11,restored,0.1865,0.1865,0.0,0.0,0.0
attenuated,honest,1.5,all,2000,MN,13,12,restored,0.2,0.2,0.0,0.0,0.0
attenuated,honest,1.5,all,2000,MN,14,13,restored,0.1805,0.1805,0.0,0.0,0.0
attenuated,honest,1.5,all,2000,MN,15,14,restored,0.1915,0.1915,0.0,0.0,0.0
attenuated,honest,1.5,all,2000,MN,16,15,restored,0.191,0.191,0.0,0.0,0.0
attenuated,honest,1.5,all,2000,MN,17,16,restored,0.192,0.192,0.0,0.0,0.0
attenuated,honest,1.5,all,2000,MN,18,17,restored,0.193,0.193,0.0,0.0,0.0
attenuated,honest,1.5,all,2000,MN,19,18,restored,0.181,0.181,0.0,0.0,0.0
attenuated,honest,1.5,all,2000,MN,20,19,restored,0.184,0.184,0.0,0.0,0.0
attenuated,honest,1.5,all,2000,MN,21,20,restored,0.1815,0.1815,0.0,0.0,0.0
attenuated,honest,1.5,all,2000,MN,22,21,restored,0.1695,0.1695,0.0,0.0,0.0
attenuated,honest,1.5,all,2000,MN,23,22,restored,0.182,0.182,0.0,0.0,0.0
attenuated,honest,1.5,all,2000,MN,24,23,restored,0.187,0.187,0.0,0.0,0.0
attenuated,honest,1.5,all,2000,U,1,0,pre,0.2755,0.2755,0.0,0.0,0.0
attenuated,honest,1.5,all,2000,U,2,1,pre,0.187,0.187,0.0,0.0,0.0
attenuated,honest,1.5,all,2000,U,3,2,pre,0.1715,0.1715,0.0,0.0,0.0
attenuated,honest,1.5,all,2000,U,4,3,pre,0.1575,0.1575,0.0,0.0,0.0
attenuated,honest,1.5,all,2000,U,5,4,pre,0.157,0.157,0.0,0.0,0.0
attenuated,honest,1.5,all,2000,U,6,5,pre,0.147,0.147,0.0,0.0,0.0
attenuated,honest,1.5,all,2000,U,7,6,pre,0.1495,0.1495,0.0,0.0,0.0
attenuated,honest,1.5,all,2000,U,8,7,removed,0.143,0.143,0.0,0.0,0.0
attenuated,honest,1.5,all,2000,U,9,8,removed,0.142,0.142,0.0,0.0,0.0
attenuated,honest,1.5,all,2000,U,10,9,removed,0.141,0.141,0.0,0.0,0.0
attenuated,honest,1.5,all,2000,U,11,10,restored,0.142,0.142,0.0,0.0,0.0
attenuated,honest,1.5,all,2000,U,12,11,restored,0.1335,0.1335,0.0,0.0,0.0
attenuated,honest,1.5,all,2000,U,13,12,restored,0.134,0.134,0.0,0.0,0.0
attenuated,honest,1.5,all,2000,U,14,13,restored,0.1275,0.1275,0.0,0.0,0.0
attenuated,honest,1.5,all,2000,U,15,14,restored,0.135,0.135,0.0,0.0,0.0
attenuated,honest,1.5,all,2000,U,16,15,restored,0.1315,0.1315,0.0,0.0,0.0
attenuated,honest,1.5,all,2000,U,17,16,restored,0.131,0.131,0.0,0.0,0.0
attenuated,honest,1.5,all,2000,U,18,17,restored,0.13,0.13,0.0,0.0,0.0
attenuated,honest,1.5,all,2000,U,19,18,restored,0.1255,0.1255,0.0,0.0,0.0
attenuated,honest,1.5,all,2000,U,20,19,restored,0.1235,0.1235,0.0,0.0,0.0
attenuated,honest,1.5,all,2000,U,21,20,restored,0.1195,0.1195,0.0,0.0,0.0
attenuated,honest,1.5,all,2000,U,22,21,restored,0.117,0.117,0.0,0.0,0.0
attenuated,honest,1.5,all,2000,U,23,22,restored,0.119,0.119,0.0,0.0,0.0
attenuated,honest,1.5,all,2000,U,24,23,restored,0.116,0.116,0.0,0.0,0.0
attenuated,honest,1.5,all,2000,belief_gap,1,0,pre,0.20424213542662267,0.20424213542662267,0.0,0.0,0.0
attenuated,honest,1.5,all,2000,belief_gap,2,1,pre,0.1898356122320317,0.1898356122320317,0.0,0.0,0.0
attenuated,honest,1.5,all,2000,belief_gap,3,2,pre,0.18199800877748232,0.18199800877748232,0.0,0.0,0.0
attenuated,honest,1.5,all,2000,belief_gap,4,3,pre,0.1764760155740707,0.1764760155740707,0.0,0.0,0.0
attenuated,honest,1.5,all,2000,belief_gap,5,4,pre,0.1735047800167422,0.1735047800167422,0.0,0.0,0.0
attenuated,honest,1.5,all,2000,belief_gap,6,5,pre,0.17101619234162269,0.17101619234162269,0.0,0.0,0.0
attenuated,honest,1.5,all,2000,belief_gap,7,6,pre,0.1687762256617835,0.1687762256617835,0.0,0.0,0.0
attenuated,honest,1.5,all,2000,belief_gap,8,7,removed,0.1672504044485852,0.1672504044485852,0.0,0.0,0.0
attenuated,honest,1.5,all,2000,belief_gap,9,8,removed,0.16612015997408228,0.16612015997408228,0.0,0.0,0.0
attenuated,honest,1.5,all,2000,belief_gap,10,9,removed,0.16546437915166565,0.16546437915166565,0.0,0.0,0.0
attenuated,honest,1.5,all,2000,belief_gap,11,10,restored,0.1645051159672765,0.1645051159672765,0.0,0.0,0.0
attenuated,honest,1.5,all,2000,belief_gap,12,11,restored,0.16326988012248558,0.16326988012248558,0.0,0.0,0.0
attenuated,honest,1.5,all,2000,belief_gap,13,12,restored,0.16227379325197955,0.16227379325197955,0.0,0.0,0.0
attenuated,honest,1.5,all,2000,belief_gap,14,13,restored,0.16162938688376222,0.16162938688376222,0.0,0.0,0.0
attenuated,honest,1.5,all,2000,belief_gap,15,14,restored,0.1614216757363611,0.1614216757363611,0.0,0.0,0.0
attenuated,honest,1.5,all,2000,belief_gap,16,15,restored,0.1617857562266056,0.1617857562266056,0.0,0.0,0.0
attenuated,honest,1.5,all,2000,belief_gap,17,16,restored,0.16075413182777762,0.16075413182777762,0.0,0.0,0.0
attenuated,honest,1.5,all,2000,belief_gap,18,17,restored,0.15893261326568614,0.15893261326568614,0.0,0.0,0.0
attenuated,honest,1.5,all,2000,belief_gap,19,18,restored,0.15821368673275746,0.15821368673275746,0.0,0.0,0.0
attenuated,honest,1.5,all,2000,belief_gap,20,19,restored,0.1573171405779546,0.1573171405779546,0.0,0.0,0.0
attenuated,honest,1.5,all,2000,belief_gap,21,20,restored,0.15640724188779478,0.15640724188779478,0.0,0.0,0.0
attenuated,honest,1.5,all,2000,belief_gap,22,21,restored,0.1559575075576755,0.1559575075576755,0.0,0.0,0.0
attenuated,honest,1.5,all,2000,belief_gap,23,22,restored,0.1555128275527919,0.1555128275527919,0.0,0.0,0.0
attenuated,honest,1.5,all,2000,belief_gap,24,23,restored,0.15376342261882245,0.15376342261882245,0.0,0.0,0.0
attenuated,honest,1.5,both_own,477,A_concede,1,0,pre,0.0041928721174004195,0.0041928721174004195,0.0,0.0,0.0
attenuated,honest,1.5,both_own,477,A_concede,2,1,pre,0.0,0.0,0.0,0.0,0.0
attenuated,honest,1.5,both_own,477,A_concede,3,2,pre,0.0,0.0,0.0,0.0,0.0
attenuated,honest,1.5,both_own,477,A_concede,4,3,pre,0.010482180293501049,0.010482180293501049,0.0,0.0,0.0
attenuated,honest,1.5,both_own,477,A_concede,5,4,pre,0.0020964360587002098,0.0020964360587002098,0.0,0.0,0.0
attenuated,honest,1.5,both_own,477,A_concede,6,5,pre,0.0020964360587002098,0.0020964360587002098,0.0,0.0,0.0
attenuated,honest,1.5,both_own,477,A_concede,7,6,pre,0.0,0.0,0.0,0.0,0.0
attenuated,honest,1.5,both_own,477,A_concede,8,7,removed,0.010482180293501049,0.010482180293501049,0.0,0.0,0.0
attenuated,honest,1.5,both_own,477,A_concede,9,8,removed,0.006289308176100629,0.006289308176100629,0.0,0.0,0.0
attenuated,honest,1.5,both_own,477,A_concede,10,9,removed,0.008385744234800839,0.008385744234800839,0.0,0.0,0.0
attenuated,honest,1.5,both_own,477,A_concede,11,10,restored,0.014675052410901468,0.014675052410901468,0.0,0.0,0.0
attenuated,honest,1.5,both_own,477,A_concede,12,11,restored,0.014675052410901468,0.014675052410901468,0.0,0.0,0.0
attenuated,honest,1.5,both_own,477,A_concede,13,12,restored,0.014675052410901468,0.014675052410901468,0.0,0.0,0.0
attenuated,honest,1.5,both_own,477,A_concede,14,13,restored,0.014675052410901468,0.014675052410901468,0.0,0.0,0.0
attenuated,honest,1.5,both_own,477,A_concede,15,14,restored,0.008385744234800839,0.008385744234800839,0.0,0.0,0.0
attenuated,honest,1.5,both_own,477,A_concede,16,15,restored,0.006289308176100629,0.006289308176100629,0.0,0.0,0.0
attenuated,honest,1.5,both_own,477,A_concede,17,16,restored,0.010482180293501049,0.010482180293501049,0.0,0.0,0.0
attenuated,honest,1.5,both_own,477,A_concede,18,17,restored,0.006289308176100629,0.006289308176100629,0.0,0.0,0.0
attenuated,honest,1.5,both_own,477,A_concede,19,18,restored,0.008385744234800839,0.008385744234800839,0.0,0.0,0.0
attenuated,honest,1.5,both_own,477,A_concede,20,19,restored,0.012578616352201259,0.012578616352201259,0.0,0.0,0.0
attenuated,honest,1.5,both_own,477,A_concede,21,20,restored,0.006289308176100629,0.006289308176100629,0.0,0.0,0.0
attenuated,honest,1.5,both_own,477,A_concede,22,21,restored,0.016771488469601678,0.016771488469601678,0.0,0.0,0.0
attenuated,honest,1.5,both_own,477,A_concede,23,22,restored,0.008385744234800839,0.008385744234800839,0.0,0.0,0.0
attenuated,honest,1.5,both_own,477,A_concede,24,23,restored,0.020964360587002098,0.020964360587002098,0.0,0.0,0.0
attenuated,honest,1.5,both_own,477,B_concede,1,0,pre,0.1488469601677149,0.1488469601677149,0.0,0.0,0.0
attenuated,honest,1.5,both_own,477,B_concede,2,1,pre,0.19916142557651992,0.19916142557651992,0.0,0.0,0.0
attenuated,honest,1.5,both_own,477,B_concede,3,2,pre,0.22431865828092243,0.22431865828092243,0.0,0.0,0.0
attenuated,honest,1.5,both_own,477,B_concede,4,3,pre,0.2893081761006289,0.2893081761006289,0.0,0.0,0.0
attenuated,honest,1.5,both_own,477,B_concede,5,4,pre,0.2809224318658281,0.2809224318658281,0.0,0.0,0.0
attenuated,honest,1.5,both_own,477,B_concede,6,5,pre,0.2914046121593291,0.2914046121593291,0.0,0.0,0.0
attenuated,honest,1.5,both_own,477,B_concede,7,6,pre,0.27672955974842767,0.27672955974842767,0.0,0.0,0.0
attenuated,honest,1.5,both_own,477,B_concede,8,7,removed,0.32075471698113206,0.32075471698113206,0.0,0.0,0.0
attenuated,honest,1.5,both_own,477,B_concede,9,8,removed,0.3039832285115304,0.3039832285115304,0.0,0.0,0.0
attenuated,honest,1.5,both_own,477,B_concede,10,9,removed,0.3270440251572327,0.3270440251572327,0.0,0.0,0.0
attenuated,honest,1.5,both_own,477,B_concede,11,10,restored,0.3081761006289308,0.3081761006289308,0.0,0.0,0.0
attenuated,honest,1.5,both_own,477,B_concede,12,11,restored,0.3522012578616352,0.3522012578616352,0.0,0.0,0.0
attenuated,honest,1.5,both_own,477,B_concede,13,12,restored,0.31446540880503143,0.31446540880503143,0.0,0.0,0.0
attenuated,honest,1.5,both_own,477,B_concede,14,13,restored,0.36268343815513626,0.36268343815513626,0.0,0.0,0.0
attenuated,honest,1.5,both_own,477,B_concede,15,14,restored,0.3480083857442348,0.3480083857442348,0.0,0.0,0.0
attenuated,honest,1.5,both_own,477,B_concede,16,15,restored,0.33542976939203356,0.33542976939203356,0.0,0.0,0.0
attenuated,honest,1.5,both_own,477,B_concede,17,16,restored,0.33752620545073375,0.33752620545073375,0.0,0.0,0.0
attenuated,honest,1.5,both_own,477,B_concede,18,17,restored,0.3270440251572327,0.3270440251572327,0.0,0.0,0.0
attenuated,honest,1.5,both_own,477,B_concede,19,18,restored,0.36268343815513626,0.36268343815513626,0.0,0.0,0.0
attenuated,honest,1.5,both_own,477,B_concede,20,19,restored,0.3857442348008386,0.3857442348008386,0.0,0.0,0.0
attenuated,honest,1.5,both_own,477,B_concede,21,20,restored,0.350104821802935,0.350104821802935,0.0,0.0,0.0
attenuated,honest,1.5,both_own,477,B_concede,22,21,restored,0.3836477987421384,0.3836477987421384,0.0,0.0,0.0
attenuated,honest,1.5,both_own,477,B_concede,23,22,restored,0.3836477987421384,0.3836477987421384,0.0,0.0,0.0
attenuated,honest,1.5,both_own,477,B_concede,24,23,restored,0.35639412997903563,0.35639412997903563,0.0,0.0,0.0
attenuated,honest,1.5,both_own,477,any_concede,1,0,pre,0.1530398322851153,0.1530398322851153,0.0,0.0,0.0
attenuated,honest,1.5,both_own,477,any_concede,2,1,pre,0.19916142557651992,0.19916142557651992,0.0,0.0,0.0
attenuated,honest,1.5,both_own,477,any_concede,3,2,pre,0.22431865828092243,0.22431865828092243,0.0,0.0,0.0
attenuated,honest,1.5,both_own,477,any_concede,4,3,pre,0.29979035639413,0.29979035639413,0.0,0.0,0.0
attenuated,honest,1.5,both_own,477,any_concede,5,4,pre,0.2830188679245283,0.2830188679245283,0.0,0.0,0.0
attenuated,honest,1.5,both_own,477,any_concede,6,5,pre,0.29350104821802936,0.29350104821802936,0.0,0.0,0.0
attenuated,honest,1.5,both_own,477,any_concede,7,6,pre,0.27672955974842767,0.27672955974842767,0.0,0.0,0.0
attenuated,honest,1.5,both_own,477,any_concede,8,7,removed,0.3312368972746331,0.3312368972746331,0.0,0.0,0.0
attenuated,honest,1.5,both_own,477,any_concede,9,8,removed,0.31027253668763105,0.31027253668763105,0.0,0.0,0.0
attenuated,honest,1.5,both_own,477,any_concede,10,9,removed,0.33542976939203356,0.33542976939203356,0.0,0.0,0.0
attenuated,honest,1.5,both_own,477,any_concede,11,10,restored,0.3228511530398323,0.3228511530398323,0.0,0.0,0.0
attenuated,honest,1.5,both_own,477,any_concede,12,11,restored,0.3668763102725367,0.3668763102725367,0.0,0.0,0.0
attenuated,honest,1.5,both_own,477,any_concede,13,12,restored,0.3270440251572327,0.3270440251572327,0.0,0.0,0.0
attenuated,honest,1.5,both_own,477,any_concede,14,13,restored,0.3731656184486373,0.3731656184486373,0.0,0.0,0.0
attenuated,honest,1.5,both_own,477,any_concede,15,14,restored,0.3522012578616352,0.3522012578616352,0.0,0.0,0.0
attenuated,honest,1.5,both_own,477,any_concede,16,15,restored,0.3417190775681342,0.3417190775681342,0.0,0.0,0.0
attenuated,honest,1.5,both_own,477,any_concede,17,16,restored,0.3438155136268344,0.3438155136268344,0.0,0.0,0.0
attenuated,honest,1.5,both_own,477,any_concede,18,17,restored,0.3333333333333333,0.3333333333333333,0.0,0.0,0.0
attenuated,honest,1.5,both_own,477,any_concede,19,18,restored,0.3710691823899371,0.3710691823899371,0.0,0.0,0.0
attenuated,honest,1.5,both_own,477,any_concede,20,19,restored,0.39622641509433965,0.39622641509433965,0.0,0.0,0.0
attenuated,honest,1.5,both_own,477,any_concede,21,20,restored,0.35639412997903563,0.35639412997903563,0.0,0.0,0.0
attenuated,honest,1.5,both_own,477,any_concede,22,21,restored,0.39832285115303984,0.39832285115303984,0.0,0.0,0.0
attenuated,honest,1.5,both_own,477,any_concede,23,22,restored,0.3920335429769392,0.3920335429769392,0.0,0.0,0.0
attenuated,honest,1.5,both_own,477,any_concede,24,23,restored,0.37735849056603776,0.37735849056603776,0.0,0.0,0.0
attenuated,honest,1.5,both_own,477,MN,1,0,pre,0.8469601677148847,0.8469601677148847,0.0,0.0,0.0
attenuated,honest,1.5,both_own,477,MN,2,1,pre,0.80083857442348,0.80083857442348,0.0,0.0,0.0
attenuated,honest,1.5,both_own,477,MN,3,2,pre,0.7756813417190775,0.7756813417190775,0.0,0.0,0.0
attenuated,honest,1.5,both_own,477,MN,4,3,pre,0.70020964360587,0.70020964360587,0.0,0.0,0.0
attenuated,honest,1.5,both_own,477,MN,5,4,pre,0.7169811320754716,0.7169811320754716,0.0,0.0,0.0
attenuated,honest,1.5,both_own,477,MN,6,5,pre,0.7064989517819706,0.7064989517819706,0.0,0.0,0.0
attenuated,honest,1.5,both_own,477,MN,7,6,pre,0.7232704402515723,0.7232704402515723,0.0,0.0,0.0
attenuated,honest,1.5,both_own,477,MN,8,7,removed,0.6687631027253669,0.6687631027253669,0.0,0.0,0.0
attenuated,honest,1.5,both_own,477,MN,9,8,removed,0.689727463312369,0.689727463312369,0.0,0.0,0.0
attenuated,honest,1.5,both_own,477,MN,10,9,removed,0.6645702306079665,0.6645702306079665,0.0,0.0,0.0
attenuated,honest,1.5,both_own,477,MN,11,10,restored,0.6771488469601677,0.6771488469601677,0.0,0.0,0.0
attenuated,honest,1.5,both_own,477,MN,12,11,restored,0.6331236897274634,0.6331236897274634,0.0,0.0,0.0
attenuated,honest,1.5,both_own,477,MN,13,12,restored,0.6729559748427673,0.6729559748427673,0.0,0.0,0.0
attenuated,honest,1.5,both_own,477,MN,14,13,restored,0.6268343815513627,0.6268343815513627,0.0,0.0,0.0
attenuated,honest,1.5,both_own,477,MN,15,14,restored,0.6477987421383647,0.6477987421383647,0.0,0.0,0.0
attenuated,honest,1.5,both_own,477,MN,16,15,restored,0.6582809224318659,0.6582809224318659,0.0,0.0,0.0
attenuated,honest,1.5,both_own,477,MN,17,16,restored,0.6561844863731656,0.6561844863731656,0.0,0.0,0.0
attenuated,honest,1.5,both_own,477,MN,18,17,restored,0.6666666666666666,0.6666666666666666,0.0,0.0,0.0
attenuated,honest,1.5,both_own,477,MN,19,18,restored,0.6289308176100629,0.6289308176100629,0.0,0.0,0.0
attenuated,honest,1.5,both_own,477,MN,20,19,restored,0.6037735849056604,0.6037735849056604,0.0,0.0,0.0
attenuated,honest,1.5,both_own,477,MN,21,20,restored,0.6436058700209644,0.6436058700209644,0.0,0.0,0.0
attenuated,honest,1.5,both_own,477,MN,22,21,restored,0.6016771488469602,0.6016771488469602,0.0,0.0,0.0
attenuated,honest,1.5,both_own,477,MN,23,22,restored,0.6079664570230608,0.6079664570230608,0.0,0.0,0.0
attenuated,honest,1.5,both_own,477,MN,24,23,restored,0.6226415094339622,0.6226415094339622,0.0,0.0,0.0
attenuated,honest,1.5,both_own,477,U,1,0,pre,0.8469601677148847,0.8469601677148847,0.0,0.0,0.0
attenuated,honest,1.5,both_own,477,U,2,1,pre,0.7274633123689728,0.7274633123689728,0.0,0.0,0.0
attenuated,honest,1.5,both_own,477,U,3,2,pre,0.6687631027253669,0.6687631027253669,0.0,0.0,0.0
attenuated,honest,1.5,both_own,477,U,4,3,pre,0.6184486373165619,0.6184486373165619,0.0,0.0,0.0
attenuated,honest,1.5,both_own,477,U,5,4,pre,0.6121593291404612,0.6121593291404612,0.0,0.0,0.0
attenuated,honest,1.5,both_own,477,U,6,5,pre,0.5744234800838575,0.5744234800838575,0.0,0.0,0.0
attenuated,honest,1.5,both_own,477,U,7,6,pre,0.589098532494759,0.589098532494759,0.0,0.0,0.0
attenuated,honest,1.5,both_own,477,U,8,7,removed,0.5639412997903563,0.5639412997903563,0.0,0.0,0.0
attenuated,honest,1.5,both_own,477,U,9,8,removed,0.559748427672956,0.559748427672956,0.0,0.0,0.0
attenuated,honest,1.5,both_own,477,U,10,9,removed,0.5555555555555556,0.5555555555555556,0.0,0.0,0.0
attenuated,honest,1.5,both_own,477,U,11,10,restored,0.5576519916142557,0.5576519916142557,0.0,0.0,0.0
attenuated,honest,1.5,both_own,477,U,12,11,restored,0.5262054507337526,0.5262054507337526,0.0,0.0,0.0
attenuated,honest,1.5,both_own,477,U,13,12,restored,0.5283018867924528,0.5283018867924528,0.0,0.0,0.0
attenuated,honest,1.5,both_own,477,U,14,13,restored,0.5052410901467506,0.5052410901467506,0.0,0.0,0.0
attenuated,honest,1.5,both_own,477,U,15,14,restored,0.5387840670859538,0.5387840670859538,0.0,0.0,0.0
attenuated,honest,1.5,both_own,477,U,16,15,restored,0.5241090146750524,0.5241090146750524,0.0,0.0,0.0
attenuated,honest,1.5,both_own,477,U,17,16,restored,0.5241090146750524,0.5241090146750524,0.0,0.0,0.0
attenuated,honest,1.5,both_own,477,U,18,17,restored,0.5220125786163522,0.5220125786163522,0.0,0.0,0.0
attenuated,honest,1.5,both_own,477,U,19,18,restored,0.5010482180293501,0.5010482180293501,0.0,0.0,0.0
attenuated,honest,1.5,both_own,477,U,20,19,restored,0.5094339622641509,0.5094339622641509,0.0,0.0,0.0
attenuated,honest,1.5,both_own,477,U,21,20,restored,0.48846960167714887,0.48846960167714887,0.0,0.0,0.0
attenuated,honest,1.5,both_own,477,U,22,21,restored,0.4779874213836478,0.4779874213836478,0.0,0.0,0.0
attenuated,honest,1.5,both_own,477,U,23,22,restored,0.48427672955974843,0.48427672955974843,0.0,0.0,0.0
attenuated,honest,1.5,both_own,477,U,24,23,restored,0.4716981132075472,0.4716981132075472,0.0,0.0,0.0
attenuated,honest,1.5,both_own,477,belief_gap,1,0,pre,0.5405059643443034,0.5405059643443034,0.0,0.0,0.0
attenuated,honest,1.5,both_own,477,belief_gap,2,1,pre,0.504012152128009,0.504012152128009,0.0,0.0,0.0
attenuated,honest,1.5,both_own,477,belief_gap,3,2,pre,0.47616485615345194,0.47616485615345194,0.0,0.0,0.0
attenuated,honest,1.5,both_own,477,belief_gap,4,3,pre,0.45769067608777503,0.45769067608777503,0.0,0.0,0.0
attenuated,honest,1.5,both_own,477,belief_gap,5,4,pre,0.4450212563375711,0.4450212563375711,0.0,0.0,0.0
attenuated,honest,1.5,both_own,477,belief_gap,6,5,pre,0.43445723108363765,0.43445723108363765,0.0,0.0,0.0
attenuated,honest,1.5,both_own,477,belief_gap,7,6,pre,0.424638319927266,0.424638319927266,0.0,0.0,0.0
attenuated,honest,1.5,both_own,477,belief_gap,8,7,removed,0.4179468505062396,0.4179468505062396,0.0,0.0,0.0
attenuated,honest,1.5,both_own,477,belief_gap,9,8,removed,0.41344780237667694,0.41344780237667694,0.0,0.0,0.0
attenuated,honest,1.5,both_own,477,belief_gap,10,9,removed,0.4121833443186399,0.4121833443186399,0.0,0.0,0.0
attenuated,honest,1.5,both_own,477,belief_gap,11,10,restored,0.40890099895450577,0.40890099895450577,0.0,0.0,0.0
attenuated,honest,1.5,both_own,477,belief_gap,12,11,restored,0.40377096545181324,0.40377096545181324,0.0,0.0,0.0
attenuated,honest,1.5,both_own,477,belief_gap,13,12,restored,0.4001748405195586,0.4001748405195586,0.0,0.0,0.0
attenuated,honest,1.5,both_own,477,belief_gap,14,13,restored,0.39840344848737397,0.39840344848737397,0.0,0.0,0.0
attenuated,honest,1.5,both_own,477,belief_gap,15,14,restored,0.39786152356024546,0.39786152356024546,0.0,0.0,0.0
attenuated,honest,1.5,both_own,477,belief_gap,16,15,restored,0.4005050369602258,0.4005050369602258,0.0,0.0,0.0
attenuated,honest,1.5,both_own,477,belief_gap,17,16,restored,0.39728310584133075,0.39728310584133075,0.0,0.0,0.0
attenuated,honest,1.5,both_own,477,belief_gap,18,17,restored,0.3894626980357454,0.3894626980357454,0.0,0.0,0.0
attenuated,honest,1.5,both_own,477,belief_gap,19,18,restored,0.38662595244219583,0.38662595244219583,0.0,0.0,0.0
attenuated,honest,1.5,both_own,477,belief_gap,20,19,restored,0.3827269915561894,0.3827269915561894,0.0,0.0,0.0
attenuated,honest,1.5,both_own,477,belief_gap,21,20,restored,0.37898067979428707,0.37898067979428707,0.0,0.0,0.0
attenuated,honest,1.5,both_own,477,belief_gap,22,21,restored,0.37688952909120127,0.37688952909120127,0.0,0.0,0.0
attenuated,honest,1.5,both_own,477,belief_gap,23,22,restored,0.37523435455442194,0.37523435455442194,0.0,0.0,0.0
attenuated,honest,1.5,both_own,477,belief_gap,24,23,restored,0.36705175022338665,0.36705175022338665,0.0,0.0,0.0
attenuated,attenuated,1.5,all,2000,A_concede,1,0,pre,0.3495,0.3495,0.0,0.0,0.0
attenuated,attenuated,1.5,all,2000,A_concede,2,1,pre,0.367,0.367,0.0,0.0,0.0
attenuated,attenuated,1.5,all,2000,A_concede,3,2,pre,0.369,0.369,0.0,0.0,0.0
attenuated,attenuated,1.5,all,2000,A_concede,4,3,pre,0.365,0.365,0.0,0.0,0.0
attenuated,attenuated,1.5,all,2000,A_concede,5,4,pre,0.368,0.368,0.0,0.0,0.0
attenuated,attenuated,1.5,all,2000,A_concede,6,5,pre,0.371,0.371,0.0,0.0,0.0
attenuated,attenuated,1.5,all,2000,A_concede,7,6,pre,0.363,0.363,0.0,0.0,0.0
attenuated,attenuated,1.5,all,2000,A_concede,8,7,removed,0.375,0.375,0.0,0.0,0.0
attenuated,attenuated,1.5,all,2000,A_concede,9,8,removed,0.3725,0.3725,0.0,0.0,0.0
attenuated,attenuated,1.5,all,2000,A_concede,10,9,removed,0.363,0.363,0.0,0.0,0.0
attenuated,attenuated,1.5,all,2000,A_concede,11,10,restored,0.3735,0.3735,0.0,0.0,0.0
attenuated,attenuated,1.5,all,2000,A_concede,12,11,restored,0.3685,0.3685,0.0,0.0,0.0
attenuated,attenuated,1.5,all,2000,A_concede,13,12,restored,0.362,0.362,0.0,0.0,0.0
attenuated,attenuated,1.5,all,2000,A_concede,14,13,restored,0.365,0.365,0.0,0.0,0.0
attenuated,attenuated,1.5,all,2000,A_concede,15,14,restored,0.368,0.368,0.0,0.0,0.0
attenuated,attenuated,1.5,all,2000,A_concede,16,15,restored,0.3725,0.3725,0.0,0.0,0.0
attenuated,attenuated,1.5,all,2000,A_concede,17,16,restored,0.3605,0.3605,0.0,0.0,0.0
attenuated,attenuated,1.5,all,2000,A_concede,18,17,restored,0.364,0.364,0.0,0.0,0.0
attenuated,attenuated,1.5,all,2000,A_concede,19,18,restored,0.366,0.366,0.0,0.0,0.0
attenuated,attenuated,1.5,all,2000,A_concede,20,19,restored,0.3635,0.3635,0.0,0.0,0.0
attenuated,attenuated,1.5,all,2000,A_concede,21,20,restored,0.37,0.37,0.0,0.0,0.0
attenuated,attenuated,1.5,all,2000,A_concede,22,21,restored,0.3695,0.3695,0.0,0.0,0.0
attenuated,attenuated,1.5,all,2000,A_concede,23,22,restored,0.365,0.365,0.0,0.0,0.0
attenuated,attenuated,1.5,all,2000,A_concede,24,23,restored,0.366,0.366,0.0,0.0,0.0
attenuated,attenuated,1.5,all,2000,B_concede,1,0,pre,0.367,0.367,0.0,0.0,0.0
attenuated,attenuated,1.5,all,2000,B_concede,2,1,pre,0.375,0.375,0.0,0.0,0.0
attenuated,attenuated,1.5,all,2000,B_concede,3,2,pre,0.3775,0.3775,0.0,0.0,0.0
attenuated,attenuated,1.5,all,2000,B_concede,4,3,pre,0.373,0.373,0.0,0.0,0.0
attenuated,attenuated,1.5,all,2000,B_concede,5,4,pre,0.368,0.368,0.0,0.0,0.0
attenuated,attenuated,1.5,all,2000,B_concede,6,5,pre,0.368,0.368,0.0,0.0,0.0
attenuated,attenuated,1.5,all,2000,B_concede,7,6,pre,0.374,0.374,0.0,0.0,0.0
attenuated,attenuated,1.5,all,2000,B_concede,8,7,removed,0.3725,0.3725,0.0,0.0,0.0
attenuated,attenuated,1.5,all,2000,B_concede,9,8,removed,0.374,0.374,0.0,0.0,0.0
attenuated,attenuated,1.5,all,2000,B_concede,10,9,removed,0.372,0.372,0.0,0.0,0.0
attenuated,attenuated,1.5,all,2000,B_concede,11,10,restored,0.369,0.369,0.0,0.0,0.0
attenuated,attenuated,1.5,all,2000,B_concede,12,11,restored,0.37,0.37,0.0,0.0,0.0
attenuated,attenuated,1.5,all,2000,B_concede,13,12,restored,0.3645,0.3645,0.0,0.0,0.0
attenuated,attenuated,1.5,all,2000,B_concede,14,13,restored,0.3725,0.3725,0.0,0.0,0.0
attenuated,attenuated,1.5,all,2000,B_concede,15,14,restored,0.366,0.366,0.0,0.0,0.0
attenuated,attenuated,1.5,all,2000,B_concede,16,15,restored,0.3665,0.3665,0.0,0.0,0.0
attenuated,attenuated,1.5,all,2000,B_concede,17,16,restored,0.368,0.368,0.0,0.0,0.0
attenuated,attenuated,1.5,all,2000,B_concede,18,17,restored,0.368,0.368,0.0,0.0,0.0
attenuated,attenuated,1.5,all,2000,B_concede,19,18,restored,0.3675,0.3675,0.0,0.0,0.0
attenuated,attenuated,1.5,all,2000,B_concede,20,19,restored,0.367,0.367,0.0,0.0,0.0
attenuated,attenuated,1.5,all,2000,B_concede,21,20,restored,0.3705,0.3705,0.0,0.0,0.0
attenuated,attenuated,1.5,all,2000,B_concede,22,21,restored,0.369,0.369,0.0,0.0,0.0
attenuated,attenuated,1.5,all,2000,B_concede,23,22,restored,0.3695,0.3695,0.0,0.0,0.0
attenuated,attenuated,1.5,all,2000,B_concede,24,23,restored,0.367,0.367,0.0,0.0,0.0
attenuated,attenuated,1.5,all,2000,any_concede,1,0,pre,0.6925,0.6925,0.0,0.0,0.0
attenuated,attenuated,1.5,all,2000,any_concede,2,1,pre,0.718,0.718,0.0,0.0,0.0
attenuated,attenuated,1.5,all,2000,any_concede,3,2,pre,0.723,0.723,0.0,0.0,0.0
attenuated,attenuated,1.5,all,2000,any_concede,4,3,pre,0.715,0.715,0.0,0.0,0.0
attenuated,attenuated,1.5,all,2000,any_concede,5,4,pre,0.716,0.716,0.0,0.0,0.0
attenuated,attenuated,1.5,all,2000,any_concede,6,5,pre,0.721,0.721,0.0,0.0,0.0
attenuated,attenuated,1.5,all,2000,any_concede,7,6,pre,0.721,0.721,0.0,0.0,0.0
attenuated,attenuated,1.5,all,2000,any_concede,8,7,removed,0.726,0.726,0.0,0.0,0.0
attenuated,attenuated,1.5,all,2000,any_concede,9,8,removed,0.7265,0.7265,0.0,0.0,0.0
attenuated,attenuated,1.5,all,2000,any_concede,10,9,removed,0.7195,0.7195,0.0,0.0,0.0
attenuated,attenuated,1.5,all,2000,any_concede,11,10,restored,0.729,0.729,0.0,0.0,0.0
attenuated,attenuated,1.5,all,2000,any_concede,12,11,restored,0.7245,0.7245,0.0,0.0,0.0
attenuated,attenuated,1.5,all,2000,any_concede,13,12,restored,0.7155,0.7155,0.0,0.0,0.0
attenuated,attenuated,1.5,all,2000,any_concede,14,13,restored,0.726,0.726,0.0,0.0,0.0
attenuated,attenuated,1.5,all,2000,any_concede,15,14,restored,0.72,0.72,0.0,0.0,0.0
attenuated,attenuated,1.5,all,2000,any_concede,16,15,restored,0.7245,0.7245,0.0,0.0,0.0
attenuated,attenuated,1.5,all,2000,any_concede,17,16,restored,0.7215,0.7215,0.0,0.0,0.0
attenuated,attenuated,1.5,all,2000,any_concede,18,17,restored,0.722,0.722,0.0,0.0,0.0
attenuated,attenuated,1.5,all,2000,any_concede,19,18,restored,0.7215,0.7215,0.0,0.0,0.0
attenuated,attenuated,1.5,all,2000,any_concede,20,19,restored,0.722,0.722,0.0,0.0,0.0
attenuated,attenuated,1.5,all,2000,any_concede,21,20,restored,0.73,0.73,0.0,0.0,0.0
attenuated,attenuated,1.5,all,2000,any_concede,22,21,restored,0.7285,0.7285,0.0,0.0,0.0
attenuated,attenuated,1.5,all,2000,any_concede,23,22,restored,0.72,0.72,0.0,0.0,0.0
attenuated,attenuated,1.5,all,2000,any_concede,24,23,restored,0.724,0.724,0.0,0.0,0.0
attenuated,attenuated,1.5,all,2000,MN,1,0,pre,0.3075,0.3075,0.0,0.0,0.0
attenuated,attenuated,1.5,all,2000,MN,2,1,pre,0.282,0.282,0.0,0.0,0.0
attenuated,attenuated,1.5,all,2000,MN,3,2,pre,0.277,0.277,0.0,0.0,0.0
attenuated,attenuated,1.5,all,2000,MN,4,3,pre,0.285,0.285,0.0,0.0,0.0
attenuated,attenuated,1.5,all,2000,MN,5,4,pre,0.284,0.284,0.0,0.0,0.0
attenuated,attenuated,1.5,all,2000,MN,6,5,pre,0.279,0.279,0.0,0.0,0.0
attenuated,attenuated,1.5,all,2000,MN,7,6,pre,0.279,0.279,0.0,0.0,0.0
attenuated,attenuated,1.5,all,2000,MN,8,7,removed,0.274,0.274,0.0,0.0,0.0
attenuated,attenuated,1.5,all,2000,MN,9,8,removed,0.2735,0.2735,0.0,0.0,0.0
attenuated,attenuated,1.5,all,2000,MN,10,9,removed,0.2805,0.2805,0.0,0.0,0.0
attenuated,attenuated,1.5,all,2000,MN,11,10,restored,0.271,0.271,0.0,0.0,0.0
attenuated,attenuated,1.5,all,2000,MN,12,11,restored,0.2755,0.2755,0.0,0.0,0.0
attenuated,attenuated,1.5,all,2000,MN,13,12,restored,0.2845,0.2845,0.0,0.0,0.0
attenuated,attenuated,1.5,all,2000,MN,14,13,restored,0.274,0.274,0.0,0.0,0.0
attenuated,attenuated,1.5,all,2000,MN,15,14,restored,0.28,0.28,0.0,0.0,0.0
attenuated,attenuated,1.5,all,2000,MN,16,15,restored,0.2755,0.2755,0.0,0.0,0.0
attenuated,attenuated,1.5,all,2000,MN,17,16,restored,0.2785,0.2785,0.0,0.0,0.0
attenuated,attenuated,1.5,all,2000,MN,18,17,restored,0.278,0.278,0.0,0.0,0.0
attenuated,attenuated,1.5,all,2000,MN,19,18,restored,0.2785,0.2785,0.0,0.0,0.0
attenuated,attenuated,1.5,all,2000,MN,20,19,restored,0.278,0.278,0.0,0.0,0.0
attenuated,attenuated,1.5,all,2000,MN,21,20,restored,0.27,0.27,0.0,0.0,0.0
attenuated,attenuated,1.5,all,2000,MN,22,21,restored,0.2715,0.2715,0.0,0.0,0.0
attenuated,attenuated,1.5,all,2000,MN,23,22,restored,0.28,0.28,0.0,0.0,0.0
attenuated,attenuated,1.5,all,2000,MN,24,23,restored,0.276,0.276,0.0,0.0,0.0
attenuated,attenuated,1.5,all,2000,U,1,0,pre,0.3315,0.3315,0.0,0.0,0.0
attenuated,attenuated,1.5,all,2000,U,2,1,pre,0.27,0.27,0.0,0.0,0.0
attenuated,attenuated,1.5,all,2000,U,3,2,pre,0.272,0.272,0.0,0.0,0.0
attenuated,attenuated,1.5,all,2000,U,4,3,pre,0.269,0.269,0.0,0.0,0.0
attenuated,attenuated,1.5,all,2000,U,5,4,pre,0.2715,0.2715,0.0,0.0,0.0
attenuated,attenuated,1.5,all,2000,U,6,5,pre,0.267,0.267,0.0,0.0,0.0
attenuated,attenuated,1.5,all,2000,U,7,6,pre,0.269,0.269,0.0,0.0,0.0
attenuated,attenuated,1.5,all,2000,U,8,7,removed,0.266,0.266,0.0,0.0,0.0
attenuated,attenuated,1.5,all,2000,U,9,8,removed,0.265,0.265,0.0,0.0,0.0
attenuated,attenuated,1.5,all,2000,U,10,9,removed,0.26,0.26,0.0,0.0,0.0
attenuated,attenuated,1.5,all,2000,U,11,10,restored,0.2555,0.2555,0.0,0.0,0.0
attenuated,attenuated,1.5,all,2000,U,12,11,restored,0.2545,0.2545,0.0,0.0,0.0
attenuated,attenuated,1.5,all,2000,U,13,12,restored,0.2535,0.2535,0.0,0.0,0.0
attenuated,attenuated,1.5,all,2000,U,14,13,restored,0.2515,0.2515,0.0,0.0,0.0
attenuated,attenuated,1.5,all,2000,U,15,14,restored,0.252,0.252,0.0,0.0,0.0
attenuated,attenuated,1.5,all,2000,U,16,15,restored,0.2545,0.2545,0.0,0.0,0.0
attenuated,attenuated,1.5,all,2000,U,17,16,restored,0.252,0.252,0.0,0.0,0.0
attenuated,attenuated,1.5,all,2000,U,18,17,restored,0.2555,0.2555,0.0,0.0,0.0
attenuated,attenuated,1.5,all,2000,U,19,18,restored,0.252,0.252,0.0,0.0,0.0
attenuated,attenuated,1.5,all,2000,U,20,19,restored,0.247,0.247,0.0,0.0,0.0
attenuated,attenuated,1.5,all,2000,U,21,20,restored,0.2475,0.2475,0.0,0.0,0.0
attenuated,attenuated,1.5,all,2000,U,22,21,restored,0.2495,0.2495,0.0,0.0,0.0
attenuated,attenuated,1.5,all,2000,U,23,22,restored,0.249,0.249,0.0,0.0,0.0
attenuated,attenuated,1.5,all,2000,U,24,23,restored,0.241,0.241,0.0,0.0,0.0
attenuated,attenuated,1.5,all,2000,belief_gap,1,0,pre,0.25344288933324977,0.25344288933324977,0.0,0.0,0.0
attenuated,attenuated,1.5,all,2000,belief_gap,2,1,pre,0.2473671484828976,0.2473671484828976,0.0,0.0,0.0
attenuated,attenuated,1.5,all,2000,belief_gap,3,2,pre,0.2433097918458347,0.2433097918458347,0.0,0.0,0.0
attenuated,attenuated,1.5,all,2000,belief_gap,4,3,pre,0.24058586847878255,0.24058586847878255,0.0,0.0,0.0
attenuated,attenuated,1.5,all,2000,belief_gap,5,4,pre,0.23846070273825465,0.23846070273825465,0.0,0.0,0.0
attenuated,attenuated,1.5,all,2000,belief_gap,6,5,pre,0.2368976175860654,0.2368976175860654,0.0,0.0,0.0
attenuated,attenuated,1.5,all,2000,belief_gap,7,6,pre,0.2355105300285223,0.2355105300285223,0.0,0.0,0.0
attenuated,attenuated,1.5,all,2000,belief_gap,8,7,removed,0.23421029079869668,0.23421029079869668,0.0,0.0,0.0
attenuated,attenuated,1.5,all,2000,belief_gap,9,8,removed,0.23321047478716325,0.23321047478716325,0.0,0.0,0.0
attenuated,attenuated,1.5,all,2000,belief_gap,10,9,removed,0.23230396248615615,0.23230396248615615,0.0,0.0,0.0
attenuated,attenuated,1.5,all,2000,belief_gap,11,10,restored,0.23182884690071223,0.23182884690071223,0.0,0.0,0.0
attenuated,attenuated,1.5,all,2000,belief_gap,12,11,restored,0.2314999400103189,0.2314999400103189,0.0,0.0,0.0
attenuated,attenuated,1.5,all,2000,belief_gap,13,12,restored,0.23136250259363442,0.23136250259363442,0.0,0.0,0.0
attenuated,attenuated,1.5,all,2000,belief_gap,14,13,restored,0.23104686205714506,0.23104686205714506,0.0,0.0,0.0
attenuated,attenuated,1.5,all,2000,belief_gap,15,14,restored,0.23096077876777013,0.23096077876777013,0.0,0.0,0.0
attenuated,attenuated,1.5,all,2000,belief_gap,16,15,restored,0.23053836047757936,0.23053836047757936,0.0,0.0,0.0
attenuated,attenuated,1.5,all,2000,belief_gap,17,16,restored,0.2301191135230187,0.2301191135230187,0.0,0.0,0.0
attenuated,attenuated,1.5,all,2000,belief_gap,18,17,restored,0.22950455342786194,0.22950455342786194,0.0,0.0,0.0
attenuated,attenuated,1.5,all,2000,belief_gap,19,18,restored,0.22885439279948513,0.22885439279948513,0.0,0.0,0.0
attenuated,attenuated,1.5,all,2000,belief_gap,20,19,restored,0.22783589911703825,0.22783589911703825,0.0,0.0,0.0
attenuated,attenuated,1.5,all,2000,belief_gap,21,20,restored,0.22666510559252007,0.22666510559252007,0.0,0.0,0.0
attenuated,attenuated,1.5,all,2000,belief_gap,22,21,restored,0.22535803960675882,0.22535803960675882,0.0,0.0,0.0
attenuated,attenuated,1.5,all,2000,belief_gap,23,22,restored,0.2241412981237688,0.2241412981237688,0.0,0.0,0.0
attenuated,attenuated,1.5,all,2000,belief_gap,24,23,restored,0.22292178150764952,0.22292178150764952,0.0,0.0,0.0
attenuated,attenuated,1.5,both_own,477,A_concede,1,0,pre,0.0041928721174004195,0.0041928721174004195,0.0,0.0,0.0
attenuated,attenuated,1.5,both_own,477,A_concede,2,1,pre,0.0,0.0,0.0,0.0,0.0
attenuated,attenuated,1.5,both_own,477,A_concede,3,2,pre,0.0,0.0,0.0,0.0,0.0
attenuated,attenuated,1.5,both_own,477,A_concede,4,3,pre,0.008385744234800839,0.008385744234800839,0.0,0.0,0.0
attenuated,attenuated,1.5,both_own,477,A_concede,5,4,pre,0.0020964360587002098,0.0020964360587002098,0.0,0.0,0.0
attenuated,attenuated,1.5,both_own,477,A_concede,6,5,pre,0.0041928721174004195,0.0041928721174004195,0.0,0.0,0.0
attenuated,attenuated,1.5,both_own,477,A_concede,7,6,pre,0.0,0.0,0.0,0.0,0.0
attenuated,attenuated,1.5,both_own,477,A_concede,8,7,removed,0.010482180293501049,0.010482180293501049,0.0,0.0,0.0
attenuated,attenuated,1.5,both_own,477,A_concede,9,8,removed,0.006289308176100629,0.006289308176100629,0.0,0.0,0.0
attenuated,attenuated,1.5,both_own,477,A_concede,10,9,removed,0.008385744234800839,0.008385744234800839,0.0,0.0,0.0
attenuated,attenuated,1.5,both_own,477,A_concede,11,10,restored,0.023060796645702306,0.023060796645702306,0.0,0.0,0.0
attenuated,attenuated,1.5,both_own,477,A_concede,12,11,restored,0.023060796645702306,0.023060796645702306,0.0,0.0,0.0
attenuated,attenuated,1.5,both_own,477,A_concede,13,12,restored,0.014675052410901468,0.014675052410901468,0.0,0.0,0.0
attenuated,attenuated,1.5,both_own,477,A_concede,14,13,restored,0.016771488469601678,0.016771488469601678,0.0,0.0,0.0
attenuated,attenuated,1.5,both_own,477,A_concede,15,14,restored,0.018867924528301886,0.018867924528301886,0.0,0.0,0.0
attenuated,attenuated,1.5,both_own,477,A_concede,16,15,restored,0.027253668763102725,0.027253668763102725,0.0,0.0,0.0
attenuated,attenuated,1.5,both_own,477,A_concede,17,16,restored,0.018867924528301886,0.018867924528301886,0.0,0.0,0.0
attenuated,attenuated,1.5,both_own,477,A_concede,18,17,restored,0.012578616352201259,0.012578616352201259,0.0,0.0,0.0
attenuated,attenuated,1.5,both_own,477,A_concede,19,18,restored,0.008385744234800839,0.008385744234800839,0.0,0.0,0.0
attenuated,attenuated,1.5,both_own,477,A_concede,20,19,restored,0.029350104821802937,0.029350104821802937,0.0,0.0,0.0
attenuated,attenuated,1.5,both_own,477,A_concede,21,20,restored,0.020964360587002098,0.020964360587002098,0.0,0.0,0.0
attenuated,attenuated,1.5,both_own,477,A_concede,22,21,restored,0.016771488469601678,0.016771488469601678,0.0,0.0,0.0
attenuated,attenuated,1.5,both_own,477,A_concede,23,22,restored,0.014675052410901468,0.014675052410901468,0.0,0.0,0.0
attenuated,attenuated,1.5,both_own,477,A_concede,24,23,restored,0.039832285115303984,0.039832285115303984,0.0,0.0,0.0
attenuated,attenuated,1.5,both_own,477,B_concede,1,0,pre,0.0041928721174004195,0.0041928721174004195,0.0,0.0,0.0
attenuated,attenuated,1.5,both_own,477,B_concede,2,1,pre,0.0,0.0,0.0,0.0,0.0
attenuated,attenuated,1.5,both_own,477,B_concede,3,2,pre,0.0041928721174004195,0.0041928721174004195,0.0,0.0,0.0
attenuated,attenuated,1.5,both_own,477,B_concede,4,3,pre,0.006289308176100629,0.006289308176100629,0.0,0.0,0.0
attenuated,attenuated,1.5,both_own,477,B_concede,5,4,pre,0.0041928721174004195,0.0041928721174004195,0.0,0.0,0.0
attenuated,attenuated,1.5,both_own,477,B_concede,6,5,pre,0.008385744234800839,0.008385744234800839,0.0,0.0,0.0
attenuated,attenuated,1.5,both_own,477,B_concede,7,6,pre,0.0041928721174004195,0.0041928721174004195,0.0,0.0,0.0
attenuated,attenuated,1.5,both_own,477,B_concede,8,7,removed,0.006289308176100629,0.006289308176100629,0.0,0.0,0.0
attenuated,attenuated,1.5,both_own,477,B_concede,9,8,removed,0.012578616352201259,0.012578616352201259,0.0,0.0,0.0
attenuated,attenuated,1.5,both_own,477,B_concede,10,9,removed,0.020964360587002098,0.020964360587002098,0.0,0.0,0.0
attenuated,attenuated,1.5,both_own,477,B_concede,11,10,restored,0.012578616352201259,0.012578616352201259,0.0,0.0,0.0
attenuated,attenuated,1.5,both_own,477,B_concede,12,11,restored,0.020964360587002098,0.020964360587002098,0.0,0.0,0.0
attenuated,attenuated,1.5,both_own,477,B_concede,13,12,restored,0.010482180293501049,0.010482180293501049,0.0,0.0,0.0
attenuated,attenuated,1.5,both_own,477,B_concede,14,13,restored,0.023060796645702306,0.023060796645702306,0.0,0.0,0.0
attenuated,attenuated,1.5,both_own,477,B_concede,15,14,restored,0.016771488469601678,0.016771488469601678,0.0,0.0,0.0
attenuated,attenuated,1.5,both_own,477,B_concede,16,15,restored,0.016771488469601678,0.016771488469601678,0.0,0.0,0.0
attenuated,attenuated,1.5,both_own,477,B_concede,17,16,restored,0.020964360587002098,0.020964360587002098,0.0,0.0,0.0
attenuated,attenuated,1.5,both_own,477,B_concede,18,17,restored,0.027253668763102725,0.027253668763102725,0.0,0.0,0.0
attenuated,attenuated,1.5,both_own,477,B_concede,19,18,restored,0.031446540880503145,0.031446540880503145,0.0,0.0,0.0
attenuated,attenuated,1.5,both_own,477,B_concede,20,19,restored,0.023060796645702306,0.023060796645702306,0.0,0.0,0.0
attenuated,attenuated,1.5,both_own,477,B_concede,21,20,restored,0.016771488469601678,0.016771488469601678,0.0,0.0,0.0
attenuated,attenuated,1.5,both_own,477,B_concede,22,21,restored,0.025157232704402517,0.025157232704402517,0.0,0.0,0.0
attenuated,attenuated,1.5,both_own,477,B_concede,23,22,restored,0.033542976939203356,0.033542976939203356,0.0,0.0,0.0
attenuated,attenuated,1.5,both_own,477,B_concede,24,23,restored,0.033542976939203356,0.033542976939203356,0.0,0.0,0.0
attenuated,attenuated,1.5,both_own,477,any_concede,1,0,pre,0.008385744234800839,0.008385744234800839,0.0,0.0,0.0
attenuated,attenuated,1.5,both_own,477,any_concede,2,1,pre,0.0,0.0,0.0,0.0,0.0
attenuated,attenuated,1.5,both_own,477,any_concede,3,2,pre,0.0041928721174004195,0.0041928721174004195,0.0,0.0,0.0
attenuated,attenuated,1.5,both_own,477,any_concede,4,3,pre,0.014675052410901468,0.014675052410901468,0.0,0.0,0.0
attenuated,attenuated,1.5,both_own,477,any_concede,5,4,pre,0.006289308176100629,0.006289308176100629,0.0,0.0,0.0
attenuated,attenuated,1.5,both_own,477,any_concede,6,5,pre,0.012578616352201259,0.012578616352201259,0.0,0.0,0.0
attenuated,attenuated,1.5,both_own,477,any_concede,7,6,pre,0.0041928721174004195,0.0041928721174004195,0.0,0.0,0.0
attenuated,attenuated,1.5,both_own,477,any_concede,8,7,removed,0.016771488469601678,0.016771488469601678,0.0,0.0,0.0
attenuated,attenuated,1.5,both_own,477,any_concede,9,8,removed,0.018867924528301886,0.018867924528301886,0.0,0.0,0.0
attenuated,attenuated,1.5,both_own,477,any_concede,10,9,removed,0.029350104821802937,0.029350104821802937,0.0,0.0,0.0
attenuated,attenuated,1.5,both_own,477,any_concede,11,10,restored,0.03563941299790356,0.03563941299790356,0.0,0.0,0.0
attenuated,attenuated,1.5,both_own,477,any_concede,12,11,restored,0.041928721174004195,0.041928721174004195,0.0,0.0,0.0
attenuated,attenuated,1.5,both_own,477,any_concede,13,12,restored,0.025157232704402517,0.025157232704402517,0.0,0.0,0.0
attenuated,attenuated,1.5,both_own,477,any_concede,14,13,restored,0.039832285115303984,0.039832285115303984,0.0,0.0,0.0
attenuated,attenuated,1.5,both_own,477,any_concede,15,14,restored,0.03563941299790356,0.03563941299790356,0.0,0.0,0.0
attenuated,attenuated,1.5,both_own,477,any_concede,16,15,restored,0.0440251572327044,0.0440251572327044,0.0,0.0,0.0
attenuated,attenuated,1.5,both_own,477,any_concede,17,16,restored,0.039832285115303984,0.039832285115303984,0.0,0.0,0.0
attenuated,attenuated,1.5,both_own,477,any_concede,18,17,restored,0.039832285115303984,0.039832285115303984,0.0,0.0,0.0
attenuated,attenuated,1.5,both_own,477,any_concede,19,18,restored,0.03773584905660377,0.03773584905660377,0.0,0.0,0.0
attenuated,attenuated,1.5,both_own,477,any_concede,20,19,restored,0.05241090146750524,0.05241090146750524,0.0,0.0,0.0
attenuated,attenuated,1.5,both_own,477,any_concede,21,20,restored,0.03773584905660377,0.03773584905660377,0.0,0.0,0.0
attenuated,attenuated,1.5,both_own,477,any_concede,22,21,restored,0.041928721174004195,0.041928721174004195,0.0,0.0,0.0
attenuated,attenuated,1.5,both_own,477,any_concede,23,22,restored,0.04821802935010482,0.04821802935010482,0.0,0.0,0.0
attenuated,attenuated,1.5,both_own,477,any_concede,24,23,restored,0.07337526205450734,0.07337526205450734,0.0,0.0,0.0
attenuated,attenuated,1.5,both_own,477,MN,1,0,pre,0.9916142557651991,0.9916142557651991,0.0,0.0,0.0
attenuated,attenuated,1.5,both_own,477,MN,2,1,pre,1.0,1.0,0.0,0.0,0.0
attenuated,attenuated,1.5,both_own,477,MN,3,2,pre,0.9958071278825996,0.9958071278825996,0.0,0.0,0.0
attenuated,attenuated,1.5,both_own,477,MN,4,3,pre,0.9853249475890985,0.9853249475890985,0.0,0.0,0.0
attenuated,attenuated,1.5,both_own,477,MN,5,4,pre,0.9937106918238994,0.9937106918238994,0.0,0.0,0.0
attenuated,attenuated,1.5,both_own,477,MN,6,5,pre,0.9874213836477987,0.9874213836477987,0.0,0.0,0.0
attenuated,attenuated,1.5,both_own,477,MN,7,6,pre,0.9958071278825996,0.9958071278825996,0.0,0.0,0.0
attenuated,attenuated,1.5,both_own,477,MN,8,7,removed,0.9832285115303984,0.9832285115303984,0.0,0.0,0.0
attenuated,attenuated,1.5,both_own,477,MN,9,8,removed,0.9811320754716981,0.9811320754716981,0.0,0.0,0.0
attenuated,attenuated,1.5,both_own,477,MN,10,9,removed,0.9706498951781971,0.9706498951781971,0.0,0.0,0.0
attenuated,attenuated,1.5,both_own,477,MN,11,10,restored,0.9643605870020965,0.9643605870020965,0.0,0.0,0.0
attenuated,attenuated,1.5,both_own,477,MN,12,11,restored,0.9580712788259959,0.9580712788259959,0.0,0.0,0.0
attenuated,attenuated,1.5,both_own,477,MN,13,12,restored,0.9748427672955975,0.9748427672955975,0.0,0.0,0.0
attenuated,attenuated,1.5,both_own,477,MN,14,13,restored,0.960167714884696,0.960167714884696,0.0,0.0,0.0
attenuated,attenuated,1.5,both_own,477,MN,15,14,restored,0.9643605870020965,0.9643605870020965,0.0,0.0,0.0
attenuated,attenuated,1.5,both_own,477,MN,16,15,restored,0.9559748427672956,0.9559748427672956,0.0,0.0,0.0
attenuated,attenuated,1.5,both_own,477,MN,17,16,restored,0.960167714884696,0.960167714884696,0.0,0.0,0.0
attenuated,attenuated,1.5,both_own,477,MN,18,17,restored,0.960167714884696,0.960167714884696,0.0,0.0,0.0
attenuated,attenuated,1.5,both_own,477,MN,19,18,restored,0.9622641509433962,0.9622641509433962,0.0,0.0,0.0
attenuated,attenuated,1.5,both_own,477,MN,20,19,restored,0.9475890985324947,0.9475890985324947,0.0,0.0,0.0
attenuated,attenuated,1.5,both_own,477,MN,21,20,restored,0.9622641509433962,0.9622641509433962,0.0,0.0,0.0
attenuated,attenuated,1.5,both_own,477,MN,22,21,restored,0.9580712788259959,0.9580712788259959,0.0,0.0,0.0
attenuated,attenuated,1.5,both_own,477,MN,23,22,restored,0.9517819706498952,0.9517819706498952,0.0,0.0,0.0
attenuated,attenuated,1.5,both_own,477,MN,24,23,restored,0.9266247379454927,0.9266247379454927,0.0,0.0,0.0
attenuated,attenuated,1.5,both_own,477,U,1,0,pre,0.9916142557651991,0.9916142557651991,0.0,0.0,0.0
attenuated,attenuated,1.5,both_own,477,U,2,1,pre,0.9979035639412998,0.9979035639412998,0.0,0.0,0.0
attenuated,attenuated,1.5,both_own,477,U,3,2,pre,0.9958071278825996,0.9958071278825996,0.0,0.0,0.0
attenuated,attenuated,1.5,both_own,477,U,4,3,pre,0.9853249475890985,0.9853249475890985,0.0,0.0,0.0
attenuated,attenuated,1.5,both_own,477,U,5,4,pre,0.9916142557651991,0.9916142557651991,0.0,0.0,0.0
attenuated,attenuated,1.5,both_own,477,U,6,5,pre,0.9853249475890985,0.9853249475890985,0.0,0.0,0.0
attenuated,attenuated,1.5,both_own,477,U,7,6,pre,0.9958071278825996,0.9958071278825996,0.0,0.0,0.0
attenuated,attenuated,1.5,both_own,477,U,8,7,removed,0.9832285115303984,0.9832285115303984,0.0,0.0,0.0
attenuated,attenuated,1.5,both_own,477,U,9,8,removed,0.9748427672955975,0.9748427672955975,0.0,0.0,0.0
attenuated,attenuated,1.5,both_own,477,U,10,9,removed,0.9622641509433962,0.9622641509433962,0.0,0.0,0.0
attenuated,attenuated,1.5,both_own,477,U,11,10,restored,0.949685534591195,0.949685534591195,0.0,0.0,0.0
attenuated,attenuated,1.5,both_own,477,U,12,11,restored,0.9412997903563941,0.9412997903563941,0.0,0.0,0.0
attenuated,attenuated,1.5,both_own,477,U,13,12,restored,0.949685534591195,0.949685534591195,0.0,0.0,0.0
attenuated,attenuated,1.5,both_own,477,U,14,13,restored,0.9475890985324947,0.9475890985324947,0.0,0.0,0.0
attenuated,attenuated,1.5,both_own,477,U,15,14,restored,0.9517819706498952,0.9517819706498952,0.0,0.0,0.0
attenuated,attenuated,1.5,both_own,477,U,16,15,restored,0.9517819706498952,0.9517819706498952,0.0,0.0,0.0
attenuated,attenuated,1.5,both_own,477,U,17,16,restored,0.9433962264150944,0.9433962264150944,0.0,0.0,0.0
attenuated,attenuated,1.5,both_own,477,U,18,17,restored,0.949685534591195,0.949685534591195,0.0,0.0,0.0
attenuated,attenuated,1.5,both_own,477,U,19,18,restored,0.949685534591195,0.949685534591195,0.0,0.0,0.0
attenuated,attenuated,1.5,both_own,477,U,20,19,restored,0.9412997903563941,0.9412997903563941,0.0,0.0,0.0
attenuated,attenuated,1.5,both_own,477,U,21,20,restored,0.939203354297694,0.939203354297694,0.0,0.0,0.0
attenuated,attenuated,1.5,both_own,477,U,22,21,restored,0.9371069182389937,0.9371069182389937,0.0,0.0,0.0
attenuated,attenuated,1.5,both_own,477,U,23,22,restored,0.9329140461215933,0.9329140461215933,0.0,0.0,0.0
attenuated,attenuated,1.5,both_own,477,U,24,23,restored,0.89937106918239,0.89937106918239,0.0,0.0,0.0
attenuated,attenuated,1.5,both_own,477,belief_gap,1,0,pre,0.6666602636390578,0.6666602636390578,0.0,0.0,0.0
attenuated,attenuated,1.5,both_own,477,belief_gap,2,1,pre,0.6490781728448988,0.6490781728448988,0.0,0.0,0.0
attenuated,attenuated,1.5,both_own,477,belief_gap,3,2,pre,0.6359928965805418,0.6359928965805418,0.0,0.0,0.0
attenuated,attenuated,1.5,both_own,477,belief_gap,4,3,pre,0.6261785511245237,0.6261785511245237,0.0,0.0,0.0
attenuated,attenuated,1.5,both_own,477,belief_gap,5,4,pre,0.6178593523388684,0.6178593523388684,0.0,0.0,0.0
attenuated,attenuated,1.5,both_own,477,belief_gap,6,5,pre,0.6113314978307691,0.6113314978307691,0.0,0.0,0.0
attenuated,attenuated,1.5,both_own,477,belief_gap,7,6,pre,0.6059333692062114,0.6059333692062114,0.0,0.0,0.0
attenuated,attenuated,1.5,both_own,477,belief_gap,8,7,removed,0.6008966494832485,0.6008966494832485,0.0,0.0,0.0
attenuated,attenuated,1.5,both_own,477,belief_gap,9,8,removed,0.59741768397385,0.59741768397385,0.0,0.0,0.0
attenuated,attenuated,1.5,both_own,477,belief_gap,10,9,removed,0.5941706561199854,0.5941706561199854,0.0,0.0,0.0
attenuated,attenuated,1.5,both_own,477,belief_gap,11,10,restored,0.592639461722291,0.592639461722291,0.0,0.0,0.0
attenuated,attenuated,1.5,both_own,477,belief_gap,12,11,restored,0.592159218440722,0.592159218440722,0.0,0.0,0.0
attenuated,attenuated,1.5,both_own,477,belief_gap,13,12,restored,0.5913274016759915,0.5913274016759915,0.0,0.0,0.0
attenuated,attenuated,1.5,both_own,477,belief_gap,14,13,restored,0.5911864751610677,0.5911864751610677,0.0,0.0,0.0
attenuated,attenuated,1.5,both_own,477,belief_gap,15,14,restored,0.5921604268983083,0.5921604268983083,0.0,0.0,0.0
attenuated,attenuated,1.5,both_own,477,belief_gap,16,15,restored,0.5913873844324794,0.5913873844324794,0.0,0.0,0.0
attenuated,attenuated,1.5,both_own,477,belief_gap,17,16,restored,0.5901494010285088,0.5901494010285088,0.0,0.0,0.0
attenuated,attenuated,1.5,both_own,477,belief_gap,18,17,restored,0.5884625207967917,0.5884625207967917,0.0,0.0,0.0
attenuated,attenuated,1.5,both_own,477,belief_gap,19,18,restored,0.5861017895262666,0.5861017895262666,0.0,0.0,0.0
attenuated,attenuated,1.5,both_own,477,belief_gap,20,19,restored,0.5822413301386132,0.5822413301386132,0.0,0.0,0.0
attenuated,attenuated,1.5,both_own,477,belief_gap,21,20,restored,0.5778731805984176,0.5778731805984176,0.0,0.0,0.0
attenuated,attenuated,1.5,both_own,477,belief_gap,22,21,restored,0.5731398940628839,0.5731398940628839,0.0,0.0,0.0
attenuated,attenuated,1.5,both_own,477,belief_gap,23,22,restored,0.5684387394908067,0.5684387394908067,0.0,0.0,0.0
attenuated,attenuated,1.5,both_own,477,belief_gap,24,23,restored,0.5635844457282163,0.5635844457282163,0.0,0.0,0.0
attenuated,costly,1.5,all,2000,A_concede,1,0,pre,0.3495,0.3495,0.0,0.0,0.0
attenuated,costly,1.5,all,2000,A_concede,2,1,pre,0.3685,0.3685,0.0,0.0,0.0
attenuated,costly,1.5,all,2000,A_concede,3,2,pre,0.372,0.372,0.0,0.0,0.0
attenuated,costly,1.5,all,2000,A_concede,4,3,pre,0.368,0.368,0.0,0.0,0.0
attenuated,costly,1.5,all,2000,A_concede,5,4,pre,0.3715,0.3715,0.0,0.0,0.0
attenuated,costly,1.5,all,2000,A_concede,6,5,pre,0.3745,0.3745,0.0,0.0,0.0
attenuated,costly,1.5,all,2000,A_concede,7,6,pre,0.3705,0.3705,0.0,0.0,0.0
attenuated,costly,1.5,all,2000,A_concede,8,7,removed,0.379,0.379,0.0,0.0,0.0
attenuated,costly,1.5,all,2000,A_concede,9,8,removed,0.3765,0.376,-0.0005,-0.00148,0.00047999999999999996
attenuated,costly,1.5,all,2000,A_concede,10,9,removed,0.37,0.3695,-0.0005,-0.002691785062655652,0.0016917850626556518
attenuated,costly,1.5,all,2000,A_concede,11,10,restored,0.3765,0.3755,-0.001,-0.003400700081317993,0.001400700081317993
attenuated,costly,1.5,all,2000,A_concede,12,11,restored,0.3745,0.3745,0.0,-0.002401100298055177,0.002401100298055177
attenuated,costly,1.5,all,2000,A_concede,13,12,restored,0.3705,0.37,-0.0005,-0.003093392110985275,0.002093392110985275
attenuated,costly,1.5,all,2000,A_concede,14,13,restored,0.373,0.373,0.0,-0.0019604901838265955,0.0019604901838265955
attenuated,costly,1.5,all,2000,A_concede,15,14,restored,0.374,0.3745,0.0005,-0.0016917850626556518,0.002691785062655652
attenuated,costly,1.5,all,2000,A_concede,16,15,restored,0.373,0.375,0.002,4.147128758379484e-05,0.003958528712416205
attenuated,costly,1.5,all,2000,A_concede,17,16,restored,0.3675,0.366,-0.0015,-0.0031965604494621873,0.00019656044946218722
attenuated,costly,1.5,all,2000,A_concede,18,17,restored,0.3705,0.3705,0.0,0.0,0.0
attenuated,costly,1.5,all,2000,A_concede,19,18,restored,0.3755,0.3765,0.001,-0.0009599999999999999,0.00296
attenuated,costly,1.5,all,2000,A_concede,20,19,restored,0.3665,0.367,0.0005,-0.001197692810976185,0.002197692810976185
attenuated,costly,1.5,all,2000,A_concede,21,20,restored,0.3755,0.3755,0.0,-0.001386275903433447,0.001386275903433447
attenuated,costly,1.5,all,2000,A_concede,22,21,restored,0.3805,0.3805,0.0,-0.0019604901838265955,0.0019604901838265955
attenuated,costly,1.5,all,2000,A_concede,23,22,restored,0.371,0.3695,-0.0015,-0.0031965604494621873,0.00019656044946218722
attenuated,costly,1.5,all,2000,A_concede,24,23,restored,0.372,0.372,0.0,-0.001386275903433447,0.001386275903433447
attenuated,costly,1.5,all,2000,B_concede,1,0,pre,0.0085,0.0085,0.0,0.0,0.0
attenuated,costly,1.5,all,2000,B_concede,2,1,pre,0.0135,0.0135,0.0,0.0,0.0
attenuated,costly,1.5,all,2000,B_concede,3,2,pre,0.0085,0.0085,0.0,0.0,0.0
attenuated,costly,1.5,all,2000,B_concede,4,3,pre,0.007,0.007,0.0,0.0,0.0
attenuated,costly,1.5,all,2000,B_concede,5,4,pre,0.0065,0.0065,0.0,0.0,0.0
attenuated,costly,1.5,all,2000,B_concede,6,5,pre,0.009,0.009,0.0,0.0,0.0
attenuated,costly,1.5,all,2000,B_concede,7,6,pre,0.011,0.011,0.0,0.0,0.0
attenuated,costly,1.5,all,2000,B_concede,8,7,removed,0.0125,0.4595,0.447,0.4252045418998155,0.4687954581001845
attenuated,costly,1.5,all,2000,B_concede,9,8,removed,0.006,0.4595,0.4535,0.4315881672512954,0.47541183274870463
attenuated,costly,1.5,all,2000,B_concede,10,9,removed,0.0135,0.457,0.4435,0.42167736863208494,0.4653226313679151
attenuated,costly,1.5,all,2000,B_concede,11,10,restored,0.011,0.0125,0.0015,-0.0010926509829824339,0.004092650982982434
attenuated,costly,1.5,all,2000,B_concede,12,11,restored,0.0115,0.011,-0.0005,-0.002691785062655652,0.0016917850626556518
attenuated,costly,1.5,all,2000,B_concede,13,12,restored,0.008,0.007,-0.001,-0.003400700081317993,0.001400700081317993
attenuated,costly,1.5,all,2000,B_concede,14,13,restored,0.011,0.009,-0.002,-0.0043994990305892805,0.00039949903058928045
attenuated,costly,1.5,all,2000,B_concede,15,14,restored,0.012,0.0105,-0.0015,-0.004750440105653421,0.0017504401056534207
attenuated,costly,1.5,all,2000,B_concede,16,15,restored,0.018,0.018,0.0,-0.0019604901838265955,0.0019604901838265955
attenuated,costly,1.5,all,2000,B_concede,17,16,restored,0.013,0.0115,-0.0015,-0.004092650982982434,0.0010926509829824339
attenuated,costly,1.5,all,2000,B_concede,18,17,restored,0.011,0.0085,-0.0025,-0.005438692388882891,0.00043869238888289124
attenuated,costly,1.5,all,2000,B_concede,19,18,restored,0.0075,0.005,-0.0025,-0.005438692388882891,0.00043869238888289124
attenuated,costly,1.5,all,2000,B_concede,20,19,restored,0.0105,0.009,-0.0015,-0.003690908085502347,0.000690908085502347
attenuated,costly,1.5,all,2000,B_concede,21,20,restored,0.0135,0.013,-0.0005,-0.003093392110985275,0.002093392110985275
attenuated,costly,1.5,all,2000,B_concede,22,21,restored,0.009,0.0085,-0.0005,-0.003093392110985275,0.002093392110985275
attenuated,costly,1.5,all,2000,B_concede,23,22,restored,0.0125,0.0105,-0.002,-0.0043994990305892805,0.00039949903058928045
attenuated,costly,1.5,all,2000,B_concede,24,23,restored,0.012,0.0125,0.0005,-0.002093392110985275,0.003093392110985275
attenuated,costly,1.5,all,2000,any_concede,1,0,pre,0.358,0.358,0.0,0.0,0.0
attenuated,costly,1.5,all,2000,any_concede,2,1,pre,0.382,0.382,0.0,0.0,0.0
attenuated,costly,1.5,all,2000,any_concede,3,2,pre,0.3805,0.3805,0.0,0.0,0.0
attenuated,costly,1.5,all,2000,any_concede,4,3,pre,0.375,0.375,0.0,0.0,0.0
attenuated,costly,1.5,all,2000,any_concede,5,4,pre,0.378,0.378,0.0,0.0,0.0
attenuated,costly,1.5,all,2000,any_concede,6,5,pre,0.383,0.383,0.0,0.0,0.0
attenuated,costly,1.5,all,2000,any_concede,7,6,pre,0.3815,0.3815,0.0,0.0,0.0
attenuated,costly,1.5,all,2000,any_concede,8,7,removed,0.3915,0.833,0.4415,0.4197315945936096,0.4632684054063904
attenuated,costly,1.5,all,2000,any_concede,9,8,removed,0.3825,0.83,0.4475,0.42561423091494793,0.4693857690850521
attenuated,costly,1.5,all,2000,any_concede,10,9,removed,0.3835,0.822,0.4385,0.4166593232297877,0.4603406767702123
attenuated,costly,1.5,all,2000,any_concede,11,10,restored,0.3875,0.388,0.0005,-0.0030342559729936544,0.004034255972993655
attenuated,costly,1.5,all,2000,any_concede,12,11,restored,0.386,0.3855,-0.0005,-0.003751031282870268,0.002751031282870268
attenuated,costly,1.5,all,2000,any_concede,13,12,restored,0.3785,0.377,-0.0015,-0.005033712178556771,0.0020337121785567714
attenuated,costly,1.5,all,2000,any_concede,14,13,restored,0.384,0.382,-0.002,-0.005098566984701046,0.001098566984701046
attenuated,costly,1.5,all,2000,any_concede,15,14,restored,0.386,0.385,-0.001,-0.004920735298721569,0.002920735298721569
attenuated,costly,1.5,all,2000,any_concede,16,15,restored,0.391,0.393,0.002,-0.0007711651842210914,0.0047711651842210915
attenuated,costly,1.5,all,2000,any_concede,17,16,restored,0.3805,0.3775,-0.003,-0.006097016072653989,9.701607265398928e-05
attenuated,costly,1.5,all,2000,any_concede,18,17,restored,0.3815,0.379,-0.0025,-0.005438692388882891,0.00043869238888289124
attenuated,costly,1.5,all,2000,any_concede,19,18,restored,0.383,0.3815,-0.0015,-0.005033712178556771,0.0020337121785567714
attenuated,costly,1.5,all,2000,any_concede,20,19,restored,0.377,0.376,-0.001,-0.0037722052162277664,0.0017722052162277664
attenuated,costly,1.5,all,2000,any_concede,21,20,restored,0.389,0.3885,-0.0005,-0.003440653587514327,0.0024406535875143268
attenuated,costly,1.5,all,2000,any_concede,22,21,restored,0.3895,0.389,-0.0005,-0.0037510312828702677,0.0027510312828702677
attenuated,costly,1.5,all,2000,any_concede,23,22,restored,0.3835,0.38,-0.0035,-0.006436729880529634,-0.0005632701194703662
attenuated,costly,1.5,all,2000,any_concede,24,23,restored,0.384,0.3845,0.0005,-0.0024406535875143276,0.0034406535875143277
attenuated,costly,1.5,all,2000,MN,1,0,pre,0.642,0.642,0.0,0.0,0.0
attenuated,costly,1.5,all,2000,MN,2,1,pre,0.618,0.618,0.0,0.0,0.0
attenuated,costly,1.5,all,2000,MN,3,2,pre,0.6195,0.6195,0.0,0.0,0.0
attenuated,costly,1.5,all,2000,MN,4,3,pre,0.625,0.625,0.0,0.0,0.0
attenuated,costly,1.5,all,2000,MN,5,4,pre,0.622,0.622,0.0,0.0,0.0
attenuated,costly,1.5,all,2000,MN,6,5,pre,0.617,0.617,0.0,0.0,0.0
attenuated,costly,1.5,all,2000,MN,7,6,pre,0.6185,0.6185,0.0,0.0,0.0
attenuated,costly,1.5,all,2000,MN,8,7,removed,0.6085,0.167,-0.4415,-0.4632684054063904,-0.4197315945936096
attenuated,costly,1.5,all,2000,MN,9,8,removed,0.6175,0.17,-0.4475,-0.4693857690850521,-0.42561423091494793
attenuated,costly,1.5,all,2000,MN,10,9,removed,0.6165,0.178,-0.4385,-0.4603406767702123,-0.4166593232297877
attenuated,costly,1.5,all,2000,MN,11,10,restored,0.6125,0.612,-0.0005,-0.004034255972993655,0.0030342559729936544
attenuated,costly,1.5,all,2000,MN,12,11,restored,0.614,0.6145,0.0005,-0.002751031282870268,0.003751031282870268
attenuated,costly,1.5,all,2000,MN,13,12,restored,0.6215,0.623,0.0015,-0.0020337121785567714,0.005033712178556771
attenuated,costly,1.5,all,2000,MN,14,13,restored,0.616,0.618,0.002,-0.001098566984701046,0.005098566984701046
attenuated,costly,1.5,all,2000,MN,15,14,restored,0.614,0.615,0.001,-0.002920735298721569,0.004920735298721569
attenuated,costly,1.5,all,2000,MN,16,15,restored,0.609,0.607,-0.002,-0.0047711651842210915,0.0007711651842210914
attenuated,costly,1.5,all,2000,MN,17,16,restored,0.6195,0.6225,0.003,-9.701607265398928e-05,0.006097016072653989
attenuated,costly,1.5,all,2000,MN,18,17,restored,0.6185,0.621,0.0025,-0.00043869238888289124,0.005438692388882891
attenuated,costly,1.5,all,2000,MN,19,18,restored,0.617,0.6185,0.0015,-0.0020337121785567714,0.005033712178556771
attenuated,costly,1.5,all,2000,MN,20,19,restored,0.623,0.624,0.001,-0.0017722052162277664,0.0037722052162277664
attenuated,costly,1.5,all,2000,MN,21,20,restored,0.611,0.6115,0.0005,-0.0024406535875143268,0.003440653587514327
attenuated,costly,1.5,all,2000,MN,22,21,restored,0.6105,0.611,0.0005,-0.0027510312828702677,0.0037510312828702677
attenuated,costly,1.5,all,2000,MN,23,22,restored,0.6165,0.62,0.0035,0.0005632701194703662,0.006436729880529634
attenuated,costly,1.5,all,2000,MN,24,23,restored,0.616,0.6155,-0.0005,-0.0034406535875143277,0.0024406535875143276
attenuated,costly,1.5,all,2000,U,1,0,pre,0.642,0.642,0.0,0.0,0.0
attenuated,costly,1.5,all,2000,U,2,1,pre,0.5885,0.5885,0.0,0.0,0.0
attenuated,costly,1.5,all,2000,U,3,2,pre,0.579,0.579,0.0,0.0,0.0
attenuated,costly,1.5,all,2000,U,4,3,pre,0.572,0.572,0.0,0.0,0.0
attenuated,costly,1.5,all,2000,U,5,4,pre,0.57,0.57,0.0,0.0,0.0
attenuated,costly,1.5,all,2000,U,6,5,pre,0.563,0.563,0.0,0.0,0.0
attenuated,costly,1.5,all,2000,U,7,6,pre,0.557,0.557,0.0,0.0,0.0
attenuated,costly,1.5,all,2000,U,8,7,removed,0.543,0.1555,-0.3875,-0.40925807394717983,-0.3657419260528202
attenuated,costly,1.5,all,2000,U,9,8,removed,0.54,0.1385,-0.4015,-0.4236065480782045,-0.3793934519217955
attenuated,costly,1.5,all,2000,U,10,9,removed,0.5265,0.133,-0.3935,-0.4154039379438658,-0.3715960620561342
attenuated,costly,1.5,all,2000,U,11,10,restored,0.518,0.1435,-0.3745,-0.3961654013257845,-0.3528345986742155
attenuated,costly,1.5,all,2000,U,12,11,restored,0.511,0.1475,-0.3635,-0.38494778725157897,-0.342052212748421
attenuated,costly,1.5,all,2000,U,13,12,restored,0.5075,0.155,-0.3525,-0.3736716488341645,-0.3313283511658355
attenuated,costly,1.5,all,2000,U,14,13,restored,0.499,0.162,-0.337,-0.35813472978775934,-0.3158652702122407
attenuated,costly,1.5,all,2000,U,15,14,restored,0.498,0.1725,-0.3255,-0.3463656283639749,-0.30463437163602514
attenuated,costly,1.5,all,2000,U,16,15,restored,0.4855,0.175,-0.3105,-0.3311126570974319,-0.2898873429025681
attenuated,costly,1.5,all,2000,U,17,16,restored,0.483,0.182,-0.301,-0.32139282061820734,-0.28060717938179264
attenuated,costly,1.5,all,2000,U,18,17,restored,0.4765,0.187,-0.2895,-0.30971729064985243,-0.26928270935014753
attenuated,costly,1.5,all,2000,U,19,18,restored,0.4715,0.19,-0.2815,-0.3016491161007082,-0.26135088389929173
attenuated,costly,1.5,all,2000,U,20,19,restored,0.4665,0.1935,-0.273,-0.2929677152329908,-0.25303228476700923
attenuated,costly,1.5,all,2000,U,21,20,restored,0.461,0.199,-0.262,-0.28176870267880016,-0.24223129732119983
attenuated,costly,1.5,all,2000,U,22,21,restored,0.456,0.204,-0.252,-0.2715310483006894,-0.23246895169931062
attenuated,costly,1.5,all,2000,U,23,22,restored,0.4485,0.2095,-0.239,-0.25850066976441144,-0.21949933023558857
attenuated,costly,1.5,all,2000,U,24,23,restored,0.4405,0.2105,-0.23,-0.2492637490124069,-0.21073625098759313
attenuated,costly,1.5,all,2000,belief_gap,1,0,pre,0.2056386802930882,0.2056386802930882,0.0,0.0,0.0
attenuated,costly,1.5,all,2000,belief_gap,2,1,pre,0.18931979454184097,0.18931979454184097,0.0,0.0,0.0
attenuated,costly,1.5,all,2000,belief_gap,3,2,pre,0.17913592130482608,0.17913592130482608,0.0,0.0,0.0
attenuated,costly,1.5,all,2000,belief_gap,4,3,pre,0.17168937420083194,0.17168937420083194,0.0,0.0,0.0
attenuated,costly,1.5,all,2000,belief_gap,5,4,pre,0.16603218737464134,0.16603218737464134,0.0,0.0,0.0
attenuated,costly,1.5,all,2000,belief_gap,6,5,pre,0.16141311961474913,0.16141311961474913,0.0,0.0,0.0
attenuated,costly,1.5,all,2000,belief_gap,7,6,pre,0.15713115035013447,0.15713115035013447,0.0,0.0,0.0
attenuated,costly,1.5,all,2000,belief_gap,8,7,removed,0.15371661637054193,0.15428724053038362,0.0005706241598417188,0.0003937481847810626,0.000747500134902375
attenuated,costly,1.5,all,2000,belief_gap,9,8,removed,0.1508033353036068,0.15260971562672826,0.001806380323121466,0.0013369925776707875,0.0022757680685721446
attenuated,costly,1.5,all,2000,belief_gap,10,9,removed,0.14882315322391768,0.1515540624210383,0.0027309091971206225,0.0017468058285083662,0.0037150125657328787
attenuated,costly,1.5,all,2000,belief_gap,11,10,restored,0.14731900660917938,0.15057193838648003,0.0032529317773006728,0.0021697989045320436,0.004336064650069302
attenuated,costly,1.5,all,2000,belief_gap,12,11,restored,0.14579737458683248,0.14893723197886935,0.0031398573920368485,0.0018810141487731042,0.004398700635300593
attenuated,costly,1.5,all,2000,belief_gap,13,12,restored,0.14354891264348058,0.14763058810640356,0.0040816754629229915,0.0028913750498250016,0.005271975876020981
attenuated,costly,1.5,all,2000,belief_gap,14,13,restored,0.1434472876626084,0.1478004076774615,0.004353120014853108,0.0031995238900253496,0.005506716139680866
attenuated,costly,1.5,all,2000,belief_gap,15,14,restored,0.14235567178428182,0.14740200359534855,0.005046331811066737,0.0037070590209861446,0.0063856046011473286
attenuated,costly,1.5,all,2000,belief_gap,16,15,restored,0.14232504613320016,0.1479104983613057,0.005585452228105556,0.004277735039327487,0.006893169416883624
attenuated,costly,1.5,all,2000,belief_gap,17,16,restored,0.14045663562697835,0.14642538018200815,0.005968744555029776,0.004564103393049005,0.007373385717010548
attenuated,costly,1.5,all,2000,belief_gap,18,17,restored,0.13866189857536174,0.144898283958497,0.006236385383135266,0.004815429437241411,0.0076573413290291215
attenuated,costly,1.5,all,2000,belief_gap,19,18,restored,0.13713989961009831,0.14381315103182363,0.00667325142172527,0.005243957900904607,0.008102544942545933
attenuated,costly,1.5,all,2000,belief_gap,20,19,restored,0.13556394519428228,0.14246186586809012,0.006897920673807871,0.005376587341787099,0.008419254005828642
attenuated,costly,1.5,all,2000,belief_gap,21,20,restored,0.13398259617201955,0.14108090841766996,0.007098312245650362,0.005603991560407433,0.00859263293089329
attenuated,costly,1.5,all,2000,belief_gap,22,21,restored,0.132307650675674,0.13927939607922263,0.006971745403548652,0.005507989362433907,0.008435501444663396
attenuated,costly,1.5,all,2000,belief_gap,23,22,restored,0.1302732307123216,0.13704775107339975,0.006774520361078146,0.0054213824734126,0.008127658248743692
attenuated,costly,1.5,all,2000,belief_gap,24,23,restored,0.12788719216365374,0.13513594162445372,0.007248749460799979,0.0057192908941471315,0.008778208027452827
attenuated,costly,1.5,both_own,477,A_concede,1,0,pre,0.0041928721174004195,0.0041928721174004195,0.0,0.0,0.0
attenuated,costly,1.5,both_own,477,A_concede,2,1,pre,0.0,0.0,0.0,0.0,0.0
attenuated,costly,1.5,both_own,477,A_concede,3,2,pre,0.0,0.0,0.0,0.0,0.0
attenuated,costly,1.5,both_own,477,A_concede,4,3,pre,0.008385744234800839,0.008385744234800839,0.0,0.0,0.0
attenuated,costly,1.5,both_own,477,A_concede,5,4,pre,0.0041928721174004195,0.0041928721174004195,0.0,0.0,0.0
attenuated,costly,1.5,both_own,477,A_concede,6,5,pre,0.0020964360587002098,0.0020964360587002098,0.0,0.0,0.0
attenuated,costly,1.5,both_own,477,A_concede,7,6,pre,0.0020964360587002098,0.0020964360587002098,0.0,0.0,0.0
attenuated,costly,1.5,both_own,477,A_concede,8,7,removed,0.010482180293501049,0.010482180293501049,0.0,0.0,0.0
attenuated,costly,1.5,both_own,477,A_concede,9,8,removed,0.0041928721174004195,0.0041928721174004195,0.0,0.0,0.0
attenuated,costly,1.5,both_own,477,A_concede,10,9,removed,0.008385744234800839,0.012578616352201259,0.0041928721174004195,-0.0016120449376831178,0.009997789172483958
attenuated,costly,1.5,both_own,477,A_concede,11,10,restored,0.016771488469601678,0.016771488469601678,0.0,-0.005817125096023341,0.005817125096023341
attenuated,costly,1.5,both_own,477,A_concede,12,11,restored,0.018867924528301886,0.014675052410901468,-0.0041928721174004195,-0.009997789172483958,0.0016120449376831178
attenuated,costly,1.5,both_own,477,A_concede,13,12,restored,0.016771488469601678,0.014675052410901468,-0.0020964360587002098,-0.006205450733752619,0.0020125786163521994
attenuated,costly,1.5,both_own,477,A_concede,14,13,restored,0.014675052410901468,0.012578616352201259,-0.0020964360587002098,-0.00620545073375262,0.0020125786163522003
attenuated,costly,1.5,both_own,477,A_concede,15,14,restored,0.010482180293501049,0.014675052410901468,0.0041928721174004195,-0.0016120449376831186,0.009997789172483958
attenuated,costly,1.5,both_own,477,A_concede,16,15,restored,0.006289308176100629,0.008385744234800839,0.0020964360587002098,-0.0020125786163521994,0.006205450733752619
attenuated,costly,1.5,both_own,477,A_concede,17,16,restored,0.006289308176100629,0.006289308176100629,0.0,0.0,0.0
attenuated,costly,1.5,both_own,477,A_concede,18,17,restored,0.006289308176100629,0.006289308176100629,0.0,0.0,0.0
attenuated,costly,1.5,both_own,477,A_concede,19,18,restored,0.010482180293501049,0.010482180293501049,0.0,0.0,0.0
attenuated,costly,1.5,both_own,477,A_concede,20,19,restored,0.010482180293501049,0.012578616352201259,0.0020964360587002098,-0.0020125786163521994,0.006205450733752619
attenuated,costly,1.5,both_own,477,A_concede,21,20,restored,0.008385744234800839,0.008385744234800839,0.0,0.0,0.0
attenuated,costly,1.5,both_own,477,A_concede,22,21,restored,0.016771488469601678,0.016771488469601678,0.0,0.0,0.0
attenuated,costly,1.5,both_own,477,A_concede,23,22,restored,0.006289308176100629,0.0041928721174004195,-0.0020964360587002098,-0.006205450733752619,0.0020125786163521994
attenuated,costly,1.5,both_own,477,A_concede,24,23,restored,0.023060796645702306,0.023060796645702306,0.0,-0.005817125096023341,0.005817125096023341
attenuated,costly,1.5,both_own,477,B_concede,1,0,pre,0.0,0.0,0.0,0.0,0.0
attenuated,costly,1.5,both_own,477,B_concede,2,1,pre,0.0,0.0,0.0,0.0,0.0
attenuated,costly,1.5,both_own,477,B_concede,3,2,pre,0.0,0.0,0.0,0.0,0.0
attenuated,costly,1.5,both_own,477,B_concede,4,3,pre,0.0,0.0,0.0,0.0,0.0
attenuated,costly,1.5,both_own,477,B_concede,5,4,pre,0.0,0.0,0.0,0.0,0.0
attenuated,costly,1.5,both_own,477,B_concede,6,5,pre,0.0,0.0,0.0,0.0,0.0
attenuated,costly,1.5,both_own,477,B_concede,7,6,pre,0.0020964360587002098,0.0020964360587002098,0.0,0.0,0.0
attenuated,costly,1.5,both_own,477,B_concede,8,7,removed,0.0020964360587002098,0.39832285115303984,0.39622641509433965,0.3522862826211106,0.4401665475675687
attenuated,costly,1.5,both_own,477,B_concede,9,8,removed,0.0020964360587002098,0.39832285115303984,0.39622641509433965,0.35190289779090694,0.44054993239777235
attenuated,costly,1.5,both_own,477,B_concede,10,9,removed,0.0,0.4025157232704403,0.4025157232704403,0.35845950041662966,0.4465719461242509
attenuated,costly,1.5,both_own,477,B_concede,11,10,restored,0.0041928721174004195,0.0041928721174004195,0.0,-0.005817125096023341,0.005817125096023341
attenuated,costly,1.5,both_own,477,B_concede,12,11,restored,0.010482180293501049,0.008385744234800839,-0.0020964360587002098,-0.00620545073375262,0.0020125786163522003
attenuated,costly,1.5,both_own,477,B_concede,13,12,restored,0.0020964360587002098,0.0041928721174004195,0.0020964360587002098,-0.0020125786163522003,0.00620545073375262
attenuated,costly,1.5,both_own,477,B_concede,14,13,restored,0.006289308176100629,0.0020964360587002098,-0.0041928721174004195,-0.009997789172483958,0.0016120449376831178
attenuated,costly,1.5,both_own,477,B_concede,15,14,restored,0.008385744234800839,0.010482180293501049,0.0020964360587002098,-0.005025568292785445,0.009218440410185866
attenuated,costly,1.5,both_own,477,B_concede,16,15,restored,0.010482180293501049,0.012578616352201259,0.0020964360587002098,-0.0020125786163521994,0.006205450733752619
attenuated,costly,1.5,both_own,477,B_concede,17,16,restored,0.0041928721174004195,0.0020964360587002098,-0.0020964360587002098,-0.006205450733752619,0.0020125786163521994
attenuated,costly,1.5,both_own,477,B_concede,18,17,restored,0.012578616352201259,0.010482180293501049,-0.0020964360587002098,-0.00620545073375262,0.0020125786163522003
attenuated,costly,1.5,both_own,477,B_concede,19,18,restored,0.0020964360587002098,0.0,-0.0020964360587002098,-0.00620545073375262,0.0020125786163522003
attenuated,costly,1.5,both_own,477,B_concede,20,19,restored,0.008385744234800839,0.008385744234800839,0.0,-0.005817125096023341,0.005817125096023341
attenuated,costly,1.5,both_own,477,B_concede,21,20,restored,0.012578616352201259,0.014675052410901468,0.0020964360587002098,-0.0020125786163521994,0.006205450733752619
attenuated,costly,1.5,both_own,477,B_concede,22,21,restored,0.0041928721174004195,0.0020964360587002098,-0.0020964360587002098,-0.009218440410185866,0.005025568292785446
attenuated,costly,1.5,both_own,477,B_concede,23,22,restored,0.0041928721174004195,0.0,-0.0041928721174004195,-0.009997789172483956,0.001612044937683117
attenuated,costly,1.5,both_own,477,B_concede,24,23,restored,0.008385744234800839,0.008385744234800839,0.0,-0.005817125096023341,0.005817125096023341
attenuated,costly,1.5,both_own,477,any_concede,1,0,pre,0.0041928721174004195,0.0041928721174004195,0.0,0.0,0.0
attenuated,costly,1.5,both_own,477,any_concede,2,1,pre,0.0,0.0,0.0,0.0,0.0
attenuated,costly,1.5,both_own,477,any_concede,3,2,pre,0.0,0.0,0.0,0.0,0.0
attenuated,costly,1.5,both_own,477,any_concede,4,3,pre,0.008385744234800839,0.008385744234800839,0.0,0.0,0.0
attenuated,costly,1.5,both_own,477,any_concede,5,4,pre,0.0041928721174004195,0.0041928721174004195,0.0,0.0,0.0
attenuated,costly,1.5,both_own,477,any_concede,6,5,pre,0.0020964360587002098,0.0020964360587002098,0.0,0.0,0.0
attenuated,costly,1.5,both_own,477,any_concede,7,6,pre,0.0041928721174004195,0.0041928721174004195,0.0,0.0,0.0
attenuated,costly,1.5,both_own,477,any_concede,8,7,removed,0.012578616352201259,0.4088050314465409,0.39622641509433965,0.3522862826211106,0.4401665475675687
attenuated,costly,1.5,both_own,477,any_concede,9,8,removed,0.006289308176100629,0.4025157232704403,0.39622641509433965,0.35190289779090694,0.44054993239777235
attenuated,costly,1.5,both_own,477,any_concede,10,9,removed,0.008385744234800839,0.41509433962264153,0.40670859538784065,0.36257916734016327,0.45083802343551804
attenuated,costly,1.5,both_own,477,any_concede,11,10,restored,0.020964360587002098,0.020964360587002098,0.0,-0.0082266572048171,0.0082266572048171
attenuated,costly,1.5,both_own,477,any_concede,12,11,restored,0.029350104821802937,0.023060796645702306,-0.006289308176100629,-0.013391362896377778,0.0008127465441765186
attenuated,costly,1.5,both_own,477,any_concede,13,12,restored,0.018867924528301886,0.018867924528301886,0.0,-0.005817125096023341,0.005817125096023341
attenuated,costly,1.5,both_own,477,any_concede,14,13,restored,0.020964360587002098,0.014675052410901468,-0.006289308176100629,-0.013391362896377778,0.0008127465441765194
attenuated,costly,1.5,both_own,477,any_concede,15,14,restored,0.018867924528301886,0.025157232704402517,0.006289308176100629,-0.002891003672229768,0.015469620024431027
attenuated,costly,1.5,both_own,477,any_concede,16,15,restored,0.016771488469601678,0.020964360587002098,0.0041928721174004195,-0.0016120449376831178,0.009997789172483958
attenuated,costly,1.5,both_own,477,any_concede,17,16,restored,0.010482180293501049,0.008385744234800839,-0.0020964360587002098,-0.006205450733752619,0.0020125786163521994
attenuated,costly,1.5,both_own,477,any_concede,18,17,restored,0.018867924528301886,0.016771488469601678,-0.0020964360587002098,-0.00620545073375262,0.0020125786163522003
attenuated,costly,1.5,both_own,477,any_concede,19,18,restored,0.012578616352201259,0.010482180293501049,-0.0020964360587002098,-0.00620545073375262,0.0020125786163522003
attenuated,costly,1.5,both_own,477,any_concede,20,19,restored,0.018867924528301886,0.020964360587002098,0.0020964360587002098,-0.005025568292785446,0.009218440410185866
attenuated,costly,1.5,both_own,477,any_concede,21,20,restored,0.020964360587002098,0.023060796645702306,0.0020964360587002098,-0.0020125786163521994,0.006205450733752619
attenuated,costly,1.5,both_own,477,any_concede,22,21,restored,0.020964360587002098,0.018867924528301886,-0.0020964360587002098,-0.009218440410185866,0.005025568292785446
attenuated,costly,1.5,both_own,477,any_concede,23,22,restored,0.010482180293501049,0.0041928721174004195,-0.006289308176100629,-0.013391362896377778,0.0008127465441765203
attenuated,costly,1.5,both_own,477,any_concede,24,23,restored,0.031446540880503145,0.031446540880503145,0.0,-0.0082266572048171,0.0082266572048171
attenuated,costly,1.5,both_own,477,MN,1,0,pre,0.9958071278825996,0.9958071278825996,0.0,0.0,0.0
attenuated,costly,1.5,both_own,477,MN,2,1,pre,1.0,1.0,0.0,0.0,0.0
attenuated,costly,1.5,both_own,477,MN,3,2,pre,1.0,1.0,0.0,0.0,0.0
attenuated,costly,1.5,both_own,477,MN,4,3,pre,0.9916142557651991,0.9916142557651991,0.0,0.0,0.0
attenuated,costly,1.5,both_own,477,MN,5,4,pre,0.9958071278825996,0.9958071278825996,0.0,0.0,0.0
attenuated,costly,1.5,both_own,477,MN,6,5,pre,0.9979035639412998,0.9979035639412998,0.0,0.0,0.0
attenuated,costly,1.5,both_own,477,MN,7,6,pre,0.9958071278825996,0.9958071278825996,0.0,0.0,0.0
attenuated,costly,1.5,both_own,477,MN,8,7,removed,0.9874213836477987,0.5911949685534591,-0.39622641509433965,-0.4401665475675687,-0.3522862826211106
attenuated,costly,1.5,both_own,477,MN,9,8,removed,0.9937106918238994,0.5974842767295597,-0.39622641509433965,-0.44054993239777235,-0.35190289779090694
attenuated,costly,1.5,both_own,477,MN,10,9,removed,0.9916142557651991,0.5849056603773585,-0.40670859538784065,-0.45083802343551804,-0.36257916734016327
attenuated,costly,1.5,both_own,477,MN,11,10,restored,0.9790356394129979,0.9790356394129979,0.0,-0.0082266572048171,0.0082266572048171
attenuated,costly,1.5,both_own,477,MN,12,11,restored,0.9706498951781971,0.9769392033542977,0.006289308176100629,-0.0008127465441765186,0.013391362896377778
attenuated,costly,1.5,both_own,477,MN,13,12,restored,0.9811320754716981,0.9811320754716981,0.0,-0.005817125096023341,0.005817125096023341
attenuated,costly,1.5,both_own,477,MN,14,13,restored,0.9790356394129979,0.9853249475890985,0.006289308176100629,-0.0008127465441765194,0.013391362896377778
attenuated,costly,1.5,both_own,477,MN,15,14,restored,0.9811320754716981,0.9748427672955975,-0.006289308176100629,-0.015469620024431027,0.002891003672229768
attenuated,costly,1.5,both_own,477,MN,16,15,restored,0.9832285115303984,0.9790356394129979,-0.0041928721174004195,-0.009997789172483958,0.0016120449376831178
attenuated,costly,1.5,both_own,477,MN,17,16,restored,0.989517819706499,0.9916142557651991,0.0020964360587002098,-0.0020125786163521994,0.006205450733752619
attenuated,costly,1.5,both_own,477,MN,18,17,restored,0.9811320754716981,0.9832285115303984,0.0020964360587002098,-0.0020125786163522003,0.00620545073375262
attenuated,costly,1.5,both_own,477,MN,19,18,restored,0.9874213836477987,0.989517819706499,0.0020964360587002098,-0.0020125786163522003,0.00620545073375262
attenuated,costly,1.5,both_own,477,MN,20,19,restored,0.9811320754716981,0.9790356394129979,-0.0020964360587002098,-0.009218440410185866,0.005025568292785446
attenuated,costly,1.5,both_own,477,MN,21,20,restored,0.9790356394129979,0.9769392033542977,-0.0020964360587002098,-0.006205450733752619,0.0020125786163521994
attenuated,costly,1.5,both_own,477,MN,22,21,restored,0.9790356394129979,0.9811320754716981,0.0020964360587002098,-0.005025568292785446,0.009218440410185866
attenuated,costly,1.5,both_own,477,MN,23,22,restored,0.989517819706499,0.9958071278825996,0.006289308176100629,-0.0008127465441765203,0.013391362896377778
attenuated,costly,1.5,both_own,477,MN,24,23,restored,0.9685534591194969,0.9685534591194969,0.0,-0.0082266572048171,0.0082266572048171
attenuated,costly,1.5,both_own,477,U,1,0,pre,0.9958071278825996,0.9958071278825996,0.0,0.0,0.0
attenuated,costly,1.5,both_own,477,U,2,1,pre,1.0,1.0,0.0,0.0,0.0
attenuated,costly,1.5,both_own,477,U,3,2,pre,1.0,1.0,0.0,0.0,0.0
attenuated,costly,1.5,both_own,477,U,4,3,pre,0.9916142557651991,0.9916142557651991,0.0,0.0,0.0
attenuated,costly,1.5,both_own,477,U,5,4,pre,0.9958071278825996,0.9958071278825996,0.0,0.0,0.0
attenuated,costly,1.5,both_own,477,U,6,5,pre,0.9979035639412998,0.9979035639412998,0.0,0.0,0.0
attenuated,costly,1.5,both_own,477,U,7,6,pre,0.9958071278825996,0.9958071278825996,0.0,0.0,0.0
attenuated,costly,1.5,both_own,477,U,8,7,removed,0.9874213836477987,0.5911949685534591,-0.39622641509433965,-0.4401665475675687,-0.3522862826211106
attenuated,costly,1.5,both_own,477,U,9,8,removed,0.9874213836477987,0.5387840670859538,-0.44863731656184486,-0.49369499937621836,-0.40357963374747136
attenuated,costly,1.5,both_own,477,U,10,9,removed,0.9853249475890985,0.5283018867924528,-0.4570230607966457,-0.5021515383589124,-0.411894583234379
attenuated,costly,1.5,both_own,477,U,11,10,restored,0.9727463312368972,0.5639412997903563,-0.4088050314465409,-0.45335126334395714,-0.36425879954912466
attenuated,costly,1.5,both_own,477,U,12,11,restored,0.9580712788259959,0.5765199161425576,-0.38155136268343814,-0.42595962713461993,-0.33714309823225636
attenuated,costly,1.5,both_own,477,U,13,12,restored,0.9580712788259959,0.6016771488469602,-0.35639412997903563,-0.39981128234752933,-0.31297697761054194
attenuated,costly,1.5,both_own,477,U,14,13,restored,0.9517819706498952,0.6205450733752621,-0.3312368972746331,-0.37431202520709267,-0.2881617693421736
attenuated,costly,1.5,both_own,477,U,15,14,restored,0.9622641509433962,0.649895178197065,-0.31236897274633124,-0.35520628808749544,-0.26953165740516705
attenuated,costly,1.5,both_own,477,U,16,15,restored,0.9538784067085954,0.6582809224318659,-0.29559748427672955,-0.33781088950078614,-0.25338407905267296
attenuated,costly,1.5,both_own,477,U,17,16,restored,0.9559748427672956,0.6792452830188679,-0.27672955974842767,-0.3185707657399207,-0.23488835375693465
attenuated,costly,1.5,both_own,477,U,18,17,restored,0.9454926624737946,0.6855345911949685,-0.259958071278826,-0.3010430382726116,-0.21887310428504037
attenuated,costly,1.5,both_own,477,U,19,18,restored,0.9433962264150944,0.6939203354297694,-0.24947589098532494,-0.2900526567597541,-0.20889912521089576
attenuated,costly,1.5,both_own,477,U,20,19,restored,0.9371069182389937,0.6939203354297694,-0.2431865828092243,-0.28386288076757865,-0.20251028485086997
attenuated,costly,1.5,both_own,477,U,21,20,restored,0.9371069182389937,0.7085953878406709,-0.22851153039832284,-0.26841129345552794,-0.18861176734111776
attenuated,costly,1.5,both_own,477,U,22,21,restored,0.9308176100628931,0.7211740041928721,-0.20964360587002095,-0.24888994288984784,-0.17039726885019407
attenuated,costly,1.5,both_own,477,U,23,22,restored,0.9371069182389937,0.7358490566037735,-0.20125786163522014,-0.2408569009327241,-0.16165882233771617
attenuated,costly,1.5,both_own,477,U,24,23,restored,0.9182389937106918,0.7190775681341719,-0.19916142557651992,-0.2382011537992671,-0.16012169735377274
attenuated,costly,1.5,both_own,477,belief_gap,1,0,pre,0.5354910991637113,0.5354910991637113,0.0,0.0,0.0
attenuated,costly,1.5,both_own,477,belief_gap,2,1,pre,0.4940131227473573,0.4940131227473573,0.0,0.0,0.0
attenuated,costly,1.5,both_own,477,belief_gap,3,2,pre,0.46006327062449076,0.46006327062449076,0.0,0.0,0.0
attenuated,costly,1.5,both_own,477,belief_gap,4,3,pre,0.435432996128194,0.435432996128194,0.0,0.0,0.0
attenuated,costly,1.5,both_own,477,belief_gap,5,4,pre,0.41504936741920184,0.41504936741920184,0.0,0.0,0.0
attenuated,costly,1.5,both_own,477,belief_gap,6,5,pre,0.3977447178091698,0.3977447178091698,0.0,0.0,0.0
attenuated,costly,1.5,both_own,477,belief_gap,7,6,pre,0.3821995346766539,0.3821995346766539,0.0,0.0,0.0
attenuated,costly,1.5,both_own,477,belief_gap,8,7,removed,0.3700450215641347,0.36965380822449073,-0.0003912133396439686,-0.000672874208951996,-0.00010955247033594127
attenuated,costly,1.5,both_own,477,belief_gap,9,8,removed,0.3594425827386666,0.36164581833370774,0.002203235595041118,0.0014649625451846346,0.0029415086448976013
attenuated,costly,1.5,both_own,477,belief_gap,10,9,removed,0.3526333819830215,0.35929866675963895,0.0066652847766174835,0.003609299971254186,0.00972126958198078
attenuated,costly,1.5,both_own,477,belief_gap,11,10,restored,0.346684278012989,0.3559127629325552,0.009228484919566161,0.005628749495181727,0.012828220343950595
attenuated,costly,1.5,both_own,477,belief_gap,12,11,restored,0.34020576342227843,0.34992858141532385,0.00972281799304542,0.005355130064906073,0.014090505921184767
attenuated,costly,1.5,both_own,477,belief_gap,13,12,restored,0.3333886258862385,0.3443217430347779,0.01093311714853944,0.0065705819820083295,0.015295652315070551
attenuated,costly,1.5,both_own,477,belief_gap,14,13,restored,0.333680196265732,0.34590780109231545,0.012227604826583487,0.008206446159840728,0.016248763493326247
attenuated,costly,1.5,both_own,477,belief_gap,15,14,restored,0.33048137869545324,0.34552183655882673,0.015040457863373545,0.010073422493599209,0.02000749323314788
attenuated,costly,1.5,both_own,477,belief_gap,16,15,restored,0.33029770310185835,0.34776635852694243,0.017468655425084186,0.012724401056534218,0.022212909793634154
attenuated,costly,1.5,both_own,477,belief_gap,17,16,restored,0.32388032865412525,0.3426538557598842,0.018773527105759004,0.01366755443185087,0.02387949977966714
attenuated,costly,1.5,both_own,477,belief_gap,18,17,restored,0.317861344245036,0.3370040904793746,0.019142746234338568,0.01427832497116174,0.024007167497515396
attenuated,costly,1.5,both_own,477,belief_gap,19,18,restored,0.3128241931191077,0.33369084125155707,0.020866648132449376,0.016138770717678774,0.025594525547219978
attenuated,costly,1.5,both_own,477,belief_gap,20,19,restored,0.3066423828602792,0.3291961134386774,0.022553730578398226,0.017355423409169644,0.027752037747626808
attenuated,costly,1.5,both_own,477,belief_gap,21,20,restored,0.3005170194771105,0.323509772778238,0.022992753301127513,0.017876743355088886,0.02810876324716614
attenuated,costly,1.5,both_own,477,belief_gap,22,21,restored,0.29461591838092455,0.3168014121032172,0.022185493722292615,0.017183333807703406,0.027187653636881824
attenuated,costly,1.5,both_own,477,belief_gap,23,22,restored,0.28727906124083313,0.30849088867098384,0.021211827430150727,0.016824930123370205,0.02559872473693125
attenuated,costly,1.5,both_own,477,belief_gap,24,23,restored,0.27792785097144124,0.30102290741004634,0.023095056438605082,0.017917658223615036,0.02827245465359513
attenuated,mixed,1.5,all,2000,A_concede,1,0,pre,0.3495,0.3495,0.0,0.0,0.0
attenuated,mixed,1.5,all,2000,A_concede,2,1,pre,0.3665,0.3665,0.0,0.0,0.0
attenuated,mixed,1.5,all,2000,A_concede,3,2,pre,0.3695,0.3695,0.0,0.0,0.0
attenuated,mixed,1.5,all,2000,A_concede,4,3,pre,0.3655,0.3655,0.0,0.0,0.0
attenuated,mixed,1.5,all,2000,A_concede,5,4,pre,0.37,0.37,0.0,0.0,0.0
attenuated,mixed,1.5,all,2000,A_concede,6,5,pre,0.373,0.373,0.0,0.0,0.0
attenuated,mixed,1.5,all,2000,A_concede,7,6,pre,0.367,0.367,0.0,0.0,0.0
attenuated,mixed,1.5,all,2000,A_concede,8,7,removed,0.379,0.379,0.0,0.0,0.0
attenuated,mixed,1.5,all,2000,A_concede,9,8,removed,0.375,0.375,0.0,0.0,0.0
attenuated,mixed,1.5,all,2000,A_concede,10,9,removed,0.369,0.367,-0.002,-0.003958528712416205,-4.147128758379484e-05
attenuated,mixed,1.5,all,2000,A_concede,11,10,restored,0.375,0.373,-0.002,-0.0043994990305892805,0.00039949903058928045
attenuated,mixed,1.5,all,2000,A_concede,12,11,restored,0.3725,0.3735,0.001,-0.0003855825921105461,0.002385582592110546
attenuated,mixed,1.5,all,2000,A_concede,13,12,restored,0.3675,0.368,0.0005,-0.0016917850626556518,0.002691785062655652
attenuated,mixed,1.5,all,2000,A_concede,14,13,restored,0.371,0.369,-0.002,-0.003958528712416205,-4.147128758379484e-05
attenuated,mixed,1.5,all,2000,A_concede,15,14,restored,0.371,0.37,-0.001,-0.0023855825921105457,0.0003855825921105457
attenuated,mixed,1.5,all,2000,A_concede,16,15,restored,0.371,0.371,0.0,0.0,0.0
attenuated,mixed,1.5,all,2000,A_concede,17,16,restored,0.3645,0.364,-0.0005,-0.00148,0.00047999999999999996
attenuated,mixed,1.5,all,2000,A_concede,18,17,restored,0.368,0.368,0.0,0.0,0.0
attenuated,mixed,1.5,all,2000,A_concede,19,18,restored,0.3725,0.3725,0.0,0.0,0.0
attenuated,mixed,1.5,all,2000,A_concede,20,19,restored,0.3665,0.366,-0.0005,-0.00148,0.00047999999999999996
attenuated,mixed,1.5,all,2000,A_concede,21,20,restored,0.376,0.3755,-0.0005,-0.002197692810976185,0.001197692810976185
attenuated,mixed,1.5,all,2000,A_concede,22,21,restored,0.3765,0.3765,0.0,0.0,0.0
attenuated,mixed,1.5,all,2000,A_concede,23,22,restored,0.3705,0.371,0.0005,-0.00047999999999999996,0.00148
attenuated,mixed,1.5,all,2000,A_concede,24,23,restored,0.3705,0.371,0.0005,-0.00047999999999999996,0.00148
attenuated,mixed,1.5,all,2000,B_concede,1,0,pre,0.139,0.139,0.0,0.0,0.0
attenuated,mixed,1.5,all,2000,B_concede,2,1,pre,0.155,0.155,0.0,0.0,0.0
attenuated,mixed,1.5,all,2000,B_concede,3,2,pre,0.139,0.139,0.0,0.0,0.0
attenuated,mixed,1.5,all,2000,B_concede,4,3,pre,0.1495,0.1495,0.0,0.0,0.0
attenuated,mixed,1.5,all,2000,B_concede,5,4,pre,0.1535,0.1535,0.0,0.0,0.0
attenuated,mixed,1.5,all,2000,B_concede,6,5,pre,0.146,0.146,0.0,0.0,0.0
attenuated,mixed,1.5,all,2000,B_concede,7,6,pre,0.1615,0.1615,0.0,0.0,0.0
attenuated,mixed,1.5,all,2000,B_concede,8,7,removed,0.164,0.418,0.254,0.23491747032835178,0.2730825296716482
attenuated,mixed,1.5,all,2000,B_concede,9,8,removed,0.164,0.4185,0.2545,0.2354050998587135,0.2735949001412865
attenuated,mixed,1.5,all,2000,B_concede,10,9,removed,0.159,0.423,0.264,0.2446266268555655,0.28337337314443456
attenuated,mixed,1.5,all,2000,B_concede,11,10,restored,0.162,0.163,0.001,-0.002920735298721569,0.004920735298721569
attenuated,mixed,1.5,all,2000,B_concede,12,11,restored,0.1625,0.162,-0.0005,-0.004034255972993653,0.0030342559729936536
attenuated,mixed,1.5,all,2000,B_concede,13,12,restored,0.1565,0.155,-0.0015,-0.004750440105653421,0.0017504401056534207
attenuated,mixed,1.5,all,2000,B_concede,14,13,restored,0.161,0.16,-0.001,-0.004667479298128496,0.0026674792981284967
attenuated,mixed,1.5,all,2000,B_concede,15,14,restored,0.1535,0.154,0.0005,-0.002093392110985275,0.003093392110985275
attenuated,mixed,1.5,all,2000,B_concede,16,15,restored,0.1555,0.153,-0.0025,-0.007399999999999999,0.002399999999999999
attenuated,mixed,1.5,all,2000,B_concede,17,16,restored,0.1555,0.154,-0.0015,-0.004750440105653421,0.0017504401056534207
attenuated,mixed,1.5,all,2000,B_concede,18,17,restored,0.1565,0.157,0.0005,-0.002751031282870268,0.003751031282870268
attenuated,mixed,1.5,all,2000,B_concede,19,18,restored,0.154,0.152,-0.002,-0.0047711651842210915,0.0007711651842210914
attenuated,mixed,1.5,all,2000,B_concede,20,19,restored,0.161,0.158,-0.003,-0.005397495942310789,-0.0006025040576892113
attenuated,mixed,1.5,all,2000,B_concede,21,20,restored,0.1515,0.1455,-0.006,-0.010794991884621578,-0.0012050081153784226
attenuated,mixed,1.5,all,2000,B_concede,22,21,restored,0.153,0.1525,-0.0005,-0.004296409641105862,0.0032964096411058626
attenuated,mixed,1.5,all,2000,B_concede,23,22,restored,0.149,0.1505,0.0015,-0.0027722832773823774,0.005772283277382377
attenuated,mixed,1.5,all,2000,B_concede,24,23,restored,0.1575,0.1545,-0.003,-0.006393120898924375,0.00039312089892437445
attenuated,mixed,1.5,all,2000,any_concede,1,0,pre,0.4855,0.4855,0.0,0.0,0.0
attenuated,mixed,1.5,all,2000,any_concede,2,1,pre,0.5185,0.5185,0.0,0.0,0.0
attenuated,mixed,1.5,all,2000,any_concede,3,2,pre,0.507,0.507,0.0,0.0,0.0
attenuated,mixed,1.5,all,2000,any_concede,4,3,pre,0.511,0.511,0.0,0.0,0.0
attenuated,mixed,1.5,all,2000,any_concede,5,4,pre,0.5225,0.5225,0.0,0.0,0.0
attenuated,mixed,1.5,all,2000,any_concede,6,5,pre,0.5165,0.5165,0.0,0.0,0.0
attenuated,mixed,1.5,all,2000,any_concede,7,6,pre,0.5275,0.5275,0.0,0.0,0.0
attenuated,mixed,1.5,all,2000,any_concede,8,7,removed,0.5405,0.786,0.2455,0.22663290463680957,0.2643670953631904
attenuated,mixed,1.5,all,2000,any_concede,9,8,removed,0.538,0.786,0.248,0.22906852575316494,0.26693147424683505
attenuated,mixed,1.5,all,2000,any_concede,10,9,removed,0.526,0.7835,0.2575,0.23828150811808826,0.2767184918819117
attenuated,mixed,1.5,all,2000,any_concede,11,10,restored,0.5355,0.535,-0.0005,-0.004772733074270143,0.003772733074270143
attenuated,mixed,1.5,all,2000,any_concede,12,11,restored,0.5325,0.5325,0.0,-0.003667741289006293,0.003667741289006293
attenuated,mixed,1.5,all,2000,any_concede,13,12,restored,0.522,0.521,-0.001,-0.004667479298128498,0.0026674792981284975
attenuated,mixed,1.5,all,2000,any_concede,14,13,restored,0.5295,0.5275,-0.002,-0.005919999999999999,0.001919999999999999
attenuated,mixed,1.5,all,2000,any_concede,15,14,restored,0.523,0.5225,-0.0005,-0.003440653587514327,0.0024406535875143268
attenuated,mixed,1.5,all,2000,any_concede,16,15,restored,0.5245,0.5225,-0.002,-0.006801400162635985,0.0028014001626359853
attenuated,mixed,1.5,all,2000,any_concede,17,16,restored,0.519,0.5175,-0.0015,-0.004750440105653421,0.0017504401056534207
attenuated,mixed,1.5,all,2000,any_concede,18,17,restored,0.524,0.5245,0.0005,-0.002751031282870268,0.003751031282870268
attenuated,mixed,1.5,all,2000,any_concede,19,18,restored,0.5245,0.523,-0.0015,-0.004092650982982435,0.0010926509829824343
attenuated,mixed,1.5,all,2000,any_concede,20,19,restored,0.5265,0.523,-0.0035,-0.006088942160565851,-0.0009110578394341488
attenuated,mixed,1.5,all,2000,any_concede,21,20,restored,0.526,0.521,-0.005,-0.009797195695744717,-0.0002028043042552833
attenuated,mixed,1.5,all,2000,any_concede,22,21,restored,0.5285,0.528,-0.0005,-0.004296409641105862,0.0032964096411058626
attenuated,mixed,1.5,all,2000,any_concede,23,22,restored,0.517,0.5195,0.0025,-0.0017713835415096289,0.006771383541509629
attenuated,mixed,1.5,all,2000,any_concede,24,23,restored,0.528,0.5255,-0.0025,-0.0060326243385560654,0.001032624338556065
attenuated,mixed,1.5,all,2000,MN,1,0,pre,0.5145,0.5145,0.0,0.0,0.0
attenuated,mixed,1.5,all,2000,MN,2,1,pre,0.4815,0.4815,0.0,0.0,0.0
attenuated,mixed,1.5,all,2000,MN,3,2,pre,0.493,0.493,0.0,0.0,0.0
attenuated,mixed,1.5,all,2000,MN,4,3,pre,0.489,0.489,0.0,0.0,0.0
attenuated,mixed,1.5,all,2000,MN,5,4,pre,0.4775,0.4775,0.0,0.0,0.0
attenuated,mixed,1.5,all,2000,MN,6,5,pre,0.4835,0.4835,0.0,0.0,0.0
attenuated,mixed,1.5,all,2000,MN,7,6,pre,0.4725,0.4725,0.0,0.0,0.0
attenuated,mixed,1.5,all,2000,MN,8,7,removed,0.4595,0.214,-0.2455,-0.2643670953631904,-0.22663290463680957
attenuated,mixed,1.5,all,2000,MN,9,8,removed,0.462,0.214,-0.248,-0.26693147424683505,-0.22906852575316494
attenuated,mixed,1.5,all,2000,MN,10,9,removed,0.474,0.2165,-0.2575,-0.2767184918819117,-0.23828150811808826
attenuated,mixed,1.5,all,2000,MN,11,10,restored,0.4645,0.465,0.0005,-0.003772733074270143,0.004772733074270143
attenuated,mixed,1.5,all,2000,MN,12,11,restored,0.4675,0.4675,0.0,-0.003667741289006293,0.003667741289006293
attenuated,mixed,1.5,all,2000,MN,13,12,restored,0.478,0.479,0.001,-0.0026674792981284975,0.004667479298128498
attenuated,mixed,1.5,all,2000,MN,14,13,restored,0.4705,0.4725,0.002,-0.001919999999999999,0.005919999999999999
attenuated,mixed,1.5,all,2000,MN,15,14,restored,0.477,0.4775,0.0005,-0.0024406535875143268,0.003440653587514327
attenuated,mixed,1.5,all,2000,MN,16,15,restored,0.4755,0.4775,0.002,-0.0028014001626359853,0.006801400162635985
attenuated,mixed,1.5,all,2000,MN,17,16,restored,0.481,0.4825,0.0015,-0.0017504401056534207,0.004750440105653421
attenuated,mixed,1.5,all,2000,MN,18,17,restored,0.476,0.4755,-0.0005,-0.003751031282870268,0.002751031282870268
attenuated,mixed,1.5,all,2000,MN,19,18,restored,0.4755,0.477,0.0015,-0.0010926509829824343,0.004092650982982435
attenuated,mixed,1.5,all,2000,MN,20,19,restored,0.4735,0.477,0.0035,0.0009110578394341488,0.006088942160565851
attenuated,mixed,1.5,all,2000,MN,21,20,restored,0.474,0.479,0.005,0.0002028043042552833,0.009797195695744717
attenuated,mixed,1.5,all,2000,MN,22,21,restored,0.4715,0.472,0.0005,-0.0032964096411058626,0.004296409641105862
attenuated,mixed,1.5,all,2000,MN,23,22,restored,0.483,0.4805,-0.0025,-0.006771383541509629,0.0017713835415096289
attenuated,mixed,1.5,all,2000,MN,24,23,restored,0.472,0.4745,0.0025,-0.001032624338556065,0.0060326243385560654
attenuated,mixed,1.5,all,2000,U,1,0,pre,0.5175,0.5175,0.0,0.0,0.0
attenuated,mixed,1.5,all,2000,U,2,1,pre,0.3965,0.3965,0.0,0.0,0.0
attenuated,mixed,1.5,all,2000,U,3,2,pre,0.351,0.351,0.0,0.0,0.0
attenuated,mixed,1.5,all,2000,U,4,3,pre,0.3225,0.3225,0.0,0.0,0.0
attenuated,mixed,1.5,all,2000,U,5,4,pre,0.297,0.297,0.0,0.0,0.0
attenuated,mixed,1.5,all,2000,U,6,5,pre,0.286,0.286,0.0,0.0,0.0
attenuated,mixed,1.5,all,2000,U,7,6,pre,0.2735,0.2735,0.0,0.0,0.0
attenuated,mixed,1.5,all,2000,U,8,7,removed,0.2645,0.198,-0.0665,-0.07776879030852508,-0.05523120969147493
attenuated,mixed,1.5,all,2000,U,9,8,removed,0.258,0.1755,-0.0825,-0.09487547296734888,-0.07012452703265112
attenuated,mixed,1.5,all,2000,U,10,9,removed,0.252,0.162,-0.09,-0.10314405961457782,-0.07685594038542218
attenuated,mixed,1.5,all,2000,U,11,10,restored,0.2425,0.1755,-0.067,-0.0782203599335547,-0.05577964006644532
attenuated,mixed,1.5,all,2000,U,12,11,restored,0.24,0.186,-0.054,-0.06447386261600989,-0.04352613738399011
attenuated,mixed,1.5,all,2000,U,13,12,restored,0.239,0.199,-0.04,-0.04944297118773674,-0.030557028812263264
attenuated,mixed,1.5,all,2000,U,14,13,restored,0.234,0.203,-0.031,-0.03977185179377456,-0.022228148206225443
attenuated,mixed,1.5,all,2000,U,15,14,restored,0.2385,0.213,-0.0255,-0.033683696367969765,-0.017316303632030232
attenuated,mixed,1.5,all,2000,U,16,15,restored,0.2365,0.2155,-0.021,-0.02949584703890402,-0.012504152961095982
attenuated,mixed,1.5,all,2000,U,17,16,restored,0.2345,0.2175,-0.017,-0.02504888073215899,-0.008951119267841012
attenuated,mixed,1.5,all,2000,U,18,17,restored,0.2355,0.2205,-0.015,-0.022436307506731236,-0.007563692493268765
attenuated,mixed,1.5,all,2000,U,19,18,restored,0.2325,0.22,-0.0125,-0.019478870059949305,-0.005521129940050696
attenuated,mixed,1.5,all,2000,U,20,19,restored,0.2275,0.217,-0.0105,-0.01720443931684646,-0.0037955606831535406
attenuated,mixed,1.5,all,2000,U,21,20,restored,0.222,0.2185,-0.0035,-0.011027841948540174,0.0040278419485401725
attenuated,mixed,1.5,all,2000,U,22,21,restored,0.225,0.2225,-0.0025,-0.009899876626474494,0.004899876626474493
attenuated,mixed,1.5,all,2000,U,23,22,restored,0.224,0.2235,-0.0005,-0.007900655690702422,0.006900655690702423
attenuated,mixed,1.5,all,2000,U,24,23,restored,0.218,0.2195,0.0015,-0.005769394765049226,0.008769394765049225
attenuated,mixed,1.5,all,2000,belief_gap,1,0,pre,0.2272039883811274,0.2272039883811274,0.0,0.0,0.0
attenuated,mixed,1.5,all,2000,belief_gap,2,1,pre,0.2153121278707577,0.2153121278707577,0.0,0.0,0.0
attenuated,mixed,1.5,all,2000,belief_gap,3,2,pre,0.20785278250273057,0.20785278250273057,0.0,0.0,0.0
attenuated,mixed,1.5,all,2000,belief_gap,4,3,pre,0.2019207790037406,0.2019207790037406,0.0,0.0,0.0
attenuated,mixed,1.5,all,2000,belief_gap,5,4,pre,0.19746777120824272,0.19746777120824272,0.0,0.0,0.0
attenuated,mixed,1.5,all,2000,belief_gap,6,5,pre,0.19429500744599965,0.19429500744599965,0.0,0.0,0.0
attenuated,mixed,1.5,all,2000,belief_gap,7,6,pre,0.1917586846829866,0.1917586846829866,0.0,0.0,0.0
attenuated,mixed,1.5,all,2000,belief_gap,8,7,removed,0.18874134833650097,0.18874485322461174,3.504888110776788e-06,-0.00013291513351938722,0.00013992490974094082
attenuated,mixed,1.5,all,2000,belief_gap,9,8,removed,0.18661832534522005,0.1870517883910282,0.0004334630458081261,0.00015411406040961612,0.0007128120312066361
attenuated,mixed,1.5,all,2000,belief_gap,10,9,removed,0.18485547642434466,0.18569012871060125,0.0008346522862566181,0.00038113425717368864,0.0012881703153395476
attenuated,mixed,1.5,all,2000,belief_gap,11,10,restored,0.18346930914197224,0.18484890293134723,0.001379593789374995,0.0008040411294875945,0.0019551464492623956
attenuated,mixed,1.5,all,2000,belief_gap,12,11,restored,0.18269462739440115,0.1842929224667718,0.0015982950723706882,0.000990703195352386,0.0022058869493889904
attenuated,mixed,1.5,all,2000,belief_gap,13,12,restored,0.1816119714523673,0.18321345033664227,0.0016014788842749718,0.0009186670812413719,0.0022842906873085716
attenuated,mixed,1.5,all,2000,belief_gap,14,13,restored,0.18075526285877913,0.18255186601409573,0.001796603155316615,0.0011228910489298617,0.002470315261703368
attenuated,mixed,1.5,all,2000,belief_gap,15,14,restored,0.1802850465391471,0.18214538199635205,0.0018603354572049645,0.0012141951682438582,0.002506475746166071
attenuated,mixed,1.5,all,2000,belief_gap,16,15,restored,0.17957570933339487,0.18160417165277512,0.0020284623193802544,0.0012474521712862005,0.0028094724674743083
attenuated,mixed,1.5,all,2000,belief_gap,17,16,restored,0.17827252499112536,0.18019310394270963,0.0019205789515843001,0.0012158630895384875,0.0026252948136301127
attenuated,mixed,1.5,all,2000,belief_gap,18,17,restored,0.17664459515514602,0.1786519655409673,0.002007370385821298,0.0013367018450289696,0.0026780389266136267
attenuated,mixed,1.5,all,2000,belief_gap,19,18,restored,0.1752650401739628,0.177296789032618,0.0020317488586551868,0.0013622007811620218,0.0027012969361483517
attenuated,mixed,1.5,all,2000,belief_gap,20,19,restored,0.173728476159036,0.1757646937249016,0.002036217565865596,0.0013905416041334866,0.0026818935275977054
attenuated,mixed,1.5,all,2000,belief_gap,21,20,restored,0.17217539297781934,0.17386347389676132,0.0016880809189419974,0.0010287414942967228,0.0023474203435872717
attenuated,mixed,1.5,all,2000,belief_gap,22,21,restored,0.17042492181413507,0.17207202048527165,0.0016470986711365437,0.000907183448980659,0.0023870138932924286
attenuated,mixed,1.5,all,2000,belief_gap,23,22,restored,0.16948846436985437,0.17095558532918925,0.001467120959334882,0.0006931926387158125,0.0022410492799539517
attenuated,mixed,1.5,all,2000,belief_gap,24,23,restored,0.1684636671557137,0.16986387946808354,0.0014002123123698497,0.000623452775655469,0.00217697184908423
attenuated,mixed,1.5,both_own,477,A_concede,1,0,pre,0.0041928721174004195,0.0041928721174004195,0.0,0.0,0.0
attenuated,mixed,1.5,both_own,477,A_concede,2,1,pre,0.0,0.0,0.0,0.0,0.0
attenuated,mixed,1.5,both_own,477,A_concede,3,2,pre,0.0,0.0,0.0,0.0,0.0
attenuated,mixed,1.5,both_own,477,A_concede,4,3,pre,0.008385744234800839,0.008385744234800839,0.0,0.0,0.0
attenuated,mixed,1.5,both_own,477,A_concede,5,4,pre,0.0020964360587002098,0.0020964360587002098,0.0,0.0,0.0
attenuated,mixed,1.5,both_own,477,A_concede,6,5,pre,0.006289308176100629,0.006289308176100629,0.0,0.0,0.0
attenuated,mixed,1.5,both_own,477,A_concede,7,6,pre,0.0,0.0,0.0,0.0,0.0
attenuated,mixed,1.5,both_own,477,A_concede,8,7,removed,0.010482180293501049,0.010482180293501049,0.0,0.0,0.0
attenuated,mixed,1.5,both_own,477,A_concede,9,8,removed,0.006289308176100629,0.006289308176100629,0.0,0.0,0.0
attenuated,mixed,1.5,both_own,477,A_concede,10,9,removed,0.008385744234800839,0.008385744234800839,0.0,0.0,0.0
attenuated,mixed,1.5,both_own,477,A_concede,11,10,restored,0.018867924528301886,0.016771488469601678,-0.0020964360587002098,-0.006205450733752619,0.0020125786163521994
attenuated,mixed,1.5,both_own,477,A_concede,12,11,restored,0.018867924528301886,0.018867924528301886,0.0,0.0,0.0
attenuated,mixed,1.5,both_own,477,A_concede,13,12,restored,0.014675052410901468,0.014675052410901468,0.0,0.0,0.0
attenuated,mixed,1.5,both_own,477,A_concede,14,13,restored,0.014675052410901468,0.012578616352201259,-0.0020964360587002098,-0.006205450733752619,0.0020125786163521994
attenuated,mixed,1.5,both_own,477,A_concede,15,14,restored,0.010482180293501049,0.010482180293501049,0.0,0.0,0.0
attenuated,mixed,1.5,both_own,477,A_concede,16,15,restored,0.008385744234800839,0.008385744234800839,0.0,0.0,0.0
attenuated,mixed,1.5,both_own,477,A_concede,17,16,restored,0.012578616352201259,0.012578616352201259,0.0,0.0,0.0
attenuated,mixed,1.5,both_own,477,A_concede,18,17,restored,0.006289308176100629,0.006289308176100629,0.0,0.0,0.0
attenuated,mixed,1.5,both_own,477,A_concede,19,18,restored,0.0041928721174004195,0.0041928721174004195,0.0,0.0,0.0
attenuated,mixed,1.5,both_own,477,A_concede,20,19,restored,0.023060796645702306,0.023060796645702306,0.0,0.0,0.0
attenuated,mixed,1.5,both_own,477,A_concede,21,20,restored,0.016771488469601678,0.016771488469601678,0.0,-0.005817125096023341,0.005817125096023341
attenuated,mixed,1.5,both_own,477,A_concede,22,21,restored,0.016771488469601678,0.016771488469601678,0.0,0.0,0.0
attenuated,mixed,1.5,both_own,477,A_concede,23,22,restored,0.014675052410901468,0.014675052410901468,0.0,0.0,0.0
attenuated,mixed,1.5,both_own,477,A_concede,24,23,restored,0.031446540880503145,0.033542976939203356,0.0020964360587002098,-0.0020125786163521994,0.006205450733752619
attenuated,mixed,1.5,both_own,477,B_concede,1,0,pre,0.0041928721174004195,0.0041928721174004195,0.0,0.0,0.0
attenuated,mixed,1.5,both_own,477,B_concede,2,1,pre,0.0,0.0,0.0,0.0,0.0
attenuated,mixed,1.5,both_own,477,B_concede,3,2,pre,0.0,0.0,0.0,0.0,0.0
attenuated,mixed,1.5,both_own,477,B_concede,4,3,pre,0.006289308176100629,0.006289308176100629,0.0,0.0,0.0
attenuated,mixed,1.5,both_own,477,B_concede,5,4,pre,0.0041928721174004195,0.0041928721174004195,0.0,0.0,0.0
attenuated,mixed,1.5,both_own,477,B_concede,6,5,pre,0.0020964360587002098,0.0020964360587002098,0.0,0.0,0.0
attenuated,mixed,1.5,both_own,477,B_concede,7,6,pre,0.0020964360587002098,0.0020964360587002098,0.0,0.0,0.0
attenuated,mixed,1.5,both_own,477,B_concede,8,7,removed,0.010482180293501049,0.2138364779874214,0.20335429769392033,0.16719567484630196,0.2395129205415387
attenuated,mixed,1.5,both_own,477,B_concede,9,8,removed,0.014675052410901468,0.22641509433962265,0.21174004192872117,0.17503811845790457,0.24844196539953778
attenuated,mixed,1.5,both_own,477,B_concede,10,9,removed,0.010482180293501049,0.2641509433962264,0.25366876310272535,0.21414952540788695,0.29318800079756374
attenuated,mixed,1.5,both_own,477,B_concede,11,10,restored,0.018867924528301886,0.018867924528301886,0.0,-0.015390666349430487,0.015390666349430487
attenuated,mixed,1.5,both_own,477,B_concede,12,11,restored,0.020964360587002098,0.020964360587002098,0.0,-0.011634250192046681,0.011634250192046681
attenuated,mixed,1.5,both_own,477,B_concede,13,12,restored,0.014675052410901468,0.010482180293501049,-0.0041928721174004195,-0.012410901467505243,0.004025157232704404
attenuated,mixed,1.5,both_own,477,B_concede,14,13,restored,0.018867924528301886,0.014675052410901468,-0.0041928721174004195,-0.014261384956045902,0.005875640721245063
attenuated,mixed,1.5,both_own,477,B_concede,15,14,restored,0.008385744234800839,0.008385744234800839,0.0,-0.0082266572048171,0.0082266572048171
attenuated,mixed,1.5,both_own,477,B_concede,16,15,restored,0.025157232704402517,0.016771488469601678,-0.008385744234800839,-0.02375796207133804,0.006986473601736362
attenuated,mixed,1.5,both_own,477,B_concede,17,16,restored,0.018867924528301886,0.012578616352201259,-0.006289308176100629,-0.015469620024431027,0.002891003672229768
attenuated,mixed,1.5,both_own,477,B_concede,18,17,restored,0.018867924528301886,0.020964360587002098,0.0020964360587002098,-0.008784778705660877,0.012977650823061296
attenuated,mixed,1.5,both_own,477,B_concede,19,18,restored,0.016771488469601678,0.014675052410901468,-0.0020964360587002098,-0.009218440410185866,0.005025568292785445
attenuated,mixed,1.5,both_own,477,B_concede,20,19,restored,0.025157232704402517,0.016771488469601678,-0.008385744234800839,-0.01657783550016341,-0.00019365296943826653
attenuated,mixed,1.5,both_own,477,B_concede,21,20,restored,0.03563941299790356,0.018867924528301886,-0.016771488469601678,-0.03208822744424424,-0.0014547494949591153
attenuated,mixed,1.5,both_own,477,B_concede,22,21,restored,0.027253668763102725,0.023060796645702306,-0.0041928721174004195,-0.01719490424886118,0.00880916001406034
attenuated,mixed,1.5,both_own,477,B_concede,23,22,restored,0.014675052410901468,0.016771488469601678,0.0020964360587002098,-0.010242112443086144,0.014434984560486563
attenuated,mixed,1.5,both_own,477,B_concede,24,23,restored,0.029350104821802937,0.023060796645702306,-0.006289308176100629,-0.017157475915668324,0.0045788595634670675
attenuated,mixed,1.5,both_own,477,any_concede,1,0,pre,0.008385744234800839,0.008385744234800839,0.0,0.0,0.0
attenuated,mixed,1.5,both_own,477,any_concede,2,1,pre,0.0,0.0,0.0,0.0,0.0
attenuated,mixed,1.5,both_own,477,any_concede,3,2,pre,0.0,0.0,0.0,0.0,0.0
attenuated,mixed,1.5,both_own,477,any_concede,4,3,pre,0.014675052410901468,0.014675052410901468,0.0,0.0,0.0
attenuated,mixed,1.5,both_own,477,any_concede,5,4,pre,0.006289308176100629,0.006289308176100629,0.0,0.0,0.0
attenuated,mixed,1.5,both_own,477,any_concede,6,5,pre,0.008385744234800839,0.008385744234800839,0.0,0.0,0.0
attenuated,mixed,1.5,both_own,477,any_concede,7,6,pre,0.0020964360587002098,0.0020964360587002098,0.0,0.0,0.0
attenuated,mixed,1.5,both_own,477,any_concede,8,7,removed,0.020964360587002098,0.22431865828092243,0.20335429769392033,0.16719567484630196,0.2395129205415387
attenuated,mixed,1.5,both_own,477,any_concede,9,8,removed,0.020964360587002098,0.23270440251572327,0.21174004192872117,0.17503811845790457,0.24844196539953778
attenuated,mixed,1.5,both_own,477,any_concede,10,9,removed,0.018867924528301886,0.27253668763102723,0.25366876310272535,0.21414952540788695,0.29318800079756374
attenuated,mixed,1.5,both_own,477,any_concede,11,10,restored,0.03773584905660377,0.03563941299790356,-0.0020964360587002098,-0.018026175927238174,0.013833303809837752
attenuated,mixed,1.5,both_own,477,any_concede,12,11,restored,0.039832285115303984,0.039832285115303984,0.0,-0.011634250192046681,0.011634250192046681
attenuated,mixed,1.5,both_own,477,any_concede,13,12,restored,0.029350104821802937,0.025157232704402517,-0.0041928721174004195,-0.012410901467505243,0.004025157232704404
attenuated,mixed,1.5,both_own,477,any_concede,14,13,restored,0.033542976939203356,0.027253668763102725,-0.006289308176100629,-0.017157475915668324,0.0045788595634670675
attenuated,mixed,1.5,both_own,477,any_concede,15,14,restored,0.018867924528301886,0.018867924528301886,0.0,-0.0082266572048171,0.0082266572048171
attenuated,mixed,1.5,both_own,477,any_concede,16,15,restored,0.033542976939203356,0.025157232704402517,-0.008385744234800839,-0.02375796207133804,0.006986473601736362
attenuated,mixed,1.5,both_own,477,any_concede,17,16,restored,0.031446540880503145,0.025157232704402517,-0.006289308176100629,-0.015469620024431027,0.002891003672229768
attenuated,mixed,1.5,both_own,477,any_concede,18,17,restored,0.025157232704402517,0.027253668763102725,0.0020964360587002098,-0.008784778705660877,0.012977650823061296
attenuated,mixed,1.5,both_own,477,any_concede,19,18,restored,0.020964360587002098,0.018867924528301886,-0.0020964360587002098,-0.009218440410185866,0.005025568292785445
attenuated,mixed,1.5,both_own,477,any_concede,20,19,restored,0.04821802935010482,0.039832285115303984,-0.008385744234800839,-0.01657783550016341,-0.00019365296943826653
attenuated,mixed,1.5,both_own,477,any_concede,21,20,restored,0.05241090146750524,0.03563941299790356,-0.016771488469601678,-0.03315567100032682,-0.00038730593887653306
attenuated,mixed,1.5,both_own,477,any_concede,22,21,restored,0.0440251572327044,0.039832285115303984,-0.0041928721174004195,-0.01719490424886118,0.00880916001406034
attenuated,mixed,1.5,both_own,477,any_concede,23,22,restored,0.029350104821802937,0.031446540880503145,0.0020964360587002098,-0.010242112443086144,0.014434984560486563
attenuated,mixed,1.5,both_own,477,any_concede,24,23,restored,0.06079664570230608,0.05660377358490566,-0.0041928721174004195,-0.015821023095296836,0.007435278860495997
attenuated,mixed,1.5,both_own,477,MN,1,0,pre,0.9916142557651991,0.9916142557651991,0.0,0.0,0.0
attenuated,mixed,1.5,both_own,477,MN,2,1,pre,1.0,1.0,0.0,0.0,0.0
attenuated,mixed,1.5,both_own,477,MN,3,2,pre,1.0,1.0,0.0,0.0,0.0
attenuated,mixed,1.5,both_own,477,MN,4,3,pre,0.9853249475890985,0.9853249475890985,0.0,0.0,0.0
attenuated,mixed,1.5,both_own,477,MN,5,4,pre,0.9937106918238994,0.9937106918238994,0.0,0.0,0.0
attenuated,mixed,1.5,both_own,477,MN,6,5,pre,0.9916142557651991,0.9916142557651991,0.0,0.0,0.0
attenuated,mixed,1.5,both_own,477,MN,7,6,pre,0.9979035639412998,0.9979035639412998,0.0,0.0,0.0
attenuated,mixed,1.5,both_own,477,MN,8,7,removed,0.9790356394129979,0.7756813417190775,-0.20335429769392033,-0.2395129205415387,-0.16719567484630196
attenuated,mixed,1.5,both_own,477,MN,9,8,removed,0.9790356394129979,0.7672955974842768,-0.21174004192872117,-0.24844196539953778,-0.17503811845790457
attenuated,mixed,1.5,both_own,477,MN,10,9,removed,0.9811320754716981,0.7274633123689728,-0.25366876310272535,-0.29318800079756374,-0.21414952540788695
attenuated,mixed,1.5,both_own,477,MN,11,10,restored,0.9622641509433962,0.9643605870020965,0.0020964360587002098,-0.013833303809837752,0.018026175927238174
attenuated,mixed,1.5,both_own,477,MN,12,11,restored,0.960167714884696,0.960167714884696,0.0,-0.011634250192046681,0.011634250192046681
attenuated,mixed,1.5,both_own,477,MN,13,12,restored,0.9706498951781971,0.9748427672955975,0.0041928721174004195,-0.004025157232704404,0.012410901467505243
attenuated,mixed,1.5,both_own,477,MN,14,13,restored,0.9664570230607966,0.9727463312368972,0.006289308176100629,-0.0045788595634670675,0.017157475915668324
attenuated,mixed,1.5,both_own,477,MN,15,14,restored,0.9811320754716981,0.9811320754716981,0.0,-0.0082266572048171,0.0082266572048171
attenuated,mixed,1.5,both_own,477,MN,16,15,restored,0.9664570230607966,0.9748427672955975,0.008385744234800839,-0.006986473601736362,0.02375796207133804
attenuated,mixed,1.5,both_own,477,MN,17,16,restored,0.9685534591194969,0.9748427672955975,0.006289308176100629,-0.002891003672229768,0.015469620024431027
attenuated,mixed,1.5,both_own,477,MN,18,17,restored,0.9748427672955975,0.9727463312368972,-0.0020964360587002098,-0.012977650823061296,0.008784778705660877
attenuated,mixed,1.5,both_own,477,MN,19,18,restored,0.9790356394129979,0.9811320754716981,0.0020964360587002098,-0.005025568292785445,0.009218440410185866
attenuated,mixed,1.5,both_own,477,MN,20,19,restored,0.9517819706498952,0.960167714884696,0.008385744234800839,0.00019365296943826653,0.01657783550016341
attenuated,mixed,1.5,both_own,477,MN,21,20,restored,0.9475890985324947,0.9643605870020965,0.016771488469601678,0.00038730593887653306,0.03315567100032682
attenuated,mixed,1.5,both_own,477,MN,22,21,restored,0.9559748427672956,0.960167714884696,0.0041928721174004195,-0.00880916001406034,0.01719490424886118
attenuated,mixed,1.5,both_own,477,MN,23,22,restored,0.9706498951781971,0.9685534591194969,-0.0020964360587002098,-0.014434984560486563,0.010242112443086144
attenuated,mixed,1.5,both_own,477,MN,24,23,restored,0.939203354297694,0.9433962264150944,0.0041928721174004195,-0.007435278860495997,0.015821023095296836
attenuated,mixed,1.5,both_own,477,U,1,0,pre,0.9916142557651991,0.9916142557651991,0.0,0.0,0.0
attenuated,mixed,1.5,both_own,477,U,2,1,pre,1.0,1.0,0.0,0.0,0.0
attenuated,mixed,1.5,both_own,477,U,3,2,pre,1.0,1.0,0.0,0.0,0.0
attenuated,mixed,1.5,both_own,477,U,4,3,pre,0.9853249475890985,0.9853249475890985,0.0,0.0,0.0
attenuated,mixed,1.5,both_own,477,U,5,4,pre,0.9916142557651991,0.9916142557651991,0.0,0.0,0.0
attenuated,mixed,1.5,both_own,477,U,6,5,pre,0.9874213836477987,0.9874213836477987,0.0,0.0,0.0
attenuated,mixed,1.5,both_own,477,U,7,6,pre,0.9916142557651991,0.9916142557651991,0.0,0.0,0.0
attenuated,mixed,1.5,both_own,477,U,8,7,removed,0.9748427672955975,0.7735849056603774,-0.20125786163522014,-0.23727691712287813,-0.16523880614756215
attenuated,mixed,1.5,both_own,477,U,9,8,removed,0.9622641509433962,0.6834381551362684,-0.27882599580712786,-0.319110614543189,-0.2385413770710667
attenuated,mixed,1.5,both_own,477,U,10,9,removed,0.9580712788259959,0.6310272536687631,-0.3270440251572327,-0.3695888754819736,-0.28449917483249176
attenuated,mixed,1.5,both_own,477,U,11,10,restored,0.9371069182389937,0.6939203354297694,-0.2431865828092243,-0.2817270355009468,-0.20464613011750182
attenuated,mixed,1.5,both_own,477,U,12,11,restored,0.9182389937106918,0.7211740041928721,-0.1970649895178197,-0.23419353745327112,-0.15993644158236828
attenuated,mixed,1.5,both_own,477,U,13,12,restored,0.9182389937106918,0.7651991614255765,-0.1530398322851153,-0.18790089092178547,-0.11817877364844515
attenuated,mixed,1.5,both_own,477,U,14,13,restored,0.9119496855345912,0.7987421383647799,-0.11320754716981132,-0.14608505936740485,-0.0803300349722178
attenuated,mixed,1.5,both_own,477,U,15,14,restored,0.9308176100628931,0.8385744234800838,-0.09224318658280922,-0.12408930337777879,-0.06039706978783966
attenuated,mixed,1.5,both_own,477,U,16,15,restored,0.9203354297693921,0.8427672955974843,-0.07756813417190776,-0.11101786274047548,-0.044118405603340044
attenuated,mixed,1.5,both_own,477,U,17,16,restored,0.909853249475891,0.8469601677148847,-0.06289308176100629,-0.09478483215871467,-0.03100133136329792
attenuated,mixed,1.5,both_own,477,U,18,17,restored,0.909853249475891,0.8553459119496856,-0.05450733752620545,-0.08433473061403907,-0.024679944438371827
attenuated,mixed,1.5,both_own,477,U,19,18,restored,0.9056603773584906,0.859538784067086,-0.04612159329140461,-0.07371014081517757,-0.01853304576763165
attenuated,mixed,1.5,both_own,477,U,20,19,restored,0.8805031446540881,0.8448637316561844,-0.03563941299790356,-0.061782239143440665,-0.009496586852366453
attenuated,mixed,1.5,both_own,477,U,21,20,restored,0.8532494758909853,0.8448637316561844,-0.008385744234800839,-0.037461611893463656,0.02069012342386198
attenuated,mixed,1.5,both_own,477,U,22,21,restored,0.8616352201257862,0.8553459119496856,-0.006289308176100629,-0.035077064289661404,0.02249844793746015
attenuated,mixed,1.5,both_own,477,U,23,22,restored,0.8532494758909853,0.8553459119496856,0.0020964360587002098,-0.026696248199399537,0.03088912031679996
attenuated,mixed,1.5,both_own,477,U,24,23,restored,0.8155136268343816,0.8301886792452831,0.014675052410901468,-0.014088050314465401,0.043438155136268336
attenuated,mixed,1.5,both_own,477,belief_gap,1,0,pre,0.6059717689469215,0.6059717689469215,0.0,0.0,0.0
attenuated,mixed,1.5,both_own,477,belief_gap,2,1,pre,0.5732505398570514,0.5732505398570514,0.0,0.0,0.0
attenuated,mixed,1.5,both_own,477,belief_gap,3,2,pre,0.5473271832946817,0.5473271832946817,0.0,0.0,0.0
attenuated,mixed,1.5,both_own,477,belief_gap,4,3,pre,0.5271052938926714,0.5271052938926714,0.0,0.0,0.0
attenuated,mixed,1.5,both_own,477,belief_gap,5,4,pre,0.5107172881998091,0.5107172881998091,0.0,0.0,0.0
attenuated,mixed,1.5,both_own,477,belief_gap,6,5,pre,0.4998696974062392,0.4998696974062392,0.0,0.0,0.0
attenuated,mixed,1.5,both_own,477,belief_gap,7,6,pre,0.4910707962006318,0.4910707962006318,0.0,0.0,0.0
attenuated,mixed,1.5,both_own,477,belief_gap,8,7,removed,0.4805954799471043,0.48019399235176535,-0.0004014875953389531,-0.000612692806356851,-0.00019028238432105516
attenuated,mixed,1.5,both_own,477,belief_gap,9,8,removed,0.47261448089684815,0.4734240563953218,0.0008095754984736433,4.959604991695539e-07,0.0016186550364481172
attenuated,mixed,1.5,both_own,477,belief_gap,10,9,removed,0.4660666134421916,0.46880113027047515,0.0027345168282835544,0.00155927815725667,0.0039097554993104385
attenuated,mixed,1.5,both_own,477,belief_gap,11,10,restored,0.46027896349949665,0.4658352182894833,0.005556254789986607,0.0037040231330187595,0.007408486446954453
attenuated,mixed,1.5,both_own,477,belief_gap,12,11,restored,0.45721530390090004,0.463683015635024,0.006467711734123964,0.004466898233001359,0.00846852523524657
attenuated,mixed,1.5,both_own,477,belief_gap,13,12,restored,0.4531448222380138,0.45979656446186795,0.006651742223854239,0.0043380401919979935,0.008965444255710485
attenuated,mixed,1.5,both_own,477,belief_gap,14,13,restored,0.4499351790774835,0.45709283324674266,0.007157654169259171,0.004894155011311183,0.009421153327207159
attenuated,mixed,1.5,both_own,477,belief_gap,15,14,restored,0.448531102110344,0.4555188007784939,0.0069876986681499526,0.004916124682462347,0.009059272653837557
attenuated,mixed,1.5,both_own,477,belief_gap,16,15,restored,0.44546885389206664,0.4536141279278094,0.00814527403574272,0.005406858560947196,0.010883689510538246
attenuated,mixed,1.5,both_own,477,belief_gap,17,16,restored,0.4398627457202104,0.44756106842492205,0.007698322704711694,0.0052655156635500935,0.010131129745873295
attenuated,mixed,1.5,both_own,477,belief_gap,18,17,restored,0.4338594400082145,0.44187751925263946,0.00801807924442492,0.005677126230024326,0.010359032258825514
attenuated,mixed,1.5,both_own,477,belief_gap,19,18,restored,0.42757971960268043,0.4355061509909068,0.007926431388226397,0.0056512343816525566,0.010201628394800237
attenuated,mixed,1.5,both_own,477,belief_gap,20,19,restored,0.4213863998004422,0.42923540317864245,0.007849003378200325,0.005723182234531584,0.009974824521869067
attenuated,mixed,1.5,both_own,477,belief_gap,21,20,restored,0.41457074247860104,0.42158911060152604,0.007018368122925035,0.004889027131314791,0.00914770911453528
attenuated,mixed,1.5,both_own,477,belief_gap,22,21,restored,0.4076389393975958,0.4147940309579837,0.00715509156038784,0.0047468263262598455,0.009563356794515834
attenuated,mixed,1.5,both_own,477,belief_gap,23,22,restored,0.4036808217546541,0.41037771801655015,0.006696896261896054,0.0042183828295665,0.009175409694225608
attenuated,mixed,1.5,both_own,477,belief_gap,24,23,restored,0.39988587515497676,0.4069024760353555,0.007016600880378675,0.004748165694649817,0.009285036066107533
costly,honest,1.5,all,2000,A_concede,1,0,pre,0.002,0.002,0.0,0.0,0.0
costly,honest,1.5,all,2000,A_concede,2,1,pre,0.0065,0.0065,0.0,0.0,0.0
costly,honest,1.5,all,2000,A_concede,3,2,pre,0.0095,0.0095,0.0,0.0,0.0
costly,honest,1.5,all,2000,A_concede,4,3,pre,0.005,0.005,0.0,0.0,0.0
costly,honest,1.5,all,2000,A_concede,5,4,pre,0.0085,0.0085,0.0,0.0,0.0
costly,honest,1.5,all,2000,A_concede,6,5,pre,0.006,0.006,0.0,0.0,0.0
costly,honest,1.5,all,2000,A_concede,7,6,pre,0.0075,0.0075,0.0,0.0,0.0
costly,honest,1.5,all,2000,A_concede,8,7,removed,0.0075,0.4435,0.436,0.41426135497452127,0.45773864502547873
costly,honest,1.5,all,2000,A_concede,9,8,removed,0.0065,0.45,0.4435,0.4217214445166933,0.4652785554833067
costly,honest,1.5,all,2000,A_concede,10,9,removed,0.015,0.448,0.433,0.41127873310513957,0.4547212668948604
costly,honest,1.5,all,2000,A_concede,11,10,restored,0.01,0.0095,-0.0005,-0.003093392110985275,0.002093392110985275
costly,honest,1.5,all,2000,A_concede,12,11,restored,0.014,0.0135,-0.0005,-0.002691785062655652,0.0016917850626556518
costly,honest,1.5,all,2000,A_concede,13,12,restored,0.0115,0.0125,0.001,-0.001400700081317993,0.003400700081317993
costly,honest,1.5,all,2000,A_concede,14,13,restored,0.0095,0.01,0.0005,-0.0011976928109761844,0.0021976928109761844
costly,honest,1.5,all,2000,A_concede,15,14,restored,0.016,0.015,-0.001,-0.0029599999999999995,0.0009599999999999995
costly,honest,1.5,all,2000,A_concede,16,15,restored,0.0125,0.011,-0.0015,-0.003690908085502347,0.000690908085502347
costly,honest,1.5,all,2000,A_concede,17,16,restored,0.011,0.0095,-0.0015,-0.003690908085502347,0.000690908085502347
costly,honest,1.5,all,2000,A_concede,18,17,restored,0.0145,0.013,-0.0015,-0.0044399999999999995,0.0014399999999999999
costly,honest,1.5,all,2000,A_concede,19,18,restored,0.0085,0.0095,0.001,-0.0009599999999999995,0.0029599999999999995
costly,honest,1.5,all,2000,A_concede,20,19,restored,0.0135,0.011,-0.0025,-0.005091168091042729,9.116809104272846e-05
costly,honest,1.5,all,2000,A_concede,21,20,restored,0.0145,0.0115,-0.003,-0.005397495942310789,-0.0006025040576892113
costly,honest,1.5,all,2000,A_concede,22,21,restored,0.0105,0.0075,-0.003,-0.00576943092960213,-0.00023056907039786974
costly,honest,1.5,all,2000,A_concede,23,22,restored,0.009,0.0085,-0.0005,-0.00148,0.00047999999999999996
costly,honest,1.5,all,2000,A_concede,24,23,restored,0.0175,0.013,-0.0045,-0.00774511466432117,-0.0012548853356788288
costly,honest,1.5,all,2000,B_concede,1,0,pre,0.3945,0.3945,0.0,0.0,0.0
costly,honest,1.5,all,2000,B_concede,2,1,pre,0.411,0.411,0.0,0.0,0.0
costly,honest,1.5,all,2000,B_concede,3,2,pre,0.42,0.42,0.0,0.0,0.0
costly,honest,1.5,all,2000,B_concede,4,3,pre,0.4345,0.4345,0.0,0.0,0.0
costly,honest,1.5,all,2000,B_concede,5,4,pre,0.432,0.432,0.0,0.0,0.0
costly,honest,1.5,all,2000,B_concede,6,5,pre,0.437,0.437,0.0,0.0,0.0
costly,honest,1.5,all,2000,B_concede,7,6,pre,0.4375,0.4375,0.0,0.0,0.0
costly,honest,1.5,all,2000,B_concede,8,7,removed,0.443,0.443,0.0,0.0,0.0
costly,honest,1.5,all,2000,B_concede,9,8,removed,0.437,0.437,0.0,0.0,0.0
costly,honest,1.5,all,2000,B_concede,10,9,removed,0.442,0.441,-0.001,-0.002385582592110546,0.0003855825921105461
costly,honest,1.5,all,2000,B_concede,11,10,restored,0.443,0.4425,-0.0005,-0.002197692810976185,0.001197692810976185
costly,honest,1.5,all,2000,B_concede,12,11,restored,0.446,0.445,-0.001,-0.002385582592110546,0.0003855825921105461
costly,honest,1.5,all,2000,B_concede,13,12,restored,0.4355,0.436,0.0005,-0.001197692810976185,0.002197692810976185
costly,honest,1.5,all,2000,B_concede,14,13,restored,0.4505,0.45,-0.0005,-0.002197692810976185,0.0011976928109761846
costly,honest,1.5,all,2000,B_concede,15,14,restored,0.441,0.441,0.0,-0.001386275903433447,0.001386275903433447
costly,honest,1.5,all,2000,B_concede,16,15,restored,0.444,0.444,0.0,-0.001386275903433447,0.001386275903433447
costly,honest,1.5,all,2000,B_concede,17,16,restored,0.444,0.4435,-0.0005,-0.00148,0.00047999999999999996
costly,honest,1.5,all,2000,B_concede,18,17,restored,0.4395,0.4395,0.0,0.0,0.0
costly,honest,1.5,all,2000,B_concede,19,18,restored,0.4465,0.4465,0.0,-0.001386275903433447,0.001386275903433447
costly,honest,1.5,all,2000,B_concede,20,19,restored,0.451,0.451,0.0,0.0,0.0
costly,honest,1.5,all,2000,B_concede,21,20,restored,0.449,0.449,0.0,0.0,0.0
costly,honest,1.5,all,2000,B_concede,22,21,restored,0.446,0.446,0.0,0.0,0.0
costly,honest,1.5,all,2000,B_concede,23,22,restored,0.4495,0.4495,0.0,0.0,0.0
costly,honest,1.5,all,2000,B_concede,24,23,restored,0.4465,0.446,-0.0005,-0.002197692810976185,0.001197692810976185
costly,honest,1.5,all,2000,any_concede,1,0,pre,0.3965,0.3965,0.0,0.0,0.0
costly,honest,1.5,all,2000,any_concede,2,1,pre,0.417,0.417,0.0,0.0,0.0
costly,honest,1.5,all,2000,any_concede,3,2,pre,0.429,0.429,0.0,0.0,0.0
costly,honest,1.5,all,2000,any_concede,4,3,pre,0.4395,0.4395,0.0,0.0,0.0
costly,honest,1.5,all,2000,any_concede,5,4,pre,0.4405,0.4405,0.0,0.0,0.0
costly,honest,1.5,all,2000,any_concede,6,5,pre,0.443,0.443,0.0,0.0,0.0
costly,honest,1.5,all,2000,any_concede,7,6,pre,0.445,0.445,0.0,0.0,0.0
costly,honest,1.5,all,2000,any_concede,8,7,removed,0.4505,0.886,0.4355,0.413764195105605,0.45723580489439497
costly,honest,1.5,all,2000,any_concede,9,8,removed,0.4435,0.8865,0.443,0.42122394849818945,0.46477605150181056
costly,honest,1.5,all,2000,any_concede,10,9,removed,0.457,0.889,0.432,0.410240501874369,0.453759498125631
costly,honest,1.5,all,2000,any_concede,11,10,restored,0.4525,0.4515,-0.001,-0.004099497159430971,0.002099497159430971
costly,honest,1.5,all,2000,any_concede,12,11,restored,0.46,0.4585,-0.0015,-0.004092650982982434,0.0010926509829824339
costly,honest,1.5,all,2000,any_concede,13,12,restored,0.447,0.4485,0.0015,-0.0014399999999999999,0.0044399999999999995
costly,honest,1.5,all,2000,any_concede,14,13,restored,0.46,0.46,0.0,-0.002401100298055177,0.002401100298055177
costly,honest,1.5,all,2000,any_concede,15,14,restored,0.457,0.456,-0.001,-0.003400700081317993,0.001400700081317993
costly,honest,1.5,all,2000,any_concede,16,15,restored,0.456,0.4545,-0.0015,-0.004092650982982435,0.0010926509829824343
costly,honest,1.5,all,2000,any_concede,17,16,restored,0.455,0.453,-0.002,-0.0043994990305892805,0.00039949903058928045
costly,honest,1.5,all,2000,any_concede,18,17,restored,0.454,0.4525,-0.0015,-0.0044399999999999995,0.0014399999999999999
costly,honest,1.5,all,2000,any_concede,19,18,restored,0.455,0.4555,0.0005,-0.0016917850626556523,0.0026917850626556523
costly,honest,1.5,all,2000,any_concede,20,19,restored,0.4645,0.462,-0.0025,-0.005091168091042729,9.116809104272846e-05
costly,honest,1.5,all,2000,any_concede,21,20,restored,0.4635,0.4605,-0.003,-0.005397495942310789,-0.0006025040576892113
costly,honest,1.5,all,2000,any_concede,22,21,restored,0.4565,0.4535,-0.003,-0.00576943092960213,-0.00023056907039786974
costly,honest,1.5,all,2000,any_concede,23,22,restored,0.4585,0.458,-0.0005,-0.00148,0.00047999999999999996
costly,honest,1.5,all,2000,any_concede,24,23,restored,0.464,0.459,-0.005,-0.00866118589272254,-0.0013388141072774606
costly,honest,1.5,all,2000,MN,1,0,pre,0.6035,0.6035,0.0,0.0,0.0
costly,honest,1.5,all,2000,MN,2,1,pre,0.583,0.583,0.0,0.0,0.0
costly,honest,1.5,all,2000,MN,3,2,pre,0.571,0.571,0.0,0.0,0.0
costly,honest,1.5,all,2000,MN,4,3,pre,0.5605,0.5605,0.0,0.0,0.0
costly,honest,1.5,all,2000,MN,5,4,pre,0.5595,0.5595,0.0,0.0,0.0
costly,honest,1.5,all,2000,MN,6,5,pre,0.557,0.557,0.0,0.0,0.0
costly,honest,1.5,all,2000,MN,7,6,pre,0.555,0.555,0.0,0.0,0.0
costly,honest,1.5,all,2000,MN,8,7,removed,0.5495,0.114,-0.4355,-0.45723580489439497,-0.413764195105605
costly,honest,1.5,all,2000,MN,9,8,removed,0.5565,0.1135,-0.443,-0.46477605150181056,-0.42122394849818945
costly,honest,1.5,all,2000,MN,10,9,removed,0.543,0.111,-0.432,-0.453759498125631,-0.410240501874369
costly,honest,1.5,all,2000,MN,11,10,restored,0.5475,0.5485,0.001,-0.002099497159430971,0.004099497159430971
costly,honest,1.5,all,2000,MN,12,11,restored,0.54,0.5415,0.0015,-0.0010926509829824339,0.004092650982982434
costly,honest,1.5,all,2000,MN,13,12,restored,0.553,0.5515,-0.0015,-0.0044399999999999995,0.0014399999999999999
costly,honest,1.5,all,2000,MN,14,13,restored,0.54,0.54,0.0,-0.002401100298055177,0.002401100298055177
costly,honest,1.5,all,2000,MN,15,14,restored,0.543,0.544,0.001,-0.001400700081317993,0.003400700081317993
costly,honest,1.5,all,2000,MN,16,15,restored,0.544,0.5455,0.0015,-0.0010926509829824343,0.004092650982982435
costly,honest,1.5,all,2000,MN,17,16,restored,0.545,0.547,0.002,-0.00039949903058928045,0.0043994990305892805
costly,honest,1.5,all,2000,MN,18,17,restored,0.546,0.5475,0.0015,-0.0014399999999999999,0.0044399999999999995
costly,honest,1.5,all,2000,MN,19,18,restored,0.545,0.5445,-0.0005,-0.0026917850626556523,0.0016917850626556523
costly,honest,1.5,all,2000,MN,20,19,restored,0.5355,0.538,0.0025,-9.116809104272846e-05,0.005091168091042729
costly,honest,1.5,all,2000,MN,21,20,restored,0.5365,0.5395,0.003,0.0006025040576892113,0.005397495942310789
costly,honest,1.5,all,2000,MN,22,21,restored,0.5435,0.5465,0.003,0.00023056907039786974,0.00576943092960213
costly,honest,1.5,all,2000,MN,23,22,restored,0.5415,0.542,0.0005,-0.00047999999999999996,0.00148
costly,honest,1.5,all,2000,MN,24,23,restored,0.536,0.541,0.005,0.0013388141072774606,0.00866118589272254
costly,honest,1.5,all,2000,U,1,0,pre,0.6035,0.6035,0.0,0.0,0.0
costly,honest,1.5,all,2000,U,2,1,pre,0.5535,0.5535,0.0,0.0,0.0
costly,honest,1.5,all,2000,U,3,2,pre,0.5315,0.5315,0.0,0.0,0.0
costly,honest,1.5,all,2000,U,4,3,pre,0.516,0.516,0.0,0.0,0.0
costly,honest,1.5,all,2000,U,5,4,pre,0.5045,0.5045,0.0,0.0,0.0
costly,honest,1.5,all,2000,U,6,5,pre,0.49,0.49,0.0,0.0,0.0
costly,honest,1.5,all,2000,U,7,6,pre,0.4865,0.4865,0.0,0.0,0.0
costly,honest,1.5,all,2000,U,8,7,removed,0.4785,0.081,-0.3975,-0.4189981738931559,-0.37600182610684413
costly,honest,1.5,all,2000,U,9,8,removed,0.4735,0.0605,-0.413,-0.4346290585298215,-0.3913709414701785
costly,honest,1.5,all,2000,U,10,9,removed,0.457,0.054,-0.403,-0.4245471606683209,-0.38145283933167917
costly,honest,1.5,all,2000,U,11,10,restored,0.45,0.0655,-0.3845,-0.4059160447161852,-0.3630839552838148
costly,honest,1.5,all,2000,U,12,11,restored,0.4365,0.0705,-0.366,-0.387253196568568,-0.344746803431432
costly,honest,1.5,all,2000,U,13,12,restored,0.428,0.077,-0.351,-0.3721059766494034,-0.32989402335059653
costly,honest,1.5,all,2000,U,14,13,restored,0.416,0.0775,-0.3385,-0.359428531145495,-0.31757146885450505
costly,honest,1.5,all,2000,U,15,14,restored,0.407,0.0835,-0.3235,-0.344194445830805,-0.302805554169195
costly,honest,1.5,all,2000,U,16,15,restored,0.3955,0.0875,-0.308,-0.32842751748341603,-0.28757248251658396
costly,honest,1.5,all,2000,U,17,16,restored,0.3885,0.09,-0.2985,-0.3187509122738696,-0.2782490877261304
costly,honest,1.5,all,2000,U,18,17,restored,0.379,0.0955,-0.2835,-0.3035951558800852,-0.26340484411991477
costly,honest,1.5,all,2000,U,19,18,restored,0.372,0.0935,-0.2785,-0.2986338500083337,-0.25836614999166635
costly,honest,1.5,all,2000,U,20,19,restored,0.3655,0.097,-0.2685,-0.288368180049749,-0.24863181995025102
costly,honest,1.5,all,2000,U,21,20,restored,0.3515,0.096,-0.2555,-0.27521339658208094,-0.23578660341791904
costly,honest,1.5,all,2000,U,22,21,restored,0.348,0.102,-0.246,-0.2655304579207272,-0.22646954207927278
costly,honest,1.5,all,2000,U,23,22,restored,0.344,0.1035,-0.2405,-0.25989100960307926,-0.2211089903969207
costly,honest,1.5,all,2000,U,24,23,restored,0.3345,0.1085,-0.226,-0.245254968088731,-0.206745031911269
costly,honest,1.5,all,2000,belief_gap,1,0,pre,0.15214209513263544,0.15214209513263544,0.0,0.0,0.0
costly,honest,1.5,all,2000,belief_gap,2,1,pre,0.1332754571181205,0.1332754571181205,0.0,0.0,0.0
costly,honest,1.5,all,2000,belief_gap,3,2,pre,0.12480714705853826,0.12480714705853826,0.0,0.0,0.0
costly,honest,1.5,all,2000,belief_gap,4,3,pre,0.11743349452280165,0.11743349452280165,0.0,0.0,0.0
costly,honest,1.5,all,2000,belief_gap,5,4,pre,0.11189739698544403,0.11189739698544403,0.0,0.0,0.0
costly,honest,1.5,all,2000,belief_gap,6,5,pre,0.10855642365565168,0.10855642365565168,0.0,0.0,0.0
costly,honest,1.5,all,2000,belief_gap,7,6,pre,0.1055158930252788,0.1055158930252788,0.0,0.0,0.0
costly,honest,1.5,all,2000,belief_gap,8,7,removed,0.10271156543099964,0.1035871513513866,0.0008755859203869651,0.0005029361292265328,0.0012482357115473973
costly,honest,1.5,all,2000,belief_gap,9,8,removed,0.10089054514818756,0.10341952022948785,0.00252897508130029,0.0017678974656474358,0.0032900526969531444
costly,honest,1.5,all,2000,belief_gap,10,9,removed,0.09924057294532308,0.10262449841994771,0.0033839254746246433,0.0024745707830280805,0.004293280166221206
costly,honest,1.5,all,2000,belief_gap,11,10,restored,0.09811077280668586,0.10219334889385236,0.004082576087166481,0.003144060422875593,0.005021091751457369
costly,honest,1.5,all,2000,belief_gap,12,11,restored,0.09747159103062535,0.10195922363201104,0.0044876326013856965,0.0034967478633459947,0.005478517339425398
costly,honest,1.5,all,2000,belief_gap,13,12,restored,0.09665540044506354,0.1017149075852158,0.005059507140152249,0.004121859361161862,0.0059971549191426355
costly,honest,1.5,all,2000,belief_gap,14,13,restored,0.09544274252405191,0.10044293944496473,0.0050001969209128245,0.004130941079705235,0.0058694527621204135
costly,honest,1.5,all,2000,belief_gap,15,14,restored,0.0959452725306071,0.10120979646238581,0.005264523931778706,0.0044185709683339505,0.006110476895223462
costly,honest,1.5,all,2000,belief_gap,16,15,restored,0.09517595936762382,0.10065100803429343,0.005475048666669588,0.00461321209912974,0.006336885234209436
costly,honest,1.5,all,2000,belief_gap,17,16,restored,0.0944498101113733,0.10003488001679335,0.005585069905420067,0.004640556165658512,0.006529583645181622
costly,honest,1.5,all,2000,belief_gap,18,17,restored,0.09377623428988456,0.0992023524179126,0.005426118128028055,0.004520549342313721,0.006331686913742389
costly,honest,1.5,all,2000,belief_gap,19,18,restored,0.09329029672645854,0.09882774457134576,0.005537447844887229,0.004567499077762405,0.0065073966120120525
costly,honest,1.5,all,2000,belief_gap,20,19,restored,0.09183541511225345,0.09770292575975012,0.005867510647496684,0.004879047093982673,0.006855974201010695
costly,honest,1.5,all,2000,belief_gap,21,20,restored,0.09116721263932946,0.09719073919902242,0.006023526559692966,0.005014239514617485,0.007032813604768447
costly,honest,1.5,all,2000,belief_gap,22,21,restored,0.09079153535390756,0.09683361423451213,0.006042078880604554,0.005064742098381654,0.007019415662827454
costly,honest,1.5,all,2000,belief_gap,23,22,restored,0.09048655597075529,0.09659616025778987,0.006109604287034586,0.005120119746135087,0.007099088827934084
costly,honest,1.5,all,2000,belief_gap,24,23,restored,0.08995126519746147,0.09559579974163361,0.005644534544172133,0.004615675927685116,0.006673393160659151
costly,honest,1.5,both_own,477,A_concede,1,0,pre,0.0,0.0,0.0,0.0,0.0
costly,honest,1.5,both_own,477,A_concede,2,1,pre,0.0020964360587002098,0.0020964360587002098,0.0,0.0,0.0
costly,honest,1.5,both_own,477,A_concede,3,2,pre,0.0,0.0,0.0,0.0,0.0
costly,honest,1.5,both_own,477,A_concede,4,3,pre,0.0,0.0,0.0,0.0,0.0
costly,honest,1.5,both_own,477,A_concede,5,4,pre,0.0,0.0,0.0,0.0,0.0
costly,honest,1.5,both_own,477,A_concede,6,5,pre,0.0020964360587002098,0.0020964360587002098,0.0,0.0,0.0
costly,honest,1.5,both_own,477,A_concede,7,6,pre,0.0,0.0,0.0,0.0,0.0
costly,honest,1.5,both_own,477,A_concede,8,7,removed,0.0,0.3018867924528302,0.3018867924528302,0.260644995593073,0.34312858931258733
costly,honest,1.5,both_own,477,A_concede,9,8,removed,0.0,0.31865828092243187,0.31865828092243187,0.27679842873859367,0.36051813310627007
costly,honest,1.5,both_own,477,A_concede,10,9,removed,0.0041928721174004195,0.3165618448637317,0.31236897274633124,0.2707334260045147,0.35400451948814776
costly,honest,1.5,both_own,477,A_concede,11,10,restored,0.0020964360587002098,0.0020964360587002098,0.0,-0.005817125096023341,0.005817125096023341
costly,honest,1.5,both_own,477,A_concede,12,11,restored,0.008385744234800839,0.006289308176100629,-0.0020964360587002098,-0.00620545073375262,0.0020125786163522003
costly,honest,1.5,both_own,477,A_concede,13,12,restored,0.010482180293501049,0.012578616352201259,0.0020964360587002098,-0.005025568292785446,0.009218440410185866
costly,honest,1.5,both_own,477,A_concede,14,13,restored,0.012578616352201259,0.012578616352201259,0.0,-0.005817125096023341,0.005817125096023341
costly,honest,1.5,both_own,477,A_concede,15,14,restored,0.0041928721174004195,0.0041928721174004195,0.0,0.0,0.0
costly,honest,1.5,both_own,477,A_concede,16,15,restored,0.014675052410901468,0.008385744234800839,-0.006289308176100629,-0.013391362896377778,0.0008127465441765203
costly,honest,1.5,both_own,477,A_concede,17,16,restored,0.0041928721174004195,0.0041928721174004195,0.0,0.0,0.0
costly,honest,1.5,both_own,477,A_concede,18,17,restored,0.014675052410901468,0.010482180293501049,-0.0041928721174004195,-0.012410901467505243,0.004025157232704404
costly,honest,1.5,both_own,477,A_concede,19,18,restored,0.008385744234800839,0.008385744234800839,0.0,0.0,0.0
costly,honest,1.5,both_own,477,A_concede,20,19,restored,0.010482180293501049,0.006289308176100629,-0.0041928721174004195,-0.009997789172483958,0.0016120449376831178
costly,honest,1.5,both_own,477,A_concede,21,20,restored,0.006289308176100629,0.0020964360587002098,-0.0041928721174004195,-0.009997789172483958,0.0016120449376831178
costly,honest,1.5,both_own,477,A_concede,22,21,restored,0.0041928721174004195,0.006289308176100629,0.0020964360587002098,-0.0020125786163521994,0.006205450733752619
costly,honest,1.5,both_own,477,A_concede,23,22,restored,0.0020964360587002098,0.0020964360587002098,0.0,0.0,0.0
costly,honest,1.5,both_own,477,A_concede,24,23,restored,0.012578616352201259,0.008385744234800839,-0.0041928721174004195,-0.012410901467505243,0.004025157232704404
costly,honest,1.5,both_own,477,B_concede,1,0,pre,0.1488469601677149,0.1488469601677149,0.0,0.0,0.0
costly,honest,1.5,both_own,477,B_concede,2,1,pre,0.18658280922431866,0.18658280922431866,0.0,0.0,0.0
costly,honest,1.5,both_own,477,B_concede,3,2,pre,0.21174004192872117,0.21174004192872117,0.0,0.0,0.0
costly,honest,1.5,both_own,477,B_concede,4,3,pre,0.2746331236897275,0.2746331236897275,0.0,0.0,0.0
costly,honest,1.5,both_own,477,B_concede,5,4,pre,0.2641509433962264,0.2641509433962264,0.0,0.0,0.0
costly,honest,1.5,both_own,477,B_concede,6,5,pre,0.2893081761006289,0.2893081761006289,0.0,0.0,0.0
costly,honest,1.5,both_own,477,B_concede,7,6,pre,0.27044025157232704,0.27044025157232704,0.0,0.0,0.0
costly,honest,1.5,both_own,477,B_concede,8,7,removed,0.3039832285115304,0.3039832285115304,0.0,0.0,0.0
costly,honest,1.5,both_own,477,B_concede,9,8,removed,0.2809224318658281,0.2809224318658281,0.0,0.0,0.0
costly,honest,1.5,both_own,477,B_concede,10,9,removed,0.31027253668763105,0.31027253668763105,0.0,0.0,0.0
costly,honest,1.5,both_own,477,B_concede,11,10,restored,0.29559748427672955,0.29559748427672955,0.0,0.0,0.0
costly,honest,1.5,both_own,477,B_concede,12,11,restored,0.3270440251572327,0.3249475890985325,-0.0020964360587002098,-0.006205450733752619,0.0020125786163521994
costly,honest,1.5,both_own,477,B_concede,13,12,restored,0.28721174004192873,0.28721174004192873,0.0,-0.005817125096023341,0.005817125096023341
costly,honest,1.5,both_own,477,B_concede,14,13,restored,0.3333333333333333,0.3312368972746331,-0.0020964360587002098,-0.00620545073375262,0.0020125786163522003
costly,honest,1.5,both_own,477,B_concede,15,14,restored,0.31027253668763105,0.31027253668763105,0.0,0.0,0.0
costly,honest,1.5,both_own,477,B_concede,16,15,restored,0.31865828092243187,0.31865828092243187,0.0,0.0,0.0
costly,honest,1.5,both_own,477,B_concede,17,16,restored,0.3039832285115304,0.3039832285115304,0.0,0.0,0.0
costly,honest,1.5,both_own,477,B_concede,18,17,restored,0.29559748427672955,0.29559748427672955,0.0,0.0,0.0
costly,honest,1.5,both_own,477,B_concede,19,18,restored,0.3249475890985325,0.3228511530398323,-0.0020964360587002098,-0.00620545073375262,0.0020125786163522003
costly,honest,1.5,both_own,477,B_concede,20,19,restored,0.3438155136268344,0.3438155136268344,0.0,0.0,0.0
costly,honest,1.5,both_own,477,B_concede,21,20,restored,0.31865828092243187,0.31865828092243187,0.0,0.0,0.0
costly,honest,1.5,both_own,477,B_concede,22,21,restored,0.32075471698113206,0.32075471698113206,0.0,0.0,0.0
costly,honest,1.5,both_own,477,B_concede,23,22,restored,0.34591194968553457,0.34591194968553457,0.0,0.0,0.0
costly,honest,1.5,both_own,477,B_concede,24,23,restored,0.3249475890985325,0.32075471698113206,-0.0041928721174004195,-0.009997789172483958,0.0016120449376831178
costly,honest,1.5,both_own,477,any_concede,1,0,pre,0.1488469601677149,0.1488469601677149,0.0,0.0,0.0
costly,honest,1.5,both_own,477,any_concede,2,1,pre,0.18867924528301888,0.18867924528301888,0.0,0.0,0.0
costly,honest,1.5,both_own,477,any_concede,3,2,pre,0.21174004192872117,0.21174004192872117,0.0,0.0,0.0
costly,honest,1.5,both_own,477,any_concede,4,3,pre,0.2746331236897275,0.2746331236897275,0.0,0.0,0.0
costly,honest,1.5,both_own,477,any_concede,5,4,pre,0.2641509433962264,0.2641509433962264,0.0,0.0,0.0
costly,honest,1.5,both_own,477,any_concede,6,5,pre,0.2914046121593291,0.2914046121593291,0.0,0.0,0.0
costly,honest,1.5,both_own,477,any_concede,7,6,pre,0.27044025157232704,0.27044025157232704,0.0,0.0,0.0
costly,honest,1.5,both_own,477,any_concede,8,7,removed,0.3039832285115304,0.6058700209643606,0.3018867924528302,0.260644995593073,0.34312858931258733
costly,honest,1.5,both_own,477,any_concede,9,8,removed,0.2809224318658281,0.59958071278826,0.31865828092243187,0.27679842873859367,0.36051813310627007
costly,honest,1.5,both_own,477,any_concede,10,9,removed,0.31446540880503143,0.6268343815513627,0.31236897274633124,0.2707334260045147,0.35400451948814776
costly,honest,1.5,both_own,477,any_concede,11,10,restored,0.2976939203354298,0.2976939203354298,0.0,-0.005817125096023341,0.005817125096023341
costly,honest,1.5,both_own,477,any_concede,12,11,restored,0.33542976939203356,0.3312368972746331,-0.0041928721174004195,-0.009997789172483958,0.0016120449376831178
costly,honest,1.5,both_own,477,any_concede,13,12,restored,0.2976939203354298,0.29979035639413,0.0020964360587002098,-0.007099317872618589,0.011292189990019009
costly,honest,1.5,both_own,477,any_concede,14,13,restored,0.34591194968553457,0.3438155136268344,-0.0020964360587002098,-0.009218440410185866,0.005025568292785445
costly,honest,1.5,both_own,477,any_concede,15,14,restored,0.31446540880503143,0.31446540880503143,0.0,0.0,0.0
costly,honest,1.5,both_own,477,any_concede,16,15,restored,0.3312368972746331,0.3249475890985325,-0.006289308176100629,-0.013391362896377778,0.0008127465441765203
costly,honest,1.5,both_own,477,any_concede,17,16,restored,0.3081761006289308,0.3081761006289308,0.0,0.0,0.0
costly,honest,1.5,both_own,477,any_concede,18,17,restored,0.31027253668763105,0.3060796645702306,-0.0041928721174004195,-0.012410901467505243,0.004025157232704404
costly,honest,1.5,both_own,477,any_concede,19,18,restored,0.3333333333333333,0.3312368972746331,-0.0020964360587002098,-0.00620545073375262,0.0020125786163522003
costly,honest,1.5,both_own,477,any_concede,20,19,restored,0.35429769392033544,0.350104821802935,-0.0041928721174004195,-0.009997789172483958,0.0016120449376831178
costly,honest,1.5,both_own,477,any_concede,21,20,restored,0.3249475890985325,0.32075471698113206,-0.0041928721174004195,-0.009997789172483958,0.0016120449376831178
costly,honest,1.5,both_own,477,any_concede,22,21,restored,0.3249475890985325,0.3270440251572327,0.0020964360587002098,-0.0020125786163521994,0.006205450733752619
costly,honest,1.5,both_own,477,any_concede,23,22,restored,0.3480083857442348,0.3480083857442348,0.0,0.0,0.0
costly,honest,1.5,both_own,477,any_concede,24,23,restored,0.33752620545073375,0.32914046121593293,-0.008385744234800839,-0.0184330973032868,0.0016616088336851246
costly,honest,1.5,both_own,477,MN,1,0,pre,0.8511530398322851,0.8511530398322851,0.0,0.0,0.0
costly,honest,1.5,both_own,477,MN,2,1,pre,0.8113207547169812,0.8113207547169812,0.0,0.0,0.0
costly,honest,1.5,both_own,477,MN,3,2,pre,0.7882599580712788,0.7882599580712788,0.0,0.0,0.0
costly,honest,1.5,both_own,477,MN,4,3,pre,0.7253668763102725,0.7253668763102725,0.0,0.0,0.0
costly,honest,1.5,both_own,477,MN,5,4,pre,0.7358490566037735,0.7358490566037735,0.0,0.0,0.0
costly,honest,1.5,both_own,477,MN,6,5,pre,0.7085953878406709,0.7085953878406709,0.0,0.0,0.0
costly,honest,1.5,both_own,477,MN,7,6,pre,0.7295597484276729,0.7295597484276729,0.0,0.0,0.0
costly,honest,1.5,both_own,477,MN,8,7,removed,0.6960167714884696,0.3941299790356394,-0.3018867924528302,-0.34312858931258733,-0.260644995593073
costly,honest,1.5,both_own,477,MN,9,8,removed,0.7190775681341719,0.40041928721174,-0.31865828092243187,-0.36051813310627007,-0.27679842873859367
costly,honest,1.5,both_own,477,MN,10,9,removed,0.6855345911949685,0.3731656184486373,-0.31236897274633124,-0.35400451948814776,-0.2707334260045147
costly,honest,1.5,both_own,477,MN,11,10,restored,0.7023060796645703,0.7023060796645703,0.0,-0.005817125096023341,0.005817125096023341
costly,honest,1.5,both_own,477,MN,12,11,restored,0.6645702306079665,0.6687631027253669,0.0041928721174004195,-0.0016120449376831178,0.009997789172483958
costly,honest,1.5,both_own,477,MN,13,12,restored,0.7023060796645703,0.70020964360587,-0.0020964360587002098,-0.011292189990019009,0.007099317872618589
costly,honest,1.5,both_own,477,MN,14,13,restored,0.6540880503144654,0.6561844863731656,0.0020964360587002098,-0.005025568292785445,0.009218440410185866
costly,honest,1.5,both_own,477,MN,15,14,restored,0.6855345911949685,0.6855345911949685,0.0,0.0,0.0
costly,honest,1.5,both_own,477,MN,16,15,restored,0.6687631027253669,0.6750524109014675,0.006289308176100629,-0.0008127465441765203,0.013391362896377778
costly,honest,1.5,both_own,477,MN,17,16,restored,0.6918238993710691,0.6918238993710691,0.0,0.0,0.0
costly,honest,1.5,both_own,477,MN,18,17,restored,0.689727463312369,0.6939203354297694,0.0041928721174004195,-0.004025157232704404,0.012410901467505243
costly,honest,1.5,both_own,477,MN,19,18,restored,0.6666666666666666,0.6687631027253669,0.0020964360587002098,-0.0020125786163522003,0.00620545073375262
costly,honest,1.5,both_own,477,MN,20,19,restored,0.6457023060796646,0.649895178197065,0.0041928721174004195,-0.0016120449376831178,0.009997789172483958
costly,honest,1.5,both_own,477,MN,21,20,restored,0.6750524109014675,0.6792452830188679,0.0041928721174004195,-0.0016120449376831178,0.009997789172483958
costly,honest,1.5,both_own,477,MN,22,21,restored,0.6750524109014675,0.6729559748427673,-0.0020964360587002098,-0.006205450733752619,0.0020125786163521994
costly,honest,1.5,both_own,477,MN,23,22,restored,0.6519916142557652,0.6519916142557652,0.0,0.0,0.0
costly,honest,1.5,both_own,477,MN,24,23,restored,0.6624737945492662,0.6708595387840671,0.008385744234800839,-0.0016616088336851246,0.0184330973032868
costly,honest,1.5,both_own,477,U,1,0,pre,0.8511530398322851,0.8511530398322851,0.0,0.0,0.0
costly,honest,1.5,both_own,477,U,2,1,pre,0.7379454926624738,0.7379454926624738,0.0,0.0,0.0
costly,honest,1.5,both_own,477,U,3,2,pre,0.6813417190775681,0.6813417190775681,0.0,0.0,0.0
costly,honest,1.5,both_own,477,U,4,3,pre,0.6415094339622641,0.6415094339622641,0.0,0.0,0.0
costly,honest,1.5,both_own,477,U,5,4,pre,0.6289308176100629,0.6289308176100629,0.0,0.0,0.0
costly,honest,1.5,both_own,477,U,6,5,pre,0.5828092243186582,0.5828092243186582,0.0,0.0,0.0
costly,honest,1.5,both_own,477,U,7,6,pre,0.5953878406708596,0.5953878406708596,0.0,0.0,0.0
costly,honest,1.5,both_own,477,U,8,7,removed,0.5932914046121593,0.2914046121593291,-0.3018867924528302,-0.34312858931258733,-0.260644995593073
costly,honest,1.5,both_own,477,U,9,8,removed,0.5932914046121593,0.24737945492662475,-0.34591194968553457,-0.38864397579444854,-0.3031799235766206
costly,honest,1.5,both_own,477,U,10,9,removed,0.5807127882599581,0.22431865828092243,-0.35639412997903563,-0.3994198220177026,-0.31336843794036867
costly,honest,1.5,both_own,477,U,11,10,restored,0.5828092243186582,0.25366876310272535,-0.32914046121593293,-0.3713547067000536,-0.28692621573181226
costly,honest,1.5,both_own,477,U,12,11,restored,0.5723270440251572,0.2620545073375262,-0.31027253668763105,-0.35223648538631114,-0.26830858798895096
costly,honest,1.5,both_own,477,U,13,12,restored,0.559748427672956,0.27672955974842767,-0.2830188679245283,-0.3243148132795216,-0.24172292256953495
costly,honest,1.5,both_own,477,U,14,13,restored,0.5283018867924528,0.259958071278826,-0.26834381551362685,-0.3089913265881253,-0.22769630443912842
costly,honest,1.5,both_own,477,U,15,14,restored,0.5408805031446541,0.2851153039832285,-0.2557651991614256,-0.2958140344852828,-0.21571636383756837
costly,honest,1.5,both_own,477,U,16,15,restored,0.519916142557652,0.2893081761006289,-0.23060796645702306,-0.26933296705746945,-0.19188296585657663
costly,honest,1.5,both_own,477,U,17,16,restored,0.5157232704402516,0.29350104821802936,-0.2222222222222222,-0.2604661024369459,-0.18397834200749855
costly,honest,1.5,both_own,477,U,18,17,restored,0.5052410901467506,0.3060796645702306,-0.19916142557651992,-0.23732452936722845,-0.1609983217858114
costly,honest,1.5,both_own,477,U,19,18,restored,0.48846960167714887,0.2976939203354298,-0.19077568134171907,-0.22884106806910157,-0.15271029461433658
costly,honest,1.5,both_own,477,U,20,19,restored,0.4947589098532495,0.31236897274633124,-0.18238993710691823,-0.21989394808116097,-0.14488592613267548
costly,honest,1.5,both_own,477,U,21,20,restored,0.47379454926624737,0.29979035639413,-0.1740041928721174,-0.21182840259871372,-0.1361799831455211
costly,honest,1.5,both_own,477,U,22,21,restored,0.48218029350104824,0.31446540880503143,-0.16771488469601678,-0.2050947929912215,-0.13033497640081207
costly,honest,1.5,both_own,477,U,23,22,restored,0.4779874213836478,0.31236897274633124,-0.16561844863731656,-0.2023898907037835,-0.12884700657084963
costly,honest,1.5,both_own,477,U,24,23,restored,0.4758909853249476,0.3249475890985325,-0.1509433962264151,-0.18799352301126343,-0.11389326944156675
costly,honest,1.5,both_own,477,belief_gap,1,0,pre,0.4483844724940463,0.4483844724940463,0.0,0.0,0.0
costly,honest,1.5,both_own,477,belief_gap,2,1,pre,0.3988218164313513,0.3988218164313513,0.0,0.0,0.0
costly,honest,1.5,both_own,477,belief_gap,3,2,pre,0.372843641744173,0.372843641744173,0.0,0.0,0.0
costly,honest,1.5,both_own,477,belief_gap,4,3,pre,0.3473949118998467,0.3473949118998467,0.0,0.0,0.0
costly,honest,1.5,both_own,477,belief_gap,5,4,pre,0.32960157444457344,0.32960157444457344,0.0,0.0,0.0
costly,honest,1.5,both_own,477,belief_gap,6,5,pre,0.3183248316585892,0.3183248316585892,0.0,0.0,0.0
costly,honest,1.5,both_own,477,belief_gap,7,6,pre,0.30735632477110353,0.30735632477110353,0.0,0.0,0.0
costly,honest,1.5,both_own,477,belief_gap,8,7,removed,0.29788721961469955,0.29787266977963595,-1.4549835063596914e-05,-0.0006563687711201547,0.0006272691009929608
costly,honest,1.5,both_own,477,belief_gap,9,8,removed,0.29240638547682213,0.29481396300400414,0.0024075775271820287,0.0008173372404266335,0.003997817813937423
costly,honest,1.5,both_own,477,belief_gap,10,9,removed,0.28704803361847603,0.2919193530889396,0.004871319470463616,0.0026978117260415928,0.007044827214885639
costly,honest,1.5,both_own,477,belief_gap,11,10,restored,0.2843528273354842,0.2913898532209465,0.00703702588546231,0.004584624154953292,0.009489427615971328
costly,honest,1.5,both_own,477,belief_gap,12,11,restored,0.2832053752744804,0.2913744323017792,0.008169057027298756,0.005108560005490485,0.011229554049107027
costly,honest,1.5,both_own,477,belief_gap,13,12,restored,0.28126911689296663,0.2911906491045077,0.009921532211541082,0.006918654262136659,0.012924410160945504
costly,honest,1.5,both_own,477,belief_gap,14,13,restored,0.2767955000746825,0.2864475326583937,0.009652032583711199,0.0070388717838114,0.012265193383610998
costly,honest,1.5,both_own,477,belief_gap,15,14,restored,0.27997037185620666,0.2903049470118449,0.010334575155638188,0.007810854380665846,0.012858295930610532
costly,honest,1.5,both_own,477,belief_gap,16,15,restored,0.2778791854310706,0.2890549353357195,0.011175749904648957,0.008594639640420107,0.013756860168877807
costly,honest,1.5,both_own,477,belief_gap,17,16,restored,0.27506124657253883,0.28696810501134234,0.011906858438803536,0.008916588946762128,0.014897127930844944
costly,honest,1.5,both_own,477,belief_gap,18,17,restored,0.2729192561107322,0.28424852105566095,0.011329264944928736,0.008535690813678389,0.014122839076179084
costly,honest,1.5,both_own,477,belief_gap,19,18,restored,0.27030563578865696,0.28299930149037916,0.012693665701722144,0.009751489061309411,0.015635842342134876
costly,honest,1.5,both_own,477,belief_gap,20,19,restored,0.2656199604485987,0.27870657248965125,0.013086612041052596,0.0099670561427984,0.016206167939306793
costly,honest,1.5,both_own,477,belief_gap,21,20,restored,0.2640943692833051,0.2772750549049532,0.013180685621648003,0.009897773533988852,0.016463597709307155
costly,honest,1.5,both_own,477,belief_gap,22,21,restored,0.26262681453837416,0.2757849597555219,0.013158145217147794,0.00999011333523645,0.016326177099059137
costly,honest,1.5,both_own,477,belief_gap,23,22,restored,0.26184714439907897,0.2753004809859889,0.013453336586909897,0.010182593439807324,0.01672407973401247
costly,honest,1.5,both_own,477,belief_gap,24,23,restored,0.25891629349858264,0.27130612603946735,0.012389832540884755,0.009025344951225787,0.015754320130543724
costly,attenuated,1.5,all,2000,A_concede,1,0,pre,0.002,0.002,0.0,0.0,0.0
costly,attenuated,1.5,all,2000,A_concede,2,1,pre,0.0055,0.0055,0.0,0.0,0.0
costly,attenuated,1.5,all,2000,A_concede,3,2,pre,0.01,0.01,0.0,0.0,0.0
costly,attenuated,1.5,all,2000,A_concede,4,3,pre,0.005,0.005,0.0,0.0,0.0
costly,attenuated,1.5,all,2000,A_concede,5,4,pre,0.0075,0.0075,0.0,0.0,0.0
costly,attenuated,1.5,all,2000,A_concede,6,5,pre,0.0085,0.0085,0.0,0.0,0.0
costly,attenuated,1.5,all,2000,A_concede,7,6,pre,0.008,0.008,0.0,0.0,0.0
costly,attenuated,1.5,all,2000,A_concede,8,7,removed,0.0105,0.4455,0.435,0.41326705771437755,0.45673294228562245
costly,attenuated,1.5,all,2000,A_concede,9,8,removed,0.0065,0.456,0.4495,0.4276931375612008,0.4713068624387992
costly,attenuated,1.5,all,2000,A_concede,10,9,removed,0.0165,0.4545,0.438,0.4162502190520078,0.4597497809479922
costly,attenuated,1.5,all,2000,A_concede,11,10,restored,0.0135,0.013,-0.0005,-0.003751031282870268,0.002751031282870268
costly,attenuated,1.5,all,2000,A_concede,12,11,restored,0.0125,0.0125,0.0,-0.003099807155647122,0.003099807155647122
costly,attenuated,1.5,all,2000,A_concede,13,12,restored,0.014,0.014,0.0,-0.003099807155647122,0.003099807155647122
costly,attenuated,1.5,all,2000,A_concede,14,13,restored,0.012,0.012,0.0,-0.002401100298055177,0.002401100298055177
costly,attenuated,1.5,all,2000,A_concede,15,14,restored,0.0165,0.016,-0.0005,-0.00148,0.00047999999999999996
costly,attenuated,1.5,all,2000,A_concede,16,15,restored,0.015,0.0115,-0.0035,-0.006436729880529634,-0.0005632701194703662
costly,attenuated,1.5,all,2000,A_concede,17,16,restored,0.0135,0.011,-0.0025,-0.005438692388882891,0.00043869238888289124
costly,attenuated,1.5,all,2000,A_concede,18,17,restored,0.017,0.0155,-0.0015,-0.004750440105653421,0.0017504401056534207
costly,attenuated,1.5,all,2000,A_concede,19,18,restored,0.0115,0.01,-0.0015,-0.004092650982982433,0.0010926509829824334
costly,attenuated,1.5,all,2000,A_concede,20,19,restored,0.0145,0.011,-0.0035,-0.006088942160565851,-0.0009110578394341488
costly,attenuated,1.5,all,2000,A_concede,21,20,restored,0.015,0.0115,-0.0035,-0.006088942160565852,-0.0009110578394341483
costly,attenuated,1.5,all,2000,A_concede,22,21,restored,0.0095,0.007,-0.0025,-0.005749257428539397,0.0007492574285393977
costly,attenuated,1.5,all,2000,A_concede,23,22,restored,0.0105,0.0105,0.0,-0.0019604901838265955,0.0019604901838265955
costly,attenuated,1.5,all,2000,A_concede,24,23,restored,0.0175,0.0145,-0.003,-0.00576943092960213,-0.00023056907039786974
costly,attenuated,1.5,all,2000,B_concede,1,0,pre,0.3665,0.3665,0.0,0.0,0.0
costly,attenuated,1.5,all,2000,B_concede,2,1,pre,0.3725,0.3725,0.0,0.0,0.0
costly,attenuated,1.5,all,2000,B_concede,3,2,pre,0.378,0.378,0.0,0.0,0.0
costly,attenuated,1.5,all,2000,B_concede,4,3,pre,0.3735,0.3735,0.0,0.0,0.0
costly,attenuated,1.5,all,2000,B_concede,5,4,pre,0.3695,0.3695,0.0,0.0,0.0
costly,attenuated,1.5,all,2000,B_concede,6,5,pre,0.37,0.37,0.0,0.0,0.0
costly,attenuated,1.5,all,2000,B_concede,7,6,pre,0.376,0.376,0.0,0.0,0.0
costly,attenuated,1.5,all,2000,B_concede,8,7,removed,0.375,0.375,0.0,0.0,0.0
costly,attenuated,1.5,all,2000,B_concede,9,8,removed,0.377,0.3755,-0.0015,-0.0031965604494621873,0.00019656044946218722
costly,attenuated,1.5,all,2000,B_concede,10,9,removed,0.377,0.377,0.0,-0.002401100298055177,0.002401100298055177
costly,attenuated,1.5,all,2000,B_concede,11,10,restored,0.3745,0.375,0.0005,-0.00047999999999999996,0.00148
costly,attenuated,1.5,all,2000,B_concede,12,11,restored,0.3735,0.3725,-0.001,-0.002385582592110546,0.0003855825921105461
costly,attenuated,1.5,all,2000,B_concede,13,12,restored,0.3705,0.3695,-0.001,-0.0029599999999999995,0.0009599999999999995
costly,attenuated,1.5,all,2000,B_concede,14,13,restored,0.378,0.379,0.001,-0.0003855825921105461,0.002385582592110546
costly,attenuated,1.5,all,2000,B_concede,15,14,restored,0.3715,0.3725,0.001,-0.0003855825921105461,0.002385582592110546
costly,attenuated,1.5,all,2000,B_concede,16,15,restored,0.37,0.37,0.0,0.0,0.0
costly,attenuated,1.5,all,2000,B_concede,17,16,restored,0.3775,0.3775,0.0,0.0,0.0
costly,attenuated,1.5,all,2000,B_concede,18,17,restored,0.3735,0.374,0.0005,-0.001197692810976185,0.002197692810976185
costly,attenuated,1.5,all,2000,B_concede,19,18,restored,0.374,0.374,0.0,0.0,0.0
costly,attenuated,1.5,all,2000,B_concede,20,19,restored,0.3735,0.3735,0.0,-0.0019604901838265955,0.0019604901838265955
costly,attenuated,1.5,all,2000,B_concede,21,20,restored,0.3805,0.3805,0.0,0.0,0.0
costly,attenuated,1.5,all,2000,B_concede,22,21,restored,0.3745,0.373,-0.0015,-0.0031965604494621873,0.00019656044946218722
costly,attenuated,1.5,all,2000,B_concede,23,22,restored,0.375,0.3745,-0.0005,-0.002197692810976185,0.001197692810976185
costly,attenuated,1.5,all,2000,B_concede,24,23,restored,0.3725,0.373,0.0005,-0.0016917850626556518,0.002691785062655652
costly,attenuated,1.5,all,2000,any_concede,1,0,pre,0.3685,0.3685,0.0,0.0,0.0
costly,attenuated,1.5,all,2000,any_concede,2,1,pre,0.377,0.377,0.0,0.0,0.0
costly,attenuated,1.5,all,2000,any_concede,3,2,pre,0.3875,0.3875,0.0,0.0,0.0
costly,attenuated,1.5,all,2000,any_concede,4,3,pre,0.3785,0.3785,0.0,0.0,0.0
costly,attenuated,1.5,all,2000,any_concede,5,4,pre,0.377,0.377,0.0,0.0,0.0
costly,attenuated,1.5,all,2000,any_concede,6,5,pre,0.378,0.378,0.0,0.0,0.0
costly,attenuated,1.5,all,2000,any_concede,7,6,pre,0.384,0.384,0.0,0.0,0.0
costly,attenuated,1.5,all,2000,any_concede,8,7,removed,0.385,0.8175,0.4325,0.4107817082370977,0.4542182917629023
costly,attenuated,1.5,all,2000,any_concede,9,8,removed,0.383,0.8305,0.4475,0.4256581793899002,0.4693418206100998
costly,attenuated,1.5,all,2000,any_concede,10,9,removed,0.3935,0.828,0.4345,0.4127699428097221,0.45623005719027787
costly,attenuated,1.5,all,2000,any_concede,11,10,restored,0.3875,0.3875,0.0,-0.0033956686061277124,0.0033956686061277124
costly,attenuated,1.5,all,2000,any_concede,12,11,restored,0.386,0.385,-0.001,-0.004395385621952369,0.002395385621952369
costly,attenuated,1.5,all,2000,any_concede,13,12,restored,0.384,0.383,-0.001,-0.004667479298128498,0.0026674792981284975
costly,attenuated,1.5,all,2000,any_concede,14,13,restored,0.389,0.39,0.001,-0.0017722052162277668,0.003772205216227767
costly,attenuated,1.5,all,2000,any_concede,15,14,restored,0.387,0.3875,0.0005,-0.0011976928109761844,0.0021976928109761844
costly,attenuated,1.5,all,2000,any_concede,16,15,restored,0.385,0.3815,-0.0035,-0.006436729880529634,-0.0005632701194703662
costly,attenuated,1.5,all,2000,any_concede,17,16,restored,0.391,0.388,-0.003,-0.00576943092960213,-0.00023056907039787017
costly,attenuated,1.5,all,2000,any_concede,18,17,restored,0.3905,0.389,-0.0015,-0.005033712178556771,0.0020337121785567714
costly,attenuated,1.5,all,2000,any_concede,19,18,restored,0.3855,0.384,-0.0015,-0.004092650982982433,0.0010926509829824334
costly,attenuated,1.5,all,2000,any_concede,20,19,restored,0.388,0.3845,-0.0035,-0.006747482605286103,-0.0002525173947138964
costly,attenuated,1.5,all,2000,any_concede,21,20,restored,0.395,0.3915,-0.0035,-0.006088942160565852,-0.0009110578394341483
costly,attenuated,1.5,all,2000,any_concede,22,21,restored,0.384,0.38,-0.004,-0.007663547186675026,-0.0003364528133249739
costly,attenuated,1.5,all,2000,any_concede,23,22,restored,0.385,0.3845,-0.0005,-0.003093392110985275,0.002093392110985275
costly,attenuated,1.5,all,2000,any_concede,24,23,restored,0.39,0.3875,-0.0025,-0.0060326243385560654,0.001032624338556065
costly,attenuated,1.5,all,2000,MN,1,0,pre,0.6315,0.6315,0.0,0.0,0.0
costly,attenuated,1.5,all,2000,MN,2,1,pre,0.623,0.623,0.0,0.0,0.0
costly,attenuated,1.5,all,2000,MN,3,2,pre,0.6125,0.6125,0.0,0.0,0.0
costly,attenuated,1.5,all,2000,MN,4,3,pre,0.6215,0.6215,0.0,0.0,0.0
costly,attenuated,1.5,all,2000,MN,5,4,pre,0.623,0.623,0.0,0.0,0.0
costly,attenuated,1.5,all,2000,MN,6,5,pre,0.622,0.622,0.0,0.0,0.0
costly,attenuated,1.5,all,2000,MN,7,6,pre,0.616,0.616,0.0,0.0,0.0
costly,attenuated,1.5,all,2000,MN,8,7,removed,0.615,0.1825,-0.4325,-0.4542182917629023,-0.4107817082370977
costly,attenuated,1.5,all,2000,MN,9,8,removed,0.617,0.1695,-0.4475,-0.4693418206100998,-0.4256581793899002
costly,attenuated,1.5,all,2000,MN,10,9,removed,0.6065,0.172,-0.4345,-0.45623005719027787,-0.4127699428097221
costly,attenuated,1.5,all,2000,MN,11,10,restored,0.6125,0.6125,0.0,-0.0033956686061277124,0.0033956686061277124
costly,attenuated,1.5,all,2000,MN,12,11,restored,0.614,0.615,0.001,-0.002395385621952369,0.004395385621952369
costly,attenuated,1.5,all,2000,MN,13,12,restored,0.616,0.617,0.001,-0.0026674792981284975,0.004667479298128498
costly,attenuated,1.5,all,2000,MN,14,13,restored,0.611,0.61,-0.001,-0.003772205216227767,0.0017722052162277668
costly,attenuated,1.5,all,2000,MN,15,14,restored,0.613,0.6125,-0.0005,-0.0021976928109761844,0.0011976928109761844
costly,attenuated,1.5,all,2000,MN,16,15,restored,0.615,0.6185,0.0035,0.0005632701194703662,0.006436729880529634
costly,attenuated,1.5,all,2000,MN,17,16,restored,0.609,0.612,0.003,0.00023056907039787017,0.00576943092960213
costly,attenuated,1.5,all,2000,MN,18,17,restored,0.6095,0.611,0.0015,-0.0020337121785567714,0.005033712178556771
costly,attenuated,1.5,all,2000,MN,19,18,restored,0.6145,0.616,0.0015,-0.0010926509829824334,0.004092650982982433
costly,attenuated,1.5,all,2000,MN,20,19,restored,0.612,0.6155,0.0035,0.0002525173947138964,0.006747482605286103
costly,attenuated,1.5,all,2000,MN,21,20,restored,0.605,0.6085,0.0035,0.0009110578394341483,0.006088942160565852
costly,attenuated,1.5,all,2000,MN,22,21,restored,0.616,0.62,0.004,0.0003364528133249739,0.007663547186675026
costly,attenuated,1.5,all,2000,MN,23,22,restored,0.615,0.6155,0.0005,-0.002093392110985275,0.003093392110985275
costly,attenuated,1.5,all,2000,MN,24,23,restored,0.61,0.6125,0.0025,-0.001032624338556065,0.0060326243385560654
costly,attenuated,1.5,all,2000,U,1,0,pre,0.6315,0.6315,0.0,0.0,0.0
costly,attenuated,1.5,all,2000,U,2,1,pre,0.5995,0.5995,0.0,0.0,0.0
costly,attenuated,1.5,all,2000,U,3,2,pre,0.5895,0.5895,0.0,0.0,0.0
costly,attenuated,1.5,all,2000,U,4,3,pre,0.5845,0.5845,0.0,0.0,0.0
costly,attenuated,1.5,all,2000,U,5,4,pre,0.5775,0.5775,0.0,0.0,0.0
costly,attenuated,1.5,all,2000,U,6,5,pre,0.5735,0.5735,0.0,0.0,0.0
costly,attenuated,1.5,all,2000,U,7,6,pre,0.567,0.567,0.0,0.0,0.0
costly,attenuated,1.5,all,2000,U,8,7,removed,0.5565,0.1615,-0.395,-0.4165642780784454,-0.3734357219215546
costly,attenuated,1.5,all,2000,U,9,8,removed,0.5505,0.133,-0.4175,-0.43925144863586973,-0.39574855136413023
costly,attenuated,1.5,all,2000,U,10,9,removed,0.532,0.129,-0.403,-0.4247248055546694,-0.38127519444533065
costly,attenuated,1.5,all,2000,U,11,10,restored,0.523,0.143,-0.38,-0.40141336372625835,-0.35858663627374165
costly,attenuated,1.5,all,2000,U,12,11,restored,0.512,0.1505,-0.3615,-0.3826523058842792,-0.3403476941157208
costly,attenuated,1.5,all,2000,U,13,12,restored,0.504,0.1595,-0.3445,-0.36560692130234607,-0.3233930786976539
costly,attenuated,1.5,all,2000,U,14,13,restored,0.497,0.165,-0.332,-0.352876044774399,-0.31112395522560105
costly,attenuated,1.5,all,2000,U,15,14,restored,0.4855,0.1715,-0.314,-0.33462730098614424,-0.29337269901385576
costly,attenuated,1.5,all,2000,U,16,15,restored,0.4765,0.1775,-0.299,-0.3194492847264375,-0.27855071527356245
costly,attenuated,1.5,all,2000,U,17,16,restored,0.468,0.18,-0.288,-0.3082821213639873,-0.26771787863601265
costly,attenuated,1.5,all,2000,U,18,17,restored,0.4555,0.183,-0.2725,-0.2926007018312061,-0.2523992981687939
costly,attenuated,1.5,all,2000,U,19,18,restored,0.451,0.182,-0.269,-0.2889276377569768,-0.24907236224302323
costly,attenuated,1.5,all,2000,U,20,19,restored,0.441,0.187,-0.254,-0.27387186736963537,-0.23412813263036467
costly,attenuated,1.5,all,2000,U,21,20,restored,0.4335,0.192,-0.2415,-0.26121134929033074,-0.22178865070966924
costly,attenuated,1.5,all,2000,U,22,21,restored,0.4325,0.1975,-0.235,-0.2545447696074808,-0.2154552303925192
costly,attenuated,1.5,all,2000,U,23,22,restored,0.429,0.2,-0.229,-0.2482866304536881,-0.20971336954631192
costly,attenuated,1.5,all,2000,U,24,23,restored,0.418,0.2025,-0.2155,-0.23456115504411545,-0.19643884495588454
costly,attenuated,1.5,all,2000,belief_gap,1,0,pre,0.20032339120469198,0.20032339120469198,0.0,0.0,0.0
costly,attenuated,1.5,all,2000,belief_gap,2,1,pre,0.18207265284857124,0.18207265284857124,0.0,0.0,0.0
costly,attenuated,1.5,all,2000,belief_gap,3,2,pre,0.17314076465984607,0.17314076465984607,0.0,0.0,0.0
costly,attenuated,1.5,all,2000,belief_gap,4,3,pre,0.16653752671989902,0.16653752671989902,0.0,0.0,0.0
costly,attenuated,1.5,all,2000,belief_gap,5,4,pre,0.16131652743482375,0.16131652743482375,0.0,0.0,0.0
costly,attenuated,1.5,all,2000,belief_gap,6,5,pre,0.1571735617355797,0.1571735617355797,0.0,0.0,0.0
costly,attenuated,1.5,all,2000,belief_gap,7,6,pre,0.15373459859598262,0.15373459859598262,0.0,0.0,0.0
costly,attenuated,1.5,all,2000,belief_gap,8,7,removed,0.15045238410137915,0.151472407758212,0.0010200236568328473,0.000650481070273434,0.0013895662433922606
costly,attenuated,1.5,all,2000,belief_gap,9,8,removed,0.14847453001865193,0.15091027771538176,0.0024357476967298173,0.0017439162235172892,0.0031275791699423455
costly,attenuated,1.5,all,2000,belief_gap,10,9,removed,0.14593105539148774,0.1495554352390579,0.0036243798475701647,0.002707825334230686,0.004540934360909643
costly,attenuated,1.5,all,2000,belief_gap,11,10,restored,0.1439997652361556,0.14786463804853767,0.0038648728123820615,0.0028935386263724454,0.0048362069983916775
costly,attenuated,1.5,all,2000,belief_gap,12,11,restored,0.1432826901718217,0.14751375761918292,0.004231067447361183,0.0031665830024809093,0.005295551892241456
costly,attenuated,1.5,all,2000,belief_gap,13,12,restored,0.1435462665460087,0.14807518827612784,0.004528921730119146,0.003483030182465038,0.005574813277773254
costly,attenuated,1.5,all,2000,belief_gap,14,13,restored,0.14376574295723402,0.14790298008799513,0.004137237130761152,0.0031714533119610003,0.005103020949561304
costly,attenuated,1.5,all,2000,belief_gap,15,14,restored,0.14411143798366668,0.14827915792601676,0.004167719942350064,0.003125497363630393,0.005209942521069735
costly,attenuated,1.5,all,2000,belief_gap,16,15,restored,0.14306846001678716,0.1476562337168943,0.004587773700107139,0.0034546334683069144,0.005720913931907363
costly,attenuated,1.5,all,2000,belief_gap,17,16,restored,0.1426997025038491,0.14723615530480424,0.004536452800955131,0.0033515501316439583,0.005721355470266304
costly,attenuated,1.5,all,2000,belief_gap,18,17,restored,0.14175390216902473,0.1470295986528331,0.0052756964838083726,0.003882004658906417,0.006669388308710328
costly,attenuated,1.5,all,2000,belief_gap,19,18,restored,0.14072712317191202,0.14583569468043595,0.005108571508523947,0.003752878863377834,0.00646426415367006
costly,attenuated,1.5,all,2000,belief_gap,20,19,restored,0.1387968660521463,0.14488929267362027,0.006092426621473967,0.004719032839279699,0.007465820403668234
costly,attenuated,1.5,all,2000,belief_gap,21,20,restored,0.1366086917890417,0.14270940538542037,0.006100713596378691,0.004646771737179128,0.007554655455578254
costly,attenuated,1.5,all,2000,belief_gap,22,21,restored,0.1348051596353564,0.14039322286500283,0.005588063229646452,0.004105260869918251,0.007070865589374653
costly,attenuated,1.5,all,2000,belief_gap,23,22,restored,0.13297826568533827,0.1383898655475326,0.005411599862194318,0.00398518475231086,0.006838014972077776
costly,attenuated,1.5,all,2000,belief_gap,24,23,restored,0.13101466339975507,0.13657388083065758,0.005559217430902482,0.004148031102747021,0.006970403759057943
costly,attenuated,1.5,both_own,477,A_concede,1,0,pre,0.0,0.0,0.0,0.0,0.0
costly,attenuated,1.5,both_own,477,A_concede,2,1,pre,0.0,0.0,0.0,0.0,0.0
costly,attenuated,1.5,both_own,477,A_concede,3,2,pre,0.0,0.0,0.0,0.0,0.0
costly,attenuated,1.5,both_own,477,A_concede,4,3,pre,0.0,0.0,0.0,0.0,0.0
costly,attenuated,1.5,both_own,477,A_concede,5,4,pre,0.0,0.0,0.0,0.0,0.0
costly,attenuated,1.5,both_own,477,A_concede,6,5,pre,0.0020964360587002098,0.0020964360587002098,0.0,0.0,0.0
costly,attenuated,1.5,both_own,477,A_concede,7,6,pre,0.0,0.0,0.0,0.0,0.0
costly,attenuated,1.5,both_own,477,A_concede,8,7,removed,0.006289308176100629,0.3710691823899371,0.36477987421383645,0.32153544647874677,0.40802430194892614
costly,attenuated,1.5,both_own,477,A_concede,9,8,removed,0.0,0.40461215932914046,0.40461215932914046,0.3605189164616503,0.44870540219663063
costly,attenuated,1.5,both_own,477,A_concede,10,9,removed,0.008385744234800839,0.40041928721174,0.3920335429769392,0.3481750183521587,0.4358920676017197
costly,attenuated,1.5,both_own,477,A_concede,11,10,restored,0.010482180293501049,0.008385744234800839,-0.0020964360587002098,-0.011292189990019007,0.007099317872618588
costly,attenuated,1.5,both_own,477,A_concede,12,11,restored,0.008385744234800839,0.008385744234800839,0.0,-0.005817125096023341,0.005817125096023341
costly,attenuated,1.5,both_own,477,A_concede,13,12,restored,0.018867924528301886,0.014675052410901468,-0.0041928721174004195,-0.0142613849560459,0.005875640721245062
costly,attenuated,1.5,both_own,477,A_concede,14,13,restored,0.020964360587002098,0.016771488469601678,-0.0041928721174004195,-0.012410901467505241,0.004025157232704402
costly,attenuated,1.5,both_own,477,A_concede,15,14,restored,0.0020964360587002098,0.0020964360587002098,0.0,0.0,0.0
costly,attenuated,1.5,both_own,477,A_concede,16,15,restored,0.018867924528301886,0.010482180293501049,-0.008385744234800839,-0.01657783550016341,-0.00019365296943826653
costly,attenuated,1.5,both_own,477,A_concede,17,16,restored,0.012578616352201259,0.010482180293501049,-0.0020964360587002098,-0.00620545073375262,0.0020125786163522003
costly,attenuated,1.5,both_own,477,A_concede,18,17,restored,0.025157232704402517,0.023060796645702306,-0.0020964360587002098,-0.012977650823061296,0.008784778705660877
costly,attenuated,1.5,both_own,477,A_concede,19,18,restored,0.012578616352201259,0.008385744234800839,-0.0041928721174004195,-0.009997789172483958,0.0016120449376831178
costly,attenuated,1.5,both_own,477,A_concede,20,19,restored,0.012578616352201259,0.006289308176100629,-0.006289308176100629,-0.013391362896377778,0.0008127465441765203
costly,attenuated,1.5,both_own,477,A_concede,21,20,restored,0.008385744234800839,0.0020964360587002098,-0.006289308176100629,-0.013391362896377778,0.0008127465441765194
costly,attenuated,1.5,both_own,477,A_concede,22,21,restored,0.0041928721174004195,0.008385744234800839,0.0041928721174004195,-0.004025157232704402,0.012410901467505241
costly,attenuated,1.5,both_own,477,A_concede,23,22,restored,0.0041928721174004195,0.008385744234800839,0.0041928721174004195,-0.0016120449376831178,0.009997789172483958
costly,attenuated,1.5,both_own,477,A_concede,24,23,restored,0.010482180293501049,0.008385744234800839,-0.0020964360587002098,-0.009218440410185866,0.005025568292785446
costly,attenuated,1.5,both_own,477,B_concede,1,0,pre,0.0041928721174004195,0.0041928721174004195,0.0,0.0,0.0
costly,attenuated,1.5,both_own,477,B_concede,2,1,pre,0.0,0.0,0.0,0.0,0.0
costly,attenuated,1.5,both_own,477,B_concede,3,2,pre,0.0041928721174004195,0.0041928721174004195,0.0,0.0,0.0
costly,attenuated,1.5,both_own,477,B_concede,4,3,pre,0.0020964360587002098,0.0020964360587002098,0.0,0.0,0.0
costly,attenuated,1.5,both_own,477,B_concede,5,4,pre,0.0041928721174004195,0.0041928721174004195,0.0,0.0,0.0
costly,attenuated,1.5,both_own,477,B_concede,6,5,pre,0.0041928721174004195,0.0041928721174004195,0.0,0.0,0.0
costly,attenuated,1.5,both_own,477,B_concede,7,6,pre,0.0020964360587002098,0.0020964360587002098,0.0,0.0,0.0
costly,attenuated,1.5,both_own,477,B_concede,8,7,removed,0.0041928721174004195,0.0041928721174004195,0.0,0.0,0.0
costly,attenuated,1.5,both_own,477,B_concede,9,8,removed,0.008385744234800839,0.006289308176100629,-0.0020964360587002098,-0.006205450733752619,0.0020125786163521994
costly,attenuated,1.5,both_own,477,B_concede,10,9,removed,0.018867924528301886,0.018867924528301886,0.0,-0.0082266572048171,0.0082266572048171
costly,attenuated,1.5,both_own,477,B_concede,11,10,restored,0.012578616352201259,0.014675052410901468,0.0020964360587002098,-0.0020125786163522003,0.00620545073375262
costly,attenuated,1.5,both_own,477,B_concede,12,11,restored,0.012578616352201259,0.012578616352201259,0.0,0.0,0.0
costly,attenuated,1.5,both_own,477,B_concede,13,12,restored,0.0041928721174004195,0.0041928721174004195,0.0,-0.005817125096023341,0.005817125096023341
costly,attenuated,1.5,both_own,477,B_concede,14,13,restored,0.016771488469601678,0.018867924528301886,0.0020964360587002098,-0.0020125786163521994,0.006205450733752619
costly,attenuated,1.5,both_own,477,B_concede,15,14,restored,0.012578616352201259,0.014675052410901468,0.0020964360587002098,-0.0020125786163522003,0.00620545073375262
costly,attenuated,1.5,both_own,477,B_concede,16,15,restored,0.010482180293501049,0.010482180293501049,0.0,0.0,0.0
costly,attenuated,1.5,both_own,477,B_concede,17,16,restored,0.016771488469601678,0.016771488469601678,0.0,0.0,0.0
costly,attenuated,1.5,both_own,477,B_concede,18,17,restored,0.014675052410901468,0.014675052410901468,0.0,-0.005817125096023341,0.005817125096023341
costly,attenuated,1.5,both_own,477,B_concede,19,18,restored,0.018867924528301886,0.018867924528301886,0.0,0.0,0.0
costly,attenuated,1.5,both_own,477,B_concede,20,19,restored,0.020964360587002098,0.023060796645702306,0.0020964360587002098,-0.0020125786163522003,0.00620545073375262
costly,attenuated,1.5,both_own,477,B_concede,21,20,restored,0.018867924528301886,0.018867924528301886,0.0,0.0,0.0
costly,attenuated,1.5,both_own,477,B_concede,22,21,restored,0.014675052410901468,0.012578616352201259,-0.0020964360587002098,-0.006205450733752619,0.0020125786163521994
costly,attenuated,1.5,both_own,477,B_concede,23,22,restored,0.012578616352201259,0.012578616352201259,0.0,-0.005817125096023341,0.005817125096023341
costly,attenuated,1.5,both_own,477,B_concede,24,23,restored,0.016771488469601678,0.018867924528301886,0.0020964360587002098,-0.0020125786163521994,0.006205450733752619
costly,attenuated,1.5,both_own,477,any_concede,1,0,pre,0.0041928721174004195,0.0041928721174004195,0.0,0.0,0.0
costly,attenuated,1.5,both_own,477,any_concede,2,1,pre,0.0,0.0,0.0,0.0,0.0
costly,attenuated,1.5,both_own,477,any_concede,3,2,pre,0.0041928721174004195,0.0041928721174004195,0.0,0.0,0.0
costly,attenuated,1.5,both_own,477,any_concede,4,3,pre,0.0020964360587002098,0.0020964360587002098,0.0,0.0,0.0
costly,attenuated,1.5,both_own,477,any_concede,5,4,pre,0.0041928721174004195,0.0041928721174004195,0.0,0.0,0.0
costly,attenuated,1.5,both_own,477,any_concede,6,5,pre,0.006289308176100629,0.006289308176100629,0.0,0.0,0.0
costly,attenuated,1.5,both_own,477,any_concede,7,6,pre,0.0020964360587002098,0.0020964360587002098,0.0,0.0,0.0
costly,attenuated,1.5,both_own,477,any_concede,8,7,removed,0.010482180293501049,0.3752620545073375,0.36477987421383645,0.32153544647874677,0.40802430194892614
costly,attenuated,1.5,both_own,477,any_concede,9,8,removed,0.008385744234800839,0.4109014675052411,0.4025157232704403,0.35845950041662966,0.4465719461242509
costly,attenuated,1.5,both_own,477,any_concede,10,9,removed,0.027253668763102725,0.41509433962264153,0.38784067085953877,0.3440671473775608,0.43161419434151677
costly,attenuated,1.5,both_own,477,any_concede,11,10,restored,0.023060796645702306,0.023060796645702306,0.0,-0.010075556220296409,0.010075556220296409
costly,attenuated,1.5,both_own,477,any_concede,12,11,restored,0.020964360587002098,0.020964360587002098,0.0,-0.005817125096023341,0.005817125096023341
costly,attenuated,1.5,both_own,477,any_concede,13,12,restored,0.023060796645702306,0.018867924528301886,-0.0041928721174004195,-0.015821023095296836,0.007435278860495997
costly,attenuated,1.5,both_own,477,any_concede,14,13,restored,0.03773584905660377,0.03563941299790356,-0.0020964360587002098,-0.011292189990019007,0.007099317872618588
costly,attenuated,1.5,both_own,477,any_concede,15,14,restored,0.014675052410901468,0.016771488469601678,0.0020964360587002098,-0.0020125786163522003,0.00620545073375262
costly,attenuated,1.5,both_own,477,any_concede,16,15,restored,0.029350104821802937,0.020964360587002098,-0.008385744234800839,-0.01657783550016341,-0.00019365296943826653
costly,attenuated,1.5,both_own,477,any_concede,17,16,restored,0.029350104821802937,0.027253668763102725,-0.0020964360587002098,-0.00620545073375262,0.0020125786163522003
costly,attenuated,1.5,both_own,477,any_concede,18,17,restored,0.039832285115303984,0.03773584905660377,-0.0020964360587002098,-0.014434984560486563,0.010242112443086144
costly,attenuated,1.5,both_own,477,any_concede,19,18,restored,0.031446540880503145,0.027253668763102725,-0.0041928721174004195,-0.009997789172483958,0.0016120449376831178
costly,attenuated,1.5,both_own,477,any_concede,20,19,restored,0.033542976939203356,0.029350104821802937,-0.0041928721174004195,-0.012410901467505243,0.004025157232704404
costly,attenuated,1.5,both_own,477,any_concede,21,20,restored,0.027253668763102725,0.020964360587002098,-0.006289308176100629,-0.013391362896377778,0.0008127465441765194
costly,attenuated,1.5,both_own,477,any_concede,22,21,restored,0.018867924528301886,0.020964360587002098,0.0020964360587002098,-0.007099317872618589,0.011292189990019009
costly,attenuated,1.5,both_own,477,any_concede,23,22,restored,0.016771488469601678,0.020964360587002098,0.0041928721174004195,-0.004025157232704404,0.012410901467505243
costly,attenuated,1.5,both_own,477,any_concede,24,23,restored,0.027253668763102725,0.027253668763102725,0.0,-0.0082266572048171,0.0082266572048171
costly,attenuated,1.5,both_own,477,MN,1,0,pre,0.9958071278825996,0.9958071278825996,0.0,0.0,0.0
costly,attenuated,1.5,both_own,477,MN,2,1,pre,1.0,1.0,0.0,0.0,0.0
costly,attenuated,1.5,both_own,477,MN,3,2,pre,0.9958071278825996,0.9958071278825996,0.0,0.0,0.0
costly,attenuated,1.5,both_own,477,MN,4,3,pre,0.9979035639412998,0.9979035639412998,0.0,0.0,0.0
costly,attenuated,1.5,both_own,477,MN,5,4,pre,0.9958071278825996,0.9958071278825996,0.0,0.0,0.0
costly,attenuated,1.5,both_own,477,MN,6,5,pre,0.9937106918238994,0.9937106918238994,0.0,0.0,0.0
costly,attenuated,1.5,both_own,477,MN,7,6,pre,0.9979035639412998,0.9979035639412998,0.0,0.0,0.0
costly,attenuated,1.5,both_own,477,MN,8,7,removed,0.989517819706499,0.6247379454926625,-0.36477987421383645,-0.40802430194892614,-0.32153544647874677
costly,attenuated,1.5,both_own,477,MN,9,8,removed,0.9916142557651991,0.589098532494759,-0.4025157232704403,-0.4465719461242509,-0.35845950041662966
costly,attenuated,1.5,both_own,477,MN,10,9,removed,0.9727463312368972,0.5849056603773585,-0.38784067085953877,-0.43161419434151677,-0.3440671473775608
costly,attenuated,1.5,both_own,477,MN,11,10,restored,0.9769392033542977,0.9769392033542977,0.0,-0.010075556220296409,0.010075556220296409
costly,attenuated,1.5,both_own,477,MN,12,11,restored,0.9790356394129979,0.9790356394129979,0.0,-0.005817125096023341,0.005817125096023341
costly,attenuated,1.5,both_own,477,MN,13,12,restored,0.9769392033542977,0.9811320754716981,0.0041928721174004195,-0.007435278860495997,0.015821023095296836
costly,attenuated,1.5,both_own,477,MN,14,13,restored,0.9622641509433962,0.9643605870020965,0.0020964360587002098,-0.007099317872618588,0.011292189990019007
costly,attenuated,1.5,both_own,477,MN,15,14,restored,0.9853249475890985,0.9832285115303984,-0.0020964360587002098,-0.00620545073375262,0.0020125786163522003
costly,attenuated,1.5,both_own,477,MN,16,15,restored,0.9706498951781971,0.9790356394129979,0.008385744234800839,0.00019365296943826653,0.01657783550016341
costly,attenuated,1.5,both_own,477,MN,17,16,restored,0.9706498951781971,0.9727463312368972,0.0020964360587002098,-0.0020125786163522003,0.00620545073375262
costly,attenuated,1.5,both_own,477,MN,18,17,restored,0.960167714884696,0.9622641509433962,0.0020964360587002098,-0.010242112443086144,0.014434984560486563
costly,attenuated,1.5,both_own,477,MN,19,18,restored,0.9685534591194969,0.9727463312368972,0.0041928721174004195,-0.0016120449376831178,0.009997789172483958
costly,attenuated,1.5,both_own,477,MN,20,19,restored,0.9664570230607966,0.9706498951781971,0.0041928721174004195,-0.004025157232704404,0.012410901467505243
costly,attenuated,1.5,both_own,477,MN,21,20,restored,0.9727463312368972,0.9790356394129979,0.006289308176100629,-0.0008127465441765194,0.013391362896377778
costly,attenuated,1.5,both_own,477,MN,22,21,restored,0.9811320754716981,0.9790356394129979,-0.0020964360587002098,-0.011292189990019009,0.007099317872618589
costly,attenuated,1.5,both_own,477,MN,23,22,restored,0.9832285115303984,0.9790356394129979,-0.0041928721174004195,-0.012410901467505243,0.004025157232704404
costly,attenuated,1.5,both_own,477,MN,24,23,restored,0.9727463312368972,0.9727463312368972,0.0,-0.0082266572048171,0.0082266572048171
costly,attenuated,1.5,both_own,477,U,1,0,pre,0.9958071278825996,0.9958071278825996,0.0,0.0,0.0
costly,attenuated,1.5,both_own,477,U,2,1,pre,0.9979035639412998,0.9979035639412998,0.0,0.0,0.0
costly,attenuated,1.5,both_own,477,U,3,2,pre,0.9958071278825996,0.9958071278825996,0.0,0.0,0.0
costly,attenuated,1.5,both_own,477,U,4,3,pre,0.9979035639412998,0.9979035639412998,0.0,0.0,0.0
costly,attenuated,1.5,both_own,477,U,5,4,pre,0.9958071278825996,0.9958071278825996,0.0,0.0,0.0
costly,attenuated,1.5,both_own,477,U,6,5,pre,0.9916142557651991,0.9916142557651991,0.0,0.0,0.0
costly,attenuated,1.5,both_own,477,U,7,6,pre,0.9958071278825996,0.9958071278825996,0.0,0.0,0.0
costly,attenuated,1.5,both_own,477,U,8,7,removed,0.9874213836477987,0.6226415094339622,-0.36477987421383645,-0.40802430194892614,-0.32153544647874677
costly,attenuated,1.5,both_own,477,U,9,8,removed,0.9811320754716981,0.5450733752620545,-0.4360587002096436,-0.48060811705196776,-0.39150928336731944
costly,attenuated,1.5,both_own,477,U,10,9,removed,0.9622641509433962,0.5262054507337526,-0.4360587002096436,-0.48098630292082706,-0.39113109749846015
costly,attenuated,1.5,both_own,477,U,11,10,restored,0.9559748427672956,0.5765199161425576,-0.37945492662473795,-0.4234345964704899,-0.335475256778986
costly,attenuated,1.5,both_own,477,U,12,11,restored,0.9454926624737946,0.5911949685534591,-0.35429769392033544,-0.39726646436778873,-0.31132892347288216
costly,attenuated,1.5,both_own,477,U,13,12,restored,0.939203354297694,0.6226415094339622,-0.3165618448637317,-0.3599373116559886,-0.2731863780714748
costly,attenuated,1.5,both_own,477,U,14,13,restored,0.9224318658280922,0.6310272536687631,-0.2914046121593291,-0.3342493791243515,-0.24855984519430674
costly,attenuated,1.5,both_own,477,U,15,14,restored,0.9224318658280922,0.6457023060796646,-0.27672955974842767,-0.31897320380531907,-0.23448591569153626
costly,attenuated,1.5,both_own,477,U,16,15,restored,0.9203354297693921,0.6687631027253669,-0.25157232704402516,-0.2934821439687164,-0.2096625101193339
costly,attenuated,1.5,both_own,477,U,17,16,restored,0.9056603773584906,0.6666666666666666,-0.2389937106918239,-0.28028192489532106,-0.19770549648832675
costly,attenuated,1.5,both_own,477,U,18,17,restored,0.8846960167714885,0.6750524109014675,-0.20964360587002095,-0.25098933952402397,-0.16829787221601797
costly,attenuated,1.5,both_own,477,U,19,18,restored,0.8867924528301887,0.6771488469601677,-0.20964360587002095,-0.2501626359993588,-0.16912457574068313
costly,attenuated,1.5,both_own,477,U,20,19,restored,0.8825995807127882,0.6939203354297694,-0.18867924528301888,-0.23002154718621468,-0.1473369433798231
costly,attenuated,1.5,both_own,477,U,21,20,restored,0.8784067085953878,0.6981132075471698,-0.18029350104821804,-0.22152841682060603,-0.13905858527583004
costly,attenuated,1.5,both_own,477,U,22,21,restored,0.8846960167714885,0.7064989517819706,-0.17819706498951782,-0.2188864411624786,-0.13750768881655703
costly,attenuated,1.5,both_own,477,U,23,22,restored,0.8909853249475891,0.710691823899371,-0.18029350104821804,-0.2202785163115336,-0.14030848578490246
costly,attenuated,1.5,both_own,477,U,24,23,restored,0.8867924528301887,0.7148846960167715,-0.1719077568134172,-0.21134073532626432,-0.13247477830057006
costly,attenuated,1.5,both_own,477,belief_gap,1,0,pre,0.5136688213944337,0.5136688213944337,0.0,0.0,0.0
costly,attenuated,1.5,both_own,477,belief_gap,2,1,pre,0.4609518739135745,0.4609518739135745,0.0,0.0,0.0
costly,attenuated,1.5,both_own,477,belief_gap,3,2,pre,0.43149555941509915,0.43149555941509915,0.0,0.0,0.0
costly,attenuated,1.5,both_own,477,belief_gap,4,3,pre,0.40675631532874285,0.40675631532874285,0.0,0.0,0.0
costly,attenuated,1.5,both_own,477,belief_gap,5,4,pre,0.38804427065788066,0.38804427065788066,0.0,0.0,0.0
costly,attenuated,1.5,both_own,477,belief_gap,6,5,pre,0.37490169493642594,0.37490169493642594,0.0,0.0,0.0
costly,attenuated,1.5,both_own,477,belief_gap,7,6,pre,0.36395242682317114,0.36395242682317114,0.0,0.0,0.0
costly,attenuated,1.5,both_own,477,belief_gap,8,7,removed,0.35114604265087745,0.3527767018547984,0.0016306592039209628,0.00033466925994823644,0.0029266491478936894
costly,attenuated,1.5,both_own,477,belief_gap,9,8,removed,0.3446507486375772,0.34898639834705264,0.004335649709475384,0.0017546459316205706,0.006916653487330198
costly,attenuated,1.5,both_own,477,belief_gap,10,9,removed,0.33558010694452234,0.3437343299400482,0.00815422299552591,0.004734787394949334,0.011573658596102484
costly,attenuated,1.5,both_own,477,belief_gap,11,10,restored,0.32782182815013483,0.3369921630964126,0.009170334946277742,0.005480948507583039,0.012859721384972446
costly,attenuated,1.5,both_own,477,belief_gap,12,11,restored,0.3250704360054863,0.33533261630287914,0.010262180297392825,0.006243333164622722,0.014281027430162928
costly,attenuated,1.5,both_own,477,belief_gap,13,12,restored,0.3267852005228886,0.3383311733131146,0.011545972790225945,0.007567058784653568,0.015524886795798323
costly,attenuated,1.5,both_own,477,belief_gap,14,13,restored,0.3287034779837237,0.3380005692735639,0.009297091289840267,0.005721986025532271,0.012872196554148263
costly,attenuated,1.5,both_own,477,belief_gap,15,14,restored,0.33104618391772406,0.34026046619241895,0.009214282274694872,0.00534867211077638,0.013079892438613364
costly,attenuated,1.5,both_own,477,belief_gap,16,15,restored,0.3275390287263281,0.33831433735271194,0.01077530862638383,0.006468153874288124,0.015082463378479535
costly,attenuated,1.5,both_own,477,belief_gap,17,16,restored,0.3259480296179489,0.3369094403307131,0.01096141071276422,0.006495502279000743,0.015427319146527698
costly,attenuated,1.5,both_own,477,belief_gap,18,17,restored,0.32274938692185123,0.3367071427790115,0.013957755857160208,0.008656223410111042,0.019259288304209372
costly,attenuated,1.5,both_own,477,belief_gap,19,18,restored,0.3183603231671247,0.33195965885318857,0.01359933568606387,0.008550505737351109,0.01864816563477663
costly,attenuated,1.5,both_own,477,belief_gap,20,19,restored,0.3111663496842406,0.3284766539764025,0.017310304292161967,0.012248537245610721,0.02237207133871321
costly,attenuated,1.5,both_own,477,belief_gap,21,20,restored,0.30270472682480737,0.3200107914986697,0.01730606467386231,0.01186772801109547,0.02274440133662915
costly,attenuated,1.5,both_own,477,belief_gap,22,21,restored,0.29570866683645597,0.3113146582492199,0.0156059914127639,0.010047672566755055,0.021164310258772745
costly,attenuated,1.5,both_own,477,belief_gap,23,22,restored,0.2885586737522637,0.30371280301063264,0.015154129258368986,0.009846694387430757,0.020461564129307216
costly,attenuated,1.5,both_own,477,belief_gap,24,23,restored,0.28071152093899826,0.2967487290243637,0.016037208085365406,0.010816470199953939,0.021257945970776876
costly,costly,1.5,all,2000,A_concede,1,0,pre,0.002,0.002,0.0,0.0,0.0
costly,costly,1.5,all,2000,A_concede,2,1,pre,0.0075,0.0075,0.0,0.0,0.0
costly,costly,1.5,all,2000,A_concede,3,2,pre,0.0095,0.0095,0.0,0.0,0.0
costly,costly,1.5,all,2000,A_concede,4,3,pre,0.005,0.005,0.0,0.0,0.0
costly,costly,1.5,all,2000,A_concede,5,4,pre,0.0085,0.0085,0.0,0.0,0.0
costly,costly,1.5,all,2000,A_concede,6,5,pre,0.0055,0.0055,0.0,0.0,0.0
costly,costly,1.5,all,2000,A_concede,7,6,pre,0.008,0.008,0.0,0.0,0.0
costly,costly,1.5,all,2000,A_concede,8,7,removed,0.0075,0.4485,0.441,0.4192341880352411,0.4627658119647589
costly,costly,1.5,all,2000,A_concede,9,8,removed,0.0065,0.4575,0.451,0.4291865621179027,0.47281343788209734
costly,costly,1.5,all,2000,A_concede,10,9,removed,0.0155,0.4525,0.437,0.41525574211025845,0.45874425788974155
costly,costly,1.5,all,2000,A_concede,11,10,restored,0.0095,0.0095,0.0,-0.002401100298055177,0.002401100298055177
costly,costly,1.5,all,2000,A_concede,12,11,restored,0.014,0.0135,-0.0005,-0.002691785062655652,0.0016917850626556518
costly,costly,1.5,all,2000,A_concede,13,12,restored,0.012,0.0125,0.0005,-0.002093392110985275,0.003093392110985275
costly,costly,1.5,all,2000,A_concede,14,13,restored,0.0095,0.01,0.0005,-0.0011976928109761844,0.0021976928109761844
costly,costly,1.5,all,2000,A_concede,15,14,restored,0.0165,0.0155,-0.001,-0.0029599999999999995,0.0009599999999999995
costly,costly,1.5,all,2000,A_concede,16,15,restored,0.0125,0.011,-0.0015,-0.003690908085502347,0.000690908085502347
costly,costly,1.5,all,2000,A_concede,17,16,restored,0.011,0.0095,-0.0015,-0.003690908085502347,0.000690908085502347
costly,costly,1.5,all,2000,A_concede,18,17,restored,0.0155,0.0145,-0.001,-0.0037722052162277664,0.0017722052162277664
costly,costly,1.5,all,2000,A_concede,19,18,restored,0.009,0.0095,0.0005,-0.001197692810976185,0.002197692810976185
costly,costly,1.5,all,2000,A_concede,20,19,restored,0.0135,0.011,-0.0025,-0.005091168091042729,9.116809104272846e-05
costly,costly,1.5,all,2000,A_concede,21,20,restored,0.0145,0.0125,-0.002,-0.0047711651842210915,0.0007711651842210914
costly,costly,1.5,all,2000,A_concede,22,21,restored,0.0105,0.008,-0.0025,-0.005438692388882892,0.0004386923888828921
costly,costly,1.5,all,2000,A_concede,23,22,restored,0.0095,0.0085,-0.001,-0.002385582592110546,0.0003855825921105461
costly,costly,1.5,all,2000,A_concede,24,23,restored,0.0185,0.014,-0.0045,-0.00774511466432117,-0.0012548853356788288
costly,costly,1.5,all,2000,B_concede,1,0,pre,0.0105,0.0105,0.0,0.0,0.0
costly,costly,1.5,all,2000,B_concede,2,1,pre,0.013,0.013,0.0,0.0,0.0
costly,costly,1.5,all,2000,B_concede,3,2,pre,0.008,0.008,0.0,0.0,0.0
costly,costly,1.5,all,2000,B_concede,4,3,pre,0.0055,0.0055,0.0,0.0,0.0
costly,costly,1.5,all,2000,B_concede,5,4,pre,0.005,0.005,0.0,0.0,0.0
costly,costly,1.5,all,2000,B_concede,6,5,pre,0.008,0.008,0.0,0.0,0.0
costly,costly,1.5,all,2000,B_concede,7,6,pre,0.0115,0.0115,0.0,0.0,0.0
costly,costly,1.5,all,2000,B_concede,8,7,removed,0.009,0.4515,0.4425,0.4207264748329744,0.46427352516702564
costly,costly,1.5,all,2000,B_concede,9,8,removed,0.0045,0.455,0.4505,0.4286887316849121,0.4723112683150879
costly,costly,1.5,all,2000,B_concede,10,9,removed,0.0125,0.454,0.4415,0.4197315945936096,0.4632684054063904
costly,costly,1.5,all,2000,B_concede,11,10,restored,0.0105,0.013,0.0025,-0.0004386923888828921,0.005438692388882892
costly,costly,1.5,all,2000,B_concede,12,11,restored,0.007,0.008,0.001,-0.001400700081317993,0.003400700081317993
costly,costly,1.5,all,2000,B_concede,13,12,restored,0.0065,0.007,0.0005,-0.002093392110985275,0.003093392110985275
costly,costly,1.5,all,2000,B_concede,14,13,restored,0.0095,0.0075,-0.002,-0.0043994990305892805,0.00039949903058928045
costly,costly,1.5,all,2000,B_concede,15,14,restored,0.0095,0.0085,-0.001,-0.0037722052162277664,0.0017722052162277664
costly,costly,1.5,all,2000,B_concede,16,15,restored,0.0145,0.0165,0.002,-0.00039949903058928045,0.0043994990305892805
costly,costly,1.5,all,2000,B_concede,17,16,restored,0.0095,0.0085,-0.001,-0.0029599999999999995,0.0009599999999999995
costly,costly,1.5,all,2000,B_concede,18,17,restored,0.0085,0.006,-0.0025,-0.004689153077241927,-0.0003108469227580731
costly,costly,1.5,all,2000,B_concede,19,18,restored,0.0055,0.004,-0.0015,-0.003690908085502347,0.000690908085502347
costly,costly,1.5,all,2000,B_concede,20,19,restored,0.0115,0.0085,-0.003,-0.005397495942310789,-0.0006025040576892108
costly,costly,1.5,all,2000,B_concede,21,20,restored,0.013,0.011,-0.002,-0.0043994990305892805,0.00039949903058928045
costly,costly,1.5,all,2000,B_concede,22,21,restored,0.0095,0.007,-0.0025,-0.004689153077241927,-0.0003108469227580731
costly,costly,1.5,all,2000,B_concede,23,22,restored,0.0115,0.0095,-0.002,-0.0043994990305892805,0.00039949903058928045
costly,costly,1.5,all,2000,B_concede,24,23,restored,0.0115,0.0115,0.0,-0.002401100298055177,0.002401100298055177
costly,costly,1.5,all,2000,any_concede,1,0,pre,0.0125,0.0125,0.0,0.0,0.0
costly,costly,1.5,all,2000,any_concede,2,1,pre,0.0205,0.0205,0.0,0.0,0.0
costly,costly,1.5,all,2000,any_concede,3,2,pre,0.0175,0.0175,0.0,0.0,0.0
costly,costly,1.5,all,2000,any_concede,4,3,pre,0.0105,0.0105,0.0,0.0,0.0
costly,costly,1.5,all,2000,any_concede,5,4,pre,0.0135,0.0135,0.0,0.0,0.0
costly,costly,1.5,all,2000,any_concede,6,5,pre,0.0135,0.0135,0.0,0.0,0.0
costly,costly,1.5,all,2000,any_concede,7,6,pre,0.0195,0.0195,0.0,0.0,0.0
costly,costly,1.5,all,2000,any_concede,8,7,removed,0.0165,0.8995,0.883,0.8689096118463983,0.8970903881536018
costly,costly,1.5,all,2000,any_concede,9,8,removed,0.011,0.9125,0.9015,0.8884367675431725,0.9145632324568275
costly,costly,1.5,all,2000,any_concede,10,9,removed,0.028,0.906,0.878,0.8636524797100951,0.8923475202899049
costly,costly,1.5,all,2000,any_concede,11,10,restored,0.02,0.0225,0.0025,-0.0012948907227743585,0.006294890722774359
costly,costly,1.5,all,2000,any_concede,12,11,restored,0.021,0.0215,0.0005,-0.0027510312828702677,0.0037510312828702677
costly,costly,1.5,all,2000,any_concede,13,12,restored,0.0185,0.0195,0.001,-0.002667479298128498,0.004667479298128498
costly,costly,1.5,all,2000,any_concede,14,13,restored,0.019,0.0175,-0.0015,-0.0044399999999999995,0.0014399999999999999
costly,costly,1.5,all,2000,any_concede,15,14,restored,0.026,0.024,-0.002,-0.005394536527881171,0.0013945365278811707
costly,costly,1.5,all,2000,any_concede,16,15,restored,0.027,0.0275,0.0005,-0.002751031282870268,0.003751031282870268
costly,costly,1.5,all,2000,any_concede,17,16,restored,0.0205,0.018,-0.0025,-0.005438692388882891,0.00043869238888289124
costly,costly,1.5,all,2000,any_concede,18,17,restored,0.024,0.0205,-0.0035,-0.007030991950157354,3.099195015735445e-05
costly,costly,1.5,all,2000,any_concede,19,18,restored,0.0145,0.0135,-0.001,-0.003772205216227767,0.0017722052162277668
costly,costly,1.5,all,2000,any_concede,20,19,restored,0.025,0.0195,-0.0055,-0.009026090250720778,-0.0019739097492792223
costly,costly,1.5,all,2000,any_concede,21,20,restored,0.0275,0.0235,-0.004,-0.007391138025582898,-0.0006088619744171022
costly,costly,1.5,all,2000,any_concede,22,21,restored,0.02,0.015,-0.005,-0.00866118589272254,-0.0013388141072774606
costly,costly,1.5,all,2000,any_concede,23,22,restored,0.021,0.018,-0.003,-0.00576943092960213,-0.00023056907039786974
costly,costly,1.5,all,2000,any_concede,24,23,restored,0.03,0.0255,-0.0045,-0.008536836858966803,-0.00046316314103319635
costly,costly,1.5,all,2000,MN,1,0,pre,0.9875,0.9875,0.0,0.0,0.0
costly,costly,1.5,all,2000,MN,2,1,pre,0.9795,0.9795,0.0,0.0,0.0
costly,costly,1.5,all,2000,MN,3,2,pre,0.9825,0.9825,0.0,0.0,0.0
costly,costly,1.5,all,2000,MN,4,3,pre,0.9895,0.9895,0.0,0.0,0.0
costly,costly,1.5,all,2000,MN,5,4,pre,0.9865,0.9865,0.0,0.0,0.0
costly,costly,1.5,all,2000,MN,6,5,pre,0.9865,0.9865,0.0,0.0,0.0
costly,costly,1.5,all,2000,MN,7,6,pre,0.9805,0.9805,0.0,0.0,0.0
costly,costly,1.5,all,2000,MN,8,7,removed,0.9835,0.1005,-0.883,-0.8970903881536018,-0.8689096118463983
costly,costly,1.5,all,2000,MN,9,8,removed,0.989,0.0875,-0.9015,-0.9145632324568275,-0.8884367675431725
costly,costly,1.5,all,2000,MN,10,9,removed,0.972,0.094,-0.878,-0.8923475202899049,-0.8636524797100951
costly,costly,1.5,all,2000,MN,11,10,restored,0.98,0.9775,-0.0025,-0.006294890722774359,0.0012948907227743585
costly,costly,1.5,all,2000,MN,12,11,restored,0.979,0.9785,-0.0005,-0.0037510312828702677,0.0027510312828702677
costly,costly,1.5,all,2000,MN,13,12,restored,0.9815,0.9805,-0.001,-0.004667479298128498,0.002667479298128498
costly,costly,1.5,all,2000,MN,14,13,restored,0.981,0.9825,0.0015,-0.0014399999999999999,0.0044399999999999995
costly,costly,1.5,all,2000,MN,15,14,restored,0.974,0.976,0.002,-0.0013945365278811707,0.005394536527881171
costly,costly,1.5,all,2000,MN,16,15,restored,0.973,0.9725,-0.0005,-0.003751031282870268,0.002751031282870268
costly,costly,1.5,all,2000,MN,17,16,restored,0.9795,0.982,0.0025,-0.00043869238888289124,0.005438692388882891
costly,costly,1.5,all,2000,MN,18,17,restored,0.976,0.9795,0.0035,-3.099195015735445e-05,0.007030991950157354
costly,costly,1.5,all,2000,MN,19,18,restored,0.9855,0.9865,0.001,-0.0017722052162277668,0.003772205216227767
costly,costly,1.5,all,2000,MN,20,19,restored,0.975,0.9805,0.0055,0.0019739097492792223,0.009026090250720778
costly,costly,1.5,all,2000,MN,21,20,restored,0.9725,0.9765,0.004,0.0006088619744171022,0.007391138025582898
costly,costly,1.5,all,2000,MN,22,21,restored,0.98,0.985,0.005,0.0013388141072774606,0.00866118589272254
costly,costly,1.5,all,2000,MN,23,22,restored,0.979,0.982,0.003,0.00023056907039786974,0.00576943092960213
costly,costly,1.5,all,2000,MN,24,23,restored,0.97,0.9745,0.0045,0.00046316314103319635,0.008536836858966803
costly,costly,1.5,all,2000,U,1,0,pre,0.9875,0.9875,0.0,0.0,0.0
costly,costly,1.5,all,2000,U,2,1,pre,0.9675,0.9675,0.0,0.0,0.0
costly,costly,1.5,all,2000,U,3,2,pre,0.9535,0.9535,0.0,0.0,0.0
costly,costly,1.5,all,2000,U,4,3,pre,0.9445,0.9445,0.0,0.0,0.0
costly,costly,1.5,all,2000,U,5,4,pre,0.933,0.933,0.0,0.0,0.0
costly,costly,1.5,all,2000,U,6,5,pre,0.923,0.923,0.0,0.0,0.0
costly,costly,1.5,all,2000,U,7,6,pre,0.9065,0.9065,0.0,0.0,0.0
costly,costly,1.5,all,2000,U,8,7,removed,0.8925,0.0995,-0.793,-0.810815182602645,-0.7751848173973551
costly,costly,1.5,all,2000,U,9,8,removed,0.885,0.057,-0.828,-0.8445435636290605,-0.8114564363709394
costly,costly,1.5,all,2000,U,10,9,removed,0.86,0.053,-0.807,-0.8243007565987573,-0.7896992434012428
costly,costly,1.5,all,2000,U,11,10,restored,0.8455,0.0705,-0.775,-0.7933059294636127,-0.7566940705363874
costly,costly,1.5,all,2000,U,12,11,restored,0.8275,0.08,-0.7475,-0.7665452186959769,-0.7284547813040232
costly,costly,1.5,all,2000,U,13,12,restored,0.815,0.0955,-0.7195,-0.7392912309422912,-0.6997087690577088
costly,costly,1.5,all,2000,U,14,13,restored,0.8015,0.1085,-0.693,-0.7134093996138127,-0.6725906003861872
costly,costly,1.5,all,2000,U,15,14,restored,0.7825,0.1175,-0.665,-0.6859678526659911,-0.6440321473340089
costly,costly,1.5,all,2000,U,16,15,restored,0.764,0.1275,-0.6365,-0.6579029394501912,-0.6150970605498087
costly,costly,1.5,all,2000,U,17,16,restored,0.7545,0.1345,-0.62,-0.6415475620132385,-0.5984524379867615
costly,costly,1.5,all,2000,U,18,17,restored,0.7405,0.1455,-0.595,-0.6169616469548275,-0.5730383530451725
costly,costly,1.5,all,2000,U,19,18,restored,0.734,0.149,-0.585,-0.607127282443042,-0.5628727175569579
costly,costly,1.5,all,2000,U,20,19,restored,0.717,0.1525,-0.5645,-0.5868030963288268,-0.5421969036711732
costly,costly,1.5,all,2000,U,21,20,restored,0.703,0.164,-0.539,-0.5615873229219045,-0.5164126770780956
costly,costly,1.5,all,2000,U,22,21,restored,0.693,0.1725,-0.5205,-0.5432188480524082,-0.4977811519475917
costly,costly,1.5,all,2000,U,23,22,restored,0.681,0.1795,-0.5015,-0.5243629533419845,-0.4786370466580155
costly,costly,1.5,all,2000,U,24,23,restored,0.664,0.188,-0.476,-0.499048228340044,-0.452951771659956
costly,costly,1.5,all,2000,belief_gap,1,0,pre,0.1500609832740009,0.1500609832740009,0.0,0.0,0.0
costly,costly,1.5,all,2000,belief_gap,2,1,pre,0.12770982116818935,0.12770982116818935,0.0,0.0,0.0
costly,costly,1.5,all,2000,belief_gap,3,2,pre,0.11754733199861989,0.11754733199861989,0.0,0.0,0.0
costly,costly,1.5,all,2000,belief_gap,4,3,pre,0.10849757473791308,0.10849757473791308,0.0,0.0,0.0
costly,costly,1.5,all,2000,belief_gap,5,4,pre,0.10073666686134279,0.10073666686134279,0.0,0.0,0.0
costly,costly,1.5,all,2000,belief_gap,6,5,pre,0.09486112247540185,0.09486112247540185,0.0,0.0,0.0
costly,costly,1.5,all,2000,belief_gap,7,6,pre,0.08985703051677035,0.08985703051677035,0.0,0.0,0.0
costly,costly,1.5,all,2000,belief_gap,8,7,removed,0.085945208284429,0.08741850205476116,0.0014732937703321634,0.0008378213355190267,0.0021087662051453
costly,costly,1.5,all,2000,belief_gap,9,8,removed,0.08187488688879549,0.08807320810498892,0.006198321216193424,0.004956274535665383,0.007440367896721465
costly,costly,1.5,all,2000,belief_gap,10,9,removed,0.07812969594194444,0.08714832150967024,0.009018625567725801,0.007539181014029456,0.010498070121422145
costly,costly,1.5,all,2000,belief_gap,11,10,restored,0.0754734052072127,0.08606578515224436,0.01059237994503166,0.009062832858809218,0.012121927031254101
costly,costly,1.5,all,2000,belief_gap,12,11,restored,0.07408675098505603,0.08563487746252298,0.01154812647746693,0.009903427145950262,0.013192825808983597
costly,costly,1.5,all,2000,belief_gap,13,12,restored,0.0724328101215597,0.08460569460444477,0.012172884482885072,0.010688071621500138,0.013657697344270006
costly,costly,1.5,all,2000,belief_gap,14,13,restored,0.07117692154457157,0.08317868143808682,0.012001759893515264,0.010627107149729378,0.01337641263730115
costly,costly,1.5,all,2000,belief_gap,15,14,restored,0.07131412510502969,0.08336840120648259,0.0120542761014529,0.010612882026059364,0.013495670176846438
costly,costly,1.5,all,2000,belief_gap,16,15,restored,0.0702538364614034,0.08213451620338555,0.011880679741982142,0.010564445465499946,0.013196914018464338
costly,costly,1.5,all,2000,belief_gap,17,16,restored,0.06956097590583683,0.08129812313166959,0.011737147225832774,0.010492241186054577,0.012982053265610971
costly,costly,1.5,all,2000,belief_gap,18,17,restored,0.06826612237059887,0.08003288987413111,0.01176676750353225,0.010463022497481534,0.013070512509582966
costly,costly,1.5,all,2000,belief_gap,19,18,restored,0.06742154303185774,0.07967622368586945,0.012254680654011712,0.010878248205622661,0.013631113102400762
costly,costly,1.5,all,2000,belief_gap,20,19,restored,0.06553112236731957,0.07831228621055712,0.012781163843237573,0.01133070254920968,0.014231625137265468
costly,costly,1.5,all,2000,belief_gap,21,20,restored,0.06432769474164904,0.0770863451056884,0.012758650364039368,0.011317515541133935,0.014199785186944801
costly,costly,1.5,all,2000,belief_gap,22,21,restored,0.06328656098164226,0.0763327210493158,0.01304616006767353,0.011574938028857572,0.014517382106489486
costly,costly,1.5,all,2000,belief_gap,23,22,restored,0.061866300319692515,0.07496605333154485,0.013099753011852346,0.011643969279295683,0.01455553674440901
costly,costly,1.5,all,2000,belief_gap,24,23,restored,0.06000481752570643,0.0733545504868382,0.013349732961131762,0.011757372384064444,0.01494209353819908
costly,costly,1.5,both_own,477,A_concede,1,0,pre,0.0,0.0,0.0,0.0,0.0
costly,costly,1.5,both_own,477,A_concede,2,1,pre,0.0020964360587002098,0.0020964360587002098,0.0,0.0,0.0
costly,costly,1.5,both_own,477,A_concede,3,2,pre,0.0,0.0,0.0,0.0,0.0
costly,costly,1.5,both_own,477,A_concede,4,3,pre,0.0,0.0,0.0,0.0,0.0
costly,costly,1.5,both_own,477,A_concede,5,4,pre,0.0,0.0,0.0,0.0,0.0
costly,costly,1.5,both_own,477,A_concede,6,5,pre,0.0020964360587002098,0.0020964360587002098,0.0,0.0,0.0
costly,costly,1.5,both_own,477,A_concede,7,6,pre,0.0,0.0,0.0,0.0,0.0
costly,costly,1.5,both_own,477,A_concede,8,7,removed,0.0,0.3165618448637317,0.3165618448637317,0.2747757785028615,0.35834791122460186
costly,costly,1.5,both_own,477,A_concede,9,8,removed,0.0,0.33962264150943394,0.33962264150943394,0.297077791184693,0.38216749183417487
costly,costly,1.5,both_own,477,A_concede,10,9,removed,0.0041928721174004195,0.3270440251572327,0.3228511530398323,0.28084665129086867,0.36485565478879595
costly,costly,1.5,both_own,477,A_concede,11,10,restored,0.0020964360587002098,0.0020964360587002098,0.0,-0.005817125096023341,0.005817125096023341
costly,costly,1.5,both_own,477,A_concede,12,11,restored,0.008385744234800839,0.006289308176100629,-0.0020964360587002098,-0.00620545073375262,0.0020125786163522003
costly,costly,1.5,both_own,477,A_concede,13,12,restored,0.012578616352201259,0.012578616352201259,0.0,-0.0082266572048171,0.0082266572048171
costly,costly,1.5,both_own,477,A_concede,14,13,restored,0.012578616352201259,0.012578616352201259,0.0,-0.005817125096023341,0.005817125096023341
costly,costly,1.5,both_own,477,A_concede,15,14,restored,0.0041928721174004195,0.0041928721174004195,0.0,0.0,0.0
costly,costly,1.5,both_own,477,A_concede,16,15,restored,0.014675052410901468,0.008385744234800839,-0.006289308176100629,-0.013391362896377778,0.0008127465441765203
costly,costly,1.5,both_own,477,A_concede,17,16,restored,0.0041928721174004195,0.0041928721174004195,0.0,0.0,0.0
costly,costly,1.5,both_own,477,A_concede,18,17,restored,0.018867924528301886,0.016771488469601678,-0.0020964360587002098,-0.009218440410185866,0.005025568292785446
costly,costly,1.5,both_own,477,A_concede,19,18,restored,0.008385744234800839,0.008385744234800839,0.0,0.0,0.0
costly,costly,1.5,both_own,477,A_concede,20,19,restored,0.010482180293501049,0.006289308176100629,-0.0041928721174004195,-0.009997789172483958,0.0016120449376831178
costly,costly,1.5,both_own,477,A_concede,21,20,restored,0.008385744234800839,0.006289308176100629,-0.0020964360587002098,-0.009218440410185866,0.005025568292785445
costly,costly,1.5,both_own,477,A_concede,22,21,restored,0.0041928721174004195,0.008385744234800839,0.0041928721174004195,-0.0016120449376831178,0.009997789172483958
costly,costly,1.5,both_own,477,A_concede,23,22,restored,0.0041928721174004195,0.0020964360587002098,-0.0020964360587002098,-0.00620545073375262,0.0020125786163522003
costly,costly,1.5,both_own,477,A_concede,24,23,restored,0.016771488469601678,0.012578616352201259,-0.0041928721174004195,-0.012410901467505243,0.004025157232704404
costly,costly,1.5,both_own,477,B_concede,1,0,pre,0.0,0.0,0.0,0.0,0.0
costly,costly,1.5,both_own,477,B_concede,2,1,pre,0.0,0.0,0.0,0.0,0.0
costly,costly,1.5,both_own,477,B_concede,3,2,pre,0.0,0.0,0.0,0.0,0.0
costly,costly,1.5,both_own,477,B_concede,4,3,pre,0.0,0.0,0.0,0.0,0.0
costly,costly,1.5,both_own,477,B_concede,5,4,pre,0.0,0.0,0.0,0.0,0.0
costly,costly,1.5,both_own,477,B_concede,6,5,pre,0.0,0.0,0.0,0.0,0.0
costly,costly,1.5,both_own,477,B_concede,7,6,pre,0.0020964360587002098,0.0020964360587002098,0.0,0.0,0.0
costly,costly,1.5,both_own,477,B_concede,8,7,removed,0.0020964360587002098,0.3417190775681342,0.33962264150943394,0.297077791184693,0.38216749183417487
costly,costly,1.5,both_own,477,B_concede,9,8,removed,0.0,0.3522012578616352,0.3522012578616352,0.3092903111120881,0.3951122046111823
costly,costly,1.5,both_own,477,B_concede,10,9,removed,0.0,0.36058700209643607,0.36058700209643607,0.3174501589674218,0.40372384522545035
costly,costly,1.5,both_own,477,B_concede,11,10,restored,0.0041928721174004195,0.0041928721174004195,0.0,-0.005817125096023341,0.005817125096023341
costly,costly,1.5,both_own,477,B_concede,12,11,restored,0.006289308176100629,0.006289308176100629,0.0,-0.005817125096023341,0.005817125096023341
costly,costly,1.5,both_own,477,B_concede,13,12,restored,0.0020964360587002098,0.0041928721174004195,0.0020964360587002098,-0.0020125786163522003,0.00620545073375262
costly,costly,1.5,both_own,477,B_concede,14,13,restored,0.006289308176100629,0.0020964360587002098,-0.0041928721174004195,-0.009997789172483958,0.0016120449376831178
costly,costly,1.5,both_own,477,B_concede,15,14,restored,0.0041928721174004195,0.0041928721174004195,0.0,-0.005817125096023341,0.005817125096023341
costly,costly,1.5,both_own,477,B_concede,16,15,restored,0.006289308176100629,0.008385744234800839,0.0020964360587002098,-0.0020125786163521994,0.006205450733752619
costly,costly,1.5,both_own,477,B_concede,17,16,restored,0.0020964360587002098,0.0020964360587002098,0.0,0.0,0.0
costly,costly,1.5,both_own,477,B_concede,18,17,restored,0.010482180293501049,0.006289308176100629,-0.0041928721174004195,-0.009997789172483958,0.0016120449376831178
costly,costly,1.5,both_own,477,B_concede,19,18,restored,0.006289308176100629,0.0020964360587002098,-0.0041928721174004195,-0.009997789172483958,0.0016120449376831178
costly,costly,1.5,both_own,477,B_concede,20,19,restored,0.006289308176100629,0.006289308176100629,0.0,0.0,0.0
costly,costly,1.5,both_own,477,B_concede,21,20,restored,0.008385744234800839,0.010482180293501049,0.0020964360587002098,-0.0020125786163521994,0.006205450733752619
costly,costly,1.5,both_own,477,B_concede,22,21,restored,0.006289308176100629,0.0020964360587002098,-0.0041928721174004195,-0.009997789172483958,0.0016120449376831178
costly,costly,1.5,both_own,477,B_concede,23,22,restored,0.0041928721174004195,0.0,-0.0041928721174004195,-0.009997789172483956,0.001612044937683117
costly,costly,1.5,both_own,477,B_concede,24,23,restored,0.008385744234800839,0.008385744234800839,0.0,-0.005817125096023341,0.005817125096023341
costly,costly,1.5,both_own,477,any_concede,1,0,pre,0.0,0.0,0.0,0.0,0.0
costly,costly,1.5,both_own,477,any_concede,2,1,pre,0.0020964360587002098,0.0020964360587002098,0.0,0.0,0.0
costly,costly,1.5,both_own,477,any_concede,3,2,pre,0.0,0.0,0.0,0.0,0.0
costly,costly,1.5,both_own,477,any_concede,4,3,pre,0.0,0.0,0.0,0.0,0.0
costly,costly,1.5,both_own,477,any_concede,5,4,pre,0.0,0.0,0.0,0.0,0.0
costly,costly,1.5,both_own,477,any_concede,6,5,pre,0.0020964360587002098,0.0020964360587002098,0.0,0.0,0.0
costly,costly,1.5,both_own,477,any_concede,7,6,pre,0.0020964360587002098,0.0020964360587002098,0.0,0.0,0.0
costly,costly,1.5,both_own,477,any_concede,8,7,removed,0.0020964360587002098,0.6582809224318659,0.6561844863731656,0.6135139296880617,0.6988550430582695
costly,costly,1.5,both_own,477,any_concede,9,8,removed,0.0,0.6918238993710691,0.6918238993710691,0.6503428386525658,0.7333049600895725
costly,costly,1.5,both_own,477,any_concede,10,9,removed,0.0041928721174004195,0.6876310272536688,0.6834381551362684,0.6416520887753983,0.7252242214971385
costly,costly,1.5,both_own,477,any_concede,11,10,restored,0.006289308176100629,0.006289308176100629,0.0,-0.0082266572048171,0.0082266572048171
costly,costly,1.5,both_own,477,any_concede,12,11,restored,0.014675052410901468,0.012578616352201259,-0.0020964360587002098,-0.009218440410185866,0.005025568292785446
costly,costly,1.5,both_own,477,any_concede,13,12,restored,0.014675052410901468,0.016771488469601678,0.0020964360587002098,-0.007099317872618591,0.01129218999001901
costly,costly,1.5,both_own,477,any_concede,14,13,restored,0.018867924528301886,0.014675052410901468,-0.0041928721174004195,-0.012410901467505243,0.004025157232704404
costly,costly,1.5,both_own,477,any_concede,15,14,restored,0.008385744234800839,0.008385744234800839,0.0,-0.005817125096023341,0.005817125096023341
costly,costly,1.5,both_own,477,any_concede,16,15,restored,0.020964360587002098,0.016771488469601678,-0.0041928721174004195,-0.012410901467505243,0.004025157232704404
costly,costly,1.5,both_own,477,any_concede,17,16,restored,0.006289308176100629,0.006289308176100629,0.0,0.0,0.0
costly,costly,1.5,both_own,477,any_concede,18,17,restored,0.029350104821802937,0.023060796645702306,-0.006289308176100629,-0.015469620024431027,0.002891003672229768
costly,costly,1.5,both_own,477,any_concede,19,18,restored,0.014675052410901468,0.010482180293501049,-0.0041928721174004195,-0.009997789172483958,0.0016120449376831178
costly,costly,1.5,both_own,477,any_concede,20,19,restored,0.016771488469601678,0.012578616352201259,-0.0041928721174004195,-0.009997789172483958,0.0016120449376831178
costly,costly,1.5,both_own,477,any_concede,21,20,restored,0.016771488469601678,0.016771488469601678,0.0,-0.0082266572048171,0.0082266572048171
costly,costly,1.5,both_own,477,any_concede,22,21,restored,0.010482180293501049,0.010482180293501049,0.0,-0.0082266572048171,0.0082266572048171
costly,costly,1.5,both_own,477,any_concede,23,22,restored,0.008385744234800839,0.0020964360587002098,-0.006289308176100629,-0.013391362896377778,0.0008127465441765203
costly,costly,1.5,both_own,477,any_concede,24,23,restored,0.025157232704402517,0.020964360587002098,-0.0041928721174004195,-0.0142613849560459,0.005875640721245062
costly,costly,1.5,both_own,477,MN,1,0,pre,1.0,1.0,0.0,0.0,0.0
costly,costly,1.5,both_own,477,MN,2,1,pre,0.9979035639412998,0.9979035639412998,0.0,0.0,0.0
costly,costly,1.5,both_own,477,MN,3,2,pre,1.0,1.0,0.0,0.0,0.0
costly,costly,1.5,both_own,477,MN,4,3,pre,1.0,1.0,0.0,0.0,0.0
costly,costly,1.5,both_own,477,MN,5,4,pre,1.0,1.0,0.0,0.0,0.0
costly,costly,1.5,both_own,477,MN,6,5,pre,0.9979035639412998,0.9979035639412998,0.0,0.0,0.0
costly,costly,1.5,both_own,477,MN,7,6,pre,0.9979035639412998,0.9979035639412998,0.0,0.0,0.0
costly,costly,1.5,both_own,477,MN,8,7,removed,0.9979035639412998,0.3417190775681342,-0.6561844863731656,-0.6988550430582695,-0.6135139296880617
costly,costly,1.5,both_own,477,MN,9,8,removed,1.0,0.3081761006289308,-0.6918238993710691,-0.7333049600895725,-0.6503428386525658
costly,costly,1.5,both_own,477,MN,10,9,removed,0.9958071278825996,0.31236897274633124,-0.6834381551362684,-0.7252242214971385,-0.6416520887753983
costly,costly,1.5,both_own,477,MN,11,10,restored,0.9937106918238994,0.9937106918238994,0.0,-0.0082266572048171,0.0082266572048171
costly,costly,1.5,both_own,477,MN,12,11,restored,0.9853249475890985,0.9874213836477987,0.0020964360587002098,-0.005025568292785446,0.009218440410185866
costly,costly,1.5,both_own,477,MN,13,12,restored,0.9853249475890985,0.9832285115303984,-0.0020964360587002098,-0.01129218999001901,0.007099317872618591
costly,costly,1.5,both_own,477,MN,14,13,restored,0.9811320754716981,0.9853249475890985,0.0041928721174004195,-0.004025157232704404,0.012410901467505243
costly,costly,1.5,both_own,477,MN,15,14,restored,0.9916142557651991,0.9916142557651991,0.0,-0.005817125096023341,0.005817125096023341
costly,costly,1.5,both_own,477,MN,16,15,restored,0.9790356394129979,0.9832285115303984,0.0041928721174004195,-0.004025157232704404,0.012410901467505243
costly,costly,1.5,both_own,477,MN,17,16,restored,0.9937106918238994,0.9937106918238994,0.0,0.0,0.0
costly,costly,1.5,both_own,477,MN,18,17,restored,0.9706498951781971,0.9769392033542977,0.006289308176100629,-0.002891003672229768,0.015469620024431027
costly,costly,1.5,both_own,477,MN,19,18,restored,0.9853249475890985,0.989517819706499,0.0041928721174004195,-0.0016120449376831178,0.009997789172483958
costly,costly,1.5,both_own,477,MN,20,19,restored,0.9832285115303984,0.9874213836477987,0.0041928721174004195,-0.0016120449376831178,0.009997789172483958
costly,costly,1.5,both_own,477,MN,21,20,restored,0.9832285115303984,0.9832285115303984,0.0,-0.0082266572048171,0.0082266572048171
costly,costly,1.5,both_own,477,MN,22,21,restored,0.989517819706499,0.989517819706499,0.0,-0.0082266572048171,0.0082266572048171
costly,costly,1.5,both_own,477,MN,23,22,restored,0.9916142557651991,0.9979035639412998,0.006289308176100629,-0.0008127465441765203,0.013391362896377778
costly,costly,1.5,both_own,477,MN,24,23,restored,0.9748427672955975,0.9790356394129979,0.0041928721174004195,-0.005875640721245062,0.0142613849560459
costly,costly,1.5,both_own,477,U,1,0,pre,1.0,1.0,0.0,0.0,0.0
costly,costly,1.5,both_own,477,U,2,1,pre,0.9979035639412998,0.9979035639412998,0.0,0.0,0.0
costly,costly,1.5,both_own,477,U,3,2,pre,1.0,1.0,0.0,0.0,0.0
costly,costly,1.5,both_own,477,U,4,3,pre,1.0,1.0,0.0,0.0,0.0
costly,costly,1.5,both_own,477,U,5,4,pre,1.0,1.0,0.0,0.0,0.0
costly,costly,1.5,both_own,477,U,6,5,pre,0.9979035639412998,0.9979035639412998,0.0,0.0,0.0
costly,costly,1.5,both_own,477,U,7,6,pre,0.9958071278825996,0.9958071278825996,0.0,0.0,0.0
costly,costly,1.5,both_own,477,U,8,7,removed,0.9958071278825996,0.33962264150943394,-0.6561844863731656,-0.6988550430582695,-0.6135139296880617
costly,costly,1.5,both_own,477,U,9,8,removed,0.9958071278825996,0.2348008385744235,-0.7610062893081762,-0.7993187418717275,-0.7226938367446248
costly,costly,1.5,both_own,477,U,10,9,removed,0.9916142557651991,0.2180293501048218,-0.7735849056603774,-0.8111824323914294,-0.7359873789293254
costly,costly,1.5,both_own,477,U,11,10,restored,0.9853249475890985,0.27253668763102723,-0.7127882599580713,-0.7534357710325696,-0.6721407488835729
costly,costly,1.5,both_own,477,U,12,11,restored,0.9727463312368972,0.2914046121593291,-0.6813417190775681,-0.7232015712614064,-0.6394818668937299
costly,costly,1.5,both_own,477,U,13,12,restored,0.960167714884696,0.33542976939203356,-0.6247379454926625,-0.6686231507594472,-0.5808527402258777
costly,costly,1.5,both_own,477,U,14,13,restored,0.9454926624737946,0.36268343815513626,-0.5828092243186582,-0.627864545392324,-0.5377539032449925
costly,costly,1.5,both_own,477,U,15,14,restored,0.9371069182389937,0.38784067085953877,-0.549266247379455,-0.5954551443369019,-0.503077350422008
costly,costly,1.5,both_own,477,U,16,15,restored,0.9266247379454927,0.4109014675052411,-0.5157232704402516,-0.5621022270431915,-0.4693443138373117
costly,costly,1.5,both_own,477,U,17,16,restored,0.9245283018867925,0.42138364779874216,-0.5031446540880503,-0.5491781645249135,-0.45711114365118716
costly,costly,1.5,both_own,477,U,18,17,restored,0.9056603773584906,0.44654088050314467,-0.4591194968553459,-0.5064590361121718,-0.41177995759852
costly,costly,1.5,both_own,477,U,19,18,restored,0.8972746331236897,0.4591194968553459,-0.4381551362683438,-0.4856681905960673,-0.3906420819406203
costly,costly,1.5,both_own,477,U,20,19,restored,0.8867924528301887,0.46331236897274636,-0.42348008385744235,-0.47117643447899976,-0.37578373323588493
costly,costly,1.5,both_own,477,U,21,20,restored,0.8867924528301887,0.48427672955974843,-0.4025157232704403,-0.4506112444793351,-0.35442020206154545
costly,costly,1.5,both_own,477,U,22,21,restored,0.8846960167714885,0.5010482180293501,-0.3836477987421384,-0.4314036063184943,-0.3358919911657825
costly,costly,1.5,both_own,477,U,23,22,restored,0.8825995807127882,0.5115303983228512,-0.3710691823899371,-0.4185635694474557,-0.32357479533241845
costly,costly,1.5,both_own,477,U,24,23,restored,0.8679245283018868,0.519916142557652,-0.3480083857442348,-0.39566456098650693,-0.3003522105019627
costly,costly,1.5,both_own,477,belief_gap,1,0,pre,0.4380280140823894,0.4380280140823894,0.0,0.0,0.0
costly,costly,1.5,both_own,477,belief_gap,2,1,pre,0.3808942208355268,0.3808942208355268,0.0,0.0,0.0
costly,costly,1.5,both_own,477,belief_gap,3,2,pre,0.35029915328624445,0.35029915328624445,0.0,0.0,0.0
costly,costly,1.5,both_own,477,belief_gap,4,3,pre,0.3189363593081735,0.3189363593081735,0.0,0.0,0.0
costly,costly,1.5,both_own,477,belief_gap,5,4,pre,0.2940004159117435,0.2940004159117435,0.0,0.0,0.0
costly,costly,1.5,both_own,477,belief_gap,6,5,pre,0.2756197930159645,0.2756197930159645,0.0,0.0,0.0
costly,costly,1.5,both_own,477,belief_gap,7,6,pre,0.25843826243604684,0.25843826243604684,0.0,0.0,0.0
costly,costly,1.5,both_own,477,belief_gap,8,7,removed,0.24560090037684296,0.24476606013330793,-0.0008348402435350243,-0.0026614033772780336,0.000991722890207985
costly,costly,1.5,both_own,477,belief_gap,9,8,removed,0.2325681211491955,0.2375616971087084,0.004993575959512887,0.001641037879330772,0.008346114039695002
costly,costly,1.5,both_own,477,belief_gap,10,9,removed,0.22073935460084407,0.2324769318091426,0.011737577208298522,0.007496953495061897,0.015978200921535145
costly,costly,1.5,both_own,477,belief_gap,11,10,restored,0.2127314726374722,0.23075325756308057,0.018021784925608363,0.013247019248449954,0.022796550602766773
costly,costly,1.5,both_own,477,belief_gap,12,11,restored,0.20917641531694348,0.2311415398132983,0.021965124496354828,0.01637343475317171,0.027556814239537944
costly,costly,1.5,both_own,477,belief_gap,13,12,restored,0.20477400284602104,0.22943644998353013,0.024662447137509102,0.01972740791775201,0.029597486357266195
costly,costly,1.5,both_own,477,belief_gap,14,13,restored,0.2006279372989816,0.2252692332859284,0.02464129598694684,0.020143912003558685,0.029138679970334997
costly,costly,1.5,both_own,477,belief_gap,15,14,restored,0.20307743545452925,0.22831270160843978,0.025235266153910516,0.020311047637256587,0.030159484670564445
costly,costly,1.5,both_own,477,belief_gap,16,15,restored,0.2000264825995821,0.22554738871076946,0.025520906111187378,0.021210470088450006,0.02983134213392475
costly,costly,1.5,both_own,477,belief_gap,17,16,restored,0.19795887808583199,0.22432594174750745,0.026367063661675457,0.022478368313877114,0.0302557590094738
costly,costly,1.5,both_own,477,belief_gap,18,17,restored,0.19378738758004177,0.22127128566596144,0.027483898085919636,0.023321250201492814,0.031646545970346454
costly,costly,1.5,both_own,477,belief_gap,19,18,restored,0.19083677883200256,0.22118430332102795,0.030347524489025376,0.025995931038176632,0.034699117939874125
costly,costly,1.5,both_own,477,belief_gap,20,19,restored,0.18528797137766642,0.21657192781032866,0.031283956432662234,0.02656860067634254,0.03599931218898193
costly,costly,1.5,both_own,477,belief_gap,21,20,restored,0.1813929550198997,0.21235742266524785,0.030964467645348135,0.02628670962052072,0.035642225670175554
costly,costly,1.5,both_own,477,belief_gap,22,21,restored,0.1778304104636788,0.20960507719650343,0.031774666732824634,0.026957942467970168,0.0365913909976791
costly,costly,1.5,both_own,477,belief_gap,23,22,restored,0.17267215137720884,0.20502783058583765,0.032355679208628786,0.027651481084837493,0.037059877332420076
costly,costly,1.5,both_own,477,belief_gap,24,23,restored,0.1648287569923623,0.19876830950853988,0.03393955251617759,0.02870870619309701,0.03917039883925817
costly,mixed,1.5,all,2000,A_concede,1,0,pre,0.002,0.002,0.0,0.0,0.0
costly,mixed,1.5,all,2000,A_concede,2,1,pre,0.007,0.007,0.0,0.0,0.0
costly,mixed,1.5,all,2000,A_concede,3,2,pre,0.01,0.01,0.0,0.0,0.0
costly,mixed,1.5,all,2000,A_concede,4,3,pre,0.006,0.006,0.0,0.0,0.0
costly,mixed,1.5,all,2000,A_concede,5,4,pre,0.009,0.009,0.0,0.0,0.0
costly,mixed,1.5,all,2000,A_concede,6,5,pre,0.0075,0.0075,0.0,0.0,0.0
costly,mixed,1.5,all,2000,A_concede,7,6,pre,0.008,0.008,0.0,0.0,0.0
costly,mixed,1.5,all,2000,A_concede,8,7,removed,0.01,0.4465,0.4365,0.41475853731231727,0.45824146268768273
costly,mixed,1.5,all,2000,A_concede,9,8,removed,0.0065,0.4555,0.449,0.42719537388396606,0.47080462611603396
costly,mixed,1.5,all,2000,A_concede,10,9,removed,0.016,0.4495,0.4335,0.41177578049603325,0.45522421950396674
costly,mixed,1.5,all,2000,A_concede,11,10,restored,0.0115,0.0105,-0.001,-0.003772205216227767,0.0017722052162277668
costly,mixed,1.5,all,2000,A_concede,12,11,restored,0.0135,0.014,0.0005,-0.002093392110985275,0.003093392110985275
costly,mixed,1.5,all,2000,A_concede,13,12,restored,0.012,0.012,0.0,-0.002772551806866894,0.002772551806866894
costly,mixed,1.5,all,2000,A_concede,14,13,restored,0.011,0.011,0.0,-0.0019604901838265955,0.0019604901838265955
costly,mixed,1.5,all,2000,A_concede,15,14,restored,0.016,0.015,-0.001,-0.0034007000813179927,0.0014007000813179927
costly,mixed,1.5,all,2000,A_concede,16,15,restored,0.013,0.0115,-0.0015,-0.004092650982982434,0.0010926509829824339
costly,mixed,1.5,all,2000,A_concede,17,16,restored,0.0135,0.011,-0.0025,-0.005438692388882891,0.00043869238888289124
costly,mixed,1.5,all,2000,A_concede,18,17,restored,0.0175,0.014,-0.0035,-0.006436729880529634,-0.0005632701194703662
costly,mixed,1.5,all,2000,A_concede,19,18,restored,0.0125,0.0095,-0.003,-0.006097016072653989,9.701607265398928e-05
costly,mixed,1.5,all,2000,A_concede,20,19,restored,0.013,0.011,-0.002,-0.0047711651842210915,0.0007711651842210914
costly,mixed,1.5,all,2000,A_concede,21,20,restored,0.0155,0.0125,-0.003,-0.00576943092960213,-0.00023056907039786974
costly,mixed,1.5,all,2000,A_concede,22,21,restored,0.0095,0.007,-0.0025,-0.005438692388882892,0.0004386923888828921
costly,mixed,1.5,all,2000,A_concede,23,22,restored,0.011,0.0095,-0.0015,-0.003690908085502347,0.000690908085502347
costly,mixed,1.5,all,2000,A_concede,24,23,restored,0.0165,0.0125,-0.004,-0.0070948434900837964,-0.0009051565099162033
costly,mixed,1.5,all,2000,B_concede,1,0,pre,0.141,0.141,0.0,0.0,0.0
costly,mixed,1.5,all,2000,B_concede,2,1,pre,0.157,0.157,0.0,0.0,0.0
costly,mixed,1.5,all,2000,B_concede,3,2,pre,0.143,0.143,0.0,0.0,0.0
costly,mixed,1.5,all,2000,B_concede,4,3,pre,0.1555,0.1555,0.0,0.0,0.0
costly,mixed,1.5,all,2000,B_concede,5,4,pre,0.157,0.157,0.0,0.0,0.0
costly,mixed,1.5,all,2000,B_concede,6,5,pre,0.151,0.151,0.0,0.0,0.0
costly,mixed,1.5,all,2000,B_concede,7,6,pre,0.1655,0.1655,0.0,0.0,0.0
costly,mixed,1.5,all,2000,B_concede,8,7,removed,0.166,0.422,0.256,0.23686818711328783,0.2751318128867122
costly,mixed,1.5,all,2000,B_concede,9,8,removed,0.1685,0.4205,0.252,0.23296728503551162,0.2710327149644884
costly,mixed,1.5,all,2000,B_concede,10,9,removed,0.163,0.426,0.263,0.24369982297447487,0.2823001770255251
costly,mixed,1.5,all,2000,B_concede,11,10,restored,0.1625,0.1645,0.002,-0.001919999999999999,0.005919999999999999
costly,mixed,1.5,all,2000,B_concede,12,11,restored,0.1665,0.1675,0.001,-0.002395385621952369,0.004395385621952369
costly,mixed,1.5,all,2000,B_concede,13,12,restored,0.1605,0.1595,-0.001,-0.003772205216227767,0.0017722052162277668
costly,mixed,1.5,all,2000,B_concede,14,13,restored,0.165,0.1665,0.0015,-0.0014399999999999999,0.0044399999999999995
costly,mixed,1.5,all,2000,B_concede,15,14,restored,0.1625,0.1625,0.0,-0.002401100298055177,0.002401100298055177
costly,mixed,1.5,all,2000,B_concede,16,15,restored,0.16,0.1565,-0.0035,-0.007770033582232896,0.0007700335822328967
costly,mixed,1.5,all,2000,B_concede,17,16,restored,0.16,0.16,0.0,-0.003099807155647122,0.003099807155647122
costly,mixed,1.5,all,2000,B_concede,18,17,restored,0.1625,0.1635,0.001,-0.002920735298721569,0.004920735298721569
costly,mixed,1.5,all,2000,B_concede,19,18,restored,0.161,0.161,0.0,-0.002401100298055177,0.002401100298055177
costly,mixed,1.5,all,2000,B_concede,20,19,restored,0.167,0.1645,-0.0025,-0.005438692388882891,0.00043869238888289124
costly,mixed,1.5,all,2000,B_concede,21,20,restored,0.157,0.1525,-0.0045,-0.008987713625755702,-1.2286374244297252e-05
costly,mixed,1.5,all,2000,B_concede,22,21,restored,0.1585,0.1565,-0.002,-0.005666693213177204,0.001666693213177204
costly,mixed,1.5,all,2000,B_concede,23,22,restored,0.154,0.153,-0.001,-0.004667479298128498,0.002667479298128498
costly,mixed,1.5,all,2000,B_concede,24,23,restored,0.1635,0.1605,-0.003,-0.006665382696957793,0.0006653826969577922
costly,mixed,1.5,all,2000,any_concede,1,0,pre,0.143,0.143,0.0,0.0,0.0
costly,mixed,1.5,all,2000,any_concede,2,1,pre,0.1635,0.1635,0.0,0.0,0.0
costly,mixed,1.5,all,2000,any_concede,3,2,pre,0.153,0.153,0.0,0.0,0.0
costly,mixed,1.5,all,2000,any_concede,4,3,pre,0.1615,0.1615,0.0,0.0,0.0
costly,mixed,1.5,all,2000,any_concede,5,4,pre,0.166,0.166,0.0,0.0,0.0
costly,mixed,1.5,all,2000,any_concede,6,5,pre,0.1585,0.1585,0.0,0.0,0.0
costly,mixed,1.5,all,2000,any_concede,7,6,pre,0.1735,0.1735,0.0,0.0,0.0
costly,mixed,1.5,all,2000,any_concede,8,7,removed,0.176,0.8655,0.6895,0.6692162797679216,0.7097837202320784
costly,mixed,1.5,all,2000,any_concede,9,8,removed,0.175,0.874,0.699,0.6788918780716909,0.719108121928309
costly,mixed,1.5,all,2000,any_concede,10,9,removed,0.179,0.8745,0.6955,0.6753260058783738,0.7156739941216262
costly,mixed,1.5,all,2000,any_concede,11,10,restored,0.174,0.175,0.001,-0.003802000500250098,0.005802000500250098
costly,mixed,1.5,all,2000,any_concede,12,11,restored,0.18,0.1815,0.0015,-0.0027722832773823774,0.005772283277382377
costly,mixed,1.5,all,2000,any_concede,13,12,restored,0.1725,0.1715,-0.001,-0.00492073529872157,0.00292073529872157
costly,mixed,1.5,all,2000,any_concede,14,13,restored,0.176,0.1775,0.0015,-0.0020337121785567714,0.005033712178556771
costly,mixed,1.5,all,2000,any_concede,15,14,restored,0.178,0.1775,-0.0005,-0.003751031282870268,0.002751031282870268
costly,mixed,1.5,all,2000,any_concede,16,15,restored,0.173,0.168,-0.005,-0.009993480491972694,-6.519508027306824e-06
costly,mixed,1.5,all,2000,any_concede,17,16,restored,0.1735,0.171,-0.0025,-0.006771383541509629,0.0017713835415096297
costly,mixed,1.5,all,2000,any_concede,18,17,restored,0.18,0.1775,-0.0025,-0.0074,0.0024
costly,mixed,1.5,all,2000,any_concede,19,18,restored,0.1735,0.1705,-0.003,-0.006918774195535869,0.0009187741955358686
costly,mixed,1.5,all,2000,any_concede,20,19,restored,0.18,0.1755,-0.0045,-0.008536836858966803,-0.0004631631410331972
costly,mixed,1.5,all,2000,any_concede,21,20,restored,0.1725,0.165,-0.0075,-0.012768532406359329,-0.0022314675936406705
costly,mixed,1.5,all,2000,any_concede,22,21,restored,0.168,0.1635,-0.0045,-0.00919694948527591,0.00019694948527590895
costly,mixed,1.5,all,2000,any_concede,23,22,restored,0.165,0.1625,-0.0025,-0.006771383541509629,0.0017713835415096289
costly,mixed,1.5,all,2000,any_concede,24,23,restored,0.18,0.173,-0.007,-0.011792386073986638,-0.002207613926013362
costly,mixed,1.5,all,2000,MN,1,0,pre,0.857,0.857,0.0,0.0,0.0
costly,mixed,1.5,all,2000,MN,2,1,pre,0.8365,0.8365,0.0,0.0,0.0
costly,mixed,1.5,all,2000,MN,3,2,pre,0.847,0.847,0.0,0.0,0.0
costly,mixed,1.5,all,2000,MN,4,3,pre,0.8385,0.8385,0.0,0.0,0.0
costly,mixed,1.5,all,2000,MN,5,4,pre,0.834,0.834,0.0,0.0,0.0
costly,mixed,1.5,all,2000,MN,6,5,pre,0.8415,0.8415,0.0,0.0,0.0
costly,mixed,1.5,all,2000,MN,7,6,pre,0.8265,0.8265,0.0,0.0,0.0
costly,mixed,1.5,all,2000,MN,8,7,removed,0.824,0.1345,-0.6895,-0.7097837202320784,-0.6692162797679216
costly,mixed,1.5,all,2000,MN,9,8,removed,0.825,0.126,-0.699,-0.719108121928309,-0.6788918780716909
costly,mixed,1.5,all,2000,MN,10,9,removed,0.821,0.1255,-0.6955,-0.7156739941216262,-0.6753260058783738
costly,mixed,1.5,all,2000,MN,11,10,restored,0.826,0.825,-0.001,-0.005802000500250098,0.003802000500250098
costly,mixed,1.5,all,2000,MN,12,11,restored,0.82,0.8185,-0.0015,-0.005772283277382377,0.0027722832773823774
costly,mixed,1.5,all,2000,MN,13,12,restored,0.8275,0.8285,0.001,-0.00292073529872157,0.00492073529872157
costly,mixed,1.5,all,2000,MN,14,13,restored,0.824,0.8225,-0.0015,-0.005033712178556771,0.0020337121785567714
costly,mixed,1.5,all,2000,MN,15,14,restored,0.822,0.8225,0.0005,-0.002751031282870268,0.003751031282870268
costly,mixed,1.5,all,2000,MN,16,15,restored,0.827,0.832,0.005,6.519508027306824e-06,0.009993480491972694
costly,mixed,1.5,all,2000,MN,17,16,restored,0.8265,0.829,0.0025,-0.0017713835415096297,0.006771383541509629
costly,mixed,1.5,all,2000,MN,18,17,restored,0.82,0.8225,0.0025,-0.0024,0.0074
costly,mixed,1.5,all,2000,MN,19,18,restored,0.8265,0.8295,0.003,-0.0009187741955358686,0.006918774195535869
costly,mixed,1.5,all,2000,MN,20,19,restored,0.82,0.8245,0.0045,0.0004631631410331972,0.008536836858966803
costly,mixed,1.5,all,2000,MN,21,20,restored,0.8275,0.835,0.0075,0.0022314675936406705,0.012768532406359329
costly,mixed,1.5,all,2000,MN,22,21,restored,0.832,0.8365,0.0045,-0.00019694948527590895,0.00919694948527591
costly,mixed,1.5,all,2000,MN,23,22,restored,0.835,0.8375,0.0025,-0.0017713835415096289,0.006771383541509629
costly,mixed,1.5,all,2000,MN,24,23,restored,0.82,0.827,0.007,0.002207613926013362,0.011792386073986638
costly,mixed,1.5,all,2000,U,1,0,pre,0.857,0.857,0.0,0.0,0.0
costly,mixed,1.5,all,2000,U,2,1,pre,0.764,0.764,0.0,0.0,0.0
costly,mixed,1.5,all,2000,U,3,2,pre,0.71,0.71,0.0,0.0,0.0
costly,mixed,1.5,all,2000,U,4,3,pre,0.672,0.672,0.0,0.0,0.0
costly,mixed,1.5,all,2000,U,5,4,pre,0.636,0.636,0.0,0.0,0.0
costly,mixed,1.5,all,2000,U,6,5,pre,0.6195,0.6195,0.0,0.0,0.0
costly,mixed,1.5,all,2000,U,7,6,pre,0.6005,0.6005,0.0,0.0,0.0
costly,mixed,1.5,all,2000,U,8,7,removed,0.585,0.1265,-0.4585,-0.4804748890799257,-0.43652511092007434
costly,mixed,1.5,all,2000,U,9,8,removed,0.5735,0.086,-0.4875,-0.5094996242407311,-0.46550037575926884
costly,mixed,1.5,all,2000,U,10,9,removed,0.556,0.0715,-0.4845,-0.5065395961782391,-0.4624604038217609
costly,mixed,1.5,all,2000,U,11,10,restored,0.54,0.0965,-0.4435,-0.4654543281031607,-0.42154567189683934
costly,mixed,1.5,all,2000,U,12,11,restored,0.524,0.1105,-0.4135,-0.43530985853151233,-0.39169014146848763
costly,mixed,1.5,all,2000,U,13,12,restored,0.5135,0.1245,-0.389,-0.41072869741483997,-0.36727130258516005
costly,mixed,1.5,all,2000,U,14,13,restored,0.505,0.138,-0.367,-0.38857924467399985,-0.34542075532600014
costly,mixed,1.5,all,2000,U,15,14,restored,0.496,0.1495,-0.3465,-0.36786114649286744,-0.3251388535071325
costly,mixed,1.5,all,2000,U,16,15,restored,0.485,0.1595,-0.3255,-0.3470453210751224,-0.3039546789248776
costly,mixed,1.5,all,2000,U,17,16,restored,0.476,0.166,-0.31,-0.33129186210024497,-0.288708137899755
costly,mixed,1.5,all,2000,U,18,17,restored,0.462,0.1715,-0.2905,-0.31152893044731184,-0.2694710695526881
costly,mixed,1.5,all,2000,U,19,18,restored,0.4545,0.1705,-0.284,-0.30485615124423393,-0.263143848755766
costly,mixed,1.5,all,2000,U,20,19,restored,0.4445,0.175,-0.2695,-0.2903342902356863,-0.24866570976431374
costly,mixed,1.5,all,2000,U,21,20,restored,0.4325,0.184,-0.2485,-0.2694666038603947,-0.22753339613960527
costly,mixed,1.5,all,2000,U,22,21,restored,0.429,0.188,-0.241,-0.2617903952696367,-0.22020960473036325
costly,mixed,1.5,all,2000,U,23,22,restored,0.4245,0.1915,-0.233,-0.25378077980261093,-0.2122192201973891
costly,mixed,1.5,all,2000,U,24,23,restored,0.4145,0.1955,-0.219,-0.23956361695741257,-0.19843638304258743
costly,mixed,1.5,all,2000,belief_gap,1,0,pre,0.16834658370400638,0.16834658370400638,0.0,0.0,0.0
costly,mixed,1.5,all,2000,belief_gap,2,1,pre,0.1503176720112536,0.1503176720112536,0.0,0.0,0.0
costly,mixed,1.5,all,2000,belief_gap,3,2,pre,0.1396208733020379,0.1396208733020379,0.0,0.0,0.0
costly,mixed,1.5,all,2000,belief_gap,4,3,pre,0.131534605433823,0.131534605433823,0.0,0.0,0.0
costly,mixed,1.5,all,2000,belief_gap,5,4,pre,0.12575009614847815,0.12575009614847815,0.0,0.0,0.0
costly,mixed,1.5,all,2000,belief_gap,6,5,pre,0.12167134071749432,0.12167134071749432,0.0,0.0,0.0
costly,mixed,1.5,all,2000,belief_gap,7,6,pre,0.11785103340407002,0.11785103340407002,0.0,0.0,0.0
costly,mixed,1.5,all,2000,belief_gap,8,7,removed,0.11443732898862083,0.1153359581337866,0.0008986291451657633,0.00028827443396272506,0.0015089838563688016
costly,mixed,1.5,all,2000,belief_gap,9,8,removed,0.11154663116845731,0.11456105716856949,0.0030144260001121782,0.001970211174907287,0.0040586408253170695
costly,mixed,1.5,all,2000,belief_gap,10,9,removed,0.10943402423289596,0.11380861901049383,0.0043745947775978644,0.0032751162615295253,0.005474073293666204
costly,mixed,1.5,all,2000,belief_gap,11,10,restored,0.10735411016468163,0.11285708386725206,0.00550297370257042,0.004363353287665038,0.006642594117475802
costly,mixed,1.5,all,2000,belief_gap,12,11,restored,0.10664056175484402,0.1126427485632483,0.006002186808404286,0.004778546083261922,0.007225827533546649
costly,mixed,1.5,all,2000,belief_gap,13,12,restored,0.10564067359996833,0.11171868753916847,0.00607801393920014,0.004875787818114142,0.0072802400602861375
costly,mixed,1.5,all,2000,belief_gap,14,13,restored,0.10527718551728074,0.11117366448012879,0.0058964789628480575,0.004745797956278167,0.007047159969417948
costly,mixed,1.5,all,2000,belief_gap,15,14,restored,0.10449235794956724,0.11030409034272347,0.005811732393156227,0.004597101970095566,0.007026362816216889
costly,mixed,1.5,all,2000,belief_gap,16,15,restored,0.10360163427759365,0.10915114228596114,0.005549508008367485,0.00437614561636997,0.006722870400365
costly,mixed,1.5,all,2000,belief_gap,17,16,restored,0.10283386453903057,0.10833021157622909,0.005496347037198518,0.004308223566603865,0.006684470507793171
costly,mixed,1.5,all,2000,belief_gap,18,17,restored,0.10130809840315311,0.10719521324010327,0.00588711483695015,0.004563975890215706,0.0072102537836845945
costly,mixed,1.5,all,2000,belief_gap,19,18,restored,0.10064969328632381,0.10629364083404981,0.005643947547726009,0.004216119634495139,0.00707177546095688
costly,mixed,1.5,all,2000,belief_gap,20,19,restored,0.09840998666958833,0.10441059818505238,0.006000611515464056,0.004525907940507482,0.007475315090420631
costly,mixed,1.5,all,2000,belief_gap,21,20,restored,0.09690643117246898,0.10218892723349865,0.005282496061029638,0.0036838252362962755,0.0068811668857630005
costly,mixed,1.5,all,2000,belief_gap,22,21,restored,0.09520596542970781,0.10066270760097273,0.005456742171264906,0.0038486301636774887,0.0070648541788523225
costly,mixed,1.5,all,2000,belief_gap,23,22,restored,0.09369539933293615,0.09913220398284724,0.00543680464991108,0.0037787947927255157,0.007094814507096644
costly,mixed,1.5,all,2000,belief_gap,24,23,restored,0.09245581903823834,0.09778284329969313,0.00532702426145479,0.003792865058272473,0.006861183464637106
costly,mixed,1.5,both_own,477,A_concede,1,0,pre,0.0,0.0,0.0,0.0,0.0
costly,mixed,1.5,both_own,477,A_concede,2,1,pre,0.0020964360587002098,0.0020964360587002098,0.0,0.0,0.0
costly,mixed,1.5,both_own,477,A_concede,3,2,pre,0.0,0.0,0.0,0.0,0.0
costly,mixed,1.5,both_own,477,A_concede,4,3,pre,0.0,0.0,0.0,0.0,0.0
costly,mixed,1.5,both_own,477,A_concede,5,4,pre,0.0,0.0,0.0,0.0,0.0
costly,mixed,1.5,both_own,477,A_concede,6,5,pre,0.0020964360587002098,0.0020964360587002098,0.0,0.0,0.0
costly,mixed,1.5,both_own,477,A_concede,7,6,pre,0.0,0.0,0.0,0.0,0.0
costly,mixed,1.5,both_own,477,A_concede,8,7,removed,0.0041928721174004195,0.34591194968553457,0.3417190775681342,0.2991109114602479,0.3843272436760205
costly,mixed,1.5,both_own,477,A_concede,9,8,removed,0.0,0.3731656184486373,0.3731656184486373,0.3297166158601601,0.41661462103711455
costly,mixed,1.5,both_own,477,A_concede,10,9,removed,0.006289308176100629,0.3584905660377358,0.3522012578616352,0.3092903111120881,0.3951122046111823
costly,mixed,1.5,both_own,477,A_concede,11,10,restored,0.0041928721174004195,0.0020964360587002098,-0.0020964360587002098,-0.009218440410185866,0.005025568292785445
costly,mixed,1.5,both_own,477,A_concede,12,11,restored,0.006289308176100629,0.0041928721174004195,-0.0020964360587002098,-0.00620545073375262,0.0020125786163522003
costly,mixed,1.5,both_own,477,A_concede,13,12,restored,0.010482180293501049,0.012578616352201259,0.0020964360587002098,-0.005025568292785446,0.009218440410185866
costly,mixed,1.5,both_own,477,A_concede,14,13,restored,0.014675052410901468,0.012578616352201259,-0.0020964360587002098,-0.009218440410185866,0.005025568292785445
costly,mixed,1.5,both_own,477,A_concede,15,14,restored,0.0,0.0,0.0,0.0,0.0
costly,mixed,1.5,both_own,477,A_concede,16,15,restored,0.012578616352201259,0.006289308176100629,-0.006289308176100629,-0.013391362896377778,0.0008127465441765203
costly,mixed,1.5,both_own,477,A_concede,17,16,restored,0.012578616352201259,0.008385744234800839,-0.0041928721174004195,-0.009997789172483958,0.0016120449376831178
costly,mixed,1.5,both_own,477,A_concede,18,17,restored,0.018867924528301886,0.016771488469601678,-0.0020964360587002098,-0.009218440410185866,0.005025568292785446
costly,mixed,1.5,both_own,477,A_concede,19,18,restored,0.012578616352201259,0.008385744234800839,-0.0041928721174004195,-0.009997789172483958,0.0016120449376831178
costly,mixed,1.5,both_own,477,A_concede,20,19,restored,0.008385744234800839,0.006289308176100629,-0.0020964360587002098,-0.009218440410185866,0.005025568292785445
costly,mixed,1.5,both_own,477,A_concede,21,20,restored,0.008385744234800839,0.0041928721174004195,-0.0041928721174004195,-0.012410901467505243,0.004025157232704404
costly,mixed,1.5,both_own,477,A_concede,22,21,restored,0.0041928721174004195,0.006289308176100629,0.0020964360587002098,-0.0020125786163521994,0.006205450733752619
costly,mixed,1.5,both_own,477,A_concede,23,22,restored,0.008385744234800839,0.006289308176100629,-0.0020964360587002098,-0.009218440410185866,0.005025568292785445
costly,mixed,1.5,both_own,477,A_concede,24,23,restored,0.008385744234800839,0.006289308176100629,-0.0020964360587002098,-0.009218440410185866,0.005025568292785446
costly,mixed,1.5,both_own,477,B_concede,1,0,pre,0.0041928721174004195,0.0041928721174004195,0.0,0.0,0.0
costly,mixed,1.5,both_own,477,B_concede,2,1,pre,0.0,0.0,0.0,0.0,0.0
costly,mixed,1.5,both_own,477,B_concede,3,2,pre,0.0,0.0,0.0,0.0,0.0
costly,mixed,1.5,both_own,477,B_concede,4,3,pre,0.006289308176100629,0.006289308176100629,0.0,0.0,0.0
costly,mixed,1.5,both_own,477,B_concede,5,4,pre,0.0020964360587002098,0.0020964360587002098,0.0,0.0,0.0
costly,mixed,1.5,both_own,477,B_concede,6,5,pre,0.0020964360587002098,0.0020964360587002098,0.0,0.0,0.0
costly,mixed,1.5,both_own,477,B_concede,7,6,pre,0.0020964360587002098,0.0020964360587002098,0.0,0.0,0.0
costly,mixed,1.5,both_own,477,B_concede,8,7,removed,0.008385744234800839,0.17819706498951782,0.16981132075471697,0.1360807011926627,0.20354194031677125
costly,mixed,1.5,both_own,477,B_concede,9,8,removed,0.012578616352201259,0.18029350104821804,0.16771488469601678,0.1341508267009585,0.20127894269107507
costly,mixed,1.5,both_own,477,B_concede,10,9,removed,0.008385744234800839,0.21174004192872117,0.20335429769392033,0.16719567484630196,0.2395129205415387
costly,mixed,1.5,both_own,477,B_concede,11,10,restored,0.014675052410901468,0.018867924528301886,0.0041928721174004195,-0.011193184177606015,0.019578928412406854
costly,mixed,1.5,both_own,477,B_concede,12,11,restored,0.018867924528301886,0.023060796645702306,0.0041928721174004195,-0.005875640721245063,0.014261384956045902
costly,mixed,1.5,both_own,477,B_concede,13,12,restored,0.014675052410901468,0.012578616352201259,-0.0020964360587002098,-0.009218440410185866,0.005025568292785445
costly,mixed,1.5,both_own,477,B_concede,14,13,restored,0.014675052410901468,0.012578616352201259,-0.0020964360587002098,-0.011292189990019009,0.007099317872618589
costly,mixed,1.5,both_own,477,B_concede,15,14,restored,0.010482180293501049,0.010482180293501049,0.0,-0.0082266572048171,0.0082266572048171
costly,mixed,1.5,both_own,477,B_concede,16,15,restored,0.018867924528301886,0.010482180293501049,-0.008385744234800839,-0.021371397566396576,0.004599909096794896
costly,mixed,1.5,both_own,477,B_concede,17,16,restored,0.018867924528301886,0.014675052410901468,-0.0041928721174004195,-0.0142613849560459,0.005875640721245062
costly,mixed,1.5,both_own,477,B_concede,18,17,restored,0.023060796645702306,0.018867924528301886,-0.0041928721174004195,-0.01719490424886118,0.00880916001406034
costly,mixed,1.5,both_own,477,B_concede,19,18,restored,0.020964360587002098,0.023060796645702306,0.0020964360587002098,-0.005025568292785446,0.009218440410185866
costly,mixed,1.5,both_own,477,B_concede,20,19,restored,0.020964360587002098,0.012578616352201259,-0.008385744234800839,-0.01657783550016341,-0.00019365296943826653
costly,mixed,1.5,both_own,477,B_concede,21,20,restored,0.029350104821802937,0.014675052410901468,-0.014675052410901468,-0.029447157186453438,9.705236465050102e-05
costly,mixed,1.5,both_own,477,B_concede,22,21,restored,0.020964360587002098,0.014675052410901468,-0.006289308176100629,-0.01861635220125786,0.0060377358490566035
costly,mixed,1.5,both_own,477,B_concede,23,22,restored,0.016771488469601678,0.014675052410901468,-0.0020964360587002098,-0.012977650823061296,0.008784778705660877
costly,mixed,1.5,both_own,477,B_concede,24,23,restored,0.023060796645702306,0.018867924528301886,-0.0041928721174004195,-0.014261384956045902,0.005875640721245063
costly,mixed,1.5,both_own,477,any_concede,1,0,pre,0.0041928721174004195,0.0041928721174004195,0.0,0.0,0.0
costly,mixed,1.5,both_own,477,any_concede,2,1,pre,0.0020964360587002098,0.0020964360587002098,0.0,0.0,0.0
costly,mixed,1.5,both_own,477,any_concede,3,2,pre,0.0,0.0,0.0,0.0,0.0
costly,mixed,1.5,both_own,477,any_concede,4,3,pre,0.006289308176100629,0.006289308176100629,0.0,0.0,0.0
costly,mixed,1.5,both_own,477,any_concede,5,4,pre,0.0020964360587002098,0.0020964360587002098,0.0,0.0,0.0
costly,mixed,1.5,both_own,477,any_concede,6,5,pre,0.0041928721174004195,0.0041928721174004195,0.0,0.0,0.0
costly,mixed,1.5,both_own,477,any_concede,7,6,pre,0.0020964360587002098,0.0020964360587002098,0.0,0.0,0.0
costly,mixed,1.5,both_own,477,any_concede,8,7,removed,0.012578616352201259,0.5241090146750524,0.5115303983228512,0.4666241173208828,0.5564366793248195
costly,mixed,1.5,both_own,477,any_concede,9,8,removed,0.012578616352201259,0.5534591194968553,0.5408805031446541,0.4961126646177711,0.5856483416715371
costly,mixed,1.5,both_own,477,any_concede,10,9,removed,0.014675052410901468,0.570230607966457,0.5555555555555556,0.510915463307946,0.6001956478031651
costly,mixed,1.5,both_own,477,any_concede,11,10,restored,0.018867924528301886,0.020964360587002098,0.0020964360587002098,-0.014862206477248016,0.019055078594648438
costly,mixed,1.5,both_own,477,any_concede,12,11,restored,0.025157232704402517,0.027253668763102725,0.0020964360587002098,-0.008784778705660877,0.012977650823061296
costly,mixed,1.5,both_own,477,any_concede,13,12,restored,0.025157232704402517,0.025157232704402517,0.0,-0.010075556220296409,0.010075556220296409
costly,mixed,1.5,both_own,477,any_concede,14,13,restored,0.029350104821802937,0.025157232704402517,-0.0041928721174004195,-0.01582102309529684,0.007435278860496001
costly,mixed,1.5,both_own,477,any_concede,15,14,restored,0.010482180293501049,0.010482180293501049,0.0,-0.0082266572048171,0.0082266572048171
costly,mixed,1.5,both_own,477,any_concede,16,15,restored,0.031446540880503145,0.016771488469601678,-0.014675052410901468,-0.029447157186453438,9.705236465050102e-05
costly,mixed,1.5,both_own,477,any_concede,17,16,restored,0.031446540880503145,0.023060796645702306,-0.008385744234800839,-0.019995578344967912,0.003224089875366234
costly,mixed,1.5,both_own,477,any_concede,18,17,restored,0.041928721174004195,0.03563941299790356,-0.006289308176100629,-0.02110935889003996,0.008530742537838702
costly,mixed,1.5,both_own,477,any_concede,19,18,restored,0.033542976939203356,0.031446540880503145,-0.0020964360587002098,-0.011292189990019009,0.007099317872618589
costly,mixed,1.5,both_own,477,any_concede,20,19,restored,0.029350104821802937,0.018867924528301886,-0.010482180293501049,-0.021324206882190118,0.00035984629518802033
costly,mixed,1.5,both_own,477,any_concede,21,20,restored,0.03773584905660377,0.018867924528301886,-0.018867924528301886,-0.035742695914438516,-0.0019931531421652528
costly,mixed,1.5,both_own,477,any_concede,22,21,restored,0.025157232704402517,0.020964360587002098,-0.0041928721174004195,-0.01719490424886118,0.00880916001406034
costly,mixed,1.5,both_own,477,any_concede,23,22,restored,0.025157232704402517,0.020964360587002098,-0.0041928721174004195,-0.01719490424886118,0.00880916001406034
costly,mixed,1.5,both_own,477,any_concede,24,23,restored,0.031446540880503145,0.025157232704402517,-0.006289308176100629,-0.01861635220125786,0.0060377358490566035
costly,mixed,1.5,both_own,477,MN,1,0,pre,0.9958071278825996,0.9958071278825996,0.0,0.0,0.0
costly,mixed,1.5,both_own,477,MN,2,1,pre,0.9979035639412998,0.9979035639412998,0.0,0.0,0.0
costly,mixed,1.5,both_own,477,MN,3,2,pre,1.0,1.0,0.0,0.0,0.0
costly,mixed,1.5,both_own,477,MN,4,3,pre,0.9937106918238994,0.9937106918238994,0.0,0.0,0.0
costly,mixed,1.5,both_own,477,MN,5,4,pre,0.9979035639412998,0.9979035639412998,0.0,0.0,0.0
costly,mixed,1.5,both_own,477,MN,6,5,pre,0.9958071278825996,0.9958071278825996,0.0,0.0,0.0
costly,mixed,1.5,both_own,477,MN,7,6,pre,0.9979035639412998,0.9979035639412998,0.0,0.0,0.0
costly,mixed,1.5,both_own,477,MN,8,7,removed,0.9874213836477987,0.4758909853249476,-0.5115303983228512,-0.5564366793248195,-0.4666241173208828
costly,mixed,1.5,both_own,477,MN,9,8,removed,0.9874213836477987,0.44654088050314467,-0.5408805031446541,-0.5856483416715371,-0.4961126646177711
costly,mixed,1.5,both_own,477,MN,10,9,removed,0.9853249475890985,0.429769392033543,-0.5555555555555556,-0.6001956478031651,-0.510915463307946
costly,mixed,1.5,both_own,477,MN,11,10,restored,0.9811320754716981,0.9790356394129979,-0.0020964360587002098,-0.019055078594648438,0.014862206477248016
costly,mixed,1.5,both_own,477,MN,12,11,restored,0.9748427672955975,0.9727463312368972,-0.0020964360587002098,-0.012977650823061296,0.008784778705660877
costly,mixed,1.5,both_own,477,MN,13,12,restored,0.9748427672955975,0.9748427672955975,0.0,-0.010075556220296409,0.010075556220296409
costly,mixed,1.5,both_own,477,MN,14,13,restored,0.9706498951781971,0.9748427672955975,0.0041928721174004195,-0.007435278860496001,0.01582102309529684
costly,mixed,1.5,both_own,477,MN,15,14,restored,0.989517819706499,0.989517819706499,0.0,-0.0082266572048171,0.0082266572048171
costly,mixed,1.5,both_own,477,MN,16,15,restored,0.9685534591194969,0.9832285115303984,0.014675052410901468,-9.705236465050102e-05,0.029447157186453438
costly,mixed,1.5,both_own,477,MN,17,16,restored,0.9685534591194969,0.9769392033542977,0.008385744234800839,-0.003224089875366234,0.019995578344967912
costly,mixed,1.5,both_own,477,MN,18,17,restored,0.9580712788259959,0.9643605870020965,0.006289308176100629,-0.008530742537838702,0.02110935889003996
costly,mixed,1.5,both_own,477,MN,19,18,restored,0.9664570230607966,0.9685534591194969,0.0020964360587002098,-0.007099317872618589,0.011292189990019009
costly,mixed,1.5,both_own,477,MN,20,19,restored,0.9706498951781971,0.9811320754716981,0.010482180293501049,-0.00035984629518802033,0.021324206882190118
costly,mixed,1.5,both_own,477,MN,21,20,restored,0.9622641509433962,0.9811320754716981,0.018867924528301886,0.0019931531421652528,0.035742695914438516
costly,mixed,1.5,both_own,477,MN,22,21,restored,0.9748427672955975,0.9790356394129979,0.0041928721174004195,-0.00880916001406034,0.01719490424886118
costly,mixed,1.5,both_own,477,MN,23,22,restored,0.9748427672955975,0.9790356394129979,0.0041928721174004195,-0.00880916001406034,0.01719490424886118
costly,mixed,1.5,both_own,477,MN,24,23,restored,0.9685534591194969,0.9748427672955975,0.006289308176100629,-0.0060377358490566035,0.01861635220125786
costly,mixed,1.5,both_own,477,U,1,0,pre,0.9958071278825996,0.9958071278825996,0.0,0.0,0.0
costly,mixed,1.5,both_own,477,U,2,1,pre,0.9979035639412998,0.9979035639412998,0.0,0.0,0.0
costly,mixed,1.5,both_own,477,U,3,2,pre,1.0,1.0,0.0,0.0,0.0
costly,mixed,1.5,both_own,477,U,4,3,pre,0.9937106918238994,0.9937106918238994,0.0,0.0,0.0
costly,mixed,1.5,both_own,477,U,5,4,pre,0.9958071278825996,0.9958071278825996,0.0,0.0,0.0
costly,mixed,1.5,both_own,477,U,6,5,pre,0.9937106918238994,0.9937106918238994,0.0,0.0,0.0
costly,mixed,1.5,both_own,477,U,7,6,pre,0.9916142557651991,0.9916142557651991,0.0,0.0,0.0
costly,mixed,1.5,both_own,477,U,8,7,removed,0.9832285115303984,0.47379454926624737,-0.5094339622641509,-0.5543441924945083,-0.46452373203379355
costly,mixed,1.5,both_own,477,U,9,8,removed,0.9727463312368972,0.350104821802935,-0.6226415094339622,-0.6661875520409937,-0.5790954668269308
costly,mixed,1.5,both_own,477,U,10,9,removed,0.9622641509433962,0.28721174004192873,-0.6750524109014675,-0.7171277864383163,-0.6329770353646187
costly,mixed,1.5,both_own,477,U,11,10,restored,0.9475890985324947,0.37945492662473795,-0.5681341719077568,-0.6130120082062329,-0.5232563356092808
costly,mixed,1.5,both_own,477,U,12,11,restored,0.9308176100628931,0.4192872117400419,-0.5115303983228512,-0.5575531199565844,-0.46550767668911797
costly,mixed,1.5,both_own,477,U,13,12,restored,0.9161425576519916,0.4591194968553459,-0.4570230607966457,-0.5036270870671209,-0.41041903452617046
costly,mixed,1.5,both_own,477,U,14,13,restored,0.9035639412997903,0.5010482180293501,-0.4025157232704403,-0.44881890284205644,-0.3562125436988241
costly,mixed,1.5,both_own,477,U,15,14,restored,0.9140461215932913,0.5429769392033543,-0.3710691823899371,-0.4174825421995979,-0.32465582258027625
costly,mixed,1.5,both_own,477,U,16,15,restored,0.89937106918239,0.570230607966457,-0.32914046121593293,-0.37699050497281333,-0.28129041745905253
costly,mixed,1.5,both_own,477,U,17,16,restored,0.8867924528301887,0.5807127882599581,-0.3060796645702306,-0.35321495893889054,-0.2589443702015707
costly,mixed,1.5,both_own,477,U,18,17,restored,0.8616352201257862,0.5911949685534591,-0.27044025157232704,-0.31663298810158697,-0.2242475150430671
costly,mixed,1.5,both_own,477,U,19,18,restored,0.8511530398322851,0.5953878406708596,-0.2557651991614256,-0.30059796110390297,-0.21093243721894822
costly,mixed,1.5,both_own,477,U,20,19,restored,0.8385744234800838,0.6079664570230608,-0.23060796645702306,-0.27615890196895204,-0.18505703094509407
costly,mixed,1.5,both_own,477,U,21,20,restored,0.8134171907756813,0.6226415094339622,-0.19077568134171907,-0.23868128932528193,-0.1428700733581562
costly,mixed,1.5,both_own,477,U,22,21,restored,0.8155136268343816,0.6310272536687631,-0.18448637316561844,-0.232059859136144,-0.1369128871950929
costly,mixed,1.5,both_own,477,U,23,22,restored,0.8092243186582809,0.6373165618448637,-0.1719077568134172,-0.21950584108613913,-0.12430967254069525
costly,mixed,1.5,both_own,477,U,24,23,restored,0.7966457023060797,0.6415094339622641,-0.15513626834381553,-0.20248779457032318,-0.10778474211730789
costly,mixed,1.5,both_own,477,belief_gap,1,0,pre,0.47155992867743723,0.47155992867743723,0.0,0.0,0.0
costly,mixed,1.5,both_own,477,belief_gap,2,1,pre,0.42616149742782133,0.42616149742782133,0.0,0.0,0.0
costly,mixed,1.5,both_own,477,belief_gap,3,2,pre,0.39490619607805055,0.39490619607805055,0.0,0.0,0.0
costly,mixed,1.5,both_own,477,belief_gap,4,3,pre,0.36535030743572305,0.36535030743572305,0.0,0.0,0.0
costly,mixed,1.5,both_own,477,belief_gap,5,4,pre,0.3453334357457102,0.3453334357457102,0.0,0.0,0.0
costly,mixed,1.5,both_own,477,belief_gap,6,5,pre,0.33066280353236777,0.33066280353236777,0.0,0.0,0.0
costly,mixed,1.5,both_own,477,belief_gap,7,6,pre,0.3176122081090727,0.3176122081090727,0.0,0.0,0.0
costly,mixed,1.5,both_own,477,belief_gap,8,7,removed,0.30492396978225744,0.3055321275777034,0.000608157795445943,-0.0013624008749625522,0.002578716465854438
costly,mixed,1.5,both_own,477,belief_gap,9,8,removed,0.29447450858749097,0.2997783134352832,0.005303804847792255,0.0019287826943083682,0.008678827001276142
costly,mixed,1.5,both_own,477,belief_gap,10,9,removed,0.28710732235298414,0.2961122567118257,0.009004934358841582,0.00556666571647348,0.012443203001209685
costly,mixed,1.5,both_own,477,belief_gap,11,10,restored,0.28058122576485545,0.29394399576961017,0.013362770004754826,0.009792917801641243,0.01693262220786841
costly,mixed,1.5,both_own,477,belief_gap,12,11,restored,0.2786906290042531,0.2935532565731597,0.014862627568906623,0.010992916129386575,0.018732339008426673
costly,mixed,1.5,both_own,477,belief_gap,13,12,restored,0.276300965320143,0.292184749122892,0.015883783802748987,0.012127933895451021,0.019639633710046955
costly,mixed,1.5,both_own,477,belief_gap,14,13,restored,0.27614673787114175,0.2906630745447546,0.014516336673612807,0.010885634441600619,0.018147038905624996
costly,mixed,1.5,both_own,477,belief_gap,15,14,restored,0.2739030099675695,0.288980927235872,0.015077917268302446,0.011247183706235146,0.018908650830369748
costly,mixed,1.5,both_own,477,belief_gap,16,15,restored,0.2715216593723112,0.2858116840871982,0.01429002471488699,0.010583484358462458,0.017996565071311522
costly,mixed,1.5,both_own,477,belief_gap,17,16,restored,0.2688208688951163,0.28350463914971163,0.014683770254595326,0.01104243758662492,0.018325102922565735
costly,mixed,1.5,both_own,477,belief_gap,18,17,restored,0.2628497706032617,0.27910295151453623,0.016253180911274506,0.011950229131058285,0.020556132691490727
costly,mixed,1.5,both_own,477,belief_gap,19,18,restored,0.2598388462315355,0.27678710063988576,0.01694825440835028,0.012246253736141674,0.021650255080558886
costly,mixed,1.5,both_own,477,belief_gap,20,19,restored,0.2522058083106919,0.27048766893490395,0.01828186062421211,0.013400676066419884,0.023163045182004335
costly,mixed,1.5,both_own,477,belief_gap,21,20,restored,0.24680985730882649,0.2630954875997682,0.01628563029094169,0.010775979891253645,0.021795280690629734
costly,mixed,1.5,both_own,477,belief_gap,22,21,restored,0.24040260909218505,0.2569977016815856,0.01659509258940058,0.011151277575413166,0.022038907603387992
costly,mixed,1.5,both_own,477,belief_gap,23,22,restored,0.23439151130773933,0.25179240989595303,0.01740089858821371,0.011698465389773514,0.023103331786653903
costly,mixed,1.5,both_own,477,belief_gap,24,23,restored,0.22945851881842658,0.24613081553964164,0.01667229672121506,0.01161704529770215,0.02172754814472797
mixed,honest,1.5,all,2000,A_concede,1,0,pre,0.083,0.083,0.0,0.0,0.0
mixed,honest,1.5,all,2000,A_concede,2,1,pre,0.142,0.142,0.0,0.0,0.0
mixed,honest,1.5,all,2000,A_concede,3,2,pre,0.1595,0.1595,0.0,0.0,0.0
mixed,honest,1.5,all,2000,A_concede,4,3,pre,0.1565,0.1565,0.0,0.0,0.0
mixed,honest,1.5,all,2000,A_concede,5,4,pre,0.156,0.156,0.0,0.0,0.0
mixed,honest,1.5,all,2000,A_concede,6,5,pre,0.1655,0.1655,0.0,0.0,0.0
mixed,honest,1.5,all,2000,A_concede,7,6,pre,0.169,0.169,0.0,0.0,0.0
mixed,honest,1.5,all,2000,A_concede,8,7,removed,0.1595,0.41,0.2505,0.23150499737134972,0.2694950026286503
mixed,honest,1.5,all,2000,A_concede,9,8,removed,0.164,0.4115,0.2475,0.22858133321355628,0.2664186667864437
mixed,honest,1.5,all,2000,A_concede,10,9,removed,0.1655,0.4205,0.255,0.23589276254238645,0.27410723745761356
mixed,honest,1.5,all,2000,A_concede,11,10,restored,0.1555,0.1545,-0.001,-0.004099497159430972,0.0020994971594309715
mixed,honest,1.5,all,2000,A_concede,12,11,restored,0.1725,0.1705,-0.002,-0.005666693213177205,0.0016666932131772045
mixed,honest,1.5,all,2000,A_concede,13,12,restored,0.1555,0.156,0.0005,-0.0016917850626556518,0.002691785062655652
mixed,honest,1.5,all,2000,A_concede,14,13,restored,0.151,0.15,-0.001,-0.003400700081317993,0.001400700081317993
mixed,honest,1.5,all,2000,A_concede,15,14,restored,0.1605,0.161,0.0005,-0.0032964096411058626,0.004296409641105862
mixed,honest,1.5,all,2000,A_concede,16,15,restored,0.174,0.1715,-0.0025,-0.005749257428539397,0.0007492574285393977
mixed,honest,1.5,all,2000,A_concede,17,16,restored,0.165,0.162,-0.003,-0.00576943092960213,-0.00023056907039786974
mixed,honest,1.5,all,2000,A_concede,18,17,restored,0.1605,0.161,0.0005,-0.0020933921109852756,0.0030933921109852756
mixed,honest,1.5,all,2000,A_concede,19,18,restored,0.166,0.1665,0.0005,-0.0020933921109852756,0.0030933921109852756
mixed,honest,1.5,all,2000,A_concede,20,19,restored,0.162,0.1595,-0.0025,-0.005749257428539397,0.0007492574285393977
mixed,honest,1.5,all,2000,A_concede,21,20,restored,0.1685,0.168,-0.0005,-0.003093392110985275,0.002093392110985275
mixed,honest,1.5,all,2000,A_concede,22,21,restored,0.1665,0.165,-0.0015,-0.005033712178556771,0.0020337121785567714
mixed,honest,1.5,all,2000,A_concede,23,22,restored,0.1605,0.1585,-0.002,-0.0043994990305892805,0.00039949903058928045
mixed,honest,1.5,all,2000,A_concede,24,23,restored,0.167,0.164,-0.003,-0.006665382696957791,0.0006653826969577913
mixed,honest,1.5,all,2000,B_concede,1,0,pre,0.394,0.394,0.0,0.0,0.0
mixed,honest,1.5,all,2000,B_concede,2,1,pre,0.4115,0.4115,0.0,0.0,0.0
mixed,honest,1.5,all,2000,B_concede,3,2,pre,0.4225,0.4225,0.0,0.0,0.0
mixed,honest,1.5,all,2000,B_concede,4,3,pre,0.435,0.435,0.0,0.0,0.0
mixed,honest,1.5,all,2000,B_concede,5,4,pre,0.431,0.431,0.0,0.0,0.0
mixed,honest,1.5,all,2000,B_concede,6,5,pre,0.436,0.436,0.0,0.0,0.0
mixed,honest,1.5,all,2000,B_concede,7,6,pre,0.4365,0.4365,0.0,0.0,0.0
mixed,honest,1.5,all,2000,B_concede,8,7,removed,0.442,0.4425,0.0005,-0.00047999999999999996,0.00148
mixed,honest,1.5,all,2000,B_concede,9,8,removed,0.437,0.437,0.0,0.0,0.0
mixed,honest,1.5,all,2000,B_concede,10,9,removed,0.4435,0.444,0.0005,-0.00047999999999999996,0.00148
mixed,honest,1.5,all,2000,B_concede,11,10,restored,0.4405,0.441,0.0005,-0.00047999999999999996,0.00148
mixed,honest,1.5,all,2000,B_concede,12,11,restored,0.4455,0.446,0.0005,-0.00047999999999999996,0.00148
mixed,honest,1.5,all,2000,B_concede,13,12,restored,0.4355,0.435,-0.0005,-0.00148,0.00047999999999999996
mixed,honest,1.5,all,2000,B_concede,14,13,restored,0.449,0.4485,-0.0005,-0.00148,0.00047999999999999996
mixed,honest,1.5,all,2000,B_concede,15,14,restored,0.4395,0.4395,0.0,0.0,0.0
mixed,honest,1.5,all,2000,B_concede,16,15,restored,0.442,0.4415,-0.0005,-0.00148,0.00047999999999999996
mixed,honest,1.5,all,2000,B_concede,17,16,restored,0.4455,0.4445,-0.001,-0.00296,0.0009599999999999999
mixed,honest,1.5,all,2000,B_concede,18,17,restored,0.4375,0.4375,0.0,0.0,0.0
mixed,honest,1.5,all,2000,B_concede,19,18,restored,0.4465,0.4465,0.0,0.0,0.0
mixed,honest,1.5,all,2000,B_concede,20,19,restored,0.4535,0.4535,0.0,0.0,0.0
mixed,honest,1.5,all,2000,B_concede,21,20,restored,0.451,0.451,0.0,0.0,0.0
mixed,honest,1.5,all,2000,B_concede,22,21,restored,0.4525,0.453,0.0005,-0.00047999999999999996,0.00148
mixed,honest,1.5,all,2000,B_concede,23,22,restored,0.4555,0.4555,0.0,0.0,0.0
mixed,honest,1.5,all,2000,B_concede,24,23,restored,0.45,0.449,-0.001,-0.002385582592110546,0.0003855825921105461
mixed,honest,1.5,all,2000,any_concede,1,0,pre,0.476,0.476,0.0,0.0,0.0
mixed,honest,1.5,all,2000,any_concede,2,1,pre,0.553,0.553,0.0,0.0,0.0
mixed,honest,1.5,all,2000,any_concede,3,2,pre,0.581,0.581,0.0,0.0,0.0
mixed,honest,1.5,all,2000,any_concede,4,3,pre,0.5915,0.5915,0.0,0.0,0.0
mixed,honest,1.5,all,2000,any_concede,5,4,pre,0.587,0.587,0.0,0.0,0.0
mixed,honest,1.5,all,2000,any_concede,6,5,pre,0.6015,0.6015,0.0,0.0,0.0
mixed,honest,1.5,all,2000,any_concede,7,6,pre,0.6055,0.6055,0.0,0.0,0.0
mixed,honest,1.5,all,2000,any_concede,8,7,removed,0.6015,0.8515,0.25,0.2310176354190912,0.2689823645809088
mixed,honest,1.5,all,2000,any_concede,9,8,removed,0.601,0.8485,0.2475,0.22858133321355628,0.2664186667864437
mixed,honest,1.5,all,2000,any_concede,10,9,removed,0.6085,0.8625,0.254,0.23491747032835178,0.2730825296716482
mixed,honest,1.5,all,2000,any_concede,11,10,restored,0.596,0.5955,-0.0005,-0.003751031282870268,0.002751031282870268
mixed,honest,1.5,all,2000,any_concede,12,11,restored,0.618,0.6165,-0.0015,-0.005295903402527606,0.0022959034025276065
mixed,honest,1.5,all,2000,any_concede,13,12,restored,0.591,0.591,0.0,-0.002401100298055177,0.002401100298055177
mixed,honest,1.5,all,2000,any_concede,14,13,restored,0.6,0.5985,-0.0015,-0.004092650982982434,0.0010926509829824339
mixed,honest,1.5,all,2000,any_concede,15,14,restored,0.6,0.6005,0.0005,-0.0032964096411058626,0.004296409641105862
mixed,honest,1.5,all,2000,any_concede,16,15,restored,0.616,0.613,-0.003,-0.006393120898924375,0.00039312089892437445
mixed,honest,1.5,all,2000,any_concede,17,16,restored,0.6105,0.6065,-0.004,-0.007391138025582898,-0.0006088619744171022
mixed,honest,1.5,all,2000,any_concede,18,17,restored,0.598,0.5985,0.0005,-0.0020933921109852756,0.0030933921109852756
mixed,honest,1.5,all,2000,any_concede,19,18,restored,0.6125,0.613,0.0005,-0.0020933921109852756,0.0030933921109852756
mixed,honest,1.5,all,2000,any_concede,20,19,restored,0.6155,0.613,-0.0025,-0.005749257428539397,0.0007492574285393977
mixed,honest,1.5,all,2000,any_concede,21,20,restored,0.6195,0.619,-0.0005,-0.003093392110985275,0.002093392110985275
mixed,honest,1.5,all,2000,any_concede,22,21,restored,0.619,0.618,-0.001,-0.004667479298128498,0.0026674792981284975
mixed,honest,1.5,all,2000,any_concede,23,22,restored,0.616,0.614,-0.002,-0.0043994990305892805,0.00039949903058928045
mixed,honest,1.5,all,2000,any_concede,24,23,restored,0.6165,0.6125,-0.004,-0.007663547186675026,-0.0003364528133249739
mixed,honest,1.5,all,2000,MN,1,0,pre,0.524,0.524,0.0,0.0,0.0
mixed,honest,1.5,all,2000,MN,2,1,pre,0.447,0.447,0.0,0.0,0.0
mixed,honest,1.5,all,2000,MN,3,2,pre,0.419,0.419,0.0,0.0,0.0
mixed,honest,1.5,all,2000,MN,4,3,pre,0.4085,0.4085,0.0,0.0,0.0
mixed,honest,1.5,all,2000,MN,5,4,pre,0.413,0.413,0.0,0.0,0.0
mixed,honest,1.5,all,2000,MN,6,5,pre,0.3985,0.3985,0.0,0.0,0.0
mixed,honest,1.5,all,2000,MN,7,6,pre,0.3945,0.3945,0.0,0.0,0.0
mixed,honest,1.5,all,2000,MN,8,7,removed,0.3985,0.1485,-0.25,-0.2689823645809088,-0.2310176354190912
mixed,honest,1.5,all,2000,MN,9,8,removed,0.399,0.1515,-0.2475,-0.2664186667864437,-0.22858133321355628
mixed,honest,1.5,all,2000,MN,10,9,removed,0.3915,0.1375,-0.254,-0.2730825296716482,-0.23491747032835178
mixed,honest,1.5,all,2000,MN,11,10,restored,0.404,0.4045,0.0005,-0.002751031282870268,0.003751031282870268
mixed,honest,1.5,all,2000,MN,12,11,restored,0.382,0.3835,0.0015,-0.0022959034025276065,0.005295903402527606
mixed,honest,1.5,all,2000,MN,13,12,restored,0.409,0.409,0.0,-0.002401100298055177,0.002401100298055177
mixed,honest,1.5,all,2000,MN,14,13,restored,0.4,0.4015,0.0015,-0.0010926509829824339,0.004092650982982434
mixed,honest,1.5,all,2000,MN,15,14,restored,0.4,0.3995,-0.0005,-0.004296409641105862,0.0032964096411058626
mixed,honest,1.5,all,2000,MN,16,15,restored,0.384,0.387,0.003,-0.00039312089892437445,0.006393120898924375
mixed,honest,1.5,all,2000,MN,17,16,restored,0.3895,0.3935,0.004,0.0006088619744171022,0.007391138025582898
mixed,honest,1.5,all,2000,MN,18,17,restored,0.402,0.4015,-0.0005,-0.0030933921109852756,0.0020933921109852756
mixed,honest,1.5,all,2000,MN,19,18,restored,0.3875,0.387,-0.0005,-0.0030933921109852756,0.0020933921109852756
mixed,honest,1.5,all,2000,MN,20,19,restored,0.3845,0.387,0.0025,-0.0007492574285393977,0.005749257428539397
mixed,honest,1.5,all,2000,MN,21,20,restored,0.3805,0.381,0.0005,-0.002093392110985275,0.003093392110985275
mixed,honest,1.5,all,2000,MN,22,21,restored,0.381,0.382,0.001,-0.0026674792981284975,0.004667479298128498
mixed,honest,1.5,all,2000,MN,23,22,restored,0.384,0.386,0.002,-0.00039949903058928045,0.0043994990305892805
mixed,honest,1.5,all,2000,MN,24,23,restored,0.3835,0.3875,0.004,0.0003364528133249739,0.007663547186675026
mixed,honest,1.5,all,2000,U,1,0,pre,0.525,0.525,0.0,0.0,0.0
mixed,honest,1.5,all,2000,U,2,1,pre,0.379,0.379,0.0,0.0,0.0
mixed,honest,1.5,all,2000,U,3,2,pre,0.2905,0.2905,0.0,0.0,0.0
mixed,honest,1.5,all,2000,U,4,3,pre,0.238,0.238,0.0,0.0,0.0
mixed,honest,1.5,all,2000,U,5,4,pre,0.2105,0.2105,0.0,0.0,0.0
mixed,honest,1.5,all,2000,U,6,5,pre,0.182,0.182,0.0,0.0,0.0
mixed,honest,1.5,all,2000,U,7,6,pre,0.1705,0.1705,0.0,0.0,0.0
mixed,honest,1.5,all,2000,U,8,7,removed,0.1595,0.1,-0.0595,-0.07005389881466062,-0.04894610118533937
mixed,honest,1.5,all,2000,U,9,8,removed,0.152,0.087,-0.065,-0.07580717435358357,-0.054192825646416434
mixed,honest,1.5,all,2000,U,10,9,removed,0.147,0.077,-0.07,-0.08143992639652804,-0.05856007360347197
mixed,honest,1.5,all,2000,U,11,10,restored,0.1455,0.0915,-0.054,-0.06400464860436629,-0.04399535139563371
mixed,honest,1.5,all,2000,U,12,11,restored,0.141,0.0985,-0.0425,-0.05155798976535604,-0.033442010234643965
mixed,honest,1.5,all,2000,U,13,12,restored,0.1395,0.106,-0.0335,-0.04174545790044398,-0.025254542099556024
mixed,honest,1.5,all,2000,U,14,13,restored,0.1365,0.109,-0.0275,-0.03493226844961574,-0.020067731550384257
mixed,honest,1.5,all,2000,U,15,14,restored,0.139,0.1185,-0.0205,-0.027302611378050373,-0.013697388621949629
mixed,honest,1.5,all,2000,U,16,15,restored,0.13,0.116,-0.014,-0.019849361564765654,-0.008150638435234349
mixed,honest,1.5,all,2000,U,17,16,restored,0.1265,0.1155,-0.011,-0.01669538426280005,-0.005304615737199948
mixed,honest,1.5,all,2000,U,18,17,restored,0.1285,0.12,-0.0085,-0.013765613501081464,-0.0032343864989185372
mixed,honest,1.5,all,2000,U,19,18,restored,0.12,0.1125,-0.0075,-0.012947861470090687,-0.0020521385299093137
mixed,honest,1.5,all,2000,U,20,19,restored,0.1205,0.1165,-0.004,-0.009542330368442185,0.0015423303684421845
mixed,honest,1.5,all,2000,U,21,20,restored,0.117,0.112,-0.005,-0.010182336182085458,0.0001823361820854569
mixed,honest,1.5,all,2000,U,22,21,restored,0.118,0.1135,-0.0045,-0.010127622843566785,0.0011276228435667859
mixed,honest,1.5,all,2000,U,23,22,restored,0.1145,0.111,-0.0035,-0.008776551070121258,0.0017765510701212585
mixed,honest,1.5,all,2000,U,24,23,restored,0.1165,0.1145,-0.002,-0.007186228425613484,0.003186228425613484
mixed,honest,1.5,all,2000,belief_gap,1,0,pre,0.17286320060326263,0.17286320060326263,0.0,0.0,0.0
mixed,honest,1.5,all,2000,belief_gap,2,1,pre,0.15635349363682466,0.15635349363682466,0.0,0.0,0.0
mixed,honest,1.5,all,2000,belief_gap,3,2,pre,0.14745648948278017,0.14745648948278017,0.0,0.0,0.0
mixed,honest,1.5,all,2000,belief_gap,4,3,pre,0.1419858361553259,0.1419858361553259,0.0,0.0,0.0
mixed,honest,1.5,all,2000,belief_gap,5,4,pre,0.13764791410893049,0.13764791410893049,0.0,0.0,0.0
mixed,honest,1.5,all,2000,belief_gap,6,5,pre,0.13521173276897075,0.13521173276897075,0.0,0.0,0.0
mixed,honest,1.5,all,2000,belief_gap,7,6,pre,0.1331947278877498,0.1331947278877498,0.0,0.0,0.0
mixed,honest,1.5,all,2000,belief_gap,8,7,removed,0.13095036705877566,0.13090446750377482,-4.589955500087339e-05,-0.00031585723241693293,0.00022405812241518613
mixed,honest,1.5,all,2000,belief_gap,9,8,removed,0.1295917905947758,0.1297409202015952,0.0001491296068193984,-0.00018093855110910703,0.00047919776474790384
mixed,honest,1.5,all,2000,belief_gap,10,9,removed,0.12824176715904934,0.12865272502154074,0.0004109578624913958,-4.010923097075877e-05,0.0008620249559535503
mixed,honest,1.5,all,2000,belief_gap,11,10,restored,0.12731750950744306,0.1282710436677752,0.0009535341603321175,0.0005071248448607855,0.0013999434758034494
mixed,honest,1.5,all,2000,belief_gap,12,11,restored,0.12673013976631897,0.12788531271963471,0.0011551729533157088,0.0007029532024278361,0.0016073927042035815
mixed,honest,1.5,all,2000,belief_gap,13,12,restored,0.12639830420595083,0.12752837419665197,0.001130069990701155,0.0006675776602425071,0.001592562321159803
mixed,honest,1.5,all,2000,belief_gap,14,13,restored,0.12566504595683262,0.12669845420978712,0.0010334082529544766,0.0004332681059678133,0.00163354839994114
mixed,honest,1.5,all,2000,belief_gap,15,14,restored,0.12557068571797833,0.1267800333823728,0.0012093476643944719,0.0005801291722231204,0.0018385661565658235
mixed,honest,1.5,all,2000,belief_gap,16,15,restored,0.12504100442608004,0.12602770349179188,0.0009866990657118628,0.0005150550842013594,0.0014583430472223662
mixed,honest,1.5,all,2000,belief_gap,17,16,restored,0.12438116915377663,0.1252794201192573,0.0008982509654806598,0.0002414183337940075,0.0015550835971673122
mixed,honest,1.5,all,2000,belief_gap,18,17,restored,0.12310431339818799,0.12445465641715589,0.001350343018967903,0.0007105306390370684,0.0019901553988987374
mixed,honest,1.5,all,2000,belief_gap,19,18,restored,0.12204335933218387,0.12334985428609278,0.0013064949539089226,0.0006408734209329513,0.001972116486884894
mixed,honest,1.5,all,2000,belief_gap,20,19,restored,0.12098289160838975,0.12253211926655373,0.0015492276581639919,0.0009203455906624082,0.0021781097256655755
mixed,honest,1.5,all,2000,belief_gap,21,20,restored,0.1206989252304752,0.12203404119466868,0.001335115964193449,0.0007426980635545173,0.0019275338648323808
mixed,honest,1.5,all,2000,belief_gap,22,21,restored,0.11973607224699125,0.1211222751420861,0.001386202895094844,0.0007246633889607787,0.0020477424012289094
mixed,honest,1.5,all,2000,belief_gap,23,22,restored,0.1195293270715542,0.12064005422221097,0.001110727150656769,0.00047802343964372285,0.001743430861669815
mixed,honest,1.5,all,2000,belief_gap,24,23,restored,0.118659541114912,0.11948375590389113,0.000824214788979124,0.00010173100722642527,0.0015466985707318227
mixed,honest,1.5,both_own,477,A_concede,1,0,pre,0.0,0.0,0.0,0.0,0.0
mixed,honest,1.5,both_own,477,A_concede,2,1,pre,0.0,0.0,0.0,0.0,0.0
mixed,honest,1.5,both_own,477,A_concede,3,2,pre,0.0020964360587002098,0.0020964360587002098,0.0,0.0,0.0
mixed,honest,1.5,both_own,477,A_concede,4,3,pre,0.0020964360587002098,0.0020964360587002098,0.0,0.0,0.0
mixed,honest,1.5,both_own,477,A_concede,5,4,pre,0.0020964360587002098,0.0020964360587002098,0.0,0.0,0.0
mixed,honest,1.5,both_own,477,A_concede,6,5,pre,0.006289308176100629,0.006289308176100629,0.0,0.0,0.0
mixed,honest,1.5,both_own,477,A_concede,7,6,pre,0.0041928721174004195,0.0041928721174004195,0.0,0.0,0.0
mixed,honest,1.5,both_own,477,A_concede,8,7,removed,0.010482180293501049,0.15932914046121593,0.1488469601677149,0.11687079289656815,0.18082312743886164
mixed,honest,1.5,both_own,477,A_concede,9,8,removed,0.006289308176100629,0.15932914046121593,0.1530398322851153,0.12069638337570814,0.18538328119452246
mixed,honest,1.5,both_own,477,A_concede,10,9,removed,0.010482180293501049,0.19077568134171907,0.18029350104821804,0.14575751817507304,0.21482948392136303
mixed,honest,1.5,both_own,477,A_concede,11,10,restored,0.012578616352201259,0.010482180293501049,-0.0020964360587002098,-0.014434984560486563,0.010242112443086144
mixed,honest,1.5,both_own,477,A_concede,12,11,restored,0.010482180293501049,0.012578616352201259,0.0020964360587002098,-0.008784778705660877,0.012977650823061296
mixed,honest,1.5,both_own,477,A_concede,13,12,restored,0.0041928721174004195,0.006289308176100629,0.0020964360587002098,-0.005025568292785446,0.009218440410185866
mixed,honest,1.5,both_own,477,A_concede,14,13,restored,0.014675052410901468,0.014675052410901468,0.0,-0.005817125096023341,0.005817125096023341
mixed,honest,1.5,both_own,477,A_concede,15,14,restored,0.006289308176100629,0.008385744234800839,0.0020964360587002098,-0.007099317872618588,0.011292189990019007
mixed,honest,1.5,both_own,477,A_concede,16,15,restored,0.010482180293501049,0.012578616352201259,0.0020964360587002098,-0.0020125786163522003,0.00620545073375262
mixed,honest,1.5,both_own,477,A_concede,17,16,restored,0.016771488469601678,0.014675052410901468,-0.0020964360587002098,-0.006205450733752619,0.0020125786163521994
mixed,honest,1.5,both_own,477,A_concede,18,17,restored,0.020964360587002098,0.025157232704402517,0.0041928721174004195,-0.005875640721245063,0.014261384956045902
mixed,honest,1.5,both_own,477,A_concede,19,18,restored,0.016771488469601678,0.018867924528301886,0.0020964360587002098,-0.007099317872618589,0.011292189990019009
mixed,honest,1.5,both_own,477,A_concede,20,19,restored,0.020964360587002098,0.014675052410901468,-0.006289308176100629,-0.017157475915668324,0.0045788595634670675
mixed,honest,1.5,both_own,477,A_concede,21,20,restored,0.012578616352201259,0.014675052410901468,0.0020964360587002098,-0.0020125786163521994,0.006205450733752619
mixed,honest,1.5,both_own,477,A_concede,22,21,restored,0.012578616352201259,0.008385744234800839,-0.0041928721174004195,-0.01719490424886118,0.00880916001406034
mixed,honest,1.5,both_own,477,A_concede,23,22,restored,0.016771488469601678,0.014675052410901468,-0.0020964360587002098,-0.006205450733752619,0.0020125786163521994
mixed,honest,1.5,both_own,477,A_concede,24,23,restored,0.018867924528301886,0.014675052410901468,-0.0041928721174004195,-0.0142613849560459,0.005875640721245062
mixed,honest,1.5,both_own,477,B_concede,1,0,pre,0.1488469601677149,0.1488469601677149,0.0,0.0,0.0
mixed,honest,1.5,both_own,477,B_concede,2,1,pre,0.1928721174004193,0.1928721174004193,0.0,0.0,0.0
mixed,honest,1.5,both_own,477,B_concede,3,2,pre,0.2222222222222222,0.2222222222222222,0.0,0.0,0.0
mixed,honest,1.5,both_own,477,B_concede,4,3,pre,0.2809224318658281,0.2809224318658281,0.0,0.0,0.0
mixed,honest,1.5,both_own,477,B_concede,5,4,pre,0.26834381551362685,0.26834381551362685,0.0,0.0,0.0
mixed,honest,1.5,both_own,477,B_concede,6,5,pre,0.28721174004192873,0.28721174004192873,0.0,0.0,0.0
mixed,honest,1.5,both_own,477,B_concede,7,6,pre,0.27882599580712786,0.27882599580712786,0.0,0.0,0.0
mixed,honest,1.5,both_own,477,B_concede,8,7,removed,0.31027253668763105,0.31027253668763105,0.0,0.0,0.0
mixed,honest,1.5,both_own,477,B_concede,9,8,removed,0.29350104821802936,0.29350104821802936,0.0,0.0,0.0
mixed,honest,1.5,both_own,477,B_concede,10,9,removed,0.3228511530398323,0.3228511530398323,0.0,0.0,0.0
mixed,honest,1.5,both_own,477,B_concede,11,10,restored,0.29979035639413,0.29979035639413,0.0,0.0,0.0
mixed,honest,1.5,both_own,477,B_concede,12,11,restored,0.33752620545073375,0.33752620545073375,0.0,0.0,0.0
mixed,honest,1.5,both_own,477,B_concede,13,12,restored,0.29559748427672955,0.29559748427672955,0.0,0.0,0.0
mixed,honest,1.5,both_own,477,B_concede,14,13,restored,0.33752620545073375,0.33542976939203356,-0.0020964360587002098,-0.00620545073375262,0.0020125786163522003
mixed,honest,1.5,both_own,477,B_concede,15,14,restored,0.31446540880503143,0.31446540880503143,0.0,0.0,0.0
mixed,honest,1.5,both_own,477,B_concede,16,15,restored,0.3228511530398323,0.32075471698113206,-0.0020964360587002098,-0.00620545073375262,0.0020125786163522003
mixed,honest,1.5,both_own,477,B_concede,17,16,restored,0.32075471698113206,0.32075471698113206,0.0,-0.005817125096023341,0.005817125096023341
mixed,honest,1.5,both_own,477,B_concede,18,17,restored,0.3018867924528302,0.3018867924528302,0.0,0.0,0.0
mixed,honest,1.5,both_own,477,B_concede,19,18,restored,0.33752620545073375,0.33752620545073375,0.0,0.0,0.0
mixed,honest,1.5,both_own,477,B_concede,20,19,restored,0.36477987421383645,0.36477987421383645,0.0,0.0,0.0
mixed,honest,1.5,both_own,477,B_concede,21,20,restored,0.33962264150943394,0.33962264150943394,0.0,0.0,0.0
mixed,honest,1.5,both_own,477,B_concede,22,21,restored,0.35639412997903563,0.35639412997903563,0.0,0.0,0.0
mixed,honest,1.5,both_own,477,B_concede,23,22,restored,0.37945492662473795,0.37945492662473795,0.0,0.0,0.0
mixed,honest,1.5,both_own,477,B_concede,24,23,restored,0.35429769392033544,0.350104821802935,-0.0041928721174004195,-0.009997789172483958,0.0016120449376831186
mixed,honest,1.5,both_own,477,any_concede,1,0,pre,0.1488469601677149,0.1488469601677149,0.0,0.0,0.0
mixed,honest,1.5,both_own,477,any_concede,2,1,pre,0.1928721174004193,0.1928721174004193,0.0,0.0,0.0
mixed,honest,1.5,both_own,477,any_concede,3,2,pre,0.22431865828092243,0.22431865828092243,0.0,0.0,0.0
mixed,honest,1.5,both_own,477,any_concede,4,3,pre,0.2830188679245283,0.2830188679245283,0.0,0.0,0.0
mixed,honest,1.5,both_own,477,any_concede,5,4,pre,0.27044025157232704,0.27044025157232704,0.0,0.0,0.0
mixed,honest,1.5,both_own,477,any_concede,6,5,pre,0.29350104821802936,0.29350104821802936,0.0,0.0,0.0
mixed,honest,1.5,both_own,477,any_concede,7,6,pre,0.2830188679245283,0.2830188679245283,0.0,0.0,0.0
mixed,honest,1.5,both_own,477,any_concede,8,7,removed,0.32075471698113206,0.469601677148847,0.1488469601677149,0.11687079289656815,0.18082312743886164
mixed,honest,1.5,both_own,477,any_concede,9,8,removed,0.29979035639413,0.4528301886792453,0.1530398322851153,0.12069638337570814,0.18538328119452246
mixed,honest,1.5,both_own,477,any_concede,10,9,removed,0.3333333333333333,0.5136268343815513,0.18029350104821804,0.14575751817507304,0.21482948392136303
mixed,honest,1.5,both_own,477,any_concede,11,10,restored,0.31236897274633124,0.31027253668763105,-0.0020964360587002098,-0.014434984560486563,0.010242112443086144
mixed,honest,1.5,both_own,477,any_concede,12,11,restored,0.3480083857442348,0.350104821802935,0.0020964360587002098,-0.008784778705660877,0.012977650823061296
mixed,honest,1.5,both_own,477,any_concede,13,12,restored,0.29979035639413,0.3018867924528302,0.0020964360587002098,-0.005025568292785446,0.009218440410185866
mixed,honest,1.5,both_own,477,any_concede,14,13,restored,0.3522012578616352,0.350104821802935,-0.0020964360587002098,-0.009218440410185866,0.005025568292785446
mixed,honest,1.5,both_own,477,any_concede,15,14,restored,0.32075471698113206,0.3228511530398323,0.0020964360587002098,-0.007099317872618588,0.011292189990019007
mixed,honest,1.5,both_own,477,any_concede,16,15,restored,0.3333333333333333,0.3333333333333333,0.0,-0.005817125096023341,0.005817125096023341
mixed,honest,1.5,both_own,477,any_concede,17,16,restored,0.33752620545073375,0.33542976939203356,-0.0020964360587002098,-0.009218440410185866,0.005025568292785445
mixed,honest,1.5,both_own,477,any_concede,18,17,restored,0.3228511530398323,0.3270440251572327,0.0041928721174004195,-0.005875640721245063,0.014261384956045902
mixed,honest,1.5,both_own,477,any_concede,19,18,restored,0.35429769392033544,0.35639412997903563,0.0020964360587002098,-0.007099317872618589,0.011292189990019009
mixed,honest,1.5,both_own,477,any_concede,20,19,restored,0.3857442348008386,0.37945492662473795,-0.006289308176100629,-0.017157475915668324,0.0045788595634670675
mixed,honest,1.5,both_own,477,any_concede,21,20,restored,0.3522012578616352,0.35429769392033544,0.0020964360587002098,-0.0020125786163521994,0.006205450733752619
mixed,honest,1.5,both_own,477,any_concede,22,21,restored,0.3689727463312369,0.36477987421383645,-0.0041928721174004195,-0.01719490424886118,0.00880916001406034
mixed,honest,1.5,both_own,477,any_concede,23,22,restored,0.39622641509433965,0.3941299790356394,-0.0020964360587002098,-0.006205450733752619,0.0020125786163521994
mixed,honest,1.5,both_own,477,any_concede,24,23,restored,0.3710691823899371,0.36268343815513626,-0.008385744234800839,-0.0184330973032868,0.0016616088336851246
mixed,honest,1.5,both_own,477,MN,1,0,pre,0.8511530398322851,0.8511530398322851,0.0,0.0,0.0
mixed,honest,1.5,both_own,477,MN,2,1,pre,0.8071278825995807,0.8071278825995807,0.0,0.0,0.0
mixed,honest,1.5,both_own,477,MN,3,2,pre,0.7756813417190775,0.7756813417190775,0.0,0.0,0.0
mixed,honest,1.5,both_own,477,MN,4,3,pre,0.7169811320754716,0.7169811320754716,0.0,0.0,0.0
mixed,honest,1.5,both_own,477,MN,5,4,pre,0.7295597484276729,0.7295597484276729,0.0,0.0,0.0
mixed,honest,1.5,both_own,477,MN,6,5,pre,0.7064989517819706,0.7064989517819706,0.0,0.0,0.0
mixed,honest,1.5,both_own,477,MN,7,6,pre,0.7169811320754716,0.7169811320754716,0.0,0.0,0.0
mixed,honest,1.5,both_own,477,MN,8,7,removed,0.6792452830188679,0.5303983228511531,-0.1488469601677149,-0.18082312743886164,-0.11687079289656815
mixed,honest,1.5,both_own,477,MN,9,8,removed,0.70020964360587,0.5471698113207547,-0.1530398322851153,-0.18538328119452246,-0.12069638337570814
mixed,honest,1.5,both_own,477,MN,10,9,removed,0.6666666666666666,0.4863731656184486,-0.18029350104821804,-0.21482948392136303,-0.14575751817507304
mixed,honest,1.5,both_own,477,MN,11,10,restored,0.6876310272536688,0.689727463312369,0.0020964360587002098,-0.010242112443086144,0.014434984560486563
mixed,honest,1.5,both_own,477,MN,12,11,restored,0.6519916142557652,0.649895178197065,-0.0020964360587002098,-0.012977650823061296,0.008784778705660877
mixed,honest,1.5,both_own,477,MN,13,12,restored,0.70020964360587,0.6981132075471698,-0.0020964360587002098,-0.009218440410185866,0.005025568292785446
mixed,honest,1.5,both_own,477,MN,14,13,restored,0.6477987421383647,0.649895178197065,0.0020964360587002098,-0.005025568292785446,0.009218440410185866
mixed,honest,1.5,both_own,477,MN,15,14,restored,0.6792452830188679,0.6771488469601677,-0.0020964360587002098,-0.011292189990019007,0.007099317872618588
mixed,honest,1.5,both_own,477,MN,16,15,restored,0.6666666666666666,0.6666666666666666,0.0,-0.005817125096023341,0.005817125096023341
mixed,honest,1.5,both_own,477,MN,17,16,restored,0.6624737945492662,0.6645702306079665,0.0020964360587002098,-0.005025568292785445,0.009218440410185866
mixed,honest,1.5,both_own,477,MN,18,17,restored,0.6771488469601677,0.6729559748427673,-0.0041928721174004195,-0.014261384956045902,0.005875640721245063
mixed,honest,1.5,both_own,477,MN,19,18,restored,0.6457023060796646,0.6436058700209644,-0.0020964360587002098,-0.011292189990019009,0.007099317872618589
mixed,honest,1.5,both_own,477,MN,20,19,restored,0.6142557651991615,0.6205450733752621,0.006289308176100629,-0.0045788595634670675,0.017157475915668324
mixed,honest,1.5,both_own,477,MN,21,20,restored,0.6477987421383647,0.6457023060796646,-0.0020964360587002098,-0.006205450733752619,0.0020125786163521994
mixed,honest,1.5,both_own,477,MN,22,21,restored,0.6310272536687631,0.6352201257861635,0.0041928721174004195,-0.00880916001406034,0.01719490424886118
mixed,honest,1.5,both_own,477,MN,23,22,restored,0.6037735849056604,0.6058700209643606,0.0020964360587002098,-0.0020125786163521994,0.006205450733752619
mixed,honest,1.5,both_own,477,MN,24,23,restored,0.6289308176100629,0.6373165618448637,0.008385744234800839,-0.0016616088336851246,0.0184330973032868
mixed,honest,1.5,both_own,477,U,1,0,pre,0.8511530398322851,0.8511530398322851,0.0,0.0,0.0
mixed,honest,1.5,both_own,477,U,2,1,pre,0.7337526205450734,0.7337526205450734,0.0,0.0,0.0
mixed,honest,1.5,both_own,477,U,3,2,pre,0.6687631027253669,0.6687631027253669,0.0,0.0,0.0
mixed,honest,1.5,both_own,477,U,4,3,pre,0.6289308176100629,0.6289308176100629,0.0,0.0,0.0
mixed,honest,1.5,both_own,477,U,5,4,pre,0.6163522012578616,0.6163522012578616,0.0,0.0,0.0
mixed,honest,1.5,both_own,477,U,6,5,pre,0.5723270440251572,0.5723270440251572,0.0,0.0,0.0
mixed,honest,1.5,both_own,477,U,7,6,pre,0.5765199161425576,0.5765199161425576,0.0,0.0,0.0
mixed,honest,1.5,both_own,477,U,8,7,removed,0.559748427672956,0.4129979035639413,-0.14675052410901468,-0.1785397857326515,-0.11496126248537784
mixed,honest,1.5,both_own,477,U,9,8,removed,0.5576519916142557,0.36058700209643607,-0.1970649895178197,-0.23280029752889972,-0.16132968150673968
mixed,honest,1.5,both_own,477,U,10,9,removed,0.5450733752620545,0.31236897274633124,-0.23270440251572327,-0.2706652804585164,-0.19474352457293015
mixed,honest,1.5,both_own,477,U,11,10,restored,0.549266247379455,0.36477987421383645,-0.18448637316561844,-0.2193321661903362,-0.1496405801409007
mixed,honest,1.5,both_own,477,U,12,11,restored,0.5345911949685535,0.3920335429769392,-0.14255765199161424,-0.17450052346329917,-0.11061478051992932
mixed,honest,1.5,both_own,477,U,13,12,restored,0.5345911949685535,0.42138364779874216,-0.11320754716981132,-0.14283687625445654,-0.0835782180851661
mixed,honest,1.5,both_own,477,U,14,13,restored,0.5220125786163522,0.4276729559748428,-0.09433962264150944,-0.1218573658156125,-0.06682187946740638
mixed,honest,1.5,both_own,477,U,15,14,restored,0.5471698113207547,0.4758909853249476,-0.07127882599580712,-0.09715572357170012,-0.045401928419914125
mixed,honest,1.5,both_own,477,U,16,15,restored,0.5136268343815513,0.46331236897274636,-0.050314465408805034,-0.07313971566734845,-0.027489215150261623
mixed,honest,1.5,both_own,477,U,17,16,restored,0.4947589098532495,0.4528301886792453,-0.041928721174004195,-0.06414123857080739,-0.019716203777201007
mixed,honest,1.5,both_own,477,U,18,17,restored,0.4968553459119497,0.46540880503144655,-0.031446540880503145,-0.05263250005299388,-0.01026058170801241
mixed,honest,1.5,both_own,477,U,19,18,restored,0.4716981132075472,0.44234800838574423,-0.029350104821802937,-0.05095549732937212,-0.007744712314233751
mixed,honest,1.5,both_own,477,U,20,19,restored,0.469601677148847,0.4528301886792453,-0.016771488469601678,-0.03925067991145765,0.005707702972254293
mixed,honest,1.5,both_own,477,U,21,20,restored,0.45073375262054505,0.4276729559748428,-0.023060796645702306,-0.04352283132463063,-0.0025987619667739784
mixed,honest,1.5,both_own,477,U,22,21,restored,0.45073375262054505,0.43186582809224316,-0.018867924528301886,-0.041707156564731396,0.00397130750812762
mixed,honest,1.5,both_own,477,U,23,22,restored,0.43186582809224316,0.42138364779874216,-0.010482180293501049,-0.03183490809061602,0.010870547503613921
mixed,honest,1.5,both_own,477,U,24,23,restored,0.4381551362683438,0.4339622641509434,-0.0041928721174004195,-0.025163432305669465,0.016777688070868626
mixed,honest,1.5,both_own,477,belief_gap,1,0,pre,0.49651034587928267,0.49651034587928267,0.0,0.0,0.0
mixed,honest,1.5,both_own,477,belief_gap,2,1,pre,0.4560113156649806,0.4560113156649806,0.0,0.0,0.0
mixed,honest,1.5,both_own,477,belief_gap,3,2,pre,0.4264193728578579,0.4264193728578579,0.0,0.0,0.0
mixed,honest,1.5,both_own,477,belief_gap,4,3,pre,0.40709771396412114,0.40709771396412114,0.0,0.0,0.0
mixed,honest,1.5,both_own,477,belief_gap,5,4,pre,0.39154137233223124,0.39154137233223124,0.0,0.0,0.0
mixed,honest,1.5,both_own,477,belief_gap,6,5,pre,0.3833955497463645,0.3833955497463645,0.0,0.0,0.0
mixed,honest,1.5,both_own,477,belief_gap,7,6,pre,0.3759388846372084,0.3759388846372084,0.0,0.0,0.0
mixed,honest,1.5,both_own,477,belief_gap,8,7,removed,0.36737812051607943,0.36726848118743033,-0.00010963932864908501,-0.000848372344690302,0.0006290936873921321
mixed,honest,1.5,both_own,477,belief_gap,9,8,removed,0.3628266818390328,0.36279454094739805,-3.2140891634775365e-05,-0.0007501659379780397,0.0006858841547084889
mixed,honest,1.5,both_own,477,belief_gap,10,9,removed,0.3576032598228091,0.3583326942673667,0.0007294344445575787,-0.000551414162574113,0.0020102830516892703
mixed,honest,1.5,both_own,477,belief_gap,11,10,restored,0.35466991520581326,0.35774384888530725,0.0030739336794939733,0.0017217130637097186,0.004426154295278228
mixed,honest,1.5,both_own,477,belief_gap,12,11,restored,0.3516548390524014,0.35519445097433344,0.003539611921932087,0.0020986116735665127,0.004980612170297661
mixed,honest,1.5,both_own,477,belief_gap,13,12,restored,0.3515784648066681,0.354774332396415,0.003195867589746873,0.0017251900132595908,0.004666545166234155
mixed,honest,1.5,both_own,477,belief_gap,14,13,restored,0.3491132516229598,0.35186369568241976,0.0027504440594599364,0.000594264463703525,0.004906623655216348
mixed,honest,1.5,both_own,477,belief_gap,15,14,restored,0.34973888611467346,0.35272623254654073,0.0029873464318672196,0.0007894408982408348,0.005185251965493604
mixed,honest,1.5,both_own,477,belief_gap,16,15,restored,0.34765067558515084,0.35008521176108676,0.0024345361759358845,0.0011035857576526236,0.0037654865942191454
mixed,honest,1.5,both_own,477,belief_gap,17,16,restored,0.34483585376409565,0.34697205766425815,0.0021362039001625553,-0.000199301277258139,0.00447170907758325
mixed,honest,1.5,both_own,477,belief_gap,18,17,restored,0.33938225668874433,0.3427028464760611,0.0033205897873167913,0.0009728524389104676,0.005668327135723115
mixed,honest,1.5,both_own,477,belief_gap,19,18,restored,0.33524944944023355,0.33812419417973283,0.002874744739499283,0.00048357418042258623,0.005265915298575979
mixed,honest,1.5,both_own,477,belief_gap,20,19,restored,0.33150611364852306,0.3348152974855539,0.003309183837030771,0.0012181069032239623,0.00540026077083758
mixed,honest,1.5,both_own,477,belief_gap,21,20,restored,0.32998764885204473,0.33282941931605475,0.0028417704640099103,0.0009285489950024274,0.0047549919330173935
mixed,honest,1.5,both_own,477,belief_gap,22,21,restored,0.32639937634177807,0.32974058843866194,0.0033412120968838825,0.0012175466676507367,0.005464877526117028
mixed,honest,1.5,both_own,477,belief_gap,23,22,restored,0.3249675840021937,0.32803928121308207,0.0030716972108883627,0.0011306204520630549,0.00501277396971367
mixed,honest,1.5,both_own,477,belief_gap,24,23,restored,0.32157082013094085,0.32372940196201927,0.0021585818310783916,0.0002749853244437817,0.004042178337713001
mixed,attenuated,1.5,all,2000,A_concede,1,0,pre,0.083,0.083,0.0,0.0,0.0
mixed,attenuated,1.5,all,2000,A_concede,2,1,pre,0.138,0.138,0.0,0.0,0.0
mixed,attenuated,1.5,all,2000,A_concede,3,2,pre,0.1555,0.1555,0.0,0.0,0.0
mixed,attenuated,1.5,all,2000,A_concede,4,3,pre,0.1525,0.1525,0.0,0.0,0.0
mixed,attenuated,1.5,all,2000,A_concede,5,4,pre,0.151,0.151,0.0,0.0,0.0
mixed,attenuated,1.5,all,2000,A_concede,6,5,pre,0.1635,0.1635,0.0,0.0,0.0
mixed,attenuated,1.5,all,2000,A_concede,7,6,pre,0.1655,0.1655,0.0,0.0,0.0
mixed,attenuated,1.5,all,2000,A_concede,8,7,removed,0.157,0.4045,0.2475,0.22858133321355628,0.2664186667864437
mixed,attenuated,1.5,all,2000,A_concede,9,8,removed,0.1605,0.409,0.2485,0.22955575231210723,0.26744424768789277
mixed,attenuated,1.5,all,2000,A_concede,10,9,removed,0.162,0.4145,0.2525,0.23345478130402308,0.2715452186959769
mixed,attenuated,1.5,all,2000,A_concede,11,10,restored,0.1545,0.1535,-0.001,-0.005158596657898135,0.003158596657898135
mixed,attenuated,1.5,all,2000,A_concede,12,11,restored,0.1665,0.163,-0.0035,-0.007770033582232896,0.0007700335822328967
mixed,attenuated,1.5,all,2000,A_concede,13,12,restored,0.148,0.1485,0.0005,-0.0020933921109852747,0.0030933921109852747
mixed,attenuated,1.5,all,2000,A_concede,14,13,restored,0.148,0.1465,-0.0015,-0.0044399999999999995,0.0014399999999999999
mixed,attenuated,1.5,all,2000,A_concede,15,14,restored,0.161,0.16,-0.001,-0.00439538562195237,0.0023953856219523693
mixed,attenuated,1.5,all,2000,A_concede,16,15,restored,0.1685,0.167,-0.0015,-0.004092650982982434,0.0010926509829824339
mixed,attenuated,1.5,all,2000,A_concede,17,16,restored,0.16,0.1565,-0.0035,-0.006436729880529634,-0.0005632701194703662
mixed,attenuated,1.5,all,2000,A_concede,18,17,restored,0.155,0.1565,0.0015,-0.0020337121785567714,0.005033712178556771
mixed,attenuated,1.5,all,2000,A_concede,19,18,restored,0.1635,0.1635,0.0,-0.0033956686061277124,0.0033956686061277124
mixed,attenuated,1.5,all,2000,A_concede,20,19,restored,0.1585,0.1555,-0.003,-0.006393120898924375,0.00039312089892437445
mixed,attenuated,1.5,all,2000,A_concede,21,20,restored,0.161,0.1595,-0.0015,-0.003690908085502347,0.000690908085502347
mixed,attenuated,1.5,all,2000,A_concede,22,21,restored,0.165,0.1625,-0.0025,-0.006771383541509629,0.0017713835415096289
mixed,attenuated,1.5,all,2000,A_concede,23,22,restored,0.155,0.1545,-0.0005,-0.002691785062655652,0.0016917850626556518
mixed,attenuated,1.5,all,2000,A_concede,24,23,restored,0.1595,0.1585,-0.001,-0.004667479298128498,0.0026674792981284975
mixed,attenuated,1.5,all,2000,B_concede,1,0,pre,0.3655,0.3655,0.0,0.0,0.0
mixed,attenuated,1.5,all,2000,B_concede,2,1,pre,0.373,0.373,0.0,0.0,0.0
mixed,attenuated,1.5,all,2000,B_concede,3,2,pre,0.3765,0.3765,0.0,0.0,0.0
mixed,attenuated,1.5,all,2000,B_concede,4,3,pre,0.3735,0.3735,0.0,0.0,0.0
mixed,attenuated,1.5,all,2000,B_concede,5,4,pre,0.3685,0.3685,0.0,0.0,0.0
mixed,attenuated,1.5,all,2000,B_concede,6,5,pre,0.369,0.369,0.0,0.0,0.0
mixed,attenuated,1.5,all,2000,B_concede,7,6,pre,0.373,0.373,0.0,0.0,0.0
mixed,attenuated,1.5,all,2000,B_concede,8,7,removed,0.3725,0.373,0.0005,-0.00047999999999999996,0.00148
mixed,attenuated,1.5,all,2000,B_concede,9,8,removed,0.376,0.375,-0.001,-0.00296,0.0009599999999999999
mixed,attenuated,1.5,all,2000,B_concede,10,9,removed,0.374,0.373,-0.001,-0.002385582592110546,0.0003855825921105461
mixed,attenuated,1.5,all,2000,B_concede,11,10,restored,0.3735,0.3735,0.0,0.0,0.0
mixed,attenuated,1.5,all,2000,B_concede,12,11,restored,0.372,0.3725,0.0005,-0.00047999999999999996,0.00148
mixed,attenuated,1.5,all,2000,B_concede,13,12,restored,0.3695,0.3695,0.0,0.0,0.0
mixed,attenuated,1.5,all,2000,B_concede,14,13,restored,0.378,0.378,0.0,-0.001386275903433447,0.001386275903433447
mixed,attenuated,1.5,all,2000,B_concede,15,14,restored,0.368,0.368,0.0,0.0,0.0
mixed,attenuated,1.5,all,2000,B_concede,16,15,restored,0.3685,0.368,-0.0005,-0.00148,0.00047999999999999996
mixed,attenuated,1.5,all,2000,B_concede,17,16,restored,0.374,0.374,0.0,-0.001386275903433447,0.001386275903433447
mixed,attenuated,1.5,all,2000,B_concede,18,17,restored,0.37,0.37,0.0,-0.001386275903433447,0.001386275903433447
mixed,attenuated,1.5,all,2000,B_concede,19,18,restored,0.3715,0.3705,-0.001,-0.002385582592110546,0.0003855825921105461
mixed,attenuated,1.5,all,2000,B_concede,20,19,restored,0.3715,0.3715,0.0,0.0,0.0
mixed,attenuated,1.5,all,2000,B_concede,21,20,restored,0.378,0.378,0.0,-0.001386275903433447,0.001386275903433447
mixed,attenuated,1.5,all,2000,B_concede,22,21,restored,0.372,0.3725,0.0005,-0.0004800000000000002,0.0014800000000000002
mixed,attenuated,1.5,all,2000,B_concede,23,22,restored,0.372,0.3725,0.0005,-0.00047999999999999996,0.00148
mixed,attenuated,1.5,all,2000,B_concede,24,23,restored,0.3745,0.375,0.0005,-0.0011976928109761846,0.002197692810976185
mixed,attenuated,1.5,all,2000,any_concede,1,0,pre,0.4455,0.4455,0.0,0.0,0.0
mixed,attenuated,1.5,all,2000,any_concede,2,1,pre,0.5085,0.5085,0.0,0.0,0.0
mixed,attenuated,1.5,all,2000,any_concede,3,2,pre,0.53,0.53,0.0,0.0,0.0
mixed,attenuated,1.5,all,2000,any_concede,4,3,pre,0.524,0.524,0.0,0.0,0.0
mixed,attenuated,1.5,all,2000,any_concede,5,4,pre,0.519,0.519,0.0,0.0,0.0
mixed,attenuated,1.5,all,2000,any_concede,6,5,pre,0.5315,0.5315,0.0,0.0,0.0
mixed,attenuated,1.5,all,2000,any_concede,7,6,pre,0.538,0.538,0.0,0.0,0.0
mixed,attenuated,1.5,all,2000,any_concede,8,7,removed,0.5265,0.7725,0.246,0.2271199604039723,0.2648800395960277
mixed,attenuated,1.5,all,2000,any_concede,9,8,removed,0.5355,0.7815,0.246,0.22706913483149768,0.2649308651685023
mixed,attenuated,1.5,all,2000,any_concede,10,9,removed,0.5345,0.784,0.2495,0.2305303072132886,0.2684696927867114
mixed,attenuated,1.5,all,2000,any_concede,11,10,restored,0.5265,0.525,-0.0015,-0.005541119092746573,0.0025411190927465727
mixed,attenuated,1.5,all,2000,any_concede,12,11,restored,0.5385,0.5355,-0.003,-0.007381816171004693,0.0013818161710046932
mixed,attenuated,1.5,all,2000,any_concede,13,12,restored,0.517,0.5175,0.0005,-0.0020933921109852747,0.0030933921109852747
mixed,attenuated,1.5,all,2000,any_concede,14,13,restored,0.524,0.5225,-0.0015,-0.004750440105653421,0.0017504401056534207
mixed,attenuated,1.5,all,2000,any_concede,15,14,restored,0.528,0.527,-0.001,-0.00439538562195237,0.0023953856219523693
mixed,attenuated,1.5,all,2000,any_concede,16,15,restored,0.537,0.535,-0.002,-0.0047711651842210915,0.0007711651842210914
mixed,attenuated,1.5,all,2000,any_concede,17,16,restored,0.5335,0.5305,-0.003,-0.006097016072653989,9.701607265398841e-05
mixed,attenuated,1.5,all,2000,any_concede,18,17,restored,0.5245,0.5265,0.002,-0.001666693213177204,0.005666693213177204
mixed,attenuated,1.5,all,2000,any_concede,19,18,restored,0.535,0.534,-0.001,-0.004667479298128498,0.0026674792981284975
mixed,attenuated,1.5,all,2000,any_concede,20,19,restored,0.5295,0.5265,-0.003,-0.006393120898924375,0.00039312089892437445
mixed,attenuated,1.5,all,2000,any_concede,21,20,restored,0.538,0.5365,-0.0015,-0.003690908085502347,0.000690908085502347
mixed,attenuated,1.5,all,2000,any_concede,22,21,restored,0.536,0.534,-0.002,-0.00638291247469995,0.0023829124746999495
mixed,attenuated,1.5,all,2000,any_concede,23,22,restored,0.526,0.526,0.0,-0.002401100298055177,0.002401100298055177
mixed,attenuated,1.5,all,2000,any_concede,24,23,restored,0.5335,0.5325,-0.001,-0.004920735298721569,0.002920735298721569
mixed,attenuated,1.5,all,2000,MN,1,0,pre,0.5545,0.5545,0.0,0.0,0.0
mixed,attenuated,1.5,all,2000,MN,2,1,pre,0.4915,0.4915,0.0,0.0,0.0
mixed,attenuated,1.5,all,2000,MN,3,2,pre,0.47,0.47,0.0,0.0,0.0
mixed,attenuated,1.5,all,2000,MN,4,3,pre,0.476,0.476,0.0,0.0,0.0
mixed,attenuated,1.5,all,2000,MN,5,4,pre,0.481,0.481,0.0,0.0,0.0
mixed,attenuated,1.5,all,2000,MN,6,5,pre,0.4685,0.4685,0.0,0.0,0.0
mixed,attenuated,1.5,all,2000,MN,7,6,pre,0.462,0.462,0.0,0.0,0.0
mixed,attenuated,1.5,all,2000,MN,8,7,removed,0.4735,0.2275,-0.246,-0.2648800395960277,-0.2271199604039723
mixed,attenuated,1.5,all,2000,MN,9,8,removed,0.4645,0.2185,-0.246,-0.2649308651685023,-0.22706913483149768
mixed,attenuated,1.5,all,2000,MN,10,9,removed,0.4655,0.216,-0.2495,-0.2684696927867114,-0.2305303072132886
mixed,attenuated,1.5,all,2000,MN,11,10,restored,0.4735,0.475,0.0015,-0.0025411190927465727,0.005541119092746573
mixed,attenuated,1.5,all,2000,MN,12,11,restored,0.4615,0.4645,0.003,-0.0013818161710046932,0.007381816171004693
mixed,attenuated,1.5,all,2000,MN,13,12,restored,0.483,0.4825,-0.0005,-0.0030933921109852747,0.0020933921109852747
mixed,attenuated,1.5,all,2000,MN,14,13,restored,0.476,0.4775,0.0015,-0.0017504401056534207,0.004750440105653421
mixed,attenuated,1.5,all,2000,MN,15,14,restored,0.472,0.473,0.001,-0.0023953856219523693,0.00439538562195237
mixed,attenuated,1.5,all,2000,MN,16,15,restored,0.463,0.465,0.002,-0.0007711651842210914,0.0047711651842210915
mixed,attenuated,1.5,all,2000,MN,17,16,restored,0.4665,0.4695,0.003,-9.701607265398841e-05,0.006097016072653989
mixed,attenuated,1.5,all,2000,MN,18,17,restored,0.4755,0.4735,-0.002,-0.005666693213177204,0.001666693213177204
mixed,attenuated,1.5,all,2000,MN,19,18,restored,0.465,0.466,0.001,-0.0026674792981284975,0.004667479298128498
mixed,attenuated,1.5,all,2000,MN,20,19,restored,0.4705,0.4735,0.003,-0.00039312089892437445,0.006393120898924375
mixed,attenuated,1.5,all,2000,MN,21,20,restored,0.462,0.4635,0.0015,-0.000690908085502347,0.003690908085502347
mixed,attenuated,1.5,all,2000,MN,22,21,restored,0.464,0.466,0.002,-0.0023829124746999495,0.00638291247469995
mixed,attenuated,1.5,all,2000,MN,23,22,restored,0.474,0.474,0.0,-0.002401100298055177,0.002401100298055177
mixed,attenuated,1.5,all,2000,MN,24,23,restored,0.4665,0.4675,0.001,-0.002920735298721569,0.004920735298721569
mixed,attenuated,1.5,all,2000,U,1,0,pre,0.5575,0.5575,0.0,0.0,0.0
mixed,attenuated,1.5,all,2000,U,2,1,pre,0.4365,0.4365,0.0,0.0,0.0
mixed,attenuated,1.5,all,2000,U,3,2,pre,0.363,0.363,0.0,0.0,0.0
mixed,attenuated,1.5,all,2000,U,4,3,pre,0.324,0.324,0.0,0.0,0.0
mixed,attenuated,1.5,all,2000,U,5,4,pre,0.3,0.3,0.0,0.0,0.0
mixed,attenuated,1.5,all,2000,U,6,5,pre,0.2795,0.2795,0.0,0.0,0.0
mixed,attenuated,1.5,all,2000,U,7,6,pre,0.2685,0.2685,0.0,0.0,0.0
mixed,attenuated,1.5,all,2000,U,8,7,removed,0.259,0.198,-0.061,-0.0717629839780637,-0.050237016021936295
mixed,attenuated,1.5,all,2000,U,9,8,removed,0.2495,0.177,-0.0725,-0.08420100216758644,-0.06079899783241354
mixed,attenuated,1.5,all,2000,U,10,9,removed,0.245,0.1605,-0.0845,-0.09700415869990446,-0.07199584130009555
mixed,attenuated,1.5,all,2000,U,11,10,restored,0.238,0.175,-0.063,-0.07409289281186236,-0.05190710718813764
mixed,attenuated,1.5,all,2000,U,12,11,restored,0.2365,0.189,-0.0475,-0.057423620010714764,-0.03757637998928524
mixed,attenuated,1.5,all,2000,U,13,12,restored,0.2375,0.2,-0.0375,-0.04649411596884488,-0.028505884031155115
mixed,attenuated,1.5,all,2000,U,14,13,restored,0.238,0.208,-0.03,-0.03844377455077598,-0.021556225449224017
mixed,attenuated,1.5,all,2000,U,15,14,restored,0.235,0.213,-0.022,-0.02978242994879838,-0.014217570051201618
mixed,attenuated,1.5,all,2000,U,16,15,restored,0.2335,0.2185,-0.015,-0.021615746673809843,-0.008384253326190156
mixed,attenuated,1.5,all,2000,U,17,16,restored,0.2295,0.216,-0.0135,-0.019748668428438518,-0.007251331571561484
mixed,attenuated,1.5,all,2000,U,18,17,restored,0.229,0.2185,-0.0105,-0.01691139491783155,-0.004088605082168453
mixed,attenuated,1.5,all,2000,U,19,18,restored,0.2195,0.212,-0.0075,-0.014067459231725782,-0.0009325407682742176
mixed,attenuated,1.5,all,2000,U,20,19,restored,0.218,0.2135,-0.0045,-0.010924869124864397,0.0019248691248643984
mixed,attenuated,1.5,all,2000,U,21,20,restored,0.2245,0.2175,-0.007,-0.01303483971992816,-0.0009651602800718403
mixed,attenuated,1.5,all,2000,U,22,21,restored,0.2235,0.2185,-0.005,-0.011644731463958048,0.0016447314639580464
mixed,attenuated,1.5,all,2000,U,23,22,restored,0.219,0.2135,-0.0055,-0.011616878607750115,0.0006168786077501145
mixed,attenuated,1.5,all,2000,U,24,23,restored,0.2195,0.215,-0.0045,-0.010459333908274913,0.0014593339082749138
mixed,attenuated,1.5,all,2000,belief_gap,1,0,pre,0.22413727982894646,0.22413727982894646,0.0,0.0,0.0
mixed,attenuated,1.5,all,2000,belief_gap,2,1,pre,0.21110933313736005,0.21110933313736005,0.0,0.0,0.0
mixed,attenuated,1.5,all,2000,belief_gap,3,2,pre,0.20430926504840163,0.20430926504840163,0.0,0.0,0.0
mixed,attenuated,1.5,all,2000,belief_gap,4,3,pre,0.19955111183939458,0.19955111183939458,0.0,0.0,0.0
mixed,attenuated,1.5,all,2000,belief_gap,5,4,pre,0.1956820529554646,0.1956820529554646,0.0,0.0,0.0
mixed,attenuated,1.5,all,2000,belief_gap,6,5,pre,0.19269067183696842,0.19269067183696842,0.0,0.0,0.0
mixed,attenuated,1.5,all,2000,belief_gap,7,6,pre,0.1907478312951196,0.1907478312951196,0.0,0.0,0.0
mixed,attenuated,1.5,all,2000,belief_gap,8,7,removed,0.188325133959599,0.1887524495710757,0.00042731561147672304,0.0002000823638974102,0.0006545488590560359
mixed,attenuated,1.5,all,2000,belief_gap,9,8,removed,0.18640080776449025,0.18747090426487523,0.0010700965003849654,0.0006189891894704085,0.0015212038112995224
mixed,attenuated,1.5,all,2000,belief_gap,10,9,removed,0.18395018542765815,0.1860776723210505,0.0021274868933923636,0.00154814623198852,0.0027068275547962074
mixed,attenuated,1.5,all,2000,belief_gap,11,10,restored,0.18253563094887762,0.18473869388284772,0.002203062933970096,0.0016062898908617675,0.0027998359770784248
mixed,attenuated,1.5,all,2000,belief_gap,12,11,restored,0.18195517708999379,0.1841581977624848,0.0022030206724910073,0.001538452554999542,0.0028675887899824726
mixed,attenuated,1.5,all,2000,belief_gap,13,12,restored,0.18151475243169174,0.18373574853299646,0.0022209961013047196,0.0015156442097303785,0.002926347992879061
mixed,attenuated,1.5,all,2000,belief_gap,14,13,restored,0.18145460356822168,0.18338209380937281,0.0019274902411511052,0.0013148923026111443,0.002540088179691066
mixed,attenuated,1.5,all,2000,belief_gap,15,14,restored,0.18128328188284665,0.18298231431571998,0.0016990324328733362,0.0011965632653433596,0.002201501600403313
mixed,attenuated,1.5,all,2000,belief_gap,16,15,restored,0.18038790917402758,0.18225936600590945,0.0018714568318818985,0.0013605251154816182,0.002382388548282179
mixed,attenuated,1.5,all,2000,belief_gap,17,16,restored,0.1794149777783503,0.18146456085005422,0.0020495830717039247,0.0015118895125770164,0.002587276630830833
mixed,attenuated,1.5,all,2000,belief_gap,18,17,restored,0.1782109447545124,0.18021041434069263,0.0019994695861802318,0.001401882026007272,0.0025970571463531916
mixed,attenuated,1.5,all,2000,belief_gap,19,18,restored,0.17698208584811315,0.1789776630611068,0.0019955772129936367,0.0012699453956650768,0.0027212090303221966
mixed,attenuated,1.5,all,2000,belief_gap,20,19,restored,0.17563656408805187,0.17755642407183117,0.0019198599837792884,0.0011534334780417673,0.0026862864895168094
mixed,attenuated,1.5,all,2000,belief_gap,21,20,restored,0.17407119924622144,0.17579336246810157,0.001722163221880108,0.0009974799399296388,0.002446846503830577
mixed,attenuated,1.5,all,2000,belief_gap,22,21,restored,0.17265027091939134,0.17426290658127613,0.0016126356618847907,0.0008694536156300734,0.002355817708139508
mixed,attenuated,1.5,all,2000,belief_gap,23,22,restored,0.17148812149222695,0.17303402443022006,0.001545902937993104,0.0009067687661498781,0.00218503710983633
mixed,attenuated,1.5,all,2000,belief_gap,24,23,restored,0.17055500249476943,0.17201491063938773,0.0014599081446182661,0.0008662636631034537,0.0020535526261330787
mixed,attenuated,1.5,both_own,477,A_concede,1,0,pre,0.0,0.0,0.0,0.0,0.0
mixed,attenuated,1.5,both_own,477,A_concede,2,1,pre,0.0,0.0,0.0,0.0,0.0
mixed,attenuated,1.5,both_own,477,A_concede,3,2,pre,0.0041928721174004195,0.0041928721174004195,0.0,0.0,0.0
mixed,attenuated,1.5,both_own,477,A_concede,4,3,pre,0.0020964360587002098,0.0020964360587002098,0.0,0.0,0.0
mixed,attenuated,1.5,both_own,477,A_concede,5,4,pre,0.0041928721174004195,0.0041928721174004195,0.0,0.0,0.0
mixed,attenuated,1.5,both_own,477,A_concede,6,5,pre,0.012578616352201259,0.012578616352201259,0.0,0.0,0.0
mixed,attenuated,1.5,both_own,477,A_concede,7,6,pre,0.006289308176100629,0.006289308176100629,0.0,0.0,0.0
mixed,attenuated,1.5,both_own,477,A_concede,8,7,removed,0.012578616352201259,0.18867924528301888,0.1761006289308176,0.14188140670450022,0.21031985115713497
mixed,attenuated,1.5,both_own,477,A_concede,9,8,removed,0.006289308176100629,0.20754716981132076,0.20125786163522014,0.16523880614756215,0.23727691712287813
mixed,attenuated,1.5,both_own,477,A_concede,10,9,removed,0.010482180293501049,0.23270440251572327,0.2222222222222222,0.18487364145785362,0.2595708029865908
mixed,attenuated,1.5,both_own,477,A_concede,11,10,restored,0.020964360587002098,0.016771488469601678,-0.0041928721174004195,-0.018436880820371735,0.010051136585570896
mixed,attenuated,1.5,both_own,477,A_concede,12,11,restored,0.014675052410901468,0.010482180293501049,-0.0041928721174004195,-0.01719490424886118,0.008809160014060341
mixed,attenuated,1.5,both_own,477,A_concede,13,12,restored,0.012578616352201259,0.012578616352201259,0.0,-0.010075556220296409,0.010075556220296409
mixed,attenuated,1.5,both_own,477,A_concede,14,13,restored,0.018867924528301886,0.014675052410901468,-0.0041928721174004195,-0.0142613849560459,0.005875640721245062
mixed,attenuated,1.5,both_own,477,A_concede,15,14,restored,0.012578616352201259,0.014675052410901468,0.0020964360587002098,-0.007099317872618588,0.011292189990019007
mixed,attenuated,1.5,both_own,477,A_concede,16,15,restored,0.018867924528301886,0.023060796645702306,0.0041928721174004195,-0.0016120449376831178,0.009997789172483958
mixed,attenuated,1.5,both_own,477,A_concede,17,16,restored,0.020964360587002098,0.016771488469601678,-0.0041928721174004195,-0.009997789172483958,0.0016120449376831186
mixed,attenuated,1.5,both_own,477,A_concede,18,17,restored,0.033542976939203356,0.03773584905660377,0.0041928721174004195,-0.00880916001406034,0.01719490424886118
mixed,attenuated,1.5,both_own,477,A_concede,19,18,restored,0.027253668763102725,0.029350104821802937,0.0020964360587002098,-0.008784778705660877,0.012977650823061296
mixed,attenuated,1.5,both_own,477,A_concede,20,19,restored,0.023060796645702306,0.014675052410901468,-0.008385744234800839,-0.019995578344967912,0.003224089875366234
mixed,attenuated,1.5,both_own,477,A_concede,21,20,restored,0.008385744234800839,0.010482180293501049,0.0020964360587002098,-0.0020125786163521994,0.006205450733752619
mixed,attenuated,1.5,both_own,477,A_concede,22,21,restored,0.018867924528301886,0.012578616352201259,-0.006289308176100629,-0.022210138793455937,0.00963152244125468
mixed,attenuated,1.5,both_own,477,A_concede,23,22,restored,0.023060796645702306,0.023060796645702306,0.0,-0.005817125096023341,0.005817125096023341
mixed,attenuated,1.5,both_own,477,A_concede,24,23,restored,0.018867924528301886,0.014675052410901468,-0.0041928721174004195,-0.0142613849560459,0.005875640721245062
mixed,attenuated,1.5,both_own,477,B_concede,1,0,pre,0.0041928721174004195,0.0041928721174004195,0.0,0.0,0.0
mixed,attenuated,1.5,both_own,477,B_concede,2,1,pre,0.0,0.0,0.0,0.0,0.0
mixed,attenuated,1.5,both_own,477,B_concede,3,2,pre,0.0041928721174004195,0.0041928721174004195,0.0,0.0,0.0
mixed,attenuated,1.5,both_own,477,B_concede,4,3,pre,0.0041928721174004195,0.0041928721174004195,0.0,0.0,0.0
mixed,attenuated,1.5,both_own,477,B_concede,5,4,pre,0.0041928721174004195,0.0041928721174004195,0.0,0.0,0.0
mixed,attenuated,1.5,both_own,477,B_concede,6,5,pre,0.006289308176100629,0.006289308176100629,0.0,0.0,0.0
mixed,attenuated,1.5,both_own,477,B_concede,7,6,pre,0.0020964360587002098,0.0020964360587002098,0.0,0.0,0.0
mixed,attenuated,1.5,both_own,477,B_concede,8,7,removed,0.0041928721174004195,0.0041928721174004195,0.0,0.0,0.0
mixed,attenuated,1.5,both_own,477,B_concede,9,8,removed,0.010482180293501049,0.012578616352201259,0.0020964360587002098,-0.0020125786163522003,0.00620545073375262
mixed,attenuated,1.5,both_own,477,B_concede,10,9,removed,0.016771488469601678,0.016771488469601678,0.0,0.0,0.0
mixed,attenuated,1.5,both_own,477,B_concede,11,10,restored,0.016771488469601678,0.016771488469601678,0.0,0.0,0.0
mixed,attenuated,1.5,both_own,477,B_concede,12,11,restored,0.014675052410901468,0.014675052410901468,0.0,0.0,0.0
mixed,attenuated,1.5,both_own,477,B_concede,13,12,restored,0.008385744234800839,0.008385744234800839,0.0,0.0,0.0
mixed,attenuated,1.5,both_own,477,B_concede,14,13,restored,0.020964360587002098,0.020964360587002098,0.0,-0.005817125096023341,0.005817125096023341
mixed,attenuated,1.5,both_own,477,B_concede,15,14,restored,0.014675052410901468,0.014675052410901468,0.0,0.0,0.0
mixed,attenuated,1.5,both_own,477,B_concede,16,15,restored,0.012578616352201259,0.010482180293501049,-0.0020964360587002098,-0.006205450733752619,0.0020125786163521994
mixed,attenuated,1.5,both_own,477,B_concede,17,16,restored,0.020964360587002098,0.023060796645702306,0.0020964360587002098,-0.0020125786163521994,0.006205450733752619
mixed,attenuated,1.5,both_own,477,B_concede,18,17,restored,0.014675052410901468,0.016771488469601678,0.0020964360587002098,-0.0020125786163521994,0.006205450733752619
mixed,attenuated,1.5,both_own,477,B_concede,19,18,restored,0.027253668763102725,0.025157232704402517,-0.0020964360587002098,-0.00620545073375262,0.0020125786163522003
mixed,attenuated,1.5,both_own,477,B_concede,20,19,restored,0.020964360587002098,0.020964360587002098,0.0,0.0,0.0
mixed,attenuated,1.5,both_own,477,B_concede,21,20,restored,0.018867924528301886,0.018867924528301886,0.0,0.0,0.0
mixed,attenuated,1.5,both_own,477,B_concede,22,21,restored,0.016771488469601678,0.016771488469601678,0.0,0.0,0.0
mixed,attenuated,1.5,both_own,477,B_concede,23,22,restored,0.023060796645702306,0.025157232704402517,0.0020964360587002098,-0.0020125786163522003,0.00620545073375262
mixed,attenuated,1.5,both_own,477,B_concede,24,23,restored,0.03563941299790356,0.03563941299790356,0.0,0.0,0.0
mixed,attenuated,1.5,both_own,477,any_concede,1,0,pre,0.0041928721174004195,0.0041928721174004195,0.0,0.0,0.0
mixed,attenuated,1.5,both_own,477,any_concede,2,1,pre,0.0,0.0,0.0,0.0,0.0
mixed,attenuated,1.5,both_own,477,any_concede,3,2,pre,0.008385744234800839,0.008385744234800839,0.0,0.0,0.0
mixed,attenuated,1.5,both_own,477,any_concede,4,3,pre,0.006289308176100629,0.006289308176100629,0.0,0.0,0.0
mixed,attenuated,1.5,both_own,477,any_concede,5,4,pre,0.008385744234800839,0.008385744234800839,0.0,0.0,0.0
mixed,attenuated,1.5,both_own,477,any_concede,6,5,pre,0.018867924528301886,0.018867924528301886,0.0,0.0,0.0
mixed,attenuated,1.5,both_own,477,any_concede,7,6,pre,0.008385744234800839,0.008385744234800839,0.0,0.0,0.0
mixed,attenuated,1.5,both_own,477,any_concede,8,7,removed,0.016771488469601678,0.1928721174004193,0.1761006289308176,0.14188140670450022,0.21031985115713497
mixed,attenuated,1.5,both_own,477,any_concede,9,8,removed,0.016771488469601678,0.22012578616352202,0.20335429769392033,0.16719567484630196,0.2395129205415387
mixed,attenuated,1.5,both_own,477,any_concede,10,9,removed,0.027253668763102725,0.24947589098532494,0.2222222222222222,0.18487364145785362,0.2595708029865908
mixed,attenuated,1.5,both_own,477,any_concede,11,10,restored,0.03773584905660377,0.033542976939203356,-0.0041928721174004195,-0.018436880820371735,0.010051136585570896
mixed,attenuated,1.5,both_own,477,any_concede,12,11,restored,0.029350104821802937,0.025157232704402517,-0.0041928721174004195,-0.01719490424886118,0.008809160014060341
mixed,attenuated,1.5,both_own,477,any_concede,13,12,restored,0.020964360587002098,0.020964360587002098,0.0,-0.010075556220296409,0.010075556220296409
mixed,attenuated,1.5,both_own,477,any_concede,14,13,restored,0.039832285115303984,0.03563941299790356,-0.0041928721174004195,-0.01582102309529684,0.007435278860496001
mixed,attenuated,1.5,both_own,477,any_concede,15,14,restored,0.027253668763102725,0.029350104821802937,0.0020964360587002098,-0.007099317872618588,0.011292189990019007
mixed,attenuated,1.5,both_own,477,any_concede,16,15,restored,0.031446540880503145,0.033542976939203356,0.0020964360587002098,-0.005025568292785445,0.009218440410185866
mixed,attenuated,1.5,both_own,477,any_concede,17,16,restored,0.041928721174004195,0.039832285115303984,-0.0020964360587002098,-0.009218440410185866,0.005025568292785445
mixed,attenuated,1.5,both_own,477,any_concede,18,17,restored,0.04821802935010482,0.05450733752620545,0.006289308176100629,-0.007341354272252685,0.019919970624453942
mixed,attenuated,1.5,both_own,477,any_concede,19,18,restored,0.05450733752620545,0.05450733752620545,0.0,-0.011634250192046681,0.011634250192046681
mixed,attenuated,1.5,both_own,477,any_concede,20,19,restored,0.0440251572327044,0.03563941299790356,-0.008385744234800839,-0.019995578344967912,0.003224089875366234
mixed,attenuated,1.5,both_own,477,any_concede,21,20,restored,0.027253668763102725,0.029350104821802937,0.0020964360587002098,-0.0020125786163521994,0.006205450733752619
mixed,attenuated,1.5,both_own,477,any_concede,22,21,restored,0.03563941299790356,0.029350104821802937,-0.006289308176100629,-0.022210138793455937,0.00963152244125468
mixed,attenuated,1.5,both_own,477,any_concede,23,22,restored,0.04612159329140461,0.04821802935010482,0.0020964360587002098,-0.005025568292785446,0.009218440410185866
mixed,attenuated,1.5,both_own,477,any_concede,24,23,restored,0.05450733752620545,0.050314465408805034,-0.0041928721174004195,-0.0142613849560459,0.005875640721245062
mixed,attenuated,1.5,both_own,477,MN,1,0,pre,0.9958071278825996,0.9958071278825996,0.0,0.0,0.0
mixed,attenuated,1.5,both_own,477,MN,2,1,pre,1.0,1.0,0.0,0.0,0.0
mixed,attenuated,1.5,both_own,477,MN,3,2,pre,0.9916142557651991,0.9916142557651991,0.0,0.0,0.0
mixed,attenuated,1.5,both_own,477,MN,4,3,pre,0.9937106918238994,0.9937106918238994,0.0,0.0,0.0
mixed,attenuated,1.5,both_own,477,MN,5,4,pre,0.9916142557651991,0.9916142557651991,0.0,0.0,0.0
mixed,attenuated,1.5,both_own,477,MN,6,5,pre,0.9811320754716981,0.9811320754716981,0.0,0.0,0.0
mixed,attenuated,1.5,both_own,477,MN,7,6,pre,0.9916142557651991,0.9916142557651991,0.0,0.0,0.0
mixed,attenuated,1.5,both_own,477,MN,8,7,removed,0.9832285115303984,0.8071278825995807,-0.1761006289308176,-0.21031985115713497,-0.14188140670450022
mixed,attenuated,1.5,both_own,477,MN,9,8,removed,0.9832285115303984,0.779874213836478,-0.20335429769392033,-0.2395129205415387,-0.16719567484630196
mixed,attenuated,1.5,both_own,477,MN,10,9,removed,0.9727463312368972,0.750524109014675,-0.2222222222222222,-0.2595708029865908,-0.18487364145785362
mixed,attenuated,1.5,both_own,477,MN,11,10,restored,0.9622641509433962,0.9664570230607966,0.0041928721174004195,-0.010051136585570896,0.018436880820371735
mixed,attenuated,1.5,both_own,477,MN,12,11,restored,0.9706498951781971,0.9748427672955975,0.0041928721174004195,-0.008809160014060341,0.01719490424886118
mixed,attenuated,1.5,both_own,477,MN,13,12,restored,0.9790356394129979,0.9790356394129979,0.0,-0.010075556220296409,0.010075556220296409
mixed,attenuated,1.5,both_own,477,MN,14,13,restored,0.960167714884696,0.9643605870020965,0.0041928721174004195,-0.007435278860496001,0.01582102309529684
mixed,attenuated,1.5,both_own,477,MN,15,14,restored,0.9727463312368972,0.9706498951781971,-0.0020964360587002098,-0.011292189990019007,0.007099317872618588
mixed,attenuated,1.5,both_own,477,MN,16,15,restored,0.9685534591194969,0.9664570230607966,-0.0020964360587002098,-0.009218440410185866,0.005025568292785445
mixed,attenuated,1.5,both_own,477,MN,17,16,restored,0.9580712788259959,0.960167714884696,0.0020964360587002098,-0.005025568292785445,0.009218440410185866
mixed,attenuated,1.5,both_own,477,MN,18,17,restored,0.9517819706498952,0.9454926624737946,-0.006289308176100629,-0.019919970624453942,0.007341354272252685
mixed,attenuated,1.5,both_own,477,MN,19,18,restored,0.9454926624737946,0.9454926624737946,0.0,-0.011634250192046681,0.011634250192046681
mixed,attenuated,1.5,both_own,477,MN,20,19,restored,0.9559748427672956,0.9643605870020965,0.008385744234800839,-0.003224089875366234,0.019995578344967912
mixed,attenuated,1.5,both_own,477,MN,21,20,restored,0.9727463312368972,0.9706498951781971,-0.0020964360587002098,-0.006205450733752619,0.0020125786163521994
mixed,attenuated,1.5,both_own,477,MN,22,21,restored,0.9643605870020965,0.9706498951781971,0.006289308176100629,-0.00963152244125468,0.022210138793455937
mixed,attenuated,1.5,both_own,477,MN,23,22,restored,0.9538784067085954,0.9517819706498952,-0.0020964360587002098,-0.009218440410185866,0.005025568292785446
mixed,attenuated,1.5,both_own,477,MN,24,23,restored,0.9454926624737946,0.949685534591195,0.0041928721174004195,-0.005875640721245062,0.0142613849560459
mixed,attenuated,1.5,both_own,477,U,1,0,pre,0.9958071278825996,0.9958071278825996,0.0,0.0,0.0
mixed,attenuated,1.5,both_own,477,U,2,1,pre,0.9979035639412998,0.9979035639412998,0.0,0.0,0.0
mixed,attenuated,1.5,both_own,477,U,3,2,pre,0.9916142557651991,0.9916142557651991,0.0,0.0,0.0
mixed,attenuated,1.5,both_own,477,U,4,3,pre,0.989517819706499,0.989517819706499,0.0,0.0,0.0
mixed,attenuated,1.5,both_own,477,U,5,4,pre,0.9874213836477987,0.9874213836477987,0.0,0.0,0.0
mixed,attenuated,1.5,both_own,477,U,6,5,pre,0.9748427672955975,0.9748427672955975,0.0,0.0,0.0
mixed,attenuated,1.5,both_own,477,U,7,6,pre,0.9769392033542977,0.9769392033542977,0.0,0.0,0.0
mixed,attenuated,1.5,both_own,477,U,8,7,removed,0.9727463312368972,0.7987421383647799,-0.1740041928721174,-0.20806236790219304,-0.13994601784204178
mixed,attenuated,1.5,both_own,477,U,9,8,removed,0.9622641509433962,0.7127882599580713,-0.24947589098532494,-0.2883489940667841,-0.2106027879038658
mixed,attenuated,1.5,both_own,477,U,10,9,removed,0.9475890985324947,0.6477987421383647,-0.29979035639413,-0.3409503660615024,-0.25863034672675755
mixed,attenuated,1.5,both_own,477,U,11,10,restored,0.9287211740041929,0.70020964360587,-0.22851153039832284,-0.26711819120799085,-0.18990486958865485
mixed,attenuated,1.5,both_own,477,U,12,11,restored,0.9224318658280922,0.750524109014675,-0.1719077568134172,-0.20774416622245798,-0.1360713474043764
mixed,attenuated,1.5,both_own,477,U,13,12,restored,0.9266247379454927,0.7966457023060797,-0.129979035639413,-0.16338101145024186,-0.09657705982858412
mixed,attenuated,1.5,both_own,477,U,14,13,restored,0.9224318658280922,0.8176100628930818,-0.10482180293501048,-0.1368843774673428,-0.07275922840267815
mixed,attenuated,1.5,both_own,477,U,15,14,restored,0.9266247379454927,0.8427672955974843,-0.08385744234800839,-0.1142642909276757,-0.05345059376834108
mixed,attenuated,1.5,both_own,477,U,16,15,restored,0.9287211740041929,0.8721174004192872,-0.05660377358490566,-0.08309300239505094,-0.03011454477476038
mixed,attenuated,1.5,both_own,477,U,17,16,restored,0.909853249475891,0.8553459119496856,-0.05450733752620545,-0.08005730362670455,-0.02895737142570635
mixed,attenuated,1.5,both_own,477,U,18,17,restored,0.89937106918239,0.859538784067086,-0.039832285115303984,-0.06592622073798941,-0.013738349492618557
mixed,attenuated,1.5,both_own,477,U,19,18,restored,0.8742138364779874,0.8406708595387841,-0.033542976939203356,-0.05938283793354815,-0.007703115944858566
mixed,attenuated,1.5,both_own,477,U,20,19,restored,0.8721174004192872,0.8532494758909853,-0.018867924528301886,-0.04515147911910619,0.007415630062502423
mixed,attenuated,1.5,both_own,477,U,21,20,restored,0.8930817610062893,0.8616352201257862,-0.031446540880503145,-0.05490632986520627,-0.007986751895800018
mixed,attenuated,1.5,both_own,477,U,22,21,restored,0.8846960167714885,0.8616352201257862,-0.023060796645702306,-0.049317346652585206,0.0031957533611805915
mixed,attenuated,1.5,both_own,477,U,23,22,restored,0.8679245283018868,0.8469601677148847,-0.020964360587002098,-0.045572366189457994,0.0036436450154538023
mixed,attenuated,1.5,both_own,477,U,24,23,restored,0.859538784067086,0.8427672955974843,-0.016771488469601678,-0.039991156689935824,0.006448179750732468
mixed,attenuated,1.5,both_own,477,belief_gap,1,0,pre,0.5958543129993761,0.5958543129993761,0.0,0.0,0.0
mixed,attenuated,1.5,both_own,477,belief_gap,2,1,pre,0.5584026432681417,0.5584026432681417,0.0,0.0,0.0
mixed,attenuated,1.5,both_own,477,belief_gap,3,2,pre,0.5358482029897267,0.5358482029897267,0.0,0.0,0.0
mixed,attenuated,1.5,both_own,477,belief_gap,4,3,pre,0.5184591315308056,0.5184591315308056,0.0,0.0,0.0
mixed,attenuated,1.5,both_own,477,belief_gap,5,4,pre,0.504572137697012,0.504572137697012,0.0,0.0,0.0
mixed,attenuated,1.5,both_own,477,belief_gap,6,5,pre,0.49326311434334347,0.49326311434334347,0.0,0.0,0.0
mixed,attenuated,1.5,both_own,477,belief_gap,7,6,pre,0.48652434058757427,0.48652434058757427,0.0,0.0,0.0
mixed,attenuated,1.5,both_own,477,belief_gap,8,7,removed,0.4770675554627909,0.4777509699171408,0.0006834144543499405,-0.00013029520141765653,0.0014971241101175376
mixed,attenuated,1.5,both_own,477,belief_gap,9,8,removed,0.4694096274892349,0.47218595849824885,0.002776331009013908,0.0010871723217256769,0.004465489696302139
mixed,attenuated,1.5,both_own,477,belief_gap,10,9,removed,0.46099646489616164,0.46645727708426205,0.005460812188100479,0.0032715716654295336,0.007650052710771425
mixed,attenuated,1.5,both_own,477,belief_gap,11,10,restored,0.45479682803449173,0.46161130674162193,0.006814478707130172,0.004548999699588748,0.009079957714671596
mixed,attenuated,1.5,both_own,477,belief_gap,12,11,restored,0.4522701823992713,0.45978060936086784,0.007510426961596616,0.004927019303253543,0.01009383461993969
mixed,attenuated,1.5,both_own,477,belief_gap,13,12,restored,0.4508115514203664,0.4586126113814295,0.007801059961063208,0.005066920302199367,0.01053519961992705
mixed,attenuated,1.5,both_own,477,belief_gap,14,13,restored,0.45093224415835725,0.4572633166628043,0.006331072504447039,0.003984236600378338,0.00867790840851574
mixed,attenuated,1.5,both_own,477,belief_gap,15,14,restored,0.45026754696006366,0.4555720597904065,0.0053045128303427745,0.0034375293531688435,0.007171496307516706
mixed,attenuated,1.5,both_own,477,belief_gap,16,15,restored,0.4466584663751847,0.45272444886045216,0.006065982485267451,0.004235025408746904,0.007896939561787998
mixed,attenuated,1.5,both_own,477,belief_gap,17,16,restored,0.4428957241809213,0.44955734458901686,0.006661620408095523,0.004653333861033532,0.008669906955157514
mixed,attenuated,1.5,both_own,477,belief_gap,18,17,restored,0.4376855705847707,0.44460911705972717,0.00692354647495642,0.004803102264559283,0.009043990685353557
mixed,attenuated,1.5,both_own,477,belief_gap,19,18,restored,0.4324539673583008,0.4395033901651793,0.00704942280687859,0.004316040202414818,0.009782805411342362
mixed,attenuated,1.5,both_own,477,belief_gap,20,19,restored,0.4268607223366546,0.4337930069111418,0.0069322845744871865,0.004006985299770914,0.009857583849203459
mixed,attenuated,1.5,both_own,477,belief_gap,21,20,restored,0.42050866433474476,0.4263888673517111,0.005880203016966443,0.003146164071907882,0.008614241962025003
mixed,attenuated,1.5,both_own,477,belief_gap,22,21,restored,0.4143939253382389,0.42028883760717073,0.005894912268931881,0.00321133904672817,0.00857848549113559
mixed,attenuated,1.5,both_own,477,belief_gap,23,22,restored,0.409600980518036,0.41520913031047835,0.005608149792442322,0.0033059766722976364,0.007910322912587007
mixed,attenuated,1.5,both_own,477,belief_gap,24,23,restored,0.4060614325096673,0.4114026569111056,0.005341224401438256,0.003306011638570793,0.00737643716430572
mixed,costly,1.5,all,2000,A_concede,1,0,pre,0.083,0.083,0.0,0.0,0.0
mixed,costly,1.5,all,2000,A_concede,2,1,pre,0.144,0.144,0.0,0.0,0.0
mixed,costly,1.5,all,2000,A_concede,3,2,pre,0.16,0.16,0.0,0.0,0.0
mixed,costly,1.5,all,2000,A_concede,4,3,pre,0.158,0.158,0.0,0.0,0.0
mixed,costly,1.5,all,2000,A_concede,5,4,pre,0.1555,0.1555,0.0,0.0,0.0
mixed,costly,1.5,all,2000,A_concede,6,5,pre,0.1655,0.1655,0.0,0.0,0.0
mixed,costly,1.5,all,2000,A_concede,7,6,pre,0.171,0.171,0.0,0.0,0.0
mixed,costly,1.5,all,2000,A_concede,8,7,removed,0.1595,0.4115,0.252,0.23296728503551162,0.2710327149644884
mixed,costly,1.5,all,2000,A_concede,9,8,removed,0.1645,0.413,0.2485,0.22950509854353884,0.26749490145646115
mixed,costly,1.5,all,2000,A_concede,10,9,removed,0.165,0.421,0.256,0.23686818711328783,0.2751318128867122
mixed,costly,1.5,all,2000,A_concede,11,10,restored,0.1565,0.155,-0.0015,-0.004750440105653421,0.0017504401056534207
mixed,costly,1.5,all,2000,A_concede,12,11,restored,0.1725,0.1715,-0.001,-0.004920735298721569,0.002920735298721569
mixed,costly,1.5,all,2000,A_concede,13,12,restored,0.1565,0.1565,0.0,-0.002772551806866894,0.002772551806866894
mixed,costly,1.5,all,2000,A_concede,14,13,restored,0.1515,0.151,-0.0005,-0.0034406535875143277,0.0024406535875143276
mixed,costly,1.5,all,2000,A_concede,15,14,restored,0.162,0.1615,-0.0005,-0.004541594616425769,0.0035415946164257697
mixed,costly,1.5,all,2000,A_concede,16,15,restored,0.1755,0.172,-0.0035,-0.007030991950157354,3.099195015735445e-05
mixed,costly,1.5,all,2000,A_concede,17,16,restored,0.165,0.163,-0.002,-0.005098566984701047,0.0010985669847010469
mixed,costly,1.5,all,2000,A_concede,18,17,restored,0.1615,0.163,0.0015,-0.0017504401056534216,0.004750440105653422
mixed,costly,1.5,all,2000,A_concede,19,18,restored,0.166,0.1665,0.0005,-0.0020933921109852756,0.0030933921109852756
mixed,costly,1.5,all,2000,A_concede,20,19,restored,0.1635,0.161,-0.0025,-0.005749257428539397,0.0007492574285393977
mixed,costly,1.5,all,2000,A_concede,21,20,restored,0.1675,0.168,0.0005,-0.0024406535875143276,0.0034406535875143277
mixed,costly,1.5,all,2000,A_concede,22,21,restored,0.1675,0.166,-0.0015,-0.005295903402527608,0.0022959034025276073
mixed,costly,1.5,all,2000,A_concede,23,22,restored,0.162,0.1605,-0.0015,-0.004092650982982434,0.0010926509829824339
mixed,costly,1.5,all,2000,A_concede,24,23,restored,0.168,0.1645,-0.0035,-0.007030991950157354,3.099195015735445e-05
mixed,costly,1.5,all,2000,B_concede,1,0,pre,0.0105,0.0105,0.0,0.0,0.0
mixed,costly,1.5,all,2000,B_concede,2,1,pre,0.014,0.014,0.0,0.0,0.0
mixed,costly,1.5,all,2000,B_concede,3,2,pre,0.0095,0.0095,0.0,0.0,0.0
mixed,costly,1.5,all,2000,B_concede,4,3,pre,0.007,0.007,0.0,0.0,0.0
mixed,costly,1.5,all,2000,B_concede,5,4,pre,0.006,0.006,0.0,0.0,0.0
mixed,costly,1.5,all,2000,B_concede,6,5,pre,0.0085,0.0085,0.0,0.0,0.0
mixed,costly,1.5,all,2000,B_concede,7,6,pre,0.0125,0.0125,0.0,0.0,0.0
mixed,costly,1.5,all,2000,B_concede,8,7,removed,0.0115,0.4575,0.446,0.4242092596412446,0.4677907403587554
mixed,costly,1.5,all,2000,B_concede,9,8,removed,0.0055,0.4585,0.453,0.43117810617006025,0.4748218938299398
mixed,costly,1.5,all,2000,B_concede,10,9,removed,0.0125,0.4585,0.446,0.4242092596412446,0.4677907403587554
mixed,costly,1.5,all,2000,B_concede,11,10,restored,0.011,0.013,0.002,-0.0007711651842210914,0.0047711651842210915
mixed,costly,1.5,all,2000,B_concede,12,11,restored,0.009,0.0105,0.0015,-0.000690908085502347,0.003690908085502347
mixed,costly,1.5,all,2000,B_concede,13,12,restored,0.0065,0.0075,0.001,-0.001400700081317993,0.003400700081317993
mixed,costly,1.5,all,2000,B_concede,14,13,restored,0.012,0.01,-0.002,-0.0047711651842210915,0.0007711651842210914
mixed,costly,1.5,all,2000,B_concede,15,14,restored,0.011,0.0095,-0.0015,-0.0044399999999999995,0.0014399999999999999
mixed,costly,1.5,all,2000,B_concede,16,15,restored,0.016,0.019,0.003,0.00023056907039786974,0.00576943092960213
mixed,costly,1.5,all,2000,B_concede,17,16,restored,0.011,0.01,-0.001,-0.0037722052162277664,0.0017722052162277664
mixed,costly,1.5,all,2000,B_concede,18,17,restored,0.0095,0.0065,-0.003,-0.00576943092960213,-0.00023056907039787017
mixed,costly,1.5,all,2000,B_concede,19,18,restored,0.0065,0.004,-0.0025,-0.004689153077241927,-0.0003108469227580731
mixed,costly,1.5,all,2000,B_concede,20,19,restored,0.01,0.0075,-0.0025,-0.004689153077241927,-0.0003108469227580731
mixed,costly,1.5,all,2000,B_concede,21,20,restored,0.0135,0.0115,-0.002,-0.0043994990305892805,0.00039949903058928045
mixed,costly,1.5,all,2000,B_concede,22,21,restored,0.012,0.0085,-0.0035,-0.006436729880529634,-0.0005632701194703662
mixed,costly,1.5,all,2000,B_concede,23,22,restored,0.012,0.01,-0.002,-0.0047711651842210915,0.0007711651842210914
mixed,costly,1.5,all,2000,B_concede,24,23,restored,0.0115,0.0105,-0.001,-0.003400700081317993,0.001400700081317993
mixed,costly,1.5,all,2000,any_concede,1,0,pre,0.0935,0.0935,0.0,0.0,0.0
mixed,costly,1.5,all,2000,any_concede,2,1,pre,0.158,0.158,0.0,0.0,0.0
mixed,costly,1.5,all,2000,any_concede,3,2,pre,0.1695,0.1695,0.0,0.0,0.0
mixed,costly,1.5,all,2000,any_concede,4,3,pre,0.165,0.165,0.0,0.0,0.0
mixed,costly,1.5,all,2000,any_concede,5,4,pre,0.1615,0.1615,0.0,0.0,0.0
mixed,costly,1.5,all,2000,any_concede,6,5,pre,0.174,0.174,0.0,0.0,0.0
mixed,costly,1.5,all,2000,any_concede,7,6,pre,0.1835,0.1835,0.0,0.0,0.0
mixed,costly,1.5,all,2000,any_concede,8,7,removed,0.171,0.867,0.696,0.6758353315393715,0.7161646684606284
mixed,costly,1.5,all,2000,any_concede,9,8,removed,0.17,0.871,0.701,0.6809301430304202,0.7210698569695797
mixed,costly,1.5,all,2000,any_concede,10,9,removed,0.1775,0.8775,0.7,0.6799109536091817,0.7200890463908182
mixed,costly,1.5,all,2000,any_concede,11,10,restored,0.1675,0.168,0.0005,-0.003772733074270142,0.004772733074270142
mixed,costly,1.5,all,2000,any_concede,12,11,restored,0.1815,0.182,0.0005,-0.003991993856229347,0.004991993856229348
mixed,costly,1.5,all,2000,any_concede,13,12,restored,0.163,0.164,0.001,-0.0026674792981284975,0.004667479298128498
mixed,costly,1.5,all,2000,any_concede,14,13,restored,0.1635,0.161,-0.0025,-0.006540167877482211,0.0015401678774822117
mixed,costly,1.5,all,2000,any_concede,15,14,restored,0.173,0.171,-0.002,-0.006997519825093352,0.002997519825093352
mixed,costly,1.5,all,2000,any_concede,16,15,restored,0.1915,0.191,-0.0005,-0.004772733074270142,0.003772733074270142
mixed,costly,1.5,all,2000,any_concede,17,16,restored,0.176,0.173,-0.003,-0.007156747776331638,0.0011567477763316375
mixed,costly,1.5,all,2000,any_concede,18,17,restored,0.171,0.1695,-0.0015,-0.005772283277382377,0.0027722832773823774
mixed,costly,1.5,all,2000,any_concede,19,18,restored,0.1725,0.1705,-0.002,-0.005394536527881171,0.0013945365278811707
mixed,costly,1.5,all,2000,any_concede,20,19,restored,0.1735,0.1685,-0.005,-0.00891484904198243,-0.001085150958017569
mixed,costly,1.5,all,2000,any_concede,21,20,restored,0.181,0.1795,-0.0015,-0.005295903402527606,0.0022959034025276065
mixed,costly,1.5,all,2000,any_concede,22,21,restored,0.1795,0.1745,-0.005,-0.009797195695744717,-0.00020280430425528417
mixed,costly,1.5,all,2000,any_concede,23,22,restored,0.174,0.1705,-0.0035,-0.007293371196246982,0.0002933711962469824
mixed,costly,1.5,all,2000,any_concede,24,23,restored,0.1795,0.175,-0.0045,-0.008768232972361418,-0.0002317670276385823
mixed,costly,1.5,all,2000,MN,1,0,pre,0.9065,0.9065,0.0,0.0,0.0
mixed,costly,1.5,all,2000,MN,2,1,pre,0.842,0.842,0.0,0.0,0.0
mixed,costly,1.5,all,2000,MN,3,2,pre,0.8305,0.8305,0.0,0.0,0.0
mixed,costly,1.5,all,2000,MN,4,3,pre,0.835,0.835,0.0,0.0,0.0
mixed,costly,1.5,all,2000,MN,5,4,pre,0.8385,0.8385,0.0,0.0,0.0
mixed,costly,1.5,all,2000,MN,6,5,pre,0.826,0.826,0.0,0.0,0.0
mixed,costly,1.5,all,2000,MN,7,6,pre,0.8165,0.8165,0.0,0.0,0.0
mixed,costly,1.5,all,2000,MN,8,7,removed,0.829,0.133,-0.696,-0.7161646684606284,-0.6758353315393715
mixed,costly,1.5,all,2000,MN,9,8,removed,0.83,0.129,-0.701,-0.7210698569695797,-0.6809301430304202
mixed,costly,1.5,all,2000,MN,10,9,removed,0.8225,0.1225,-0.7,-0.7200890463908182,-0.6799109536091817
mixed,costly,1.5,all,2000,MN,11,10,restored,0.8325,0.832,-0.0005,-0.004772733074270142,0.003772733074270142
mixed,costly,1.5,all,2000,MN,12,11,restored,0.8185,0.818,-0.0005,-0.004991993856229348,0.003991993856229347
mixed,costly,1.5,all,2000,MN,13,12,restored,0.837,0.836,-0.001,-0.004667479298128498,0.0026674792981284975
mixed,costly,1.5,all,2000,MN,14,13,restored,0.8365,0.839,0.0025,-0.0015401678774822117,0.006540167877482211
mixed,costly,1.5,all,2000,MN,15,14,restored,0.827,0.829,0.002,-0.002997519825093352,0.006997519825093352
mixed,costly,1.5,all,2000,MN,16,15,restored,0.8085,0.809,0.0005,-0.003772733074270142,0.004772733074270142
mixed,costly,1.5,all,2000,MN,17,16,restored,0.824,0.827,0.003,-0.0011567477763316375,0.007156747776331638
mixed,costly,1.5,all,2000,MN,18,17,restored,0.829,0.8305,0.0015,-0.0027722832773823774,0.005772283277382377
mixed,costly,1.5,all,2000,MN,19,18,restored,0.8275,0.8295,0.002,-0.0013945365278811707,0.005394536527881171
mixed,costly,1.5,all,2000,MN,20,19,restored,0.8265,0.8315,0.005,0.001085150958017569,0.00891484904198243
mixed,costly,1.5,all,2000,MN,21,20,restored,0.819,0.8205,0.0015,-0.0022959034025276065,0.005295903402527606
mixed,costly,1.5,all,2000,MN,22,21,restored,0.8205,0.8255,0.005,0.00020280430425528417,0.009797195695744717
mixed,costly,1.5,all,2000,MN,23,22,restored,0.826,0.8295,0.0035,-0.0002933711962469824,0.007293371196246982
mixed,costly,1.5,all,2000,MN,24,23,restored,0.8205,0.825,0.0045,0.0002317670276385823,0.008768232972361418
mixed,costly,1.5,all,2000,U,1,0,pre,0.9065,0.9065,0.0,0.0,0.0
mixed,costly,1.5,all,2000,U,2,1,pre,0.7915,0.7915,0.0,0.0,0.0
mixed,costly,1.5,all,2000,U,3,2,pre,0.7105,0.7105,0.0,0.0,0.0
mixed,costly,1.5,all,2000,U,4,3,pre,0.664,0.664,0.0,0.0,0.0
mixed,costly,1.5,all,2000,U,5,4,pre,0.6365,0.6365,0.0,0.0,0.0
mixed,costly,1.5,all,2000,U,6,5,pre,0.6125,0.6125,0.0,0.0,0.0
mixed,costly,1.5,all,2000,U,7,6,pre,0.5885,0.5885,0.0,0.0,0.0
mixed,costly,1.5,all,2000,U,8,7,removed,0.5705,0.1205,-0.45,-0.47198460510063156,-0.42801539489936846
mixed,costly,1.5,all,2000,U,9,8,removed,0.5605,0.0875,-0.473,-0.4949745939254652,-0.45102540607453473
mixed,costly,1.5,all,2000,U,10,9,removed,0.547,0.0745,-0.4725,-0.4945170881609159,-0.45048291183908407
mixed,costly,1.5,all,2000,U,11,10,restored,0.537,0.0945,-0.4425,-0.46427352516702564,-0.4207264748329744
mixed,costly,1.5,all,2000,U,12,11,restored,0.529,0.111,-0.418,-0.4397108687461109,-0.3962891312538891
mixed,costly,1.5,all,2000,U,13,12,restored,0.525,0.1285,-0.3965,-0.4180782093733442,-0.3749217906266558
mixed,costly,1.5,all,2000,U,14,13,restored,0.5175,0.141,-0.3765,-0.3980541496905919,-0.3549458503094081
mixed,costly,1.5,all,2000,U,15,14,restored,0.5075,0.1515,-0.356,-0.3774431386531368,-0.3345568613468632
mixed,costly,1.5,all,2000,U,16,15,restored,0.4925,0.1575,-0.335,-0.35601362906075845,-0.3139863709392416
mixed,costly,1.5,all,2000,U,17,16,restored,0.4855,0.163,-0.3225,-0.34354646934609145,-0.30145353065390856
mixed,costly,1.5,all,2000,U,18,17,restored,0.4795,0.1715,-0.308,-0.32893854914315007,-0.2870614508568499
mixed,costly,1.5,all,2000,U,19,18,restored,0.4735,0.1725,-0.301,-0.32190470048700115,-0.28009529951299883
mixed,costly,1.5,all,2000,U,20,19,restored,0.467,0.1775,-0.2895,-0.31037207449073456,-0.2686279255092654
mixed,costly,1.5,all,2000,U,21,20,restored,0.463,0.1845,-0.2785,-0.2990120940715862,-0.25798790592841386
mixed,costly,1.5,all,2000,U,22,21,restored,0.459,0.1905,-0.2685,-0.28903409922094,-0.24796590077906006
mixed,costly,1.5,all,2000,U,23,22,restored,0.4475,0.194,-0.2535,-0.27383803058174444,-0.23316196941825557
mixed,costly,1.5,all,2000,U,24,23,restored,0.443,0.202,-0.241,-0.2610851717010617,-0.22091482829893827
mixed,costly,1.5,all,2000,belief_gap,1,0,pre,0.1731981992884829,0.1731981992884829,0.0,0.0,0.0
mixed,costly,1.5,all,2000,belief_gap,2,1,pre,0.15413923338884455,0.15413923338884455,0.0,0.0,0.0
mixed,costly,1.5,all,2000,belief_gap,3,2,pre,0.1436218263769695,0.1436218263769695,0.0,0.0,0.0
mixed,costly,1.5,all,2000,belief_gap,4,3,pre,0.13640904974022505,0.13640904974022505,0.0,0.0,0.0
mixed,costly,1.5,all,2000,belief_gap,5,4,pre,0.12987756990996502,0.12987756990996502,0.0,0.0,0.0
mixed,costly,1.5,all,2000,belief_gap,6,5,pre,0.12540793953443768,0.12540793953443768,0.0,0.0,0.0
mixed,costly,1.5,all,2000,belief_gap,7,6,pre,0.12164940169859324,0.12164940169859324,0.0,0.0,0.0
mixed,costly,1.5,all,2000,belief_gap,8,7,removed,0.11807319945097498,0.11943571619494736,0.0013625167439723683,0.0007561047124579275,0.0019689287754868093
mixed,costly,1.5,all,2000,belief_gap,9,8,removed,0.11462343941701256,0.11798325231060199,0.0033598128935894344,0.002562183153624765,0.004157442633554104
mixed,costly,1.5,all,2000,belief_gap,10,9,removed,0.11108832983488802,0.11644602121602551,0.005357691381137501,0.004207279881537369,0.006508102880737634
mixed,costly,1.5,all,2000,belief_gap,11,10,restored,0.109055332248451,0.11544352276322525,0.006388190514774269,0.005107319515027841,0.007669061514520698
mixed,costly,1.5,all,2000,belief_gap,12,11,restored,0.10824684993737275,0.11496747485769097,0.00672062492031821,0.0054408966323674585,0.008000353208268963
mixed,costly,1.5,all,2000,belief_gap,13,12,restored,0.10682863517343137,0.11382093376306461,0.006992298589633237,0.00578495953056856,0.008199637648697916
mixed,costly,1.5,all,2000,belief_gap,14,13,restored,0.10594569730995426,0.11315118395390758,0.007205486643953313,0.005985854855462574,0.008425118432444052
mixed,costly,1.5,all,2000,belief_gap,15,14,restored,0.10537749017947262,0.11283922760889656,0.007461737429423952,0.0062741466691006,0.008649328189747304
mixed,costly,1.5,all,2000,belief_gap,16,15,restored,0.10391632808448178,0.11168815952378076,0.007771831439298973,0.006588783962831866,0.00895487891576608
mixed,costly,1.5,all,2000,belief_gap,17,16,restored,0.10277704437226154,0.11015659102361453,0.007379546651352996,0.006198760566255227,0.008560332736450765
mixed,costly,1.5,all,2000,belief_gap,18,17,restored,0.10093815019036896,0.10843562925547459,0.007497479065105645,0.006292955448785501,0.00870200268142579
mixed,costly,1.5,all,2000,belief_gap,19,18,restored,0.0994039179880632,0.10728940069795398,0.007885482709890779,0.006607604412075543,0.009163361007706015
mixed,costly,1.5,all,2000,belief_gap,20,19,restored,0.0979873226296248,0.10621864966000936,0.00823132703038456,0.006940973055553451,0.009521681005215667
mixed,costly,1.5,all,2000,belief_gap,21,20,restored,0.09672368445647703,0.10441873466962089,0.007695050213143871,0.006411546931494565,0.008978553494793175
mixed,costly,1.5,all,2000,belief_gap,22,21,restored,0.09548500871057324,0.10295286782804755,0.0074678591174743,0.006186286963837831,0.008749431271110768
mixed,costly,1.5,all,2000,belief_gap,23,22,restored,0.09462271456808415,0.10236675231794266,0.00774403774985852,0.006402151296208561,0.00908592420350848
mixed,costly,1.5,all,2000,belief_gap,24,23,restored,0.0934248386166888,0.10130372811848352,0.007878889501794729,0.006417701991313616,0.009340077012275842
mixed,costly,1.5,both_own,477,A_concede,1,0,pre,0.0,0.0,0.0,0.0,0.0
mixed,costly,1.5,both_own,477,A_concede,2,1,pre,0.0,0.0,0.0,0.0,0.0
mixed,costly,1.5,both_own,477,A_concede,3,2,pre,0.0020964360587002098,0.0020964360587002098,0.0,0.0,0.0
mixed,costly,1.5,both_own,477,A_concede,4,3,pre,0.0020964360587002098,0.0020964360587002098,0.0,0.0,0.0
mixed,costly,1.5,both_own,477,A_concede,5,4,pre,0.0020964360587002098,0.0020964360587002098,0.0,0.0,0.0
mixed,costly,1.5,both_own,477,A_concede,6,5,pre,0.006289308176100629,0.006289308176100629,0.0,0.0,0.0
mixed,costly,1.5,both_own,477,A_concede,7,6,pre,0.0041928721174004195,0.0041928721174004195,0.0,0.0,0.0
mixed,costly,1.5,both_own,477,A_concede,8,7,removed,0.010482180293501049,0.16142557651991615,0.1509433962264151,0.11878251236192078,0.1831042800909094
mixed,costly,1.5,both_own,477,A_concede,9,8,removed,0.006289308176100629,0.16352201257861634,0.15723270440251572,0.12453043633704755,0.18993497246798388
mixed,costly,1.5,both_own,477,A_concede,10,9,removed,0.010482180293501049,0.1928721174004193,0.18238993710691823,0.14769819208220936,0.2170816821316271
mixed,costly,1.5,both_own,477,A_concede,11,10,restored,0.012578616352201259,0.010482180293501049,-0.0020964360587002098,-0.014434984560486563,0.010242112443086144
mixed,costly,1.5,both_own,477,A_concede,12,11,restored,0.010482180293501049,0.012578616352201259,0.0020964360587002098,-0.008784778705660877,0.012977650823061296
mixed,costly,1.5,both_own,477,A_concede,13,12,restored,0.0041928721174004195,0.006289308176100629,0.0020964360587002098,-0.005025568292785446,0.009218440410185866
mixed,costly,1.5,both_own,477,A_concede,14,13,restored,0.014675052410901468,0.014675052410901468,0.0,-0.005817125096023341,0.005817125096023341
mixed,costly,1.5,both_own,477,A_concede,15,14,restored,0.006289308176100629,0.008385744234800839,0.0020964360587002098,-0.007099317872618588,0.011292189990019007
mixed,costly,1.5,both_own,477,A_concede,16,15,restored,0.012578616352201259,0.014675052410901468,0.0020964360587002098,-0.0020125786163522003,0.00620545073375262
mixed,costly,1.5,both_own,477,A_concede,17,16,restored,0.016771488469601678,0.014675052410901468,-0.0020964360587002098,-0.006205450733752619,0.0020125786163521994
mixed,costly,1.5,both_own,477,A_concede,18,17,restored,0.023060796645702306,0.029350104821802937,0.006289308176100629,-0.004578859563467069,0.017157475915668328
mixed,costly,1.5,both_own,477,A_concede,19,18,restored,0.016771488469601678,0.018867924528301886,0.0020964360587002098,-0.007099317872618589,0.011292189990019009
mixed,costly,1.5,both_own,477,A_concede,20,19,restored,0.020964360587002098,0.014675052410901468,-0.006289308176100629,-0.017157475915668324,0.0045788595634670675
mixed,costly,1.5,both_own,477,A_concede,21,20,restored,0.010482180293501049,0.014675052410901468,0.0041928721174004195,-0.0016120449376831186,0.009997789172483958
mixed,costly,1.5,both_own,477,A_concede,22,21,restored,0.012578616352201259,0.008385744234800839,-0.0041928721174004195,-0.01719490424886118,0.00880916001406034
mixed,costly,1.5,both_own,477,A_concede,23,22,restored,0.023060796645702306,0.023060796645702306,0.0,-0.005817125096023341,0.005817125096023341
mixed,costly,1.5,both_own,477,A_concede,24,23,restored,0.016771488469601678,0.010482180293501049,-0.006289308176100629,-0.015469620024431027,0.002891003672229768
mixed,costly,1.5,both_own,477,B_concede,1,0,pre,0.0,0.0,0.0,0.0,0.0
mixed,costly,1.5,both_own,477,B_concede,2,1,pre,0.0,0.0,0.0,0.0,0.0
mixed,costly,1.5,both_own,477,B_concede,3,2,pre,0.0,0.0,0.0,0.0,0.0
mixed,costly,1.5,both_own,477,B_concede,4,3,pre,0.0,0.0,0.0,0.0,0.0
mixed,costly,1.5,both_own,477,B_concede,5,4,pre,0.0,0.0,0.0,0.0,0.0
mixed,costly,1.5,both_own,477,B_concede,6,5,pre,0.0,0.0,0.0,0.0,0.0
mixed,costly,1.5,both_own,477,B_concede,7,6,pre,0.0041928721174004195,0.0041928721174004195,0.0,0.0,0.0
mixed,costly,1.5,both_own,477,B_concede,8,7,removed,0.0020964360587002098,0.3710691823899371,0.3689727463312369,0.32562427391984927,0.4123212187426245
mixed,costly,1.5,both_own,477,B_concede,9,8,removed,0.0,0.3731656184486373,0.3731656184486373,0.3297166158601601,0.41661462103711455
mixed,costly,1.5,both_own,477,B_concede,10,9,removed,0.0,0.37945492662473795,0.37945492662473795,0.33586166550150287,0.42304818774797304
mixed,costly,1.5,both_own,477,B_concede,11,10,restored,0.0020964360587002098,0.0041928721174004195,0.0020964360587002098,-0.005025568292785445,0.009218440410185866
mixed,costly,1.5,both_own,477,B_concede,12,11,restored,0.006289308176100629,0.0041928721174004195,-0.0020964360587002098,-0.00620545073375262,0.0020125786163522003
mixed,costly,1.5,both_own,477,B_concede,13,12,restored,0.0020964360587002098,0.0041928721174004195,0.0020964360587002098,-0.0020125786163522003,0.00620545073375262
mixed,costly,1.5,both_own,477,B_concede,14,13,restored,0.008385744234800839,0.0020964360587002098,-0.006289308176100629,-0.013391362896377778,0.0008127465441765194
mixed,costly,1.5,both_own,477,B_concede,15,14,restored,0.006289308176100629,0.006289308176100629,0.0,-0.005817125096023341,0.005817125096023341
mixed,costly,1.5,both_own,477,B_concede,16,15,restored,0.008385744234800839,0.010482180293501049,0.0020964360587002098,-0.0020125786163521994,0.006205450733752619
mixed,costly,1.5,both_own,477,B_concede,17,16,restored,0.0020964360587002098,0.0,-0.0020964360587002098,-0.006205450733752619,0.0020125786163521994
mixed,costly,1.5,both_own,477,B_concede,18,17,restored,0.008385744234800839,0.0041928721174004195,-0.0041928721174004195,-0.009997789172483958,0.0016120449376831178
mixed,costly,1.5,both_own,477,B_concede,19,18,restored,0.0041928721174004195,0.0,-0.0041928721174004195,-0.009997789172483958,0.0016120449376831178
mixed,costly,1.5,both_own,477,B_concede,20,19,restored,0.0041928721174004195,0.0041928721174004195,0.0,0.0,0.0
mixed,costly,1.5,both_own,477,B_concede,21,20,restored,0.008385744234800839,0.010482180293501049,0.0020964360587002098,-0.0020125786163521994,0.006205450733752619
mixed,costly,1.5,both_own,477,B_concede,22,21,restored,0.006289308176100629,0.0,-0.006289308176100629,-0.013391362896377781,0.000812746544176522
mixed,costly,1.5,both_own,477,B_concede,23,22,restored,0.0041928721174004195,0.0,-0.0041928721174004195,-0.009997789172483956,0.001612044937683117
mixed,costly,1.5,both_own,477,B_concede,24,23,restored,0.006289308176100629,0.0041928721174004195,-0.0020964360587002098,-0.00620545073375262,0.0020125786163522003
mixed,costly,1.5,both_own,477,any_concede,1,0,pre,0.0,0.0,0.0,0.0,0.0
mixed,costly,1.5,both_own,477,any_concede,2,1,pre,0.0,0.0,0.0,0.0,0.0
mixed,costly,1.5,both_own,477,any_concede,3,2,pre,0.0020964360587002098,0.0020964360587002098,0.0,0.0,0.0
mixed,costly,1.5,both_own,477,any_concede,4,3,pre,0.0020964360587002098,0.0020964360587002098,0.0,0.0,0.0
mixed,costly,1.5,both_own,477,any_concede,5,4,pre,0.0020964360587002098,0.0020964360587002098,0.0,0.0,0.0
mixed,costly,1.5,both_own,477,any_concede,6,5,pre,0.006289308176100629,0.006289308176100629,0.0,0.0,0.0
mixed,costly,1.5,both_own,477,any_concede,7,6,pre,0.008385744234800839,0.008385744234800839,0.0,0.0,0.0
mixed,costly,1.5,both_own,477,any_concede,8,7,removed,0.012578616352201259,0.5324947589098532,0.519916142557652,0.47503356422338094,0.564798720891923
mixed,costly,1.5,both_own,477,any_concede,9,8,removed,0.006289308176100629,0.5366876310272537,0.5303983228511531,0.48556318744441623,0.5752334582578899
mixed,costly,1.5,both_own,477,any_concede,10,9,removed,0.010482180293501049,0.5723270440251572,0.5618448637316562,0.5172715670565512,0.6064181604067612
mixed,costly,1.5,both_own,477,any_concede,11,10,restored,0.014675052410901468,0.014675052410901468,0.0,-0.014248988255195784,0.014248988255195784
mixed,costly,1.5,both_own,477,any_concede,12,11,restored,0.016771488469601678,0.016771488469601678,0.0,-0.011634250192046681,0.011634250192046681
mixed,costly,1.5,both_own,477,any_concede,13,12,restored,0.006289308176100629,0.010482180293501049,0.0041928721174004195,-0.004025157232704404,0.012410901467505243
mixed,costly,1.5,both_own,477,any_concede,14,13,restored,0.023060796645702306,0.016771488469601678,-0.006289308176100629,-0.015469620024431027,0.002891003672229768
mixed,costly,1.5,both_own,477,any_concede,15,14,restored,0.012578616352201259,0.014675052410901468,0.0020964360587002098,-0.008784778705660877,0.012977650823061296
mixed,costly,1.5,both_own,477,any_concede,16,15,restored,0.020964360587002098,0.025157232704402517,0.0041928721174004195,-0.0016120449376831178,0.009997789172483958
mixed,costly,1.5,both_own,477,any_concede,17,16,restored,0.018867924528301886,0.014675052410901468,-0.0041928721174004195,-0.009997789172483958,0.0016120449376831178
mixed,costly,1.5,both_own,477,any_concede,18,17,restored,0.031446540880503145,0.033542976939203356,0.0020964360587002098,-0.010242112443086144,0.014434984560486563
mixed,costly,1.5,both_own,477,any_concede,19,18,restored,0.020964360587002098,0.018867924528301886,-0.0020964360587002098,-0.012977650823061296,0.008784778705660877
mixed,costly,1.5,both_own,477,any_concede,20,19,restored,0.025157232704402517,0.018867924528301886,-0.006289308176100629,-0.017157475915668324,0.0045788595634670675
mixed,costly,1.5,both_own,477,any_concede,21,20,restored,0.018867924528301886,0.025157232704402517,0.006289308176100629,-0.0008127465441765186,0.013391362896377778
mixed,costly,1.5,both_own,477,any_concede,22,21,restored,0.018867924528301886,0.008385744234800839,-0.010482180293501049,-0.025283071269999537,0.00431871068299744
mixed,costly,1.5,both_own,477,any_concede,23,22,restored,0.027253668763102725,0.023060796645702306,-0.0041928721174004195,-0.012410901467505243,0.004025157232704404
mixed,costly,1.5,both_own,477,any_concede,24,23,restored,0.023060796645702306,0.014675052410901468,-0.008385744234800839,-0.0184330973032868,0.0016616088336851246
mixed,costly,1.5,both_own,477,MN,1,0,pre,1.0,1.0,0.0,0.0,0.0
mixed,costly,1.5,both_own,477,MN,2,1,pre,1.0,1.0,0.0,0.0,0.0
mixed,costly,1.5,both_own,477,MN,3,2,pre,0.9979035639412998,0.9979035639412998,0.0,0.0,0.0
mixed,costly,1.5,both_own,477,MN,4,3,pre,0.9979035639412998,0.9979035639412998,0.0,0.0,0.0
mixed,costly,1.5,both_own,477,MN,5,4,pre,0.9979035639412998,0.9979035639412998,0.0,0.0,0.0
mixed,costly,1.5,both_own,477,MN,6,5,pre,0.9937106918238994,0.9937106918238994,0.0,0.0,0.0
mixed,costly,1.5,both_own,477,MN,7,6,pre,0.9916142557651991,0.9916142557651991,0.0,0.0,0.0
mixed,costly,1.5,both_own,477,MN,8,7,removed,0.9874213836477987,0.46750524109014674,-0.519916142557652,-0.564798720891923,-0.47503356422338094
mixed,costly,1.5,both_own,477,MN,9,8,removed,0.9937106918238994,0.46331236897274636,-0.5303983228511531,-0.5752334582578899,-0.48556318744441623
mixed,costly,1.5,both_own,477,MN,10,9,removed,0.989517819706499,0.4276729559748428,-0.5618448637316562,-0.6064181604067612,-0.5172715670565512
mixed,costly,1.5,both_own,477,MN,11,10,restored,0.9853249475890985,0.9853249475890985,0.0,-0.014248988255195784,0.014248988255195784
mixed,costly,1.5,both_own,477,MN,12,11,restored,0.9832285115303984,0.9832285115303984,0.0,-0.011634250192046681,0.011634250192046681
mixed,costly,1.5,both_own,477,MN,13,12,restored,0.9937106918238994,0.989517819706499,-0.0041928721174004195,-0.012410901467505243,0.004025157232704404
mixed,costly,1.5,both_own,477,MN,14,13,restored,0.9769392033542977,0.9832285115303984,0.006289308176100629,-0.002891003672229768,0.015469620024431027
mixed,costly,1.5,both_own,477,MN,15,14,restored,0.9874213836477987,0.9853249475890985,-0.0020964360587002098,-0.012977650823061296,0.008784778705660877
mixed,costly,1.5,both_own,477,MN,16,15,restored,0.9790356394129979,0.9748427672955975,-0.0041928721174004195,-0.009997789172483958,0.0016120449376831178
mixed,costly,1.5,both_own,477,MN,17,16,restored,0.9811320754716981,0.9853249475890985,0.0041928721174004195,-0.0016120449376831178,0.009997789172483958
mixed,costly,1.5,both_own,477,MN,18,17,restored,0.9685534591194969,0.9664570230607966,-0.0020964360587002098,-0.014434984560486563,0.010242112443086144
mixed,costly,1.5,both_own,477,MN,19,18,restored,0.9790356394129979,0.9811320754716981,0.0020964360587002098,-0.008784778705660877,0.012977650823061296
mixed,costly,1.5,both_own,477,MN,20,19,restored,0.9748427672955975,0.9811320754716981,0.006289308176100629,-0.0045788595634670675,0.017157475915668324
mixed,costly,1.5,both_own,477,MN,21,20,restored,0.9811320754716981,0.9748427672955975,-0.006289308176100629,-0.013391362896377778,0.0008127465441765186
mixed,costly,1.5,both_own,477,MN,22,21,restored,0.9811320754716981,0.9916142557651991,0.010482180293501049,-0.00431871068299744,0.025283071269999537
mixed,costly,1.5,both_own,477,MN,23,22,restored,0.9727463312368972,0.9769392033542977,0.0041928721174004195,-0.004025157232704404,0.012410901467505243
mixed,costly,1.5,both_own,477,MN,24,23,restored,0.9769392033542977,0.9853249475890985,0.008385744234800839,-0.0016616088336851246,0.0184330973032868
mixed,costly,1.5,both_own,477,U,1,0,pre,1.0,1.0,0.0,0.0,0.0
mixed,costly,1.5,both_own,477,U,2,1,pre,1.0,1.0,0.0,0.0,0.0
mixed,costly,1.5,both_own,477,U,3,2,pre,0.9979035639412998,0.9979035639412998,0.0,0.0,0.0
mixed,costly,1.5,both_own,477,U,4,3,pre,0.9958071278825996,0.9958071278825996,0.0,0.0,0.0
mixed,costly,1.5,both_own,477,U,5,4,pre,0.9958071278825996,0.9958071278825996,0.0,0.0,0.0
mixed,costly,1.5,both_own,477,U,6,5,pre,0.9916142557651991,0.9916142557651991,0.0,0.0,0.0
mixed,costly,1.5,both_own,477,U,7,6,pre,0.9832285115303984,0.9832285115303984,0.0,0.0,0.0
mixed,costly,1.5,both_own,477,U,8,7,removed,0.9769392033542977,0.4591194968553459,-0.5178197064989518,-0.5627093969476584,-0.4729300160502452
mixed,costly,1.5,both_own,477,U,9,8,removed,0.9727463312368972,0.35639412997903563,-0.6163522012578616,-0.6600373104949838,-0.5726670920207394
mixed,costly,1.5,both_own,477,U,10,9,removed,0.9685534591194969,0.3039832285115304,-0.6645702306079665,-0.7069856571148376,-0.6221548041010954
mixed,costly,1.5,both_own,477,U,11,10,restored,0.960167714884696,0.37735849056603776,-0.5828092243186582,-0.6271071257168683,-0.5385113229204481
mixed,costly,1.5,both_own,477,U,12,11,restored,0.9517819706498952,0.429769392033543,-0.5220125786163522,-0.5672627208314086,-0.4767624364012958
mixed,costly,1.5,both_own,477,U,13,12,restored,0.9538784067085954,0.4863731656184486,-0.46750524109014674,-0.5130771966983726,-0.4219332854819209
mixed,costly,1.5,both_own,477,U,14,13,restored,0.9475890985324947,0.5241090146750524,-0.42348008385744235,-0.4689983021476812,-0.3779618655672035
mixed,costly,1.5,both_own,477,U,15,14,restored,0.9454926624737946,0.5681341719077568,-0.37735849056603776,-0.4231765164186441,-0.3315404647134314
mixed,costly,1.5,both_own,477,U,16,15,restored,0.9308176100628931,0.5849056603773585,-0.34591194968553457,-0.3905798439417767,-0.30124405542929245
mixed,costly,1.5,both_own,477,U,17,16,restored,0.9182389937106918,0.589098532494759,-0.32914046121593293,-0.374072800710701,-0.2842081217211649
mixed,costly,1.5,both_own,477,U,18,17,restored,0.9035639412997903,0.6079664570230608,-0.29559748427672955,-0.340150881980015,-0.2510440865734441
mixed,costly,1.5,both_own,477,U,19,18,restored,0.8930817610062893,0.6184486373165619,-0.2746331236897275,-0.3191299597896173,-0.23013628758983767
mixed,costly,1.5,both_own,477,U,20,19,restored,0.8825995807127882,0.6247379454926625,-0.2578616352201258,-0.303161134831313,-0.21256213560893852
mixed,costly,1.5,both_own,477,U,21,20,restored,0.8909853249475891,0.639412997903564,-0.25157232704402516,-0.2950670224929219,-0.20807763159512843
mixed,costly,1.5,both_own,477,U,22,21,restored,0.8846960167714885,0.6561844863731656,-0.22851153039832284,-0.2732111772046962,-0.1838118835919495
mixed,costly,1.5,both_own,477,U,23,22,restored,0.8721174004192872,0.660377358490566,-0.21174004192872117,-0.25596822508547995,-0.1675118587719624
mixed,costly,1.5,both_own,477,U,24,23,restored,0.870020964360587,0.6708595387840671,-0.19916142557651992,-0.24231799892906736,-0.15600485222397248
mixed,costly,1.5,both_own,477,belief_gap,1,0,pre,0.48443519724492917,0.48443519724492917,0.0,0.0,0.0
mixed,costly,1.5,both_own,477,belief_gap,2,1,pre,0.4421993682134134,0.4421993682134134,0.0,0.0,0.0
mixed,costly,1.5,both_own,477,belief_gap,3,2,pre,0.40737863535746033,0.40737863535746033,0.0,0.0,0.0
mixed,costly,1.5,both_own,477,belief_gap,4,3,pre,0.38260015478566384,0.38260015478566384,0.0,0.0,0.0
mixed,costly,1.5,both_own,477,belief_gap,5,4,pre,0.359831044204768,0.359831044204768,0.0,0.0,0.0
mixed,costly,1.5,both_own,477,belief_gap,6,5,pre,0.34423753366582865,0.34423753366582865,0.0,0.0,0.0
mixed,costly,1.5,both_own,477,belief_gap,7,6,pre,0.33112279016221735,0.33112279016221735,0.0,0.0,0.0
mixed,costly,1.5,both_own,477,belief_gap,8,7,removed,0.31776045266122266,0.317642364427547,-0.00011808823367572535,-0.0019345576986853654,0.0016983812313339146
mixed,costly,1.5,both_own,477,belief_gap,9,8,removed,0.3058172702598362,0.30796049510122614,0.0021432248413899594,0.0004748985086224639,0.0038115511741574548
mixed,costly,1.5,both_own,477,belief_gap,10,9,removed,0.29347907021798775,0.3015402120455143,0.008061141827526668,0.004789482297292619,0.011332801357760717
mixed,costly,1.5,both_own,477,belief_gap,11,10,restored,0.2853116546711254,0.2992849714223065,0.01397331675118104,0.009901772154473201,0.01804486134788888
mixed,costly,1.5,both_own,477,belief_gap,12,11,restored,0.28267445625614845,0.2980290510824493,0.015354594826300756,0.011119297757606821,0.01958989189499469
mixed,costly,1.5,both_own,477,belief_gap,13,12,restored,0.27889494900676803,0.294984114163825,0.016089165157056946,0.012308214686139685,0.019870115627974208
mixed,costly,1.5,both_own,477,belief_gap,14,13,restored,0.27612922578177806,0.2933908553984151,0.01726162961663697,0.013383032054271115,0.021140227179002827
mixed,costly,1.5,both_own,477,belief_gap,15,14,restored,0.27507216881543656,0.29313407695185734,0.018061908136420803,0.014266587087886508,0.0218572291849551
mixed,costly,1.5,both_own,477,belief_gap,16,15,restored,0.2700168635207875,0.2896988181215455,0.01968195460075794,0.01595261100070729,0.023411298200808593
mixed,costly,1.5,both_own,477,belief_gap,17,16,restored,0.26657802514591405,0.285667589464895,0.019089564318980918,0.015368425906665706,0.02281070273129613
mixed,costly,1.5,both_own,477,belief_gap,18,17,restored,0.25985861865026216,0.2795888562831675,0.01973023763290528,0.015941984161470673,0.02351849110433989
mixed,costly,1.5,both_own,477,belief_gap,19,18,restored,0.25411756337008345,0.2757404115948413,0.021622848224757938,0.017569012053044022,0.025676684396471854
mixed,costly,1.5,both_own,477,belief_gap,20,19,restored,0.24938965305731023,0.2724634331843341,0.02307378012702389,0.018960240770019825,0.027187319484027955
mixed,costly,1.5,both_own,477,belief_gap,21,20,restored,0.2439453555075718,0.26575778221567925,0.021812426708107513,0.01786396269486744,0.025760890721347587
mixed,costly,1.5,both_own,477,belief_gap,22,21,restored,0.2392504162952964,0.26034163279383205,0.02109121649853568,0.01724668945843031,0.02493574353864105
mixed,costly,1.5,both_own,477,belief_gap,23,22,restored,0.2359711076273016,0.25880751355498455,0.022836405927682896,0.01849992253017806,0.027172889325187733
mixed,costly,1.5,both_own,477,belief_gap,24,23,restored,0.23105564527405342,0.2553663112344679,0.02431066596041448,0.01947055678592704,0.02915077513490192
mixed,mixed,1.5,all,2000,A_concede,1,0,pre,0.083,0.083,0.0,0.0,0.0
mixed,mixed,1.5,all,2000,A_concede,2,1,pre,0.141,0.141,0.0,0.0,0.0
mixed,mixed,1.5,all,2000,A_concede,3,2,pre,0.158,0.158,0.0,0.0,0.0
mixed,mixed,1.5,all,2000,A_concede,4,3,pre,0.1535,0.1535,0.0,0.0,0.0
mixed,mixed,1.5,all,2000,A_concede,5,4,pre,0.152,0.152,0.0,0.0,0.0
mixed,mixed,1.5,all,2000,A_concede,6,5,pre,0.162,0.162,0.0,0.0,0.0
mixed,mixed,1.5,all,2000,A_concede,7,6,pre,0.1675,0.1675,0.0,0.0,0.0
mixed,mixed,1.5,all,2000,A_concede,8,7,removed,0.1595,0.4095,0.25,0.2310176354190912,0.2689823645809088
mixed,mixed,1.5,all,2000,A_concede,9,8,removed,0.162,0.4135,0.2515,0.23247982224633823,0.2705201777536618
mixed,mixed,1.5,all,2000,A_concede,10,9,removed,0.1635,0.42,0.2565,0.2373559488731676,0.27564405112683243
mixed,mixed,1.5,all,2000,A_concede,11,10,restored,0.155,0.156,0.001,-0.0026674792981284967,0.004667479298128496
mixed,mixed,1.5,all,2000,A_concede,12,11,restored,0.171,0.1715,0.0005,-0.003991993856229347,0.004991993856229348
mixed,mixed,1.5,all,2000,A_concede,13,12,restored,0.1525,0.153,0.0005,-0.0024406535875143268,0.003440653587514327
mixed,mixed,1.5,all,2000,A_concede,14,13,restored,0.1525,0.151,-0.0015,-0.004092650982982434,0.0010926509829824339
mixed,mixed,1.5,all,2000,A_concede,15,14,restored,0.163,0.162,-0.001,-0.004667479298128498,0.002667479298128498
mixed,mixed,1.5,all,2000,A_concede,16,15,restored,0.174,0.1705,-0.0035,-0.007030991950157354,3.099195015735445e-05
mixed,mixed,1.5,all,2000,A_concede,17,16,restored,0.1625,0.161,-0.0015,-0.0044399999999999995,0.0014399999999999999
mixed,mixed,1.5,all,2000,A_concede,18,17,restored,0.1615,0.162,0.0005,-0.0030342559729936544,0.004034255972993655
mixed,mixed,1.5,all,2000,A_concede,19,18,restored,0.1665,0.1645,-0.002,-0.005919999999999999,0.001919999999999999
mixed,mixed,1.5,all,2000,A_concede,20,19,restored,0.1615,0.158,-0.0035,-0.007293371196246982,0.0002933711962469824
mixed,mixed,1.5,all,2000,A_concede,21,20,restored,0.1665,0.1655,-0.001,-0.003772205216227767,0.0017722052162277668
mixed,mixed,1.5,all,2000,A_concede,22,21,restored,0.1665,0.166,-0.0005,-0.004772733074270142,0.003772733074270142
mixed,mixed,1.5,all,2000,A_concede,23,22,restored,0.1585,0.1575,-0.001,-0.0037722052162277664,0.0017722052162277664
mixed,mixed,1.5,all,2000,A_concede,24,23,restored,0.1645,0.1615,-0.003,-0.006665382696957791,0.0006653826969577913
mixed,mixed,1.5,all,2000,B_concede,1,0,pre,0.141,0.141,0.0,0.0,0.0
mixed,mixed,1.5,all,2000,B_concede,2,1,pre,0.1555,0.1555,0.0,0.0,0.0
mixed,mixed,1.5,all,2000,B_concede,3,2,pre,0.142,0.142,0.0,0.0,0.0
mixed,mixed,1.5,all,2000,B_concede,4,3,pre,0.153,0.153,0.0,0.0,0.0
mixed,mixed,1.5,all,2000,B_concede,5,4,pre,0.1565,0.1565,0.0,0.0,0.0
mixed,mixed,1.5,all,2000,B_concede,6,5,pre,0.1485,0.1485,0.0,0.0,0.0
mixed,mixed,1.5,all,2000,B_concede,7,6,pre,0.1645,0.1645,0.0,0.0,0.0
mixed,mixed,1.5,all,2000,B_concede,8,7,removed,0.17,0.4215,0.2515,0.23237905118615265,0.27062094881384735
mixed,mixed,1.5,all,2000,B_concede,9,8,removed,0.1655,0.417,0.2515,0.23247982224633823,0.2705201777536618
mixed,mixed,1.5,all,2000,B_concede,10,9,removed,0.1595,0.4225,0.263,0.24369982297447487,0.2823001770255251
mixed,mixed,1.5,all,2000,B_concede,11,10,restored,0.1635,0.164,0.0005,-0.0032964096411058626,0.004296409641105862
mixed,mixed,1.5,all,2000,B_concede,12,11,restored,0.166,0.165,-0.001,-0.004667479298128498,0.0026674792981284975
mixed,mixed,1.5,all,2000,B_concede,13,12,restored,0.1595,0.1585,-0.001,-0.003400700081317993,0.001400700081317993
mixed,mixed,1.5,all,2000,B_concede,14,13,restored,0.163,0.165,0.002,-0.0010985669847010469,0.005098566984701047
mixed,mixed,1.5,all,2000,B_concede,15,14,restored,0.16,0.1595,-0.0005,-0.003751031282870268,0.002751031282870268
mixed,mixed,1.5,all,2000,B_concede,16,15,restored,0.158,0.1545,-0.0035,-0.008198585803651685,0.001198585803651684
mixed,mixed,1.5,all,2000,B_concede,17,16,restored,0.1575,0.1575,0.0,-0.003099807155647122,0.003099807155647122
mixed,mixed,1.5,all,2000,B_concede,18,17,restored,0.161,0.16,-0.001,-0.00492073529872157,0.00292073529872157
mixed,mixed,1.5,all,2000,B_concede,19,18,restored,0.155,0.155,0.0,-0.002401100298055177,0.002401100298055177
mixed,mixed,1.5,all,2000,B_concede,20,19,restored,0.1655,0.1615,-0.004,-0.006767001147031536,-0.0012329988529684636
mixed,mixed,1.5,all,2000,B_concede,21,20,restored,0.1545,0.1485,-0.006,-0.010590227259422628,-0.001409772740577372
mixed,mixed,1.5,all,2000,B_concede,22,21,restored,0.156,0.1545,-0.0015,-0.005772283277382377,0.0027722832773823774
mixed,mixed,1.5,all,2000,B_concede,23,22,restored,0.1545,0.151,-0.0035,-0.007770033582232896,0.0007700335822328967
mixed,mixed,1.5,all,2000,B_concede,24,23,restored,0.162,0.1595,-0.0025,-0.005749257428539397,0.0007492574285393977
mixed,mixed,1.5,all,2000,any_concede,1,0,pre,0.2235,0.2235,0.0,0.0,0.0
mixed,mixed,1.5,all,2000,any_concede,2,1,pre,0.296,0.296,0.0,0.0,0.0
mixed,mixed,1.5,all,2000,any_concede,3,2,pre,0.3,0.3,0.0,0.0,0.0
mixed,mixed,1.5,all,2000,any_concede,4,3,pre,0.3065,0.3065,0.0,0.0,0.0
mixed,mixed,1.5,all,2000,any_concede,5,4,pre,0.3085,0.3085,0.0,0.0,0.0
mixed,mixed,1.5,all,2000,any_concede,6,5,pre,0.3105,0.3105,0.0,0.0,0.0
mixed,mixed,1.5,all,2000,any_concede,7,6,pre,0.3315,0.3315,0.0,0.0,0.0
mixed,mixed,1.5,all,2000,any_concede,8,7,removed,0.3295,0.8265,0.497,0.4750814479433031,0.5189185520566969
mixed,mixed,1.5,all,2000,any_concede,9,8,removed,0.3275,0.8285,0.501,0.47908109723665043,0.5229189027633496
mixed,mixed,1.5,all,2000,any_concede,10,9,removed,0.323,0.838,0.515,0.49309091914497655,0.5369090808550235
mixed,mixed,1.5,all,2000,any_concede,11,10,restored,0.3185,0.32,0.0015,-0.003778371794824822,0.006778371794824822
mixed,mixed,1.5,all,2000,any_concede,12,11,restored,0.337,0.336,-0.001,-0.006715593862986005,0.004715593862986005
mixed,mixed,1.5,all,2000,any_concede,13,12,restored,0.312,0.3115,-0.0005,-0.004296409641105862,0.0032964096411058626
mixed,mixed,1.5,all,2000,any_concede,14,13,restored,0.315,0.316,0.001,-0.00292073529872157,0.00492073529872157
mixed,mixed,1.5,all,2000,any_concede,15,14,restored,0.322,0.321,-0.001,-0.0055975480338939345,0.0035975480338939344
mixed,mixed,1.5,all,2000,any_concede,16,15,restored,0.332,0.325,-0.007,-0.012873459761059268,-0.0011265402389407332
mixed,mixed,1.5,all,2000,any_concede,17,16,restored,0.32,0.3185,-0.0015,-0.005772283277382377,0.0027722832773823774
mixed,mixed,1.5,all,2000,any_concede,18,17,restored,0.3225,0.322,-0.0005,-0.005778735864405709,0.0047787358644057094
mixed,mixed,1.5,all,2000,any_concede,19,18,restored,0.3215,0.3195,-0.002,-0.006596920995766693,0.002596920995766693
mixed,mixed,1.5,all,2000,any_concede,20,19,restored,0.327,0.3195,-0.0075,-0.012189578987024077,-0.002810421012975923
mixed,mixed,1.5,all,2000,any_concede,21,20,restored,0.321,0.314,-0.007,-0.01236024690881509,-0.001639753091184911
mixed,mixed,1.5,all,2000,any_concede,22,21,restored,0.322,0.32,-0.002,-0.008042000470443744,0.004042000470443743
mixed,mixed,1.5,all,2000,any_concede,23,22,restored,0.313,0.3085,-0.0045,-0.009589681348386562,0.0005896813483865625
mixed,mixed,1.5,all,2000,any_concede,24,23,restored,0.3265,0.321,-0.0055,-0.01039529138447033,-0.0006047086155296696
mixed,mixed,1.5,all,2000,MN,1,0,pre,0.7765,0.7765,0.0,0.0,0.0
mixed,mixed,1.5,all,2000,MN,2,1,pre,0.704,0.704,0.0,0.0,0.0
mixed,mixed,1.5,all,2000,MN,3,2,pre,0.7,0.7,0.0,0.0,0.0
mixed,mixed,1.5,all,2000,MN,4,3,pre,0.6935,0.6935,0.0,0.0,0.0
mixed,mixed,1.5,all,2000,MN,5,4,pre,0.6915,0.6915,0.0,0.0,0.0
mixed,mixed,1.5,all,2000,MN,6,5,pre,0.6895,0.6895,0.0,0.0,0.0
mixed,mixed,1.5,all,2000,MN,7,6,pre,0.6685,0.6685,0.0,0.0,0.0
mixed,mixed,1.5,all,2000,MN,8,7,removed,0.6705,0.1735,-0.497,-0.5189185520566969,-0.4750814479433031
mixed,mixed,1.5,all,2000,MN,9,8,removed,0.6725,0.1715,-0.501,-0.5229189027633496,-0.47908109723665043
mixed,mixed,1.5,all,2000,MN,10,9,removed,0.677,0.162,-0.515,-0.5369090808550235,-0.49309091914497655
mixed,mixed,1.5,all,2000,MN,11,10,restored,0.6815,0.68,-0.0015,-0.006778371794824822,0.003778371794824822
mixed,mixed,1.5,all,2000,MN,12,11,restored,0.663,0.664,0.001,-0.004715593862986005,0.006715593862986005
mixed,mixed,1.5,all,2000,MN,13,12,restored,0.688,0.6885,0.0005,-0.0032964096411058626,0.004296409641105862
mixed,mixed,1.5,all,2000,MN,14,13,restored,0.685,0.684,-0.001,-0.00492073529872157,0.00292073529872157
mixed,mixed,1.5,all,2000,MN,15,14,restored,0.678,0.679,0.001,-0.0035975480338939344,0.0055975480338939345
mixed,mixed,1.5,all,2000,MN,16,15,restored,0.668,0.675,0.007,0.0011265402389407332,0.012873459761059268
mixed,mixed,1.5,all,2000,MN,17,16,restored,0.68,0.6815,0.0015,-0.0027722832773823774,0.005772283277382377
mixed,mixed,1.5,all,2000,MN,18,17,restored,0.6775,0.678,0.0005,-0.0047787358644057094,0.005778735864405709
mixed,mixed,1.5,all,2000,MN,19,18,restored,0.6785,0.6805,0.002,-0.002596920995766693,0.006596920995766693
mixed,mixed,1.5,all,2000,MN,20,19,restored,0.673,0.6805,0.0075,0.002810421012975923,0.012189578987024077
mixed,mixed,1.5,all,2000,MN,21,20,restored,0.679,0.686,0.007,0.001639753091184911,0.01236024690881509
mixed,mixed,1.5,all,2000,MN,22,21,restored,0.678,0.68,0.002,-0.004042000470443743,0.008042000470443744
mixed,mixed,1.5,all,2000,MN,23,22,restored,0.687,0.6915,0.0045,-0.0005896813483865625,0.009589681348386562
mixed,mixed,1.5,all,2000,MN,24,23,restored,0.6735,0.679,0.0055,0.0006047086155296696,0.01039529138447033
mixed,mixed,1.5,all,2000,U,1,0,pre,0.777,0.777,0.0,0.0,0.0
mixed,mixed,1.5,all,2000,U,2,1,pre,0.594,0.594,0.0,0.0,0.0
mixed,mixed,1.5,all,2000,U,3,2,pre,0.4765,0.4765,0.0,0.0,0.0
mixed,mixed,1.5,all,2000,U,4,3,pre,0.406,0.406,0.0,0.0,0.0
mixed,mixed,1.5,all,2000,U,5,4,pre,0.3525,0.3525,0.0,0.0,0.0
mixed,mixed,1.5,all,2000,U,6,5,pre,0.325,0.325,0.0,0.0,0.0
mixed,mixed,1.5,all,2000,U,7,6,pre,0.2995,0.2995,0.0,0.0,0.0
mixed,mixed,1.5,all,2000,U,8,7,removed,0.2835,0.1565,-0.127,-0.1418578125609744,-0.11214218743902561
mixed,mixed,1.5,all,2000,U,9,8,removed,0.2695,0.12,-0.1495,-0.16519309327023177,-0.13380690672976822
mixed,mixed,1.5,all,2000,U,10,9,removed,0.261,0.099,-0.162,-0.1785051851055262,-0.1454948148944738
mixed,mixed,1.5,all,2000,U,11,10,restored,0.2515,0.126,-0.1255,-0.14021998841132066,-0.11078001158867934
mixed,mixed,1.5,all,2000,U,12,11,restored,0.2465,0.1455,-0.101,-0.11463908103450277,-0.08736091896549725
mixed,mixed,1.5,all,2000,U,13,12,restored,0.244,0.163,-0.081,-0.09351024717350426,-0.06848975282649575
mixed,mixed,1.5,all,2000,U,14,13,restored,0.2415,0.178,-0.0635,-0.07513710295918367,-0.051862897040816335
mixed,mixed,1.5,all,2000,U,15,14,restored,0.242,0.1915,-0.0505,-0.06149883480117289,-0.03950116519882712
mixed,mixed,1.5,all,2000,U,16,15,restored,0.2345,0.198,-0.0365,-0.047072819229194575,-0.02592718077080542
mixed,mixed,1.5,all,2000,U,17,16,restored,0.229,0.2,-0.029,-0.03891541047473282,-0.019084589525267186
mixed,mixed,1.5,all,2000,U,18,17,restored,0.2255,0.2005,-0.025,-0.03464184539345533,-0.015358154606544678
mixed,mixed,1.5,all,2000,U,19,18,restored,0.2165,0.197,-0.0195,-0.028811786643026277,-0.010188213356973721
mixed,mixed,1.5,all,2000,U,20,19,restored,0.2135,0.202,-0.0115,-0.020939688981318823,-0.002060311018681177
mixed,mixed,1.5,all,2000,U,21,20,restored,0.214,0.2085,-0.0055,-0.01495006601425815,0.0039500660142581506
mixed,mixed,1.5,all,2000,U,22,21,restored,0.2155,0.209,-0.0065,-0.016347219407783727,0.0033472194077837263
mixed,mixed,1.5,all,2000,U,23,22,restored,0.2125,0.21,-0.0025,-0.012252699758338106,0.0072526997583381055
mixed,mixed,1.5,all,2000,U,24,23,restored,0.2125,0.2155,0.003,-0.006502918790180538,0.012502918790180537
mixed,mixed,1.5,all,2000,belief_gap,1,0,pre,0.19201693854795995,0.19201693854795995,0.0,0.0,0.0
mixed,mixed,1.5,all,2000,belief_gap,2,1,pre,0.17783062450101353,0.17783062450101353,0.0,0.0,0.0
mixed,mixed,1.5,all,2000,belief_gap,3,2,pre,0.16929883826918812,0.16929883826918812,0.0,0.0,0.0
mixed,mixed,1.5,all,2000,belief_gap,4,3,pre,0.1631470608313245,0.1631470608313245,0.0,0.0,0.0
mixed,mixed,1.5,all,2000,belief_gap,5,4,pre,0.15777213660334535,0.15777213660334535,0.0,0.0,0.0
mixed,mixed,1.5,all,2000,belief_gap,6,5,pre,0.15464998145937062,0.15464998145937062,0.0,0.0,0.0
mixed,mixed,1.5,all,2000,belief_gap,7,6,pre,0.15217449242463624,0.15217449242463624,0.0,0.0,0.0
mixed,mixed,1.5,all,2000,belief_gap,8,7,removed,0.14909979277075075,0.14877918044163532,-0.00032061232911540194,-0.0006867733577002348,4.554869946943091e-05
mixed,mixed,1.5,all,2000,belief_gap,9,8,removed,0.14613829691478372,0.1469038481610674,0.0007655512462836667,0.0001262915677921238,0.0014048109247752096
mixed,mixed,1.5,all,2000,belief_gap,10,9,removed,0.14366719171306574,0.1460919706529734,0.0024247789399076784,0.0015601548425649926,0.003289403037250364
mixed,mixed,1.5,all,2000,belief_gap,11,10,restored,0.141781579013896,0.14491853631685642,0.0031369573029603926,0.0022145243946348563,0.004059390211285929
mixed,mixed,1.5,all,2000,belief_gap,12,11,restored,0.14082889832885162,0.14445724006279048,0.003628341733938873,0.0026766262415850606,0.004580057226292685
mixed,mixed,1.5,all,2000,belief_gap,13,12,restored,0.1393156414389338,0.1430120285338649,0.0036963870949311174,0.002758989159973973,0.004633785029888262
mixed,mixed,1.5,all,2000,belief_gap,14,13,restored,0.13835368133376943,0.141600933414604,0.0032472520808345885,0.002255308781037248,0.004239195380631929
mixed,mixed,1.5,all,2000,belief_gap,15,14,restored,0.13733280788218352,0.1403834473093853,0.003050639427201779,0.0021573450643937835,0.003943933790009775
mixed,mixed,1.5,all,2000,belief_gap,16,15,restored,0.13589043601774775,0.139243572396987,0.003353136379239256,0.0023984256067396607,0.004307847151738851
mixed,mixed,1.5,all,2000,belief_gap,17,16,restored,0.13501453086250106,0.13811149576543602,0.0030969649029349783,0.002177461384382614,0.004016468421487342
mixed,mixed,1.5,all,2000,belief_gap,18,17,restored,0.13340623207212576,0.13608738670600753,0.002681154633881766,0.001758145397208415,0.0036041638705551168
mixed,mixed,1.5,all,2000,belief_gap,19,18,restored,0.13198619378151513,0.13489258525605177,0.0029063914745366274,0.0019455709785563828,0.003867211970516872
mixed,mixed,1.5,all,2000,belief_gap,20,19,restored,0.13016616058882954,0.13327721472421597,0.0031110541353864462,0.0020206603221950142,0.004201447948577878
mixed,mixed,1.5,all,2000,belief_gap,21,20,restored,0.1290656616594273,0.13192139394294192,0.002855732283514655,0.0018453632285342345,0.0038661013384950755
mixed,mixed,1.5,all,2000,belief_gap,22,21,restored,0.12742236886971095,0.13024921641645237,0.0028268475467414385,0.0017790594071205408,0.0038746356863623363
mixed,mixed,1.5,all,2000,belief_gap,23,22,restored,0.1269689608707472,0.129977189626964,0.003008228756216789,0.0020523286995076306,0.003964128812925947
mixed,mixed,1.5,all,2000,belief_gap,24,23,restored,0.1260998536771628,0.12909804056004268,0.0029981868828798802,0.0020775138523290155,0.003918859913430745
mixed,mixed,1.5,both_own,477,A_concede,1,0,pre,0.0,0.0,0.0,0.0,0.0
mixed,mixed,1.5,both_own,477,A_concede,2,1,pre,0.0,0.0,0.0,0.0,0.0
mixed,mixed,1.5,both_own,477,A_concede,3,2,pre,0.0041928721174004195,0.0041928721174004195,0.0,0.0,0.0
mixed,mixed,1.5,both_own,477,A_concede,4,3,pre,0.0020964360587002098,0.0020964360587002098,0.0,0.0,0.0
mixed,mixed,1.5,both_own,477,A_concede,5,4,pre,0.0041928721174004195,0.0041928721174004195,0.0,0.0,0.0
mixed,mixed,1.5,both_own,477,A_concede,6,5,pre,0.006289308176100629,0.006289308176100629,0.0,0.0,0.0
mixed,mixed,1.5,both_own,477,A_concede,7,6,pre,0.006289308176100629,0.006289308176100629,0.0,0.0,0.0
mixed,mixed,1.5,both_own,477,A_concede,8,7,removed,0.012578616352201259,0.16981132075471697,0.15723270440251572,0.12453043633704755,0.18993497246798388
mixed,mixed,1.5,both_own,477,A_concede,9,8,removed,0.006289308176100629,0.18448637316561844,0.17819706498951782,0.14381858171893525,0.2125755482601004
mixed,mixed,1.5,both_own,477,A_concede,10,9,removed,0.010482180293501049,0.20754716981132076,0.1970649895178197,0.16132968150673968,0.23280029752889972
mixed,mixed,1.5,both_own,477,A_concede,11,10,restored,0.014675052410901468,0.016771488469601678,0.0020964360587002098,-0.011544631477006767,0.015737503594407187
mixed,mixed,1.5,both_own,477,A_concede,12,11,restored,0.008385744234800839,0.012578616352201259,0.0041928721174004195,-0.007435278860496001,0.01582102309529684
mixed,mixed,1.5,both_own,477,A_concede,13,12,restored,0.008385744234800839,0.008385744234800839,0.0,-0.0082266572048171,0.0082266572048171
mixed,mixed,1.5,both_own,477,A_concede,14,13,restored,0.014675052410901468,0.014675052410901468,0.0,-0.005817125096023341,0.005817125096023341
mixed,mixed,1.5,both_own,477,A_concede,15,14,restored,0.008385744234800839,0.010482180293501049,0.0020964360587002098,-0.007099317872618588,0.011292189990019007
mixed,mixed,1.5,both_own,477,A_concede,16,15,restored,0.014675052410901468,0.016771488469601678,0.0020964360587002098,-0.0020125786163522003,0.00620545073375262
mixed,mixed,1.5,both_own,477,A_concede,17,16,restored,0.018867924528301886,0.018867924528301886,0.0,0.0,0.0
mixed,mixed,1.5,both_own,477,A_concede,18,17,restored,0.03563941299790356,0.03773584905660377,0.0020964360587002098,-0.010242112443086144,0.014434984560486563
mixed,mixed,1.5,both_own,477,A_concede,19,18,restored,0.023060796645702306,0.020964360587002098,-0.0020964360587002098,-0.012977650823061296,0.008784778705660877
mixed,mixed,1.5,both_own,477,A_concede,20,19,restored,0.023060796645702306,0.016771488469601678,-0.006289308176100629,-0.017157475915668324,0.0045788595634670675
mixed,mixed,1.5,both_own,477,A_concede,21,20,restored,0.012578616352201259,0.016771488469601678,0.0041928721174004195,-0.0016120449376831186,0.009997789172483958
mixed,mixed,1.5,both_own,477,A_concede,22,21,restored,0.016771488469601678,0.012578616352201259,-0.0041928721174004195,-0.019578928412406854,0.011193184177606015
mixed,mixed,1.5,both_own,477,A_concede,23,22,restored,0.025157232704402517,0.027253668763102725,0.0020964360587002098,-0.005025568292785445,0.009218440410185866
mixed,mixed,1.5,both_own,477,A_concede,24,23,restored,0.016771488469601678,0.008385744234800839,-0.008385744234800839,-0.0184330973032868,0.0016616088336851246
mixed,mixed,1.5,both_own,477,B_concede,1,0,pre,0.0041928721174004195,0.0041928721174004195,0.0,0.0,0.0
mixed,mixed,1.5,both_own,477,B_concede,2,1,pre,0.0,0.0,0.0,0.0,0.0
mixed,mixed,1.5,both_own,477,B_concede,3,2,pre,0.0,0.0,0.0,0.0,0.0
mixed,mixed,1.5,both_own,477,B_concede,4,3,pre,0.006289308176100629,0.006289308176100629,0.0,0.0,0.0
mixed,mixed,1.5,both_own,477,B_concede,5,4,pre,0.0020964360587002098,0.0020964360587002098,0.0,0.0,0.0
mixed,mixed,1.5,both_own,477,B_concede,6,5,pre,0.0020964360587002098,0.0020964360587002098,0.0,0.0,0.0
mixed,mixed,1.5,both_own,477,B_concede,7,6,pre,0.0020964360587002098,0.0020964360587002098,0.0,0.0,0.0
mixed,mixed,1.5,both_own,477,B_concede,8,7,removed,0.010482180293501049,0.1970649895178197,0.18658280922431866,0.15158465971608992,0.2215809587325474
mixed,mixed,1.5,both_own,477,B_concede,9,8,removed,0.014675052410901468,0.1970649895178197,0.18238993710691823,0.14769819208220936,0.2170816821316271
mixed,mixed,1.5,both_own,477,B_concede,10,9,removed,0.010482180293501049,0.23060796645702306,0.22012578616352202,0.18290373211289268,0.25734784021415136
mixed,mixed,1.5,both_own,477,B_concede,11,10,restored,0.016771488469601678,0.020964360587002098,0.0041928721174004195,-0.011193184177606015,0.019578928412406854
mixed,mixed,1.5,both_own,477,B_concede,12,11,restored,0.018867924528301886,0.020964360587002098,0.0020964360587002098,-0.008784778705660877,0.012977650823061296
mixed,mixed,1.5,both_own,477,B_concede,13,12,restored,0.014675052410901468,0.012578616352201259,-0.0020964360587002098,-0.009218440410185866,0.005025568292785445
mixed,mixed,1.5,both_own,477,B_concede,14,13,restored,0.012578616352201259,0.012578616352201259,0.0,-0.0082266572048171,0.0082266572048171
mixed,mixed,1.5,both_own,477,B_concede,15,14,restored,0.008385744234800839,0.010482180293501049,0.0020964360587002098,-0.007099317872618589,0.011292189990019009
mixed,mixed,1.5,both_own,477,B_concede,16,15,restored,0.020964360587002098,0.010482180293501049,-0.010482180293501049,-0.02409200870224338,0.0031276481152412838
mixed,mixed,1.5,both_own,477,B_concede,17,16,restored,0.018867924528301886,0.012578616352201259,-0.006289308176100629,-0.015469620024431027,0.002891003672229768
mixed,mixed,1.5,both_own,477,B_concede,18,17,restored,0.020964360587002098,0.018867924528301886,-0.0020964360587002098,-0.01443498456048656,0.01024211244308614
mixed,mixed,1.5,both_own,477,B_concede,19,18,restored,0.014675052410901468,0.014675052410901468,0.0,-0.005817125096023341,0.005817125096023341
mixed,mixed,1.5,both_own,477,B_concede,20,19,restored,0.020964360587002098,0.010482180293501049,-0.010482180293501049,-0.019631529787703147,-0.0013328307992989518
mixed,mixed,1.5,both_own,477,B_concede,21,20,restored,0.031446540880503145,0.014675052410901468,-0.016771488469601678,-0.03208822744424424,-0.0014547494949591153
mixed,mixed,1.5,both_own,477,B_concede,22,21,restored,0.023060796645702306,0.020964360587002098,-0.0020964360587002098,-0.015737503594407183,0.011544631477006765
mixed,mixed,1.5,both_own,477,B_concede,23,22,restored,0.016771488469601678,0.014675052410901468,-0.0020964360587002098,-0.014434984560486563,0.010242112443086144
mixed,mixed,1.5,both_own,477,B_concede,24,23,restored,0.025157232704402517,0.020964360587002098,-0.0041928721174004195,-0.0142613849560459,0.005875640721245062
mixed,mixed,1.5,both_own,477,any_concede,1,0,pre,0.0041928721174004195,0.0041928721174004195,0.0,0.0,0.0
mixed,mixed,1.5,both_own,477,any_concede,2,1,pre,0.0,0.0,0.0,0.0,0.0
mixed,mixed,1.5,both_own,477,any_concede,3,2,pre,0.0041928721174004195,0.0041928721174004195,0.0,0.0,0.0
mixed,mixed,1.5,both_own,477,any_concede,4,3,pre,0.008385744234800839,0.008385744234800839,0.0,0.0,0.0
mixed,mixed,1.5,both_own,477,any_concede,5,4,pre,0.006289308176100629,0.006289308176100629,0.0,0.0,0.0
mixed,mixed,1.5,both_own,477,any_concede,6,5,pre,0.008385744234800839,0.008385744234800839,0.0,0.0,0.0
mixed,mixed,1.5,both_own,477,any_concede,7,6,pre,0.008385744234800839,0.008385744234800839,0.0,0.0,0.0
mixed,mixed,1.5,both_own,477,any_concede,8,7,removed,0.023060796645702306,0.3668763102725367,0.3438155136268344,0.3011449569417305,0.38648607031193827
mixed,mixed,1.5,both_own,477,any_concede,9,8,removed,0.020964360587002098,0.38155136268343814,0.36058700209643607,0.3174501589674218,0.40372384522545035
mixed,mixed,1.5,both_own,477,any_concede,10,9,removed,0.020964360587002098,0.4381551362683438,0.4171907756813417,0.37289287428313167,0.46148867707955177
mixed,mixed,1.5,both_own,477,any_concede,11,10,restored,0.031446540880503145,0.03773584905660377,0.006289308176100629,-0.014269572373687122,0.02684818872588838
mixed,mixed,1.5,both_own,477,any_concede,12,11,restored,0.027253668763102725,0.033542976939203356,0.006289308176100629,-0.00963152244125468,0.022210138793455937
mixed,mixed,1.5,both_own,477,any_concede,13,12,restored,0.023060796645702306,0.020964360587002098,-0.0020964360587002098,-0.012977650823061296,0.008784778705660877
mixed,mixed,1.5,both_own,477,any_concede,14,13,restored,0.027253668763102725,0.027253668763102725,0.0,-0.010075556220296409,0.010075556220296409
mixed,mixed,1.5,both_own,477,any_concede,15,14,restored,0.016771488469601678,0.020964360587002098,0.0041928721174004195,-0.00880916001406034,0.01719490424886118
mixed,mixed,1.5,both_own,477,any_concede,16,15,restored,0.03563941299790356,0.027253668763102725,-0.008385744234800839,-0.02261480382534188,0.005843315355740201
mixed,mixed,1.5,both_own,477,any_concede,17,16,restored,0.03773584905660377,0.031446540880503145,-0.006289308176100629,-0.015469620024431027,0.002891003672229768
mixed,mixed,1.5,both_own,477,any_concede,18,17,restored,0.05660377358490566,0.05660377358490566,0.0,-0.01745137528807002,0.01745137528807002
mixed,mixed,1.5,both_own,477,any_concede,19,18,restored,0.03773584905660377,0.03563941299790356,-0.0020964360587002098,-0.014434984560486563,0.010242112443086144
mixed,mixed,1.5,both_own,477,any_concede,20,19,restored,0.0440251572327044,0.027253668763102725,-0.016771488469601678,-0.030940593890712423,-0.0026023830484909333
mixed,mixed,1.5,both_own,477,any_concede,21,20,restored,0.0440251572327044,0.031446540880503145,-0.012578616352201259,-0.028993079906177457,0.0038358472017749404
mixed,mixed,1.5,both_own,477,any_concede,22,21,restored,0.039832285115303984,0.033542976939203356,-0.006289308176100629,-0.02684818872588838,0.014269572373687122
mixed,mixed,1.5,both_own,477,any_concede,23,22,restored,0.041928721174004195,0.041928721174004195,0.0,-0.014248988255195784,0.014248988255195784
mixed,mixed,1.5,both_own,477,any_concede,24,23,restored,0.041928721174004195,0.029350104821802937,-0.012578616352201259,-0.026782725792755563,0.001625493088353044
mixed,mixed,1.5,both_own,477,MN,1,0,pre,0.9958071278825996,0.9958071278825996,0.0,0.0,0.0
mixed,mixed,1.5,both_own,477,MN,2,1,pre,1.0,1.0,0.0,0.0,0.0
mixed,mixed,1.5,both_own,477,MN,3,2,pre,0.9958071278825996,0.9958071278825996,0.0,0.0,0.0
mixed,mixed,1.5,both_own,477,MN,4,3,pre,0.9916142557651991,0.9916142557651991,0.0,0.0,0.0
mixed,mixed,1.5,both_own,477,MN,5,4,pre,0.9937106918238994,0.9937106918238994,0.0,0.0,0.0
mixed,mixed,1.5,both_own,477,MN,6,5,pre,0.9916142557651991,0.9916142557651991,0.0,0.0,0.0
mixed,mixed,1.5,both_own,477,MN,7,6,pre,0.9916142557651991,0.9916142557651991,0.0,0.0,0.0
mixed,mixed,1.5,both_own,477,MN,8,7,removed,0.9769392033542977,0.6331236897274634,-0.3438155136268344,-0.38648607031193827,-0.3011449569417305
mixed,mixed,1.5,both_own,477,MN,9,8,removed,0.9790356394129979,0.6184486373165619,-0.36058700209643607,-0.40372384522545035,-0.3174501589674218
mixed,mixed,1.5,both_own,477,MN,10,9,removed,0.9790356394129979,0.5618448637316562,-0.4171907756813417,-0.46148867707955177,-0.37289287428313167
mixed,mixed,1.5,both_own,477,MN,11,10,restored,0.9685534591194969,0.9622641509433962,-0.006289308176100629,-0.02684818872588838,0.014269572373687122
mixed,mixed,1.5,both_own,477,MN,12,11,restored,0.9727463312368972,0.9664570230607966,-0.006289308176100629,-0.022210138793455937,0.00963152244125468
mixed,mixed,1.5,both_own,477,MN,13,12,restored,0.9769392033542977,0.9790356394129979,0.0020964360587002098,-0.008784778705660877,0.012977650823061296
mixed,mixed,1.5,both_own,477,MN,14,13,restored,0.9727463312368972,0.9727463312368972,0.0,-0.010075556220296409,0.010075556220296409
mixed,mixed,1.5,both_own,477,MN,15,14,restored,0.9832285115303984,0.9790356394129979,-0.0041928721174004195,-0.01719490424886118,0.00880916001406034
mixed,mixed,1.5,both_own,477,MN,16,15,restored,0.9643605870020965,0.9727463312368972,0.008385744234800839,-0.005843315355740201,0.02261480382534188
mixed,mixed,1.5,both_own,477,MN,17,16,restored,0.9622641509433962,0.9685534591194969,0.006289308176100629,-0.002891003672229768,0.015469620024431027
mixed,mixed,1.5,both_own,477,MN,18,17,restored,0.9433962264150944,0.9433962264150944,0.0,-0.01745137528807002,0.01745137528807002
mixed,mixed,1.5,both_own,477,MN,19,18,restored,0.9622641509433962,0.9643605870020965,0.0020964360587002098,-0.010242112443086144,0.014434984560486563
mixed,mixed,1.5,both_own,477,MN,20,19,restored,0.9559748427672956,0.9727463312368972,0.016771488469601678,0.0026023830484909333,0.030940593890712423
mixed,mixed,1.5,both_own,477,MN,21,20,restored,0.9559748427672956,0.9685534591194969,0.012578616352201259,-0.0038358472017749404,0.028993079906177457
mixed,mixed,1.5,both_own,477,MN,22,21,restored,0.960167714884696,0.9664570230607966,0.006289308176100629,-0.014269572373687122,0.02684818872588838
mixed,mixed,1.5,both_own,477,MN,23,22,restored,0.9580712788259959,0.9580712788259959,0.0,-0.014248988255195784,0.014248988255195784
mixed,mixed,1.5,both_own,477,MN,24,23,restored,0.9580712788259959,0.9706498951781971,0.012578616352201259,-0.001625493088353044,0.026782725792755563
mixed,mixed,1.5,both_own,477,U,1,0,pre,0.9958071278825996,0.9958071278825996,0.0,0.0,0.0
mixed,mixed,1.5,both_own,477,U,2,1,pre,1.0,1.0,0.0,0.0,0.0
mixed,mixed,1.5,both_own,477,U,3,2,pre,0.9958071278825996,0.9958071278825996,0.0,0.0,0.0
mixed,mixed,1.5,both_own,477,U,4,3,pre,0.9874213836477987,0.9874213836477987,0.0,0.0,0.0
mixed,mixed,1.5,both_own,477,U,5,4,pre,0.9874213836477987,0.9874213836477987,0.0,0.0,0.0
mixed,mixed,1.5,both_own,477,U,6,5,pre,0.9853249475890985,0.9853249475890985,0.0,0.0,0.0
mixed,mixed,1.5,both_own,477,U,7,6,pre,0.9769392033542977,0.9769392033542977,0.0,0.0,0.0
mixed,mixed,1.5,both_own,477,U,8,7,removed,0.9643605870020965,0.6247379454926625,-0.33962264150943394,-0.38216749183417487,-0.297077791184693
mixed,mixed,1.5,both_own,477,U,9,8,removed,0.949685534591195,0.48846960167714887,-0.4612159329140461,-0.5059988230491158,-0.41643304277897636
mixed,mixed,1.5,both_own,477,U,10,9,removed,0.9371069182389937,0.389937106918239,-0.5471698113207547,-0.5918877056341942,-0.5024519170073152
mixed,mixed,1.5,both_own,477,U,11,10,restored,0.9224318658280922,0.4968553459119497,-0.42557651991614254,-0.4699943681954593,-0.38115867163682576
mixed,mixed,1.5,both_own,477,U,12,11,restored,0.9119496855345912,0.570230607966457,-0.3417190775681342,-0.3855023238185618,-0.29793583131770657
mixed,mixed,1.5,both_own,477,U,13,12,restored,0.9077568134171907,0.6331236897274634,-0.2746331236897275,-0.3171863104209998,-0.23207993695845514
mixed,mixed,1.5,both_own,477,U,14,13,restored,0.9035639412997903,0.6813417190775681,-0.2222222222222222,-0.2621965909027814,-0.182247853541663
mixed,mixed,1.5,both_own,477,U,15,14,restored,0.9140461215932913,0.7337526205450734,-0.18029350104821804,-0.21942307498970137,-0.1411639271067347
mixed,mixed,1.5,both_own,477,U,16,15,restored,0.89937106918239,0.7610062893081762,-0.13836477987421383,-0.17670222153873505,-0.10002733820969262
mixed,mixed,1.5,both_own,477,U,17,16,restored,0.8825995807127882,0.7631027253668763,-0.11949685534591195,-0.15633094456439325,-0.08266276612743065
mixed,mixed,1.5,both_own,477,U,18,17,restored,0.8574423480083857,0.7631027253668763,-0.09433962264150944,-0.13037639968275508,-0.0583028456002638
mixed,mixed,1.5,both_own,477,U,19,18,restored,0.8385744234800838,0.7631027253668763,-0.07547169811320754,-0.11020023184923419,-0.0407431643771809
mixed,mixed,1.5,both_own,477,U,20,19,restored,0.8238993710691824,0.7756813417190775,-0.04821802935010482,-0.08357614682544598,-0.012859911874763666
mixed,mixed,1.5,both_own,477,U,21,20,restored,0.8134171907756813,0.7819706498951782,-0.031446540880503145,-0.06743012707793569,0.004537045316929403
mixed,mixed,1.5,both_own,477,U,22,21,restored,0.8071278825995807,0.7756813417190775,-0.031446540880503145,-0.06881411116245234,0.005921029401446044
mixed,mixed,1.5,both_own,477,U,23,22,restored,0.790356394129979,0.7735849056603774,-0.016771488469601678,-0.05353135323335216,0.019988376294148805
mixed,mixed,1.5,both_own,477,U,24,23,restored,0.7819706498951782,0.7840670859538784,0.0020964360587002098,-0.0339973845778798,0.03819025669528022
mixed,mixed,1.5,both_own,477,belief_gap,1,0,pre,0.5433171724767037,0.5433171724767037,0.0,0.0,0.0
mixed,mixed,1.5,both_own,477,belief_gap,2,1,pre,0.49804336226658263,0.49804336226658263,0.0,0.0,0.0
mixed,mixed,1.5,both_own,477,belief_gap,3,2,pre,0.47409399212430925,0.47409399212430925,0.0,0.0,0.0
mixed,mixed,1.5,both_own,477,belief_gap,4,3,pre,0.45007061862098163,0.45007061862098163,0.0,0.0,0.0
mixed,mixed,1.5,both_own,477,belief_gap,5,4,pre,0.4306213144733185,0.4306213144733185,0.0,0.0,0.0
mixed,mixed,1.5,both_own,477,belief_gap,6,5,pre,0.4199683193955933,0.4199683193955933,0.0,0.0,0.0
mixed,mixed,1.5,both_own,477,belief_gap,7,6,pre,0.4109200315647079,0.4109200315647079,0.0,0.0,0.0
mixed,mixed,1.5,both_own,477,belief_gap,8,7,removed,0.3991547702611386,0.39809494188313044,-0.001059828378008186,-0.0019253430924192037,-0.00019431366359716842
mixed,mixed,1.5,both_own,477,belief_gap,9,8,removed,0.38897309388211476,0.39025547277785905,0.0012823788957442752,-0.0006837643087840726,0.003248522100272623
mixed,mixed,1.5,both_own,477,belief_gap,10,9,removed,0.3800837524778571,0.38723552811062795,0.007151775632770985,0.004448675442795807,0.009854875822746162
mixed,mixed,1.5,both_own,477,belief_gap,11,10,restored,0.37294978841758775,0.38407719024228726,0.011127401824699502,0.00807101598574898,0.014183787663650024
mixed,mixed,1.5,both_own,477,belief_gap,12,11,restored,0.3695969232130977,0.3827208893523725,0.013123966139274803,0.00994907843307885,0.016298853845470754
mixed,mixed,1.5,both_own,477,belief_gap,13,12,restored,0.3649208277964865,0.377500694443166,0.012579866646679512,0.009373689846716729,0.015786043446642296
mixed,mixed,1.5,both_own,477,belief_gap,14,13,restored,0.36116901993110945,0.372709481767509,0.011540461836399517,0.00814530070642173,0.014935622966377305
mixed,mixed,1.5,both_own,477,belief_gap,15,14,restored,0.35758080899754885,0.36811846718125985,0.010537658183711026,0.007633327334689357,0.013441989032732695
mixed,mixed,1.5,both_own,477,belief_gap,16,15,restored,0.35160596699007457,0.3634507137502351,0.011844746760160512,0.008758625000683615,0.01493086851963741
mixed,mixed,1.5,both_own,477,belief_gap,17,16,restored,0.34761510210464885,0.35909232773218086,0.011477225627532004,0.008521425728242356,0.014433025526821653
mixed,mixed,1.5,both_own,477,belief_gap,18,17,restored,0.34055754365177404,0.35158712446284573,0.011029580811071681,0.008144549733020062,0.0139146118891233
mixed,mixed,1.5,both_own,477,belief_gap,19,18,restored,0.33460241626753595,0.345954148899867,0.011351732632331009,0.008294089694631804,0.014409375570030213
mixed,mixed,1.5,both_own,477,belief_gap,20,19,restored,0.3279206659569923,0.340382844115016,0.01246217815802369,0.008801694778983411,0.01612266153706397
mixed,mixed,1.5,both_own,477,belief_gap,21,20,restored,0.3228683066772376,0.3342479936142506,0.011379686937013033,0.008052849259661824,0.014706524614364242
mixed,mixed,1.5,both_own,477,belief_gap,22,21,restored,0.3167892991141041,0.3275490668857882,0.010759767771684107,0.007222135567114126,0.014297399976254089
mixed,mixed,1.5,both_own,477,belief_gap,23,22,restored,0.3152008018132797,0.32568181538837854,0.010481013575098796,0.00729485146465139,0.013667175685546202
mixed,mixed,1.5,both_own,477,belief_gap,24,23,restored,0.3116433887106872,0.3221702101755852,0.010526821464897999,0.007551669649297935,0.013501973280498063
costly,costly,0.0,all,2000,A_concede,1,0,pre,0.0035,0.0035,0.0,0.0,0.0
costly,costly,0.0,all,2000,A_concede,2,1,pre,0.0095,0.0095,0.0,0.0,0.0
costly,costly,0.0,all,2000,A_concede,3,2,pre,0.0105,0.0105,0.0,0.0,0.0
costly,costly,0.0,all,2000,A_concede,4,3,pre,0.0075,0.0075,0.0,0.0,0.0
costly,costly,0.0,all,2000,A_concede,5,4,pre,0.009,0.009,0.0,0.0,0.0
costly,costly,0.0,all,2000,A_concede,6,5,pre,0.0075,0.0075,0.0,0.0,0.0
costly,costly,0.0,all,2000,A_concede,7,6,pre,0.0095,0.0095,0.0,0.0,0.0
costly,costly,0.0,all,2000,A_concede,8,7,removed,0.009,0.4495,0.4405,0.4187368038617239,0.4622631961382761
costly,costly,0.0,all,2000,A_concede,9,8,removed,0.008,0.452,0.444,0.4222189628807764,0.4657810371192236
costly,costly,0.0,all,2000,A_concede,10,9,removed,0.0165,0.4485,0.432,0.41028470590116495,0.45371529409883504
costly,costly,0.0,all,2000,A_concede,11,10,restored,0.0085,0.0095,0.001,-0.0003855825921105461,0.002385582592110546
costly,costly,0.0,all,2000,A_concede,12,11,restored,0.014,0.013,-0.001,-0.003400700081317993,0.001400700081317993
costly,costly,0.0,all,2000,A_concede,13,12,restored,0.013,0.0115,-0.0015,-0.003690908085502347,0.000690908085502347
costly,costly,0.0,all,2000,A_concede,14,13,restored,0.0105,0.011,0.0005,-0.0016917850626556514,0.0026917850626556514
costly,costly,0.0,all,2000,A_concede,15,14,restored,0.0165,0.0165,0.0,-0.002401100298055177,0.002401100298055177
costly,costly,0.0,all,2000,A_concede,16,15,restored,0.0125,0.0115,-0.001,-0.00296,0.0009599999999999999
costly,costly,0.0,all,2000,A_concede,17,16,restored,0.012,0.0115,-0.0005,-0.002197692810976185,0.001197692810976185
costly,costly,0.0,all,2000,A_concede,18,17,restored,0.0125,0.013,0.0005,-0.002093392110985275,0.003093392110985275
costly,costly,0.0,all,2000,A_concede,19,18,restored,0.009,0.008,-0.001,-0.0029599999999999995,0.0009599999999999995
costly,costly,0.0,all,2000,A_concede,20,19,restored,0.013,0.013,0.0,-0.002401100298055177,0.002401100298055177
costly,costly,0.0,all,2000,A_concede,21,20,restored,0.015,0.012,-0.003,-0.00576943092960213,-0.00023056907039786974
costly,costly,0.0,all,2000,A_concede,22,21,restored,0.0105,0.008,-0.0025,-0.004689153077241927,-0.0003108469227580731
costly,costly,0.0,all,2000,A_concede,23,22,restored,0.0095,0.009,-0.0005,-0.002197692810976185,0.0011976928109761846
costly,costly,0.0,all,2000,A_concede,24,23,restored,0.0145,0.0135,-0.001,-0.00296,0.0009599999999999999
costly,costly,0.0,all,2000,B_concede,1,0,pre,0.015,0.015,0.0,0.0,0.0
costly,costly,0.0,all,2000,B_concede,2,1,pre,0.014,0.014,0.0,0.0,0.0
costly,costly,0.0,all,2000,B_concede,3,2,pre,0.009,0.009,0.0,0.0,0.0
costly,costly,0.0,all,2000,B_concede,4,3,pre,0.008,0.008,0.0,0.0,0.0
costly,costly,0.0,all,2000,B_concede,5,4,pre,0.0065,0.0065,0.0,0.0,0.0
costly,costly,0.0,all,2000,B_concede,6,5,pre,0.008,0.008,0.0,0.0,0.0
costly,costly,0.0,all,2000,B_concede,7,6,pre,0.0115,0.0115,0.0,0.0,0.0
costly,costly,0.0,all,2000,B_concede,8,7,removed,0.0105,0.4595,0.449,0.42719537388396606,0.47080462611603396
costly,costly,0.0,all,2000,B_concede,9,8,removed,0.0055,0.458,0.4525,0.43063619410980786,0.47436380589019217
costly,costly,0.0,all,2000,B_concede,10,9,removed,0.0145,0.4545,0.44,0.41823944208113056,0.46176055791886944
costly,costly,0.0,all,2000,B_concede,11,10,restored,0.01,0.012,0.002,4.147128758379484e-05,0.003958528712416205
costly,costly,0.0,all,2000,B_concede,12,11,restored,0.0075,0.0095,0.002,-0.00039949903058928045,0.0043994990305892805
costly,costly,0.0,all,2000,B_concede,13,12,restored,0.006,0.005,-0.001,-0.00296,0.0009599999999999999
costly,costly,0.0,all,2000,B_concede,14,13,restored,0.007,0.009,0.002,4.147128758379484e-05,0.003958528712416205
costly,costly,0.0,all,2000,B_concede,15,14,restored,0.011,0.0095,-0.0015,-0.0044399999999999995,0.0014399999999999999
costly,costly,0.0,all,2000,B_concede,16,15,restored,0.0165,0.0165,0.0,-0.0019604901838265955,0.0019604901838265955
costly,costly,0.0,all,2000,B_concede,17,16,restored,0.0095,0.01,0.0005,-0.00047999999999999996,0.00148
costly,costly,0.0,all,2000,B_concede,18,17,restored,0.0065,0.0065,0.0,-0.0019604901838265955,0.0019604901838265955
costly,costly,0.0,all,2000,B_concede,19,18,restored,0.0045,0.0045,0.0,-0.001386275903433447,0.001386275903433447
costly,costly,0.0,all,2000,B_concede,20,19,restored,0.011,0.0095,-0.0015,-0.0031965604494621873,0.00019656044946218722
costly,costly,0.0,all,2000,B_concede,21,20,restored,0.0115,0.0115,0.0,-0.0019604901838265955,0.0019604901838265955
costly,costly,0.0,all,2000,B_concede,22,21,restored,0.01,0.008,-0.002,-0.003958528712416205,-4.147128758379484e-05
costly,costly,0.0,all,2000,B_concede,23,22,restored,0.011,0.0095,-0.0015,-0.0031965604494621873,0.00019656044946218722
costly,costly,0.0,all,2000,B_concede,24,23,restored,0.011,0.01,-0.001,-0.0029599999999999995,0.0009599999999999995
costly,costly,0.0,all,2000,any_concede,1,0,pre,0.0185,0.0185,0.0,0.0,0.0
costly,costly,0.0,all,2000,any_concede,2,1,pre,0.0235,0.0235,0.0,0.0,0.0
costly,costly,0.0,all,2000,any_concede,3,2,pre,0.0195,0.0195,0.0,0.0,0.0
costly,costly,0.0,all,2000,any_concede,4,3,pre,0.0155,0.0155,0.0,0.0,0.0
costly,costly,0.0,all,2000,any_concede,5,4,pre,0.0155,0.0155,0.0,0.0,0.0
costly,costly,0.0,all,2000,any_concede,6,5,pre,0.0155,0.0155,0.0,0.0,0.0
costly,costly,0.0,all,2000,any_concede,7,6,pre,0.021,0.021,0.0,0.0,0.0
costly,costly,0.0,all,2000,any_concede,8,7,removed,0.0195,0.9085,0.889,0.8752291088915437,0.9027708911084563
costly,costly,0.0,all,2000,any_concede,9,8,removed,0.0135,0.9085,0.895,0.8815613438640849,0.9084386561359151
costly,costly,0.0,all,2000,any_concede,10,9,removed,0.031,0.9025,0.8715,0.8568298371843215,0.8861701628156786
costly,costly,0.0,all,2000,any_concede,11,10,restored,0.0185,0.0215,0.003,0.0006025040576892113,0.005397495942310789
costly,costly,0.0,all,2000,any_concede,12,11,restored,0.0215,0.0225,0.001,-0.002395385621952369,0.004395385621952369
costly,costly,0.0,all,2000,any_concede,13,12,restored,0.019,0.0165,-0.0025,-0.005438692388882892,0.0004386923888828921
costly,costly,0.0,all,2000,any_concede,14,13,restored,0.0175,0.02,0.0025,-0.0004386923888828921,0.005438692388882892
costly,costly,0.0,all,2000,any_concede,15,14,restored,0.0275,0.026,-0.0015,-0.005295903402527608,0.0022959034025276073
costly,costly,0.0,all,2000,any_concede,16,15,restored,0.029,0.028,-0.001,-0.003772205216227767,0.0017722052162277668
costly,costly,0.0,all,2000,any_concede,17,16,restored,0.0215,0.0215,0.0,-0.0019604901838265955,0.0019604901838265955
costly,costly,0.0,all,2000,any_concede,18,17,restored,0.019,0.0195,0.0005,-0.002751031282870268,0.003751031282870268
costly,costly,0.0,all,2000,any_concede,19,18,restored,0.0135,0.0125,-0.001,-0.003400700081317993,0.001400700081317993
costly,costly,0.0,all,2000,any_concede,20,19,restored,0.024,0.0225,-0.0015,-0.0044399999999999995,0.0014399999999999999
costly,costly,0.0,all,2000,any_concede,21,20,restored,0.0265,0.0235,-0.003,-0.006097016072653989,9.701607265398928e-05
costly,costly,0.0,all,2000,any_concede,22,21,restored,0.0205,0.016,-0.0045,-0.007434111160837652,-0.0015658888391623465
costly,costly,0.0,all,2000,any_concede,23,22,restored,0.0205,0.0185,-0.002,-0.0043994990305892805,0.0003994990305892809
costly,costly,0.0,all,2000,any_concede,24,23,restored,0.0255,0.0235,-0.002,-0.0047711651842210915,0.0007711651842210914
costly,costly,0.0,all,2000,MN,1,0,pre,0.9815,0.9815,0.0,0.0,0.0
costly,costly,0.0,all,2000,MN,2,1,pre,0.9765,0.9765,0.0,0.0,0.0
costly,costly,0.0,all,2000,MN,3,2,pre,0.9805,0.9805,0.0,0.0,0.0
costly,costly,0.0,all,2000,MN,4,3,pre,0.9845,0.9845,0.0,0.0,0.0
costly,costly,0.0,all,2000,MN,5,4,pre,0.9845,0.9845,0.0,0.0,0.0
costly,costly,0.0,all,2000,MN,6,5,pre,0.9845,0.9845,0.0,0.0,0.0
costly,costly,0.0,all,2000,MN,7,6,pre,0.979,0.979,0.0,0.0,0.0
costly,costly,0.0,all,2000,MN,8,7,removed,0.9805,0.0915,-0.889,-0.9027708911084563,-0.8752291088915437
costly,costly,0.0,all,2000,MN,9,8,removed,0.9865,0.0915,-0.895,-0.9084386561359151,-0.8815613438640849
costly,costly,0.0,all,2000,MN,10,9,removed,0.969,0.0975,-0.8715,-0.8861701628156786,-0.8568298371843215
costly,costly,0.0,all,2000,MN,11,10,restored,0.9815,0.9785,-0.003,-0.005397495942310789,-0.0006025040576892113
costly,costly,0.0,all,2000,MN,12,11,restored,0.9785,0.9775,-0.001,-0.004395385621952369,0.002395385621952369
costly,costly,0.0,all,2000,MN,13,12,restored,0.981,0.9835,0.0025,-0.0004386923888828921,0.005438692388882892
costly,costly,0.0,all,2000,MN,14,13,restored,0.9825,0.98,-0.0025,-0.005438692388882892,0.0004386923888828921
costly,costly,0.0,all,2000,MN,15,14,restored,0.9725,0.974,0.0015,-0.0022959034025276073,0.005295903402527608
costly,costly,0.0,all,2000,MN,16,15,restored,0.971,0.972,0.001,-0.0017722052162277668,0.003772205216227767
costly,costly,0.0,all,2000,MN,17,16,restored,0.9785,0.9785,0.0,-0.0019604901838265955,0.0019604901838265955
costly,costly,0.0,all,2000,MN,18,17,restored,0.981,0.9805,-0.0005,-0.003751031282870268,0.002751031282870268
costly,costly,0.0,all,2000,MN,19,18,restored,0.9865,0.9875,0.001,-0.001400700081317993,0.003400700081317993
costly,costly,0.0,all,2000,MN,20,19,restored,0.976,0.9775,0.0015,-0.0014399999999999999,0.0044399999999999995
costly,costly,0.0,all,2000,MN,21,20,restored,0.9735,0.9765,0.003,-9.701607265398928e-05,0.006097016072653989
costly,costly,0.0,all,2000,MN,22,21,restored,0.9795,0.984,0.0045,0.0015658888391623465,0.007434111160837652
costly,costly,0.0,all,2000,MN,23,22,restored,0.9795,0.9815,0.002,-0.0003994990305892809,0.0043994990305892805
costly,costly,0.0,all,2000,MN,24,23,restored,0.9745,0.9765,0.002,-0.0007711651842210914,0.0047711651842210915
costly,costly,0.0,all,2000,U,1,0,pre,0.9815,0.9815,0.0,0.0,0.0
costly,costly,0.0,all,2000,U,2,1,pre,0.9595,0.9595,0.0,0.0,0.0
costly,costly,0.0,all,2000,U,3,2,pre,0.9415,0.9415,0.0,0.0,0.0
costly,costly,0.0,all,2000,U,4,3,pre,0.927,0.927,0.0,0.0,0.0
costly,costly,0.0,all,2000,U,5,4,pre,0.914,0.914,0.0,0.0,0.0
costly,costly,0.0,all,2000,U,6,5,pre,0.9015,0.9015,0.0,0.0,0.0
costly,costly,0.0,all,2000,U,7,6,pre,0.8845,0.8845,0.0,0.0,0.0
costly,costly,0.0,all,2000,U,8,7,removed,0.869,0.09,-0.779,-0.7971892394402764,-0.7608107605597236
costly,costly,0.0,all,2000,U,9,8,removed,0.8595,0.057,-0.8025,-0.8200073941357562,-0.7849926058642438
costly,costly,0.0,all,2000,U,10,9,removed,0.833,0.053,-0.78,-0.7982125211863702,-0.7617874788136298
costly,costly,0.0,all,2000,U,11,10,restored,0.8205,0.0705,-0.75,-0.7690329169063226,-0.7309670830936774
costly,costly,0.0,all,2000,U,12,11,restored,0.802,0.083,-0.719,-0.7389469158248954,-0.6990530841751046
costly,costly,0.0,all,2000,U,13,12,restored,0.7885,0.0995,-0.689,-0.7098070269232462,-0.6681929730767537
costly,costly,0.0,all,2000,U,14,13,restored,0.779,0.1115,-0.6675,-0.688703394703997,-0.646296605296003
costly,costly,0.0,all,2000,U,15,14,restored,0.7595,0.1215,-0.638,-0.6597850953633441,-0.616214904636656
costly,costly,0.0,all,2000,U,16,15,restored,0.7385,0.1305,-0.608,-0.6303244659441126,-0.5856755340558873
costly,costly,0.0,all,2000,U,17,16,restored,0.728,0.14,-0.588,-0.6105778343536764,-0.5654221656463235
costly,costly,0.0,all,2000,U,18,17,restored,0.719,0.153,-0.566,-0.5888059871903379,-0.543194012809662
costly,costly,0.0,all,2000,U,19,18,restored,0.714,0.1565,-0.5575,-0.5803080832015683,-0.5346919167984316
costly,costly,0.0,all,2000,U,20,19,restored,0.7005,0.1625,-0.538,-0.56092834968788,-0.5150716503121201
costly,costly,0.0,all,2000,U,21,20,restored,0.6855,0.173,-0.5125,-0.5356488878891676,-0.4893511121108323
costly,costly,0.0,all,2000,U,22,21,restored,0.675,0.184,-0.491,-0.5143586049971677,-0.4676413950028323
costly,costly,0.0,all,2000,U,23,22,restored,0.6645,0.191,-0.4735,-0.4969562532410454,-0.45004374675895453
costly,costly,0.0,all,2000,U,24,23,restored,0.6495,0.1985,-0.451,-0.4744276116088014,-0.4275723883911986
costly,costly,0.0,all,2000,belief_gap,1,0,pre,0.15093464109104626,0.15093464109104626,0.0,0.0,0.0
costly,costly,0.0,all,2000,belief_gap,2,1,pre,0.1340118181705061,0.1340118181705061,0.0,0.0,0.0
costly,costly,0.0,all,2000,belief_gap,3,2,pre,0.12492955683835388,0.12492955683835388,0.0,0.0,0.0
costly,costly,0.0,all,2000,belief_gap,4,3,pre,0.11635228552383245,0.11635228552383245,0.0,0.0,0.0
costly,costly,0.0,all,2000,belief_gap,5,4,pre,0.10946361100452337,0.10946361100452337,0.0,0.0,0.0
costly,costly,0.0,all,2000,belief_gap,6,5,pre,0.10462599761657244,0.10462599761657244,0.0,0.0,0.0
costly,costly,0.0,all,2000,belief_gap,7,6,pre,0.10075830565368554,0.10075830565368554,0.0,0.0,0.0
costly,costly,0.0,all,2000,belief_gap,8,7,removed,0.09625568859518292,0.09733371590472478,0.0010780273095418534,0.0004930623188804165,0.0016629923002032903
costly,costly,0.0,all,2000,belief_gap,9,8,removed,0.09240176803657124,0.09792196892332908,0.005520200886757841,0.004303196358552644,0.006737205414963038
costly,costly,0.0,all,2000,belief_gap,10,9,removed,0.08838908927865774,0.09688955234915733,0.008500463070499594,0.007019955470287685,0.009980970670711502
costly,costly,0.0,all,2000,belief_gap,11,10,restored,0.08549501857582323,0.09562124797139486,0.010126229395571642,0.008696955933018967,0.011555502858124317
costly,costly,0.0,all,2000,belief_gap,12,11,restored,0.08376435994918631,0.09492893884913332,0.011164578899947014,0.009849035713947784,0.012480122085946245
costly,costly,0.0,all,2000,belief_gap,13,12,restored,0.08114614583885697,0.09378794578707673,0.01264179994821976,0.011341907765161613,0.013941692131277907
costly,costly,0.0,all,2000,belief_gap,14,13,restored,0.0793371734795673,0.09267767365028481,0.01334050017071751,0.011951920030283593,0.014729080311151426
costly,costly,0.0,all,2000,belief_gap,15,14,restored,0.07812869262024336,0.09188335146427955,0.013754658844036174,0.012437632661075263,0.015071685026997085
costly,costly,0.0,all,2000,belief_gap,16,15,restored,0.0764139037982139,0.09069961712977202,0.014285713331558118,0.012970535917671503,0.015600890745444733
costly,costly,0.0,all,2000,belief_gap,17,16,restored,0.07537968595632767,0.08957041477099534,0.014190728814667656,0.012890494322040518,0.015490963307294794
costly,costly,0.0,all,2000,belief_gap,18,17,restored,0.07377255401930154,0.08782578048919565,0.014053226469894113,0.012754641190792273,0.015351811748995954
costly,costly,0.0,all,2000,belief_gap,19,18,restored,0.07270397799731813,0.08684536343486753,0.014141385437549378,0.012727703523483257,0.0155550673516155
costly,costly,0.0,all,2000,belief_gap,20,19,restored,0.07126576036296663,0.08628495824550264,0.015019197882535999,0.013510921574476796,0.0165274741905952
costly,costly,0.0,all,2000,belief_gap,21,20,restored,0.07053600797791333,0.08556969558485326,0.015033687606939924,0.013518741725019738,0.016548633488860112
costly,costly,0.0,all,2000,belief_gap,22,21,restored,0.06987815940896439,0.08520640308603857,0.01532824367707419,0.013809441511659686,0.016847045842488695
costly,costly,0.0,all,2000,belief_gap,23,22,restored,0.06879964484113402,0.083861202882529,0.01506155804139501,0.01355544904426,0.01656766703853002
costly,costly,0.0,all,2000,belief_gap,24,23,restored,0.06761599254146966,0.0825418660344856,0.014925873493015922,0.013415415410781537,0.016436331575250308
costly,costly,0.0,both_own,477,A_concede,1,0,pre,0.0,0.0,0.0,0.0,0.0
costly,costly,0.0,both_own,477,A_concede,2,1,pre,0.0,0.0,0.0,0.0,0.0
costly,costly,0.0,both_own,477,A_concede,3,2,pre,0.0,0.0,0.0,0.0,0.0
costly,costly,0.0,both_own,477,A_concede,4,3,pre,0.0,0.0,0.0,0.0,0.0
costly,costly,0.0,both_own,477,A_concede,5,4,pre,0.0020964360587002098,0.0020964360587002098,0.0,0.0,0.0
costly,costly,0.0,both_own,477,A_concede,6,5,pre,0.0,0.0,0.0,0.0,0.0
costly,costly,0.0,both_own,477,A_concede,7,6,pre,0.0,0.0,0.0,0.0,0.0
costly,costly,0.0,both_own,477,A_concede,8,7,removed,0.0,0.31236897274633124,0.31236897274633124,0.2707334260045147,0.35400451948814776
costly,costly,0.0,both_own,477,A_concede,9,8,removed,0.0020964360587002098,0.31865828092243187,0.3165618448637317,0.2747757785028615,0.35834791122460186
costly,costly,0.0,both_own,477,A_concede,10,9,removed,0.0020964360587002098,0.3081761006289308,0.3060796645702306,0.2646773480954432,0.34748198104501804
costly,costly,0.0,both_own,477,A_concede,11,10,restored,0.0,0.0,0.0,0.0,0.0
costly,costly,0.0,both_own,477,A_concede,12,11,restored,0.006289308176100629,0.0020964360587002098,-0.0041928721174004195,-0.009997789172483958,0.0016120449376831178
costly,costly,0.0,both_own,477,A_concede,13,12,restored,0.014675052410901468,0.008385744234800839,-0.006289308176100629,-0.015469620024431027,0.002891003672229768
costly,costly,0.0,both_own,477,A_concede,14,13,restored,0.014675052410901468,0.014675052410901468,0.0,-0.0082266572048171,0.0082266572048171
costly,costly,0.0,both_own,477,A_concede,15,14,restored,0.008385744234800839,0.0041928721174004195,-0.0041928721174004195,-0.012410901467505243,0.004025157232704404
costly,costly,0.0,both_own,477,A_concede,16,15,restored,0.010482180293501049,0.008385744234800839,-0.0020964360587002098,-0.00620545073375262,0.0020125786163522003
costly,costly,0.0,both_own,477,A_concede,17,16,restored,0.006289308176100629,0.006289308176100629,0.0,-0.005817125096023341,0.005817125096023341
costly,costly,0.0,both_own,477,A_concede,18,17,restored,0.0041928721174004195,0.006289308176100629,0.0020964360587002098,-0.005025568292785445,0.009218440410185866
costly,costly,0.0,both_own,477,A_concede,19,18,restored,0.0041928721174004195,0.0020964360587002098,-0.0020964360587002098,-0.009218440410185866,0.005025568292785446
costly,costly,0.0,both_own,477,A_concede,20,19,restored,0.008385744234800839,0.008385744234800839,0.0,-0.005817125096023341,0.005817125096023341
costly,costly,0.0,both_own,477,A_concede,21,20,restored,0.006289308176100629,0.0041928721174004195,-0.0020964360587002098,-0.009218440410185866,0.005025568292785445
costly,costly,0.0,both_own,477,A_concede,22,21,restored,0.0020964360587002098,0.0020964360587002098,0.0,0.0,0.0
costly,costly,0.0,both_own,477,A_concede,23,22,restored,0.0041928721174004195,0.0041928721174004195,0.0,0.0,0.0
costly,costly,0.0,both_own,477,A_concede,24,23,restored,0.006289308176100629,0.006289308176100629,0.0,0.0,0.0
costly,costly,0.0,both_own,477,B_concede,1,0,pre,0.0,0.0,0.0,0.0,0.0
costly,costly,0.0,both_own,477,B_concede,2,1,pre,0.0,0.0,0.0,0.0,0.0
costly,costly,0.0,both_own,477,B_concede,3,2,pre,0.0,0.0,0.0,0.0,0.0
costly,costly,0.0,both_own,477,B_concede,4,3,pre,0.0,0.0,0.0,0.0,0.0
costly,costly,0.0,both_own,477,B_concede,5,4,pre,0.0,0.0,0.0,0.0,0.0
costly,costly,0.0,both_own,477,B_concede,6,5,pre,0.0,0.0,0.0,0.0,0.0
costly,costly,0.0,both_own,477,B_concede,7,6,pre,0.0020964360587002098,0.0020964360587002098,0.0,0.0,0.0
costly,costly,0.0,both_own,477,B_concede,8,7,removed,0.0,0.3731656184486373,0.3731656184486373,0.3297166158601601,0.41661462103711455
costly,costly,0.0,both_own,477,B_concede,9,8,removed,0.0041928721174004195,0.36268343815513626,0.3584905660377358,0.31501789507946504,0.4019632369960066
costly,costly,0.0,both_own,477,B_concede,10,9,removed,0.0,0.36058700209643607,0.36058700209643607,0.3174501589674218,0.40372384522545035
costly,costly,0.0,both_own,477,B_concede,11,10,restored,0.0020964360587002098,0.0020964360587002098,0.0,0.0,0.0
costly,costly,0.0,both_own,477,B_concede,12,11,restored,0.006289308176100629,0.0041928721174004195,-0.0020964360587002098,-0.00620545073375262,0.0020125786163522003
costly,costly,0.0,both_own,477,B_concede,13,12,restored,0.0020964360587002098,0.0,-0.0020964360587002098,-0.00620545073375262,0.0020125786163522003
costly,costly,0.0,both_own,477,B_concede,14,13,restored,0.0020964360587002098,0.006289308176100629,0.0041928721174004195,-0.0016120449376831178,0.009997789172483958
costly,costly,0.0,both_own,477,B_concede,15,14,restored,0.008385744234800839,0.0041928721174004195,-0.0041928721174004195,-0.012410901467505243,0.004025157232704404
costly,costly,0.0,both_own,477,B_concede,16,15,restored,0.010482180293501049,0.008385744234800839,-0.0020964360587002098,-0.009218440410185866,0.005025568292785445
costly,costly,0.0,both_own,477,B_concede,17,16,restored,0.0020964360587002098,0.0041928721174004195,0.0020964360587002098,-0.0020125786163521994,0.006205450733752619
costly,costly,0.0,both_own,477,B_concede,18,17,restored,0.0020964360587002098,0.0041928721174004195,0.0020964360587002098,-0.0020125786163521994,0.006205450733752619
costly,costly,0.0,both_own,477,B_concede,19,18,restored,0.0020964360587002098,0.0020964360587002098,0.0,0.0,0.0
costly,costly,0.0,both_own,477,B_concede,20,19,restored,0.010482180293501049,0.008385744234800839,-0.0020964360587002098,-0.006205450733752619,0.0020125786163521994
costly,costly,0.0,both_own,477,B_concede,21,20,restored,0.008385744234800839,0.008385744234800839,0.0,-0.005817125096023341,0.005817125096023341
costly,costly,0.0,both_own,477,B_concede,22,21,restored,0.006289308176100629,0.0020964360587002098,-0.0041928721174004195,-0.009997789172483958,0.0016120449376831178
costly,costly,0.0,both_own,477,B_concede,23,22,restored,0.0020964360587002098,0.0020964360587002098,0.0,0.0,0.0
costly,costly,0.0,both_own,477,B_concede,24,23,restored,0.0041928721174004195,0.0041928721174004195,0.0,-0.005817125096023341,0.005817125096023341
costly,costly,0.0,both_own,477,any_concede,1,0,pre,0.0,0.0,0.0,0.0,0.0
costly,costly,0.0,both_own,477,any_concede,2,1,pre,0.0,0.0,0.0,0.0,0.0
costly,costly,0.0,both_own,477,any_concede,3,2,pre,0.0,0.0,0.0,0.0,0.0
costly,costly,0.0,both_own,477,any_concede,4,3,pre,0.0,0.0,0.0,0.0,0.0
costly,costly,0.0,both_own,477,any_concede,5,4,pre,0.0020964360587002098,0.0020964360587002098,0.0,0.0,0.0
costly,costly,0.0,both_own,477,any_concede,6,5,pre,0.0,0.0,0.0,0.0,0.0
costly,costly,0.0,both_own,477,any_concede,7,6,pre,0.0020964360587002098,0.0020964360587002098,0.0,0.0,0.0
costly,costly,0.0,both_own,477,any_concede,8,7,removed,0.0,0.6855345911949685,0.6855345911949685,0.6438232915533353,0.7272458908366017
costly,costly,0.0,both_own,477,any_concede,9,8,removed,0.006289308176100629,0.6813417190775681,0.6750524109014675,0.6329770353646187,0.7171277864383163
costly,costly,0.0,both_own,477,any_concede,10,9,removed,0.0020964360587002098,0.6687631027253669,0.6666666666666666,0.6243173567279252,0.709015976605408
costly,costly,0.0,both_own,477,any_concede,11,10,restored,0.0020964360587002098,0.0020964360587002098,0.0,0.0,0.0
costly,costly,0.0,both_own,477,any_concede,12,11,restored,0.012578616352201259,0.006289308176100629,-0.006289308176100629,-0.013391362896377778,0.0008127465441765186
costly,costly,0.0,both_own,477,any_concede,13,12,restored,0.016771488469601678,0.008385744234800839,-0.008385744234800839,-0.0184330973032868,0.0016616088336851246
costly,costly,0.0,both_own,477,any_concede,14,13,restored,0.016771488469601678,0.020964360587002098,0.0041928721174004195,-0.005875640721245062,0.0142613849560459
costly,costly,0.0,both_own,477,any_concede,15,14,restored,0.016771488469601678,0.008385744234800839,-0.008385744234800839,-0.019995578344967912,0.003224089875366234
costly,costly,0.0,both_own,477,any_concede,16,15,restored,0.020964360587002098,0.016771488469601678,-0.0041928721174004195,-0.012410901467505243,0.004025157232704404
costly,costly,0.0,both_own,477,any_concede,17,16,restored,0.008385744234800839,0.010482180293501049,0.0020964360587002098,-0.005025568292785445,0.009218440410185866
costly,costly,0.0,both_own,477,any_concede,18,17,restored,0.006289308176100629,0.010482180293501049,0.0041928721174004195,-0.004025157232704404,0.012410901467505243
costly,costly,0.0,both_own,477,any_concede,19,18,restored,0.006289308176100629,0.0041928721174004195,-0.0020964360587002098,-0.009218440410185866,0.005025568292785446
costly,costly,0.0,both_own,477,any_concede,20,19,restored,0.018867924528301886,0.016771488469601678,-0.0020964360587002098,-0.009218440410185866,0.005025568292785445
costly,costly,0.0,both_own,477,any_concede,21,20,restored,0.014675052410901468,0.012578616352201259,-0.0020964360587002098,-0.011292189990019007,0.007099317872618588
costly,costly,0.0,both_own,477,any_concede,22,21,restored,0.008385744234800839,0.0041928721174004195,-0.0041928721174004195,-0.009997789172483958,0.0016120449376831178
costly,costly,0.0,both_own,477,any_concede,23,22,restored,0.006289308176100629,0.006289308176100629,0.0,0.0,0.0
costly,costly,0.0,both_own,477,any_concede,24,23,restored,0.010482180293501049,0.010482180293501049,0.0,-0.005817125096023341,0.005817125096023341
costly,costly,0.0,both_own,477,MN,1,0,pre,1.0,1.0,0.0,0.0,0.0
costly,costly,0.0,both_own,477,MN,2,1,pre,1.0,1.0,0.0,0.0,0.0
costly,costly,0.0,both_own,477,MN,3,2,pre,1.0,1.0,0.0,0.0,0.0
costly,costly,0.0,both_own,477,MN,4,3,pre,1.0,1.0,0.0,0.0,0.0
costly,costly,0.0,both_own,477,MN,5,4,pre,0.9979035639412998,0.9979035639412998,0.0,0.0,0.0
costly,costly,0.0,both_own,477,MN,6,5,pre,1.0,1.0,0.0,0.0,0.0
costly,costly,0.0,both_own,477,MN,7,6,pre,0.9979035639412998,0.9979035639412998,0.0,0.0,0.0
costly,costly,0.0,both_own,477,MN,8,7,removed,1.0,0.31446540880503143,-0.6855345911949685,-0.7272458908366017,-0.6438232915533353
costly,costly,0.0,both_own,477,MN,9,8,removed,0.9937106918238994,0.31865828092243187,-0.6750524109014675,-0.7171277864383163,-0.6329770353646187
costly,costly,0.0,both_own,477,MN,10,9,removed,0.9979035639412998,0.3312368972746331,-0.6666666666666666,-0.709015976605408,-0.6243173567279252
costly,costly,0.0,both_own,477,MN,11,10,restored,0.9979035639412998,0.9979035639412998,0.0,0.0,0.0
costly,costly,0.0,both_own,477,MN,12,11,restored,0.9874213836477987,0.9937106918238994,0.006289308176100629,-0.0008127465441765186,0.013391362896377778
costly,costly,0.0,both_own,477,MN,13,12,restored,0.9832285115303984,0.9916142557651991,0.008385744234800839,-0.0016616088336851246,0.0184330973032868
costly,costly,0.0,both_own,477,MN,14,13,restored,0.9832285115303984,0.9790356394129979,-0.0041928721174004195,-0.0142613849560459,0.005875640721245062
costly,costly,0.0,both_own,477,MN,15,14,restored,0.9832285115303984,0.9916142557651991,0.008385744234800839,-0.003224089875366234,0.019995578344967912
costly,costly,0.0,both_own,477,MN,16,15,restored,0.9790356394129979,0.9832285115303984,0.0041928721174004195,-0.004025157232704404,0.012410901467505243
costly,costly,0.0,both_own,477,MN,17,16,restored,0.9916142557651991,0.989517819706499,-0.0020964360587002098,-0.009218440410185866,0.005025568292785445
costly,costly,0.0,both_own,477,MN,18,17,restored,0.9937106918238994,0.989517819706499,-0.0041928721174004195,-0.012410901467505243,0.004025157232704404
costly,costly,0.0,both_own,477,MN,19,18,restored,0.9937106918238994,0.9958071278825996,0.0020964360587002098,-0.005025568292785446,0.009218440410185866
costly,costly,0.0,both_own,477,MN,20,19,restored,0.9811320754716981,0.9832285115303984,0.0020964360587002098,-0.005025568292785445,0.009218440410185866
costly,costly,0.0,both_own,477,MN,21,20,restored,0.9853249475890985,0.9874213836477987,0.0020964360587002098,-0.007099317872618588,0.011292189990019007
costly,costly,0.0,both_own,477,MN,22,21,restored,0.9916142557651991,0.9958071278825996,0.0041928721174004195,-0.0016120449376831178,0.009997789172483958
costly,costly,0.0,both_own,477,MN,23,22,restored,0.9937106918238994,0.9937106918238994,0.0,0.0,0.0
costly,costly,0.0,both_own,477,MN,24,23,restored,0.989517819706499,0.989517819706499,0.0,-0.005817125096023341,0.005817125096023341
costly,costly,0.0,both_own,477,U,1,0,pre,1.0,1.0,0.0,0.0,0.0
costly,costly,0.0,both_own,477,U,2,1,pre,1.0,1.0,0.0,0.0,0.0
costly,costly,0.0,both_own,477,U,3,2,pre,1.0,1.0,0.0,0.0,0.0
costly,costly,0.0,both_own,477,U,4,3,pre,1.0,1.0,0.0,0.0,0.0
costly,costly,0.0,both_own,477,U,5,4,pre,0.9979035639412998,0.9979035639412998,0.0,0.0,0.0
costly,costly,0.0,both_own,477,U,6,5,pre,0.9979035639412998,0.9979035639412998,0.0,0.0,0.0
costly,costly,0.0,both_own,477,U,7,6,pre,0.9958071278825996,0.9958071278825996,0.0,0.0,0.0
costly,costly,0.0,both_own,477,U,8,7,removed,0.9979035639412998,0.31446540880503143,-0.6834381551362684,-0.7252242214971385,-0.6416520887753983
costly,costly,0.0,both_own,477,U,9,8,removed,0.9916142557651991,0.22851153039832284,-0.7631027253668763,-0.8012992746028389,-0.7249061761309137
costly,costly,0.0,both_own,477,U,10,9,removed,0.9916142557651991,0.21593291404612158,-0.7756813417190775,-0.8131550754707864,-0.7382076079673687
costly,costly,0.0,both_own,477,U,11,10,restored,0.989517819706499,0.2746331236897275,-0.7148846960167715,-0.7554431002736681,-0.6743262917598749
costly,costly,0.0,both_own,477,U,12,11,restored,0.9769392033542977,0.3039832285115304,-0.6729559748427673,-0.716288897406566,-0.6296230522789685
costly,costly,0.0,both_own,477,U,13,12,restored,0.960167714884696,0.3522012578616352,-0.6079664570230608,-0.6548096180748596,-0.5611232959712621
costly,costly,0.0,both_own,477,U,14,13,restored,0.9517819706498952,0.37945492662473795,-0.5723270440251572,-0.6204292023031803,-0.5242248857471341
costly,costly,0.0,both_own,477,U,15,14,restored,0.939203354297694,0.40670859538784065,-0.5324947589098532,-0.5823231691850318,-0.4826663486346746
costly,costly,0.0,both_own,477,U,16,15,restored,0.9245283018867925,0.429769392033543,-0.4947589098532495,-0.5456773487740706,-0.4438404709324284
costly,costly,0.0,both_own,477,U,17,16,restored,0.9182389937106918,0.44863731656184486,-0.469601677148847,-0.5207806803223218,-0.41842267397537214
costly,costly,0.0,both_own,477,U,18,17,restored,0.9182389937106918,0.48218029350104824,-0.4360587002096436,-0.48731872834330797,-0.38479867207597923
costly,costly,0.0,both_own,477,U,19,18,restored,0.9203354297693921,0.4968553459119497,-0.42348008385744235,-0.47426878695231967,-0.372691380762565
costly,costly,0.0,both_own,477,U,20,19,restored,0.9140461215932913,0.5052410901467506,-0.4088050314465409,-0.45906226860083477,-0.35854779429224704
costly,costly,0.0,both_own,477,U,21,20,restored,0.909853249475891,0.5241090146750524,-0.3857442348008386,-0.4362935224061827,-0.3351949471954945
costly,costly,0.0,both_own,477,U,22,21,restored,0.9056603773584906,0.5513626834381551,-0.35429769392033544,-0.4048638195955779,-0.303731568245093
costly,costly,0.0,both_own,477,U,23,22,restored,0.9035639412997903,0.5618448637316562,-0.3417190775681342,-0.3916413642418526,-0.2917967908944158
costly,costly,0.0,both_own,477,U,24,23,restored,0.8951781970649895,0.570230607966457,-0.3249475890985325,-0.3744159235582911,-0.2754792546387739
costly,costly,0.0,both_own,477,belief_gap,1,0,pre,0.44580087278490027,0.44580087278490027,0.0,0.0,0.0
costly,costly,0.0,both_own,477,belief_gap,2,1,pre,0.4059013987996877,0.4059013987996877,0.0,0.0,0.0
costly,costly,0.0,both_own,477,belief_gap,3,2,pre,0.3779351488910411,0.3779351488910411,0.0,0.0,0.0
costly,costly,0.0,both_own,477,belief_gap,4,3,pre,0.35080299642343105,0.35080299642343105,0.0,0.0,0.0
costly,costly,0.0,both_own,477,belief_gap,5,4,pre,0.3281082715023837,0.3281082715023837,0.0,0.0,0.0
costly,costly,0.0,both_own,477,belief_gap,6,5,pre,0.31267670271272047,0.31267670271272047,0.0,0.0,0.0
costly,costly,0.0,both_own,477,belief_gap,7,6,pre,0.30020358340067604,0.30020358340067604,0.0,0.0,0.0
costly,costly,0.0,both_own,477,belief_gap,8,7,removed,0.2843959408377121,0.2814354035884206,-0.0029605372492914317,-0.004238011280925352,-0.0016830632176575116
costly,costly,0.0,both_own,477,belief_gap,9,8,removed,0.2712069116337286,0.2734559906131842,0.00224907897945559,-0.0008908254901509121,0.005388983449062091
costly,costly,0.0,both_own,477,belief_gap,10,9,removed,0.2594035751180932,0.26960714356560433,0.010203568447511186,0.00605163245002871,0.014355504444993662
costly,costly,0.0,both_own,477,belief_gap,11,10,restored,0.25000183246630275,0.26627880523666436,0.016276972770361598,0.012143398999145332,0.020410546541577864
costly,costly,0.0,both_own,477,belief_gap,12,11,restored,0.24526553976396576,0.2651825212519301,0.019916981487964336,0.0162458275163737,0.02358813545955497
costly,costly,0.0,both_own,477,belief_gap,13,12,restored,0.23731324659177425,0.26255205152557815,0.02523880493380388,0.021502753925879976,0.028974855941727787
costly,costly,0.0,both_own,477,belief_gap,14,13,restored,0.2306490077974469,0.26030780845249335,0.029658800655046395,0.025563188719217932,0.03375441259087486
costly,costly,0.0,both_own,477,belief_gap,15,14,restored,0.22810033054211326,0.2592543611892521,0.031154030647138863,0.02717391692827163,0.0351341443660061
costly,costly,0.0,both_own,477,belief_gap,16,15,restored,0.22271132206916874,0.25647849947584367,0.03376717740667493,0.029903330594912198,0.03763102421843767
costly,costly,0.0,both_own,477,belief_gap,17,16,restored,0.2190049210718625,0.25425569970454953,0.03525077863268707,0.031373978688764854,0.03912757857660929
costly,costly,0.0,both_own,477,belief_gap,18,17,restored,0.2136290124075261,0.24960316991810105,0.0359741575105749,0.03214467706047386,0.039803637960675944
costly,costly,0.0,both_own,477,belief_gap,19,18,restored,0.20933569239521402,0.24703759269560746,0.03770190030039343,0.03350812743947258,0.041895673161314276
costly,costly,0.0,both_own,477,belief_gap,20,19,restored,0.20567507268515245,0.245191563330658,0.03951649064550555,0.03506498777743323,0.04396799351357788
costly,costly,0.0,both_own,477,belief_gap,21,20,restored,0.20346267907220703,0.24311260711909566,0.03964992804688862,0.03535409545141309,0.04394576064236415
costly,costly,0.0,both_own,477,belief_gap,22,21,restored,0.20192182401435327,0.24194597401975598,0.04002415000540272,0.03559547143261777,0.04445282857818767
costly,costly,0.0,both_own,477,belief_gap,23,22,restored,0.19861147973284873,0.23721081651222944,0.038599336779380704,0.03410217095230503,0.04309650260645638
costly,costly,0.0,both_own,477,belief_gap,24,23,restored,0.19378836679334194,0.23211133556477986,0.03832296877143795,0.03379648618625623,0.04284945135661966
