A_type,B_type,beta,split,round,state,share
honest,honest,0.0,all,1,0,0.2445
honest,honest,0.0,all,1,1,0.749
honest,honest,0.0,all,1,2,0.0065
honest,honest,0.0,all,2,0,0.164
honest,honest,0.0,all,2,1,0.8355
honest,honest,0.0,all,2,2,0.0005
honest,honest,0.0,all,3,0,0.1545
honest,honest,0.0,all,3,1,0.8455
honest,honest,0.0,all,3,2,0.0
honest,honest,0.0,all,4,0,0.1375
honest,honest,0.0,all,4,1,0.8625
honest,honest,0.0,all,4,2,0.0
honest,honest,0.0,all,5,0,0.144
honest,honest,0.0,all,5,1,0.856
honest,honest,0.0,all,5,2,0.0
honest,honest,0.0,all,6,0,0.137
honest,honest,0.0,all,6,1,0.8625
honest,honest,0.0,all,6,2,0.0005
honest,honest,0.0,all,7,0,0.131
honest,honest,0.0,all,7,1,0.869
honest,honest,0.0,all,7,2,0.0
honest,honest,0.0,all,8,0,0.126
honest,honest,0.0,all,8,1,0.8735
honest,honest,0.0,all,8,2,0.0005
honest,honest,0.0,all,9,0,0.1315
honest,honest,0.0,all,9,1,0.8685
honest,honest,0.0,all,9,2,0.0
honest,honest,0.0,all,10,0,0.127
honest,honest,0.0,all,10,1,0.873
honest,honest,0.0,all,10,2,0.0
honest,honest,0.0,all,11,0,0.123
honest,honest,0.0,all,11,1,0.876
honest,honest,0.0,all,11,2,0.001
honest,honest,0.0,all,12,0,0.1155
honest,honest,0.0,all,12,1,0.8845
honest,honest,0.0,all,12,2,0.0
honest,honest,0.0,all,13,0,0.1305
honest,honest,0.0,all,13,1,0.8695
honest,honest,0.0,all,13,2,0.0
honest,honest,0.0,all,14,0,0.1145
honest,honest,0.0,all,14,1,0.885
honest,honest,0.0,all,14,2,0.0005
honest,honest,0.0,all,15,0,0.125
honest,honest,0.0,all,15,1,0.874
honest,honest,0.0,all,15,2,0.001
honest,honest,0.0,all,16,0,0.126
honest,honest,0.0,all,16,1,0.8735
honest,honest,0.0,all,16,2,0.0005
honest,honest,0.0,all,17,0,0.1195
honest,honest,0.0,all,17,1,0.8805
honest,honest,0.0,all,17,2,0.0
honest,honest,0.0,all,18,0,0.135
honest,honest,0.0,all,18,1,0.8645
honest,honest,0.0,all,18,2,0.0005
honest,honest,0.0,all,19,0,0.118
honest,honest,0.0,all,19,1,0.8805
honest,honest,0.0,all,19,2,0.0015
honest,honest,0.0,all,20,0,0.1135
honest,honest,0.0,all,20,1,0.8865
honest,honest,0.0,all,20,2,0.0
honest,honest,0.0,all,21,0,0.1255
honest,honest,0.0,all,21,1,0.874
honest,honest,0.0,all,21,2,0.0005
honest,honest,0.0,all,22,0,0.111
honest,honest,0.0,all,22,1,0.8885
honest,honest,0.0,all,22,2,0.0005
honest,honest,0.0,all,23,0,0.12
honest,honest,0.0,all,23,1,0.8795
honest,honest,0.0,all,23,2,0.0005
honest,honest,0.0,all,24,0,0.1235
honest,honest,0.0,all,24,1,0.8765
honest,honest,0.0,all,24,2,0.0
honest,honest,0.0,both_own,1,0,0.8029350104821803
honest,honest,0.0,both_own,1,1,0.1970649895178197
honest,honest,0.0,both_own,1,2,0.0
honest,honest,0.0,both_own,2,0,0.59958071278826
honest,honest,0.0,both_own,2,1,0.40041928721174
honest,honest,0.0,both_own,2,2,0.0
honest,honest,0.0,both_own,3,0,0.5660377358490566
honest,honest,0.0,both_own,3,1,0.4339622641509434
honest,honest,0.0,both_own,3,2,0.0
honest,honest,0.0,both_own,4,0,0.47379454926624737
honest,honest,0.0,both_own,4,1,0.5262054507337526
honest,honest,0.0,both_own,4,2,0.0
honest,honest,0.0,both_own,5,0,0.5094339622641509
honest,honest,0.0,both_own,5,1,0.49056603773584906
honest,honest,0.0,both_own,5,2,0.0
honest,honest,0.0,both_own,6,0,0.4968553459119497
honest,honest,0.0,both_own,6,1,0.5031446540880503
honest,honest,0.0,both_own,6,2,0.0
honest,honest,0.0,both_own,7,0,0.48427672955974843
honest,honest,0.0,both_own,7,1,0.5157232704402516
honest,honest,0.0,both_own,7,2,0.0
honest,honest,0.0,both_own,8,0,0.44654088050314467
honest,honest,0.0,both_own,8,1,0.5534591194968553
honest,honest,0.0,both_own,8,2,0.0
honest,honest,0.0,both_own,9,0,0.47379454926624737
honest,honest,0.0,both_own,9,1,0.5262054507337526
honest,honest,0.0,both_own,9,2,0.0
honest,honest,0.0,both_own,10,0,0.44234800838574423
honest,honest,0.0,both_own,10,1,0.5576519916142557
honest,honest,0.0,both_own,10,2,0.0
honest,honest,0.0,both_own,11,0,0.4612159329140461
honest,honest,0.0,both_own,11,1,0.5387840670859538
honest,honest,0.0,both_own,11,2,0.0
honest,honest,0.0,both_own,12,0,0.39622641509433965
honest,honest,0.0,both_own,12,1,0.6037735849056604
honest,honest,0.0,both_own,12,2,0.0
honest,honest,0.0,both_own,13,0,0.4444444444444444
honest,honest,0.0,both_own,13,1,0.5555555555555556
honest,honest,0.0,both_own,13,2,0.0
honest,honest,0.0,both_own,14,0,0.39832285115303984
honest,honest,0.0,both_own,14,1,0.6016771488469602
honest,honest,0.0,both_own,14,2,0.0
honest,honest,0.0,both_own,15,0,0.42138364779874216
honest,honest,0.0,both_own,15,1,0.5765199161425576
honest,honest,0.0,both_own,15,2,0.0020964360587002098
honest,honest,0.0,both_own,16,0,0.44025157232704404
honest,honest,0.0,both_own,16,1,0.559748427672956
honest,honest,0.0,both_own,16,2,0.0
honest,honest,0.0,both_own,17,0,0.43186582809224316
honest,honest,0.0,both_own,17,1,0.5681341719077568
honest,honest,0.0,both_own,17,2,0.0
honest,honest,0.0,both_own,18,0,0.47379454926624737
honest,honest,0.0,both_own,18,1,0.5241090146750524
honest,honest,0.0,both_own,18,2,0.0020964360587002098
honest,honest,0.0,both_own,19,0,0.4171907756813417
honest,honest,0.0,both_own,19,1,0.5786163522012578
honest,honest,0.0,both_own,19,2,0.0041928721174004195
honest,honest,0.0,both_own,20,0,0.3836477987421384
honest,honest,0.0,both_own,20,1,0.6163522012578616
honest,honest,0.0,both_own,20,2,0.0
honest,honest,0.0,both_own,21,0,0.4549266247379455
honest,honest,0.0,both_own,21,1,0.5429769392033543
honest,honest,0.0,both_own,21,2,0.0020964360587002098
honest,honest,0.0,both_own,22,0,0.40461215932914046
honest,honest,0.0,both_own,22,1,0.5932914046121593
honest,honest,0.0,both_own,22,2,0.0020964360587002098
honest,honest,0.0,both_own,23,0,0.4088050314465409
honest,honest,0.0,both_own,23,1,0.589098532494759
honest,honest,0.0,both_own,23,2,0.0020964360587002098
honest,honest,0.0,both_own,24,0,0.42138364779874216
honest,honest,0.0,both_own,24,1,0.5786163522012578
honest,honest,0.0,both_own,24,2,0.0
honest,attenuated,0.0,all,1,0,0.293
honest,attenuated,0.0,all,1,1,0.6835
honest,attenuated,0.0,all,1,2,0.0235
honest,attenuated,0.0,all,2,0,0.2155
honest,attenuated,0.0,all,2,1,0.781
honest,attenuated,0.0,all,2,2,0.0035
honest,attenuated,0.0,all,3,0,0.2015
honest,attenuated,0.0,all,3,1,0.796
honest,attenuated,0.0,all,3,2,0.0025
honest,attenuated,0.0,all,4,0,0.204
honest,attenuated,0.0,all,4,1,0.794
honest,attenuated,0.0,all,4,2,0.002
honest,attenuated,0.0,all,5,0,0.2075
honest,attenuated,0.0,all,5,1,0.7915
honest,attenuated,0.0,all,5,2,0.001
honest,attenuated,0.0,all,6,0,0.1975
honest,attenuated,0.0,all,6,1,0.8005
honest,attenuated,0.0,all,6,2,0.002
honest,attenuated,0.0,all,7,0,0.1985
honest,attenuated,0.0,all,7,1,0.7995
honest,attenuated,0.0,all,7,2,0.002
honest,attenuated,0.0,all,8,0,0.201
honest,attenuated,0.0,all,8,1,0.7965
honest,attenuated,0.0,all,8,2,0.0025
honest,attenuated,0.0,all,9,0,0.1915
honest,attenuated,0.0,all,9,1,0.8065
honest,attenuated,0.0,all,9,2,0.002
honest,attenuated,0.0,all,10,0,0.198
honest,attenuated,0.0,all,10,1,0.7995
honest,attenuated,0.0,all,10,2,0.0025
honest,attenuated,0.0,all,11,0,0.197
honest,attenuated,0.0,all,11,1,0.8025
honest,attenuated,0.0,all,11,2,0.0005
honest,attenuated,0.0,all,12,0,0.185
honest,attenuated,0.0,all,12,1,0.8135
honest,attenuated,0.0,all,12,2,0.0015
honest,attenuated,0.0,all,13,0,0.193
honest,attenuated,0.0,all,13,1,0.806
honest,attenuated,0.0,all,13,2,0.001
honest,attenuated,0.0,all,14,0,0.1805
honest,attenuated,0.0,all,14,1,0.8185
honest,attenuated,0.0,all,14,2,0.001
honest,attenuated,0.0,all,15,0,0.1915
honest,attenuated,0.0,all,15,1,0.8065
honest,attenuated,0.0,all,15,2,0.002
honest,attenuated,0.0,all,16,0,0.191
honest,attenuated,0.0,all,16,1,0.806
honest,attenuated,0.0,all,16,2,0.003
honest,attenuated,0.0,all,17,0,0.1835
honest,attenuated,0.0,all,17,1,0.8155
honest,attenuated,0.0,all,17,2,0.001
honest,attenuated,0.0,all,18,0,0.195
honest,attenuated,0.0,all,18,1,0.804
honest,attenuated,0.0,all,18,2,0.001
honest,attenuated,0.0,all,19,0,0.1835
honest,attenuated,0.0,all,19,1,0.816
honest,attenuated,0.0,all,19,2,0.0005
honest,attenuated,0.0,all,20,0,0.1915
honest,attenuated,0.0,all,20,1,0.8065
honest,attenuated,0.0,all,20,2,0.002
honest,attenuated,0.0,all,21,0,0.1905
honest,attenuated,0.0,all,21,1,0.8095
honest,attenuated,0.0,all,21,2,0.0
honest,attenuated,0.0,all,22,0,0.1895
honest,attenuated,0.0,all,22,1,0.809
honest,attenuated,0.0,all,22,2,0.0015
honest,attenuated,0.0,all,23,0,0.1915
honest,attenuated,0.0,all,23,1,0.8075
honest,attenuated,0.0,all,23,2,0.001
honest,attenuated,0.0,all,24,0,0.1885
honest,attenuated,0.0,all,24,1,0.8095
honest,attenuated,0.0,all,24,2,0.002
honest,attenuated,0.0,both_own,1,0,0.989517819706499
honest,attenuated,0.0,both_own,1,1,0.010482180293501049
honest,attenuated,0.0,both_own,1,2,0.0
honest,attenuated,0.0,both_own,2,0,0.7568134171907757
honest,attenuated,0.0,both_own,2,1,0.24109014675052412
honest,attenuated,0.0,both_own,2,2,0.0020964360587002098
honest,attenuated,0.0,both_own,3,0,0.7211740041928721
honest,attenuated,0.0,both_own,3,1,0.27882599580712786
honest,attenuated,0.0,both_own,3,2,0.0
honest,attenuated,0.0,both_own,4,0,0.7044025157232704
honest,attenuated,0.0,both_own,4,1,0.29350104821802936
honest,attenuated,0.0,both_own,4,2,0.0020964360587002098
honest,attenuated,0.0,both_own,5,0,0.7064989517819706
honest,attenuated,0.0,both_own,5,1,0.29350104821802936
honest,attenuated,0.0,both_own,5,2,0.0
honest,attenuated,0.0,both_own,6,0,0.6834381551362684
honest,attenuated,0.0,both_own,6,1,0.3165618448637317
honest,attenuated,0.0,both_own,6,2,0.0
honest,attenuated,0.0,both_own,7,0,0.710691823899371
honest,attenuated,0.0,both_own,7,1,0.2893081761006289
honest,attenuated,0.0,both_own,7,2,0.0
honest,attenuated,0.0,both_own,8,0,0.7044025157232704
honest,attenuated,0.0,both_own,8,1,0.29559748427672955
honest,attenuated,0.0,both_own,8,2,0.0
honest,attenuated,0.0,both_own,9,0,0.6729559748427673
honest,attenuated,0.0,both_own,9,1,0.3270440251572327
honest,attenuated,0.0,both_own,9,2,0.0
honest,attenuated,0.0,both_own,10,0,0.6729559748427673
honest,attenuated,0.0,both_own,10,1,0.3249475890985325
honest,attenuated,0.0,both_own,10,2,0.0020964360587002098
honest,attenuated,0.0,both_own,11,0,0.689727463312369
honest,attenuated,0.0,both_own,11,1,0.31027253668763105
honest,attenuated,0.0,both_own,11,2,0.0
honest,attenuated,0.0,both_own,12,0,0.6373165618448637
honest,attenuated,0.0,both_own,12,1,0.36058700209643607
honest,attenuated,0.0,both_own,12,2,0.0020964360587002098
honest,attenuated,0.0,both_own,13,0,0.6477987421383647
honest,attenuated,0.0,both_own,13,1,0.3522012578616352
honest,attenuated,0.0,both_own,13,2,0.0
honest,attenuated,0.0,both_own,14,0,0.6205450733752621
honest,attenuated,0.0,both_own,14,1,0.37945492662473795
honest,attenuated,0.0,both_own,14,2,0.0
honest,attenuated,0.0,both_own,15,0,0.6457023060796646
honest,attenuated,0.0,both_own,15,1,0.35429769392033544
honest,attenuated,0.0,both_own,15,2,0.0
honest,attenuated,0.0,both_own,16,0,0.6415094339622641
honest,attenuated,0.0,both_own,16,1,0.35639412997903563
honest,attenuated,0.0,both_own,16,2,0.0020964360587002098
honest,attenuated,0.0,both_own,17,0,0.6310272536687631
honest,attenuated,0.0,both_own,17,1,0.3668763102725367
honest,attenuated,0.0,both_own,17,2,0.0020964360587002098
honest,attenuated,0.0,both_own,18,0,0.6540880503144654
honest,attenuated,0.0,both_own,18,1,0.34591194968553457
honest,attenuated,0.0,both_own,18,2,0.0
honest,attenuated,0.0,both_own,19,0,0.6226415094339622
honest,attenuated,0.0,both_own,19,1,0.3752620545073375
honest,attenuated,0.0,both_own,19,2,0.0020964360587002098
honest,attenuated,0.0,both_own,20,0,0.6331236897274634
honest,attenuated,0.0,both_own,20,1,0.36058700209643607
honest,attenuated,0.0,both_own,20,2,0.006289308176100629
honest,attenuated,0.0,both_own,21,0,0.6687631027253669
honest,attenuated,0.0,both_own,21,1,0.3312368972746331
honest,attenuated,0.0,both_own,21,2,0.0
honest,attenuated,0.0,both_own,22,0,0.649895178197065
honest,attenuated,0.0,both_own,22,1,0.3480083857442348
honest,attenuated,0.0,both_own,22,2,0.0020964360587002098
honest,attenuated,0.0,both_own,23,0,0.6436058700209644
honest,attenuated,0.0,both_own,23,1,0.35639412997903563
honest,attenuated,0.0,both_own,23,2,0.0
honest,attenuated,0.0,both_own,24,0,0.6184486373165619
honest,attenuated,0.0,both_own,24,1,0.37945492662473795
honest,attenuated,0.0,both_own,24,2,0.0020964360587002098
honest,costly,0.0,all,1,0,0.626
honest,costly,0.0,all,1,1,0.374
honest,costly,0.0,all,1,2,0.0
honest,costly,0.0,all,2,0,0.561
honest,costly,0.0,all,2,1,0.439
honest,costly,0.0,all,2,2,0.0
honest,costly,0.0,all,3,0,0.558
honest,costly,0.0,all,3,1,0.442
honest,costly,0.0,all,3,2,0.0
honest,costly,0.0,all,4,0,0.5565
honest,costly,0.0,all,4,1,0.4435
honest,costly,0.0,all,4,2,0.0
honest,costly,0.0,all,5,0,0.5595
honest,costly,0.0,all,5,1,0.4405
honest,costly,0.0,all,5,2,0.0
honest,costly,0.0,all,6,0,0.5505
honest,costly,0.0,all,6,1,0.4495
honest,costly,0.0,all,6,2,0.0
honest,costly,0.0,all,7,0,0.552
honest,costly,0.0,all,7,1,0.448
honest,costly,0.0,all,7,2,0.0
honest,costly,0.0,all,8,0,0.5515
honest,costly,0.0,all,8,1,0.4485
honest,costly,0.0,all,8,2,0.0
honest,costly,0.0,all,9,0,0.5525
honest,costly,0.0,all,9,1,0.4475
honest,costly,0.0,all,9,2,0.0
honest,costly,0.0,all,10,0,0.5455
honest,costly,0.0,all,10,1,0.4545
honest,costly,0.0,all,10,2,0.0
honest,costly,0.0,all,11,0,0.545
honest,costly,0.0,all,11,1,0.455
honest,costly,0.0,all,11,2,0.0
honest,costly,0.0,all,12,0,0.546
honest,costly,0.0,all,12,1,0.454
honest,costly,0.0,all,12,2,0.0
honest,costly,0.0,all,13,0,0.55
honest,costly,0.0,all,13,1,0.45
honest,costly,0.0,all,13,2,0.0
honest,costly,0.0,all,14,0,0.546
honest,costly,0.0,all,14,1,0.454
honest,costly,0.0,all,14,2,0.0
honest,costly,0.0,all,15,0,0.5455
honest,costly,0.0,all,15,1,0.4545
honest,costly,0.0,all,15,2,0.0
honest,costly,0.0,all,16,0,0.5415
honest,costly,0.0,all,16,1,0.4585
honest,costly,0.0,all,16,2,0.0
honest,costly,0.0,all,17,0,0.544
honest,costly,0.0,all,17,1,0.456
honest,costly,0.0,all,17,2,0.0
honest,costly,0.0,all,18,0,0.555
honest,costly,0.0,all,18,1,0.445
honest,costly,0.0,all,18,2,0.0
honest,costly,0.0,all,19,0,0.5515
honest,costly,0.0,all,19,1,0.4485
honest,costly,0.0,all,19,2,0.0
honest,costly,0.0,all,20,0,0.5495
honest,costly,0.0,all,20,1,0.4505
honest,costly,0.0,all,20,2,0.0
honest,costly,0.0,all,21,0,0.5525
honest,costly,0.0,all,21,1,0.4475
honest,costly,0.0,all,21,2,0.0
honest,costly,0.0,all,22,0,0.5435
honest,costly,0.0,all,22,1,0.4565
honest,costly,0.0,all,22,2,0.0
honest,costly,0.0,all,23,0,0.55
honest,costly,0.0,all,23,1,0.45
honest,costly,0.0,all,23,2,0.0
honest,costly,0.0,all,24,0,0.5475
honest,costly,0.0,all,24,1,0.4525
honest,costly,0.0,all,24,2,0.0
honest,costly,0.0,both_own,1,0,0.9979035639412998
honest,costly,0.0,both_own,1,1,0.0020964360587002098
honest,costly,0.0,both_own,1,2,0.0
honest,costly,0.0,both_own,2,0,0.8155136268343816
honest,costly,0.0,both_own,2,1,0.18448637316561844
honest,costly,0.0,both_own,2,2,0.0
honest,costly,0.0,both_own,3,0,0.7756813417190775
honest,costly,0.0,both_own,3,1,0.22431865828092243
honest,costly,0.0,both_own,3,2,0.0
honest,costly,0.0,both_own,4,0,0.750524109014675
honest,costly,0.0,both_own,4,1,0.24947589098532494
honest,costly,0.0,both_own,4,2,0.0
honest,costly,0.0,both_own,5,0,0.7631027253668763
honest,costly,0.0,both_own,5,1,0.23689727463312368
honest,costly,0.0,both_own,5,2,0.0
honest,costly,0.0,both_own,6,0,0.7421383647798742
honest,costly,0.0,both_own,6,1,0.2578616352201258
honest,costly,0.0,both_own,6,2,0.0
honest,costly,0.0,both_own,7,0,0.750524109014675
honest,costly,0.0,both_own,7,1,0.24947589098532494
honest,costly,0.0,both_own,7,2,0.0
honest,costly,0.0,both_own,8,0,0.7421383647798742
honest,costly,0.0,both_own,8,1,0.2578616352201258
honest,costly,0.0,both_own,8,2,0.0
honest,costly,0.0,both_own,9,0,0.7337526205450734
honest,costly,0.0,both_own,9,1,0.2662473794549266
honest,costly,0.0,both_own,9,2,0.0
honest,costly,0.0,both_own,10,0,0.7358490566037735
honest,costly,0.0,both_own,10,1,0.2641509433962264
honest,costly,0.0,both_own,10,2,0.0
honest,costly,0.0,both_own,11,0,0.7337526205450734
honest,costly,0.0,both_own,11,1,0.2662473794549266
honest,costly,0.0,both_own,11,2,0.0
honest,costly,0.0,both_own,12,0,0.7085953878406709
honest,costly,0.0,both_own,12,1,0.2914046121593291
honest,costly,0.0,both_own,12,2,0.0
honest,costly,0.0,both_own,13,0,0.7148846960167715
honest,costly,0.0,both_own,13,1,0.2851153039832285
honest,costly,0.0,both_own,13,2,0.0
honest,costly,0.0,both_own,14,0,0.7023060796645703
honest,costly,0.0,both_own,14,1,0.2976939203354298
honest,costly,0.0,both_own,14,2,0.0
honest,costly,0.0,both_own,15,0,0.7148846960167715
honest,costly,0.0,both_own,15,1,0.2851153039832285
honest,costly,0.0,both_own,15,2,0.0
honest,costly,0.0,both_own,16,0,0.7232704402515723
honest,costly,0.0,both_own,16,1,0.27672955974842767
honest,costly,0.0,both_own,16,2,0.0
honest,costly,0.0,both_own,17,0,0.7148846960167715
honest,costly,0.0,both_own,17,1,0.2851153039832285
honest,costly,0.0,both_own,17,2,0.0
honest,costly,0.0,both_own,18,0,0.7337526205450734
honest,costly,0.0,both_own,18,1,0.2662473794549266
honest,costly,0.0,both_own,18,2,0.0
honest,costly,0.0,both_own,19,0,0.7211740041928721
honest,costly,0.0,both_own,19,1,0.27882599580712786
honest,costly,0.0,both_own,19,2,0.0
honest,costly,0.0,both_own,20,0,0.7148846960167715
honest,costly,0.0,both_own,20,1,0.2851153039832285
honest,costly,0.0,both_own,20,2,0.0
honest,costly,0.0,both_own,21,0,0.7421383647798742
honest,costly,0.0,both_own,21,1,0.2578616352201258
honest,costly,0.0,both_own,21,2,0.0
honest,costly,0.0,both_own,22,0,0.7148846960167715
honest,costly,0.0,both_own,22,1,0.2851153039832285
honest,costly,0.0,both_own,22,2,0.0
honest,costly,0.0,both_own,23,0,0.7337526205450734
honest,costly,0.0,both_own,23,1,0.2662473794549266
honest,costly,0.0,both_own,23,2,0.0
honest,costly,0.0,both_own,24,0,0.7148846960167715
honest,costly,0.0,both_own,24,1,0.2851153039832285
honest,costly,0.0,both_own,24,2,0.0
honest,mixed,0.0,all,1,0,0.491
honest,mixed,0.0,all,1,1,0.5055
honest,mixed,0.0,all,1,2,0.0035
honest,mixed,0.0,all,2,0,0.4185
honest,mixed,0.0,all,2,1,0.5815
honest,mixed,0.0,all,2,2,0.0
honest,mixed,0.0,all,3,0,0.418
honest,mixed,0.0,all,3,1,0.5815
honest,mixed,0.0,all,3,2,0.0005
honest,mixed,0.0,all,4,0,0.411
honest,mixed,0.0,all,4,1,0.589
honest,mixed,0.0,all,4,2,0.0
honest,mixed,0.0,all,5,0,0.408
honest,mixed,0.0,all,5,1,0.592
honest,mixed,0.0,all,5,2,0.0
honest,mixed,0.0,all,6,0,0.4055
honest,mixed,0.0,all,6,1,0.5945
honest,mixed,0.0,all,6,2,0.0
honest,mixed,0.0,all,7,0,0.402
honest,mixed,0.0,all,7,1,0.598
honest,mixed,0.0,all,7,2,0.0
honest,mixed,0.0,all,8,0,0.395
honest,mixed,0.0,all,8,1,0.605
honest,mixed,0.0,all,8,2,0.0
honest,mixed,0.0,all,9,0,0.3925
honest,mixed,0.0,all,9,1,0.6075
honest,mixed,0.0,all,9,2,0.0
honest,mixed,0.0,all,10,0,0.4005
honest,mixed,0.0,all,10,1,0.5995
honest,mixed,0.0,all,10,2,0.0
honest,mixed,0.0,all,11,0,0.397
honest,mixed,0.0,all,11,1,0.603
honest,mixed,0.0,all,11,2,0.0
honest,mixed,0.0,all,12,0,0.3875
honest,mixed,0.0,all,12,1,0.6125
honest,mixed,0.0,all,12,2,0.0
honest,mixed,0.0,all,13,0,0.399
honest,mixed,0.0,all,13,1,0.601
honest,mixed,0.0,all,13,2,0.0
honest,mixed,0.0,all,14,0,0.3915
honest,mixed,0.0,all,14,1,0.6085
honest,mixed,0.0,all,14,2,0.0
honest,mixed,0.0,all,15,0,0.397
honest,mixed,0.0,all,15,1,0.603
honest,mixed,0.0,all,15,2,0.0
honest,mixed,0.0,all,16,0,0.399
honest,mixed,0.0,all,16,1,0.601
honest,mixed,0.0,all,16,2,0.0
honest,mixed,0.0,all,17,0,0.397
honest,mixed,0.0,all,17,1,0.603
honest,mixed,0.0,all,17,2,0.0
honest,mixed,0.0,all,18,0,0.4015
honest,mixed,0.0,all,18,1,0.5985
honest,mixed,0.0,all,18,2,0.0
honest,mixed,0.0,all,19,0,0.3955
honest,mixed,0.0,all,19,1,0.6045
honest,mixed,0.0,all,19,2,0.0
honest,mixed,0.0,all,20,0,0.395
honest,mixed,0.0,all,20,1,0.605
honest,mixed,0.0,all,20,2,0.0
honest,mixed,0.0,all,21,0,0.4095
honest,mixed,0.0,all,21,1,0.5905
honest,mixed,0.0,all,21,2,0.0
honest,mixed,0.0,all,22,0,0.399
honest,mixed,0.0,all,22,1,0.601
honest,mixed,0.0,all,22,2,0.0
honest,mixed,0.0,all,23,0,0.4075
honest,mixed,0.0,all,23,1,0.5925
honest,mixed,0.0,all,23,2,0.0
honest,mixed,0.0,all,24,0,0.3955
honest,mixed,0.0,all,24,1,0.6045
honest,mixed,0.0,all,24,2,0.0
honest,mixed,0.0,both_own,1,0,0.9979035639412998
honest,mixed,0.0,both_own,1,1,0.0020964360587002098
honest,mixed,0.0,both_own,1,2,0.0
honest,mixed,0.0,both_own,2,0,0.7861635220125787
honest,mixed,0.0,both_own,2,1,0.2138364779874214
honest,mixed,0.0,both_own,2,2,0.0
honest,mixed,0.0,both_own,3,0,0.7442348008385744
honest,mixed,0.0,both_own,3,1,0.2557651991614256
honest,mixed,0.0,both_own,3,2,0.0
honest,mixed,0.0,both_own,4,0,0.7253668763102725
honest,mixed,0.0,both_own,4,1,0.2746331236897275
honest,mixed,0.0,both_own,4,2,0.0
honest,mixed,0.0,both_own,5,0,0.7316561844863732
honest,mixed,0.0,both_own,5,1,0.26834381551362685
honest,mixed,0.0,both_own,5,2,0.0
honest,mixed,0.0,both_own,6,0,0.7085953878406709
honest,mixed,0.0,both_own,6,1,0.2914046121593291
honest,mixed,0.0,both_own,6,2,0.0
honest,mixed,0.0,both_own,7,0,0.7358490566037735
honest,mixed,0.0,both_own,7,1,0.2641509433962264
honest,mixed,0.0,both_own,7,2,0.0
honest,mixed,0.0,both_own,8,0,0.7127882599580713
honest,mixed,0.0,both_own,8,1,0.28721174004192873
honest,mixed,0.0,both_own,8,2,0.0
honest,mixed,0.0,both_own,9,0,0.6918238993710691
honest,mixed,0.0,both_own,9,1,0.3081761006289308
honest,mixed,0.0,both_own,9,2,0.0
honest,mixed,0.0,both_own,10,0,0.689727463312369
honest,mixed,0.0,both_own,10,1,0.31027253668763105
honest,mixed,0.0,both_own,10,2,0.0
honest,mixed,0.0,both_own,11,0,0.6981132075471698
honest,mixed,0.0,both_own,11,1,0.3018867924528302
honest,mixed,0.0,both_own,11,2,0.0
honest,mixed,0.0,both_own,12,0,0.6540880503144654
honest,mixed,0.0,both_own,12,1,0.34591194968553457
honest,mixed,0.0,both_own,12,2,0.0
honest,mixed,0.0,both_own,13,0,0.6645702306079665
honest,mixed,0.0,both_own,13,1,0.33542976939203356
honest,mixed,0.0,both_own,13,2,0.0
honest,mixed,0.0,both_own,14,0,0.649895178197065
honest,mixed,0.0,both_own,14,1,0.350104821802935
honest,mixed,0.0,both_own,14,2,0.0
honest,mixed,0.0,both_own,15,0,0.6771488469601677
honest,mixed,0.0,both_own,15,1,0.3228511530398323
honest,mixed,0.0,both_own,15,2,0.0
honest,mixed,0.0,both_own,16,0,0.6708595387840671
honest,mixed,0.0,both_own,16,1,0.32914046121593293
honest,mixed,0.0,both_own,16,2,0.0
honest,mixed,0.0,both_own,17,0,0.6645702306079665
honest,mixed,0.0,both_own,17,1,0.33542976939203356
honest,mixed,0.0,both_own,17,2,0.0
honest,mixed,0.0,both_own,18,0,0.6750524109014675
honest,mixed,0.0,both_own,18,1,0.3249475890985325
honest,mixed,0.0,both_own,18,2,0.0
honest,mixed,0.0,both_own,19,0,0.6666666666666666
honest,mixed,0.0,both_own,19,1,0.3333333333333333
honest,mixed,0.0,both_own,19,2,0.0
honest,mixed,0.0,both_own,20,0,0.6624737945492662
honest,mixed,0.0,both_own,20,1,0.33752620545073375
honest,mixed,0.0,both_own,20,2,0.0
honest,mixed,0.0,both_own,21,0,0.6813417190775681
honest,mixed,0.0,both_own,21,1,0.31865828092243187
honest,mixed,0.0,both_own,21,2,0.0
honest,mixed,0.0,both_own,22,0,0.6624737945492662
honest,mixed,0.0,both_own,22,1,0.33752620545073375
honest,mixed,0.0,both_own,22,2,0.0
honest,mixed,0.0,both_own,23,0,0.6729559748427673
honest,mixed,0.0,both_own,23,1,0.3270440251572327
honest,mixed,0.0,both_own,23,2,0.0
honest,mixed,0.0,both_own,24,0,0.6289308176100629
honest,mixed,0.0,both_own,24,1,0.3710691823899371
honest,mixed,0.0,both_own,24,2,0.0
attenuated,honest,0.0,all,1,0,0.2445
attenuated,honest,0.0,all,1,1,0.749
attenuated,honest,0.0,all,1,2,0.0065
attenuated,honest,0.0,all,2,0,0.211
attenuated,honest,0.0,all,2,1,0.784
attenuated,honest,0.0,all,2,2,0.005
attenuated,honest,0.0,all,3,0,0.214
attenuated,honest,0.0,all,3,1,0.7825
attenuated,honest,0.0,all,3,2,0.0035
attenuated,honest,0.0,all,4,0,0.2045
attenuated,honest,0.0,all,4,1,0.789
attenuated,honest,0.0,all,4,2,0.0065
attenuated,honest,0.0,all,5,0,0.2065
attenuated,honest,0.0,all,5,1,0.791
attenuated,honest,0.0,all,5,2,0.0025
attenuated,honest,0.0,all,6,0,0.205
attenuated,honest,0.0,all,6,1,0.791
attenuated,honest,0.0,all,6,2,0.004
attenuated,honest,0.0,all,7,0,0.2015
attenuated,honest,0.0,all,7,1,0.7955
attenuated,honest,0.0,all,7,2,0.003
attenuated,honest,0.0,all,8,0,0.191
attenuated,honest,0.0,all,8,1,0.8045
attenuated,honest,0.0,all,8,2,0.0045
attenuated,honest,0.0,all,9,0,0.196
attenuated,honest,0.0,all,9,1,0.801
attenuated,honest,0.0,all,9,2,0.003
attenuated,honest,0.0,all,10,0,0.2025
attenuated,honest,0.0,all,10,1,0.793
attenuated,honest,0.0,all,10,2,0.0045
attenuated,honest,0.0,all,11,0,0.194
attenuated,honest,0.0,all,11,1,0.8025
attenuated,honest,0.0,all,11,2,0.0035
attenuated,honest,0.0,all,12,0,0.194
attenuated,honest,0.0,all,12,1,0.801
attenuated,honest,0.0,all,12,2,0.005
attenuated,honest,0.0,all,13,0,0.204
attenuated,honest,0.0,all,13,1,0.792
attenuated,honest,0.0,all,13,2,0.004
attenuated,honest,0.0,all,14,0,0.1835
attenuated,honest,0.0,all,14,1,0.8115
attenuated,honest,0.0,all,14,2,0.005
attenuated,honest,0.0,all,15,0,0.1935
attenuated,honest,0.0,all,15,1,0.8025
attenuated,honest,0.0,all,15,2,0.004
attenuated,honest,0.0,all,16,0,0.196
attenuated,honest,0.0,all,16,1,0.8005
attenuated,honest,0.0,all,16,2,0.0035
attenuated,honest,0.0,all,17,0,0.1935
attenuated,honest,0.0,all,17,1,0.804
attenuated,honest,0.0,all,17,2,0.0025
attenuated,honest,0.0,all,18,0,0.2035
attenuated,honest,0.0,all,18,1,0.793
attenuated,honest,0.0,all,18,2,0.0035
attenuated,honest,0.0,all,19,0,0.185
attenuated,honest,0.0,all,19,1,0.812
attenuated,honest,0.0,all,19,2,0.003
attenuated,honest,0.0,all,20,0,0.1875
attenuated,honest,0.0,all,20,1,0.8105
attenuated,honest,0.0,all,20,2,0.002
attenuated,honest,0.0,all,21,0,0.185
attenuated,honest,0.0,all,21,1,0.8135
attenuated,honest,0.0,all,21,2,0.0015
attenuated,honest,0.0,all,22,0,0.1795
attenuated,honest,0.0,all,22,1,0.818
attenuated,honest,0.0,all,22,2,0.0025
attenuated,honest,0.0,all,23,0,0.183
attenuated,honest,0.0,all,23,1,0.813
attenuated,honest,0.0,all,23,2,0.004
attenuated,honest,0.0,all,24,0,0.194
attenuated,honest,0.0,all,24,1,0.803
attenuated,honest,0.0,all,24,2,0.003
attenuated,honest,0.0,both_own,1,0,0.8029350104821803
attenuated,honest,0.0,both_own,1,1,0.1970649895178197
attenuated,honest,0.0,both_own,1,2,0.0
attenuated,honest,0.0,both_own,2,0,0.7672955974842768
attenuated,honest,0.0,both_own,2,1,0.23270440251572327
attenuated,honest,0.0,both_own,2,2,0.0
attenuated,honest,0.0,both_own,3,0,0.7651991614255765
attenuated,honest,0.0,both_own,3,1,0.2348008385744235
attenuated,honest,0.0,both_own,3,2,0.0
attenuated,honest,0.0,both_own,4,0,0.70020964360587
attenuated,honest,0.0,both_own,4,1,0.29979035639413
attenuated,honest,0.0,both_own,4,2,0.0
attenuated,honest,0.0,both_own,5,0,0.7148846960167715
attenuated,honest,0.0,both_own,5,1,0.2851153039832285
attenuated,honest,0.0,both_own,5,2,0.0
attenuated,honest,0.0,both_own,6,0,0.7337526205450734
attenuated,honest,0.0,both_own,6,1,0.2662473794549266
attenuated,honest,0.0,both_own,6,2,0.0
attenuated,honest,0.0,both_own,7,0,0.7127882599580713
attenuated,honest,0.0,both_own,7,1,0.28721174004192873
attenuated,honest,0.0,both_own,7,2,0.0
attenuated,honest,0.0,both_own,8,0,0.6813417190775681
attenuated,honest,0.0,both_own,8,1,0.31865828092243187
attenuated,honest,0.0,both_own,8,2,0.0
attenuated,honest,0.0,both_own,9,0,0.6981132075471698
attenuated,honest,0.0,both_own,9,1,0.3018867924528302
attenuated,honest,0.0,both_own,9,2,0.0
attenuated,honest,0.0,both_own,10,0,0.6834381551362684
attenuated,honest,0.0,both_own,10,1,0.3165618448637317
attenuated,honest,0.0,both_own,10,2,0.0
attenuated,honest,0.0,both_own,11,0,0.6939203354297694
attenuated,honest,0.0,both_own,11,1,0.3060796645702306
attenuated,honest,0.0,both_own,11,2,0.0
attenuated,honest,0.0,both_own,12,0,0.6645702306079665
attenuated,honest,0.0,both_own,12,1,0.33542976939203356
attenuated,honest,0.0,both_own,12,2,0.0
attenuated,honest,0.0,both_own,13,0,0.689727463312369
attenuated,honest,0.0,both_own,13,1,0.31027253668763105
attenuated,honest,0.0,both_own,13,2,0.0
attenuated,honest,0.0,both_own,14,0,0.6373165618448637
attenuated,honest,0.0,both_own,14,1,0.36058700209643607
attenuated,honest,0.0,both_own,14,2,0.0020964360587002098
attenuated,honest,0.0,both_own,15,0,0.6582809224318659
attenuated,honest,0.0,both_own,15,1,0.3417190775681342
attenuated,honest,0.0,both_own,15,2,0.0
attenuated,honest,0.0,both_own,16,0,0.6792452830188679
attenuated,honest,0.0,both_own,16,1,0.31865828092243187
attenuated,honest,0.0,both_own,16,2,0.0020964360587002098
attenuated,honest,0.0,both_own,17,0,0.660377358490566
attenuated,honest,0.0,both_own,17,1,0.33752620545073375
attenuated,honest,0.0,both_own,17,2,0.0020964360587002098
attenuated,honest,0.0,both_own,18,0,0.7044025157232704
attenuated,honest,0.0,both_own,18,1,0.29559748427672955
attenuated,honest,0.0,both_own,18,2,0.0
attenuated,honest,0.0,both_own,19,0,0.6540880503144654
attenuated,honest,0.0,both_own,19,1,0.3438155136268344
attenuated,honest,0.0,both_own,19,2,0.0020964360587002098
attenuated,honest,0.0,both_own,20,0,0.6163522012578616
attenuated,honest,0.0,both_own,20,1,0.3836477987421384
attenuated,honest,0.0,both_own,20,2,0.0
attenuated,honest,0.0,both_own,21,0,0.6624737945492662
attenuated,honest,0.0,both_own,21,1,0.33542976939203356
attenuated,honest,0.0,both_own,21,2,0.0020964360587002098
attenuated,honest,0.0,both_own,22,0,0.639412997903564
attenuated,honest,0.0,both_own,22,1,0.3584905660377358
attenuated,honest,0.0,both_own,22,2,0.0020964360587002098
attenuated,honest,0.0,both_own,23,0,0.6079664570230608
attenuated,honest,0.0,both_own,23,1,0.389937106918239
attenuated,honest,0.0,both_own,23,2,0.0020964360587002098
attenuated,honest,0.0,both_own,24,0,0.6477987421383647
attenuated,honest,0.0,both_own,24,1,0.350104821802935
attenuated,honest,0.0,both_own,24,2,0.0020964360587002098
attenuated,attenuated,0.0,all,1,0,0.293
attenuated,attenuated,0.0,all,1,1,0.6835
attenuated,attenuated,0.0,all,1,2,0.0235
attenuated,attenuated,0.0,all,2,0,0.271
attenuated,attenuated,0.0,all,2,1,0.714
attenuated,attenuated,0.0,all,2,2,0.015
attenuated,attenuated,0.0,all,3,0,0.2705
attenuated,attenuated,0.0,all,3,1,0.7145
attenuated,attenuated,0.0,all,3,2,0.015
attenuated,attenuated,0.0,all,4,0,0.28
attenuated,attenuated,0.0,all,4,1,0.7
attenuated,attenuated,0.0,all,4,2,0.02
attenuated,attenuated,0.0,all,5,0,0.278
attenuated,attenuated,0.0,all,5,1,0.707
attenuated,attenuated,0.0,all,5,2,0.015
attenuated,attenuated,0.0,all,6,0,0.2785
attenuated,attenuated,0.0,all,6,1,0.707
attenuated,attenuated,0.0,all,6,2,0.0145
attenuated,attenuated,0.0,all,7,0,0.2735
attenuated,attenuated,0.0,all,7,1,0.7145
attenuated,attenuated,0.0,all,7,2,0.012
attenuated,attenuated,0.0,all,8,0,0.272
attenuated,attenuated,0.0,all,8,1,0.709
attenuated,attenuated,0.0,all,8,2,0.019
attenuated,attenuated,0.0,all,9,0,0.2675
attenuated,attenuated,0.0,all,9,1,0.7175
attenuated,attenuated,0.0,all,9,2,0.015
attenuated,attenuated,0.0,all,10,0,0.278
attenuated,attenuated,0.0,all,10,1,0.709
attenuated,attenuated,0.0,all,10,2,0.013
attenuated,attenuated,0.0,all,11,0,0.273
attenuated,attenuated,0.0,all,11,1,0.7125
attenuated,attenuated,0.0,all,11,2,0.0145
attenuated,attenuated,0.0,all,12,0,0.275
attenuated,attenuated,0.0,all,12,1,0.711
attenuated,attenuated,0.0,all,12,2,0.014
attenuated,attenuated,0.0,all,13,0,0.2775
attenuated,attenuated,0.0,all,13,1,0.712
attenuated,attenuated,0.0,all,13,2,0.0105
attenuated,attenuated,0.0,all,14,0,0.269
attenuated,attenuated,0.0,all,14,1,0.719
attenuated,attenuated,0.0,all,14,2,0.012
attenuated,attenuated,0.0,all,15,0,0.274
attenuated,attenuated,0.0,all,15,1,0.7105
attenuated,attenuated,0.0,all,15,2,0.0155
attenuated,attenuated,0.0,all,16,0,0.275
attenuated,attenuated,0.0,all,16,1,0.7115
attenuated,attenuated,0.0,all,16,2,0.0135
attenuated,attenuated,0.0,all,17,0,0.2795
attenuated,attenuated,0.0,all,17,1,0.7145
attenuated,attenuated,0.0,all,17,2,0.006
attenuated,attenuated,0.0,all,18,0,0.282
attenuated,attenuated,0.0,all,18,1,0.7065
attenuated,attenuated,0.0,all,18,2,0.0115
attenuated,attenuated,0.0,all,19,0,0.274
attenuated,attenuated,0.0,all,19,1,0.7155
attenuated,attenuated,0.0,all,19,2,0.0105
attenuated,attenuated,0.0,all,20,0,0.2785
attenuated,attenuated,0.0,all,20,1,0.712
attenuated,attenuated,0.0,all,20,2,0.0095
attenuated,attenuated,0.0,all,21,0,0.267
attenuated,attenuated,0.0,all,21,1,0.7215
attenuated,attenuated,0.0,all,21,2,0.0115
attenuated,attenuated,0.0,all,22,0,0.2725
attenuated,attenuated,0.0,all,22,1,0.7165
attenuated,attenuated,0.0,all,22,2,0.011
attenuated,attenuated,0.0,all,23,0,0.2795
attenuated,attenuated,0.0,all,23,1,0.707
attenuated,attenuated,0.0,all,23,2,0.0135
attenuated,attenuated,0.0,all,24,0,0.2805
attenuated,attenuated,0.0,all,24,1,0.7105
attenuated,attenuated,0.0,all,24,2,0.009
attenuated,attenuated,0.0,both_own,1,0,0.989517819706499
attenuated,attenuated,0.0,both_own,1,1,0.010482180293501049
attenuated,attenuated,0.0,both_own,1,2,0.0
attenuated,attenuated,0.0,both_own,2,0,0.9853249475890985
attenuated,attenuated,0.0,both_own,2,1,0.014675052410901468
attenuated,attenuated,0.0,both_own,2,2,0.0
attenuated,attenuated,0.0,both_own,3,0,0.9706498951781971
attenuated,attenuated,0.0,both_own,3,1,0.029350104821802937
attenuated,attenuated,0.0,both_own,3,2,0.0
attenuated,attenuated,0.0,both_own,4,0,0.9748427672955975
attenuated,attenuated,0.0,both_own,4,1,0.025157232704402517
attenuated,attenuated,0.0,both_own,4,2,0.0
attenuated,attenuated,0.0,both_own,5,0,0.9706498951781971
attenuated,attenuated,0.0,both_own,5,1,0.029350104821802937
attenuated,attenuated,0.0,both_own,5,2,0.0
attenuated,attenuated,0.0,both_own,6,0,0.9811320754716981
attenuated,attenuated,0.0,both_own,6,1,0.018867924528301886
attenuated,attenuated,0.0,both_own,6,2,0.0
attenuated,attenuated,0.0,both_own,7,0,0.9664570230607966
attenuated,attenuated,0.0,both_own,7,1,0.033542976939203356
attenuated,attenuated,0.0,both_own,7,2,0.0
attenuated,attenuated,0.0,both_own,8,0,0.9790356394129979
attenuated,attenuated,0.0,both_own,8,1,0.020964360587002098
attenuated,attenuated,0.0,both_own,8,2,0.0
attenuated,attenuated,0.0,both_own,9,0,0.9538784067085954
attenuated,attenuated,0.0,both_own,9,1,0.04612159329140461
attenuated,attenuated,0.0,both_own,9,2,0.0
attenuated,attenuated,0.0,both_own,10,0,0.960167714884696
attenuated,attenuated,0.0,both_own,10,1,0.039832285115303984
attenuated,attenuated,0.0,both_own,10,2,0.0
attenuated,attenuated,0.0,both_own,11,0,0.9685534591194969
attenuated,attenuated,0.0,both_own,11,1,0.031446540880503145
attenuated,attenuated,0.0,both_own,11,2,0.0
attenuated,attenuated,0.0,both_own,12,0,0.960167714884696
attenuated,attenuated,0.0,both_own,12,1,0.039832285115303984
attenuated,attenuated,0.0,both_own,12,2,0.0
attenuated,attenuated,0.0,both_own,13,0,0.9517819706498952
attenuated,attenuated,0.0,both_own,13,1,0.04821802935010482
attenuated,attenuated,0.0,both_own,13,2,0.0
attenuated,attenuated,0.0,both_own,14,0,0.9350104821802935
attenuated,attenuated,0.0,both_own,14,1,0.0649895178197065
attenuated,attenuated,0.0,both_own,14,2,0.0
attenuated,attenuated,0.0,both_own,15,0,0.9433962264150944
attenuated,attenuated,0.0,both_own,15,1,0.05660377358490566
attenuated,attenuated,0.0,both_own,15,2,0.0
attenuated,attenuated,0.0,both_own,16,0,0.9580712788259959
attenuated,attenuated,0.0,both_own,16,1,0.041928721174004195
attenuated,attenuated,0.0,both_own,16,2,0.0
attenuated,attenuated,0.0,both_own,17,0,0.9685534591194969
attenuated,attenuated,0.0,both_own,17,1,0.031446540880503145
attenuated,attenuated,0.0,both_own,17,2,0.0
attenuated,attenuated,0.0,both_own,18,0,0.9769392033542977
attenuated,attenuated,0.0,both_own,18,1,0.023060796645702306
attenuated,attenuated,0.0,both_own,18,2,0.0
attenuated,attenuated,0.0,both_own,19,0,0.9475890985324947
attenuated,attenuated,0.0,both_own,19,1,0.05241090146750524
attenuated,attenuated,0.0,both_own,19,2,0.0
attenuated,attenuated,0.0,both_own,20,0,0.9454926624737946
attenuated,attenuated,0.0,both_own,20,1,0.05450733752620545
attenuated,attenuated,0.0,both_own,20,2,0.0
attenuated,attenuated,0.0,both_own,21,0,0.9475890985324947
attenuated,attenuated,0.0,both_own,21,1,0.05241090146750524
attenuated,attenuated,0.0,both_own,21,2,0.0
attenuated,attenuated,0.0,both_own,22,0,0.9622641509433962
attenuated,attenuated,0.0,both_own,22,1,0.03773584905660377
attenuated,attenuated,0.0,both_own,22,2,0.0
attenuated,attenuated,0.0,both_own,23,0,0.9580712788259959
attenuated,attenuated,0.0,both_own,23,1,0.041928721174004195
attenuated,attenuated,0.0,both_own,23,2,0.0
attenuated,attenuated,0.0,both_own,24,0,0.949685534591195
attenuated,attenuated,0.0,both_own,24,1,0.050314465408805034
attenuated,attenuated,0.0,both_own,24,2,0.0
attenuated,costly,0.0,all,1,0,0.626
attenuated,costly,0.0,all,1,1,0.374
attenuated,costly,0.0,all,1,2,0.0
attenuated,costly,0.0,all,2,0,0.61
attenuated,costly,0.0,all,2,1,0.39
attenuated,costly,0.0,all,2,2,0.0
attenuated,costly,0.0,all,3,0,0.6145
attenuated,costly,0.0,all,3,1,0.3855
attenuated,costly,0.0,all,3,2,0.0
attenuated,costly,0.0,all,4,0,0.6195
attenuated,costly,0.0,all,4,1,0.3805
attenuated,costly,0.0,all,4,2,0.0
attenuated,costly,0.0,all,5,0,0.621
attenuated,costly,0.0,all,5,1,0.379
attenuated,costly,0.0,all,5,2,0.0
attenuated,costly,0.0,all,6,0,0.6155
attenuated,costly,0.0,all,6,1,0.3845
attenuated,costly,0.0,all,6,2,0.0
attenuated,costly,0.0,all,7,0,0.62
attenuated,costly,0.0,all,7,1,0.38
attenuated,costly,0.0,all,7,2,0.0
attenuated,costly,0.0,all,8,0,0.6075
attenuated,costly,0.0,all,8,1,0.3925
attenuated,costly,0.0,all,8,2,0.0
attenuated,costly,0.0,all,9,0,0.6165
attenuated,costly,0.0,all,9,1,0.3835
attenuated,costly,0.0,all,9,2,0.0
attenuated,costly,0.0,all,10,0,0.617
attenuated,costly,0.0,all,10,1,0.383
attenuated,costly,0.0,all,10,2,0.0
attenuated,costly,0.0,all,11,0,0.613
attenuated,costly,0.0,all,11,1,0.387
attenuated,costly,0.0,all,11,2,0.0
attenuated,costly,0.0,all,12,0,0.6175
attenuated,costly,0.0,all,12,1,0.3825
attenuated,costly,0.0,all,12,2,0.0
attenuated,costly,0.0,all,13,0,0.6205
attenuated,costly,0.0,all,13,1,0.3795
attenuated,costly,0.0,all,13,2,0.0
attenuated,costly,0.0,all,14,0,0.6135
attenuated,costly,0.0,all,14,1,0.3865
attenuated,costly,0.0,all,14,2,0.0
attenuated,costly,0.0,all,15,0,0.6135
attenuated,costly,0.0,all,15,1,0.3865
attenuated,costly,0.0,all,15,2,0.0
attenuated,costly,0.0,all,16,0,0.6075
attenuated,costly,0.0,all,16,1,0.3925
attenuated,costly,0.0,all,16,2,0.0
attenuated,costly,0.0,all,17,0,0.618
attenuated,costly,0.0,all,17,1,0.382
attenuated,costly,0.0,all,17,2,0.0
attenuated,costly,0.0,all,18,0,0.6205
attenuated,costly,0.0,all,18,1,0.3795
attenuated,costly,0.0,all,18,2,0.0
attenuated,costly,0.0,all,19,0,0.615
attenuated,costly,0.0,all,19,1,0.385
attenuated,costly,0.0,all,19,2,0.0
attenuated,costly,0.0,all,20,0,0.623
attenuated,costly,0.0,all,20,1,0.377
attenuated,costly,0.0,all,20,2,0.0
attenuated,costly,0.0,all,21,0,0.6135
attenuated,costly,0.0,all,21,1,0.3865
attenuated,costly,0.0,all,21,2,0.0
attenuated,costly,0.0,all,22,0,0.6095
attenuated,costly,0.0,all,22,1,0.3905
attenuated,costly,0.0,all,22,2,0.0
attenuated,costly,0.0,all,23,0,0.6135
attenuated,costly,0.0,all,23,1,0.3865
attenuated,costly,0.0,all,23,2,0.0
attenuated,costly,0.0,all,24,0,0.618
attenuated,costly,0.0,all,24,1,0.382
attenuated,costly,0.0,all,24,2,0.0
attenuated,costly,0.0,both_own,1,0,0.9979035639412998
attenuated,costly,0.0,both_own,1,1,0.0020964360587002098
attenuated,costly,0.0,both_own,1,2,0.0
attenuated,costly,0.0,both_own,2,0,0.9979035639412998
attenuated,costly,0.0,both_own,2,1,0.0020964360587002098
attenuated,costly,0.0,both_own,2,2,0.0
attenuated,costly,0.0,both_own,3,0,0.9874213836477987
attenuated,costly,0.0,both_own,3,1,0.012578616352201259
attenuated,costly,0.0,both_own,3,2,0.0
attenuated,costly,0.0,both_own,4,0,0.989517819706499
attenuated,costly,0.0,both_own,4,1,0.010482180293501049
attenuated,costly,0.0,both_own,4,2,0.0
attenuated,costly,0.0,both_own,5,0,0.989517819706499
attenuated,costly,0.0,both_own,5,1,0.010482180293501049
attenuated,costly,0.0,both_own,5,2,0.0
attenuated,costly,0.0,both_own,6,0,0.9937106918238994
attenuated,costly,0.0,both_own,6,1,0.006289308176100629
attenuated,costly,0.0,both_own,6,2,0.0
attenuated,costly,0.0,both_own,7,0,0.9937106918238994
attenuated,costly,0.0,both_own,7,1,0.006289308176100629
attenuated,costly,0.0,both_own,7,2,0.0
attenuated,costly,0.0,both_own,8,0,0.989517819706499
attenuated,costly,0.0,both_own,8,1,0.010482180293501049
attenuated,costly,0.0,both_own,8,2,0.0
attenuated,costly,0.0,both_own,9,0,0.9832285115303984
attenuated,costly,0.0,both_own,9,1,0.016771488469601678
attenuated,costly,0.0,both_own,9,2,0.0
attenuated,costly,0.0,both_own,10,0,0.989517819706499
attenuated,costly,0.0,both_own,10,1,0.010482180293501049
attenuated,costly,0.0,both_own,10,2,0.0
attenuated,costly,0.0,both_own,11,0,0.9811320754716981
attenuated,costly,0.0,both_own,11,1,0.018867924528301886
attenuated,costly,0.0,both_own,11,2,0.0
attenuated,costly,0.0,both_own,12,0,0.9832285115303984
attenuated,costly,0.0,both_own,12,1,0.016771488469601678
attenuated,costly,0.0,both_own,12,2,0.0
attenuated,costly,0.0,both_own,13,0,0.9769392033542977
attenuated,costly,0.0,both_own,13,1,0.023060796645702306
attenuated,costly,0.0,both_own,13,2,0.0
attenuated,costly,0.0,both_own,14,0,0.9643605870020965
attenuated,costly,0.0,both_own,14,1,0.03563941299790356
attenuated,costly,0.0,both_own,14,2,0.0
attenuated,costly,0.0,both_own,15,0,0.9685534591194969
attenuated,costly,0.0,both_own,15,1,0.031446540880503145
attenuated,costly,0.0,both_own,15,2,0.0
attenuated,costly,0.0,both_own,16,0,0.9790356394129979
attenuated,costly,0.0,both_own,16,1,0.020964360587002098
attenuated,costly,0.0,both_own,16,2,0.0
attenuated,costly,0.0,both_own,17,0,0.9748427672955975
attenuated,costly,0.0,both_own,17,1,0.025157232704402517
attenuated,costly,0.0,both_own,17,2,0.0
attenuated,costly,0.0,both_own,18,0,0.9916142557651991
attenuated,costly,0.0,both_own,18,1,0.008385744234800839
attenuated,costly,0.0,both_own,18,2,0.0
attenuated,costly,0.0,both_own,19,0,0.9727463312368972
attenuated,costly,0.0,both_own,19,1,0.027253668763102725
attenuated,costly,0.0,both_own,19,2,0.0
attenuated,costly,0.0,both_own,20,0,0.9748427672955975
attenuated,costly,0.0,both_own,20,1,0.025157232704402517
attenuated,costly,0.0,both_own,20,2,0.0
attenuated,costly,0.0,both_own,21,0,0.9811320754716981
attenuated,costly,0.0,both_own,21,1,0.018867924528301886
attenuated,costly,0.0,both_own,21,2,0.0
attenuated,costly,0.0,both_own,22,0,0.9727463312368972
attenuated,costly,0.0,both_own,22,1,0.027253668763102725
attenuated,costly,0.0,both_own,22,2,0.0
attenuated,costly,0.0,both_own,23,0,0.9748427672955975
attenuated,costly,0.0,both_own,23,1,0.025157232704402517
attenuated,costly,0.0,both_own,23,2,0.0
attenuated,costly,0.0,both_own,24,0,0.9748427672955975
attenuated,costly,0.0,both_own,24,1,0.025157232704402517
attenuated,costly,0.0,both_own,24,2,0.0
attenuated,mixed,0.0,all,1,0,0.491
attenuated,mixed,0.0,all,1,1,0.5055
attenuated,mixed,0.0,all,1,2,0.0035
attenuated,mixed,0.0,all,2,0,0.467
attenuated,mixed,0.0,all,2,1,0.532
attenuated,mixed,0.0,all,2,2,0.001
attenuated,mixed,0.0,all,3,0,0.482
attenuated,mixed,0.0,all,3,1,0.517
attenuated,mixed,0.0,all,3,2,0.001
attenuated,mixed,0.0,all,4,0,0.481
attenuated,mixed,0.0,all,4,1,0.517
attenuated,mixed,0.0,all,4,2,0.002
attenuated,mixed,0.0,all,5,0,0.475
attenuated,mixed,0.0,all,5,1,0.5245
attenuated,mixed,0.0,all,5,2,0.0005
attenuated,mixed,0.0,all,6,0,0.4825
attenuated,mixed,0.0,all,6,1,0.5165
attenuated,mixed,0.0,all,6,2,0.001
attenuated,mixed,0.0,all,7,0,0.4675
attenuated,mixed,0.0,all,7,1,0.5325
attenuated,mixed,0.0,all,7,2,0.0
attenuated,mixed,0.0,all,8,0,0.461
attenuated,mixed,0.0,all,8,1,0.538
attenuated,mixed,0.0,all,8,2,0.001
attenuated,mixed,0.0,all,9,0,0.461
attenuated,mixed,0.0,all,9,1,0.538
attenuated,mixed,0.0,all,9,2,0.001
attenuated,mixed,0.0,all,10,0,0.475
attenuated,mixed,0.0,all,10,1,0.523
attenuated,mixed,0.0,all,10,2,0.002
attenuated,mixed,0.0,all,11,0,0.467
attenuated,mixed,0.0,all,11,1,0.532
attenuated,mixed,0.0,all,11,2,0.001
attenuated,mixed,0.0,all,12,0,0.47
attenuated,mixed,0.0,all,12,1,0.528
attenuated,mixed,0.0,all,12,2,0.002
attenuated,mixed,0.0,all,13,0,0.478
attenuated,mixed,0.0,all,13,1,0.5185
attenuated,mixed,0.0,all,13,2,0.0035
attenuated,mixed,0.0,all,14,0,0.4695
attenuated,mixed,0.0,all,14,1,0.528
attenuated,mixed,0.0,all,14,2,0.0025
attenuated,mixed,0.0,all,15,0,0.471
attenuated,mixed,0.0,all,15,1,0.527
attenuated,mixed,0.0,all,15,2,0.002
attenuated,mixed,0.0,all,16,0,0.4765
attenuated,mixed,0.0,all,16,1,0.5215
attenuated,mixed,0.0,all,16,2,0.002
attenuated,mixed,0.0,all,17,0,0.4835
attenuated,mixed,0.0,all,17,1,0.515
attenuated,mixed,0.0,all,17,2,0.0015
attenuated,mixed,0.0,all,18,0,0.476
attenuated,mixed,0.0,all,18,1,0.5235
attenuated,mixed,0.0,all,18,2,0.0005
attenuated,mixed,0.0,all,19,0,0.4705
attenuated,mixed,0.0,all,19,1,0.528
attenuated,mixed,0.0,all,19,2,0.0015
attenuated,mixed,0.0,all,20,0,0.477
attenuated,mixed,0.0,all,20,1,0.522
attenuated,mixed,0.0,all,20,2,0.001
attenuated,mixed,0.0,all,21,0,0.476
attenuated,mixed,0.0,all,21,1,0.5225
attenuated,mixed,0.0,all,21,2,0.0015
attenuated,mixed,0.0,all,22,0,0.472
attenuated,mixed,0.0,all,22,1,0.5265
attenuated,mixed,0.0,all,22,2,0.0015
attenuated,mixed,0.0,all,23,0,0.481
attenuated,mixed,0.0,all,23,1,0.5165
attenuated,mixed,0.0,all,23,2,0.0025
attenuated,mixed,0.0,all,24,0,0.472
attenuated,mixed,0.0,all,24,1,0.528
attenuated,mixed,0.0,all,24,2,0.0
attenuated,mixed,0.0,both_own,1,0,0.9979035639412998
attenuated,mixed,0.0,both_own,1,1,0.0020964360587002098
attenuated,mixed,0.0,both_own,1,2,0.0
attenuated,mixed,0.0,both_own,2,0,0.9979035639412998
attenuated,mixed,0.0,both_own,2,1,0.0020964360587002098
attenuated,mixed,0.0,both_own,2,2,0.0
attenuated,mixed,0.0,both_own,3,0,0.9853249475890985
attenuated,mixed,0.0,both_own,3,1,0.014675052410901468
attenuated,mixed,0.0,both_own,3,2,0.0
attenuated,mixed,0.0,both_own,4,0,0.9853249475890985
attenuated,mixed,0.0,both_own,4,1,0.014675052410901468
attenuated,mixed,0.0,both_own,4,2,0.0
attenuated,mixed,0.0,both_own,5,0,0.9832285115303984
attenuated,mixed,0.0,both_own,5,1,0.016771488469601678
attenuated,mixed,0.0,both_own,5,2,0.0
attenuated,mixed,0.0,both_own,6,0,0.9916142557651991
attenuated,mixed,0.0,both_own,6,1,0.008385744234800839
attenuated,mixed,0.0,both_own,6,2,0.0
attenuated,mixed,0.0,both_own,7,0,0.989517819706499
attenuated,mixed,0.0,both_own,7,1,0.010482180293501049
attenuated,mixed,0.0,both_own,7,2,0.0
attenuated,mixed,0.0,both_own,8,0,0.9832285115303984
attenuated,mixed,0.0,both_own,8,1,0.016771488469601678
attenuated,mixed,0.0,both_own,8,2,0.0
attenuated,mixed,0.0,both_own,9,0,0.9706498951781971
attenuated,mixed,0.0,both_own,9,1,0.029350104821802937
attenuated,mixed,0.0,both_own,9,2,0.0
attenuated,mixed,0.0,both_own,10,0,0.9685534591194969
attenuated,mixed,0.0,both_own,10,1,0.031446540880503145
attenuated,mixed,0.0,both_own,10,2,0.0
attenuated,mixed,0.0,both_own,11,0,0.9685534591194969
attenuated,mixed,0.0,both_own,11,1,0.031446540880503145
attenuated,mixed,0.0,both_own,11,2,0.0
attenuated,mixed,0.0,both_own,12,0,0.9664570230607966
attenuated,mixed,0.0,both_own,12,1,0.033542976939203356
attenuated,mixed,0.0,both_own,12,2,0.0
attenuated,mixed,0.0,both_own,13,0,0.9664570230607966
attenuated,mixed,0.0,both_own,13,1,0.033542976939203356
attenuated,mixed,0.0,both_own,13,2,0.0
attenuated,mixed,0.0,both_own,14,0,0.9517819706498952
attenuated,mixed,0.0,both_own,14,1,0.04821802935010482
attenuated,mixed,0.0,both_own,14,2,0.0
attenuated,mixed,0.0,both_own,15,0,0.960167714884696
attenuated,mixed,0.0,both_own,15,1,0.039832285115303984
attenuated,mixed,0.0,both_own,15,2,0.0
attenuated,mixed,0.0,both_own,16,0,0.9664570230607966
attenuated,mixed,0.0,both_own,16,1,0.033542976939203356
attenuated,mixed,0.0,both_own,16,2,0.0
attenuated,mixed,0.0,both_own,17,0,0.9706498951781971
attenuated,mixed,0.0,both_own,17,1,0.029350104821802937
attenuated,mixed,0.0,both_own,17,2,0.0
attenuated,mixed,0.0,both_own,18,0,0.9727463312368972
attenuated,mixed,0.0,both_own,18,1,0.027253668763102725
attenuated,mixed,0.0,both_own,18,2,0.0
attenuated,mixed,0.0,both_own,19,0,0.960167714884696
attenuated,mixed,0.0,both_own,19,1,0.039832285115303984
attenuated,mixed,0.0,both_own,19,2,0.0
attenuated,mixed,0.0,both_own,20,0,0.9664570230607966
attenuated,mixed,0.0,both_own,20,1,0.033542976939203356
attenuated,mixed,0.0,both_own,20,2,0.0
attenuated,mixed,0.0,both_own,21,0,0.9475890985324947
attenuated,mixed,0.0,both_own,21,1,0.05241090146750524
attenuated,mixed,0.0,both_own,21,2,0.0
attenuated,mixed,0.0,both_own,22,0,0.9517819706498952
attenuated,mixed,0.0,both_own,22,1,0.04821802935010482
attenuated,mixed,0.0,both_own,22,2,0.0
attenuated,mixed,0.0,both_own,23,0,0.9622641509433962
attenuated,mixed,0.0,both_own,23,1,0.03773584905660377
attenuated,mixed,0.0,both_own,23,2,0.0
attenuated,mixed,0.0,both_own,24,0,0.9329140461215933
attenuated,mixed,0.0,both_own,24,1,0.06708595387840671
attenuated,mixed,0.0,both_own,24,2,0.0
costly,honest,0.0,all,1,0,0.589
costly,honest,0.0,all,1,1,0.411
costly,honest,0.0,all,1,2,0.0
costly,honest,0.0,all,2,0,0.5685
costly,honest,0.0,all,2,1,0.4315
costly,honest,0.0,all,2,2,0.0
costly,honest,0.0,all,3,0,0.568
costly,honest,0.0,all,3,1,0.432
costly,honest,0.0,all,3,2,0.0
costly,honest,0.0,all,4,0,0.5545
costly,honest,0.0,all,4,1,0.4455
costly,honest,0.0,all,4,2,0.0
costly,honest,0.0,all,5,0,0.5595
costly,honest,0.0,all,5,1,0.4405
costly,honest,0.0,all,5,2,0.0
costly,honest,0.0,all,6,0,0.5615
costly,honest,0.0,all,6,1,0.4385
costly,honest,0.0,all,6,2,0.0
costly,honest,0.0,all,7,0,0.552
costly,honest,0.0,all,7,1,0.448
costly,honest,0.0,all,7,2,0.0
costly,honest,0.0,all,8,0,0.548
costly,honest,0.0,all,8,1,0.452
costly,honest,0.0,all,8,2,0.0
costly,honest,0.0,all,9,0,0.556
costly,honest,0.0,all,9,1,0.444
costly,honest,0.0,all,9,2,0.0
costly,honest,0.0,all,10,0,0.543
costly,honest,0.0,all,10,1,0.457
costly,honest,0.0,all,10,2,0.0
costly,honest,0.0,all,11,0,0.554
costly,honest,0.0,all,11,1,0.446
costly,honest,0.0,all,11,2,0.0
costly,honest,0.0,all,12,0,0.5405
costly,honest,0.0,all,12,1,0.4595
costly,honest,0.0,all,12,2,0.0
costly,honest,0.0,all,13,0,0.5515
costly,honest,0.0,all,13,1,0.4485
costly,honest,0.0,all,13,2,0.0
costly,honest,0.0,all,14,0,0.543
costly,honest,0.0,all,14,1,0.457
costly,honest,0.0,all,14,2,0.0
costly,honest,0.0,all,15,0,0.5445
costly,honest,0.0,all,15,1,0.4555
costly,honest,0.0,all,15,2,0.0
costly,honest,0.0,all,16,0,0.5475
costly,honest,0.0,all,16,1,0.4525
costly,honest,0.0,all,16,2,0.0
costly,honest,0.0,all,17,0,0.546
costly,honest,0.0,all,17,1,0.454
costly,honest,0.0,all,17,2,0.0
costly,honest,0.0,all,18,0,0.555
costly,honest,0.0,all,18,1,0.445
costly,honest,0.0,all,18,2,0.0
costly,honest,0.0,all,19,0,0.5465
costly,honest,0.0,all,19,1,0.4535
costly,honest,0.0,all,19,2,0.0
costly,honest,0.0,all,20,0,0.5355
costly,honest,0.0,all,20,1,0.4645
costly,honest,0.0,all,20,2,0.0
costly,honest,0.0,all,21,0,0.541
costly,honest,0.0,all,21,1,0.459
costly,honest,0.0,all,21,2,0.0
costly,honest,0.0,all,22,0,0.5445
costly,honest,0.0,all,22,1,0.4555
costly,honest,0.0,all,22,2,0.0
costly,honest,0.0,all,23,0,0.545
costly,honest,0.0,all,23,1,0.455
costly,honest,0.0,all,23,2,0.0
costly,honest,0.0,all,24,0,0.547
costly,honest,0.0,all,24,1,0.4525
costly,honest,0.0,all,24,2,0.0005
costly,honest,0.0,both_own,1,0,0.8050314465408805
costly,honest,0.0,both_own,1,1,0.1949685534591195
costly,honest,0.0,both_own,1,2,0.0
costly,honest,0.0,both_own,2,0,0.7714884696016772
costly,honest,0.0,both_own,2,1,0.22851153039832284
costly,honest,0.0,both_own,2,2,0.0
costly,honest,0.0,both_own,3,0,0.7777777777777778
costly,honest,0.0,both_own,3,1,0.2222222222222222
costly,honest,0.0,both_own,3,2,0.0
costly,honest,0.0,both_own,4,0,0.7044025157232704
costly,honest,0.0,both_own,4,1,0.29559748427672955
costly,honest,0.0,both_own,4,2,0.0
costly,honest,0.0,both_own,5,0,0.7295597484276729
costly,honest,0.0,both_own,5,1,0.27044025157232704
costly,honest,0.0,both_own,5,2,0.0
costly,honest,0.0,both_own,6,0,0.7358490566037735
costly,honest,0.0,both_own,6,1,0.2641509433962264
costly,honest,0.0,both_own,6,2,0.0
costly,honest,0.0,both_own,7,0,0.7211740041928721
costly,honest,0.0,both_own,7,1,0.27882599580712786
costly,honest,0.0,both_own,7,2,0.0
costly,honest,0.0,both_own,8,0,0.6918238993710691
costly,honest,0.0,both_own,8,1,0.3081761006289308
costly,honest,0.0,both_own,8,2,0.0
costly,honest,0.0,both_own,9,0,0.7169811320754716
costly,honest,0.0,both_own,9,1,0.2830188679245283
costly,honest,0.0,both_own,9,2,0.0
costly,honest,0.0,both_own,10,0,0.6939203354297694
costly,honest,0.0,both_own,10,1,0.3060796645702306
costly,honest,0.0,both_own,10,2,0.0
costly,honest,0.0,both_own,11,0,0.7127882599580713
costly,honest,0.0,both_own,11,1,0.28721174004192873
costly,honest,0.0,both_own,11,2,0.0
costly,honest,0.0,both_own,12,0,0.6624737945492662
costly,honest,0.0,both_own,12,1,0.33752620545073375
costly,honest,0.0,both_own,12,2,0.0
costly,honest,0.0,both_own,13,0,0.6939203354297694
costly,honest,0.0,both_own,13,1,0.3060796645702306
costly,honest,0.0,both_own,13,2,0.0
costly,honest,0.0,both_own,14,0,0.6666666666666666
costly,honest,0.0,both_own,14,1,0.3333333333333333
costly,honest,0.0,both_own,14,2,0.0
costly,honest,0.0,both_own,15,0,0.6792452830188679
costly,honest,0.0,both_own,15,1,0.32075471698113206
costly,honest,0.0,both_own,15,2,0.0
costly,honest,0.0,both_own,16,0,0.6834381551362684
costly,honest,0.0,both_own,16,1,0.3165618448637317
costly,honest,0.0,both_own,16,2,0.0
costly,honest,0.0,both_own,17,0,0.6939203354297694
costly,honest,0.0,both_own,17,1,0.3060796645702306
costly,honest,0.0,both_own,17,2,0.0
costly,honest,0.0,both_own,18,0,0.7274633123689728
costly,honest,0.0,both_own,18,1,0.27253668763102723
costly,honest,0.0,both_own,18,2,0.0
costly,honest,0.0,both_own,19,0,0.6792452830188679
costly,honest,0.0,both_own,19,1,0.32075471698113206
costly,honest,0.0,both_own,19,2,0.0
costly,honest,0.0,both_own,20,0,0.6436058700209644
costly,honest,0.0,both_own,20,1,0.35639412997903563
costly,honest,0.0,both_own,20,2,0.0
costly,honest,0.0,both_own,21,0,0.689727463312369
costly,honest,0.0,both_own,21,1,0.31027253668763105
costly,honest,0.0,both_own,21,2,0.0
costly,honest,0.0,both_own,22,0,0.6771488469601677
costly,honest,0.0,both_own,22,1,0.3228511530398323
costly,honest,0.0,both_own,22,2,0.0
costly,honest,0.0,both_own,23,0,0.6645702306079665
costly,honest,0.0,both_own,23,1,0.33542976939203356
costly,honest,0.0,both_own,23,2,0.0
costly,honest,0.0,both_own,24,0,0.6960167714884696
costly,honest,0.0,both_own,24,1,0.3039832285115304
costly,honest,0.0,both_own,24,2,0.0
costly,attenuated,0.0,all,1,0,0.6255
costly,attenuated,0.0,all,1,1,0.3745
costly,attenuated,0.0,all,1,2,0.0
costly,attenuated,0.0,all,2,0,0.6145
costly,attenuated,0.0,all,2,1,0.3845
costly,attenuated,0.0,all,2,2,0.001
costly,attenuated,0.0,all,3,0,0.6095
costly,attenuated,0.0,all,3,1,0.39
costly,attenuated,0.0,all,3,2,0.0005
costly,attenuated,0.0,all,4,0,0.614
costly,attenuated,0.0,all,4,1,0.386
costly,attenuated,0.0,all,4,2,0.0
costly,attenuated,0.0,all,5,0,0.6165
costly,attenuated,0.0,all,5,1,0.3835
costly,attenuated,0.0,all,5,2,0.0
costly,attenuated,0.0,all,6,0,0.6155
costly,attenuated,0.0,all,6,1,0.3835
costly,attenuated,0.0,all,6,2,0.001
costly,attenuated,0.0,all,7,0,0.6085
costly,attenuated,0.0,all,7,1,0.3915
costly,attenuated,0.0,all,7,2,0.0
costly,attenuated,0.0,all,8,0,0.6135
costly,attenuated,0.0,all,8,1,0.386
costly,attenuated,0.0,all,8,2,0.0005
costly,attenuated,0.0,all,9,0,0.614
costly,attenuated,0.0,all,9,1,0.3855
costly,attenuated,0.0,all,9,2,0.0005
costly,attenuated,0.0,all,10,0,0.608
costly,attenuated,0.0,all,10,1,0.392
costly,attenuated,0.0,all,10,2,0.0
costly,attenuated,0.0,all,11,0,0.614
costly,attenuated,0.0,all,11,1,0.386
costly,attenuated,0.0,all,11,2,0.0
costly,attenuated,0.0,all,12,0,0.612
costly,attenuated,0.0,all,12,1,0.388
costly,attenuated,0.0,all,12,2,0.0
costly,attenuated,0.0,all,13,0,0.6125
costly,attenuated,0.0,all,13,1,0.387
costly,attenuated,0.0,all,13,2,0.0005
costly,attenuated,0.0,all,14,0,0.6095
costly,attenuated,0.0,all,14,1,0.3895
costly,attenuated,0.0,all,14,2,0.001
costly,attenuated,0.0,all,15,0,0.609
costly,attenuated,0.0,all,15,1,0.39
costly,attenuated,0.0,all,15,2,0.001
costly,attenuated,0.0,all,16,0,0.615
costly,attenuated,0.0,all,16,1,0.385
costly,attenuated,0.0,all,16,2,0.0
costly,attenuated,0.0,all,17,0,0.608
costly,attenuated,0.0,all,17,1,0.392
costly,attenuated,0.0,all,17,2,0.0
costly,attenuated,0.0,all,18,0,0.612
costly,attenuated,0.0,all,18,1,0.388
costly,attenuated,0.0,all,18,2,0.0
costly,attenuated,0.0,all,19,0,0.6115
costly,attenuated,0.0,all,19,1,0.3885
costly,attenuated,0.0,all,19,2,0.0
costly,attenuated,0.0,all,20,0,0.6115
costly,attenuated,0.0,all,20,1,0.3885
costly,attenuated,0.0,all,20,2,0.0
costly,attenuated,0.0,all,21,0,0.6045
costly,attenuated,0.0,all,21,1,0.395
costly,attenuated,0.0,all,21,2,0.0005
costly,attenuated,0.0,all,22,0,0.6145
costly,attenuated,0.0,all,22,1,0.3855
costly,attenuated,0.0,all,22,2,0.0
costly,attenuated,0.0,all,23,0,0.614
costly,attenuated,0.0,all,23,1,0.3855
costly,attenuated,0.0,all,23,2,0.0005
costly,attenuated,0.0,all,24,0,0.612
costly,attenuated,0.0,all,24,1,0.388
costly,attenuated,0.0,all,24,2,0.0
costly,attenuated,0.0,both_own,1,0,0.9916142557651991
costly,attenuated,0.0,both_own,1,1,0.008385744234800839
costly,attenuated,0.0,both_own,1,2,0.0
costly,attenuated,0.0,both_own,2,0,0.9874213836477987
costly,attenuated,0.0,both_own,2,1,0.012578616352201259
costly,attenuated,0.0,both_own,2,2,0.0
costly,attenuated,0.0,both_own,3,0,0.9874213836477987
costly,attenuated,0.0,both_own,3,1,0.012578616352201259
costly,attenuated,0.0,both_own,3,2,0.0
costly,attenuated,0.0,both_own,4,0,0.9853249475890985
costly,attenuated,0.0,both_own,4,1,0.014675052410901468
costly,attenuated,0.0,both_own,4,2,0.0
costly,attenuated,0.0,both_own,5,0,0.9769392033542977
costly,attenuated,0.0,both_own,5,1,0.023060796645702306
costly,attenuated,0.0,both_own,5,2,0.0
costly,attenuated,0.0,both_own,6,0,0.9832285115303984
costly,attenuated,0.0,both_own,6,1,0.016771488469601678
costly,attenuated,0.0,both_own,6,2,0.0
costly,attenuated,0.0,both_own,7,0,0.9853249475890985
costly,attenuated,0.0,both_own,7,1,0.014675052410901468
costly,attenuated,0.0,both_own,7,2,0.0
costly,attenuated,0.0,both_own,8,0,0.989517819706499
costly,attenuated,0.0,both_own,8,1,0.010482180293501049
costly,attenuated,0.0,both_own,8,2,0.0
costly,attenuated,0.0,both_own,9,0,0.9832285115303984
costly,attenuated,0.0,both_own,9,1,0.016771488469601678
costly,attenuated,0.0,both_own,9,2,0.0
costly,attenuated,0.0,both_own,10,0,0.9790356394129979
costly,attenuated,0.0,both_own,10,1,0.020964360587002098
costly,attenuated,0.0,both_own,10,2,0.0
costly,attenuated,0.0,both_own,11,0,0.9811320754716981
costly,attenuated,0.0,both_own,11,1,0.018867924528301886
costly,attenuated,0.0,both_own,11,2,0.0
costly,attenuated,0.0,both_own,12,0,0.9790356394129979
costly,attenuated,0.0,both_own,12,1,0.020964360587002098
costly,attenuated,0.0,both_own,12,2,0.0
costly,attenuated,0.0,both_own,13,0,0.9622641509433962
costly,attenuated,0.0,both_own,13,1,0.03773584905660377
costly,attenuated,0.0,both_own,13,2,0.0
costly,attenuated,0.0,both_own,14,0,0.9559748427672956
costly,attenuated,0.0,both_own,14,1,0.0440251572327044
costly,attenuated,0.0,both_own,14,2,0.0
costly,attenuated,0.0,both_own,15,0,0.9664570230607966
costly,attenuated,0.0,both_own,15,1,0.033542976939203356
costly,attenuated,0.0,both_own,15,2,0.0
costly,attenuated,0.0,both_own,16,0,0.9685534591194969
costly,attenuated,0.0,both_own,16,1,0.031446540880503145
costly,attenuated,0.0,both_own,16,2,0.0
costly,attenuated,0.0,both_own,17,0,0.9664570230607966
costly,attenuated,0.0,both_own,17,1,0.033542976939203356
costly,attenuated,0.0,both_own,17,2,0.0
costly,attenuated,0.0,both_own,18,0,0.9727463312368972
costly,attenuated,0.0,both_own,18,1,0.027253668763102725
costly,attenuated,0.0,both_own,18,2,0.0
costly,attenuated,0.0,both_own,19,0,0.9622641509433962
costly,attenuated,0.0,both_own,19,1,0.03773584905660377
costly,attenuated,0.0,both_own,19,2,0.0
costly,attenuated,0.0,both_own,20,0,0.9664570230607966
costly,attenuated,0.0,both_own,20,1,0.033542976939203356
costly,attenuated,0.0,both_own,20,2,0.0
costly,attenuated,0.0,both_own,21,0,0.9706498951781971
costly,attenuated,0.0,both_own,21,1,0.029350104821802937
costly,attenuated,0.0,both_own,21,2,0.0
costly,attenuated,0.0,both_own,22,0,0.9769392033542977
costly,attenuated,0.0,both_own,22,1,0.023060796645702306
costly,attenuated,0.0,both_own,22,2,0.0
costly,attenuated,0.0,both_own,23,0,0.9769392033542977
costly,attenuated,0.0,both_own,23,1,0.023060796645702306
costly,attenuated,0.0,both_own,23,2,0.0
costly,attenuated,0.0,both_own,24,0,0.9748427672955975
costly,attenuated,0.0,both_own,24,1,0.025157232704402517
costly,attenuated,0.0,both_own,24,2,0.0
costly,costly,0.0,all,1,0,0.9815
costly,costly,0.0,all,1,1,0.0185
costly,costly,0.0,all,1,2,0.0
costly,costly,0.0,all,2,0,0.9765
costly,costly,0.0,all,2,1,0.0235
costly,costly,0.0,all,2,2,0.0
costly,costly,0.0,all,3,0,0.9805
costly,costly,0.0,all,3,1,0.0195
costly,costly,0.0,all,3,2,0.0
costly,costly,0.0,all,4,0,0.9845
costly,costly,0.0,all,4,1,0.0155
costly,costly,0.0,all,4,2,0.0
costly,costly,0.0,all,5,0,0.9845
costly,costly,0.0,all,5,1,0.0155
costly,costly,0.0,all,5,2,0.0
costly,costly,0.0,all,6,0,0.9845
costly,costly,0.0,all,6,1,0.0155
costly,costly,0.0,all,6,2,0.0
costly,costly,0.0,all,7,0,0.979
costly,costly,0.0,all,7,1,0.021
costly,costly,0.0,all,7,2,0.0
costly,costly,0.0,all,8,0,0.9805
costly,costly,0.0,all,8,1,0.0195
costly,costly,0.0,all,8,2,0.0
costly,costly,0.0,all,9,0,0.9865
costly,costly,0.0,all,9,1,0.0135
costly,costly,0.0,all,9,2,0.0
costly,costly,0.0,all,10,0,0.969
costly,costly,0.0,all,10,1,0.031
costly,costly,0.0,all,10,2,0.0
costly,costly,0.0,all,11,0,0.9815
costly,costly,0.0,all,11,1,0.0185
costly,costly,0.0,all,11,2,0.0
costly,costly,0.0,all,12,0,0.9785
costly,costly,0.0,all,12,1,0.0215
costly,costly,0.0,all,12,2,0.0
costly,costly,0.0,all,13,0,0.981
costly,costly,0.0,all,13,1,0.019
costly,costly,0.0,all,13,2,0.0
costly,costly,0.0,all,14,0,0.9825
costly,costly,0.0,all,14,1,0.0175
costly,costly,0.0,all,14,2,0.0
costly,costly,0.0,all,15,0,0.9725
costly,costly,0.0,all,15,1,0.0275
costly,costly,0.0,all,15,2,0.0
costly,costly,0.0,all,16,0,0.971
costly,costly,0.0,all,16,1,0.029
costly,costly,0.0,all,16,2,0.0
costly,costly,0.0,all,17,0,0.9785
costly,costly,0.0,all,17,1,0.0215
costly,costly,0.0,all,17,2,0.0
costly,costly,0.0,all,18,0,0.981
costly,costly,0.0,all,18,1,0.019
costly,costly,0.0,all,18,2,0.0
costly,costly,0.0,all,19,0,0.9865
costly,costly,0.0,all,19,1,0.0135
costly,costly,0.0,all,19,2,0.0
costly,costly,0.0,all,20,0,0.976
costly,costly,0.0,all,20,1,0.024
costly,costly,0.0,all,20,2,0.0
costly,costly,0.0,all,21,0,0.9735
costly,costly,0.0,all,21,1,0.0265
costly,costly,0.0,all,21,2,0.0
costly,costly,0.0,all,22,0,0.9795
costly,costly,0.0,all,22,1,0.0205
costly,costly,0.0,all,22,2,0.0
costly,costly,0.0,all,23,0,0.9795
costly,costly,0.0,all,23,1,0.0205
costly,costly,0.0,all,23,2,0.0
costly,costly,0.0,all,24,0,0.9745
costly,costly,0.0,all,24,1,0.0255
costly,costly,0.0,all,24,2,0.0
costly,costly,0.0,both_own,1,0,1.0
costly,costly,0.0,both_own,1,1,0.0
costly,costly,0.0,both_own,1,2,0.0
costly,costly,0.0,both_own,2,0,1.0
costly,costly,0.0,both_own,2,1,0.0
costly,costly,0.0,both_own,2,2,0.0
costly,costly,0.0,both_own,3,0,1.0
costly,costly,0.0,both_own,3,1,0.0
costly,costly,0.0,both_own,3,2,0.0
costly,costly,0.0,both_own,4,0,1.0
costly,costly,0.0,both_own,4,1,0.0
costly,costly,0.0,both_own,4,2,0.0
costly,costly,0.0,both_own,5,0,0.9979035639412998
costly,costly,0.0,both_own,5,1,0.0020964360587002098
costly,costly,0.0,both_own,5,2,0.0
costly,costly,0.0,both_own,6,0,1.0
costly,costly,0.0,both_own,6,1,0.0
costly,costly,0.0,both_own,6,2,0.0
costly,costly,0.0,both_own,7,0,0.9979035639412998
costly,costly,0.0,both_own,7,1,0.0020964360587002098
costly,costly,0.0,both_own,7,2,0.0
costly,costly,0.0,both_own,8,0,1.0
costly,costly,0.0,both_own,8,1,0.0
costly,costly,0.0,both_own,8,2,0.0
costly,costly,0.0,both_own,9,0,0.9937106918238994
costly,costly,0.0,both_own,9,1,0.006289308176100629
costly,costly,0.0,both_own,9,2,0.0
costly,costly,0.0,both_own,10,0,0.9979035639412998
costly,costly,0.0,both_own,10,1,0.0020964360587002098
costly,costly,0.0,both_own,10,2,0.0
costly,costly,0.0,both_own,11,0,0.9979035639412998
costly,costly,0.0,both_own,11,1,0.0020964360587002098
costly,costly,0.0,both_own,11,2,0.0
costly,costly,0.0,both_own,12,0,0.9874213836477987
costly,costly,0.0,both_own,12,1,0.012578616352201259
costly,costly,0.0,both_own,12,2,0.0
costly,costly,0.0,both_own,13,0,0.9832285115303984
costly,costly,0.0,both_own,13,1,0.016771488469601678
costly,costly,0.0,both_own,13,2,0.0
costly,costly,0.0,both_own,14,0,0.9832285115303984
costly,costly,0.0,both_own,14,1,0.016771488469601678
costly,costly,0.0,both_own,14,2,0.0
costly,costly,0.0,both_own,15,0,0.9832285115303984
costly,costly,0.0,both_own,15,1,0.016771488469601678
costly,costly,0.0,both_own,15,2,0.0
costly,costly,0.0,both_own,16,0,0.9790356394129979
costly,costly,0.0,both_own,16,1,0.020964360587002098
costly,costly,0.0,both_own,16,2,0.0
costly,costly,0.0,both_own,17,0,0.9916142557651991
costly,costly,0.0,both_own,17,1,0.008385744234800839
costly,costly,0.0,both_own,17,2,0.0
costly,costly,0.0,both_own,18,0,0.9937106918238994
costly,costly,0.0,both_own,18,1,0.006289308176100629
costly,costly,0.0,both_own,18,2,0.0
costly,costly,0.0,both_own,19,0,0.9937106918238994
costly,costly,0.0,both_own,19,1,0.006289308176100629
costly,costly,0.0,both_own,19,2,0.0
costly,costly,0.0,both_own,20,0,0.9811320754716981
costly,costly,0.0,both_own,20,1,0.018867924528301886
costly,costly,0.0,both_own,20,2,0.0
costly,costly,0.0,both_own,21,0,0.9853249475890985
costly,costly,0.0,both_own,21,1,0.014675052410901468
costly,costly,0.0,both_own,21,2,0.0
costly,costly,0.0,both_own,22,0,0.9916142557651991
costly,costly,0.0,both_own,22,1,0.008385744234800839
costly,costly,0.0,both_own,22,2,0.0
costly,costly,0.0,both_own,23,0,0.9937106918238994
costly,costly,0.0,both_own,23,1,0.006289308176100629
costly,costly,0.0,both_own,23,2,0.0
costly,costly,0.0,both_own,24,0,0.989517819706499
costly,costly,0.0,both_own,24,1,0.010482180293501049
costly,costly,0.0,both_own,24,2,0.0
costly,mixed,0.0,all,1,0,0.841
costly,mixed,0.0,all,1,1,0.159
costly,mixed,0.0,all,1,2,0.0
costly,mixed,0.0,all,2,0,0.8285
costly,mixed,0.0,all,2,1,0.1715
costly,mixed,0.0,all,2,2,0.0
costly,mixed,0.0,all,3,0,0.8385
costly,mixed,0.0,all,3,1,0.1615
costly,mixed,0.0,all,3,2,0.0
costly,mixed,0.0,all,4,0,0.832
costly,mixed,0.0,all,4,1,0.168
costly,mixed,0.0,all,4,2,0.0
costly,mixed,0.0,all,5,0,0.8305
costly,mixed,0.0,all,5,1,0.1695
costly,mixed,0.0,all,5,2,0.0
costly,mixed,0.0,all,6,0,0.832
costly,mixed,0.0,all,6,1,0.168
costly,mixed,0.0,all,6,2,0.0
costly,mixed,0.0,all,7,0,0.823
costly,mixed,0.0,all,7,1,0.177
costly,mixed,0.0,all,7,2,0.0
costly,mixed,0.0,all,8,0,0.821
costly,mixed,0.0,all,8,1,0.179
costly,mixed,0.0,all,8,2,0.0
costly,mixed,0.0,all,9,0,0.822
costly,mixed,0.0,all,9,1,0.178
costly,mixed,0.0,all,9,2,0.0
costly,mixed,0.0,all,10,0,0.8185
costly,mixed,0.0,all,10,1,0.1815
costly,mixed,0.0,all,10,2,0.0
costly,mixed,0.0,all,11,0,0.8275
costly,mixed,0.0,all,11,1,0.1725
costly,mixed,0.0,all,11,2,0.0
costly,mixed,0.0,all,12,0,0.8225
costly,mixed,0.0,all,12,1,0.1775
costly,mixed,0.0,all,12,2,0.0
costly,mixed,0.0,all,13,0,0.829
costly,mixed,0.0,all,13,1,0.171
costly,mixed,0.0,all,13,2,0.0
costly,mixed,0.0,all,14,0,0.825
costly,mixed,0.0,all,14,1,0.175
costly,mixed,0.0,all,14,2,0.0
costly,mixed,0.0,all,15,0,0.821
costly,mixed,0.0,all,15,1,0.1785
costly,mixed,0.0,all,15,2,0.0005
costly,mixed,0.0,all,16,0,0.83
costly,mixed,0.0,all,16,1,0.17
costly,mixed,0.0,all,16,2,0.0
costly,mixed,0.0,all,17,0,0.8285
costly,mixed,0.0,all,17,1,0.1715
costly,mixed,0.0,all,17,2,0.0
costly,mixed,0.0,all,18,0,0.826
costly,mixed,0.0,all,18,1,0.174
costly,mixed,0.0,all,18,2,0.0
costly,mixed,0.0,all,19,0,0.827
costly,mixed,0.0,all,19,1,0.173
costly,mixed,0.0,all,19,2,0.0
costly,mixed,0.0,all,20,0,0.8205
costly,mixed,0.0,all,20,1,0.1795
costly,mixed,0.0,all,20,2,0.0
costly,mixed,0.0,all,21,0,0.8305
costly,mixed,0.0,all,21,1,0.1695
costly,mixed,0.0,all,21,2,0.0
costly,mixed,0.0,all,22,0,0.8325
costly,mixed,0.0,all,22,1,0.167
costly,mixed,0.0,all,22,2,0.0005
costly,mixed,0.0,all,23,0,0.8365
costly,mixed,0.0,all,23,1,0.1635
costly,mixed,0.0,all,23,2,0.0
costly,mixed,0.0,all,24,0,0.821
costly,mixed,0.0,all,24,1,0.179
costly,mixed,0.0,all,24,2,0.0
costly,mixed,0.0,both_own,1,0,1.0
costly,mixed,0.0,both_own,1,1,0.0
costly,mixed,0.0,both_own,1,2,0.0
costly,mixed,0.0,both_own,2,0,1.0
costly,mixed,0.0,both_own,2,1,0.0
costly,mixed,0.0,both_own,2,2,0.0
costly,mixed,0.0,both_own,3,0,0.9979035639412998
costly,mixed,0.0,both_own,3,1,0.0020964360587002098
costly,mixed,0.0,both_own,3,2,0.0
costly,mixed,0.0,both_own,4,0,0.9958071278825996
costly,mixed,0.0,both_own,4,1,0.0041928721174004195
costly,mixed,0.0,both_own,4,2,0.0
costly,mixed,0.0,both_own,5,0,0.9958071278825996
costly,mixed,0.0,both_own,5,1,0.0041928721174004195
costly,mixed,0.0,both_own,5,2,0.0
costly,mixed,0.0,both_own,6,0,0.9937106918238994
costly,mixed,0.0,both_own,6,1,0.006289308176100629
costly,mixed,0.0,both_own,6,2,0.0
costly,mixed,0.0,both_own,7,0,0.9979035639412998
costly,mixed,0.0,both_own,7,1,0.0020964360587002098
costly,mixed,0.0,both_own,7,2,0.0
costly,mixed,0.0,both_own,8,0,0.9958071278825996
costly,mixed,0.0,both_own,8,1,0.0041928721174004195
costly,mixed,0.0,both_own,8,2,0.0
costly,mixed,0.0,both_own,9,0,0.9853249475890985
costly,mixed,0.0,both_own,9,1,0.014675052410901468
costly,mixed,0.0,both_own,9,2,0.0
costly,mixed,0.0,both_own,10,0,0.9811320754716981
costly,mixed,0.0,both_own,10,1,0.018867924528301886
costly,mixed,0.0,both_own,10,2,0.0
costly,mixed,0.0,both_own,11,0,0.9790356394129979
costly,mixed,0.0,both_own,11,1,0.020964360587002098
costly,mixed,0.0,both_own,11,2,0.0
costly,mixed,0.0,both_own,12,0,0.9748427672955975
costly,mixed,0.0,both_own,12,1,0.025157232704402517
costly,mixed,0.0,both_own,12,2,0.0
costly,mixed,0.0,both_own,13,0,0.9727463312368972
costly,mixed,0.0,both_own,13,1,0.027253668763102725
costly,mixed,0.0,both_own,13,2,0.0
costly,mixed,0.0,both_own,14,0,0.9727463312368972
costly,mixed,0.0,both_own,14,1,0.027253668763102725
costly,mixed,0.0,both_own,14,2,0.0
costly,mixed,0.0,both_own,15,0,0.9832285115303984
costly,mixed,0.0,both_own,15,1,0.016771488469601678
costly,mixed,0.0,both_own,15,2,0.0
costly,mixed,0.0,both_own,16,0,0.9748427672955975
costly,mixed,0.0,both_own,16,1,0.025157232704402517
costly,mixed,0.0,both_own,16,2,0.0
costly,mixed,0.0,both_own,17,0,0.9769392033542977
costly,mixed,0.0,both_own,17,1,0.023060796645702306
costly,mixed,0.0,both_own,17,2,0.0
costly,mixed,0.0,both_own,18,0,0.9748427672955975
costly,mixed,0.0,both_own,18,1,0.025157232704402517
costly,mixed,0.0,both_own,18,2,0.0
costly,mixed,0.0,both_own,19,0,0.9727463312368972
costly,mixed,0.0,both_own,19,1,0.027253668763102725
costly,mixed,0.0,both_own,19,2,0.0
costly,mixed,0.0,both_own,20,0,0.9769392033542977
costly,mixed,0.0,both_own,20,1,0.023060796645702306
costly,mixed,0.0,both_own,20,2,0.0
costly,mixed,0.0,both_own,21,0,0.9622641509433962
costly,mixed,0.0,both_own,21,1,0.03773584905660377
costly,mixed,0.0,both_own,21,2,0.0
costly,mixed,0.0,both_own,22,0,0.9685534591194969
costly,mixed,0.0,both_own,22,1,0.029350104821802937
costly,mixed,0.0,both_own,22,2,0.0020964360587002098
costly,mixed,0.0,both_own,23,0,0.9811320754716981
costly,mixed,0.0,both_own,23,1,0.018867924528301886
costly,mixed,0.0,both_own,23,2,0.0
costly,mixed,0.0,both_own,24,0,0.9559748427672956
costly,mixed,0.0,both_own,24,1,0.0440251572327044
costly,mixed,0.0,both_own,24,2,0.0
mixed,honest,0.0,all,1,0,0.4905
mixed,honest,0.0,all,1,1,0.5085
mixed,honest,0.0,all,1,2,0.001
mixed,honest,0.0,all,2,0,0.423
mixed,honest,0.0,all,2,1,0.577
mixed,honest,0.0,all,2,2,0.0
mixed,honest,0.0,all,3,0,0.412
mixed,honest,0.0,all,3,1,0.588
mixed,honest,0.0,all,3,2,0.0
mixed,honest,0.0,all,4,0,0.401
mixed,honest,0.0,all,4,1,0.599
mixed,honest,0.0,all,4,2,0.0
mixed,honest,0.0,all,5,0,0.412
mixed,honest,0.0,all,5,1,0.5875
mixed,honest,0.0,all,5,2,0.0005
mixed,honest,0.0,all,6,0,0.4015
mixed,honest,0.0,all,6,1,0.5985
mixed,honest,0.0,all,6,2,0.0
mixed,honest,0.0,all,7,0,0.3895
mixed,honest,0.0,all,7,1,0.61
mixed,honest,0.0,all,7,2,0.0005
mixed,honest,0.0,all,8,0,0.399
mixed,honest,0.0,all,8,1,0.601
mixed,honest,0.0,all,8,2,0.0
mixed,honest,0.0,all,9,0,0.4015
mixed,honest,0.0,all,9,1,0.5985
mixed,honest,0.0,all,9,2,0.0
mixed,honest,0.0,all,10,0,0.3975
mixed,honest,0.0,all,10,1,0.602
mixed,honest,0.0,all,10,2,0.0005
mixed,honest,0.0,all,11,0,0.4105
mixed,honest,0.0,all,11,1,0.5895
mixed,honest,0.0,all,11,2,0.0
mixed,honest,0.0,all,12,0,0.382
mixed,honest,0.0,all,12,1,0.618
mixed,honest,0.0,all,12,2,0.0
mixed,honest,0.0,all,13,0,0.41
mixed,honest,0.0,all,13,1,0.59
mixed,honest,0.0,all,13,2,0.0
mixed,honest,0.0,all,14,0,0.4025
mixed,honest,0.0,all,14,1,0.5975
mixed,honest,0.0,all,14,2,0.0
mixed,honest,0.0,all,15,0,0.3985
mixed,honest,0.0,all,15,1,0.6015
mixed,honest,0.0,all,15,2,0.0
mixed,honest,0.0,all,16,0,0.386
mixed,honest,0.0,all,16,1,0.614
mixed,honest,0.0,all,16,2,0.0
mixed,honest,0.0,all,17,0,0.3965
mixed,honest,0.0,all,17,1,0.6035
mixed,honest,0.0,all,17,2,0.0
mixed,honest,0.0,all,18,0,0.4105
mixed,honest,0.0,all,18,1,0.5895
mixed,honest,0.0,all,18,2,0.0
mixed,honest,0.0,all,19,0,0.392
mixed,honest,0.0,all,19,1,0.608
mixed,honest,0.0,all,19,2,0.0
mixed,honest,0.0,all,20,0,0.3875
mixed,honest,0.0,all,20,1,0.6125
mixed,honest,0.0,all,20,2,0.0
mixed,honest,0.0,all,21,0,0.389
mixed,honest,0.0,all,21,1,0.611
mixed,honest,0.0,all,21,2,0.0
mixed,honest,0.0,all,22,0,0.386
mixed,honest,0.0,all,22,1,0.614
mixed,honest,0.0,all,22,2,0.0
mixed,honest,0.0,all,23,0,0.39
mixed,honest,0.0,all,23,1,0.61
mixed,honest,0.0,all,23,2,0.0
mixed,honest,0.0,all,24,0,0.3945
mixed,honest,0.0,all,24,1,0.6055
mixed,honest,0.0,all,24,2,0.0
mixed,honest,0.0,both_own,1,0,0.8050314465408805
mixed,honest,0.0,both_own,1,1,0.1949685534591195
mixed,honest,0.0,both_own,1,2,0.0
mixed,honest,0.0,both_own,2,0,0.7672955974842768
mixed,honest,0.0,both_own,2,1,0.23270440251572327
mixed,honest,0.0,both_own,2,2,0.0
mixed,honest,0.0,both_own,3,0,0.7756813417190775
mixed,honest,0.0,both_own,3,1,0.22431865828092243
mixed,honest,0.0,both_own,3,2,0.0
mixed,honest,0.0,both_own,4,0,0.6960167714884696
mixed,honest,0.0,both_own,4,1,0.3039832285115304
mixed,honest,0.0,both_own,4,2,0.0
mixed,honest,0.0,both_own,5,0,0.7274633123689728
mixed,honest,0.0,both_own,5,1,0.27253668763102723
mixed,honest,0.0,both_own,5,2,0.0
mixed,honest,0.0,both_own,6,0,0.7253668763102725
mixed,honest,0.0,both_own,6,1,0.2746331236897275
mixed,honest,0.0,both_own,6,2,0.0
mixed,honest,0.0,both_own,7,0,0.710691823899371
mixed,honest,0.0,both_own,7,1,0.2893081761006289
mixed,honest,0.0,both_own,7,2,0.0
mixed,honest,0.0,both_own,8,0,0.6876310272536688
mixed,honest,0.0,both_own,8,1,0.31236897274633124
mixed,honest,0.0,both_own,8,2,0.0
mixed,honest,0.0,both_own,9,0,0.7023060796645703
mixed,honest,0.0,both_own,9,1,0.2976939203354298
mixed,honest,0.0,both_own,9,2,0.0
mixed,honest,0.0,both_own,10,0,0.6876310272536688
mixed,honest,0.0,both_own,10,1,0.31236897274633124
mixed,honest,0.0,both_own,10,2,0.0
mixed,honest,0.0,both_own,11,0,0.710691823899371
mixed,honest,0.0,both_own,11,1,0.2893081761006289
mixed,honest,0.0,both_own,11,2,0.0
mixed,honest,0.0,both_own,12,0,0.6540880503144654
mixed,honest,0.0,both_own,12,1,0.34591194968553457
mixed,honest,0.0,both_own,12,2,0.0
mixed,honest,0.0,both_own,13,0,0.7064989517819706
mixed,honest,0.0,both_own,13,1,0.29350104821802936
mixed,honest,0.0,both_own,13,2,0.0
mixed,honest,0.0,both_own,14,0,0.6687631027253669
mixed,honest,0.0,both_own,14,1,0.3312368972746331
mixed,honest,0.0,both_own,14,2,0.0
mixed,honest,0.0,both_own,15,0,0.6750524109014675
mixed,honest,0.0,both_own,15,1,0.3249475890985325
mixed,honest,0.0,both_own,15,2,0.0
mixed,honest,0.0,both_own,16,0,0.6729559748427673
mixed,honest,0.0,both_own,16,1,0.3270440251572327
mixed,honest,0.0,both_own,16,2,0.0
mixed,honest,0.0,both_own,17,0,0.6813417190775681
mixed,honest,0.0,both_own,17,1,0.31865828092243187
mixed,honest,0.0,both_own,17,2,0.0
mixed,honest,0.0,both_own,18,0,0.7085953878406709
mixed,honest,0.0,both_own,18,1,0.2914046121593291
mixed,honest,0.0,both_own,18,2,0.0
mixed,honest,0.0,both_own,19,0,0.6582809224318659
mixed,honest,0.0,both_own,19,1,0.3417190775681342
mixed,honest,0.0,both_own,19,2,0.0
mixed,honest,0.0,both_own,20,0,0.6268343815513627
mixed,honest,0.0,both_own,20,1,0.3731656184486373
mixed,honest,0.0,both_own,20,2,0.0
mixed,honest,0.0,both_own,21,0,0.6813417190775681
mixed,honest,0.0,both_own,21,1,0.31865828092243187
mixed,honest,0.0,both_own,21,2,0.0
mixed,honest,0.0,both_own,22,0,0.6519916142557652
mixed,honest,0.0,both_own,22,1,0.3480083857442348
mixed,honest,0.0,both_own,22,2,0.0
mixed,honest,0.0,both_own,23,0,0.6247379454926625
mixed,honest,0.0,both_own,23,1,0.3752620545073375
mixed,honest,0.0,both_own,23,2,0.0
mixed,honest,0.0,both_own,24,0,0.6666666666666666
mixed,honest,0.0,both_own,24,1,0.3333333333333333
mixed,honest,0.0,both_own,24,2,0.0
mixed,attenuated,0.0,all,1,0,0.5295
mixed,attenuated,0.0,all,1,1,0.467
mixed,attenuated,0.0,all,1,2,0.0035
mixed,attenuated,0.0,all,2,0,0.474
mixed,attenuated,0.0,all,2,1,0.523
mixed,attenuated,0.0,all,2,2,0.003
mixed,attenuated,0.0,all,3,0,0.4625
mixed,attenuated,0.0,all,3,1,0.537
mixed,attenuated,0.0,all,3,2,0.0005
mixed,attenuated,0.0,all,4,0,0.468
mixed,attenuated,0.0,all,4,1,0.5315
mixed,attenuated,0.0,all,4,2,0.0005
mixed,attenuated,0.0,all,5,0,0.476
mixed,attenuated,0.0,all,5,1,0.524
mixed,attenuated,0.0,all,5,2,0.0
mixed,attenuated,0.0,all,6,0,0.4625
mixed,attenuated,0.0,all,6,1,0.5365
mixed,attenuated,0.0,all,6,2,0.001
mixed,attenuated,0.0,all,7,0,0.458
mixed,attenuated,0.0,all,7,1,0.541
mixed,attenuated,0.0,all,7,2,0.001
mixed,attenuated,0.0,all,8,0,0.4725
mixed,attenuated,0.0,all,8,1,0.525
mixed,attenuated,0.0,all,8,2,0.0025
mixed,attenuated,0.0,all,9,0,0.4615
mixed,attenuated,0.0,all,9,1,0.537
mixed,attenuated,0.0,all,9,2,0.0015
mixed,attenuated,0.0,all,10,0,0.467
mixed,attenuated,0.0,all,10,1,0.532
mixed,attenuated,0.0,all,10,2,0.001
mixed,attenuated,0.0,all,11,0,0.478
mixed,attenuated,0.0,all,11,1,0.5205
mixed,attenuated,0.0,all,11,2,0.0015
mixed,attenuated,0.0,all,12,0,0.4605
mixed,attenuated,0.0,all,12,1,0.5395
mixed,attenuated,0.0,all,12,2,0.0
mixed,attenuated,0.0,all,13,0,0.4805
mixed,attenuated,0.0,all,13,1,0.519
mixed,attenuated,0.0,all,13,2,0.0005
mixed,attenuated,0.0,all,14,0,0.4765
mixed,attenuated,0.0,all,14,1,0.5215
mixed,attenuated,0.0,all,14,2,0.002
mixed,attenuated,0.0,all,15,0,0.47
mixed,attenuated,0.0,all,15,1,0.5285
mixed,attenuated,0.0,all,15,2,0.0015
mixed,attenuated,0.0,all,16,0,0.4605
mixed,attenuated,0.0,all,16,1,0.5395
mixed,attenuated,0.0,all,16,2,0.0
mixed,attenuated,0.0,all,17,0,0.4695
mixed,attenuated,0.0,all,17,1,0.5305
mixed,attenuated,0.0,all,17,2,0.0
mixed,attenuated,0.0,all,18,0,0.478
mixed,attenuated,0.0,all,18,1,0.522
mixed,attenuated,0.0,all,18,2,0.0
mixed,attenuated,0.0,all,19,0,0.4665
mixed,attenuated,0.0,all,19,1,0.533
mixed,attenuated,0.0,all,19,2,0.0005
mixed,attenuated,0.0,all,20,0,0.4705
mixed,attenuated,0.0,all,20,1,0.529
mixed,attenuated,0.0,all,20,2,0.0005
mixed,attenuated,0.0,all,21,0,0.4625
mixed,attenuated,0.0,all,21,1,0.5365
mixed,attenuated,0.0,all,21,2,0.001
mixed,attenuated,0.0,all,22,0,0.4655
mixed,attenuated,0.0,all,22,1,0.533
mixed,attenuated,0.0,all,22,2,0.0015
mixed,attenuated,0.0,all,23,0,0.474
mixed,attenuated,0.0,all,23,1,0.525
mixed,attenuated,0.0,all,23,2,0.001
mixed,attenuated,0.0,all,24,0,0.4685
mixed,attenuated,0.0,all,24,1,0.531
mixed,attenuated,0.0,all,24,2,0.0005
mixed,attenuated,0.0,both_own,1,0,0.9916142557651991
mixed,attenuated,0.0,both_own,1,1,0.008385744234800839
mixed,attenuated,0.0,both_own,1,2,0.0
mixed,attenuated,0.0,both_own,2,0,0.9832285115303984
mixed,attenuated,0.0,both_own,2,1,0.016771488469601678
mixed,attenuated,0.0,both_own,2,2,0.0
mixed,attenuated,0.0,both_own,3,0,0.9853249475890985
mixed,attenuated,0.0,both_own,3,1,0.014675052410901468
mixed,attenuated,0.0,both_own,3,2,0.0
mixed,attenuated,0.0,both_own,4,0,0.9769392033542977
mixed,attenuated,0.0,both_own,4,1,0.023060796645702306
mixed,attenuated,0.0,both_own,4,2,0.0
mixed,attenuated,0.0,both_own,5,0,0.9769392033542977
mixed,attenuated,0.0,both_own,5,1,0.023060796645702306
mixed,attenuated,0.0,both_own,5,2,0.0
mixed,attenuated,0.0,both_own,6,0,0.9748427672955975
mixed,attenuated,0.0,both_own,6,1,0.025157232704402517
mixed,attenuated,0.0,both_own,6,2,0.0
mixed,attenuated,0.0,both_own,7,0,0.9748427672955975
mixed,attenuated,0.0,both_own,7,1,0.025157232704402517
mixed,attenuated,0.0,both_own,7,2,0.0
mixed,attenuated,0.0,both_own,8,0,0.9853249475890985
mixed,attenuated,0.0,both_own,8,1,0.014675052410901468
mixed,attenuated,0.0,both_own,8,2,0.0
mixed,attenuated,0.0,both_own,9,0,0.9622641509433962
mixed,attenuated,0.0,both_own,9,1,0.03773584905660377
mixed,attenuated,0.0,both_own,9,2,0.0
mixed,attenuated,0.0,both_own,10,0,0.9664570230607966
mixed,attenuated,0.0,both_own,10,1,0.033542976939203356
mixed,attenuated,0.0,both_own,10,2,0.0
mixed,attenuated,0.0,both_own,11,0,0.9811320754716981
mixed,attenuated,0.0,both_own,11,1,0.018867924528301886
mixed,attenuated,0.0,both_own,11,2,0.0
mixed,attenuated,0.0,both_own,12,0,0.9622641509433962
mixed,attenuated,0.0,both_own,12,1,0.03773584905660377
mixed,attenuated,0.0,both_own,12,2,0.0
mixed,attenuated,0.0,both_own,13,0,0.9664570230607966
mixed,attenuated,0.0,both_own,13,1,0.033542976939203356
mixed,attenuated,0.0,both_own,13,2,0.0
mixed,attenuated,0.0,both_own,14,0,0.9559748427672956
mixed,attenuated,0.0,both_own,14,1,0.0440251572327044
mixed,attenuated,0.0,both_own,14,2,0.0
mixed,attenuated,0.0,both_own,15,0,0.9580712788259959
mixed,attenuated,0.0,both_own,15,1,0.041928721174004195
mixed,attenuated,0.0,both_own,15,2,0.0
mixed,attenuated,0.0,both_own,16,0,0.9538784067085954
mixed,attenuated,0.0,both_own,16,1,0.04612159329140461
mixed,attenuated,0.0,both_own,16,2,0.0
mixed,attenuated,0.0,both_own,17,0,0.9643605870020965
mixed,attenuated,0.0,both_own,17,1,0.03563941299790356
mixed,attenuated,0.0,both_own,17,2,0.0
mixed,attenuated,0.0,both_own,18,0,0.9622641509433962
mixed,attenuated,0.0,both_own,18,1,0.03773584905660377
mixed,attenuated,0.0,both_own,18,2,0.0
mixed,attenuated,0.0,both_own,19,0,0.9412997903563941
mixed,attenuated,0.0,both_own,19,1,0.05870020964360587
mixed,attenuated,0.0,both_own,19,2,0.0
mixed,attenuated,0.0,both_own,20,0,0.9475890985324947
mixed,attenuated,0.0,both_own,20,1,0.05241090146750524
mixed,attenuated,0.0,both_own,20,2,0.0
mixed,attenuated,0.0,both_own,21,0,0.9664570230607966
mixed,attenuated,0.0,both_own,21,1,0.033542976939203356
mixed,attenuated,0.0,both_own,21,2,0.0
mixed,attenuated,0.0,both_own,22,0,0.960167714884696
mixed,attenuated,0.0,both_own,22,1,0.039832285115303984
mixed,attenuated,0.0,both_own,22,2,0.0
mixed,attenuated,0.0,both_own,23,0,0.949685534591195
mixed,attenuated,0.0,both_own,23,1,0.050314465408805034
mixed,attenuated,0.0,both_own,23,2,0.0
mixed,attenuated,0.0,both_own,24,0,0.9517819706498952
mixed,attenuated,0.0,both_own,24,1,0.04821802935010482
mixed,attenuated,0.0,both_own,24,2,0.0
mixed,costly,0.0,all,1,0,0.8815
mixed,costly,0.0,all,1,1,0.1185
mixed,costly,0.0,all,1,2,0.0
mixed,costly,0.0,all,2,0,0.83
mixed,costly,0.0,all,2,1,0.17
mixed,costly,0.0,all,2,2,0.0
mixed,costly,0.0,all,3,0,0.822
mixed,costly,0.0,all,3,1,0.178
mixed,costly,0.0,all,3,2,0.0
mixed,costly,0.0,all,4,0,0.8285
mixed,costly,0.0,all,4,1,0.1715
mixed,costly,0.0,all,4,2,0.0
mixed,costly,0.0,all,5,0,0.836
mixed,costly,0.0,all,5,1,0.164
mixed,costly,0.0,all,5,2,0.0
mixed,costly,0.0,all,6,0,0.824
mixed,costly,0.0,all,6,1,0.176
mixed,costly,0.0,all,6,2,0.0
mixed,costly,0.0,all,7,0,0.8165
mixed,costly,0.0,all,7,1,0.1835
mixed,costly,0.0,all,7,2,0.0
mixed,costly,0.0,all,8,0,0.827
mixed,costly,0.0,all,8,1,0.173
mixed,costly,0.0,all,8,2,0.0
mixed,costly,0.0,all,9,0,0.8295
mixed,costly,0.0,all,9,1,0.1705
mixed,costly,0.0,all,9,2,0.0
mixed,costly,0.0,all,10,0,0.821
mixed,costly,0.0,all,10,1,0.179
mixed,costly,0.0,all,10,2,0.0
mixed,costly,0.0,all,11,0,0.8335
mixed,costly,0.0,all,11,1,0.1665
mixed,costly,0.0,all,11,2,0.0
mixed,costly,0.0,all,12,0,0.816
mixed,costly,0.0,all,12,1,0.184
mixed,costly,0.0,all,12,2,0.0
mixed,costly,0.0,all,13,0,0.8365
mixed,costly,0.0,all,13,1,0.1635
mixed,costly,0.0,all,13,2,0.0
mixed,costly,0.0,all,14,0,0.8385
mixed,costly,0.0,all,14,1,0.1615
mixed,costly,0.0,all,14,2,0.0
mixed,costly,0.0,all,15,0,0.8245
mixed,costly,0.0,all,15,1,0.1755
mixed,costly,0.0,all,15,2,0.0
mixed,costly,0.0,all,16,0,0.8065
mixed,costly,0.0,all,16,1,0.1935
mixed,costly,0.0,all,16,2,0.0
mixed,costly,0.0,all,17,0,0.8235
mixed,costly,0.0,all,17,1,0.1765
mixed,costly,0.0,all,17,2,0.0
mixed,costly,0.0,all,18,0,0.833
mixed,costly,0.0,all,18,1,0.167
mixed,costly,0.0,all,18,2,0.0
mixed,costly,0.0,all,19,0,0.8285
mixed,costly,0.0,all,19,1,0.1715
mixed,costly,0.0,all,19,2,0.0
mixed,costly,0.0,all,20,0,0.8275
mixed,costly,0.0,all,20,1,0.1725
mixed,costly,0.0,all,20,2,0.0
mixed,costly,0.0,all,21,0,0.8205
mixed,costly,0.0,all,21,1,0.1795
mixed,costly,0.0,all,21,2,0.0
mixed,costly,0.0,all,22,0,0.819
mixed,costly,0.0,all,22,1,0.181
mixed,costly,0.0,all,22,2,0.0
mixed,costly,0.0,all,23,0,0.8285
mixed,costly,0.0,all,23,1,0.1715
mixed,costly,0.0,all,23,2,0.0
mixed,costly,0.0,all,24,0,0.8215
mixed,costly,0.0,all,24,1,0.1785
mixed,costly,0.0,all,24,2,0.0
mixed,costly,0.0,both_own,1,0,1.0
mixed,costly,0.0,both_own,1,1,0.0
mixed,costly,0.0,both_own,1,2,0.0
mixed,costly,0.0,both_own,2,0,0.9958071278825996
mixed,costly,0.0,both_own,2,1,0.0041928721174004195
mixed,costly,0.0,both_own,2,2,0.0
mixed,costly,0.0,both_own,3,0,0.9979035639412998
mixed,costly,0.0,both_own,3,1,0.0020964360587002098
mixed,costly,0.0,both_own,3,2,0.0
mixed,costly,0.0,both_own,4,0,0.9916142557651991
mixed,costly,0.0,both_own,4,1,0.008385744234800839
mixed,costly,0.0,both_own,4,2,0.0
mixed,costly,0.0,both_own,5,0,0.9979035639412998
mixed,costly,0.0,both_own,5,1,0.0020964360587002098
mixed,costly,0.0,both_own,5,2,0.0
mixed,costly,0.0,both_own,6,0,0.989517819706499
mixed,costly,0.0,both_own,6,1,0.010482180293501049
mixed,costly,0.0,both_own,6,2,0.0
mixed,costly,0.0,both_own,7,0,0.989517819706499
mixed,costly,0.0,both_own,7,1,0.010482180293501049
mixed,costly,0.0,both_own,7,2,0.0
mixed,costly,0.0,both_own,8,0,0.9958071278825996
mixed,costly,0.0,both_own,8,1,0.0041928721174004195
mixed,costly,0.0,both_own,8,2,0.0
mixed,costly,0.0,both_own,9,0,0.9853249475890985
mixed,costly,0.0,both_own,9,1,0.014675052410901468
mixed,costly,0.0,both_own,9,2,0.0
mixed,costly,0.0,both_own,10,0,0.989517819706499
mixed,costly,0.0,both_own,10,1,0.010482180293501049
mixed,costly,0.0,both_own,10,2,0.0
mixed,costly,0.0,both_own,11,0,0.9916142557651991
mixed,costly,0.0,both_own,11,1,0.008385744234800839
mixed,costly,0.0,both_own,11,2,0.0
mixed,costly,0.0,both_own,12,0,0.9748427672955975
mixed,costly,0.0,both_own,12,1,0.025157232704402517
mixed,costly,0.0,both_own,12,2,0.0
mixed,costly,0.0,both_own,13,0,0.9874213836477987
mixed,costly,0.0,both_own,13,1,0.012578616352201259
mixed,costly,0.0,both_own,13,2,0.0
mixed,costly,0.0,both_own,14,0,0.9832285115303984
mixed,costly,0.0,both_own,14,1,0.016771488469601678
mixed,costly,0.0,both_own,14,2,0.0
mixed,costly,0.0,both_own,15,0,0.9811320754716981
mixed,costly,0.0,both_own,15,1,0.018867924528301886
mixed,costly,0.0,both_own,15,2,0.0
mixed,costly,0.0,both_own,16,0,0.9706498951781971
mixed,costly,0.0,both_own,16,1,0.029350104821802937
mixed,costly,0.0,both_own,16,2,0.0
mixed,costly,0.0,both_own,17,0,0.9769392033542977
mixed,costly,0.0,both_own,17,1,0.023060796645702306
mixed,costly,0.0,both_own,17,2,0.0
mixed,costly,0.0,both_own,18,0,0.9769392033542977
mixed,costly,0.0,both_own,18,1,0.023060796645702306
mixed,costly,0.0,both_own,18,2,0.0
mixed,costly,0.0,both_own,19,0,0.9748427672955975
mixed,costly,0.0,both_own,19,1,0.025157232704402517
mixed,costly,0.0,both_own,19,2,0.0
mixed,costly,0.0,both_own,20,0,0.9727463312368972
mixed,costly,0.0,both_own,20,1,0.027253668763102725
mixed,costly,0.0,both_own,20,2,0.0
mixed,costly,0.0,both_own,21,0,0.9811320754716981
mixed,costly,0.0,both_own,21,1,0.018867924528301886
mixed,costly,0.0,both_own,21,2,0.0
mixed,costly,0.0,both_own,22,0,0.9748427672955975
mixed,costly,0.0,both_own,22,1,0.025157232704402517
mixed,costly,0.0,both_own,22,2,0.0
mixed,costly,0.0,both_own,23,0,0.9748427672955975
mixed,costly,0.0,both_own,23,1,0.025157232704402517
mixed,costly,0.0,both_own,23,2,0.0
mixed,costly,0.0,both_own,24,0,0.9727463312368972
mixed,costly,0.0,both_own,24,1,0.027253668763102725
mixed,costly,0.0,both_own,24,2,0.0
mixed,mixed,0.0,all,1,0,0.742
mixed,mixed,0.0,all,1,1,0.2575
mixed,mixed,0.0,all,1,2,0.0005
mixed,mixed,0.0,all,2,0,0.686
mixed,mixed,0.0,all,2,1,0.3135
mixed,mixed,0.0,all,2,2,0.0005
mixed,mixed,0.0,all,3,0,0.6855
mixed,mixed,0.0,all,3,1,0.3145
mixed,mixed,0.0,all,3,2,0.0
mixed,mixed,0.0,all,4,0,0.6825
mixed,mixed,0.0,all,4,1,0.3175
mixed,mixed,0.0,all,4,2,0.0
mixed,mixed,0.0,all,5,0,0.6865
mixed,mixed,0.0,all,5,1,0.3135
mixed,mixed,0.0,all,5,2,0.0
mixed,mixed,0.0,all,6,0,0.677
mixed,mixed,0.0,all,6,1,0.323
mixed,mixed,0.0,all,6,2,0.0
mixed,mixed,0.0,all,7,0,0.6655
mixed,mixed,0.0,all,7,1,0.3345
mixed,mixed,0.0,all,7,2,0.0
mixed,mixed,0.0,all,8,0,0.6725
mixed,mixed,0.0,all,8,1,0.3275
mixed,mixed,0.0,all,8,2,0.0
mixed,mixed,0.0,all,9,0,0.6715
mixed,mixed,0.0,all,9,1,0.3285
mixed,mixed,0.0,all,9,2,0.0
mixed,mixed,0.0,all,10,0,0.675
mixed,mixed,0.0,all,10,1,0.325
mixed,mixed,0.0,all,10,2,0.0
mixed,mixed,0.0,all,11,0,0.684
mixed,mixed,0.0,all,11,1,0.316
mixed,mixed,0.0,all,11,2,0.0
mixed,mixed,0.0,all,12,0,0.663
mixed,mixed,0.0,all,12,1,0.337
mixed,mixed,0.0,all,12,2,0.0
mixed,mixed,0.0,all,13,0,0.6885
mixed,mixed,0.0,all,13,1,0.3115
mixed,mixed,0.0,all,13,2,0.0
mixed,mixed,0.0,all,14,0,0.684
mixed,mixed,0.0,all,14,1,0.316
mixed,mixed,0.0,all,14,2,0.0
mixed,mixed,0.0,all,15,0,0.676
mixed,mixed,0.0,all,15,1,0.3235
mixed,mixed,0.0,all,15,2,0.0005
mixed,mixed,0.0,all,16,0,0.666
mixed,mixed,0.0,all,16,1,0.334
mixed,mixed,0.0,all,16,2,0.0
mixed,mixed,0.0,all,17,0,0.681
mixed,mixed,0.0,all,17,1,0.319
mixed,mixed,0.0,all,17,2,0.0
mixed,mixed,0.0,all,18,0,0.6795
mixed,mixed,0.0,all,18,1,0.3205
mixed,mixed,0.0,all,18,2,0.0
mixed,mixed,0.0,all,19,0,0.675
mixed,mixed,0.0,all,19,1,0.325
mixed,mixed,0.0,all,19,2,0.0
mixed,mixed,0.0,all,20,0,0.676
mixed,mixed,0.0,all,20,1,0.324
mixed,mixed,0.0,all,20,2,0.0
mixed,mixed,0.0,all,21,0,0.681
mixed,mixed,0.0,all,21,1,0.318
mixed,mixed,0.0,all,21,2,0.001
mixed,mixed,0.0,all,22,0,0.6795
mixed,mixed,0.0,all,22,1,0.32
mixed,mixed,0.0,all,22,2,0.0005
mixed,mixed,0.0,all,23,0,0.691
mixed,mixed,0.0,all,23,1,0.309
mixed,mixed,0.0,all,23,2,0.0
mixed,mixed,0.0,all,24,0,0.6745
mixed,mixed,0.0,all,24,1,0.3255
mixed,mixed,0.0,all,24,2,0.0
mixed,mixed,0.0,both_own,1,0,1.0
mixed,mixed,0.0,both_own,1,1,0.0
mixed,mixed,0.0,both_own,1,2,0.0
mixed,mixed,0.0,both_own,2,0,0.9958071278825996
mixed,mixed,0.0,both_own,2,1,0.0041928721174004195
mixed,mixed,0.0,both_own,2,2,0.0
mixed,mixed,0.0,both_own,3,0,0.9958071278825996
mixed,mixed,0.0,both_own,3,1,0.0041928721174004195
mixed,mixed,0.0,both_own,3,2,0.0
mixed,mixed,0.0,both_own,4,0,0.9853249475890985
mixed,mixed,0.0,both_own,4,1,0.014675052410901468
mixed,mixed,0.0,both_own,4,2,0.0
mixed,mixed,0.0,both_own,5,0,0.9937106918238994
mixed,mixed,0.0,both_own,5,1,0.006289308176100629
mixed,mixed,0.0,both_own,5,2,0.0
mixed,mixed,0.0,both_own,6,0,0.9832285115303984
mixed,mixed,0.0,both_own,6,1,0.016771488469601678
mixed,mixed,0.0,both_own,6,2,0.0
mixed,mixed,0.0,both_own,7,0,0.989517819706499
mixed,mixed,0.0,both_own,7,1,0.010482180293501049
mixed,mixed,0.0,both_own,7,2,0.0
mixed,mixed,0.0,both_own,8,0,0.989517819706499
mixed,mixed,0.0,both_own,8,1,0.010482180293501049
mixed,mixed,0.0,both_own,8,2,0.0
mixed,mixed,0.0,both_own,9,0,0.9748427672955975
mixed,mixed,0.0,both_own,9,1,0.025157232704402517
mixed,mixed,0.0,both_own,9,2,0.0
mixed,mixed,0.0,both_own,10,0,0.9769392033542977
mixed,mixed,0.0,both_own,10,1,0.023060796645702306
mixed,mixed,0.0,both_own,10,2,0.0
mixed,mixed,0.0,both_own,11,0,0.9748427672955975
mixed,mixed,0.0,both_own,11,1,0.025157232704402517
mixed,mixed,0.0,both_own,11,2,0.0
mixed,mixed,0.0,both_own,12,0,0.9622641509433962
mixed,mixed,0.0,both_own,12,1,0.03773584905660377
mixed,mixed,0.0,both_own,12,2,0.0
mixed,mixed,0.0,both_own,13,0,0.9727463312368972
mixed,mixed,0.0,both_own,13,1,0.027253668763102725
mixed,mixed,0.0,both_own,13,2,0.0
mixed,mixed,0.0,both_own,14,0,0.9706498951781971
mixed,mixed,0.0,both_own,14,1,0.029350104821802937
mixed,mixed,0.0,both_own,14,2,0.0
mixed,mixed,0.0,both_own,15,0,0.9706498951781971
mixed,mixed,0.0,both_own,15,1,0.029350104821802937
mixed,mixed,0.0,both_own,15,2,0.0
mixed,mixed,0.0,both_own,16,0,0.9580712788259959
mixed,mixed,0.0,both_own,16,1,0.041928721174004195
mixed,mixed,0.0,both_own,16,2,0.0
mixed,mixed,0.0,both_own,17,0,0.9664570230607966
mixed,mixed,0.0,both_own,17,1,0.033542976939203356
mixed,mixed,0.0,both_own,17,2,0.0
mixed,mixed,0.0,both_own,18,0,0.949685534591195
mixed,mixed,0.0,both_own,18,1,0.050314465408805034
mixed,mixed,0.0,both_own,18,2,0.0
mixed,mixed,0.0,both_own,19,0,0.9517819706498952
mixed,mixed,0.0,both_own,19,1,0.04821802935010482
mixed,mixed,0.0,both_own,19,2,0.0
mixed,mixed,0.0,both_own,20,0,0.960167714884696
mixed,mixed,0.0,both_own,20,1,0.039832285115303984
mixed,mixed,0.0,both_own,20,2,0.0
mixed,mixed,0.0,both_own,21,0,0.9643605870020965
mixed,mixed,0.0,both_own,21,1,0.03563941299790356
mixed,mixed,0.0,both_own,21,2,0.0
mixed,mixed,0.0,both_own,22,0,0.9517819706498952
mixed,mixed,0.0,both_own,22,1,0.04821802935010482
mixed,mixed,0.0,both_own,22,2,0.0
mixed,mixed,0.0,both_own,23,0,0.960167714884696
mixed,mixed,0.0,both_own,23,1,0.039832285115303984
mixed,mixed,0.0,both_own,23,2,0.0
mixed,mixed,0.0,both_own,24,0,0.9475890985324947
mixed,mixed,0.0,both_own,24,1,0.05241090146750524
mixed,mixed,0.0,both_own,24,2,0.0
honest,honest,1.5,all,1,0,0.2635
honest,honest,1.5,all,1,1,0.73
honest,honest,1.5,all,1,2,0.0065
honest,honest,1.5,all,2,0,0.1895
honest,honest,1.5,all,2,1,0.8095
honest,honest,1.5,all,2,2,0.001
honest,honest,1.5,all,3,0,0.162
honest,honest,1.5,all,3,1,0.838
honest,honest,1.5,all,3,2,0.0
honest,honest,1.5,all,4,0,0.138
honest,honest,1.5,all,4,1,0.862
honest,honest,1.5,all,4,2,0.0
honest,honest,1.5,all,5,0,0.1385
honest,honest,1.5,all,5,1,0.861
honest,honest,1.5,all,5,2,0.0005
honest,honest,1.5,all,6,0,0.126
honest,honest,1.5,all,6,1,0.874
honest,honest,1.5,all,6,2,0.0
honest,honest,1.5,all,7,0,0.126
honest,honest,1.5,all,7,1,0.874
honest,honest,1.5,all,7,2,0.0
honest,honest,1.5,all,8,0,0.1225
honest,honest,1.5,all,8,1,0.877
honest,honest,1.5,all,8,2,0.0005
honest,honest,1.5,all,9,0,0.1215
honest,honest,1.5,all,9,1,0.878
honest,honest,1.5,all,9,2,0.0005
honest,honest,1.5,all,10,0,0.118
honest,honest,1.5,all,10,1,0.8805
honest,honest,1.5,all,10,2,0.0015
honest,honest,1.5,all,11,0,0.1165
honest,honest,1.5,all,11,1,0.882
honest,honest,1.5,all,11,2,0.0015
honest,honest,1.5,all,12,0,0.1135
honest,honest,1.5,all,12,1,0.8865
honest,honest,1.5,all,12,2,0.0
honest,honest,1.5,all,13,0,0.1235
honest,honest,1.5,all,13,1,0.8755
honest,honest,1.5,all,13,2,0.001
honest,honest,1.5,all,14,0,0.104
honest,honest,1.5,all,14,1,0.894
honest,honest,1.5,all,14,2,0.002
honest,honest,1.5,all,15,0,0.114
honest,honest,1.5,all,15,1,0.885
honest,honest,1.5,all,15,2,0.001
honest,honest,1.5,all,16,0,0.114
honest,honest,1.5,all,16,1,0.8845
honest,honest,1.5,all,16,2,0.0015
honest,honest,1.5,all,17,0,0.1085
honest,honest,1.5,all,17,1,0.8895
honest,honest,1.5,all,17,2,0.002
honest,honest,1.5,all,18,0,0.1205
honest,honest,1.5,all,18,1,0.878
honest,honest,1.5,all,18,2,0.0015
honest,honest,1.5,all,19,0,0.107
honest,honest,1.5,all,19,1,0.8915
honest,honest,1.5,all,19,2,0.0015
honest,honest,1.5,all,20,0,0.102
honest,honest,1.5,all,20,1,0.898
honest,honest,1.5,all,20,2,0.0
honest,honest,1.5,all,21,0,0.1085
honest,honest,1.5,all,21,1,0.891
honest,honest,1.5,all,21,2,0.0005
honest,honest,1.5,all,22,0,0.1005
honest,honest,1.5,all,22,1,0.899
honest,honest,1.5,all,22,2,0.0005
honest,honest,1.5,all,23,0,0.105
honest,honest,1.5,all,23,1,0.895
honest,honest,1.5,all,23,2,0.0
honest,honest,1.5,all,24,0,0.108
honest,honest,1.5,all,24,1,0.892
honest,honest,1.5,all,24,2,0.0
honest,honest,1.5,both_own,1,0,0.8469601677148847
honest,honest,1.5,both_own,1,1,0.1530398322851153
honest,honest,1.5,both_own,1,2,0.0
honest,honest,1.5,both_own,2,0,0.70020964360587
honest,honest,1.5,both_own,2,1,0.29979035639413
honest,honest,1.5,both_own,2,2,0.0
honest,honest,1.5,both_own,3,0,0.5932914046121593
honest,honest,1.5,both_own,3,1,0.40670859538784065
honest,honest,1.5,both_own,3,2,0.0
honest,honest,1.5,both_own,4,0,0.480083857442348
honest,honest,1.5,both_own,4,1,0.519916142557652
honest,honest,1.5,both_own,4,2,0.0
honest,honest,1.5,both_own,5,0,0.48846960167714887
honest,honest,1.5,both_own,5,1,0.5115303983228512
honest,honest,1.5,both_own,5,2,0.0
honest,honest,1.5,both_own,6,0,0.45073375262054505
honest,honest,1.5,both_own,6,1,0.549266247379455
honest,honest,1.5,both_own,6,2,0.0
honest,honest,1.5,both_own,7,0,0.46750524109014674
honest,honest,1.5,both_own,7,1,0.5324947589098532
honest,honest,1.5,both_own,7,2,0.0
honest,honest,1.5,both_own,8,0,0.4360587002096436
honest,honest,1.5,both_own,8,1,0.5639412997903563
honest,honest,1.5,both_own,8,2,0.0
honest,honest,1.5,both_own,9,0,0.429769392033543
honest,honest,1.5,both_own,9,1,0.570230607966457
honest,honest,1.5,both_own,9,2,0.0
honest,honest,1.5,both_own,10,0,0.40461215932914046
honest,honest,1.5,both_own,10,1,0.5932914046121593
honest,honest,1.5,both_own,10,2,0.0020964360587002098
honest,honest,1.5,both_own,11,0,0.44025157232704404
honest,honest,1.5,both_own,11,1,0.559748427672956
honest,honest,1.5,both_own,11,2,0.0
honest,honest,1.5,both_own,12,0,0.3920335429769392
honest,honest,1.5,both_own,12,1,0.6079664570230608
honest,honest,1.5,both_own,12,2,0.0
honest,honest,1.5,both_own,13,0,0.4192872117400419
honest,honest,1.5,both_own,13,1,0.5765199161425576
honest,honest,1.5,both_own,13,2,0.0041928721174004195
honest,honest,1.5,both_own,14,0,0.36058700209643607
honest,honest,1.5,both_own,14,1,0.6331236897274634
honest,honest,1.5,both_own,14,2,0.006289308176100629
honest,honest,1.5,both_own,15,0,0.38155136268343814
honest,honest,1.5,both_own,15,1,0.6163522012578616
honest,honest,1.5,both_own,15,2,0.0020964360587002098
honest,honest,1.5,both_own,16,0,0.39622641509433965
honest,honest,1.5,both_own,16,1,0.59958071278826
honest,honest,1.5,both_own,16,2,0.0041928721174004195
honest,honest,1.5,both_own,17,0,0.3857442348008386
honest,honest,1.5,both_own,17,1,0.6058700209643606
honest,honest,1.5,both_own,17,2,0.008385744234800839
honest,honest,1.5,both_own,18,0,0.4109014675052411
honest,honest,1.5,both_own,18,1,0.5828092243186582
honest,honest,1.5,both_own,18,2,0.006289308176100629
honest,honest,1.5,both_own,19,0,0.3689727463312369
honest,honest,1.5,both_own,19,1,0.6268343815513627
honest,honest,1.5,both_own,19,2,0.0041928721174004195
honest,honest,1.5,both_own,20,0,0.33542976939203356
honest,honest,1.5,both_own,20,1,0.6645702306079665
honest,honest,1.5,both_own,20,2,0.0
honest,honest,1.5,both_own,21,0,0.389937106918239
honest,honest,1.5,both_own,21,1,0.6079664570230608
honest,honest,1.5,both_own,21,2,0.0020964360587002098
honest,honest,1.5,both_own,22,0,0.35639412997903563
honest,honest,1.5,both_own,22,1,0.6415094339622641
honest,honest,1.5,both_own,22,2,0.0020964360587002098
honest,honest,1.5,both_own,23,0,0.350104821802935
honest,honest,1.5,both_own,23,1,0.649895178197065
honest,honest,1.5,both_own,23,2,0.0
honest,honest,1.5,both_own,24,0,0.36058700209643607
honest,honest,1.5,both_own,24,1,0.639412997903564
honest,honest,1.5,both_own,24,2,0.0
honest,attenuated,1.5,all,1,0,0.3025
honest,attenuated,1.5,all,1,1,0.674
honest,attenuated,1.5,all,1,2,0.0235
honest,attenuated,1.5,all,2,0,0.2415
honest,attenuated,1.5,all,2,1,0.7545
honest,attenuated,1.5,all,2,2,0.004
honest,attenuated,1.5,all,3,0,0.213
honest,attenuated,1.5,all,3,1,0.7835
honest,attenuated,1.5,all,3,2,0.0035
honest,attenuated,1.5,all,4,0,0.203
honest,attenuated,1.5,all,4,1,0.7945
honest,attenuated,1.5,all,4,2,0.0025
honest,attenuated,1.5,all,5,0,0.203
honest,attenuated,1.5,all,5,1,0.7955
honest,attenuated,1.5,all,5,2,0.0015
honest,attenuated,1.5,all,6,0,0.1965
honest,attenuated,1.5,all,6,1,0.8025
honest,attenuated,1.5,all,6,2,0.001
honest,attenuated,1.5,all,7,0,0.196
honest,attenuated,1.5,all,7,1,0.802
honest,attenuated,1.5,all,7,2,0.002
honest,attenuated,1.5,all,8,0,0.1955
honest,attenuated,1.5,all,8,1,0.8035
honest,attenuated,1.5,all,8,2,0.001
honest,attenuated,1.5,all,9,0,0.184
honest,attenuated,1.5,all,9,1,0.8145
honest,attenuated,1.5,all,9,2,0.0015
honest,attenuated,1.5,all,10,0,0.1925
honest,attenuated,1.5,all,10,1,0.8055
honest,attenuated,1.5,all,10,2,0.002
honest,attenuated,1.5,all,11,0,0.194
honest,attenuated,1.5,all,11,1,0.8035
honest,attenuated,1.5,all,11,2,0.0025
honest,attenuated,1.5,all,12,0,0.1845
honest,attenuated,1.5,all,12,1,0.8145
honest,attenuated,1.5,all,12,2,0.001
honest,attenuated,1.5,all,13,0,0.1915
honest,attenuated,1.5,all,13,1,0.807
honest,attenuated,1.5,all,13,2,0.0015
honest,attenuated,1.5,all,14,0,0.175
honest,attenuated,1.5,all,14,1,0.824
honest,attenuated,1.5,all,14,2,0.001
honest,attenuated,1.5,all,15,0,0.186
honest,attenuated,1.5,all,15,1,0.8125
honest,attenuated,1.5,all,15,2,0.0015
honest,attenuated,1.5,all,16,0,0.187
honest,attenuated,1.5,all,16,1,0.811
honest,attenuated,1.5,all,16,2,0.002
honest,attenuated,1.5,all,17,0,0.1795
honest,attenuated,1.5,all,17,1,0.8195
honest,attenuated,1.5,all,17,2,0.001
honest,attenuated,1.5,all,18,0,0.1885
honest,attenuated,1.5,all,18,1,0.8105
honest,attenuated,1.5,all,18,2,0.001
honest,attenuated,1.5,all,19,0,0.1765
honest,attenuated,1.5,all,19,1,0.8225
honest,attenuated,1.5,all,19,2,0.001
honest,attenuated,1.5,all,20,0,0.1825
honest,attenuated,1.5,all,20,1,0.8155
honest,attenuated,1.5,all,20,2,0.002
honest,attenuated,1.5,all,21,0,0.176
honest,attenuated,1.5,all,21,1,0.8235
honest,attenuated,1.5,all,21,2,0.0005
honest,attenuated,1.5,all,22,0,0.171
honest,attenuated,1.5,all,22,1,0.827
honest,attenuated,1.5,all,22,2,0.002
honest,attenuated,1.5,all,23,0,0.178
honest,attenuated,1.5,all,23,1,0.821
honest,attenuated,1.5,all,23,2,0.001
honest,attenuated,1.5,all,24,0,0.175
honest,attenuated,1.5,all,24,1,0.8215
honest,attenuated,1.5,all,24,2,0.0035
honest,attenuated,1.5,both_own,1,0,0.9916142557651991
honest,attenuated,1.5,both_own,1,1,0.008385744234800839
honest,attenuated,1.5,both_own,1,2,0.0
honest,attenuated,1.5,both_own,2,0,0.8511530398322851
honest,attenuated,1.5,both_own,2,1,0.1488469601677149
honest,attenuated,1.5,both_own,2,2,0.0
honest,attenuated,1.5,both_own,3,0,0.750524109014675
honest,attenuated,1.5,both_own,3,1,0.24947589098532494
honest,attenuated,1.5,both_own,3,2,0.0
honest,attenuated,1.5,both_own,4,0,0.6981132075471698
honest,attenuated,1.5,both_own,4,1,0.29979035639413
honest,attenuated,1.5,both_own,4,2,0.0020964360587002098
honest,attenuated,1.5,both_own,5,0,0.6939203354297694
honest,attenuated,1.5,both_own,5,1,0.3060796645702306
honest,attenuated,1.5,both_own,5,2,0.0
honest,attenuated,1.5,both_own,6,0,0.6771488469601677
honest,attenuated,1.5,both_own,6,1,0.3228511530398323
honest,attenuated,1.5,both_own,6,2,0.0
honest,attenuated,1.5,both_own,7,0,0.6960167714884696
honest,attenuated,1.5,both_own,7,1,0.3039832285115304
honest,attenuated,1.5,both_own,7,2,0.0
honest,attenuated,1.5,both_own,8,0,0.6792452830188679
honest,attenuated,1.5,both_own,8,1,0.32075471698113206
honest,attenuated,1.5,both_own,8,2,0.0
honest,attenuated,1.5,both_own,9,0,0.639412997903564
honest,attenuated,1.5,both_own,9,1,0.36058700209643607
honest,attenuated,1.5,both_own,9,2,0.0
honest,attenuated,1.5,both_own,10,0,0.6561844863731656
honest,attenuated,1.5,both_own,10,1,0.33962264150943394
honest,attenuated,1.5,both_own,10,2,0.0041928721174004195
honest,attenuated,1.5,both_own,11,0,0.6771488469601677
honest,attenuated,1.5,both_own,11,1,0.3228511530398323
honest,attenuated,1.5,both_own,11,2,0.0
honest,attenuated,1.5,both_own,12,0,0.6331236897274634
honest,attenuated,1.5,both_own,12,1,0.3668763102725367
honest,attenuated,1.5,both_own,12,2,0.0
honest,attenuated,1.5,both_own,13,0,0.6373165618448637
honest,attenuated,1.5,both_own,13,1,0.36268343815513626
honest,attenuated,1.5,both_own,13,2,0.0
honest,attenuated,1.5,both_own,14,0,0.6079664570230608
honest,attenuated,1.5,both_own,14,1,0.3920335429769392
honest,attenuated,1.5,both_own,14,2,0.0
honest,attenuated,1.5,both_own,15,0,0.6205450733752621
honest,attenuated,1.5,both_own,15,1,0.37945492662473795
honest,attenuated,1.5,both_own,15,2,0.0
honest,attenuated,1.5,both_own,16,0,0.6247379454926625
honest,attenuated,1.5,both_own,16,1,0.3731656184486373
honest,attenuated,1.5,both_own,16,2,0.0020964360587002098
honest,attenuated,1.5,both_own,17,0,0.6142557651991615
honest,attenuated,1.5,both_own,17,1,0.3857442348008386
honest,attenuated,1.5,both_own,17,2,0.0
honest,attenuated,1.5,both_own,18,0,0.6268343815513627
honest,attenuated,1.5,both_own,18,1,0.3731656184486373
honest,attenuated,1.5,both_own,18,2,0.0
honest,attenuated,1.5,both_own,19,0,0.59958071278826
honest,attenuated,1.5,both_own,19,1,0.39832285115303984
honest,attenuated,1.5,both_own,19,2,0.0020964360587002098
honest,attenuated,1.5,both_own,20,0,0.5974842767295597
honest,attenuated,1.5,both_own,20,1,0.40041928721174
honest,attenuated,1.5,both_own,20,2,0.0020964360587002098
honest,attenuated,1.5,both_own,21,0,0.6163522012578616
honest,attenuated,1.5,both_own,21,1,0.3836477987421384
honest,attenuated,1.5,both_own,21,2,0.0
honest,attenuated,1.5,both_own,22,0,0.5765199161425576
honest,attenuated,1.5,both_own,22,1,0.42138364779874216
honest,attenuated,1.5,both_own,22,2,0.0020964360587002098
honest,attenuated,1.5,both_own,23,0,0.5974842767295597
honest,attenuated,1.5,both_own,23,1,0.40041928721174
honest,attenuated,1.5,both_own,23,2,0.0020964360587002098
honest,attenuated,1.5,both_own,24,0,0.5639412997903563
honest,attenuated,1.5,both_own,24,1,0.429769392033543
honest,attenuated,1.5,both_own,24,2,0.006289308176100629
honest,costly,1.5,all,1,0,0.638
honest,costly,1.5,all,1,1,0.362
honest,costly,1.5,all,1,2,0.0
honest,costly,1.5,all,2,0,0.577
honest,costly,1.5,all,2,1,0.423
honest,costly,1.5,all,2,2,0.0
honest,costly,1.5,all,3,0,0.564
honest,costly,1.5,all,3,1,0.436
honest,costly,1.5,all,3,2,0.0
honest,costly,1.5,all,4,0,0.5585
honest,costly,1.5,all,4,1,0.4415
honest,costly,1.5,all,4,2,0.0
honest,costly,1.5,all,5,0,0.5555
honest,costly,1.5,all,5,1,0.4445
honest,costly,1.5,all,5,2,0.0
honest,costly,1.5,all,6,0,0.5465
honest,costly,1.5,all,6,1,0.4535
honest,costly,1.5,all,6,2,0.0
honest,costly,1.5,all,7,0,0.5455
honest,costly,1.5,all,7,1,0.4545
honest,costly,1.5,all,7,2,0.0
honest,costly,1.5,all,8,0,0.547
honest,costly,1.5,all,8,1,0.453
honest,costly,1.5,all,8,2,0.0
honest,costly,1.5,all,9,0,0.5445
honest,costly,1.5,all,9,1,0.4555
honest,costly,1.5,all,9,2,0.0
honest,costly,1.5,all,10,0,0.541
honest,costly,1.5,all,10,1,0.459
honest,costly,1.5,all,10,2,0.0
honest,costly,1.5,all,11,0,0.5415
honest,costly,1.5,all,11,1,0.4585
honest,costly,1.5,all,11,2,0.0
honest,costly,1.5,all,12,0,0.544
honest,costly,1.5,all,12,1,0.456
honest,costly,1.5,all,12,2,0.0
honest,costly,1.5,all,13,0,0.5435
honest,costly,1.5,all,13,1,0.4565
honest,costly,1.5,all,13,2,0.0
honest,costly,1.5,all,14,0,0.538
honest,costly,1.5,all,14,1,0.462
honest,costly,1.5,all,14,2,0.0
honest,costly,1.5,all,15,0,0.5385
honest,costly,1.5,all,15,1,0.4615
honest,costly,1.5,all,15,2,0.0
honest,costly,1.5,all,16,0,0.5345
honest,costly,1.5,all,16,1,0.4655
honest,costly,1.5,all,16,2,0.0
honest,costly,1.5,all,17,0,0.5385
honest,costly,1.5,all,17,1,0.4615
honest,costly,1.5,all,17,2,0.0
honest,costly,1.5,all,18,0,0.546
honest,costly,1.5,all,18,1,0.454
honest,costly,1.5,all,18,2,0.0
honest,costly,1.5,all,19,0,0.5435
honest,costly,1.5,all,19,1,0.4565
honest,costly,1.5,all,19,2,0.0
honest,costly,1.5,all,20,0,0.538
honest,costly,1.5,all,20,1,0.462
honest,costly,1.5,all,20,2,0.0
honest,costly,1.5,all,21,0,0.5395
honest,costly,1.5,all,21,1,0.4605
honest,costly,1.5,all,21,2,0.0
honest,costly,1.5,all,22,0,0.537
honest,costly,1.5,all,22,1,0.463
honest,costly,1.5,all,22,2,0.0
honest,costly,1.5,all,23,0,0.5405
honest,costly,1.5,all,23,1,0.4595
honest,costly,1.5,all,23,2,0.0
honest,costly,1.5,all,24,0,0.539
honest,costly,1.5,all,24,1,0.461
honest,costly,1.5,all,24,2,0.0
honest,costly,1.5,both_own,1,0,0.9958071278825996
honest,costly,1.5,both_own,1,1,0.0041928721174004195
honest,costly,1.5,both_own,1,2,0.0
honest,costly,1.5,both_own,2,0,0.8763102725366876
honest,costly,1.5,both_own,2,1,0.12368972746331237
honest,costly,1.5,both_own,2,2,0.0
honest,costly,1.5,both_own,3,0,0.7945492662473794
honest,costly,1.5,both_own,3,1,0.20545073375262055
honest,costly,1.5,both_own,3,2,0.0
honest,costly,1.5,both_own,4,0,0.7463312368972747
honest,costly,1.5,both_own,4,1,0.25366876310272535
honest,costly,1.5,both_own,4,2,0.0
honest,costly,1.5,both_own,5,0,0.740041928721174
honest,costly,1.5,both_own,5,1,0.259958071278826
honest,costly,1.5,both_own,5,2,0.0
honest,costly,1.5,both_own,6,0,0.7253668763102725
honest,costly,1.5,both_own,6,1,0.2746331236897275
honest,costly,1.5,both_own,6,2,0.0
honest,costly,1.5,both_own,7,0,0.7295597484276729
honest,costly,1.5,both_own,7,1,0.27044025157232704
honest,costly,1.5,both_own,7,2,0.0
honest,costly,1.5,both_own,8,0,0.7169811320754716
honest,costly,1.5,both_own,8,1,0.2830188679245283
honest,costly,1.5,both_own,8,2,0.0
honest,costly,1.5,both_own,9,0,0.6960167714884696
honest,costly,1.5,both_own,9,1,0.3039832285115304
honest,costly,1.5,both_own,9,2,0.0
honest,costly,1.5,both_own,10,0,0.7064989517819706
honest,costly,1.5,both_own,10,1,0.29350104821802936
honest,costly,1.5,both_own,10,2,0.0
honest,costly,1.5,both_own,11,0,0.7211740041928721
honest,costly,1.5,both_own,11,1,0.27882599580712786
honest,costly,1.5,both_own,11,2,0.0
honest,costly,1.5,both_own,12,0,0.6981132075471698
honest,costly,1.5,both_own,12,1,0.3018867924528302
honest,costly,1.5,both_own,12,2,0.0
honest,costly,1.5,both_own,13,0,0.6855345911949685
honest,costly,1.5,both_own,13,1,0.31446540880503143
honest,costly,1.5,both_own,13,2,0.0
honest,costly,1.5,both_own,14,0,0.6792452830188679
honest,costly,1.5,both_own,14,1,0.32075471698113206
honest,costly,1.5,both_own,14,2,0.0
honest,costly,1.5,both_own,15,0,0.6834381551362684
honest,costly,1.5,both_own,15,1,0.3165618448637317
honest,costly,1.5,both_own,15,2,0.0
honest,costly,1.5,both_own,16,0,0.6918238993710691
honest,costly,1.5,both_own,16,1,0.3081761006289308
honest,costly,1.5,both_own,16,2,0.0
honest,costly,1.5,both_own,17,0,0.689727463312369
honest,costly,1.5,both_own,17,1,0.31027253668763105
honest,costly,1.5,both_own,17,2,0.0
honest,costly,1.5,both_own,18,0,0.6918238993710691
honest,costly,1.5,both_own,18,1,0.3081761006289308
honest,costly,1.5,both_own,18,2,0.0
honest,costly,1.5,both_own,19,0,0.689727463312369
honest,costly,1.5,both_own,19,1,0.31027253668763105
honest,costly,1.5,both_own,19,2,0.0
honest,costly,1.5,both_own,20,0,0.6729559748427673
honest,costly,1.5,both_own,20,1,0.3270440251572327
honest,costly,1.5,both_own,20,2,0.0
honest,costly,1.5,both_own,21,0,0.6960167714884696
honest,costly,1.5,both_own,21,1,0.3039832285115304
honest,costly,1.5,both_own,21,2,0.0
honest,costly,1.5,both_own,22,0,0.6834381551362684
honest,costly,1.5,both_own,22,1,0.3165618448637317
honest,costly,1.5,both_own,22,2,0.0
honest,costly,1.5,both_own,23,0,0.6939203354297694
honest,costly,1.5,both_own,23,1,0.3060796645702306
honest,costly,1.5,both_own,23,2,0.0
honest,costly,1.5,both_own,24,0,0.6792452830188679
honest,costly,1.5,both_own,24,1,0.32075471698113206
honest,costly,1.5,both_own,24,2,0.0
honest,mixed,1.5,all,1,0,0.5105
honest,mixed,1.5,all,1,1,0.4865
honest,mixed,1.5,all,1,2,0.003
honest,mixed,1.5,all,2,0,0.441
honest,mixed,1.5,all,2,1,0.5585
honest,mixed,1.5,all,2,2,0.0005
honest,mixed,1.5,all,3,0,0.435
honest,mixed,1.5,all,3,1,0.565
honest,mixed,1.5,all,3,2,0.0
honest,mixed,1.5,all,4,0,0.4135
honest,mixed,1.5,all,4,1,0.5865
honest,mixed,1.5,all,4,2,0.0
honest,mixed,1.5,all,5,0,0.4045
honest,mixed,1.5,all,5,1,0.5955
honest,mixed,1.5,all,5,2,0.0
honest,mixed,1.5,all,6,0,0.407
honest,mixed,1.5,all,6,1,0.593
honest,mixed,1.5,all,6,2,0.0
honest,mixed,1.5,all,7,0,0.396
honest,mixed,1.5,all,7,1,0.604
honest,mixed,1.5,all,7,2,0.0
honest,mixed,1.5,all,8,0,0.392
honest,mixed,1.5,all,8,1,0.608
honest,mixed,1.5,all,8,2,0.0
honest,mixed,1.5,all,9,0,0.3825
honest,mixed,1.5,all,9,1,0.6175
honest,mixed,1.5,all,9,2,0.0
honest,mixed,1.5,all,10,0,0.396
honest,mixed,1.5,all,10,1,0.604
honest,mixed,1.5,all,10,2,0.0
honest,mixed,1.5,all,11,0,0.393
honest,mixed,1.5,all,11,1,0.607
honest,mixed,1.5,all,11,2,0.0
honest,mixed,1.5,all,12,0,0.386
honest,mixed,1.5,all,12,1,0.614
honest,mixed,1.5,all,12,2,0.0
honest,mixed,1.5,all,13,0,0.3925
honest,mixed,1.5,all,13,1,0.6075
honest,mixed,1.5,all,13,2,0.0
honest,mixed,1.5,all,14,0,0.388
honest,mixed,1.5,all,14,1,0.612
honest,mixed,1.5,all,14,2,0.0
honest,mixed,1.5,all,15,0,0.3915
honest,mixed,1.5,all,15,1,0.6085
honest,mixed,1.5,all,15,2,0.0
honest,mixed,1.5,all,16,0,0.3955
honest,mixed,1.5,all,16,1,0.6045
honest,mixed,1.5,all,16,2,0.0
honest,mixed,1.5,all,17,0,0.391
honest,mixed,1.5,all,17,1,0.609
honest,mixed,1.5,all,17,2,0.0
honest,mixed,1.5,all,18,0,0.3945
honest,mixed,1.5,all,18,1,0.6055
honest,mixed,1.5,all,18,2,0.0
honest,mixed,1.5,all,19,0,0.391
honest,mixed,1.5,all,19,1,0.609
honest,mixed,1.5,all,19,2,0.0
honest,mixed,1.5,all,20,0,0.383
honest,mixed,1.5,all,20,1,0.6165
honest,mixed,1.5,all,20,2,0.0005
honest,mixed,1.5,all,21,0,0.3985
honest,mixed,1.5,all,21,1,0.6015
honest,mixed,1.5,all,21,2,0.0
honest,mixed,1.5,all,22,0,0.389
honest,mixed,1.5,all,22,1,0.611
honest,mixed,1.5,all,22,2,0.0
honest,mixed,1.5,all,23,0,0.398
honest,mixed,1.5,all,23,1,0.602
honest,mixed,1.5,all,23,2,0.0
honest,mixed,1.5,all,24,0,0.3885
honest,mixed,1.5,all,24,1,0.6115
honest,mixed,1.5,all,24,2,0.0
honest,mixed,1.5,both_own,1,0,0.9916142557651991
honest,mixed,1.5,both_own,1,1,0.008385744234800839
honest,mixed,1.5,both_own,1,2,0.0
honest,mixed,1.5,both_own,2,0,0.8658280922431866
honest,mixed,1.5,both_own,2,1,0.13417190775681342
honest,mixed,1.5,both_own,2,2,0.0
honest,mixed,1.5,both_own,3,0,0.7735849056603774
honest,mixed,1.5,both_own,3,1,0.22641509433962265
honest,mixed,1.5,both_own,3,2,0.0
honest,mixed,1.5,both_own,4,0,0.7190775681341719
honest,mixed,1.5,both_own,4,1,0.2809224318658281
honest,mixed,1.5,both_own,4,2,0.0
honest,mixed,1.5,both_own,5,0,0.710691823899371
honest,mixed,1.5,both_own,5,1,0.2893081761006289
honest,mixed,1.5,both_own,5,2,0.0
honest,mixed,1.5,both_own,6,0,0.7064989517819706
honest,mixed,1.5,both_own,6,1,0.29350104821802936
honest,mixed,1.5,both_own,6,2,0.0
honest,mixed,1.5,both_own,7,0,0.710691823899371
honest,mixed,1.5,both_own,7,1,0.2893081761006289
honest,mixed,1.5,both_own,7,2,0.0
honest,mixed,1.5,both_own,8,0,0.689727463312369
honest,mixed,1.5,both_own,8,1,0.31027253668763105
honest,mixed,1.5,both_own,8,2,0.0
honest,mixed,1.5,both_own,9,0,0.6561844863731656
honest,mixed,1.5,both_own,9,1,0.3438155136268344
honest,mixed,1.5,both_own,9,2,0.0
honest,mixed,1.5,both_own,10,0,0.6792452830188679
honest,mixed,1.5,both_own,10,1,0.32075471698113206
honest,mixed,1.5,both_own,10,2,0.0
honest,mixed,1.5,both_own,11,0,0.6876310272536688
honest,mixed,1.5,both_own,11,1,0.31236897274633124
honest,mixed,1.5,both_own,11,2,0.0
honest,mixed,1.5,both_own,12,0,0.6540880503144654
honest,mixed,1.5,both_own,12,1,0.34591194968553457
honest,mixed,1.5,both_own,12,2,0.0
honest,mixed,1.5,both_own,13,0,0.6477987421383647
honest,mixed,1.5,both_own,13,1,0.3522012578616352
honest,mixed,1.5,both_own,13,2,0.0
honest,mixed,1.5,both_own,14,0,0.6477987421383647
honest,mixed,1.5,both_own,14,1,0.3522012578616352
honest,mixed,1.5,both_own,14,2,0.0
honest,mixed,1.5,both_own,15,0,0.6624737945492662
honest,mixed,1.5,both_own,15,1,0.33752620545073375
honest,mixed,1.5,both_own,15,2,0.0
honest,mixed,1.5,both_own,16,0,0.6561844863731656
honest,mixed,1.5,both_own,16,1,0.3438155136268344
honest,mixed,1.5,both_own,16,2,0.0
honest,mixed,1.5,both_own,17,0,0.6519916142557652
honest,mixed,1.5,both_own,17,1,0.3480083857442348
honest,mixed,1.5,both_own,17,2,0.0
honest,mixed,1.5,both_own,18,0,0.6540880503144654
honest,mixed,1.5,both_own,18,1,0.34591194968553457
honest,mixed,1.5,both_own,18,2,0.0
honest,mixed,1.5,both_own,19,0,0.6477987421383647
honest,mixed,1.5,both_own,19,1,0.3522012578616352
honest,mixed,1.5,both_own,19,2,0.0
honest,mixed,1.5,both_own,20,0,0.6205450733752621
honest,mixed,1.5,both_own,20,1,0.37735849056603776
honest,mixed,1.5,both_own,20,2,0.0020964360587002098
honest,mixed,1.5,both_own,21,0,0.6519916142557652
honest,mixed,1.5,both_own,21,1,0.3480083857442348
honest,mixed,1.5,both_own,21,2,0.0
honest,mixed,1.5,both_own,22,0,0.6310272536687631
honest,mixed,1.5,both_own,22,1,0.3689727463312369
honest,mixed,1.5,both_own,22,2,0.0
honest,mixed,1.5,both_own,23,0,0.6477987421383647
honest,mixed,1.5,both_own,23,1,0.3522012578616352
honest,mixed,1.5,both_own,23,2,0.0
honest,mixed,1.5,both_own,24,0,0.6184486373165619
honest,mixed,1.5,both_own,24,1,0.38155136268343814
honest,mixed,1.5,both_own,24,2,0.0
attenuated,honest,1.5,all,1,0,0.2685
attenuated,honest,1.5,all,1,1,0.7245
attenuated,honest,1.5,all,1,2,0.007
attenuated,honest,1.5,all,2,0,0.227
attenuated,honest,1.5,all,2,1,0.7655
attenuated,honest,1.5,all,2,2,0.0075
attenuated,honest,1.5,all,3,0,0.2175
attenuated,honest,1.5,all,3,1,0.7775
attenuated,honest,1.5,all,3,2,0.005
attenuated,honest,1.5,all,4,0,0.2065
attenuated,honest,1.5,all,4,1,0.7875
attenuated,honest,1.5,all,4,2,0.006
attenuated,honest,1.5,all,5,0,0.2075
attenuated,honest,1.5,all,5,1,0.7885
attenuated,honest,1.5,all,5,2,0.004
attenuated,honest,1.5,all,6,0,0.1975
attenuated,honest,1.5,all,6,1,0.797
attenuated,honest,1.5,all,6,2,0.0055
attenuated,honest,1.5,all,7,0,0.2035
attenuated,honest,1.5,all,7,1,0.793
attenuated,honest,1.5,all,7,2,0.0035
attenuated,honest,1.5,all,8,0,0.1875
attenuated,honest,1.5,all,8,1,0.8075
attenuated,honest,1.5,all,8,2,0.005
attenuated,honest,1.5,all,9,0,0.193
attenuated,honest,1.5,all,9,1,0.8045
attenuated,honest,1.5,all,9,2,0.0025
attenuated,honest,1.5,all,10,0,0.1965
attenuated,honest,1.5,all,10,1,0.798
attenuated,honest,1.5,all,10,2,0.0055
attenuated,honest,1.5,all,11,0,0.1905
attenuated,honest,1.5,all,11,1,0.8065
attenuated,honest,1.5,all,11,2,0.003
attenuated,honest,1.5,all,12,0,0.1865
attenuated,honest,1.5,all,12,1,0.8095
attenuated,honest,1.5,all,12,2,0.004
attenuated,honest,1.5,all,13,0,0.2
attenuated,honest,1.5,all,13,1,0.796
attenuated,honest,1.5,all,13,2,0.004
attenuated,honest,1.5,all,14,0,0.1805
attenuated,honest,1.5,all,14,1,0.8165
attenuated,honest,1.5,all,14,2,0.003
attenuated,honest,1.5,all,15,0,0.1915
attenuated,honest,1.5,all,15,1,0.8055
attenuated,honest,1.5,all,15,2,0.003
attenuated,honest,1.5,all,16,0,0.191
attenuated,honest,1.5,all,16,1,0.806
attenuated,honest,1.5,all,16,2,0.003
attenuated,honest,1.5,all,17,0,0.192
attenuated,honest,1.5,all,17,1,0.806
attenuated,honest,1.5,all,17,2,0.002
attenuated,honest,1.5,all,18,0,0.193
attenuated,honest,1.5,all,18,1,0.8065
attenuated,honest,1.5,all,18,2,0.0005
attenuated,honest,1.5,all,19,0,0.181
attenuated,honest,1.5,all,19,1,0.817
attenuated,honest,1.5,all,19,2,0.002
attenuated,honest,1.5,all,20,0,0.184
attenuated,honest,1.5,all,20,1,0.815
attenuated,honest,1.5,all,20,2,0.001
attenuated,honest,1.5,all,21,0,0.1815
attenuated,honest,1.5,all,21,1,0.8175
attenuated,honest,1.5,all,21,2,0.001
attenuated,honest,1.5,all,22,0,0.1695
attenuated,honest,1.5,all,22,1,0.829
attenuated,honest,1.5,all,22,2,0.0015
attenuated,honest,1.5,all,23,0,0.182
attenuated,honest,1.5,all,23,1,0.816
attenuated,honest,1.5,all,23,2,0.002
attenuated,honest,1.5,all,24,0,0.187
attenuated,honest,1.5,all,24,1,0.8115
attenuated,honest,1.5,all,24,2,0.0015
attenuated,honest,1.5,both_own,1,0,0.8469601677148847
attenuated,honest,1.5,both_own,1,1,0.1530398322851153
attenuated,honest,1.5,both_own,1,2,0.0
attenuated,honest,1.5,both_own,2,0,0.80083857442348
attenuated,honest,1.5,both_own,2,1,0.19916142557651992
attenuated,honest,1.5,both_own,2,2,0.0
attenuated,honest,1.5,both_own,3,0,0.7756813417190775
attenuated,honest,1.5,both_own,3,1,0.22431865828092243
attenuated,honest,1.5,both_own,3,2,0.0
attenuated,honest,1.5,both_own,4,0,0.70020964360587
attenuated,honest,1.5,both_own,4,1,0.29979035639413
attenuated,honest,1.5,both_own,4,2,0.0
attenuated,honest,1.5,both_own,5,0,0.7169811320754716
attenuated,honest,1.5,both_own,5,1,0.2830188679245283
attenuated,honest,1.5,both_own,5,2,0.0
attenuated,honest,1.5,both_own,6,0,0.7064989517819706
attenuated,honest,1.5,both_own,6,1,0.29350104821802936
attenuated,honest,1.5,both_own,6,2,0.0
attenuated,honest,1.5,both_own,7,0,0.7232704402515723
attenuated,honest,1.5,both_own,7,1,0.27672955974842767
attenuated,honest,1.5,both_own,7,2,0.0
attenuated,honest,1.5,both_own,8,0,0.6687631027253669
attenuated,honest,1.5,both_own,8,1,0.3312368972746331
attenuated,honest,1.5,both_own,8,2,0.0
attenuated,honest,1.5,both_own,9,0,0.689727463312369
attenuated,honest,1.5,both_own,9,1,0.31027253668763105
attenuated,honest,1.5,both_own,9,2,0.0
attenuated,honest,1.5,both_own,10,0,0.6645702306079665
attenuated,honest,1.5,both_own,10,1,0.33542976939203356
attenuated,honest,1.5,both_own,10,2,0.0
attenuated,honest,1.5,both_own,11,0,0.6771488469601677
attenuated,honest,1.5,both_own,11,1,0.3228511530398323
attenuated,honest,1.5,both_own,11,2,0.0
attenuated,honest,1.5,both_own,12,0,0.6331236897274634
attenuated,honest,1.5,both_own,12,1,0.3668763102725367
attenuated,honest,1.5,both_own,12,2,0.0
attenuated,honest,1.5,both_own,13,0,0.6729559748427673
attenuated,honest,1.5,both_own,13,1,0.3249475890985325
attenuated,honest,1.5,both_own,13,2,0.0020964360587002098
attenuated,honest,1.5,both_own,14,0,0.6268343815513627
attenuated,honest,1.5,both_own,14,1,0.3689727463312369
attenuated,honest,1.5,both_own,14,2,0.0041928721174004195
attenuated,honest,1.5,both_own,15,0,0.6477987421383647
attenuated,honest,1.5,both_own,15,1,0.3480083857442348
attenuated,honest,1.5,both_own,15,2,0.0041928721174004195
attenuated,honest,1.5,both_own,16,0,0.6582809224318659
attenuated,honest,1.5,both_own,16,1,0.3417190775681342
attenuated,honest,1.5,both_own,16,2,0.0
attenuated,honest,1.5,both_own,17,0,0.6561844863731656
attenuated,honest,1.5,both_own,17,1,0.33962264150943394
attenuated,honest,1.5,both_own,17,2,0.0041928721174004195
attenuated,honest,1.5,both_own,18,0,0.6666666666666666
attenuated,honest,1.5,both_own,18,1,0.3333333333333333
attenuated,honest,1.5,both_own,18,2,0.0
attenuated,honest,1.5,both_own,19,0,0.6289308176100629
attenuated,honest,1.5,both_own,19,1,0.3710691823899371
attenuated,honest,1.5,both_own,19,2,0.0
attenuated,honest,1.5,both_own,20,0,0.6037735849056604
attenuated,honest,1.5,both_own,20,1,0.3941299790356394
attenuated,honest,1.5,both_own,20,2,0.0020964360587002098
attenuated,honest,1.5,both_own,21,0,0.6436058700209644
attenuated,honest,1.5,both_own,21,1,0.35639412997903563
attenuated,honest,1.5,both_own,21,2,0.0
attenuated,honest,1.5,both_own,22,0,0.6016771488469602
attenuated,honest,1.5,both_own,22,1,0.39622641509433965
attenuated,honest,1.5,both_own,22,2,0.0020964360587002098
attenuated,honest,1.5,both_own,23,0,0.6079664570230608
attenuated,honest,1.5,both_own,23,1,0.3920335429769392
attenuated,honest,1.5,both_own,23,2,0.0
attenuated,honest,1.5,both_own,24,0,0.6226415094339622
attenuated,honest,1.5,both_own,24,1,0.37735849056603776
attenuated,honest,1.5,both_own,24,2,0.0
attenuated,attenuated,1.5,all,1,0,0.3075
attenuated,attenuated,1.5,all,1,1,0.6685
attenuated,attenuated,1.5,all,1,2,0.024
attenuated,attenuated,1.5,all,2,0,0.282
attenuated,attenuated,1.5,all,2,1,0.694
attenuated,attenuated,1.5,all,2,2,0.024
attenuated,attenuated,1.5,all,3,0,0.277
attenuated,attenuated,1.5,all,3,1,0.6995
attenuated,attenuated,1.5,all,3,2,0.0235
attenuated,attenuated,1.5,all,4,0,0.285
attenuated,attenuated,1.5,all,4,1,0.692
attenuated,attenuated,1.5,all,4,2,0.023
attenuated,attenuated,1.5,all,5,0,0.284
attenuated,attenuated,1.5,all,5,1,0.696
attenuated,attenuated,1.5,all,5,2,0.02
attenuated,attenuated,1.5,all,6,0,0.279
attenuated,attenuated,1.5,all,6,1,0.703
attenuated,attenuated,1.5,all,6,2,0.018
attenuated,attenuated,1.5,all,7,0,0.279
attenuated,attenuated,1.5,all,7,1,0.705
attenuated,attenuated,1.5,all,7,2,0.016
attenuated,attenuated,1.5,all,8,0,0.274
attenuated,attenuated,1.5,all,8,1,0.7045
attenuated,attenuated,1.5,all,8,2,0.0215
attenuated,attenuated,1.5,all,9,0,0.2735
attenuated,attenuated,1.5,all,9,1,0.7065
attenuated,attenuated,1.5,all,9,2,0.02
attenuated,attenuated,1.5,all,10,0,0.2805
attenuated,attenuated,1.5,all,10,1,0.704
attenuated,attenuated,1.5,all,10,2,0.0155
attenuated,attenuated,1.5,all,11,0,0.271
attenuated,attenuated,1.5,all,11,1,0.7155
attenuated,attenuated,1.5,all,11,2,0.0135
attenuated,attenuated,1.5,all,12,0,0.2755
attenuated,attenuated,1.5,all,12,1,0.7105
attenuated,attenuated,1.5,all,12,2,0.014
attenuated,attenuated,1.5,all,13,0,0.2845
attenuated,attenuated,1.5,all,13,1,0.7045
attenuated,attenuated,1.5,all,13,2,0.011
attenuated,attenuated,1.5,all,14,0,0.274
attenuated,attenuated,1.5,all,14,1,0.7145
attenuated,attenuated,1.5,all,14,2,0.0115
attenuated,attenuated,1.5,all,15,0,0.28
attenuated,attenuated,1.5,all,15,1,0.706
attenuated,attenuated,1.5,all,15,2,0.014
attenuated,attenuated,1.5,all,16,0,0.2755
attenuated,attenuated,1.5,all,16,1,0.71
attenuated,attenuated,1.5,all,16,2,0.0145
attenuated,attenuated,1.5,all,17,0,0.2785
attenuated,attenuated,1.5,all,17,1,0.7145
attenuated,attenuated,1.5,all,17,2,0.007
attenuated,attenuated,1.5,all,18,0,0.278
attenuated,attenuated,1.5,all,18,1,0.712
attenuated,attenuated,1.5,all,18,2,0.01
attenuated,attenuated,1.5,all,19,0,0.2785
attenuated,attenuated,1.5,all,19,1,0.7095
attenuated,attenuated,1.5,all,19,2,0.012
attenuated,attenuated,1.5,all,20,0,0.278
attenuated,attenuated,1.5,all,20,1,0.7135
attenuated,attenuated,1.5,all,20,2,0.0085
attenuated,attenuated,1.5,all,21,0,0.27
attenuated,attenuated,1.5,all,21,1,0.7195
attenuated,attenuated,1.5,all,21,2,0.0105
attenuated,attenuated,1.5,all,22,0,0.2715
attenuated,attenuated,1.5,all,22,1,0.7185
attenuated,attenuated,1.5,all,22,2,0.01
attenuated,attenuated,1.5,all,23,0,0.28
attenuated,attenuated,1.5,all,23,1,0.7055
attenuated,attenuated,1.5,all,23,2,0.0145
attenuated,attenuated,1.5,all,24,0,0.276
attenuated,attenuated,1.5,all,24,1,0.715
attenuated,attenuated,1.5,all,24,2,0.009
attenuated,attenuated,1.5,both_own,1,0,0.9916142557651991
attenuated,attenuated,1.5,both_own,1,1,0.008385744234800839
attenuated,attenuated,1.5,both_own,1,2,0.0
attenuated,attenuated,1.5,both_own,2,0,1.0
attenuated,attenuated,1.5,both_own,2,1,0.0
attenuated,attenuated,1.5,both_own,2,2,0.0
attenuated,attenuated,1.5,both_own,3,0,0.9958071278825996
attenuated,attenuated,1.5,both_own,3,1,0.0041928721174004195
attenuated,attenuated,1.5,both_own,3,2,0.0
attenuated,attenuated,1.5,both_own,4,0,0.9853249475890985
attenuated,attenuated,1.5,both_own,4,1,0.014675052410901468
attenuated,attenuated,1.5,both_own,4,2,0.0
attenuated,attenuated,1.5,both_own,5,0,0.9937106918238994
attenuated,attenuated,1.5,both_own,5,1,0.006289308176100629
attenuated,attenuated,1.5,both_own,5,2,0.0
attenuated,attenuated,1.5,both_own,6,0,0.9874213836477987
attenuated,attenuated,1.5,both_own,6,1,0.012578616352201259
attenuated,attenuated,1.5,both_own,6,2,0.0
attenuated,attenuated,1.5,both_own,7,0,0.9958071278825996
attenuated,attenuated,1.5,both_own,7,1,0.0041928721174004195
attenuated,attenuated,1.5,both_own,7,2,0.0
attenuated,attenuated,1.5,both_own,8,0,0.9832285115303984
attenuated,attenuated,1.5,both_own,8,1,0.016771488469601678
attenuated,attenuated,1.5,both_own,8,2,0.0
attenuated,attenuated,1.5,both_own,9,0,0.9811320754716981
attenuated,attenuated,1.5,both_own,9,1,0.018867924528301886
attenuated,attenuated,1.5,both_own,9,2,0.0
attenuated,attenuated,1.5,both_own,10,0,0.9706498951781971
attenuated,attenuated,1.5,both_own,10,1,0.029350104821802937
attenuated,attenuated,1.5,both_own,10,2,0.0
attenuated,attenuated,1.5,both_own,11,0,0.9643605870020965
attenuated,attenuated,1.5,both_own,11,1,0.03563941299790356
attenuated,attenuated,1.5,both_own,11,2,0.0
attenuated,attenuated,1.5,both_own,12,0,0.9580712788259959
attenuated,attenuated,1.5,both_own,12,1,0.039832285115303984
attenuated,attenuated,1.5,both_own,12,2,0.0020964360587002098
attenuated,attenuated,1.5,both_own,13,0,0.9748427672955975
attenuated,attenuated,1.5,both_own,13,1,0.025157232704402517
attenuated,attenuated,1.5,both_own,13,2,0.0
attenuated,attenuated,1.5,both_own,14,0,0.960167714884696
attenuated,attenuated,1.5,both_own,14,1,0.039832285115303984
attenuated,attenuated,1.5,both_own,14,2,0.0
attenuated,attenuated,1.5,both_own,15,0,0.9643605870020965
attenuated,attenuated,1.5,both_own,15,1,0.03563941299790356
attenuated,attenuated,1.5,both_own,15,2,0.0
attenuated,attenuated,1.5,both_own,16,0,0.9559748427672956
attenuated,attenuated,1.5,both_own,16,1,0.0440251572327044
attenuated,attenuated,1.5,both_own,16,2,0.0
attenuated,attenuated,1.5,both_own,17,0,0.960167714884696
attenuated,attenuated,1.5,both_own,17,1,0.039832285115303984
attenuated,attenuated,1.5,both_own,17,2,0.0
attenuated,attenuated,1.5,both_own,18,0,0.960167714884696
attenuated,attenuated,1.5,both_own,18,1,0.039832285115303984
attenuated,attenuated,1.5,both_own,18,2,0.0
attenuated,attenuated,1.5,both_own,19,0,0.9622641509433962
attenuated,attenuated,1.5,both_own,19,1,0.03563941299790356
attenuated,attenuated,1.5,both_own,19,2,0.0020964360587002098
attenuated,attenuated,1.5,both_own,20,0,0.9475890985324947
attenuated,attenuated,1.5,both_own,20,1,0.05241090146750524
attenuated,attenuated,1.5,both_own,20,2,0.0
attenuated,attenuated,1.5,both_own,21,0,0.9622641509433962
attenuated,attenuated,1.5,both_own,21,1,0.03773584905660377
attenuated,attenuated,1.5,both_own,21,2,0.0
attenuated,attenuated,1.5,both_own,22,0,0.9580712788259959
attenuated,attenuated,1.5,both_own,22,1,0.041928721174004195
attenuated,attenuated,1.5,both_own,22,2,0.0
attenuated,attenuated,1.5,both_own,23,0,0.9517819706498952
attenuated,attenuated,1.5,both_own,23,1,0.04821802935010482
attenuated,attenuated,1.5,both_own,23,2,0.0
attenuated,attenuated,1.5,both_own,24,0,0.9266247379454927
attenuated,attenuated,1.5,both_own,24,1,0.07337526205450734
attenuated,attenuated,1.5,both_own,24,2,0.0
attenuated,costly,1.5,all,1,0,0.642
attenuated,costly,1.5,all,1,1,0.358
attenuated,costly,1.5,all,1,2,0.0
attenuated,costly,1.5,all,2,0,0.618
attenuated,costly,1.5,all,2,1,0.382
attenuated,costly,1.5,all,2,2,0.0
attenuated,costly,1.5,all,3,0,0.6195
attenuated,costly,1.5,all,3,1,0.3805
attenuated,costly,1.5,all,3,2,0.0
attenuated,costly,1.5,all,4,0,0.625
attenuated,costly,1.5,all,4,1,0.375
attenuated,costly,1.5,all,4,2,0.0
attenuated,costly,1.5,all,5,0,0.622
attenuated,costly,1.5,all,5,1,0.378
attenuated,costly,1.5,all,5,2,0.0
attenuated,costly,1.5,all,6,0,0.617
attenuated,costly,1.5,all,6,1,0.3825
attenuated,costly,1.5,all,6,2,0.0005
attenuated,costly,1.5,all,7,0,0.6185
attenuated,costly,1.5,all,7,1,0.3815
attenuated,costly,1.5,all,7,2,0.0
attenuated,costly,1.5,all,8,0,0.6085
attenuated,costly,1.5,all,8,1,0.3915
attenuated,costly,1.5,all,8,2,0.0
attenuated,costly,1.5,all,9,0,0.6175
attenuated,costly,1.5,all,9,1,0.3825
attenuated,costly,1.5,all,9,2,0.0
attenuated,costly,1.5,all,10,0,0.6165
attenuated,costly,1.5,all,10,1,0.3835
attenuated,costly,1.5,all,10,2,0.0
attenuated,costly,1.5,all,11,0,0.6125
attenuated,costly,1.5,all,11,1,0.3875
attenuated,costly,1.5,all,11,2,0.0
attenuated,costly,1.5,all,12,0,0.614
attenuated,costly,1.5,all,12,1,0.386
attenuated,costly,1.5,all,12,2,0.0
attenuated,costly,1.5,all,13,0,0.6215
attenuated,costly,1.5,all,13,1,0.3785
attenuated,costly,1.5,all,13,2,0.0
attenuated,costly,1.5,all,14,0,0.616
attenuated,costly,1.5,all,14,1,0.384
attenuated,costly,1.5,all,14,2,0.0
attenuated,costly,1.5,all,15,0,0.614
attenuated,costly,1.5,all,15,1,0.386
attenuated,costly,1.5,all,15,2,0.0
attenuated,costly,1.5,all,16,0,0.609
attenuated,costly,1.5,all,16,1,0.391
attenuated,costly,1.5,all,16,2,0.0
attenuated,costly,1.5,all,17,0,0.6195
attenuated,costly,1.5,all,17,1,0.3805
attenuated,costly,1.5,all,17,2,0.0
attenuated,costly,1.5,all,18,0,0.6185
attenuated,costly,1.5,all,18,1,0.3815
attenuated,costly,1.5,all,18,2,0.0
attenuated,costly,1.5,all,19,0,0.617
attenuated,costly,1.5,all,19,1,0.383
attenuated,costly,1.5,all,19,2,0.0
attenuated,costly,1.5,all,20,0,0.623
attenuated,costly,1.5,all,20,1,0.377
attenuated,costly,1.5,all,20,2,0.0
attenuated,costly,1.5,all,21,0,0.611
attenuated,costly,1.5,all,21,1,0.389
attenuated,costly,1.5,all,21,2,0.0
attenuated,costly,1.5,all,22,0,0.6105
attenuated,costly,1.5,all,22,1,0.3895
attenuated,costly,1.5,all,22,2,0.0
attenuated,costly,1.5,all,23,0,0.6165
attenuated,costly,1.5,all,23,1,0.3835
attenuated,costly,1.5,all,23,2,0.0
attenuated,costly,1.5,all,24,0,0.616
attenuated,costly,1.5,all,24,1,0.384
attenuated,costly,1.5,all,24,2,0.0
attenuated,costly,1.5,both_own,1,0,0.9958071278825996
attenuated,costly,1.5,both_own,1,1,0.0041928721174004195
attenuated,costly,1.5,both_own,1,2,0.0
attenuated,costly,1.5,both_own,2,0,1.0
attenuated,costly,1.5,both_own,2,1,0.0
attenuated,costly,1.5,both_own,2,2,0.0
attenuated,costly,1.5,both_own,3,0,1.0
attenuated,costly,1.5,both_own,3,1,0.0
attenuated,costly,1.5,both_own,3,2,0.0
attenuated,costly,1.5,both_own,4,0,0.9916142557651991
attenuated,costly,1.5,both_own,4,1,0.008385744234800839
attenuated,costly,1.5,both_own,4,2,0.0
attenuated,costly,1.5,both_own,5,0,0.9958071278825996
attenuated,costly,1.5,both_own,5,1,0.0041928721174004195
attenuated,costly,1.5,both_own,5,2,0.0
attenuated,costly,1.5,both_own,6,0,0.9979035639412998
attenuated,costly,1.5,both_own,6,1,0.0020964360587002098
attenuated,costly,1.5,both_own,6,2,0.0
attenuated,costly,1.5,both_own,7,0,0.9958071278825996
attenuated,costly,1.5,both_own,7,1,0.0041928721174004195
attenuated,costly,1.5,both_own,7,2,0.0
attenuated,costly,1.5,both_own,8,0,0.9874213836477987
attenuated,costly,1.5,both_own,8,1,0.012578616352201259
attenuated,costly,1.5,both_own,8,2,0.0
attenuated,costly,1.5,both_own,9,0,0.9937106918238994
attenuated,costly,1.5,both_own,9,1,0.006289308176100629
attenuated,costly,1.5,both_own,9,2,0.0
attenuated,costly,1.5,both_own,10,0,0.9916142557651991
attenuated,costly,1.5,both_own,10,1,0.008385744234800839
attenuated,costly,1.5,both_own,10,2,0.0
attenuated,costly,1.5,both_own,11,0,0.9790356394129979
attenuated,costly,1.5,both_own,11,1,0.020964360587002098
attenuated,costly,1.5,both_own,11,2,0.0
attenuated,costly,1.5,both_own,12,0,0.9706498951781971
attenuated,costly,1.5,both_own,12,1,0.029350104821802937
attenuated,costly,1.5,both_own,12,2,0.0
attenuated,costly,1.5,both_own,13,0,0.9811320754716981
attenuated,costly,1.5,both_own,13,1,0.018867924528301886
attenuated,costly,1.5,both_own,13,2,0.0
attenuated,costly,1.5,both_own,14,0,0.9790356394129979
attenuated,costly,1.5,both_own,14,1,0.020964360587002098
attenuated,costly,1.5,both_own,14,2,0.0
attenuated,costly,1.5,both_own,15,0,0.9811320754716981
attenuated,costly,1.5,both_own,15,1,0.018867924528301886
attenuated,costly,1.5,both_own,15,2,0.0
attenuated,costly,1.5,both_own,16,0,0.9832285115303984
attenuated,costly,1.5,both_own,16,1,0.016771488469601678
attenuated,costly,1.5,both_own,16,2,0.0
attenuated,costly,1.5,both_own,17,0,0.989517819706499
attenuated,costly,1.5,both_own,17,1,0.010482180293501049
attenuated,costly,1.5,both_own,17,2,0.0
attenuated,costly,1.5,both_own,18,0,0.9811320754716981
attenuated,costly,1.5,both_own,18,1,0.018867924528301886
attenuated,costly,1.5,both_own,18,2,0.0
attenuated,costly,1.5,both_own,19,0,0.9874213836477987
attenuated,costly,1.5,both_own,19,1,0.012578616352201259
attenuated,costly,1.5,both_own,19,2,0.0
attenuated,costly,1.5,both_own,20,0,0.9811320754716981
attenuated,costly,1.5,both_own,20,1,0.018867924528301886
attenuated,costly,1.5,both_own,20,2,0.0
attenuated,costly,1.5,both_own,21,0,0.9790356394129979
attenuated,costly,1.5,both_own,21,1,0.020964360587002098
attenuated,costly,1.5,both_own,21,2,0.0
attenuated,costly,1.5,both_own,22,0,0.9790356394129979
attenuated,costly,1.5,both_own,22,1,0.020964360587002098
attenuated,costly,1.5,both_own,22,2,0.0
attenuated,costly,1.5,both_own,23,0,0.989517819706499
attenuated,costly,1.5,both_own,23,1,0.010482180293501049
attenuated,costly,1.5,both_own,23,2,0.0
attenuated,costly,1.5,both_own,24,0,0.9685534591194969
attenuated,costly,1.5,both_own,24,1,0.031446540880503145
attenuated,costly,1.5,both_own,24,2,0.0
attenuated,mixed,1.5,all,1,0,0.5145
attenuated,mixed,1.5,all,1,1,0.4825
attenuated,mixed,1.5,all,1,2,0.003
attenuated,mixed,1.5,all,2,0,0.4815
attenuated,mixed,1.5,all,2,1,0.5155
attenuated,mixed,1.5,all,2,2,0.003
attenuated,mixed,1.5,all,3,0,0.493
attenuated,mixed,1.5,all,3,1,0.5055
attenuated,mixed,1.5,all,3,2,0.0015
attenuated,mixed,1.5,all,4,0,0.489
attenuated,mixed,1.5,all,4,1,0.507
attenuated,mixed,1.5,all,4,2,0.004
attenuated,mixed,1.5,all,5,0,0.4775
attenuated,mixed,1.5,all,5,1,0.5215
attenuated,mixed,1.5,all,5,2,0.001
attenuated,mixed,1.5,all,6,0,0.4835
attenuated,mixed,1.5,all,6,1,0.514
attenuated,mixed,1.5,all,6,2,0.0025
attenuated,mixed,1.5,all,7,0,0.4725
attenuated,mixed,1.5,all,7,1,0.5265
attenuated,mixed,1.5,all,7,2,0.001
attenuated,mixed,1.5,all,8,0,0.4595
attenuated,mixed,1.5,all,8,1,0.538
attenuated,mixed,1.5,all,8,2,0.0025
attenuated,mixed,1.5,all,9,0,0.462
attenuated,mixed,1.5,all,9,1,0.537
attenuated,mixed,1.5,all,9,2,0.001
attenuated,mixed,1.5,all,10,0,0.474
attenuated,mixed,1.5,all,10,1,0.524
attenuated,mixed,1.5,all,10,2,0.002
attenuated,mixed,1.5,all,11,0,0.4645
attenuated,mixed,1.5,all,11,1,0.534
attenuated,mixed,1.5,all,11,2,0.0015
attenuated,mixed,1.5,all,12,0,0.4675
attenuated,mixed,1.5,all,12,1,0.53
attenuated,mixed,1.5,all,12,2,0.0025
attenuated,mixed,1.5,all,13,0,0.478
attenuated,mixed,1.5,all,13,1,0.52
attenuated,mixed,1.5,all,13,2,0.002
attenuated,mixed,1.5,all,14,0,0.4705
attenuated,mixed,1.5,all,14,1,0.527
attenuated,mixed,1.5,all,14,2,0.0025
attenuated,mixed,1.5,all,15,0,0.477
attenuated,mixed,1.5,all,15,1,0.5215
attenuated,mixed,1.5,all,15,2,0.0015
attenuated,mixed,1.5,all,16,0,0.4755
attenuated,mixed,1.5,all,16,1,0.5225
attenuated,mixed,1.5,all,16,2,0.002
attenuated,mixed,1.5,all,17,0,0.481
attenuated,mixed,1.5,all,17,1,0.518
attenuated,mixed,1.5,all,17,2,0.001
attenuated,mixed,1.5,all,18,0,0.476
attenuated,mixed,1.5,all,18,1,0.5235
attenuated,mixed,1.5,all,18,2,0.0005
attenuated,mixed,1.5,all,19,0,0.4755
attenuated,mixed,1.5,all,19,1,0.5225
attenuated,mixed,1.5,all,19,2,0.002
attenuated,mixed,1.5,all,20,0,0.4735
attenuated,mixed,1.5,all,20,1,0.5255
attenuated,mixed,1.5,all,20,2,0.001
attenuated,mixed,1.5,all,21,0,0.474
attenuated,mixed,1.5,all,21,1,0.5245
attenuated,mixed,1.5,all,21,2,0.0015
attenuated,mixed,1.5,all,22,0,0.4715
attenuated,mixed,1.5,all,22,1,0.5275
attenuated,mixed,1.5,all,22,2,0.001
attenuated,mixed,1.5,all,23,0,0.483
attenuated,mixed,1.5,all,23,1,0.5145
attenuated,mixed,1.5,all,23,2,0.0025
attenuated,mixed,1.5,all,24,0,0.472
attenuated,mixed,1.5,all,24,1,0.528
attenuated,mixed,1.5,all,24,2,0.0
attenuated,mixed,1.5,both_own,1,0,0.9916142557651991
attenuated,mixed,1.5,both_own,1,1,0.008385744234800839
attenuated,mixed,1.5,both_own,1,2,0.0
attenuated,mixed,1.5,both_own,2,0,1.0
attenuated,mixed,1.5,both_own,2,1,0.0
attenuated,mixed,1.5,both_own,2,2,0.0
attenuated,mixed,1.5,both_own,3,0,1.0
attenuated,mixed,1.5,both_own,3,1,0.0
attenuated,mixed,1.5,both_own,3,2,0.0
attenuated,mixed,1.5,both_own,4,0,0.9853249475890985
attenuated,mixed,1.5,both_own,4,1,0.014675052410901468
attenuated,mixed,1.5,both_own,4,2,0.0
attenuated,mixed,1.5,both_own,5,0,0.9937106918238994
attenuated,mixed,1.5,both_own,5,1,0.006289308176100629
attenuated,mixed,1.5,both_own,5,2,0.0
attenuated,mixed,1.5,both_own,6,0,0.9916142557651991
attenuated,mixed,1.5,both_own,6,1,0.008385744234800839
attenuated,mixed,1.5,both_own,6,2,0.0
attenuated,mixed,1.5,both_own,7,0,0.9979035639412998
attenuated,mixed,1.5,both_own,7,1,0.0020964360587002098
attenuated,mixed,1.5,both_own,7,2,0.0
attenuated,mixed,1.5,both_own,8,0,0.9790356394129979
attenuated,mixed,1.5,both_own,8,1,0.020964360587002098
attenuated,mixed,1.5,both_own,8,2,0.0
attenuated,mixed,1.5,both_own,9,0,0.9790356394129979
attenuated,mixed,1.5,both_own,9,1,0.020964360587002098
attenuated,mixed,1.5,both_own,9,2,0.0
attenuated,mixed,1.5,both_own,10,0,0.9811320754716981
attenuated,mixed,1.5,both_own,10,1,0.018867924528301886
attenuated,mixed,1.5,both_own,10,2,0.0
attenuated,mixed,1.5,both_own,11,0,0.9622641509433962
attenuated,mixed,1.5,both_own,11,1,0.03773584905660377
attenuated,mixed,1.5,both_own,11,2,0.0
attenuated,mixed,1.5,both_own,12,0,0.960167714884696
attenuated,mixed,1.5,both_own,12,1,0.039832285115303984
attenuated,mixed,1.5,both_own,12,2,0.0
attenuated,mixed,1.5,both_own,13,0,0.9706498951781971
attenuated,mixed,1.5,both_own,13,1,0.029350104821802937
attenuated,mixed,1.5,both_own,13,2,0.0
attenuated,mixed,1.5,both_own,14,0,0.9664570230607966
attenuated,mixed,1.5,both_own,14,1,0.033542976939203356
attenuated,mixed,1.5,both_own,14,2,0.0
attenuated,mixed,1.5,both_own,15,0,0.9811320754716981
attenuated,mixed,1.5,both_own,15,1,0.018867924528301886
attenuated,mixed,1.5,both_own,15,2,0.0
attenuated,mixed,1.5,both_own,16,0,0.9664570230607966
attenuated,mixed,1.5,both_own,16,1,0.033542976939203356
attenuated,mixed,1.5,both_own,16,2,0.0
attenuated,mixed,1.5,both_own,17,0,0.9685534591194969
attenuated,mixed,1.5,both_own,17,1,0.031446540880503145
attenuated,mixed,1.5,both_own,17,2,0.0
attenuated,mixed,1.5,both_own,18,0,0.9748427672955975
attenuated,mixed,1.5,both_own,18,1,0.025157232704402517
attenuated,mixed,1.5,both_own,18,2,0.0
attenuated,mixed,1.5,both_own,19,0,0.9790356394129979
attenuated,mixed,1.5,both_own,19,1,0.020964360587002098
attenuated,mixed,1.5,both_own,19,2,0.0
attenuated,mixed,1.5,both_own,20,0,0.9517819706498952
attenuated,mixed,1.5,both_own,20,1,0.04821802935010482
attenuated,mixed,1.5,both_own,20,2,0.0
attenuated,mixed,1.5,both_own,21,0,0.9475890985324947
attenuated,mixed,1.5,both_own,21,1,0.05241090146750524
attenuated,mixed,1.5,both_own,21,2,0.0
attenuated,mixed,1.5,both_own,22,0,0.9559748427672956
attenuated,mixed,1.5,both_own,22,1,0.0440251572327044
attenuated,mixed,1.5,both_own,22,2,0.0
attenuated,mixed,1.5,both_own,23,0,0.9706498951781971
attenuated,mixed,1.5,both_own,23,1,0.029350104821802937
attenuated,mixed,1.5,both_own,23,2,0.0
attenuated,mixed,1.5,both_own,24,0,0.939203354297694
attenuated,mixed,1.5,both_own,24,1,0.06079664570230608
attenuated,mixed,1.5,both_own,24,2,0.0
costly,honest,1.5,all,1,0,0.6035
costly,honest,1.5,all,1,1,0.3965
costly,honest,1.5,all,1,2,0.0
costly,honest,1.5,all,2,0,0.583
costly,honest,1.5,all,2,1,0.4165
costly,honest,1.5,all,2,2,0.0005
costly,honest,1.5,all,3,0,0.571
costly,honest,1.5,all,3,1,0.4285
costly,honest,1.5,all,3,2,0.0005
costly,honest,1.5,all,4,0,0.5605
costly,honest,1.5,all,4,1,0.4395
costly,honest,1.5,all,4,2,0.0
costly,honest,1.5,all,5,0,0.5595
costly,honest,1.5,all,5,1,0.4405
costly,honest,1.5,all,5,2,0.0
costly,honest,1.5,all,6,0,0.557
costly,honest,1.5,all,6,1,0.443
costly,honest,1.5,all,6,2,0.0
costly,honest,1.5,all,7,0,0.555
costly,honest,1.5,all,7,1,0.445
costly,honest,1.5,all,7,2,0.0
costly,honest,1.5,all,8,0,0.5495
costly,honest,1.5,all,8,1,0.4505
costly,honest,1.5,all,8,2,0.0
costly,honest,1.5,all,9,0,0.5565
costly,honest,1.5,all,9,1,0.4435
costly,honest,1.5,all,9,2,0.0
costly,honest,1.5,all,10,0,0.543
costly,honest,1.5,all,10,1,0.457
costly,honest,1.5,all,10,2,0.0
costly,honest,1.5,all,11,0,0.5475
costly,honest,1.5,all,11,1,0.452
costly,honest,1.5,all,11,2,0.0005
costly,honest,1.5,all,12,0,0.54
costly,honest,1.5,all,12,1,0.46
costly,honest,1.5,all,12,2,0.0
costly,honest,1.5,all,13,0,0.553
costly,honest,1.5,all,13,1,0.447
costly,honest,1.5,all,13,2,0.0
costly,honest,1.5,all,14,0,0.54
costly,honest,1.5,all,14,1,0.46
costly,honest,1.5,all,14,2,0.0
costly,honest,1.5,all,15,0,0.543
costly,honest,1.5,all,15,1,0.457
costly,honest,1.5,all,15,2,0.0
costly,honest,1.5,all,16,0,0.544
costly,honest,1.5,all,16,1,0.4555
costly,honest,1.5,all,16,2,0.0005
costly,honest,1.5,all,17,0,0.545
costly,honest,1.5,all,17,1,0.455
costly,honest,1.5,all,17,2,0.0
costly,honest,1.5,all,18,0,0.546
costly,honest,1.5,all,18,1,0.454
costly,honest,1.5,all,18,2,0.0
costly,honest,1.5,all,19,0,0.545
costly,honest,1.5,all,19,1,0.455
costly,honest,1.5,all,19,2,0.0
costly,honest,1.5,all,20,0,0.5355
costly,honest,1.5,all,20,1,0.4645
costly,honest,1.5,all,20,2,0.0
costly,honest,1.5,all,21,0,0.5365
costly,honest,1.5,all,21,1,0.4635
costly,honest,1.5,all,21,2,0.0
costly,honest,1.5,all,22,0,0.5435
costly,honest,1.5,all,22,1,0.4565
costly,honest,1.5,all,22,2,0.0
costly,honest,1.5,all,23,0,0.5415
costly,honest,1.5,all,23,1,0.4585
costly,honest,1.5,all,23,2,0.0
costly,honest,1.5,all,24,0,0.536
costly,honest,1.5,all,24,1,0.464
costly,honest,1.5,all,24,2,0.0
costly,honest,1.5,both_own,1,0,0.8511530398322851
costly,honest,1.5,both_own,1,1,0.1488469601677149
costly,honest,1.5,both_own,1,2,0.0
costly,honest,1.5,both_own,2,0,0.8113207547169812
costly,honest,1.5,both_own,2,1,0.18867924528301888
costly,honest,1.5,both_own,2,2,0.0
costly,honest,1.5,both_own,3,0,0.7882599580712788
costly,honest,1.5,both_own,3,1,0.21174004192872117
costly,honest,1.5,both_own,3,2,0.0
costly,honest,1.5,both_own,4,0,0.7253668763102725
costly,honest,1.5,both_own,4,1,0.2746331236897275
costly,honest,1.5,both_own,4,2,0.0
costly,honest,1.5,both_own,5,0,0.7358490566037735
costly,honest,1.5,both_own,5,1,0.2641509433962264
costly,honest,1.5,both_own,5,2,0.0
costly,honest,1.5,both_own,6,0,0.7085953878406709
costly,honest,1.5,both_own,6,1,0.2914046121593291
costly,honest,1.5,both_own,6,2,0.0
costly,honest,1.5,both_own,7,0,0.7295597484276729
costly,honest,1.5,both_own,7,1,0.27044025157232704
costly,honest,1.5,both_own,7,2,0.0
costly,honest,1.5,both_own,8,0,0.6960167714884696
costly,honest,1.5,both_own,8,1,0.3039832285115304
costly,honest,1.5,both_own,8,2,0.0
costly,honest,1.5,both_own,9,0,0.7190775681341719
costly,honest,1.5,both_own,9,1,0.2809224318658281
costly,honest,1.5,both_own,9,2,0.0
costly,honest,1.5,both_own,10,0,0.6855345911949685
costly,honest,1.5,both_own,10,1,0.31446540880503143
costly,honest,1.5,both_own,10,2,0.0
costly,honest,1.5,both_own,11,0,0.7023060796645703
costly,honest,1.5,both_own,11,1,0.2976939203354298
costly,honest,1.5,both_own,11,2,0.0
costly,honest,1.5,both_own,12,0,0.6645702306079665
costly,honest,1.5,both_own,12,1,0.33542976939203356
costly,honest,1.5,both_own,12,2,0.0
costly,honest,1.5,both_own,13,0,0.7023060796645703
costly,honest,1.5,both_own,13,1,0.2976939203354298
costly,honest,1.5,both_own,13,2,0.0
costly,honest,1.5,both_own,14,0,0.6540880503144654
costly,honest,1.5,both_own,14,1,0.34591194968553457
costly,honest,1.5,both_own,14,2,0.0
costly,honest,1.5,both_own,15,0,0.6855345911949685
costly,honest,1.5,both_own,15,1,0.31446540880503143
costly,honest,1.5,both_own,15,2,0.0
costly,honest,1.5,both_own,16,0,0.6687631027253669
costly,honest,1.5,both_own,16,1,0.32914046121593293
costly,honest,1.5,both_own,16,2,0.0020964360587002098
costly,honest,1.5,both_own,17,0,0.6918238993710691
costly,honest,1.5,both_own,17,1,0.3081761006289308
costly,honest,1.5,both_own,17,2,0.0
costly,honest,1.5,both_own,18,0,0.689727463312369
costly,honest,1.5,both_own,18,1,0.31027253668763105
costly,honest,1.5,both_own,18,2,0.0
costly,honest,1.5,both_own,19,0,0.6666666666666666
costly,honest,1.5,both_own,19,1,0.3333333333333333
costly,honest,1.5,both_own,19,2,0.0
costly,honest,1.5,both_own,20,0,0.6457023060796646
costly,honest,1.5,both_own,20,1,0.35429769392033544
costly,honest,1.5,both_own,20,2,0.0
costly,honest,1.5,both_own,21,0,0.6750524109014675
costly,honest,1.5,both_own,21,1,0.3249475890985325
costly,honest,1.5,both_own,21,2,0.0
costly,honest,1.5,both_own,22,0,0.6750524109014675
costly,honest,1.5,both_own,22,1,0.3249475890985325
costly,honest,1.5,both_own,22,2,0.0
costly,honest,1.5,both_own,23,0,0.6519916142557652
costly,honest,1.5,both_own,23,1,0.3480083857442348
costly,honest,1.5,both_own,23,2,0.0
costly,honest,1.5,both_own,24,0,0.6624737945492662
costly,honest,1.5,both_own,24,1,0.33752620545073375
costly,honest,1.5,both_own,24,2,0.0
costly,attenuated,1.5,all,1,0,0.6315
costly,attenuated,1.5,all,1,1,0.3685
costly,attenuated,1.5,all,1,2,0.0
costly,attenuated,1.5,all,2,0,0.623
costly,attenuated,1.5,all,2,1,0.376
costly,attenuated,1.5,all,2,2,0.001
costly,attenuated,1.5,all,3,0,0.6125
costly,attenuated,1.5,all,3,1,0.387
costly,attenuated,1.5,all,3,2,0.0005
costly,attenuated,1.5,all,4,0,0.6215
costly,attenuated,1.5,all,4,1,0.3785
costly,attenuated,1.5,all,4,2,0.0
costly,attenuated,1.5,all,5,0,0.623
costly,attenuated,1.5,all,5,1,0.377
costly,attenuated,1.5,all,5,2,0.0
costly,attenuated,1.5,all,6,0,0.622
costly,attenuated,1.5,all,6,1,0.3775
costly,attenuated,1.5,all,6,2,0.0005
costly,attenuated,1.5,all,7,0,0.616
costly,attenuated,1.5,all,7,1,0.384
costly,attenuated,1.5,all,7,2,0.0
costly,attenuated,1.5,all,8,0,0.615
costly,attenuated,1.5,all,8,1,0.3845
costly,attenuated,1.5,all,8,2,0.0005
costly,attenuated,1.5,all,9,0,0.617
costly,attenuated,1.5,all,9,1,0.3825
costly,attenuated,1.5,all,9,2,0.0005
costly,attenuated,1.5,all,10,0,0.6065
costly,attenuated,1.5,all,10,1,0.3935
costly,attenuated,1.5,all,10,2,0.0
costly,attenuated,1.5,all,11,0,0.6125
costly,attenuated,1.5,all,11,1,0.387
costly,attenuated,1.5,all,11,2,0.0005
costly,attenuated,1.5,all,12,0,0.614
costly,attenuated,1.5,all,12,1,0.386
costly,attenuated,1.5,all,12,2,0.0
costly,attenuated,1.5,all,13,0,0.616
costly,attenuated,1.5,all,13,1,0.3835
costly,attenuated,1.5,all,13,2,0.0005
costly,attenuated,1.5,all,14,0,0.611
costly,attenuated,1.5,all,14,1,0.388
costly,attenuated,1.5,all,14,2,0.001
costly,attenuated,1.5,all,15,0,0.613
costly,attenuated,1.5,all,15,1,0.386
costly,attenuated,1.5,all,15,2,0.001
costly,attenuated,1.5,all,16,0,0.615
costly,attenuated,1.5,all,16,1,0.385
costly,attenuated,1.5,all,16,2,0.0
costly,attenuated,1.5,all,17,0,0.609
costly,attenuated,1.5,all,17,1,0.391
costly,attenuated,1.5,all,17,2,0.0
costly,attenuated,1.5,all,18,0,0.6095
costly,attenuated,1.5,all,18,1,0.3905
costly,attenuated,1.5,all,18,2,0.0
costly,attenuated,1.5,all,19,0,0.6145
costly,attenuated,1.5,all,19,1,0.3855
costly,attenuated,1.5,all,19,2,0.0
costly,attenuated,1.5,all,20,0,0.612
costly,attenuated,1.5,all,20,1,0.388
costly,attenuated,1.5,all,20,2,0.0
costly,attenuated,1.5,all,21,0,0.605
costly,attenuated,1.5,all,21,1,0.3945
costly,attenuated,1.5,all,21,2,0.0005
costly,attenuated,1.5,all,22,0,0.616
costly,attenuated,1.5,all,22,1,0.384
costly,attenuated,1.5,all,22,2,0.0
costly,attenuated,1.5,all,23,0,0.615
costly,attenuated,1.5,all,23,1,0.3845
costly,attenuated,1.5,all,23,2,0.0005
costly,attenuated,1.5,all,24,0,0.61
costly,attenuated,1.5,all,24,1,0.39
costly,attenuated,1.5,all,24,2,0.0
costly,attenuated,1.5,both_own,1,0,0.9958071278825996
costly,attenuated,1.5,both_own,1,1,0.0041928721174004195
costly,attenuated,1.5,both_own,1,2,0.0
costly,attenuated,1.5,both_own,2,0,1.0
costly,attenuated,1.5,both_own,2,1,0.0
costly,attenuated,1.5,both_own,2,2,0.0
costly,attenuated,1.5,both_own,3,0,0.9958071278825996
costly,attenuated,1.5,both_own,3,1,0.0041928721174004195
costly,attenuated,1.5,both_own,3,2,0.0
costly,attenuated,1.5,both_own,4,0,0.9979035639412998
costly,attenuated,1.5,both_own,4,1,0.0020964360587002098
costly,attenuated,1.5,both_own,4,2,0.0
costly,attenuated,1.5,both_own,5,0,0.9958071278825996
costly,attenuated,1.5,both_own,5,1,0.0041928721174004195
costly,attenuated,1.5,both_own,5,2,0.0
costly,attenuated,1.5,both_own,6,0,0.9937106918238994
costly,attenuated,1.5,both_own,6,1,0.006289308176100629
costly,attenuated,1.5,both_own,6,2,0.0
costly,attenuated,1.5,both_own,7,0,0.9979035639412998
costly,attenuated,1.5,both_own,7,1,0.0020964360587002098
costly,attenuated,1.5,both_own,7,2,0.0
costly,attenuated,1.5,both_own,8,0,0.989517819706499
costly,attenuated,1.5,both_own,8,1,0.010482180293501049
costly,attenuated,1.5,both_own,8,2,0.0
costly,attenuated,1.5,both_own,9,0,0.9916142557651991
costly,attenuated,1.5,both_own,9,1,0.008385744234800839
costly,attenuated,1.5,both_own,9,2,0.0
costly,attenuated,1.5,both_own,10,0,0.9727463312368972
costly,attenuated,1.5,both_own,10,1,0.027253668763102725
costly,attenuated,1.5,both_own,10,2,0.0
costly,attenuated,1.5,both_own,11,0,0.9769392033542977
costly,attenuated,1.5,both_own,11,1,0.023060796645702306
costly,attenuated,1.5,both_own,11,2,0.0
costly,attenuated,1.5,both_own,12,0,0.9790356394129979
costly,attenuated,1.5,both_own,12,1,0.020964360587002098
costly,attenuated,1.5,both_own,12,2,0.0
costly,attenuated,1.5,both_own,13,0,0.9769392033542977
costly,attenuated,1.5,both_own,13,1,0.023060796645702306
costly,attenuated,1.5,both_own,13,2,0.0
costly,attenuated,1.5,both_own,14,0,0.9622641509433962
costly,attenuated,1.5,both_own,14,1,0.03773584905660377
costly,attenuated,1.5,both_own,14,2,0.0
costly,attenuated,1.5,both_own,15,0,0.9853249475890985
costly,attenuated,1.5,both_own,15,1,0.014675052410901468
costly,attenuated,1.5,both_own,15,2,0.0
costly,attenuated,1.5,both_own,16,0,0.9706498951781971
costly,attenuated,1.5,both_own,16,1,0.029350104821802937
costly,attenuated,1.5,both_own,16,2,0.0
costly,attenuated,1.5,both_own,17,0,0.9706498951781971
costly,attenuated,1.5,both_own,17,1,0.029350104821802937
costly,attenuated,1.5,both_own,17,2,0.0
costly,attenuated,1.5,both_own,18,0,0.960167714884696
costly,attenuated,1.5,both_own,18,1,0.039832285115303984
costly,attenuated,1.5,both_own,18,2,0.0
costly,attenuated,1.5,both_own,19,0,0.9685534591194969
costly,attenuated,1.5,both_own,19,1,0.031446540880503145
costly,attenuated,1.5,both_own,19,2,0.0
costly,attenuated,1.5,both_own,20,0,0.9664570230607966
costly,attenuated,1.5,both_own,20,1,0.033542976939203356
costly,attenuated,1.5,both_own,20,2,0.0
costly,attenuated,1.5,both_own,21,0,0.9727463312368972
costly,attenuated,1.5,both_own,21,1,0.027253668763102725
costly,attenuated,1.5,both_own,21,2,0.0
costly,attenuated,1.5,both_own,22,0,0.9811320754716981
costly,attenuated,1.5,both_own,22,1,0.018867924528301886
costly,attenuated,1.5,both_own,22,2,0.0
costly,attenuated,1.5,both_own,23,0,0.9832285115303984
costly,attenuated,1.5,both_own,23,1,0.016771488469601678
costly,attenuated,1.5,both_own,23,2,0.0
costly,attenuated,1.5,both_own,24,0,0.9727463312368972
costly,attenuated,1.5,both_own,24,1,0.027253668763102725
costly,attenuated,1.5,both_own,24,2,0.0
costly,costly,1.5,all,1,0,0.9875
costly,costly,1.5,all,1,1,0.0125
costly,costly,1.5,all,1,2,0.0
costly,costly,1.5,all,2,0,0.9795
costly,costly,1.5,all,2,1,0.0205
costly,costly,1.5,all,2,2,0.0
costly,costly,1.5,all,3,0,0.9825
costly,costly,1.5,all,3,1,0.0175
costly,costly,1.5,all,3,2,0.0
costly,costly,1.5,all,4,0,0.9895
costly,costly,1.5,all,4,1,0.0105
costly,costly,1.5,all,4,2,0.0
costly,costly,1.5,all,5,0,0.9865
costly,costly,1.5,all,5,1,0.0135
costly,costly,1.5,all,5,2,0.0
costly,costly,1.5,all,6,0,0.9865
costly,costly,1.5,all,6,1,0.0135
costly,costly,1.5,all,6,2,0.0
costly,costly,1.5,all,7,0,0.9805
costly,costly,1.5,all,7,1,0.0195
costly,costly,1.5,all,7,2,0.0
costly,costly,1.5,all,8,0,0.9835
costly,costly,1.5,all,8,1,0.0165
costly,costly,1.5,all,8,2,0.0
costly,costly,1.5,all,9,0,0.989
costly,costly,1.5,all,9,1,0.011
costly,costly,1.5,all,9,2,0.0
costly,costly,1.5,all,10,0,0.972
costly,costly,1.5,all,10,1,0.028
costly,costly,1.5,all,10,2,0.0
costly,costly,1.5,all,11,0,0.98
costly,costly,1.5,all,11,1,0.02
costly,costly,1.5,all,11,2,0.0
costly,costly,1.5,all,12,0,0.979
costly,costly,1.5,all,12,1,0.021
costly,costly,1.5,all,12,2,0.0
costly,costly,1.5,all,13,0,0.9815
costly,costly,1.5,all,13,1,0.0185
costly,costly,1.5,all,13,2,0.0
costly,costly,1.5,all,14,0,0.981
costly,costly,1.5,all,14,1,0.019
costly,costly,1.5,all,14,2,0.0
costly,costly,1.5,all,15,0,0.974
costly,costly,1.5,all,15,1,0.026
costly,costly,1.5,all,15,2,0.0
costly,costly,1.5,all,16,0,0.973
costly,costly,1.5,all,16,1,0.027
costly,costly,1.5,all,16,2,0.0
costly,costly,1.5,all,17,0,0.9795
costly,costly,1.5,all,17,1,0.0205
costly,costly,1.5,all,17,2,0.0
costly,costly,1.5,all,18,0,0.976
costly,costly,1.5,all,18,1,0.024
costly,costly,1.5,all,18,2,0.0
costly,costly,1.5,all,19,0,0.9855
costly,costly,1.5,all,19,1,0.0145
costly,costly,1.5,all,19,2,0.0
costly,costly,1.5,all,20,0,0.975
costly,costly,1.5,all,20,1,0.025
costly,costly,1.5,all,20,2,0.0
costly,costly,1.5,all,21,0,0.9725
costly,costly,1.5,all,21,1,0.0275
costly,costly,1.5,all,21,2,0.0
costly,costly,1.5,all,22,0,0.98
costly,costly,1.5,all,22,1,0.02
costly,costly,1.5,all,22,2,0.0
costly,costly,1.5,all,23,0,0.979
costly,costly,1.5,all,23,1,0.021
costly,costly,1.5,all,23,2,0.0
costly,costly,1.5,all,24,0,0.97
costly,costly,1.5,all,24,1,0.03
costly,costly,1.5,all,24,2,0.0
costly,costly,1.5,both_own,1,0,1.0
costly,costly,1.5,both_own,1,1,0.0
costly,costly,1.5,both_own,1,2,0.0
costly,costly,1.5,both_own,2,0,0.9979035639412998
costly,costly,1.5,both_own,2,1,0.0020964360587002098
costly,costly,1.5,both_own,2,2,0.0
costly,costly,1.5,both_own,3,0,1.0
costly,costly,1.5,both_own,3,1,0.0
costly,costly,1.5,both_own,3,2,0.0
costly,costly,1.5,both_own,4,0,1.0
costly,costly,1.5,both_own,4,1,0.0
costly,costly,1.5,both_own,4,2,0.0
costly,costly,1.5,both_own,5,0,1.0
costly,costly,1.5,both_own,5,1,0.0
costly,costly,1.5,both_own,5,2,0.0
costly,costly,1.5,both_own,6,0,0.9979035639412998
costly,costly,1.5,both_own,6,1,0.0020964360587002098
costly,costly,1.5,both_own,6,2,0.0
costly,costly,1.5,both_own,7,0,0.9979035639412998
costly,costly,1.5,both_own,7,1,0.0020964360587002098
costly,costly,1.5,both_own,7,2,0.0
costly,costly,1.5,both_own,8,0,0.9979035639412998
costly,costly,1.5,both_own,8,1,0.0020964360587002098
costly,costly,1.5,both_own,8,2,0.0
costly,costly,1.5,both_own,9,0,1.0
costly,costly,1.5,both_own,9,1,0.0
costly,costly,1.5,both_own,9,2,0.0
costly,costly,1.5,both_own,10,0,0.9958071278825996
costly,costly,1.5,both_own,10,1,0.0041928721174004195
costly,costly,1.5,both_own,10,2,0.0
costly,costly,1.5,both_own,11,0,0.9937106918238994
costly,costly,1.5,both_own,11,1,0.006289308176100629
costly,costly,1.5,both_own,11,2,0.0
costly,costly,1.5,both_own,12,0,0.9853249475890985
costly,costly,1.5,both_own,12,1,0.014675052410901468
costly,costly,1.5,both_own,12,2,0.0
costly,costly,1.5,both_own,13,0,0.9853249475890985
costly,costly,1.5,both_own,13,1,0.014675052410901468
costly,costly,1.5,both_own,13,2,0.0
costly,costly,1.5,both_own,14,0,0.9811320754716981
costly,costly,1.5,both_own,14,1,0.018867924528301886
costly,costly,1.5,both_own,14,2,0.0
costly,costly,1.5,both_own,15,0,0.9916142557651991
costly,costly,1.5,both_own,15,1,0.008385744234800839
costly,costly,1.5,both_own,15,2,0.0
costly,costly,1.5,both_own,16,0,0.9790356394129979
costly,costly,1.5,both_own,16,1,0.020964360587002098
costly,costly,1.5,both_own,16,2,0.0
costly,costly,1.5,both_own,17,0,0.9937106918238994
costly,costly,1.5,both_own,17,1,0.006289308176100629
costly,costly,1.5,both_own,17,2,0.0
costly,costly,1.5,both_own,18,0,0.9706498951781971
costly,costly,1.5,both_own,18,1,0.029350104821802937
costly,costly,1.5,both_own,18,2,0.0
costly,costly,1.5,both_own,19,0,0.9853249475890985
costly,costly,1.5,both_own,19,1,0.014675052410901468
costly,costly,1.5,both_own,19,2,0.0
costly,costly,1.5,both_own,20,0,0.9832285115303984
costly,costly,1.5,both_own,20,1,0.016771488469601678
costly,costly,1.5,both_own,20,2,0.0
costly,costly,1.5,both_own,21,0,0.9832285115303984
costly,costly,1.5,both_own,21,1,0.016771488469601678
costly,costly,1.5,both_own,21,2,0.0
costly,costly,1.5,both_own,22,0,0.989517819706499
costly,costly,1.5,both_own,22,1,0.010482180293501049
costly,costly,1.5,both_own,22,2,0.0
costly,costly,1.5,both_own,23,0,0.9916142557651991
costly,costly,1.5,both_own,23,1,0.008385744234800839
costly,costly,1.5,both_own,23,2,0.0
costly,costly,1.5,both_own,24,0,0.9748427672955975
costly,costly,1.5,both_own,24,1,0.025157232704402517
costly,costly,1.5,both_own,24,2,0.0
costly,mixed,1.5,all,1,0,0.857
costly,mixed,1.5,all,1,1,0.143
costly,mixed,1.5,all,1,2,0.0
costly,mixed,1.5,all,2,0,0.8365
costly,mixed,1.5,all,2,1,0.163
costly,mixed,1.5,all,2,2,0.0005
costly,mixed,1.5,all,3,0,0.847
costly,mixed,1.5,all,3,1,0.153
costly,mixed,1.5,all,3,2,0.0
costly,mixed,1.5,all,4,0,0.8385
costly,mixed,1.5,all,4,1,0.1615
costly,mixed,1.5,all,4,2,0.0
costly,mixed,1.5,all,5,0,0.834
costly,mixed,1.5,all,5,1,0.166
costly,mixed,1.5,all,5,2,0.0
costly,mixed,1.5,all,6,0,0.8415
costly,mixed,1.5,all,6,1,0.1585
costly,mixed,1.5,all,6,2,0.0
costly,mixed,1.5,all,7,0,0.8265
costly,mixed,1.5,all,7,1,0.1735
costly,mixed,1.5,all,7,2,0.0
costly,mixed,1.5,all,8,0,0.824
costly,mixed,1.5,all,8,1,0.176
costly,mixed,1.5,all,8,2,0.0
costly,mixed,1.5,all,9,0,0.825
costly,mixed,1.5,all,9,1,0.175
costly,mixed,1.5,all,9,2,0.0
costly,mixed,1.5,all,10,0,0.821
costly,mixed,1.5,all,10,1,0.179
costly,mixed,1.5,all,10,2,0.0
costly,mixed,1.5,all,11,0,0.826
costly,mixed,1.5,all,11,1,0.174
costly,mixed,1.5,all,11,2,0.0
costly,mixed,1.5,all,12,0,0.82
costly,mixed,1.5,all,12,1,0.18
costly,mixed,1.5,all,12,2,0.0
costly,mixed,1.5,all,13,0,0.8275
costly,mixed,1.5,all,13,1,0.1725
costly,mixed,1.5,all,13,2,0.0
costly,mixed,1.5,all,14,0,0.824
costly,mixed,1.5,all,14,1,0.176
costly,mixed,1.5,all,14,2,0.0
costly,mixed,1.5,all,15,0,0.822
costly,mixed,1.5,all,15,1,0.1775
costly,mixed,1.5,all,15,2,0.0005
costly,mixed,1.5,all,16,0,0.827
costly,mixed,1.5,all,16,1,0.173
costly,mixed,1.5,all,16,2,0.0
costly,mixed,1.5,all,17,0,0.8265
costly,mixed,1.5,all,17,1,0.1735
costly,mixed,1.5,all,17,2,0.0
costly,mixed,1.5,all,18,0,0.82
costly,mixed,1.5,all,18,1,0.18
costly,mixed,1.5,all,18,2,0.0
costly,mixed,1.5,all,19,0,0.8265
costly,mixed,1.5,all,19,1,0.1735
costly,mixed,1.5,all,19,2,0.0
costly,mixed,1.5,all,20,0,0.82
costly,mixed,1.5,all,20,1,0.18
costly,mixed,1.5,all,20,2,0.0
costly,mixed,1.5,all,21,0,0.8275
costly,mixed,1.5,all,21,1,0.1725
costly,mixed,1.5,all,21,2,0.0
costly,mixed,1.5,all,22,0,0.832
costly,mixed,1.5,all,22,1,0.168
costly,mixed,1.5,all,22,2,0.0
costly,mixed,1.5,all,23,0,0.835
costly,mixed,1.5,all,23,1,0.165
costly,mixed,1.5,all,23,2,0.0
costly,mixed,1.5,all,24,0,0.82
costly,mixed,1.5,all,24,1,0.18
costly,mixed,1.5,all,24,2,0.0
costly,mixed,1.5,both_own,1,0,0.9958071278825996
costly,mixed,1.5,both_own,1,1,0.0041928721174004195
costly,mixed,1.5,both_own,1,2,0.0
costly,mixed,1.5,both_own,2,0,0.9979035639412998
costly,mixed,1.5,both_own,2,1,0.0020964360587002098
costly,mixed,1.5,both_own,2,2,0.0
costly,mixed,1.5,both_own,3,0,1.0
costly,mixed,1.5,both_own,3,1,0.0
costly,mixed,1.5,both_own,3,2,0.0
costly,mixed,1.5,both_own,4,0,0.9937106918238994
costly,mixed,1.5,both_own,4,1,0.006289308176100629
costly,mixed,1.5,both_own,4,2,0.0
costly,mixed,1.5,both_own,5,0,0.9979035639412998
costly,mixed,1.5,both_own,5,1,0.0020964360587002098
costly,mixed,1.5,both_own,5,2,0.0
costly,mixed,1.5,both_own,6,0,0.9958071278825996
costly,mixed,1.5,both_own,6,1,0.0041928721174004195
costly,mixed,1.5,both_own,6,2,0.0
costly,mixed,1.5,both_own,7,0,0.9979035639412998
costly,mixed,1.5,both_own,7,1,0.0020964360587002098
costly,mixed,1.5,both_own,7,2,0.0
costly,mixed,1.5,both_own,8,0,0.9874213836477987
costly,mixed,1.5,both_own,8,1,0.012578616352201259
costly,mixed,1.5,both_own,8,2,0.0
costly,mixed,1.5,both_own,9,0,0.9874213836477987
costly,mixed,1.5,both_own,9,1,0.012578616352201259
costly,mixed,1.5,both_own,9,2,0.0
costly,mixed,1.5,both_own,10,0,0.9853249475890985
costly,mixed,1.5,both_own,10,1,0.014675052410901468
costly,mixed,1.5,both_own,10,2,0.0
costly,mixed,1.5,both_own,11,0,0.9811320754716981
costly,mixed,1.5,both_own,11,1,0.018867924528301886
costly,mixed,1.5,both_own,11,2,0.0
costly,mixed,1.5,both_own,12,0,0.9748427672955975
costly,mixed,1.5,both_own,12,1,0.025157232704402517
costly,mixed,1.5,both_own,12,2,0.0
costly,mixed,1.5,both_own,13,0,0.9748427672955975
costly,mixed,1.5,both_own,13,1,0.025157232704402517
costly,mixed,1.5,both_own,13,2,0.0
costly,mixed,1.5,both_own,14,0,0.9706498951781971
costly,mixed,1.5,both_own,14,1,0.029350104821802937
costly,mixed,1.5,both_own,14,2,0.0
costly,mixed,1.5,both_own,15,0,0.989517819706499
costly,mixed,1.5,both_own,15,1,0.010482180293501049
costly,mixed,1.5,both_own,15,2,0.0
costly,mixed,1.5,both_own,16,0,0.9685534591194969
costly,mixed,1.5,both_own,16,1,0.031446540880503145
costly,mixed,1.5,both_own,16,2,0.0
costly,mixed,1.5,both_own,17,0,0.9685534591194969
costly,mixed,1.5,both_own,17,1,0.031446540880503145
costly,mixed,1.5,both_own,17,2,0.0
costly,mixed,1.5,both_own,18,0,0.9580712788259959
costly,mixed,1.5,both_own,18,1,0.041928721174004195
costly,mixed,1.5,both_own,18,2,0.0
costly,mixed,1.5,both_own,19,0,0.9664570230607966
costly,mixed,1.5,both_own,19,1,0.033542976939203356
costly,mixed,1.5,both_own,19,2,0.0
costly,mixed,1.5,both_own,20,0,0.9706498951781971
costly,mixed,1.5,both_own,20,1,0.029350104821802937
costly,mixed,1.5,both_own,20,2,0.0
costly,mixed,1.5,both_own,21,0,0.9622641509433962
costly,mixed,1.5,both_own,21,1,0.03773584905660377
costly,mixed,1.5,both_own,21,2,0.0
costly,mixed,1.5,both_own,22,0,0.9748427672955975
costly,mixed,1.5,both_own,22,1,0.025157232704402517
costly,mixed,1.5,both_own,22,2,0.0
costly,mixed,1.5,both_own,23,0,0.9748427672955975
costly,mixed,1.5,both_own,23,1,0.025157232704402517
costly,mixed,1.5,both_own,23,2,0.0
costly,mixed,1.5,both_own,24,0,0.9685534591194969
costly,mixed,1.5,both_own,24,1,0.031446540880503145
costly,mixed,1.5,both_own,24,2,0.0
mixed,honest,1.5,all,1,0,0.524
mixed,honest,1.5,all,1,1,0.475
mixed,honest,1.5,all,1,2,0.001
mixed,honest,1.5,all,2,0,0.447
mixed,honest,1.5,all,2,1,0.5525
mixed,honest,1.5,all,2,2,0.0005
mixed,honest,1.5,all,3,0,0.419
mixed,honest,1.5,all,3,1,0.58
mixed,honest,1.5,all,3,2,0.001
mixed,honest,1.5,all,4,0,0.4085
mixed,honest,1.5,all,4,1,0.5915
mixed,honest,1.5,all,4,2,0.0
mixed,honest,1.5,all,5,0,0.413
mixed,honest,1.5,all,5,1,0.587
mixed,honest,1.5,all,5,2,0.0
mixed,honest,1.5,all,6,0,0.3985
mixed,honest,1.5,all,6,1,0.6015
mixed,honest,1.5,all,6,2,0.0
mixed,honest,1.5,all,7,0,0.3945
mixed,honest,1.5,all,7,1,0.6055
mixed,honest,1.5,all,7,2,0.0
mixed,honest,1.5,all,8,0,0.3985
mixed,honest,1.5,all,8,1,0.6015
mixed,honest,1.5,all,8,2,0.0
mixed,honest,1.5,all,9,0,0.399
mixed,honest,1.5,all,9,1,0.601
mixed,honest,1.5,all,9,2,0.0
mixed,honest,1.5,all,10,0,0.3915
mixed,honest,1.5,all,10,1,0.608
mixed,honest,1.5,all,10,2,0.0005
mixed,honest,1.5,all,11,0,0.404
mixed,honest,1.5,all,11,1,0.596
mixed,honest,1.5,all,11,2,0.0
mixed,honest,1.5,all,12,0,0.382
mixed,honest,1.5,all,12,1,0.618
mixed,honest,1.5,all,12,2,0.0
mixed,honest,1.5,all,13,0,0.409
mixed,honest,1.5,all,13,1,0.591
mixed,honest,1.5,all,13,2,0.0
mixed,honest,1.5,all,14,0,0.4
mixed,honest,1.5,all,14,1,0.6
mixed,honest,1.5,all,14,2,0.0
mixed,honest,1.5,all,15,0,0.4
mixed,honest,1.5,all,15,1,0.6
mixed,honest,1.5,all,15,2,0.0
mixed,honest,1.5,all,16,0,0.384
mixed,honest,1.5,all,16,1,0.616
mixed,honest,1.5,all,16,2,0.0
mixed,honest,1.5,all,17,0,0.3895
mixed,honest,1.5,all,17,1,0.6105
mixed,honest,1.5,all,17,2,0.0
mixed,honest,1.5,all,18,0,0.402
mixed,honest,1.5,all,18,1,0.598
mixed,honest,1.5,all,18,2,0.0
mixed,honest,1.5,all,19,0,0.3875
mixed,honest,1.5,all,19,1,0.6125
mixed,honest,1.5,all,19,2,0.0
mixed,honest,1.5,all,20,0,0.3845
mixed,honest,1.5,all,20,1,0.6155
mixed,honest,1.5,all,20,2,0.0
mixed,honest,1.5,all,21,0,0.3805
mixed,honest,1.5,all,21,1,0.6195
mixed,honest,1.5,all,21,2,0.0
mixed,honest,1.5,all,22,0,0.381
mixed,honest,1.5,all,22,1,0.619
mixed,honest,1.5,all,22,2,0.0
mixed,honest,1.5,all,23,0,0.384
mixed,honest,1.5,all,23,1,0.616
mixed,honest,1.5,all,23,2,0.0
mixed,honest,1.5,all,24,0,0.3835
mixed,honest,1.5,all,24,1,0.616
mixed,honest,1.5,all,24,2,0.0005
mixed,honest,1.5,both_own,1,0,0.8511530398322851
mixed,honest,1.5,both_own,1,1,0.1488469601677149
mixed,honest,1.5,both_own,1,2,0.0
mixed,honest,1.5,both_own,2,0,0.8071278825995807
mixed,honest,1.5,both_own,2,1,0.1928721174004193
mixed,honest,1.5,both_own,2,2,0.0
mixed,honest,1.5,both_own,3,0,0.7756813417190775
mixed,honest,1.5,both_own,3,1,0.22431865828092243
mixed,honest,1.5,both_own,3,2,0.0
mixed,honest,1.5,both_own,4,0,0.7169811320754716
mixed,honest,1.5,both_own,4,1,0.2830188679245283
mixed,honest,1.5,both_own,4,2,0.0
mixed,honest,1.5,both_own,5,0,0.7295597484276729
mixed,honest,1.5,both_own,5,1,0.27044025157232704
mixed,honest,1.5,both_own,5,2,0.0
mixed,honest,1.5,both_own,6,0,0.7064989517819706
mixed,honest,1.5,both_own,6,1,0.29350104821802936
mixed,honest,1.5,both_own,6,2,0.0
mixed,honest,1.5,both_own,7,0,0.7169811320754716
mixed,honest,1.5,both_own,7,1,0.2830188679245283
mixed,honest,1.5,both_own,7,2,0.0
mixed,honest,1.5,both_own,8,0,0.6792452830188679
mixed,honest,1.5,both_own,8,1,0.32075471698113206
mixed,honest,1.5,both_own,8,2,0.0
mixed,honest,1.5,both_own,9,0,0.70020964360587
mixed,honest,1.5,both_own,9,1,0.29979035639413
mixed,honest,1.5,both_own,9,2,0.0
mixed,honest,1.5,both_own,10,0,0.6666666666666666
mixed,honest,1.5,both_own,10,1,0.3333333333333333
mixed,honest,1.5,both_own,10,2,0.0
mixed,honest,1.5,both_own,11,0,0.6876310272536688
mixed,honest,1.5,both_own,11,1,0.31236897274633124
mixed,honest,1.5,both_own,11,2,0.0
mixed,honest,1.5,both_own,12,0,0.6519916142557652
mixed,honest,1.5,both_own,12,1,0.3480083857442348
mixed,honest,1.5,both_own,12,2,0.0
mixed,honest,1.5,both_own,13,0,0.70020964360587
mixed,honest,1.5,both_own,13,1,0.29979035639413
mixed,honest,1.5,both_own,13,2,0.0
mixed,honest,1.5,both_own,14,0,0.6477987421383647
mixed,honest,1.5,both_own,14,1,0.3522012578616352
mixed,honest,1.5,both_own,14,2,0.0
mixed,honest,1.5,both_own,15,0,0.6792452830188679
mixed,honest,1.5,both_own,15,1,0.32075471698113206
mixed,honest,1.5,both_own,15,2,0.0
mixed,honest,1.5,both_own,16,0,0.6666666666666666
mixed,honest,1.5,both_own,16,1,0.3333333333333333
mixed,honest,1.5,both_own,16,2,0.0
mixed,honest,1.5,both_own,17,0,0.6624737945492662
mixed,honest,1.5,both_own,17,1,0.33752620545073375
mixed,honest,1.5,both_own,17,2,0.0
mixed,honest,1.5,both_own,18,0,0.6771488469601677
mixed,honest,1.5,both_own,18,1,0.3228511530398323
mixed,honest,1.5,both_own,18,2,0.0
mixed,honest,1.5,both_own,19,0,0.6457023060796646
mixed,honest,1.5,both_own,19,1,0.35429769392033544
mixed,honest,1.5,both_own,19,2,0.0
mixed,honest,1.5,both_own,20,0,0.6142557651991615
mixed,honest,1.5,both_own,20,1,0.3857442348008386
mixed,honest,1.5,both_own,20,2,0.0
mixed,honest,1.5,both_own,21,0,0.6477987421383647
mixed,honest,1.5,both_own,21,1,0.3522012578616352
mixed,honest,1.5,both_own,21,2,0.0
mixed,honest,1.5,both_own,22,0,0.6310272536687631
mixed,honest,1.5,both_own,22,1,0.3689727463312369
mixed,honest,1.5,both_own,22,2,0.0
mixed,honest,1.5,both_own,23,0,0.6037735849056604
mixed,honest,1.5,both_own,23,1,0.39622641509433965
mixed,honest,1.5,both_own,23,2,0.0
mixed,honest,1.5,both_own,24,0,0.6289308176100629
mixed,honest,1.5,both_own,24,1,0.3689727463312369
mixed,honest,1.5,both_own,24,2,0.0020964360587002098
mixed,attenuated,1.5,all,1,0,0.5545
mixed,attenuated,1.5,all,1,1,0.4425
mixed,attenuated,1.5,all,1,2,0.003
mixed,attenuated,1.5,all,2,0,0.4915
mixed,attenuated,1.5,all,2,1,0.506
mixed,attenuated,1.5,all,2,2,0.0025
mixed,attenuated,1.5,all,3,0,0.47
mixed,attenuated,1.5,all,3,1,0.528
mixed,attenuated,1.5,all,3,2,0.002
mixed,attenuated,1.5,all,4,0,0.476
mixed,attenuated,1.5,all,4,1,0.522
mixed,attenuated,1.5,all,4,2,0.002
mixed,attenuated,1.5,all,5,0,0.481
mixed,attenuated,1.5,all,5,1,0.5185
mixed,attenuated,1.5,all,5,2,0.0005
mixed,attenuated,1.5,all,6,0,0.4685
mixed,attenuated,1.5,all,6,1,0.5305
mixed,attenuated,1.5,all,6,2,0.001
mixed,attenuated,1.5,all,7,0,0.462
mixed,attenuated,1.5,all,7,1,0.5375
mixed,attenuated,1.5,all,7,2,0.0005
mixed,attenuated,1.5,all,8,0,0.4735
mixed,attenuated,1.5,all,8,1,0.5235
mixed,attenuated,1.5,all,8,2,0.003
mixed,attenuated,1.5,all,9,0,0.4645
mixed,attenuated,1.5,all,9,1,0.5345
mixed,attenuated,1.5,all,9,2,0.001
mixed,attenuated,1.5,all,10,0,0.4655
mixed,attenuated,1.5,all,10,1,0.533
mixed,attenuated,1.5,all,10,2,0.0015
mixed,attenuated,1.5,all,11,0,0.4735
mixed,attenuated,1.5,all,11,1,0.525
mixed,attenuated,1.5,all,11,2,0.0015
mixed,attenuated,1.5,all,12,0,0.4615
mixed,attenuated,1.5,all,12,1,0.5385
mixed,attenuated,1.5,all,12,2,0.0
mixed,attenuated,1.5,all,13,0,0.483
mixed,attenuated,1.5,all,13,1,0.5165
mixed,attenuated,1.5,all,13,2,0.0005
mixed,attenuated,1.5,all,14,0,0.476
mixed,attenuated,1.5,all,14,1,0.522
mixed,attenuated,1.5,all,14,2,0.002
mixed,attenuated,1.5,all,15,0,0.472
mixed,attenuated,1.5,all,15,1,0.527
mixed,attenuated,1.5,all,15,2,0.001
mixed,attenuated,1.5,all,16,0,0.463
mixed,attenuated,1.5,all,16,1,0.537
mixed,attenuated,1.5,all,16,2,0.0
mixed,attenuated,1.5,all,17,0,0.4665
mixed,attenuated,1.5,all,17,1,0.533
mixed,attenuated,1.5,all,17,2,0.0005
mixed,attenuated,1.5,all,18,0,0.4755
mixed,attenuated,1.5,all,18,1,0.524
mixed,attenuated,1.5,all,18,2,0.0005
mixed,attenuated,1.5,all,19,0,0.465
mixed,attenuated,1.5,all,19,1,0.535
mixed,attenuated,1.5,all,19,2,0.0
mixed,attenuated,1.5,all,20,0,0.4705
mixed,attenuated,1.5,all,20,1,0.529
mixed,attenuated,1.5,all,20,2,0.0005
mixed,attenuated,1.5,all,21,0,0.462
mixed,attenuated,1.5,all,21,1,0.537
mixed,attenuated,1.5,all,21,2,0.001
mixed,attenuated,1.5,all,22,0,0.464
mixed,attenuated,1.5,all,22,1,0.535
mixed,attenuated,1.5,all,22,2,0.001
mixed,attenuated,1.5,all,23,0,0.474
mixed,attenuated,1.5,all,23,1,0.525
mixed,attenuated,1.5,all,23,2,0.001
mixed,attenuated,1.5,all,24,0,0.4665
mixed,attenuated,1.5,all,24,1,0.533
mixed,attenuated,1.5,all,24,2,0.0005
mixed,attenuated,1.5,both_own,1,0,0.9958071278825996
mixed,attenuated,1.5,both_own,1,1,0.0041928721174004195
mixed,attenuated,1.5,both_own,1,2,0.0
mixed,attenuated,1.5,both_own,2,0,1.0
mixed,attenuated,1.5,both_own,2,1,0.0
mixed,attenuated,1.5,both_own,2,2,0.0
mixed,attenuated,1.5,both_own,3,0,0.9916142557651991
mixed,attenuated,1.5,both_own,3,1,0.008385744234800839
mixed,attenuated,1.5,both_own,3,2,0.0
mixed,attenuated,1.5,both_own,4,0,0.9937106918238994
mixed,attenuated,1.5,both_own,4,1,0.006289308176100629
mixed,attenuated,1.5,both_own,4,2,0.0
mixed,attenuated,1.5,both_own,5,0,0.9916142557651991
mixed,attenuated,1.5,both_own,5,1,0.008385744234800839
mixed,attenuated,1.5,both_own,5,2,0.0
mixed,attenuated,1.5,both_own,6,0,0.9811320754716981
mixed,attenuated,1.5,both_own,6,1,0.018867924528301886
mixed,attenuated,1.5,both_own,6,2,0.0
mixed,attenuated,1.5,both_own,7,0,0.9916142557651991
mixed,attenuated,1.5,both_own,7,1,0.008385744234800839
mixed,attenuated,1.5,both_own,7,2,0.0
mixed,attenuated,1.5,both_own,8,0,0.9832285115303984
mixed,attenuated,1.5,both_own,8,1,0.016771488469601678
mixed,attenuated,1.5,both_own,8,2,0.0
mixed,attenuated,1.5,both_own,9,0,0.9832285115303984
mixed,attenuated,1.5,both_own,9,1,0.016771488469601678
mixed,attenuated,1.5,both_own,9,2,0.0
mixed,attenuated,1.5,both_own,10,0,0.9727463312368972
mixed,attenuated,1.5,both_own,10,1,0.027253668763102725
mixed,attenuated,1.5,both_own,10,2,0.0
mixed,attenuated,1.5,both_own,11,0,0.9622641509433962
mixed,attenuated,1.5,both_own,11,1,0.03773584905660377
mixed,attenuated,1.5,both_own,11,2,0.0
mixed,attenuated,1.5,both_own,12,0,0.9706498951781971
mixed,attenuated,1.5,both_own,12,1,0.029350104821802937
mixed,attenuated,1.5,both_own,12,2,0.0
mixed,attenuated,1.5,both_own,13,0,0.9790356394129979
mixed,attenuated,1.5,both_own,13,1,0.020964360587002098
mixed,attenuated,1.5,both_own,13,2,0.0
mixed,attenuated,1.5,both_own,14,0,0.960167714884696
mixed,attenuated,1.5,both_own,14,1,0.039832285115303984
mixed,attenuated,1.5,both_own,14,2,0.0
mixed,attenuated,1.5,both_own,15,0,0.9727463312368972
mixed,attenuated,1.5,both_own,15,1,0.027253668763102725
mixed,attenuated,1.5,both_own,15,2,0.0
mixed,attenuated,1.5,both_own,16,0,0.9685534591194969
mixed,attenuated,1.5,both_own,16,1,0.031446540880503145
mixed,attenuated,1.5,both_own,16,2,0.0
mixed,attenuated,1.5,both_own,17,0,0.9580712788259959
mixed,attenuated,1.5,both_own,17,1,0.041928721174004195
mixed,attenuated,1.5,both_own,17,2,0.0
mixed,attenuated,1.5,both_own,18,0,0.9517819706498952
mixed,attenuated,1.5,both_own,18,1,0.04821802935010482
mixed,attenuated,1.5,both_own,18,2,0.0
mixed,attenuated,1.5,both_own,19,0,0.9454926624737946
mixed,attenuated,1.5,both_own,19,1,0.05450733752620545
mixed,attenuated,1.5,both_own,19,2,0.0
mixed,attenuated,1.5,both_own,20,0,0.9559748427672956
mixed,attenuated,1.5,both_own,20,1,0.0440251572327044
mixed,attenuated,1.5,both_own,20,2,0.0
mixed,attenuated,1.5,both_own,21,0,0.9727463312368972
mixed,attenuated,1.5,both_own,21,1,0.027253668763102725
mixed,attenuated,1.5,both_own,21,2,0.0
mixed,attenuated,1.5,both_own,22,0,0.9643605870020965
mixed,attenuated,1.5,both_own,22,1,0.03563941299790356
mixed,attenuated,1.5,both_own,22,2,0.0
mixed,attenuated,1.5,both_own,23,0,0.9538784067085954
mixed,attenuated,1.5,both_own,23,1,0.04612159329140461
mixed,attenuated,1.5,both_own,23,2,0.0
mixed,attenuated,1.5,both_own,24,0,0.9454926624737946
mixed,attenuated,1.5,both_own,24,1,0.05450733752620545
mixed,attenuated,1.5,both_own,24,2,0.0
mixed,costly,1.5,all,1,0,0.9065
mixed,costly,1.5,all,1,1,0.0935
mixed,costly,1.5,all,1,2,0.0
mixed,costly,1.5,all,2,0,0.842
mixed,costly,1.5,all,2,1,0.158
mixed,costly,1.5,all,2,2,0.0
mixed,costly,1.5,all,3,0,0.8305
mixed,costly,1.5,all,3,1,0.1695
mixed,costly,1.5,all,3,2,0.0
mixed,costly,1.5,all,4,0,0.835
mixed,costly,1.5,all,4,1,0.165
mixed,costly,1.5,all,4,2,0.0
mixed,costly,1.5,all,5,0,0.8385
mixed,costly,1.5,all,5,1,0.1615
mixed,costly,1.5,all,5,2,0.0
mixed,costly,1.5,all,6,0,0.826
mixed,costly,1.5,all,6,1,0.174
mixed,costly,1.5,all,6,2,0.0
mixed,costly,1.5,all,7,0,0.8165
mixed,costly,1.5,all,7,1,0.1835
mixed,costly,1.5,all,7,2,0.0
mixed,costly,1.5,all,8,0,0.829
mixed,costly,1.5,all,8,1,0.171
mixed,costly,1.5,all,8,2,0.0
mixed,costly,1.5,all,9,0,0.83
mixed,costly,1.5,all,9,1,0.17
mixed,costly,1.5,all,9,2,0.0
mixed,costly,1.5,all,10,0,0.8225
mixed,costly,1.5,all,10,1,0.1775
mixed,costly,1.5,all,10,2,0.0
mixed,costly,1.5,all,11,0,0.8325
mixed,costly,1.5,all,11,1,0.1675
mixed,costly,1.5,all,11,2,0.0
mixed,costly,1.5,all,12,0,0.8185
mixed,costly,1.5,all,12,1,0.1815
mixed,costly,1.5,all,12,2,0.0
mixed,costly,1.5,all,13,0,0.837
mixed,costly,1.5,all,13,1,0.163
mixed,costly,1.5,all,13,2,0.0
mixed,costly,1.5,all,14,0,0.8365
mixed,costly,1.5,all,14,1,0.1635
mixed,costly,1.5,all,14,2,0.0
mixed,costly,1.5,all,15,0,0.827
mixed,costly,1.5,all,15,1,0.173
mixed,costly,1.5,all,15,2,0.0
mixed,costly,1.5,all,16,0,0.8085
mixed,costly,1.5,all,16,1,0.1915
mixed,costly,1.5,all,16,2,0.0
mixed,costly,1.5,all,17,0,0.824
mixed,costly,1.5,all,17,1,0.176
mixed,costly,1.5,all,17,2,0.0
mixed,costly,1.5,all,18,0,0.829
mixed,costly,1.5,all,18,1,0.171
mixed,costly,1.5,all,18,2,0.0
mixed,costly,1.5,all,19,0,0.8275
mixed,costly,1.5,all,19,1,0.1725
mixed,costly,1.5,all,19,2,0.0
mixed,costly,1.5,all,20,0,0.8265
mixed,costly,1.5,all,20,1,0.1735
mixed,costly,1.5,all,20,2,0.0
mixed,costly,1.5,all,21,0,0.819
mixed,costly,1.5,all,21,1,0.181
mixed,costly,1.5,all,21,2,0.0
mixed,costly,1.5,all,22,0,0.8205
mixed,costly,1.5,all,22,1,0.1795
mixed,costly,1.5,all,22,2,0.0
mixed,costly,1.5,all,23,0,0.826
mixed,costly,1.5,all,23,1,0.174
mixed,costly,1.5,all,23,2,0.0
mixed,costly,1.5,all,24,0,0.8205
mixed,costly,1.5,all,24,1,0.1795
mixed,costly,1.5,all,24,2,0.0
mixed,costly,1.5,both_own,1,0,1.0
mixed,costly,1.5,both_own,1,1,0.0
mixed,costly,1.5,both_own,1,2,0.0
mixed,costly,1.5,both_own,2,0,1.0
mixed,costly,1.5,both_own,2,1,0.0
mixed,costly,1.5,both_own,2,2,0.0
mixed,costly,1.5,both_own,3,0,0.9979035639412998
mixed,costly,1.5,both_own,3,1,0.0020964360587002098
mixed,costly,1.5,both_own,3,2,0.0
mixed,costly,1.5,both_own,4,0,0.9979035639412998
mixed,costly,1.5,both_own,4,1,0.0020964360587002098
mixed,costly,1.5,both_own,4,2,0.0
mixed,costly,1.5,both_own,5,0,0.9979035639412998
mixed,costly,1.5,both_own,5,1,0.0020964360587002098
mixed,costly,1.5,both_own,5,2,0.0
mixed,costly,1.5,both_own,6,0,0.9937106918238994
mixed,costly,1.5,both_own,6,1,0.006289308176100629
mixed,costly,1.5,both_own,6,2,0.0
mixed,costly,1.5,both_own,7,0,0.9916142557651991
mixed,costly,1.5,both_own,7,1,0.008385744234800839
mixed,costly,1.5,both_own,7,2,0.0
mixed,costly,1.5,both_own,8,0,0.9874213836477987
mixed,costly,1.5,both_own,8,1,0.012578616352201259
mixed,costly,1.5,both_own,8,2,0.0
mixed,costly,1.5,both_own,9,0,0.9937106918238994
mixed,costly,1.5,both_own,9,1,0.006289308176100629
mixed,costly,1.5,both_own,9,2,0.0
mixed,costly,1.5,both_own,10,0,0.989517819706499
mixed,costly,1.5,both_own,10,1,0.010482180293501049
mixed,costly,1.5,both_own,10,2,0.0
mixed,costly,1.5,both_own,11,0,0.9853249475890985
mixed,costly,1.5,both_own,11,1,0.014675052410901468
mixed,costly,1.5,both_own,11,2,0.0
mixed,costly,1.5,both_own,12,0,0.9832285115303984
mixed,costly,1.5,both_own,12,1,0.016771488469601678
mixed,costly,1.5,both_own,12,2,0.0
mixed,costly,1.5,both_own,13,0,0.9937106918238994
mixed,costly,1.5,both_own,13,1,0.006289308176100629
mixed,costly,1.5,both_own,13,2,0.0
mixed,costly,1.5,both_own,14,0,0.9769392033542977
mixed,costly,1.5,both_own,14,1,0.023060796645702306
mixed,costly,1.5,both_own,14,2,0.0
mixed,costly,1.5,both_own,15,0,0.9874213836477987
mixed,costly,1.5,both_own,15,1,0.012578616352201259
mixed,costly,1.5,both_own,15,2,0.0
mixed,costly,1.5,both_own,16,0,0.9790356394129979
mixed,costly,1.5,both_own,16,1,0.020964360587002098
mixed,costly,1.5,both_own,16,2,0.0
mixed,costly,1.5,both_own,17,0,0.9811320754716981
mixed,costly,1.5,both_own,17,1,0.018867924528301886
mixed,costly,1.5,both_own,17,2,0.0
mixed,costly,1.5,both_own,18,0,0.9685534591194969
mixed,costly,1.5,both_own,18,1,0.031446540880503145
mixed,costly,1.5,both_own,18,2,0.0
mixed,costly,1.5,both_own,19,0,0.9790356394129979
mixed,costly,1.5,both_own,19,1,0.020964360587002098
mixed,costly,1.5,both_own,19,2,0.0
mixed,costly,1.5,both_own,20,0,0.9748427672955975
mixed,costly,1.5,both_own,20,1,0.025157232704402517
mixed,costly,1.5,both_own,20,2,0.0
mixed,costly,1.5,both_own,21,0,0.9811320754716981
mixed,costly,1.5,both_own,21,1,0.018867924528301886
mixed,costly,1.5,both_own,21,2,0.0
mixed,costly,1.5,both_own,22,0,0.9811320754716981
mixed,costly,1.5,both_own,22,1,0.018867924528301886
mixed,costly,1.5,both_own,22,2,0.0
mixed,costly,1.5,both_own,23,0,0.9727463312368972
mixed,costly,1.5,both_own,23,1,0.027253668763102725
mixed,costly,1.5,both_own,23,2,0.0
mixed,costly,1.5,both_own,24,0,0.9769392033542977
mixed,costly,1.5,both_own,24,1,0.023060796645702306
mixed,costly,1.5,both_own,24,2,0.0
mixed,mixed,1.5,all,1,0,0.7765
mixed,mixed,1.5,all,1,1,0.223
mixed,mixed,1.5,all,1,2,0.0005
mixed,mixed,1.5,all,2,0,0.704
mixed,mixed,1.5,all,2,1,0.2955
mixed,mixed,1.5,all,2,2,0.0005
mixed,mixed,1.5,all,3,0,0.7
mixed,mixed,1.5,all,3,1,0.3
mixed,mixed,1.5,all,3,2,0.0
mixed,mixed,1.5,all,4,0,0.6935
mixed,mixed,1.5,all,4,1,0.3065
mixed,mixed,1.5,all,4,2,0.0
mixed,mixed,1.5,all,5,0,0.6915
mixed,mixed,1.5,all,5,1,0.3085
mixed,mixed,1.5,all,5,2,0.0
mixed,mixed,1.5,all,6,0,0.6895
mixed,mixed,1.5,all,6,1,0.3105
mixed,mixed,1.5,all,6,2,0.0
mixed,mixed,1.5,all,7,0,0.6685
mixed,mixed,1.5,all,7,1,0.331
mixed,mixed,1.5,all,7,2,0.0005
mixed,mixed,1.5,all,8,0,0.6705
mixed,mixed,1.5,all,8,1,0.3295
mixed,mixed,1.5,all,8,2,0.0
mixed,mixed,1.5,all,9,0,0.6725
mixed,mixed,1.5,all,9,1,0.3275
mixed,mixed,1.5,all,9,2,0.0
mixed,mixed,1.5,all,10,0,0.677
mixed,mixed,1.5,all,10,1,0.323
mixed,mixed,1.5,all,10,2,0.0
mixed,mixed,1.5,all,11,0,0.6815
mixed,mixed,1.5,all,11,1,0.3185
mixed,mixed,1.5,all,11,2,0.0
mixed,mixed,1.5,all,12,0,0.663
mixed,mixed,1.5,all,12,1,0.337
mixed,mixed,1.5,all,12,2,0.0
mixed,mixed,1.5,all,13,0,0.688
mixed,mixed,1.5,all,13,1,0.312
mixed,mixed,1.5,all,13,2,0.0
mixed,mixed,1.5,all,14,0,0.685
mixed,mixed,1.5,all,14,1,0.3145
mixed,mixed,1.5,all,14,2,0.0005
mixed,mixed,1.5,all,15,0,0.678
mixed,mixed,1.5,all,15,1,0.321
mixed,mixed,1.5,all,15,2,0.001
mixed,mixed,1.5,all,16,0,0.668
mixed,mixed,1.5,all,16,1,0.332
mixed,mixed,1.5,all,16,2,0.0
mixed,mixed,1.5,all,17,0,0.68
mixed,mixed,1.5,all,17,1,0.32
mixed,mixed,1.5,all,17,2,0.0
mixed,mixed,1.5,all,18,0,0.6775
mixed,mixed,1.5,all,18,1,0.3225
mixed,mixed,1.5,all,18,2,0.0
mixed,mixed,1.5,all,19,0,0.6785
mixed,mixed,1.5,all,19,1,0.3215
mixed,mixed,1.5,all,19,2,0.0
mixed,mixed,1.5,all,20,0,0.673
mixed,mixed,1.5,all,20,1,0.327
mixed,mixed,1.5,all,20,2,0.0
mixed,mixed,1.5,all,21,0,0.679
mixed,mixed,1.5,all,21,1,0.321
mixed,mixed,1.5,all,21,2,0.0
mixed,mixed,1.5,all,22,0,0.678
mixed,mixed,1.5,all,22,1,0.3215
mixed,mixed,1.5,all,22,2,0.0005
mixed,mixed,1.5,all,23,0,0.687
mixed,mixed,1.5,all,23,1,0.313
mixed,mixed,1.5,all,23,2,0.0
mixed,mixed,1.5,all,24,0,0.6735
mixed,mixed,1.5,all,24,1,0.3265
mixed,mixed,1.5,all,24,2,0.0
mixed,mixed,1.5,both_own,1,0,0.9958071278825996
mixed,mixed,1.5,both_own,1,1,0.0041928721174004195
mixed,mixed,1.5,both_own,1,2,0.0
mixed,mixed,1.5,both_own,2,0,1.0
mixed,mixed,1.5,both_own,2,1,0.0
mixed,mixed,1.5,both_own,2,2,0.0
mixed,mixed,1.5,both_own,3,0,0.9958071278825996
mixed,mixed,1.5,both_own,3,1,0.0041928721174004195
mixed,mixed,1.5,both_own,3,2,0.0
mixed,mixed,1.5,both_own,4,0,0.9916142557651991
mixed,mixed,1.5,both_own,4,1,0.008385744234800839
mixed,mixed,1.5,both_own,4,2,0.0
mixed,mixed,1.5,both_own,5,0,0.9937106918238994
mixed,mixed,1.5,both_own,5,1,0.006289308176100629
mixed,mixed,1.5,both_own,5,2,0.0
mixed,mixed,1.5,both_own,6,0,0.9916142557651991
mixed,mixed,1.5,both_own,6,1,0.008385744234800839
mixed,mixed,1.5,both_own,6,2,0.0
mixed,mixed,1.5,both_own,7,0,0.9916142557651991
mixed,mixed,1.5,both_own,7,1,0.008385744234800839
mixed,mixed,1.5,both_own,7,2,0.0
mixed,mixed,1.5,both_own,8,0,0.9769392033542977
mixed,mixed,1.5,both_own,8,1,0.023060796645702306
mixed,mixed,1.5,both_own,8,2,0.0
mixed,mixed,1.5,both_own,9,0,0.9790356394129979
mixed,mixed,1.5,both_own,9,1,0.020964360587002098
mixed,mixed,1.5,both_own,9,2,0.0
mixed,mixed,1.5,both_own,10,0,0.9790356394129979
mixed,mixed,1.5,both_own,10,1,0.020964360587002098
mixed,mixed,1.5,both_own,10,2,0.0
mixed,mixed,1.5,both_own,11,0,0.9685534591194969
mixed,mixed,1.5,both_own,11,1,0.031446540880503145
mixed,mixed,1.5,both_own,11,2,0.0
mixed,mixed,1.5,both_own,12,0,0.9727463312368972
mixed,mixed,1.5,both_own,12,1,0.027253668763102725
mixed,mixed,1.5,both_own,12,2,0.0
mixed,mixed,1.5,both_own,13,0,0.9769392033542977
mixed,mixed,1.5,both_own,13,1,0.023060796645702306
mixed,mixed,1.5,both_own,13,2,0.0
mixed,mixed,1.5,both_own,14,0,0.9727463312368972
mixed,mixed,1.5,both_own,14,1,0.027253668763102725
mixed,mixed,1.5,both_own,14,2,0.0
mixed,mixed,1.5,both_own,15,0,0.9832285115303984
mixed,mixed,1.5,both_own,15,1,0.016771488469601678
mixed,mixed,1.5,both_own,15,2,0.0
mixed,mixed,1.5,both_own,16,0,0.9643605870020965
mixed,mixed,1.5,both_own,16,1,0.03563941299790356
mixed,mixed,1.5,both_own,16,2,0.0
mixed,mixed,1.5,both_own,17,0,0.9622641509433962
mixed,mixed,1.5,both_own,17,1,0.03773584905660377
mixed,mixed,1.5,both_own,17,2,0.0
mixed,mixed,1.5,both_own,18,0,0.9433962264150944
mixed,mixed,1.5,both_own,18,1,0.05660377358490566
mixed,mixed,1.5,both_own,18,2,0.0
mixed,mixed,1.5,both_own,19,0,0.9622641509433962
mixed,mixed,1.5,both_own,19,1,0.03773584905660377
mixed,mixed,1.5,both_own,19,2,0.0
mixed,mixed,1.5,both_own,20,0,0.9559748427672956
mixed,mixed,1.5,both_own,20,1,0.0440251572327044
mixed,mixed,1.5,both_own,20,2,0.0
mixed,mixed,1.5,both_own,21,0,0.9559748427672956
mixed,mixed,1.5,both_own,21,1,0.0440251572327044
mixed,mixed,1.5,both_own,21,2,0.0
mixed,mixed,1.5,both_own,22,0,0.960167714884696
mixed,mixed,1.5,both_own,22,1,0.039832285115303984
mixed,mixed,1.5,both_own,22,2,0.0
mixed,mixed,1.5,both_own,23,0,0.9580712788259959
mixed,mixed,1.5,both_own,23,1,0.041928721174004195
mixed,mixed,1.5,both_own,23,2,0.0
mixed,mixed,1.5,both_own,24,0,0.9580712788259959
mixed,mixed,1.5,both_own,24,1,0.041928721174004195
mixed,mixed,1.5,both_own,24,2,0.0
