A_type,B_type,beta,split,round_from,from,to,count,prob
honest,honest,0.0,all,1,0,0,239,0.4887525562372188
honest,honest,0.0,all,1,0,1,250,0.5112474437627812
honest,honest,0.0,all,1,0,2,0,0.0
honest,honest,0.0,all,1,1,0,89,0.05941255006675567
honest,honest,0.0,all,1,1,1,1408,0.9399198931909212
honest,honest,0.0,all,1,1,2,1,0.0006675567423230974
honest,honest,0.0,all,1,2,0,0,0.0
honest,honest,0.0,all,1,2,1,13,1.0
honest,honest,0.0,all,1,2,2,0,0.0
honest,honest,0.0,all,2,0,0,184,0.5609756097560976
honest,honest,0.0,all,2,0,1,144,0.43902439024390244
honest,honest,0.0,all,2,0,2,0,0.0
honest,honest,0.0,all,2,1,0,125,0.07480550568521843
honest,honest,0.0,all,2,1,1,1546,0.9251944943147815
honest,honest,0.0,all,2,1,2,0,0.0
honest,honest,0.0,all,2,2,0,0,0.0
honest,honest,0.0,all,2,2,1,1,1.0
honest,honest,0.0,all,2,2,2,0,0.0
honest,honest,0.0,all,3,0,0,161,0.5210355987055016
honest,honest,0.0,all,3,0,1,148,0.47896440129449835
honest,honest,0.0,all,3,0,2,0,0.0
honest,honest,0.0,all,3,1,0,114,0.06741573033707865
honest,honest,0.0,all,3,1,1,1577,0.9325842696629213
honest,honest,0.0,all,3,1,2,0,0.0
honest,honest,0.0,all,3,2,0,0,
honest,honest,0.0,all,3,2,1,0,
honest,honest,0.0,all,3,2,2,0,
honest,honest,0.0,all,4,0,0,159,0.5781818181818181
honest,honest,0.0,all,4,0,1,116,0.4218181818181818
honest,honest,0.0,all,4,0,2,0,0.0
honest,honest,0.0,all,4,1,0,129,0.07478260869565218
honest,honest,0.0,all,4,1,1,1596,0.9252173913043479
honest,honest,0.0,all,4,1,2,0,0.0
honest,honest,0.0,all,4,2,0,0,
honest,honest,0.0,all,4,2,1,0,
honest,honest,0.0,all,4,2,2,0,
honest,honest,0.0,all,5,0,0,145,0.5034722222222222
honest,honest,0.0,all,5,0,1,142,0.4930555555555556
honest,honest,0.0,all,5,0,2,1,0.003472222222222222
honest,honest,0.0,all,5,1,0,129,0.07535046728971963
honest,honest,0.0,all,5,1,1,1583,0.9246495327102804
honest,honest,0.0,all,5,1,2,0,0.0
honest,honest,0.0,all,5,2,0,0,
honest,honest,0.0,all,5,2,1,0,
honest,honest,0.0,all,5,2,2,0,
honest,honest,0.0,all,6,0,0,153,0.5583941605839416
honest,honest,0.0,all,6,0,1,121,0.4416058394160584
honest,honest,0.0,all,6,0,2,0,0.0
honest,honest,0.0,all,6,1,0,109,0.06318840579710144
honest,honest,0.0,all,6,1,1,1616,0.9368115942028985
honest,honest,0.0,all,6,1,2,0,0.0
honest,honest,0.0,all,6,2,0,0,0.0
honest,honest,0.0,all,6,2,1,1,1.0
honest,honest,0.0,all,6,2,2,0,0.0
honest,honest,0.0,all,7,0,0,146,0.5572519083969466
honest,honest,0.0,all,7,0,1,116,0.44274809160305345
honest,honest,0.0,all,7,0,2,0,0.0
honest,honest,0.0,all,7,1,0,106,0.06098964326812428
honest,honest,0.0,all,7,1,1,1631,0.9384349827387802
honest,honest,0.0,all,7,1,2,1,0.0005753739930955121
honest,honest,0.0,all,7,2,0,0,
honest,honest,0.0,all,7,2,1,0,
honest,honest,0.0,all,7,2,2,0,
honest,honest,0.0,all,8,0,0,134,0.5317460317460317
honest,honest,0.0,all,8,0,1,118,0.46825396825396826
honest,honest,0.0,all,8,0,2,0,0.0
honest,honest,0.0,all,8,1,0,129,0.07384087006296508
honest,honest,0.0,all,8,1,1,1618,0.9261591299370349
honest,honest,0.0,all,8,1,2,0,0.0
honest,honest,0.0,all,8,2,0,0,0.0
honest,honest,0.0,all,8,2,1,1,1.0
honest,honest,0.0,all,8,2,2,0,0.0
honest,honest,0.0,all,9,0,0,139,0.5285171102661597
honest,honest,0.0,all,9,0,1,124,0.4714828897338403
honest,honest,0.0,all,9,0,2,0,0.0
honest,honest,0.0,all,9,1,0,115,0.06620610247553253
honest,honest,0.0,all,9,1,1,1622,0.9337938975244675
honest,honest,0.0,all,9,1,2,0,0.0
honest,honest,0.0,all,9,2,0,0,
honest,honest,0.0,all,9,2,1,0,
honest,honest,0.0,all,9,2,2,0,
honest,honest,0.0,all,10,0,0,127,0.5
honest,honest,0.0,all,10,0,1,127,0.5
honest,honest,0.0,all,10,0,2,0,0.0
honest,honest,0.0,all,10,1,0,119,0.06815578465063
honest,honest,0.0,all,10,1,1,1625,0.9306987399770905
honest,honest,0.0,all,10,1,2,2,0.001145475372279496
honest,honest,0.0,all,10,2,0,0,
honest,honest,0.0,all,10,2,1,0,
honest,honest,0.0,all,10,2,2,0,
honest,honest,0.0,all,11,0,0,126,0.5121951219512195
honest,honest,0.0,all,11,0,1,120,0.4878048780487805
honest,honest,0.0,all,11,0,2,0,0.0
honest,honest,0.0,all,11,1,0,105,0.059931506849315065
honest,honest,0.0,all,11,1,1,1647,0.940068493150685
honest,honest,0.0,all,11,1,2,0,0.0
honest,honest,0.0,all,11,2,0,0,0.0
honest,honest,0.0,all,11,2,1,2,1.0
honest,honest,0.0,all,11,2,2,0,0.0
honest,honest,0.0,all,12,0,0,112,0.48484848484848486
honest,honest,0.0,all,12,0,1,119,0.5151515151515151
honest,honest,0.0,all,12,0,2,0,0.0
honest,honest,0.0,all,12,1,0,149,0.08422837761447145
honest,honest,0.0,all,12,1,1,1620,0.9157716223855286
honest,honest,0.0,all,12,1,2,0,0.0
honest,honest,0.0,all,12,2,0,0,
honest,honest,0.0,all,12,2,1,0,
honest,honest,0.0,all,12,2,2,0,
honest,honest,0.0,all,13,0,0,111,0.42528735632183906
honest,honest,0.0,all,13,0,1,150,0.5747126436781609
honest,honest,0.0,all,13,0,2,0,0.0
honest,honest,0.0,all,13,1,0,118,0.06785508913168488
honest,honest,0.0,all,13,1,1,1620,0.9315698677400805
honest,honest,0.0,all,13,1,2,1,0.0005750431282346176
honest,honest,0.0,all,13,2,0,0,
honest,honest,0.0,all,13,2,1,0,
honest,honest,0.0,all,13,2,2,0,
honest,honest,0.0,all,14,0,0,120,0.5240174672489083
honest,honest,0.0,all,14,0,1,109,0.4759825327510917
honest,honest,0.0,all,14,0,2,0,0.0
honest,honest,0.0,all,14,1,0,130,0.07344632768361582
honest,honest,0.0,all,14,1,1,1639,0.9259887005649717
honest,honest,0.0,all,14,1,2,1,0.0005649717514124294
honest,honest,0.0,all,14,2,0,0,0.0
honest,honest,0.0,all,14,2,1,0,0.0
honest,honest,0.0,all,14,2,2,1,1.0
honest,honest,0.0,all,15,0,0,119,0.476
honest,honest,0.0,all,15,0,1,131,0.524
honest,honest,0.0,all,15,0,2,0,0.0
honest,honest,0.0,all,15,1,0,133,0.07608695652173914
honest,honest,0.0,all,15,1,1,1615,0.9239130434782609
honest,honest,0.0,all,15,1,2,0,0.0
honest,honest,0.0,all,15,2,0,0,0.0
honest,honest,0.0,all,15,2,1,1,0.5
honest,honest,0.0,all,15,2,2,1,0.5
honest,honest,0.0,all,16,0,0,117,0.4642857142857143
honest,honest,0.0,all,16,0,1,135,0.5357142857142857
honest,honest,0.0,all,16,0,2,0,0.0
honest,honest,0.0,all,16,1,0,122,0.06983400114481969
honest,honest,0.0,all,16,1,1,1625,0.9301659988551803
honest,honest,0.0,all,16,1,2,0,0.0
honest,honest,0.0,all,16,2,0,0,0.0
honest,honest,0.0,all,16,2,1,1,1.0
honest,honest,0.0,all,16,2,2,0,0.0
honest,honest,0.0,all,17,0,0,119,0.497907949790795
honest,honest,0.0,all,17,0,1,119,0.497907949790795
honest,honest,0.0,all,17,0,2,1,0.0041841004184100415
honest,honest,0.0,all,17,1,0,151,0.08574673480976717
honest,honest,0.0,all,17,1,1,1610,0.9142532651902329
honest,honest,0.0,all,17,1,2,0,0.0
honest,honest,0.0,all,17,2,0,0,
honest,honest,0.0,all,17,2,1,0,
honest,honest,0.0,all,17,2,2,0,
honest,honest,0.0,all,18,0,0,124,0.45925925925925926
honest,honest,0.0,all,18,0,1,146,0.5407407407407407
honest,honest,0.0,all,18,0,2,0,0.0
honest,honest,0.0,all,18,1,0,112,0.06477732793522267
honest,honest,0.0,all,18,1,1,1615,0.9340659340659341
honest,honest,0.0,all,18,1,2,2,0.001156737998843262
honest,honest,0.0,all,18,2,0,0,0.0
honest,honest,0.0,all,18,2,1,0,0.0
honest,honest,0.0,all,18,2,2,1,1.0
honest,honest,0.0,all,19,0,0,112,0.4745762711864407
honest,honest,0.0,all,19,0,1,124,0.5254237288135594
honest,honest,0.0,all,19,0,2,0,0.0
honest,honest,0.0,all,19,1,0,114,0.06473594548551959
honest,honest,0.0,all,19,1,1,1647,0.9352640545144804
honest,honest,0.0,all,19,1,2,0,0.0
honest,honest,0.0,all,19,2,0,1,0.3333333333333333
honest,honest,0.0,all,19,2,1,2,0.6666666666666666
honest,honest,0.0,all,19,2,2,0,0.0
honest,honest,0.0,all,20,0,0,109,0.4801762114537445
honest,honest,0.0,all,20,0,1,118,0.5198237885462555
honest,honest,0.0,all,20,0,2,0,0.0
honest,honest,0.0,all,20,1,0,142,0.08009024252679076
honest,honest,0.0,all,20,1,1,1630,0.9193457416807671
honest,honest,0.0,all,20,1,2,1,0.0005640157924421884
honest,honest,0.0,all,20,2,0,0,
honest,honest,0.0,all,20,2,1,0,
honest,honest,0.0,all,20,2,2,0,
honest,honest,0.0,all,21,0,0,121,0.4820717131474104
honest,honest,0.0,all,21,0,1,130,0.5179282868525896
honest,honest,0.0,all,21,0,2,0,0.0
honest,honest,0.0,all,21,1,0,101,0.057780320366132724
honest,honest,0.0,all,21,1,1,1647,0.9422196796338673
honest,honest,0.0,all,21,1,2,0,0.0
honest,honest,0.0,all,21,2,0,0,0.0
honest,honest,0.0,all,21,2,1,0,0.0
honest,honest,0.0,all,21,2,2,1,1.0
honest,honest,0.0,all,22,0,0,110,0.4954954954954955
honest,honest,0.0,all,22,0,1,112,0.5045045045045045
honest,honest,0.0,all,22,0,2,0,0.0
honest,honest,0.0,all,22,1,0,130,0.07315700619020822
honest,honest,0.0,all,22,1,1,1647,0.9268429938097917
honest,honest,0.0,all,22,1,2,0,0.0
honest,honest,0.0,all,22,2,0,0,0.0
honest,honest,0.0,all,22,2,1,0,0.0
honest,honest,0.0,all,22,2,2,1,1.0
honest,honest,0.0,all,23,0,0,109,0.45416666666666666
honest,honest,0.0,all,23,0,1,131,0.5458333333333333
honest,honest,0.0,all,23,0,2,0,0.0
honest,honest,0.0,all,23,1,0,137,0.0778851620238772
honest,honest,0.0,all,23,1,1,1622,0.9221148379761228
honest,honest,0.0,all,23,1,2,0,0.0
honest,honest,0.0,all,23,2,0,1,1.0
honest,honest,0.0,all,23,2,1,0,0.0
honest,honest,0.0,all,23,2,2,0,0.0
honest,honest,0.0,all,0,0,0,3096,0.5035783994795056
honest,honest,0.0,all,0,0,1,3050,0.49609629147690304
honest,honest,0.0,all,0,0,2,2,0.00032530904359141186
honest,honest,0.0,all,0,1,0,2808,0.07051201566933682
honest,honest,0.0,all,0,1,1,37006,0.9292619842804409
honest,honest,0.0,all,0,1,2,9,0.00022600005022223337
honest,honest,0.0,all,0,2,0,2,0.06896551724137931
honest,honest,0.0,all,0,2,1,22,0.7586206896551724
honest,honest,0.0,all,0,2,2,5,0.1724137931034483
honest,honest,0.0,both_own,1,0,0,230,0.6005221932114883
honest,honest,0.0,both_own,1,0,1,153,0.39947780678851175
honest,honest,0.0,both_own,1,0,2,0,0.0
honest,honest,0.0,both_own,1,1,0,56,0.5957446808510638
honest,honest,0.0,both_own,1,1,1,38,0.40425531914893614
honest,honest,0.0,both_own,1,1,2,0,0.0
honest,honest,0.0,both_own,1,2,0,0,
honest,honest,0.0,both_own,1,2,1,0,
honest,honest,0.0,both_own,1,2,2,0,
honest,honest,0.0,both_own,2,0,0,178,0.6223776223776224
honest,honest,0.0,both_own,2,0,1,108,0.3776223776223776
honest,honest,0.0,both_own,2,0,2,0,0.0
honest,honest,0.0,both_own,2,1,0,92,0.4816753926701571
honest,honest,0.0,both_own,2,1,1,99,0.518324607329843
honest,honest,0.0,both_own,2,1,2,0,0.0
honest,honest,0.0,both_own,2,2,0,0,
honest,honest,0.0,both_own,2,2,1,0,
honest,honest,0.0,both_own,2,2,2,0,
honest,honest,0.0,both_own,3,0,0,155,0.5740740740740741
honest,honest,0.0,both_own,3,0,1,115,0.42592592592592593
honest,honest,0.0,both_own,3,0,2,0,0.0
honest,honest,0.0,both_own,3,1,0,71,0.34299516908212563
honest,honest,0.0,both_own,3,1,1,136,0.6570048309178744
honest,honest,0.0,both_own,3,1,2,0,0.0
honest,honest,0.0,both_own,3,2,0,0,
honest,honest,0.0,both_own,3,2,1,0,
honest,honest,0.0,both_own,3,2,2,0,
honest,honest,0.0,both_own,4,0,0,151,0.668141592920354
honest,honest,0.0,both_own,4,0,1,75,0.33185840707964603
honest,honest,0.0,both_own,4,0,2,0,0.0
honest,honest,0.0,both_own,4,1,0,92,0.3665338645418327
honest,honest,0.0,both_own,4,1,1,159,0.6334661354581673
honest,honest,0.0,both_own,4,1,2,0,0.0
honest,honest,0.0,both_own,4,2,0,0,
honest,honest,0.0,both_own,4,2,1,0,
honest,honest,0.0,both_own,4,2,2,0,
honest,honest,0.0,both_own,5,0,0,142,0.5843621399176955
honest,honest,0.0,both_own,5,0,1,101,0.4156378600823045
honest,honest,0.0,both_own,5,0,2,0,0.0
honest,honest,0.0,both_own,5,1,0,95,0.405982905982906
honest,honest,0.0,both_own,5,1,1,139,0.594017094017094
honest,honest,0.0,both_own,5,1,2,0,0.0
honest,honest,0.0,both_own,5,2,0,0,
honest,honest,0.0,both_own,5,2,1,0,
honest,honest,0.0,both_own,5,2,2,0,
honest,honest,0.0,both_own,6,0,0,149,0.6286919831223629
honest,honest,0.0,both_own,6,0,1,88,0.37130801687763715
honest,honest,0.0,both_own,6,0,2,0,0.0
honest,honest,0.0,both_own,6,1,0,82,0.3416666666666667
honest,honest,0.0,both_own,6,1,1,158,0.6583333333333333
honest,honest,0.0,both_own,6,1,2,0,0.0
honest,honest,0.0,both_own,6,2,0,0,
honest,honest,0.0,both_own,6,2,1,0,
honest,honest,0.0,both_own,6,2,2,0,
honest,honest,0.0,both_own,7,0,0,143,0.6190476190476191
honest,honest,0.0,both_own,7,0,1,88,0.38095238095238093
honest,honest,0.0,both_own,7,0,2,0,0.0
honest,honest,0.0,both_own,7,1,0,70,0.2845528455284553
honest,honest,0.0,both_own,7,1,1,176,0.7154471544715447
honest,honest,0.0,both_own,7,1,2,0,0.0
honest,honest,0.0,both_own,7,2,0,0,
honest,honest,0.0,both_own,7,2,1,0,
honest,honest,0.0,both_own,7,2,2,0,
honest,honest,0.0,both_own,8,0,0,131,0.6150234741784038
honest,honest,0.0,both_own,8,0,1,82,0.38497652582159625
honest,honest,0.0,both_own,8,0,2,0,0.0
honest,honest,0.0,both_own,8,1,0,95,0.35984848484848486
honest,honest,0.0,both_own,8,1,1,169,0.6401515151515151
honest,honest,0.0,both_own,8,1,2,0,0.0
honest,honest,0.0,both_own,8,2,0,0,
honest,honest,0.0,both_own,8,2,1,0,
honest,honest,0.0,both_own,8,2,2,0,
honest,honest,0.0,both_own,9,0,0,135,0.5973451327433629
honest,honest,0.0,both_own,9,0,1,91,0.4026548672566372
honest,honest,0.0,both_own,9,0,2,0,0.0
honest,honest,0.0,both_own,9,1,0,76,0.30278884462151395
honest,honest,0.0,both_own,9,1,1,175,0.6972111553784861
honest,honest,0.0,both_own,9,1,2,0,0.0
honest,honest,0.0,both_own,9,2,0,0,
honest,honest,0.0,both_own,9,2,1,0,
honest,honest,0.0,both_own,9,2,2,0,
honest,honest,0.0,both_own,10,0,0,125,0.5924170616113744
honest,honest,0.0,both_own,10,0,1,86,0.4075829383886256
honest,honest,0.0,both_own,10,0,2,0,0.0
honest,honest,0.0,both_own,10,1,0,95,0.35714285714285715
honest,honest,0.0,both_own,10,1,1,171,0.6428571428571429
honest,honest,0.0,both_own,10,1,2,0,0.0
honest,honest,0.0,both_own,10,2,0,0,
honest,honest,0.0,both_own,10,2,1,0,
honest,honest,0.0,both_own,10,2,2,0,
honest,honest,0.0,both_own,11,0,0,123,0.5590909090909091
honest,honest,0.0,both_own,11,0,1,97,0.4409090909090909
honest,honest,0.0,both_own,11,0,2,0,0.0
honest,honest,0.0,both_own,11,1,0,66,0.25680933852140075
honest,honest,0.0,both_own,11,1,1,191,0.7431906614785992
honest,honest,0.0,both_own,11,1,2,0,0.0
honest,honest,0.0,both_own,11,2,0,0,
honest,honest,0.0,both_own,11,2,1,0,
honest,honest,0.0,both_own,11,2,2,0,
honest,honest,0.0,both_own,12,0,0,108,0.5714285714285714
honest,honest,0.0,both_own,12,0,1,81,0.42857142857142855
honest,honest,0.0,both_own,12,0,2,0,0.0
honest,honest,0.0,both_own,12,1,0,104,0.3611111111111111
honest,honest,0.0,both_own,12,1,1,184,0.6388888888888888
honest,honest,0.0,both_own,12,1,2,0,0.0
honest,honest,0.0,both_own,12,2,0,0,
honest,honest,0.0,both_own,12,2,1,0,
honest,honest,0.0,both_own,12,2,2,0,
honest,honest,0.0,both_own,13,0,0,110,0.5188679245283019
honest,honest,0.0,both_own,13,0,1,102,0.4811320754716981
honest,honest,0.0,both_own,13,0,2,0,0.0
honest,honest,0.0,both_own,13,1,0,80,0.3018867924528302
honest,honest,0.0,both_own,13,1,1,185,0.6981132075471698
honest,honest,0.0,both_own,13,1,2,0,0.0
honest,honest,0.0,both_own,13,2,0,0,
honest,honest,0.0,both_own,13,2,1,0,
honest,honest,0.0,both_own,13,2,2,0,
honest,honest,0.0,both_own,14,0,0,115,0.6052631578947368
honest,honest,0.0,both_own,14,0,1,75,0.39473684210526316
honest,honest,0.0,both_own,14,0,2,0,0.0
honest,honest,0.0,both_own,14,1,0,86,0.29965156794425085
honest,honest,0.0,both_own,14,1,1,200,0.6968641114982579
honest,honest,0.0,both_own,14,1,2,1,0.003484320557491289
honest,honest,0.0,both_own,14,2,0,0,
honest,honest,0.0,both_own,14,2,1,0,
honest,honest,0.0,both_own,14,2,2,0,
honest,honest,0.0,both_own,15,0,0,116,0.5771144278606966
honest,honest,0.0,both_own,15,0,1,85,0.4228855721393035
honest,honest,0.0,both_own,15,0,2,0,0.0
honest,honest,0.0,both_own,15,1,0,94,0.3418181818181818
honest,honest,0.0,both_own,15,1,1,181,0.6581818181818182
honest,honest,0.0,both_own,15,1,2,0,0.0
honest,honest,0.0,both_own,15,2,0,0,0.0
honest,honest,0.0,both_own,15,2,1,1,1.0
honest,honest,0.0,both_own,15,2,2,0,0.0
honest,honest,0.0,both_own,16,0,0,114,0.5428571428571428
honest,honest,0.0,both_own,16,0,1,96,0.45714285714285713
honest,honest,0.0,both_own,16,0,2,0,0.0
honest,honest,0.0,both_own,16,1,0,92,0.3445692883895131
honest,honest,0.0,both_own,16,1,1,175,0.6554307116104869
honest,honest,0.0,both_own,16,1,2,0,0.0
honest,honest,0.0,both_own,16,2,0,0,
honest,honest,0.0,both_own,16,2,1,0,
honest,honest,0.0,both_own,16,2,2,0,
honest,honest,0.0,both_own,17,0,0,117,0.5679611650485437
honest,honest,0.0,both_own,17,0,1,88,0.42718446601941745
honest,honest,0.0,both_own,17,0,2,1,0.0048543689320388345
honest,honest,0.0,both_own,17,1,0,109,0.4022140221402214
honest,honest,0.0,both_own,17,1,1,162,0.5977859778597786
honest,honest,0.0,both_own,17,1,2,0,0.0
honest,honest,0.0,both_own,17,2,0,0,
honest,honest,0.0,both_own,17,2,1,0,
honest,honest,0.0,both_own,17,2,2,0,
honest,honest,0.0,both_own,18,0,0,122,0.5398230088495575
honest,honest,0.0,both_own,18,0,1,104,0.46017699115044247
honest,honest,0.0,both_own,18,0,2,0,0.0
honest,honest,0.0,both_own,18,1,0,77,0.308
honest,honest,0.0,both_own,18,1,1,172,0.688
honest,honest,0.0,both_own,18,1,2,1,0.004
honest,honest,0.0,both_own,18,2,0,0,0.0
honest,honest,0.0,both_own,18,2,1,0,0.0
honest,honest,0.0,both_own,18,2,2,1,1.0
honest,honest,0.0,both_own,19,0,0,106,0.5326633165829145
honest,honest,0.0,both_own,19,0,1,93,0.46733668341708545
honest,honest,0.0,both_own,19,0,2,0,0.0
honest,honest,0.0,both_own,19,1,0,77,0.27898550724637683
honest,honest,0.0,both_own,19,1,1,199,0.7210144927536232
honest,honest,0.0,both_own,19,1,2,0,0.0
honest,honest,0.0,both_own,19,2,0,0,0.0
honest,honest,0.0,both_own,19,2,1,2,1.0
honest,honest,0.0,both_own,19,2,2,0,0.0
honest,honest,0.0,both_own,20,0,0,105,0.5737704918032787
honest,honest,0.0,both_own,20,0,1,78,0.4262295081967213
honest,honest,0.0,both_own,20,0,2,0,0.0
honest,honest,0.0,both_own,20,1,0,112,0.38095238095238093
honest,honest,0.0,both_own,20,1,1,181,0.6156462585034014
honest,honest,0.0,both_own,20,1,2,1,0.003401360544217687
honest,honest,0.0,both_own,20,2,0,0,
honest,honest,0.0,both_own,20,2,1,0,
honest,honest,0.0,both_own,20,2,2,0,
honest,honest,0.0,both_own,21,0,0,120,0.5529953917050692
honest,honest,0.0,both_own,21,0,1,97,0.4470046082949309
honest,honest,0.0,both_own,21,0,2,0,0.0
honest,honest,0.0,both_own,21,1,0,73,0.28185328185328185
honest,honest,0.0,both_own,21,1,1,186,0.7181467181467182
honest,honest,0.0,both_own,21,1,2,0,0.0
honest,honest,0.0,both_own,21,2,0,0,0.0
honest,honest,0.0,both_own,21,2,1,0,0.0
honest,honest,0.0,both_own,21,2,2,1,1.0
honest,honest,0.0,both_own,22,0,0,108,0.5595854922279793
honest,honest,0.0,both_own,22,0,1,85,0.44041450777202074
honest,honest,0.0,both_own,22,0,2,0,0.0
honest,honest,0.0,both_own,22,1,0,87,0.30742049469964666
honest,honest,0.0,both_own,22,1,1,196,0.6925795053003534
honest,honest,0.0,both_own,22,1,2,0,0.0
honest,honest,0.0,both_own,22,2,0,0,0.0
honest,honest,0.0,both_own,22,2,1,0,0.0
honest,honest,0.0,both_own,22,2,2,1,1.0
honest,honest,0.0,both_own,23,0,0,106,0.5435897435897435
honest,honest,0.0,both_own,23,0,1,89,0.4564102564102564
honest,honest,0.0,both_own,23,0,2,0,0.0
honest,honest,0.0,both_own,23,1,0,94,0.33451957295373663
honest,honest,0.0,both_own,23,1,1,187,0.6654804270462633
honest,honest,0.0,both_own,23,1,2,0,0.0
honest,honest,0.0,both_own,23,2,0,1,1.0
honest,honest,0.0,both_own,23,2,1,0,0.0
honest,honest,0.0,both_own,23,2,2,0,0.0
honest,honest,0.0,both_own,0,0,0,3009,0.5823495258370428
honest,honest,0.0,both_own,0,0,1,2157,0.4174569382620476
honest,honest,0.0,both_own,0,0,2,1,0.00019353590090961874
honest,honest,0.0,both_own,0,1,0,1975,0.3406934621355874
honest,honest,0.0,both_own,0,1,1,3819,0.6587890288080042
honest,honest,0.0,both_own,0,1,2,3,0.0005175090564084871
honest,honest,0.0,both_own,0,2,0,1,0.14285714285714285
honest,honest,0.0,both_own,0,2,1,3,0.42857142857142855
honest,honest,0.0,both_own,0,2,2,3,0.42857142857142855
honest,attenuated,0.0,all,1,0,0,362,0.6177474402730375
honest,attenuated,0.0,all,1,0,1,223,0.38054607508532423
honest,attenuated,0.0,all,1,0,2,1,0.0017064846416382253
honest,attenuated,0.0,all,1,1,0,61,0.04462326261887344
honest,attenuated,0.0,all,1,1,1,1302,0.9524506217995611
honest,attenuated,0.0,all,1,1,2,4,0.002926115581565472
honest,attenuated,0.0,all,1,2,0,8,0.1702127659574468
honest,attenuated,0.0,all,1,2,1,37,0.7872340425531915
honest,attenuated,0.0,all,1,2,2,2,0.0425531914893617
honest,attenuated,0.0,all,2,0,0,287,0.665893271461717
honest,attenuated,0.0,all,2,0,1,143,0.33178654292343385
honest,attenuated,0.0,all,2,0,2,1,0.002320185614849188
honest,attenuated,0.0,all,2,1,0,114,0.07298335467349552
honest,attenuated,0.0,all,2,1,1,1447,0.9263764404609475
honest,attenuated,0.0,all,2,1,2,1,0.0006402048655569782
honest,attenuated,0.0,all,2,2,0,2,0.2857142857142857
honest,attenuated,0.0,all,2,2,1,2,0.2857142857142857
honest,attenuated,0.0,all,2,2,2,3,0.42857142857142855
honest,attenuated,0.0,all,3,0,0,291,0.7220843672456576
honest,attenuated,0.0,all,3,0,1,112,0.27791563275434245
honest,attenuated,0.0,all,3,0,2,0,0.0
honest,attenuated,0.0,all,3,1,0,115,0.0722361809045226
honest,attenuated,0.0,all,3,1,1,1474,0.9258793969849246
honest,attenuated,0.0,all,3,1,2,3,0.0018844221105527637
honest,attenuated,0.0,all,3,2,0,2,0.4
honest,attenuated,0.0,all,3,2,1,2,0.4
honest,attenuated,0.0,all,3,2,2,1,0.2
honest,attenuated,0.0,all,4,0,0,291,0.7132352941176471
honest,attenuated,0.0,all,4,0,1,116,0.28431372549019607
honest,attenuated,0.0,all,4,0,2,1,0.0024509803921568627
honest,attenuated,0.0,all,4,1,0,123,0.07745591939546599
honest,attenuated,0.0,all,4,1,1,1465,0.922544080604534
honest,attenuated,0.0,all,4,1,2,0,0.0
honest,attenuated,0.0,all,4,2,0,1,0.25
honest,attenuated,0.0,all,4,2,1,2,0.5
honest,attenuated,0.0,all,4,2,2,1,0.25
honest,attenuated,0.0,all,5,0,0,282,0.6795180722891566
honest,attenuated,0.0,all,5,0,1,133,0.3204819277108434
honest,attenuated,0.0,all,5,0,2,0,0.0
honest,attenuated,0.0,all,5,1,0,113,0.07138344914718889
honest,attenuated,0.0,all,5,1,1,1467,0.9267214150347441
honest,attenuated,0.0,all,5,1,2,3,0.0018951358180669614
honest,attenuated,0.0,all,5,2,0,0,0.0
honest,attenuated,0.0,all,5,2,1,1,0.5
honest,attenuated,0.0,all,5,2,2,1,0.5
honest,attenuated,0.0,all,6,0,0,283,0.7164556962025317
honest,attenuated,0.0,all,6,0,1,111,0.2810126582278481
honest,attenuated,0.0,all,6,0,2,1,0.002531645569620253
honest,attenuated,0.0,all,6,1,0,114,0.0712054965646471
honest,attenuated,0.0,all,6,1,1,1485,0.9275452841973766
honest,attenuated,0.0,all,6,1,2,2,0.0012492192379762648
honest,attenuated,0.0,all,6,2,0,0,0.0
honest,attenuated,0.0,all,6,2,1,3,0.75
honest,attenuated,0.0,all,6,2,2,1,0.25
honest,attenuated,0.0,all,7,0,0,295,0.743073047858942
honest,attenuated,0.0,all,7,0,1,102,0.25692695214105793
honest,attenuated,0.0,all,7,0,2,0,0.0
honest,attenuated,0.0,all,7,1,0,106,0.06629143214509069
honest,attenuated,0.0,all,7,1,1,1489,0.9312070043777361
honest,attenuated,0.0,all,7,1,2,4,0.0025015634771732333
honest,attenuated,0.0,all,7,2,0,1,0.25
honest,attenuated,0.0,all,7,2,1,2,0.5
honest,attenuated,0.0,all,7,2,2,1,0.25
honest,attenuated,0.0,all,8,0,0,288,0.7164179104477612
honest,attenuated,0.0,all,8,0,1,113,0.2810945273631841
honest,attenuated,0.0,all,8,0,2,1,0.0024875621890547263
honest,attenuated,0.0,all,8,1,0,94,0.059008160703075956
honest,attenuated,0.0,all,8,1,1,1498,0.9403640929064658
honest,attenuated,0.0,all,8,1,2,1,0.0006277463904582549
honest,attenuated,0.0,all,8,2,0,1,0.2
honest,attenuated,0.0,all,8,2,1,2,0.4
honest,attenuated,0.0,all,8,2,2,2,0.4
honest,attenuated,0.0,all,9,0,0,276,0.720626631853786
honest,attenuated,0.0,all,9,0,1,106,0.27676240208877284
honest,attenuated,0.0,all,9,0,2,1,0.0026109660574412533
honest,attenuated,0.0,all,9,1,0,120,0.07439553626782393
honest,attenuated,0.0,all,9,1,1,1492,0.9249845009299442
honest,attenuated,0.0,all,9,1,2,1,0.0006199628022318661
honest,attenuated,0.0,all,9,2,0,0,0.0
honest,attenuated,0.0,all,9,2,1,1,0.25
honest,attenuated,0.0,all,9,2,2,3,0.75
honest,attenuated,0.0,all,10,0,0,276,0.696969696969697
honest,attenuated,0.0,all,10,0,1,120,0.30303030303030304
honest,attenuated,0.0,all,10,0,2,0,0.0
honest,attenuated,0.0,all,10,1,0,117,0.07317073170731707
honest,attenuated,0.0,all,10,1,1,1482,0.926829268292683
honest,attenuated,0.0,all,10,1,2,0,0.0
honest,attenuated,0.0,all,10,2,0,1,0.2
honest,attenuated,0.0,all,10,2,1,3,0.6
honest,attenuated,0.0,all,10,2,2,1,0.2
honest,attenuated,0.0,all,11,0,0,267,0.6776649746192893
honest,attenuated,0.0,all,11,0,1,126,0.3197969543147208
honest,attenuated,0.0,all,11,0,2,1,0.0025380710659898475
honest,attenuated,0.0,all,11,1,0,103,0.06417445482866044
honest,attenuated,0.0,all,11,1,1,1500,0.9345794392523364
honest,attenuated,0.0,all,11,1,2,2,0.0012461059190031153
honest,attenuated,0.0,all,11,2,0,0,0.0
honest,attenuated,0.0,all,11,2,1,1,1.0
honest,attenuated,0.0,all,11,2,2,0,0.0
honest,attenuated,0.0,all,12,0,0,254,0.6864864864864865
honest,attenuated,0.0,all,12,0,1,115,0.3108108108108108
honest,attenuated,0.0,all,12,0,2,1,0.002702702702702703
honest,attenuated,0.0,all,12,1,0,132,0.08113091579594345
honest,attenuated,0.0,all,12,1,1,1494,0.9182544560540873
honest,attenuated,0.0,all,12,1,2,1,0.0006146281499692685
honest,attenuated,0.0,all,12,2,0,0,0.0
honest,attenuated,0.0,all,12,2,1,3,1.0
honest,attenuated,0.0,all,12,2,2,0,0.0
honest,attenuated,0.0,all,13,0,0,261,0.6761658031088082
honest,attenuated,0.0,all,13,0,1,125,0.3238341968911917
honest,attenuated,0.0,all,13,0,2,0,0.0
honest,attenuated,0.0,all,13,1,0,100,0.062034739454094295
honest,attenuated,0.0,all,13,1,1,1511,0.9373449131513648
honest,attenuated,0.0,all,13,1,2,1,0.0006203473945409429
honest,attenuated,0.0,all,13,2,0,0,0.0
honest,attenuated,0.0,all,13,2,1,1,0.5
honest,attenuated,0.0,all,13,2,2,1,0.5
honest,attenuated,0.0,all,14,0,0,256,0.7091412742382271
honest,attenuated,0.0,all,14,0,1,105,0.29085872576177285
honest,attenuated,0.0,all,14,0,2,0,0.0
honest,attenuated,0.0,all,14,1,0,127,0.07758094074526573
honest,attenuated,0.0,all,14,1,1,1507,0.9205864386072083
honest,attenuated,0.0,all,14,1,2,3,0.0018326206475259622
honest,attenuated,0.0,all,14,2,0,0,0.0
honest,attenuated,0.0,all,14,2,1,1,0.5
honest,attenuated,0.0,all,14,2,2,1,0.5
honest,attenuated,0.0,all,15,0,0,253,0.660574412532637
honest,attenuated,0.0,all,15,0,1,129,0.3368146214099217
honest,attenuated,0.0,all,15,0,2,1,0.0026109660574412533
honest,attenuated,0.0,all,15,1,0,129,0.07997520148791072
honest,attenuated,0.0,all,15,1,1,1481,0.9181649101053937
honest,attenuated,0.0,all,15,1,2,3,0.0018598884066955983
honest,attenuated,0.0,all,15,2,0,0,0.0
honest,attenuated,0.0,all,15,2,1,2,0.5
honest,attenuated,0.0,all,15,2,2,2,0.5
honest,attenuated,0.0,all,16,0,0,248,0.6492146596858639
honest,attenuated,0.0,all,16,0,1,133,0.3481675392670157
honest,attenuated,0.0,all,16,0,2,1,0.002617801047120419
honest,attenuated,0.0,all,16,1,0,118,0.07320099255583126
honest,attenuated,0.0,all,16,1,1,1493,0.9261786600496278
honest,attenuated,0.0,all,16,1,2,1,0.0006203473945409429
honest,attenuated,0.0,all,16,2,0,1,0.16666666666666666
honest,attenuated,0.0,all,16,2,1,5,0.8333333333333334
honest,attenuated,0.0,all,16,2,2,0,0.0
honest,attenuated,0.0,all,17,0,0,258,0.7029972752043597
honest,attenuated,0.0,all,17,0,1,109,0.2970027247956403
honest,attenuated,0.0,all,17,0,2,0,0.0
honest,attenuated,0.0,all,17,1,0,131,0.08031882280809319
honest,attenuated,0.0,all,17,1,1,1498,0.9184549356223176
honest,attenuated,0.0,all,17,1,2,2,0.001226241569589209
honest,attenuated,0.0,all,17,2,0,1,0.5
honest,attenuated,0.0,all,17,2,1,1,0.5
honest,attenuated,0.0,all,17,2,2,0,0.0
honest,attenuated,0.0,all,18,0,0,253,0.6487179487179487
honest,attenuated,0.0,all,18,0,1,136,0.3487179487179487
honest,attenuated,0.0,all,18,0,2,1,0.002564102564102564
honest,attenuated,0.0,all,18,1,0,114,0.0708955223880597
honest,attenuated,0.0,all,18,1,1,1494,0.9291044776119403
honest,attenuated,0.0,all,18,1,2,0,0.0
honest,attenuated,0.0,all,18,2,0,0,0.0
honest,attenuated,0.0,all,18,2,1,2,1.0
honest,attenuated,0.0,all,18,2,2,0,0.0
honest,attenuated,0.0,all,19,0,0,250,0.6811989100817438
honest,attenuated,0.0,all,19,0,1,115,0.3133514986376022
honest,attenuated,0.0,all,19,0,2,2,0.005449591280653951
honest,attenuated,0.0,all,19,1,0,132,0.08088235294117647
honest,attenuated,0.0,all,19,1,1,1498,0.9178921568627451
honest,attenuated,0.0,all,19,1,2,2,0.0012254901960784314
honest,attenuated,0.0,all,19,2,0,1,1.0
honest,attenuated,0.0,all,19,2,1,0,0.0
honest,attenuated,0.0,all,19,2,2,0,0.0
honest,attenuated,0.0,all,20,0,0,257,0.6710182767624021
honest,attenuated,0.0,all,20,0,1,126,0.3289817232375979
honest,attenuated,0.0,all,20,0,2,0,0.0
honest,attenuated,0.0,all,20,1,0,123,0.07625542467451953
honest,attenuated,0.0,all,20,1,1,1490,0.9237445753254805
honest,attenuated,0.0,all,20,1,2,0,0.0
honest,attenuated,0.0,all,20,2,0,1,0.25
honest,attenuated,0.0,all,20,2,1,3,0.75
honest,attenuated,0.0,all,20,2,2,0,0.0
honest,attenuated,0.0,all,21,0,0,268,0.7034120734908137
honest,attenuated,0.0,all,21,0,1,113,0.29658792650918636
honest,attenuated,0.0,all,21,0,2,0,0.0
honest,attenuated,0.0,all,21,1,0,111,0.06856084002470661
honest,attenuated,0.0,all,21,1,1,1505,0.92958616429895
honest,attenuated,0.0,all,21,1,2,3,0.0018529956763434219
honest,attenuated,0.0,all,21,2,0,0,
honest,attenuated,0.0,all,21,2,1,0,
honest,attenuated,0.0,all,21,2,2,0,
honest,attenuated,0.0,all,22,0,0,260,0.6860158311345647
honest,attenuated,0.0,all,22,0,1,119,0.31398416886543534
honest,attenuated,0.0,all,22,0,2,0,0.0
honest,attenuated,0.0,all,22,1,0,123,0.07601977750309023
honest,attenuated,0.0,all,22,1,1,1494,0.92336217552534
honest,attenuated,0.0,all,22,1,2,1,0.0006180469715698393
honest,attenuated,0.0,all,22,2,0,0,0.0
honest,attenuated,0.0,all,22,2,1,2,0.6666666666666666
honest,attenuated,0.0,all,22,2,2,1,0.3333333333333333
honest,attenuated,0.0,all,23,0,0,255,0.6657963446475196
honest,attenuated,0.0,all,23,0,1,127,0.33159268929503916
honest,attenuated,0.0,all,23,0,2,1,0.0026109660574412533
honest,attenuated,0.0,all,23,1,0,121,0.07492260061919505
honest,attenuated,0.0,all,23,1,1,1491,0.923219814241486
honest,attenuated,0.0,all,23,1,2,3,0.0018575851393188853
honest,attenuated,0.0,all,23,2,0,1,0.5
honest,attenuated,0.0,all,23,2,1,1,0.5
honest,attenuated,0.0,all,23,2,2,0,0.0
honest,attenuated,0.0,all,0,0,0,6271,0.6859549332749946
honest,attenuated,0.0,all,0,0,1,2857,0.31251367315685846
honest,attenuated,0.0,all,0,0,2,14,0.0015313935681470138
honest,attenuated,0.0,all,0,1,0,2641,0.07188546231525082
honest,attenuated,0.0,all,0,1,1,34057,0.926998557391328
honest,attenuated,0.0,all,0,1,2,41,0.0011159802934211601
honest,attenuated,0.0,all,0,2,0,21,0.17647058823529413
honest,attenuated,0.0,all,0,2,1,77,0.6470588235294118
honest,attenuated,0.0,all,0,2,2,21,0.17647058823529413
honest,attenuated,0.0,both_own,1,0,0,356,0.7542372881355932
honest,attenuated,0.0,both_own,1,0,1,115,0.24364406779661016
honest,attenuated,0.0,both_own,1,0,2,1,0.00211864406779661
honest,attenuated,0.0,both_own,1,1,0,5,1.0
honest,attenuated,0.0,both_own,1,1,1,0,0.0
honest,attenuated,0.0,both_own,1,1,2,0,0.0
honest,attenuated,0.0,both_own,1,2,0,0,
honest,attenuated,0.0,both_own,1,2,1,0,
honest,attenuated,0.0,both_own,1,2,2,0,
honest,attenuated,0.0,both_own,2,0,0,282,0.7811634349030471
honest,attenuated,0.0,both_own,2,0,1,79,0.2188365650969529
honest,attenuated,0.0,both_own,2,0,2,0,0.0
honest,attenuated,0.0,both_own,2,1,0,61,0.5304347826086957
honest,attenuated,0.0,both_own,2,1,1,54,0.46956521739130436
honest,attenuated,0.0,both_own,2,1,2,0,0.0
honest,attenuated,0.0,both_own,2,2,0,1,1.0
honest,attenuated,0.0,both_own,2,2,1,0,0.0
honest,attenuated,0.0,both_own,2,2,2,0,0.0
honest,attenuated,0.0,both_own,3,0,0,284,0.8255813953488372
honest,attenuated,0.0,both_own,3,0,1,60,0.1744186046511628
honest,attenuated,0.0,both_own,3,0,2,0,0.0
honest,attenuated,0.0,both_own,3,1,0,52,0.39097744360902253
honest,attenuated,0.0,both_own,3,1,1,80,0.6015037593984962
honest,attenuated,0.0,both_own,3,1,2,1,0.007518796992481203
honest,attenuated,0.0,both_own,3,2,0,0,
honest,attenuated,0.0,both_own,3,2,1,0,
honest,attenuated,0.0,both_own,3,2,2,0,
honest,attenuated,0.0,both_own,4,0,0,283,0.8422619047619048
honest,attenuated,0.0,both_own,4,0,1,53,0.15773809523809523
honest,attenuated,0.0,both_own,4,0,2,0,0.0
honest,attenuated,0.0,both_own,4,1,0,53,0.37857142857142856
honest,attenuated,0.0,both_own,4,1,1,87,0.6214285714285714
honest,attenuated,0.0,both_own,4,1,2,0,0.0
honest,attenuated,0.0,both_own,4,2,0,1,1.0
honest,attenuated,0.0,both_own,4,2,1,0,0.0
honest,attenuated,0.0,both_own,4,2,2,0,0.0
honest,attenuated,0.0,both_own,5,0,0,276,0.8189910979228486
honest,attenuated,0.0,both_own,5,0,1,61,0.18100890207715134
honest,attenuated,0.0,both_own,5,0,2,0,0.0
honest,attenuated,0.0,both_own,5,1,0,50,0.35714285714285715
honest,attenuated,0.0,both_own,5,1,1,90,0.6428571428571429
honest,attenuated,0.0,both_own,5,1,2,0,0.0
honest,attenuated,0.0,both_own,5,2,0,0,
honest,attenuated,0.0,both_own,5,2,1,0,
honest,attenuated,0.0,both_own,5,2,2,0,
honest,attenuated,0.0,both_own,6,0,0,279,0.8558282208588958
honest,attenuated,0.0,both_own,6,0,1,47,0.1441717791411043
honest,attenuated,0.0,both_own,6,0,2,0,0.0
honest,attenuated,0.0,both_own,6,1,0,60,0.3973509933774834
honest,attenuated,0.0,both_own,6,1,1,91,0.6026490066225165
honest,attenuated,0.0,both_own,6,1,2,0,0.0
honest,attenuated,0.0,both_own,6,2,0,0,
honest,attenuated,0.0,both_own,6,2,1,0,
honest,attenuated,0.0,both_own,6,2,2,0,
honest,attenuated,0.0,both_own,7,0,0,290,0.855457227138643
honest,attenuated,0.0,both_own,7,0,1,49,0.14454277286135694
honest,attenuated,0.0,both_own,7,0,2,0,0.0
honest,attenuated,0.0,both_own,7,1,0,46,0.3333333333333333
honest,attenuated,0.0,both_own,7,1,1,92,0.6666666666666666
honest,attenuated,0.0,both_own,7,1,2,0,0.0
honest,attenuated,0.0,both_own,7,2,0,0,
honest,attenuated,0.0,both_own,7,2,1,0,
honest,attenuated,0.0,both_own,7,2,2,0,
honest,attenuated,0.0,both_own,8,0,0,283,0.8422619047619048
honest,attenuated,0.0,both_own,8,0,1,53,0.15773809523809523
honest,attenuated,0.0,both_own,8,0,2,0,0.0
honest,attenuated,0.0,both_own,8,1,0,38,0.2695035460992908
honest,attenuated,0.0,both_own,8,1,1,103,0.7304964539007093
honest,attenuated,0.0,both_own,8,1,2,0,0.0
honest,attenuated,0.0,both_own,8,2,0,0,
honest,attenuated,0.0,both_own,8,2,1,0,
honest,attenuated,0.0,both_own,8,2,2,0,
honest,attenuated,0.0,both_own,9,0,0,271,0.8442367601246106
honest,attenuated,0.0,both_own,9,0,1,50,0.1557632398753894
honest,attenuated,0.0,both_own,9,0,2,0,0.0
honest,attenuated,0.0,both_own,9,1,0,50,0.32051282051282054
honest,attenuated,0.0,both_own,9,1,1,105,0.6730769230769231
honest,attenuated,0.0,both_own,9,1,2,1,0.00641025641025641
honest,attenuated,0.0,both_own,9,2,0,0,
honest,attenuated,0.0,both_own,9,2,1,0,
honest,attenuated,0.0,both_own,9,2,2,0,
honest,attenuated,0.0,both_own,10,0,0,266,0.8286604361370716
honest,attenuated,0.0,both_own,10,0,1,55,0.17133956386292834
honest,attenuated,0.0,both_own,10,0,2,0,0.0
honest,attenuated,0.0,both_own,10,1,0,62,0.4
honest,attenuated,0.0,both_own,10,1,1,93,0.6
honest,attenuated,0.0,both_own,10,1,2,0,0.0
honest,attenuated,0.0,both_own,10,2,0,1,1.0
honest,attenuated,0.0,both_own,10,2,1,0,0.0
honest,attenuated,0.0,both_own,10,2,2,0,0.0
honest,attenuated,0.0,both_own,11,0,0,264,0.8024316109422492
honest,attenuated,0.0,both_own,11,0,1,64,0.1945288753799392
honest,attenuated,0.0,both_own,11,0,2,1,0.00303951367781155
honest,attenuated,0.0,both_own,11,1,0,40,0.2702702702702703
honest,attenuated,0.0,both_own,11,1,1,108,0.7297297297297297
honest,attenuated,0.0,both_own,11,1,2,0,0.0
honest,attenuated,0.0,both_own,11,2,0,0,
honest,attenuated,0.0,both_own,11,2,1,0,
honest,attenuated,0.0,both_own,11,2,2,0,
honest,attenuated,0.0,both_own,12,0,0,251,0.8256578947368421
honest,attenuated,0.0,both_own,12,0,1,53,0.17434210526315788
honest,attenuated,0.0,both_own,12,0,2,0,0.0
honest,attenuated,0.0,both_own,12,1,0,58,0.3372093023255814
honest,attenuated,0.0,both_own,12,1,1,114,0.6627906976744186
honest,attenuated,0.0,both_own,12,1,2,0,0.0
honest,attenuated,0.0,both_own,12,2,0,0,0.0
honest,attenuated,0.0,both_own,12,2,1,1,1.0
honest,attenuated,0.0,both_own,12,2,2,0,0.0
honest,attenuated,0.0,both_own,13,0,0,255,0.8252427184466019
honest,attenuated,0.0,both_own,13,0,1,54,0.17475728155339806
honest,attenuated,0.0,both_own,13,0,2,0,0.0
honest,attenuated,0.0,both_own,13,1,0,41,0.24404761904761904
honest,attenuated,0.0,both_own,13,1,1,127,0.7559523809523809
honest,attenuated,0.0,both_own,13,1,2,0,0.0
honest,attenuated,0.0,both_own,13,2,0,0,
honest,attenuated,0.0,both_own,13,2,1,0,
honest,attenuated,0.0,both_own,13,2,2,0,
honest,attenuated,0.0,both_own,14,0,0,251,0.847972972972973
honest,attenuated,0.0,both_own,14,0,1,45,0.15202702702702703
honest,attenuated,0.0,both_own,14,0,2,0,0.0
honest,attenuated,0.0,both_own,14,1,0,57,0.3149171270718232
honest,attenuated,0.0,both_own,14,1,1,124,0.6850828729281768
honest,attenuated,0.0,both_own,14,1,2,0,0.0
honest,attenuated,0.0,both_own,14,2,0,0,
honest,attenuated,0.0,both_own,14,2,1,0,
honest,attenuated,0.0,both_own,14,2,2,0,
honest,attenuated,0.0,both_own,15,0,0,250,0.8116883116883117
honest,attenuated,0.0,both_own,15,0,1,57,0.18506493506493507
honest,attenuated,0.0,both_own,15,0,2,1,0.003246753246753247
honest,attenuated,0.0,both_own,15,1,0,56,0.33136094674556216
honest,attenuated,0.0,both_own,15,1,1,113,0.6686390532544378
honest,attenuated,0.0,both_own,15,1,2,0,0.0
honest,attenuated,0.0,both_own,15,2,0,0,
honest,attenuated,0.0,both_own,15,2,1,0,
honest,attenuated,0.0,both_own,15,2,2,0,
honest,attenuated,0.0,both_own,16,0,0,241,0.7875816993464052
honest,attenuated,0.0,both_own,16,0,1,64,0.20915032679738563
honest,attenuated,0.0,both_own,16,0,2,1,0.0032679738562091504
honest,attenuated,0.0,both_own,16,1,0,60,0.35294117647058826
honest,attenuated,0.0,both_own,16,1,1,110,0.6470588235294118
honest,attenuated,0.0,both_own,16,1,2,0,0.0
honest,attenuated,0.0,both_own,16,2,0,0,0.0
honest,attenuated,0.0,both_own,16,2,1,1,1.0
honest,attenuated,0.0,both_own,16,2,2,0,0.0
honest,attenuated,0.0,both_own,17,0,0,246,0.8172757475083057
honest,attenuated,0.0,both_own,17,0,1,55,0.18272425249169436
honest,attenuated,0.0,both_own,17,0,2,0,0.0
honest,attenuated,0.0,both_own,17,1,0,65,0.37142857142857144
honest,attenuated,0.0,both_own,17,1,1,110,0.6285714285714286
honest,attenuated,0.0,both_own,17,1,2,0,0.0
honest,attenuated,0.0,both_own,17,2,0,1,1.0
honest,attenuated,0.0,both_own,17,2,1,0,0.0
honest,attenuated,0.0,both_own,17,2,2,0,0.0
honest,attenuated,0.0,both_own,18,0,0,245,0.7852564102564102
honest,attenuated,0.0,both_own,18,0,1,66,0.21153846153846154
honest,attenuated,0.0,both_own,18,0,2,1,0.003205128205128205
honest,attenuated,0.0,both_own,18,1,0,52,0.3151515151515151
honest,attenuated,0.0,both_own,18,1,1,113,0.6848484848484848
honest,attenuated,0.0,both_own,18,1,2,0,0.0
honest,attenuated,0.0,both_own,18,2,0,0,
honest,attenuated,0.0,both_own,18,2,1,0,
honest,attenuated,0.0,both_own,18,2,2,0,
honest,attenuated,0.0,both_own,19,0,0,242,0.8148148148148148
honest,attenuated,0.0,both_own,19,0,1,53,0.17845117845117844
honest,attenuated,0.0,both_own,19,0,2,2,0.006734006734006734
honest,attenuated,0.0,both_own,19,1,0,59,0.329608938547486
honest,attenuated,0.0,both_own,19,1,1,119,0.664804469273743
honest,attenuated,0.0,both_own,19,1,2,1,0.00558659217877095
honest,attenuated,0.0,both_own,19,2,0,1,1.0
honest,attenuated,0.0,both_own,19,2,1,0,0.0
honest,attenuated,0.0,both_own,19,2,2,0,0.0
honest,attenuated,0.0,both_own,20,0,0,249,0.8245033112582781
honest,attenuated,0.0,both_own,20,0,1,53,0.17549668874172186
honest,attenuated,0.0,both_own,20,0,2,0,0.0
honest,attenuated,0.0,both_own,20,1,0,70,0.4069767441860465
honest,attenuated,0.0,both_own,20,1,1,102,0.5930232558139535
honest,attenuated,0.0,both_own,20,1,2,0,0.0
honest,attenuated,0.0,both_own,20,2,0,0,0.0
honest,attenuated,0.0,both_own,20,2,1,3,1.0
honest,attenuated,0.0,both_own,20,2,2,0,0.0
honest,attenuated,0.0,both_own,21,0,0,260,0.8150470219435737
honest,attenuated,0.0,both_own,21,0,1,59,0.18495297805642633
honest,attenuated,0.0,both_own,21,0,2,0,0.0
honest,attenuated,0.0,both_own,21,1,0,50,0.31645569620253167
honest,attenuated,0.0,both_own,21,1,1,107,0.6772151898734177
honest,attenuated,0.0,both_own,21,1,2,1,0.006329113924050633
honest,attenuated,0.0,both_own,21,2,0,0,
honest,attenuated,0.0,both_own,21,2,1,0,
honest,attenuated,0.0,both_own,21,2,2,0,
honest,attenuated,0.0,both_own,22,0,0,254,0.8193548387096774
honest,attenuated,0.0,both_own,22,0,1,56,0.18064516129032257
honest,attenuated,0.0,both_own,22,0,2,0,0.0
honest,attenuated,0.0,both_own,22,1,0,53,0.3192771084337349
honest,attenuated,0.0,both_own,22,1,1,113,0.6807228915662651
honest,attenuated,0.0,both_own,22,1,2,0,0.0
honest,attenuated,0.0,both_own,22,2,0,0,0.0
honest,attenuated,0.0,both_own,22,2,1,1,1.0
honest,attenuated,0.0,both_own,22,2,2,0,0.0
honest,attenuated,0.0,both_own,23,0,0,246,0.8013029315960912
honest,attenuated,0.0,both_own,23,0,1,60,0.19543973941368079
honest,attenuated,0.0,both_own,23,0,2,1,0.003257328990228013
honest,attenuated,0.0,both_own,23,1,0,49,0.28823529411764703
honest,attenuated,0.0,both_own,23,1,1,121,0.711764705882353
honest,attenuated,0.0,both_own,23,1,2,0,0.0
honest,attenuated,0.0,both_own,23,2,0,0,
honest,attenuated,0.0,both_own,23,2,1,0,
honest,attenuated,0.0,both_own,23,2,2,0,
honest,attenuated,0.0,both_own,0,0,0,6124,0.8172961430668624
honest,attenuated,0.0,both_own,0,0,1,1361,0.18163619378086213
honest,attenuated,0.0,both_own,0,0,2,8,0.0010676631522754572
honest,attenuated,0.0,both_own,0,1,0,1187,0.3423709258725123
honest,attenuated,0.0,both_own,0,1,1,2276,0.6564753389097202
honest,attenuated,0.0,both_own,0,1,2,4,0.0011537352177675222
honest,attenuated,0.0,both_own,0,2,0,5,0.45454545454545453
honest,attenuated,0.0,both_own,0,2,1,6,0.5454545454545454
honest,attenuated,0.0,both_own,0,2,2,0,0.0
honest,costly,0.0,all,1,0,0,1066,0.8514376996805112
honest,costly,0.0,all,1,0,1,186,0.1485623003194888
honest,costly,0.0,all,1,0,2,0,0.0
honest,costly,0.0,all,1,1,0,56,0.0748663101604278
honest,costly,0.0,all,1,1,1,692,0.9251336898395722
honest,costly,0.0,all,1,1,2,0,0.0
honest,costly,0.0,all,1,2,0,0,
honest,costly,0.0,all,1,2,1,0,
honest,costly,0.0,all,1,2,2,0,
honest,costly,0.0,all,2,0,0,1027,0.9153297682709447
honest,costly,0.0,all,2,0,1,95,0.08467023172905526
honest,costly,0.0,all,2,0,2,0,0.0
honest,costly,0.0,all,2,1,0,89,0.10136674259681093
honest,costly,0.0,all,2,1,1,789,0.8986332574031891
honest,costly,0.0,all,2,1,2,0,0.0
honest,costly,0.0,all,2,2,0,0,
honest,costly,0.0,all,2,2,1,0,
honest,costly,0.0,all,2,2,2,0,
honest,costly,0.0,all,3,0,0,1033,0.9256272401433692
honest,costly,0.0,all,3,0,1,83,0.07437275985663082
honest,costly,0.0,all,3,0,2,0,0.0
honest,costly,0.0,all,3,1,0,80,0.09049773755656108
honest,costly,0.0,all,3,1,1,804,0.9095022624434389
honest,costly,0.0,all,3,1,2,0,0.0
honest,costly,0.0,all,3,2,0,0,
honest,costly,0.0,all,3,2,1,0,
honest,costly,0.0,all,3,2,2,0,
honest,costly,0.0,all,4,0,0,1045,0.9389038634321654
honest,costly,0.0,all,4,0,1,68,0.061096136567834684
honest,costly,0.0,all,4,0,2,0,0.0
honest,costly,0.0,all,4,1,0,74,0.0834272829763247
honest,costly,0.0,all,4,1,1,813,0.9165727170236753
honest,costly,0.0,all,4,1,2,0,0.0
honest,costly,0.0,all,4,2,0,0,
honest,costly,0.0,all,4,2,1,0,
honest,costly,0.0,all,4,2,2,0,
honest,costly,0.0,all,5,0,0,1037,0.9267202859696158
honest,costly,0.0,all,5,0,1,82,0.07327971403038427
honest,costly,0.0,all,5,0,2,0,0.0
honest,costly,0.0,all,5,1,0,64,0.07264472190692395
honest,costly,0.0,all,5,1,1,817,0.927355278093076
honest,costly,0.0,all,5,1,2,0,0.0
honest,costly,0.0,all,5,2,0,0,
honest,costly,0.0,all,5,2,1,0,
honest,costly,0.0,all,5,2,2,0,
honest,costly,0.0,all,6,0,0,1032,0.9373297002724795
honest,costly,0.0,all,6,0,1,69,0.06267029972752043
honest,costly,0.0,all,6,0,2,0,0.0
honest,costly,0.0,all,6,1,0,72,0.08008898776418243
honest,costly,0.0,all,6,1,1,827,0.9199110122358176
honest,costly,0.0,all,6,1,2,0,0.0
honest,costly,0.0,all,6,2,0,0,
honest,costly,0.0,all,6,2,1,0,
honest,costly,0.0,all,6,2,2,0,
honest,costly,0.0,all,7,0,0,1029,0.9320652173913043
honest,costly,0.0,all,7,0,1,75,0.06793478260869565
honest,costly,0.0,all,7,0,2,0,0.0
honest,costly,0.0,all,7,1,0,74,0.08258928571428571
honest,costly,0.0,all,7,1,1,822,0.9174107142857143
honest,costly,0.0,all,7,1,2,0,0.0
honest,costly,0.0,all,7,2,0,0,
honest,costly,0.0,all,7,2,1,0,
honest,costly,0.0,all,7,2,2,0,
honest,costly,0.0,all,8,0,0,1038,0.9410698096101541
honest,costly,0.0,all,8,0,1,65,0.05893019038984588
honest,costly,0.0,all,8,0,2,0,0.0
honest,costly,0.0,all,8,1,0,67,0.07469342251950947
honest,costly,0.0,all,8,1,1,830,0.9253065774804905
honest,costly,0.0,all,8,1,2,0,0.0
honest,costly,0.0,all,8,2,0,0,
honest,costly,0.0,all,8,2,1,0,
honest,costly,0.0,all,8,2,2,0,
honest,costly,0.0,all,9,0,0,1030,0.9321266968325792
honest,costly,0.0,all,9,0,1,75,0.06787330316742081
honest,costly,0.0,all,9,0,2,0,0.0
honest,costly,0.0,all,9,1,0,61,0.06815642458100558
honest,costly,0.0,all,9,1,1,834,0.9318435754189944
honest,costly,0.0,all,9,1,2,0,0.0
honest,costly,0.0,all,9,2,0,0,
honest,costly,0.0,all,9,2,1,0,
honest,costly,0.0,all,9,2,2,0,
honest,costly,0.0,all,10,0,0,1012,0.9275893675527039
honest,costly,0.0,all,10,0,1,79,0.07241063244729606
honest,costly,0.0,all,10,0,2,0,0.0
honest,costly,0.0,all,10,1,0,78,0.0858085808580858
honest,costly,0.0,all,10,1,1,831,0.9141914191419142
honest,costly,0.0,all,10,1,2,0,0.0
honest,costly,0.0,all,10,2,0,0,
honest,costly,0.0,all,10,2,1,0,
honest,costly,0.0,all,10,2,2,0,
honest,costly,0.0,all,11,0,0,1023,0.9385321100917431
honest,costly,0.0,all,11,0,1,67,0.061467889908256884
honest,costly,0.0,all,11,0,2,0,0.0
honest,costly,0.0,all,11,1,0,69,0.07582417582417582
honest,costly,0.0,all,11,1,1,841,0.9241758241758242
honest,costly,0.0,all,11,1,2,0,0.0
honest,costly,0.0,all,11,2,0,0,
honest,costly,0.0,all,11,2,1,0,
honest,costly,0.0,all,11,2,2,0,
honest,costly,0.0,all,12,0,0,1025,0.9386446886446886
honest,costly,0.0,all,12,0,1,67,0.06135531135531135
honest,costly,0.0,all,12,0,2,0,0.0
honest,costly,0.0,all,12,1,0,75,0.08259911894273128
honest,costly,0.0,all,12,1,1,833,0.9174008810572687
honest,costly,0.0,all,12,1,2,0,0.0
honest,costly,0.0,all,12,2,0,0,
honest,costly,0.0,all,12,2,1,0,
honest,costly,0.0,all,12,2,2,0,
honest,costly,0.0,all,13,0,0,1029,0.9354545454545454
honest,costly,0.0,all,13,0,1,71,0.06454545454545454
honest,costly,0.0,all,13,0,2,0,0.0
honest,costly,0.0,all,13,1,0,63,0.07
honest,costly,0.0,all,13,1,1,837,0.93
honest,costly,0.0,all,13,1,2,0,0.0
honest,costly,0.0,all,13,2,0,0,
honest,costly,0.0,all,13,2,1,0,
honest,costly,0.0,all,13,2,2,0,
honest,costly,0.0,all,14,0,0,1023,0.9368131868131868
honest,costly,0.0,all,14,0,1,69,0.06318681318681318
honest,costly,0.0,all,14,0,2,0,0.0
honest,costly,0.0,all,14,1,0,68,0.07488986784140969
honest,costly,0.0,all,14,1,1,840,0.9251101321585903
honest,costly,0.0,all,14,1,2,0,0.0
honest,costly,0.0,all,14,2,0,0,
honest,costly,0.0,all,14,2,1,0,
honest,costly,0.0,all,14,2,2,0,
honest,costly,0.0,all,15,0,0,1004,0.9202566452795601
honest,costly,0.0,all,15,0,1,87,0.07974335472043996
honest,costly,0.0,all,15,0,2,0,0.0
honest,costly,0.0,all,15,1,0,79,0.08690869086908691
honest,costly,0.0,all,15,1,1,830,0.9130913091309131
honest,costly,0.0,all,15,1,2,0,0.0
honest,costly,0.0,all,15,2,0,0,
honest,costly,0.0,all,15,2,1,0,
honest,costly,0.0,all,15,2,2,0,
honest,costly,0.0,all,16,0,0,1003,0.9261311172668514
honest,costly,0.0,all,16,0,1,80,0.07386888273314866
honest,costly,0.0,all,16,0,2,0,0.0
honest,costly,0.0,all,16,1,0,85,0.09269356597600872
honest,costly,0.0,all,16,1,1,832,0.9073064340239912
honest,costly,0.0,all,16,1,2,0,0.0
honest,costly,0.0,all,16,2,0,0,
honest,costly,0.0,all,16,2,1,0,
honest,costly,0.0,all,16,2,2,0,
honest,costly,0.0,all,17,0,0,1024,0.9411764705882353
honest,costly,0.0,all,17,0,1,64,0.058823529411764705
honest,costly,0.0,all,17,0,2,0,0.0
honest,costly,0.0,all,17,1,0,86,0.09429824561403509
honest,costly,0.0,all,17,1,1,826,0.9057017543859649
honest,costly,0.0,all,17,1,2,0,0.0
honest,costly,0.0,all,17,2,0,0,
honest,costly,0.0,all,17,2,1,0,
honest,costly,0.0,all,17,2,2,0,
honest,costly,0.0,all,18,0,0,1041,0.9378378378378378
honest,costly,0.0,all,18,0,1,69,0.062162162162162166
honest,costly,0.0,all,18,0,2,0,0.0
honest,costly,0.0,all,18,1,0,62,0.0696629213483146
honest,costly,0.0,all,18,1,1,828,0.9303370786516854
honest,costly,0.0,all,18,1,2,0,0.0
honest,costly,0.0,all,18,2,0,0,
honest,costly,0.0,all,18,2,1,0,
honest,costly,0.0,all,18,2,2,0,
honest,costly,0.0,all,19,0,0,1036,0.9392565729827742
honest,costly,0.0,all,19,0,1,67,0.06074342701722575
honest,costly,0.0,all,19,0,2,0,0.0
honest,costly,0.0,all,19,1,0,63,0.07023411371237458
honest,costly,0.0,all,19,1,1,834,0.9297658862876255
honest,costly,0.0,all,19,1,2,0,0.0
honest,costly,0.0,all,19,2,0,0,
honest,costly,0.0,all,19,2,1,0,
honest,costly,0.0,all,19,2,2,0,
honest,costly,0.0,all,20,0,0,1024,0.9317561419472248
honest,costly,0.0,all,20,0,1,75,0.06824385805277525
honest,costly,0.0,all,20,0,2,0,0.0
honest,costly,0.0,all,20,1,0,81,0.08990011098779134
honest,costly,0.0,all,20,1,1,820,0.9100998890122086
honest,costly,0.0,all,20,1,2,0,0.0
honest,costly,0.0,all,20,2,0,0,
honest,costly,0.0,all,20,2,1,0,
honest,costly,0.0,all,20,2,2,0,
honest,costly,0.0,all,21,0,0,1028,0.930316742081448
honest,costly,0.0,all,21,0,1,77,0.06968325791855204
honest,costly,0.0,all,21,0,2,0,0.0
honest,costly,0.0,all,21,1,0,59,0.0659217877094972
honest,costly,0.0,all,21,1,1,836,0.9340782122905028
honest,costly,0.0,all,21,1,2,0,0.0
honest,costly,0.0,all,21,2,0,0,
honest,costly,0.0,all,21,2,1,0,
honest,costly,0.0,all,21,2,2,0,
honest,costly,0.0,all,22,0,0,1022,0.9402023919043239
honest,costly,0.0,all,22,0,1,65,0.05979760809567617
honest,costly,0.0,all,22,0,2,0,0.0
honest,costly,0.0,all,22,1,0,78,0.08543263964950712
honest,costly,0.0,all,22,1,1,835,0.9145673603504929
honest,costly,0.0,all,22,1,2,0,0.0
honest,costly,0.0,all,22,2,0,0,
honest,costly,0.0,all,22,2,1,0,
honest,costly,0.0,all,22,2,2,0,
honest,costly,0.0,all,23,0,0,1021,0.9281818181818182
honest,costly,0.0,all,23,0,1,79,0.07181818181818182
honest,costly,0.0,all,23,0,2,0,0.0
honest,costly,0.0,all,23,1,0,74,0.08222222222222222
honest,costly,0.0,all,23,1,1,826,0.9177777777777778
honest,costly,0.0,all,23,1,2,0,0.0
honest,costly,0.0,all,23,2,0,0,
honest,costly,0.0,all,23,2,1,0,
honest,costly,0.0,all,23,2,2,0,
honest,costly,0.0,all,0,0,0,23652,0.9287677687897589
honest,costly,0.0,all,0,0,1,1814,0.07123223121024111
honest,costly,0.0,all,0,0,2,0,0.0
honest,costly,0.0,all,0,1,0,1657,0.08069543196649459
honest,costly,0.0,all,0,1,1,18877,0.9193045680335054
honest,costly,0.0,all,0,1,2,0,0.0
honest,costly,0.0,all,0,2,0,0,
honest,costly,0.0,all,0,2,1,0,
honest,costly,0.0,all,0,2,2,0,
honest,costly,0.0,both_own,1,0,0,388,0.8151260504201681
honest,costly,0.0,both_own,1,0,1,88,0.18487394957983194
honest,costly,0.0,both_own,1,0,2,0,0.0
honest,costly,0.0,both_own,1,1,0,1,1.0
honest,costly,0.0,both_own,1,1,1,0,0.0
honest,costly,0.0,both_own,1,1,2,0,0.0
honest,costly,0.0,both_own,1,2,0,0,
honest,costly,0.0,both_own,1,2,1,0,
honest,costly,0.0,both_own,1,2,2,0,
honest,costly,0.0,both_own,2,0,0,328,0.8431876606683805
honest,costly,0.0,both_own,2,0,1,61,0.15681233933161953
honest,costly,0.0,both_own,2,0,2,0,0.0
honest,costly,0.0,both_own,2,1,0,42,0.4772727272727273
honest,costly,0.0,both_own,2,1,1,46,0.5227272727272727
honest,costly,0.0,both_own,2,1,2,0,0.0
honest,costly,0.0,both_own,2,2,0,0,
honest,costly,0.0,both_own,2,2,1,0,
honest,costly,0.0,both_own,2,2,2,0,
honest,costly,0.0,both_own,3,0,0,323,0.8729729729729729
honest,costly,0.0,both_own,3,0,1,47,0.12702702702702703
honest,costly,0.0,both_own,3,0,2,0,0.0
honest,costly,0.0,both_own,3,1,0,35,0.32710280373831774
honest,costly,0.0,both_own,3,1,1,72,0.6728971962616822
honest,costly,0.0,both_own,3,1,2,0,0.0
honest,costly,0.0,both_own,3,2,0,0,
honest,costly,0.0,both_own,3,2,1,0,
honest,costly,0.0,both_own,3,2,2,0,
honest,costly,0.0,both_own,4,0,0,322,0.8994413407821229
honest,costly,0.0,both_own,4,0,1,36,0.1005586592178771
honest,costly,0.0,both_own,4,0,2,0,0.0
honest,costly,0.0,both_own,4,1,0,42,0.35294117647058826
honest,costly,0.0,both_own,4,1,1,77,0.6470588235294118
honest,costly,0.0,both_own,4,1,2,0,0.0
honest,costly,0.0,both_own,4,2,0,0,
honest,costly,0.0,both_own,4,2,1,0,
honest,costly,0.0,both_own,4,2,2,0,
honest,costly,0.0,both_own,5,0,0,319,0.8763736263736264
honest,costly,0.0,both_own,5,0,1,45,0.12362637362637363
honest,costly,0.0,both_own,5,0,2,0,0.0
honest,costly,0.0,both_own,5,1,0,35,0.30973451327433627
honest,costly,0.0,both_own,5,1,1,78,0.6902654867256637
honest,costly,0.0,both_own,5,1,2,0,0.0
honest,costly,0.0,both_own,5,2,0,0,
honest,costly,0.0,both_own,5,2,1,0,
honest,costly,0.0,both_own,5,2,2,0,
honest,costly,0.0,both_own,6,0,0,320,0.903954802259887
honest,costly,0.0,both_own,6,0,1,34,0.096045197740113
honest,costly,0.0,both_own,6,0,2,0,0.0
honest,costly,0.0,both_own,6,1,0,38,0.3089430894308943
honest,costly,0.0,both_own,6,1,1,85,0.6910569105691057
honest,costly,0.0,both_own,6,1,2,0,0.0
honest,costly,0.0,both_own,6,2,0,0,
honest,costly,0.0,both_own,6,2,1,0,
honest,costly,0.0,both_own,6,2,2,0,
honest,costly,0.0,both_own,7,0,0,320,0.8938547486033519
honest,costly,0.0,both_own,7,0,1,38,0.10614525139664804
honest,costly,0.0,both_own,7,0,2,0,0.0
honest,costly,0.0,both_own,7,1,0,34,0.2857142857142857
honest,costly,0.0,both_own,7,1,1,85,0.7142857142857143
honest,costly,0.0,both_own,7,1,2,0,0.0
honest,costly,0.0,both_own,7,2,0,0,
honest,costly,0.0,both_own,7,2,1,0,
honest,costly,0.0,both_own,7,2,2,0,
honest,costly,0.0,both_own,8,0,0,319,0.9011299435028248
honest,costly,0.0,both_own,8,0,1,35,0.09887005649717515
honest,costly,0.0,both_own,8,0,2,0,0.0
honest,costly,0.0,both_own,8,1,0,31,0.25203252032520324
honest,costly,0.0,both_own,8,1,1,92,0.7479674796747967
honest,costly,0.0,both_own,8,1,2,0,0.0
honest,costly,0.0,both_own,8,2,0,0,
honest,costly,0.0,both_own,8,2,1,0,
honest,costly,0.0,both_own,8,2,2,0,
honest,costly,0.0,both_own,9,0,0,317,0.9057142857142857
honest,costly,0.0,both_own,9,0,1,33,0.09428571428571429
honest,costly,0.0,both_own,9,0,2,0,0.0
honest,costly,0.0,both_own,9,1,0,34,0.2677165354330709
honest,costly,0.0,both_own,9,1,1,93,0.7322834645669292
honest,costly,0.0,both_own,9,1,2,0,0.0
honest,costly,0.0,both_own,9,2,0,0,
honest,costly,0.0,both_own,9,2,1,0,
honest,costly,0.0,both_own,9,2,2,0,
honest,costly,0.0,both_own,10,0,0,311,0.886039886039886
honest,costly,0.0,both_own,10,0,1,40,0.11396011396011396
honest,costly,0.0,both_own,10,0,2,0,0.0
honest,costly,0.0,both_own,10,1,0,39,0.30952380952380953
honest,costly,0.0,both_own,10,1,1,87,0.6904761904761905
honest,costly,0.0,both_own,10,1,2,0,0.0
honest,costly,0.0,both_own,10,2,0,0,
honest,costly,0.0,both_own,10,2,1,0,
honest,costly,0.0,both_own,10,2,2,0,
honest,costly,0.0,both_own,11,0,0,304,0.8685714285714285
honest,costly,0.0,both_own,11,0,1,46,0.13142857142857142
honest,costly,0.0,both_own,11,0,2,0,0.0
honest,costly,0.0,both_own,11,1,0,34,0.2677165354330709
honest,costly,0.0,both_own,11,1,1,93,0.7322834645669292
honest,costly,0.0,both_own,11,1,2,0,0.0
honest,costly,0.0,both_own,11,2,0,0,
honest,costly,0.0,both_own,11,2,1,0,
honest,costly,0.0,both_own,11,2,2,0,
honest,costly,0.0,both_own,12,0,0,299,0.8846153846153846
honest,costly,0.0,both_own,12,0,1,39,0.11538461538461539
honest,costly,0.0,both_own,12,0,2,0,0.0
honest,costly,0.0,both_own,12,1,0,42,0.302158273381295
honest,costly,0.0,both_own,12,1,1,97,0.697841726618705
honest,costly,0.0,both_own,12,1,2,0,0.0
honest,costly,0.0,both_own,12,2,0,0,
honest,costly,0.0,both_own,12,2,1,0,
honest,costly,0.0,both_own,12,2,2,0,
honest,costly,0.0,both_own,13,0,0,304,0.8914956011730205
honest,costly,0.0,both_own,13,0,1,37,0.10850439882697947
honest,costly,0.0,both_own,13,0,2,0,0.0
honest,costly,0.0,both_own,13,1,0,31,0.22794117647058823
honest,costly,0.0,both_own,13,1,1,105,0.7720588235294118
honest,costly,0.0,both_own,13,1,2,0,0.0
honest,costly,0.0,both_own,13,2,0,0,
honest,costly,0.0,both_own,13,2,1,0,
honest,costly,0.0,both_own,13,2,2,0,
honest,costly,0.0,both_own,14,0,0,303,0.9044776119402985
honest,costly,0.0,both_own,14,0,1,32,0.0955223880597015
honest,costly,0.0,both_own,14,0,2,0,0.0
honest,costly,0.0,both_own,14,1,0,38,0.2676056338028169
honest,costly,0.0,both_own,14,1,1,104,0.7323943661971831
honest,costly,0.0,both_own,14,1,2,0,0.0
honest,costly,0.0,both_own,14,2,0,0,
honest,costly,0.0,both_own,14,2,1,0,
honest,costly,0.0,both_own,14,2,2,0,
honest,costly,0.0,both_own,15,0,0,300,0.8797653958944281
honest,costly,0.0,both_own,15,0,1,41,0.12023460410557185
honest,costly,0.0,both_own,15,0,2,0,0.0
honest,costly,0.0,both_own,15,1,0,45,0.33088235294117646
honest,costly,0.0,both_own,15,1,1,91,0.6691176470588235
honest,costly,0.0,both_own,15,1,2,0,0.0
honest,costly,0.0,both_own,15,2,0,0,
honest,costly,0.0,both_own,15,2,1,0,
honest,costly,0.0,both_own,15,2,2,0,
honest,costly,0.0,both_own,16,0,0,298,0.863768115942029
honest,costly,0.0,both_own,16,0,1,47,0.13623188405797101
honest,costly,0.0,both_own,16,0,2,0,0.0
honest,costly,0.0,both_own,16,1,0,43,0.32575757575757575
honest,costly,0.0,both_own,16,1,1,89,0.6742424242424242
honest,costly,0.0,both_own,16,1,2,0,0.0
honest,costly,0.0,both_own,16,2,0,0,
honest,costly,0.0,both_own,16,2,1,0,
honest,costly,0.0,both_own,16,2,2,0,
honest,costly,0.0,both_own,17,0,0,302,0.8856304985337243
honest,costly,0.0,both_own,17,0,1,39,0.11436950146627566
honest,costly,0.0,both_own,17,0,2,0,0.0
honest,costly,0.0,both_own,17,1,0,48,0.35294117647058826
honest,costly,0.0,both_own,17,1,1,88,0.6470588235294118
honest,costly,0.0,both_own,17,1,2,0,0.0
honest,costly,0.0,both_own,17,2,0,0,
honest,costly,0.0,both_own,17,2,1,0,
honest,costly,0.0,both_own,17,2,2,0,
honest,costly,0.0,both_own,18,0,0,311,0.8885714285714286
honest,costly,0.0,both_own,18,0,1,39,0.11142857142857143
honest,costly,0.0,both_own,18,0,2,0,0.0
honest,costly,0.0,both_own,18,1,0,33,0.25984251968503935
honest,costly,0.0,both_own,18,1,1,94,0.7401574803149606
honest,costly,0.0,both_own,18,1,2,0,0.0
honest,costly,0.0,both_own,18,2,0,0,
honest,costly,0.0,both_own,18,2,1,0,
honest,costly,0.0,both_own,18,2,2,0,
honest,costly,0.0,both_own,19,0,0,307,0.8924418604651163
honest,costly,0.0,both_own,19,0,1,37,0.10755813953488372
honest,costly,0.0,both_own,19,0,2,0,0.0
honest,costly,0.0,both_own,19,1,0,34,0.2556390977443609
honest,costly,0.0,both_own,19,1,1,99,0.7443609022556391
honest,costly,0.0,both_own,19,1,2,0,0.0
honest,costly,0.0,both_own,19,2,0,0,
honest,costly,0.0,both_own,19,2,1,0,
honest,costly,0.0,both_own,19,2,2,0,
honest,costly,0.0,both_own,20,0,0,306,0.8973607038123167
honest,costly,0.0,both_own,20,0,1,35,0.10263929618768329
honest,costly,0.0,both_own,20,0,2,0,0.0
honest,costly,0.0,both_own,20,1,0,48,0.35294117647058826
honest,costly,0.0,both_own,20,1,1,88,0.6470588235294118
honest,costly,0.0,both_own,20,1,2,0,0.0
honest,costly,0.0,both_own,20,2,0,0,
honest,costly,0.0,both_own,20,2,1,0,
honest,costly,0.0,both_own,20,2,2,0,
honest,costly,0.0,both_own,21,0,0,310,0.8757062146892656
honest,costly,0.0,both_own,21,0,1,44,0.12429378531073447
honest,costly,0.0,both_own,21,0,2,0,0.0
honest,costly,0.0,both_own,21,1,0,31,0.25203252032520324
honest,costly,0.0,both_own,21,1,1,92,0.7479674796747967
honest,costly,0.0,both_own,21,1,2,0,0.0
honest,costly,0.0,both_own,21,2,0,0,
honest,costly,0.0,both_own,21,2,1,0,
honest,costly,0.0,both_own,21,2,2,0,
honest,costly,0.0,both_own,22,0,0,307,0.9002932551319648
honest,costly,0.0,both_own,22,0,1,34,0.09970674486803519
honest,costly,0.0,both_own,22,0,2,0,0.0
honest,costly,0.0,both_own,22,1,0,43,0.3161764705882353
honest,costly,0.0,both_own,22,1,1,93,0.6838235294117647
honest,costly,0.0,both_own,22,1,2,0,0.0
honest,costly,0.0,both_own,22,2,0,0,
honest,costly,0.0,both_own,22,2,1,0,
honest,costly,0.0,both_own,22,2,2,0,
honest,costly,0.0,both_own,23,0,0,308,0.88
honest,costly,0.0,both_own,23,0,1,42,0.12
honest,costly,0.0,both_own,23,0,2,0,0.0
honest,costly,0.0,both_own,23,1,0,33,0.25984251968503935
honest,costly,0.0,both_own,23,1,1,94,0.7401574803149606
honest,costly,0.0,both_own,23,1,2,0,0.0
honest,costly,0.0,both_own,23,2,0,0,
honest,costly,0.0,both_own,23,2,1,0,
honest,costly,0.0,both_own,23,2,2,0,
honest,costly,0.0,both_own,0,0,0,7226,0.8817571690054912
honest,costly,0.0,both_own,0,0,1,969,0.11824283099450884
honest,costly,0.0,both_own,0,0,2,0,0.0
honest,costly,0.0,both_own,0,1,0,834,0.3004322766570605
honest,costly,0.0,both_own,0,1,1,1942,0.6995677233429395
honest,costly,0.0,both_own,0,1,2,0,0.0
honest,costly,0.0,both_own,0,2,0,0,
honest,costly,0.0,both_own,0,2,1,0,
honest,costly,0.0,both_own,0,2,2,0,
honest,mixed,0.0,all,1,0,0,648,0.659877800407332
honest,mixed,0.0,all,1,0,1,334,0.34012219959266804
honest,mixed,0.0,all,1,0,2,0,0.0
honest,mixed,0.0,all,1,1,0,184,0.18199802176063304
honest,mixed,0.0,all,1,1,1,827,0.8180019782393669
honest,mixed,0.0,all,1,1,2,0,0.0
honest,mixed,0.0,all,1,2,0,5,0.7142857142857143
honest,mixed,0.0,all,1,2,1,2,0.2857142857142857
honest,mixed,0.0,all,1,2,2,0,0.0
honest,mixed,0.0,all,2,0,0,595,0.7108721624850657
honest,mixed,0.0,all,2,0,1,242,0.2891278375149343
honest,mixed,0.0,all,2,0,2,0,0.0
honest,mixed,0.0,all,2,1,0,241,0.20722269991401548
honest,mixed,0.0,all,2,1,1,921,0.7919174548581256
honest,mixed,0.0,all,2,1,2,1,0.0008598452278589854
honest,mixed,0.0,all,2,2,0,0,
honest,mixed,0.0,all,2,2,1,0,
honest,mixed,0.0,all,2,2,2,0,
honest,mixed,0.0,all,3,0,0,587,0.7021531100478469
honest,mixed,0.0,all,3,0,1,249,0.29784688995215314
honest,mixed,0.0,all,3,0,2,0,0.0
honest,mixed,0.0,all,3,1,0,235,0.20206362854686155
honest,mixed,0.0,all,3,1,1,928,0.7979363714531384
honest,mixed,0.0,all,3,1,2,0,0.0
honest,mixed,0.0,all,3,2,0,0,0.0
honest,mixed,0.0,all,3,2,1,1,1.0
honest,mixed,0.0,all,3,2,2,0,0.0
honest,mixed,0.0,all,4,0,0,580,0.7055961070559611
honest,mixed,0.0,all,4,0,1,242,0.2944038929440389
honest,mixed,0.0,all,4,0,2,0,0.0
honest,mixed,0.0,all,4,1,0,236,0.200339558573854
honest,mixed,0.0,all,4,1,1,942,0.799660441426146
honest,mixed,0.0,all,4,1,2,0,0.0
honest,mixed,0.0,all,4,2,0,0,
honest,mixed,0.0,all,4,2,1,0,
honest,mixed,0.0,all,4,2,2,0,
honest,mixed,0.0,all,5,0,0,568,0.696078431372549
honest,mixed,0.0,all,5,0,1,248,0.30392156862745096
honest,mixed,0.0,all,5,0,2,0,0.0
honest,mixed,0.0,all,5,1,0,243,0.20523648648648649
honest,mixed,0.0,all,5,1,1,941,0.7947635135135135
honest,mixed,0.0,all,5,1,2,0,0.0
honest,mixed,0.0,all,5,2,0,0,
honest,mixed,0.0,all,5,2,1,0,
honest,mixed,0.0,all,5,2,2,0,
honest,mixed,0.0,all,6,0,0,564,0.6954377311960542
honest,mixed,0.0,all,6,0,1,247,0.30456226880394577
honest,mixed,0.0,all,6,0,2,0,0.0
honest,mixed,0.0,all,6,1,0,240,0.20185029436501262
honest,mixed,0.0,all,6,1,1,949,0.7981497056349874
honest,mixed,0.0,all,6,1,2,0,0.0
honest,mixed,0.0,all,6,2,0,0,
honest,mixed,0.0,all,6,2,1,0,
honest,mixed,0.0,all,6,2,2,0,
honest,mixed,0.0,all,7,0,0,572,0.7114427860696517
honest,mixed,0.0,all,7,0,1,232,0.2885572139303483
honest,mixed,0.0,all,7,0,2,0,0.0
honest,mixed,0.0,all,7,1,0,218,0.18227424749163879
honest,mixed,0.0,all,7,1,1,978,0.8177257525083612
honest,mixed,0.0,all,7,1,2,0,0.0
honest,mixed,0.0,all,7,2,0,0,
honest,mixed,0.0,all,7,2,1,0,
honest,mixed,0.0,all,7,2,2,0,
honest,mixed,0.0,all,8,0,0,551,0.6974683544303798
honest,mixed,0.0,all,8,0,1,239,0.30253164556962026
honest,mixed,0.0,all,8,0,2,0,0.0
honest,mixed,0.0,all,8,1,0,234,0.1933884297520661
honest,mixed,0.0,all,8,1,1,976,0.8066115702479338
honest,mixed,0.0,all,8,1,2,0,0.0
honest,mixed,0.0,all,8,2,0,0,
honest,mixed,0.0,all,8,2,1,0,
honest,mixed,0.0,all,8,2,2,0,
honest,mixed,0.0,all,9,0,0,558,0.710828025477707
honest,mixed,0.0,all,9,0,1,227,0.289171974522293
honest,mixed,0.0,all,9,0,2,0,0.0
honest,mixed,0.0,all,9,1,0,243,0.2
honest,mixed,0.0,all,9,1,1,972,0.8
honest,mixed,0.0,all,9,1,2,0,0.0
honest,mixed,0.0,all,9,2,0,0,
honest,mixed,0.0,all,9,2,1,0,
honest,mixed,0.0,all,9,2,2,0,
honest,mixed,0.0,all,10,0,0,560,0.6991260923845194
honest,mixed,0.0,all,10,0,1,241,0.30087390761548066
honest,mixed,0.0,all,10,0,2,0,0.0
honest,mixed,0.0,all,10,1,0,234,0.195162635529608
honest,mixed,0.0,all,10,1,1,965,0.804837364470392
honest,mixed,0.0,all,10,1,2,0,0.0
honest,mixed,0.0,all,10,2,0,0,
honest,mixed,0.0,all,10,2,1,0,
honest,mixed,0.0,all,10,2,2,0,
honest,mixed,0.0,all,11,0,0,556,0.7002518891687658
honest,mixed,0.0,all,11,0,1,238,0.29974811083123426
honest,mixed,0.0,all,11,0,2,0,0.0
honest,mixed,0.0,all,11,1,0,219,0.18159203980099503
honest,mixed,0.0,all,11,1,1,987,0.818407960199005
honest,mixed,0.0,all,11,1,2,0,0.0
honest,mixed,0.0,all,11,2,0,0,
honest,mixed,0.0,all,11,2,1,0,
honest,mixed,0.0,all,11,2,2,0,
honest,mixed,0.0,all,12,0,0,551,0.7109677419354838
honest,mixed,0.0,all,12,0,1,224,0.28903225806451616
honest,mixed,0.0,all,12,0,2,0,0.0
honest,mixed,0.0,all,12,1,0,247,0.2016326530612245
honest,mixed,0.0,all,12,1,1,978,0.7983673469387755
honest,mixed,0.0,all,12,1,2,0,0.0
honest,mixed,0.0,all,12,2,0,0,
honest,mixed,0.0,all,12,2,1,0,
honest,mixed,0.0,all,12,2,2,0,
honest,mixed,0.0,all,13,0,0,562,0.7042606516290727
honest,mixed,0.0,all,13,0,1,236,0.2957393483709273
honest,mixed,0.0,all,13,0,2,0,0.0
honest,mixed,0.0,all,13,1,0,221,0.18386023294509152
honest,mixed,0.0,all,13,1,1,981,0.8161397670549085
honest,mixed,0.0,all,13,1,2,0,0.0
honest,mixed,0.0,all,13,2,0,0,
honest,mixed,0.0,all,13,2,1,0,
honest,mixed,0.0,all,13,2,2,0,
honest,mixed,0.0,all,14,0,0,547,0.698595146871009
honest,mixed,0.0,all,14,0,1,236,0.30140485312899107
honest,mixed,0.0,all,14,0,2,0,0.0
honest,mixed,0.0,all,14,1,0,247,0.2029580936729663
honest,mixed,0.0,all,14,1,1,970,0.7970419063270336
honest,mixed,0.0,all,14,1,2,0,0.0
honest,mixed,0.0,all,14,2,0,0,
honest,mixed,0.0,all,14,2,1,0,
honest,mixed,0.0,all,14,2,2,0,
honest,mixed,0.0,all,15,0,0,554,0.6977329974811083
honest,mixed,0.0,all,15,0,1,240,0.3022670025188917
honest,mixed,0.0,all,15,0,2,0,0.0
honest,mixed,0.0,all,15,1,0,244,0.2023217247097844
honest,mixed,0.0,all,15,1,1,962,0.7976782752902156
honest,mixed,0.0,all,15,1,2,0,0.0
honest,mixed,0.0,all,15,2,0,0,
honest,mixed,0.0,all,15,2,1,0,
honest,mixed,0.0,all,15,2,2,0,
honest,mixed,0.0,all,16,0,0,550,0.6892230576441103
honest,mixed,0.0,all,16,0,1,248,0.3107769423558897
honest,mixed,0.0,all,16,0,2,0,0.0
honest,mixed,0.0,all,16,1,0,244,0.20299500831946754
honest,mixed,0.0,all,16,1,1,958,0.7970049916805324
honest,mixed,0.0,all,16,1,2,0,0.0
honest,mixed,0.0,all,16,2,0,0,
honest,mixed,0.0,all,16,2,1,0,
honest,mixed,0.0,all,16,2,2,0,
honest,mixed,0.0,all,17,0,0,557,0.7015113350125944
honest,mixed,0.0,all,17,0,1,237,0.29848866498740556
honest,mixed,0.0,all,17,0,2,0,0.0
honest,mixed,0.0,all,17,1,0,246,0.20398009950248755
honest,mixed,0.0,all,17,1,1,960,0.7960199004975125
honest,mixed,0.0,all,17,1,2,0,0.0
honest,mixed,0.0,all,17,2,0,0,
honest,mixed,0.0,all,17,2,1,0,
honest,mixed,0.0,all,17,2,2,0,
honest,mixed,0.0,all,18,0,0,548,0.6824408468244084
honest,mixed,0.0,all,18,0,1,255,0.3175591531755915
honest,mixed,0.0,all,18,0,2,0,0.0
honest,mixed,0.0,all,18,1,0,243,0.20300751879699247
honest,mixed,0.0,all,18,1,1,954,0.7969924812030075
honest,mixed,0.0,all,18,1,2,0,0.0
honest,mixed,0.0,all,18,2,0,0,
honest,mixed,0.0,all,18,2,1,0,
honest,mixed,0.0,all,18,2,2,0,
honest,mixed,0.0,all,19,0,0,548,0.6927939317319848
honest,mixed,0.0,all,19,0,1,243,0.30720606826801516
honest,mixed,0.0,all,19,0,2,0,0.0
honest,mixed,0.0,all,19,1,0,242,0.2001654259718776
honest,mixed,0.0,all,19,1,1,967,0.7998345740281224
honest,mixed,0.0,all,19,1,2,0,0.0
honest,mixed,0.0,all,19,2,0,0,
honest,mixed,0.0,all,19,2,1,0,
honest,mixed,0.0,all,19,2,2,0,
honest,mixed,0.0,all,20,0,0,550,0.6962025316455697
honest,mixed,0.0,all,20,0,1,240,0.3037974683544304
honest,mixed,0.0,all,20,0,2,0,0.0
honest,mixed,0.0,all,20,1,0,269,0.22231404958677686
honest,mixed,0.0,all,20,1,1,941,0.7776859504132232
honest,mixed,0.0,all,20,1,2,0,0.0
honest,mixed,0.0,all,20,2,0,0,
honest,mixed,0.0,all,20,2,1,0,
honest,mixed,0.0,all,20,2,2,0,
honest,mixed,0.0,all,21,0,0,571,0.6971916971916972
honest,mixed,0.0,all,21,0,1,248,0.3028083028083028
honest,mixed,0.0,all,21,0,2,0,0.0
honest,mixed,0.0,all,21,1,0,227,0.1922099915325995
honest,mixed,0.0,all,21,1,1,954,0.8077900084674005
honest,mixed,0.0,all,21,1,2,0,0.0
honest,mixed,0.0,all,21,2,0,0,
honest,mixed,0.0,all,21,2,1,0,
honest,mixed,0.0,all,21,2,2,0,
honest,mixed,0.0,all,22,0,0,564,0.706766917293233
honest,mixed,0.0,all,22,0,1,234,0.2932330827067669
honest,mixed,0.0,all,22,0,2,0,0.0
honest,mixed,0.0,all,22,1,0,251,0.20881863560732114
honest,mixed,0.0,all,22,1,1,951,0.7911813643926788
honest,mixed,0.0,all,22,1,2,0,0.0
honest,mixed,0.0,all,22,2,0,0,
honest,mixed,0.0,all,22,2,1,0,
honest,mixed,0.0,all,22,2,2,0,
honest,mixed,0.0,all,23,0,0,559,0.6858895705521473
honest,mixed,0.0,all,23,0,1,256,0.3141104294478528
honest,mixed,0.0,all,23,0,2,0,0.0
honest,mixed,0.0,all,23,1,0,232,0.19578059071729959
honest,mixed,0.0,all,23,1,1,953,0.8042194092827004
honest,mixed,0.0,all,23,1,2,0,0.0
honest,mixed,0.0,all,23,2,0,0,
honest,mixed,0.0,all,23,2,1,0,
honest,mixed,0.0,all,23,2,2,0,
honest,mixed,0.0,all,0,0,0,13000,0.6975745868212063
honest,mixed,0.0,all,0,0,1,5636,0.30242541317879373
honest,mixed,0.0,all,0,0,2,0,0.0
honest,mixed,0.0,all,0,1,0,5440,0.19885948238046497
honest,mixed,0.0,all,0,1,1,21915,0.8011039625676268
honest,mixed,0.0,all,0,1,2,1,3.655505190817371e-05
honest,mixed,0.0,all,0,2,0,5,0.625
honest,mixed,0.0,all,0,2,1,3,0.375
honest,mixed,0.0,all,0,2,2,0,0.0
honest,mixed,0.0,both_own,1,0,0,374,0.7857142857142857
honest,mixed,0.0,both_own,1,0,1,102,0.21428571428571427
honest,mixed,0.0,both_own,1,0,2,0,0.0
honest,mixed,0.0,both_own,1,1,0,1,1.0
honest,mixed,0.0,both_own,1,1,1,0,0.0
honest,mixed,0.0,both_own,1,1,2,0,0.0
honest,mixed,0.0,both_own,1,2,0,0,
honest,mixed,0.0,both_own,1,2,1,0,
honest,mixed,0.0,both_own,1,2,2,0,
honest,mixed,0.0,both_own,2,0,0,304,0.8106666666666666
honest,mixed,0.0,both_own,2,0,1,71,0.18933333333333333
honest,mixed,0.0,both_own,2,0,2,0,0.0
honest,mixed,0.0,both_own,2,1,0,51,0.5
honest,mixed,0.0,both_own,2,1,1,51,0.5
honest,mixed,0.0,both_own,2,1,2,0,0.0
honest,mixed,0.0,both_own,2,2,0,0,
honest,mixed,0.0,both_own,2,2,1,0,
honest,mixed,0.0,both_own,2,2,2,0,
honest,mixed,0.0,both_own,3,0,0,301,0.847887323943662
honest,mixed,0.0,both_own,3,0,1,54,0.15211267605633802
honest,mixed,0.0,both_own,3,0,2,0,0.0
honest,mixed,0.0,both_own,3,1,0,45,0.36885245901639346
honest,mixed,0.0,both_own,3,1,1,77,0.6311475409836066
honest,mixed,0.0,both_own,3,1,2,0,0.0
honest,mixed,0.0,both_own,3,2,0,0,
honest,mixed,0.0,both_own,3,2,1,0,
honest,mixed,0.0,both_own,3,2,2,0,
honest,mixed,0.0,both_own,4,0,0,302,0.8728323699421965
honest,mixed,0.0,both_own,4,0,1,44,0.12716763005780346
honest,mixed,0.0,both_own,4,0,2,0,0.0
honest,mixed,0.0,both_own,4,1,0,47,0.35877862595419846
honest,mixed,0.0,both_own,4,1,1,84,0.6412213740458015
honest,mixed,0.0,both_own,4,1,2,0,0.0
honest,mixed,0.0,both_own,4,2,0,0,
honest,mixed,0.0,both_own,4,2,1,0,
honest,mixed,0.0,both_own,4,2,2,0,
honest,mixed,0.0,both_own,5,0,0,296,0.8481375358166189
honest,mixed,0.0,both_own,5,0,1,53,0.1518624641833811
honest,mixed,0.0,both_own,5,0,2,0,0.0
honest,mixed,0.0,both_own,5,1,0,42,0.328125
honest,mixed,0.0,both_own,5,1,1,86,0.671875
honest,mixed,0.0,both_own,5,1,2,0,0.0
honest,mixed,0.0,both_own,5,2,0,0,
honest,mixed,0.0,both_own,5,2,1,0,
honest,mixed,0.0,both_own,5,2,2,0,
honest,mixed,0.0,both_own,6,0,0,300,0.8875739644970414
honest,mixed,0.0,both_own,6,0,1,38,0.11242603550295859
honest,mixed,0.0,both_own,6,0,2,0,0.0
honest,mixed,0.0,both_own,6,1,0,51,0.3669064748201439
honest,mixed,0.0,both_own,6,1,1,88,0.6330935251798561
honest,mixed,0.0,both_own,6,1,2,0,0.0
honest,mixed,0.0,both_own,6,2,0,0,
honest,mixed,0.0,both_own,6,2,1,0,
honest,mixed,0.0,both_own,6,2,2,0,
honest,mixed,0.0,both_own,7,0,0,304,0.8660968660968661
honest,mixed,0.0,both_own,7,0,1,47,0.1339031339031339
honest,mixed,0.0,both_own,7,0,2,0,0.0
honest,mixed,0.0,both_own,7,1,0,36,0.2857142857142857
honest,mixed,0.0,both_own,7,1,1,90,0.7142857142857143
honest,mixed,0.0,both_own,7,1,2,0,0.0
honest,mixed,0.0,both_own,7,2,0,0,
honest,mixed,0.0,both_own,7,2,1,0,
honest,mixed,0.0,both_own,7,2,2,0,
honest,mixed,0.0,both_own,8,0,0,294,0.8647058823529412
honest,mixed,0.0,both_own,8,0,1,46,0.13529411764705881
honest,mixed,0.0,both_own,8,0,2,0,0.0
honest,mixed,0.0,both_own,8,1,0,36,0.26277372262773724
honest,mixed,0.0,both_own,8,1,1,101,0.7372262773722628
honest,mixed,0.0,both_own,8,1,2,0,0.0
honest,mixed,0.0,both_own,8,2,0,0,
honest,mixed,0.0,both_own,8,2,1,0,
honest,mixed,0.0,both_own,8,2,2,0,
honest,mixed,0.0,both_own,9,0,0,284,0.8606060606060606
honest,mixed,0.0,both_own,9,0,1,46,0.1393939393939394
honest,mixed,0.0,both_own,9,0,2,0,0.0
honest,mixed,0.0,both_own,9,1,0,45,0.30612244897959184
honest,mixed,0.0,both_own,9,1,1,102,0.6938775510204082
honest,mixed,0.0,both_own,9,1,2,0,0.0
honest,mixed,0.0,both_own,9,2,0,0,
honest,mixed,0.0,both_own,9,2,1,0,
honest,mixed,0.0,both_own,9,2,2,0,
honest,mixed,0.0,both_own,10,0,0,279,0.8480243161094225
honest,mixed,0.0,both_own,10,0,1,50,0.1519756838905775
honest,mixed,0.0,both_own,10,0,2,0,0.0
honest,mixed,0.0,both_own,10,1,0,54,0.36486486486486486
honest,mixed,0.0,both_own,10,1,1,94,0.6351351351351351
honest,mixed,0.0,both_own,10,1,2,0,0.0
honest,mixed,0.0,both_own,10,2,0,0,
honest,mixed,0.0,both_own,10,2,1,0,
honest,mixed,0.0,both_own,10,2,2,0,
honest,mixed,0.0,both_own,11,0,0,273,0.8198198198198198
honest,mixed,0.0,both_own,11,0,1,60,0.18018018018018017
honest,mixed,0.0,both_own,11,0,2,0,0.0
honest,mixed,0.0,both_own,11,1,0,39,0.2708333333333333
honest,mixed,0.0,both_own,11,1,1,105,0.7291666666666666
honest,mixed,0.0,both_own,11,1,2,0,0.0
honest,mixed,0.0,both_own,11,2,0,0,
honest,mixed,0.0,both_own,11,2,1,0,
honest,mixed,0.0,both_own,11,2,2,0,
honest,mixed,0.0,both_own,12,0,0,262,0.8397435897435898
honest,mixed,0.0,both_own,12,0,1,50,0.16025641025641027
honest,mixed,0.0,both_own,12,0,2,0,0.0
honest,mixed,0.0,both_own,12,1,0,55,0.3333333333333333
honest,mixed,0.0,both_own,12,1,1,110,0.6666666666666666
honest,mixed,0.0,both_own,12,1,2,0,0.0
honest,mixed,0.0,both_own,12,2,0,0,
honest,mixed,0.0,both_own,12,2,1,0,
honest,mixed,0.0,both_own,12,2,2,0,
honest,mixed,0.0,both_own,13,0,0,273,0.861198738170347
honest,mixed,0.0,both_own,13,0,1,44,0.138801261829653
honest,mixed,0.0,both_own,13,0,2,0,0.0
honest,mixed,0.0,both_own,13,1,0,37,0.23125
honest,mixed,0.0,both_own,13,1,1,123,0.76875
honest,mixed,0.0,both_own,13,1,2,0,0.0
honest,mixed,0.0,both_own,13,2,0,0,
honest,mixed,0.0,both_own,13,2,1,0,
honest,mixed,0.0,both_own,13,2,2,0,
honest,mixed,0.0,both_own,14,0,0,272,0.8774193548387097
honest,mixed,0.0,both_own,14,0,1,38,0.12258064516129032
honest,mixed,0.0,both_own,14,0,2,0,0.0
honest,mixed,0.0,both_own,14,1,0,51,0.30538922155688625
honest,mixed,0.0,both_own,14,1,1,116,0.6946107784431138
honest,mixed,0.0,both_own,14,1,2,0,0.0
honest,mixed,0.0,both_own,14,2,0,0,
honest,mixed,0.0,both_own,14,2,1,0,
honest,mixed,0.0,both_own,14,2,2,0,
honest,mixed,0.0,both_own,15,0,0,268,0.8297213622291022
honest,mixed,0.0,both_own,15,0,1,55,0.17027863777089783
honest,mixed,0.0,both_own,15,0,2,0,0.0
honest,mixed,0.0,both_own,15,1,0,52,0.33766233766233766
honest,mixed,0.0,both_own,15,1,1,102,0.6623376623376623
honest,mixed,0.0,both_own,15,1,2,0,0.0
honest,mixed,0.0,both_own,15,2,0,0,
honest,mixed,0.0,both_own,15,2,1,0,
honest,mixed,0.0,both_own,15,2,2,0,
honest,mixed,0.0,both_own,16,0,0,264,0.825
honest,mixed,0.0,both_own,16,0,1,56,0.175
honest,mixed,0.0,both_own,16,0,2,0,0.0
honest,mixed,0.0,both_own,16,1,0,53,0.3375796178343949
honest,mixed,0.0,both_own,16,1,1,104,0.6624203821656051
honest,mixed,0.0,both_own,16,1,2,0,0.0
honest,mixed,0.0,both_own,16,2,0,0,
honest,mixed,0.0,both_own,16,2,1,0,
honest,mixed,0.0,both_own,16,2,2,0,
honest,mixed,0.0,both_own,17,0,0,263,0.8296529968454258
honest,mixed,0.0,both_own,17,0,1,54,0.17034700315457413
honest,mixed,0.0,both_own,17,0,2,0,0.0
honest,mixed,0.0,both_own,17,1,0,59,0.36875
honest,mixed,0.0,both_own,17,1,1,101,0.63125
honest,mixed,0.0,both_own,17,1,2,0,0.0
honest,mixed,0.0,both_own,17,2,0,0,
honest,mixed,0.0,both_own,17,2,1,0,
honest,mixed,0.0,both_own,17,2,2,0,
honest,mixed,0.0,both_own,18,0,0,268,0.8322981366459627
honest,mixed,0.0,both_own,18,0,1,54,0.16770186335403728
honest,mixed,0.0,both_own,18,0,2,0,0.0
honest,mixed,0.0,both_own,18,1,0,50,0.3225806451612903
honest,mixed,0.0,both_own,18,1,1,105,0.6774193548387096
honest,mixed,0.0,both_own,18,1,2,0,0.0
honest,mixed,0.0,both_own,18,2,0,0,
honest,mixed,0.0,both_own,18,2,1,0,
honest,mixed,0.0,both_own,18,2,2,0,
honest,mixed,0.0,both_own,19,0,0,269,0.8459119496855346
honest,mixed,0.0,both_own,19,0,1,49,0.1540880503144654
honest,mixed,0.0,both_own,19,0,2,0,0.0
honest,mixed,0.0,both_own,19,1,0,47,0.29559748427672955
honest,mixed,0.0,both_own,19,1,1,112,0.7044025157232704
honest,mixed,0.0,both_own,19,1,2,0,0.0
honest,mixed,0.0,both_own,19,2,0,0,
honest,mixed,0.0,both_own,19,2,1,0,
honest,mixed,0.0,both_own,19,2,2,0,
honest,mixed,0.0,both_own,20,0,0,263,0.8322784810126582
honest,mixed,0.0,both_own,20,0,1,53,0.16772151898734178
honest,mixed,0.0,both_own,20,0,2,0,0.0
honest,mixed,0.0,both_own,20,1,0,62,0.38509316770186336
honest,mixed,0.0,both_own,20,1,1,99,0.6149068322981367
honest,mixed,0.0,both_own,20,1,2,0,0.0
honest,mixed,0.0,both_own,20,2,0,0,
honest,mixed,0.0,both_own,20,2,1,0,
honest,mixed,0.0,both_own,20,2,2,0,
honest,mixed,0.0,both_own,21,0,0,267,0.8215384615384616
honest,mixed,0.0,both_own,21,0,1,58,0.17846153846153845
honest,mixed,0.0,both_own,21,0,2,0,0.0
honest,mixed,0.0,both_own,21,1,0,49,0.3223684210526316
honest,mixed,0.0,both_own,21,1,1,103,0.6776315789473685
honest,mixed,0.0,both_own,21,1,2,0,0.0
honest,mixed,0.0,both_own,21,2,0,0,
honest,mixed,0.0,both_own,21,2,1,0,
honest,mixed,0.0,both_own,21,2,2,0,
honest,mixed,0.0,both_own,22,0,0,266,0.8417721518987342
honest,mixed,0.0,both_own,22,0,1,50,0.15822784810126583
honest,mixed,0.0,both_own,22,0,2,0,0.0
honest,mixed,0.0,both_own,22,1,0,55,0.3416149068322981
honest,mixed,0.0,both_own,22,1,1,106,0.6583850931677019
honest,mixed,0.0,both_own,22,1,2,0,0.0
honest,mixed,0.0,both_own,22,2,0,0,
honest,mixed,0.0,both_own,22,2,1,0,
honest,mixed,0.0,both_own,22,2,2,0,
honest,mixed,0.0,both_own,23,0,0,254,0.7912772585669782
honest,mixed,0.0,both_own,23,0,1,67,0.2087227414330218
honest,mixed,0.0,both_own,23,0,2,0,0.0
honest,mixed,0.0,both_own,23,1,0,46,0.2948717948717949
honest,mixed,0.0,both_own,23,1,1,110,0.7051282051282052
honest,mixed,0.0,both_own,23,1,2,0,0.0
honest,mixed,0.0,both_own,23,2,0,0,
honest,mixed,0.0,both_own,23,2,1,0,
honest,mixed,0.0,both_own,23,2,2,0,
honest,mixed,0.0,both_own,0,0,0,6500,0.839901796097687
honest,mixed,0.0,both_own,0,0,1,1239,0.16009820390231297
honest,mixed,0.0,both_own,0,0,2,0,0.0
honest,mixed,0.0,both_own,0,1,0,1063,0.32889851485148514
honest,mixed,0.0,both_own,0,1,1,2169,0.6711014851485149
honest,mixed,0.0,both_own,0,1,2,0,0.0
honest,mixed,0.0,both_own,0,2,0,0,
honest,mixed,0.0,both_own,0,2,1,0,
honest,mixed,0.0,both_own,0,2,2,0,
attenuated,honest,0.0,all,1,0,0,317,0.6482617586912065
attenuated,honest,0.0,all,1,0,1,171,0.3496932515337423
attenuated,honest,0.0,all,1,0,2,1,0.002044989775051125
attenuated,honest,0.0,all,1,1,0,103,0.06875834445927904
attenuated,honest,0.0,all,1,1,1,1391,0.9285714285714286
attenuated,honest,0.0,all,1,1,2,4,0.0026702269692923898
attenuated,honest,0.0,all,1,2,0,2,0.15384615384615385
attenuated,honest,0.0,all,1,2,1,6,0.46153846153846156
attenuated,honest,0.0,all,1,2,2,5,0.38461538461538464
attenuated,honest,0.0,all,2,0,0,314,0.7440758293838863
attenuated,honest,0.0,all,2,0,1,107,0.25355450236966826
attenuated,honest,0.0,all,2,0,2,1,0.002369668246445498
attenuated,honest,0.0,all,2,1,0,113,0.07206632653061225
attenuated,honest,0.0,all,2,1,1,1452,0.9260204081632653
attenuated,honest,0.0,all,2,1,2,3,0.001913265306122449
attenuated,honest,0.0,all,2,2,0,1,0.1
attenuated,honest,0.0,all,2,2,1,6,0.6
attenuated,honest,0.0,all,2,2,2,3,0.3
attenuated,honest,0.0,all,3,0,0,294,0.6869158878504673
attenuated,honest,0.0,all,3,0,1,133,0.3107476635514019
attenuated,honest,0.0,all,3,0,2,1,0.002336448598130841
attenuated,honest,0.0,all,3,1,0,114,0.07284345047923323
attenuated,honest,0.0,all,3,1,1,1442,0.921405750798722
attenuated,honest,0.0,all,3,1,2,9,0.005750798722044728
attenuated,honest,0.0,all,3,2,0,1,0.14285714285714285
attenuated,honest,0.0,all,3,2,1,3,0.42857142857142855
attenuated,honest,0.0,all,3,2,2,3,0.42857142857142855
attenuated,honest,0.0,all,4,0,0,296,0.7237163814180929
attenuated,honest,0.0,all,4,0,1,113,0.2762836185819071
attenuated,honest,0.0,all,4,0,2,0,0.0
attenuated,honest,0.0,all,4,1,0,114,0.07224334600760456
attenuated,honest,0.0,all,4,1,1,1461,0.9258555133079848
attenuated,honest,0.0,all,4,1,2,3,0.0019011406844106464
attenuated,honest,0.0,all,4,2,0,3,0.23076923076923078
attenuated,honest,0.0,all,4,2,1,8,0.6153846153846154
attenuated,honest,0.0,all,4,2,2,2,0.15384615384615385
attenuated,honest,0.0,all,5,0,0,289,0.6997578692493946
attenuated,honest,0.0,all,5,0,1,122,0.29539951573849876
attenuated,honest,0.0,all,5,0,2,2,0.004842615012106538
attenuated,honest,0.0,all,5,1,0,121,0.07648546144121365
attenuated,honest,0.0,all,5,1,1,1458,0.9216182048040455
attenuated,honest,0.0,all,5,1,2,3,0.0018963337547408343
attenuated,honest,0.0,all,5,2,0,0,0.0
attenuated,honest,0.0,all,5,2,1,2,0.4
attenuated,honest,0.0,all,5,2,2,3,0.6
attenuated,honest,0.0,all,6,0,0,294,0.7170731707317073
attenuated,honest,0.0,all,6,0,1,116,0.28292682926829266
attenuated,honest,0.0,all,6,0,2,0,0.0
attenuated,honest,0.0,all,6,1,0,107,0.06763590391908976
attenuated,honest,0.0,all,6,1,1,1471,0.9298356510745891
attenuated,honest,0.0,all,6,1,2,4,0.0025284450063211127
attenuated,honest,0.0,all,6,2,0,2,0.25
attenuated,honest,0.0,all,6,2,1,4,0.5
attenuated,honest,0.0,all,6,2,2,2,0.25
attenuated,honest,0.0,all,7,0,0,286,0.7096774193548387
attenuated,honest,0.0,all,7,0,1,116,0.2878411910669975
attenuated,honest,0.0,all,7,0,2,1,0.0024813895781637717
attenuated,honest,0.0,all,7,1,0,94,0.0590823381521056
attenuated,honest,0.0,all,7,1,1,1491,0.9371464487743557
attenuated,honest,0.0,all,7,1,2,6,0.003771213073538655
attenuated,honest,0.0,all,7,2,0,2,0.3333333333333333
attenuated,honest,0.0,all,7,2,1,2,0.3333333333333333
attenuated,honest,0.0,all,7,2,2,2,0.3333333333333333
attenuated,honest,0.0,all,8,0,0,267,0.6989528795811518
attenuated,honest,0.0,all,8,0,1,114,0.29842931937172773
attenuated,honest,0.0,all,8,0,2,1,0.002617801047120419
attenuated,honest,0.0,all,8,1,0,123,0.0764449968924798
attenuated,honest,0.0,all,8,1,1,1485,0.9229334990677439
attenuated,honest,0.0,all,8,1,2,1,0.0006215040397762585
attenuated,honest,0.0,all,8,2,0,2,0.2222222222222222
attenuated,honest,0.0,all,8,2,1,3,0.3333333333333333
attenuated,honest,0.0,all,8,2,2,4,0.4444444444444444
attenuated,honest,0.0,all,9,0,0,275,0.701530612244898
attenuated,honest,0.0,all,9,0,1,116,0.29591836734693877
attenuated,honest,0.0,all,9,0,2,1,0.002551020408163265
attenuated,honest,0.0,all,9,1,0,128,0.07990012484394507
attenuated,honest,0.0,all,9,1,1,1470,0.9176029962546817
attenuated,honest,0.0,all,9,1,2,4,0.0024968789013732834
attenuated,honest,0.0,all,9,2,0,2,0.3333333333333333
attenuated,honest,0.0,all,9,2,1,0,0.0
attenuated,honest,0.0,all,9,2,2,4,0.6666666666666666
attenuated,honest,0.0,all,10,0,0,272,0.671604938271605
attenuated,honest,0.0,all,10,0,1,133,0.32839506172839505
attenuated,honest,0.0,all,10,0,2,0,0.0
attenuated,honest,0.0,all,10,1,0,114,0.07187894073139975
attenuated,honest,0.0,all,10,1,1,1468,0.9255989911727617
attenuated,honest,0.0,all,10,1,2,4,0.0025220680958385876
attenuated,honest,0.0,all,10,2,0,2,0.2222222222222222
attenuated,honest,0.0,all,10,2,1,4,0.4444444444444444
attenuated,honest,0.0,all,10,2,2,3,0.3333333333333333
attenuated,honest,0.0,all,11,0,0,275,0.7087628865979382
attenuated,honest,0.0,all,11,0,1,113,0.2912371134020619
attenuated,honest,0.0,all,11,0,2,0,0.0
attenuated,honest,0.0,all,11,1,0,112,0.06978193146417445
attenuated,honest,0.0,all,11,1,1,1486,0.9258566978193147
attenuated,honest,0.0,all,11,1,2,7,0.004361370716510903
attenuated,honest,0.0,all,11,2,0,1,0.14285714285714285
attenuated,honest,0.0,all,11,2,1,3,0.42857142857142855
attenuated,honest,0.0,all,11,2,2,3,0.42857142857142855
attenuated,honest,0.0,all,12,0,0,265,0.6829896907216495
attenuated,honest,0.0,all,12,0,1,123,0.3170103092783505
attenuated,honest,0.0,all,12,0,2,0,0.0
attenuated,honest,0.0,all,12,1,0,142,0.08863920099875156
attenuated,honest,0.0,all,12,1,1,1457,0.9094881398252185
attenuated,honest,0.0,all,12,1,2,3,0.0018726591760299626
attenuated,honest,0.0,all,12,2,0,1,0.1
attenuated,honest,0.0,all,12,2,1,4,0.4
attenuated,honest,0.0,all,12,2,2,5,0.5
attenuated,honest,0.0,all,13,0,0,245,0.6004901960784313
attenuated,honest,0.0,all,13,0,1,162,0.39705882352941174
attenuated,honest,0.0,all,13,0,2,1,0.0024509803921568627
attenuated,honest,0.0,all,13,1,0,122,0.07702020202020202
attenuated,honest,0.0,all,13,1,1,1458,0.9204545454545454
attenuated,honest,0.0,all,13,1,2,4,0.0025252525252525255
attenuated,honest,0.0,all,13,2,0,0,0.0
attenuated,honest,0.0,all,13,2,1,3,0.375
attenuated,honest,0.0,all,13,2,2,5,0.625
attenuated,honest,0.0,all,14,0,0,252,0.6866485013623979
attenuated,honest,0.0,all,14,0,1,114,0.3106267029972752
attenuated,honest,0.0,all,14,0,2,1,0.0027247956403269754
attenuated,honest,0.0,all,14,1,0,132,0.08133086876155268
attenuated,honest,0.0,all,14,1,1,1486,0.9155884165126309
attenuated,honest,0.0,all,14,1,2,5,0.0030807147258163892
attenuated,honest,0.0,all,14,2,0,3,0.3
attenuated,honest,0.0,all,14,2,1,5,0.5
attenuated,honest,0.0,all,14,2,2,2,0.2
attenuated,honest,0.0,all,15,0,0,262,0.6770025839793282
attenuated,honest,0.0,all,15,0,1,123,0.3178294573643411
attenuated,honest,0.0,all,15,0,2,2,0.00516795865633075
attenuated,honest,0.0,all,15,1,0,129,0.08037383177570094
attenuated,honest,0.0,all,15,1,1,1474,0.9183800623052959
attenuated,honest,0.0,all,15,1,2,2,0.0012461059190031153
attenuated,honest,0.0,all,15,2,0,1,0.125
attenuated,honest,0.0,all,15,2,1,4,0.5
attenuated,honest,0.0,all,15,2,2,3,0.375
attenuated,honest,0.0,all,16,0,0,263,0.6709183673469388
attenuated,honest,0.0,all,16,0,1,128,0.32653061224489793
attenuated,honest,0.0,all,16,0,2,1,0.002551020408163265
attenuated,honest,0.0,all,16,1,0,124,0.07745159275452843
attenuated,honest,0.0,all,16,1,1,1474,0.9206745783885072
attenuated,honest,0.0,all,16,1,2,3,0.0018738288569643974
attenuated,honest,0.0,all,16,2,0,0,0.0
attenuated,honest,0.0,all,16,2,1,6,0.8571428571428571
attenuated,honest,0.0,all,16,2,2,1,0.14285714285714285
attenuated,honest,0.0,all,17,0,0,266,0.6873385012919897
attenuated,honest,0.0,all,17,0,1,120,0.31007751937984496
attenuated,honest,0.0,all,17,0,2,1,0.002583979328165375
attenuated,honest,0.0,all,17,1,0,141,0.08768656716417911
attenuated,honest,0.0,all,17,1,1,1462,0.9092039800995025
attenuated,honest,0.0,all,17,1,2,5,0.003109452736318408
attenuated,honest,0.0,all,17,2,0,0,0.0
attenuated,honest,0.0,all,17,2,1,4,0.8
attenuated,honest,0.0,all,17,2,2,1,0.2
attenuated,honest,0.0,all,18,0,0,263,0.6461916461916462
attenuated,honest,0.0,all,18,0,1,143,0.35135135135135137
attenuated,honest,0.0,all,18,0,2,1,0.002457002457002457
attenuated,honest,0.0,all,18,1,0,106,0.06683480453972257
attenuated,honest,0.0,all,18,1,1,1477,0.9312736443883984
attenuated,honest,0.0,all,18,1,2,3,0.0018915510718789407
attenuated,honest,0.0,all,18,2,0,1,0.14285714285714285
attenuated,honest,0.0,all,18,2,1,4,0.5714285714285714
attenuated,honest,0.0,all,18,2,2,2,0.2857142857142857
attenuated,honest,0.0,all,19,0,0,246,0.6648648648648648
attenuated,honest,0.0,all,19,0,1,123,0.3324324324324324
attenuated,honest,0.0,all,19,0,2,1,0.002702702702702703
attenuated,honest,0.0,all,19,1,0,126,0.07758620689655173
attenuated,honest,0.0,all,19,1,1,1495,0.9205665024630542
attenuated,honest,0.0,all,19,1,2,3,0.0018472906403940886
attenuated,honest,0.0,all,19,2,0,3,0.5
attenuated,honest,0.0,all,19,2,1,3,0.5
attenuated,honest,0.0,all,19,2,2,0,0.0
attenuated,honest,0.0,all,20,0,0,245,0.6533333333333333
attenuated,honest,0.0,all,20,0,1,130,0.3466666666666667
attenuated,honest,0.0,all,20,0,2,0,0.0
attenuated,honest,0.0,all,20,1,0,125,0.07711289327575571
attenuated,honest,0.0,all,20,1,1,1494,0.9216533004318322
attenuated,honest,0.0,all,20,1,2,2,0.0012338062924120913
attenuated,honest,0.0,all,20,2,0,0,0.0
attenuated,honest,0.0,all,20,2,1,3,0.75
attenuated,honest,0.0,all,20,2,2,1,0.25
attenuated,honest,0.0,all,21,0,0,254,0.6864864864864865
attenuated,honest,0.0,all,21,0,1,114,0.3081081081081081
attenuated,honest,0.0,all,21,0,2,2,0.005405405405405406
attenuated,honest,0.0,all,21,1,0,103,0.06330669944683466
attenuated,honest,0.0,all,21,1,1,1522,0.9354640442532268
attenuated,honest,0.0,all,21,1,2,2,0.001229256299938537
attenuated,honest,0.0,all,21,2,0,2,0.6666666666666666
attenuated,honest,0.0,all,21,2,1,0,0.0
attenuated,honest,0.0,all,21,2,2,1,0.3333333333333333
attenuated,honest,0.0,all,22,0,0,237,0.6601671309192201
attenuated,honest,0.0,all,22,0,1,122,0.3398328690807799
attenuated,honest,0.0,all,22,0,2,0,0.0
attenuated,honest,0.0,all,22,1,0,127,0.0776283618581907
attenuated,honest,0.0,all,22,1,1,1502,0.9180929095354523
attenuated,honest,0.0,all,22,1,2,7,0.004278728606356968
attenuated,honest,0.0,all,22,2,0,2,0.4
attenuated,honest,0.0,all,22,2,1,2,0.4
attenuated,honest,0.0,all,22,2,2,1,0.2
attenuated,honest,0.0,all,23,0,0,237,0.6475409836065574
attenuated,honest,0.0,all,23,0,1,128,0.34972677595628415
attenuated,honest,0.0,all,23,0,2,1,0.00273224043715847
attenuated,honest,0.0,all,23,1,0,151,0.0928659286592866
attenuated,honest,0.0,all,23,1,1,1473,0.9059040590405905
attenuated,honest,0.0,all,23,1,2,2,0.0012300123001230013
attenuated,honest,0.0,all,23,2,0,0,0.0
attenuated,honest,0.0,all,23,2,1,5,0.625
attenuated,honest,0.0,all,23,2,2,3,0.375
attenuated,honest,0.0,all,0,0,0,6214,0.6815838543380498
attenuated,honest,0.0,all,0,0,1,2884,0.3163321267960952
attenuated,honest,0.0,all,0,0,2,19,0.002084018865854996
attenuated,honest,0.0,all,0,1,0,2771,0.07548557574436787
attenuated,honest,0.0,all,0,1,1,33849,0.9220899506932905
attenuated,honest,0.0,all,0,1,2,89,0.00242447356234166
attenuated,honest,0.0,all,0,2,0,31,0.1781609195402299
attenuated,honest,0.0,all,0,2,1,84,0.4827586206896552
attenuated,honest,0.0,all,0,2,2,59,0.3390804597701149
attenuated,honest,0.0,both_own,1,0,0,310,0.8093994778067886
attenuated,honest,0.0,both_own,1,0,1,73,0.1906005221932115
attenuated,honest,0.0,both_own,1,0,2,0,0.0
attenuated,honest,0.0,both_own,1,1,0,56,0.5957446808510638
attenuated,honest,0.0,both_own,1,1,1,38,0.40425531914893614
attenuated,honest,0.0,both_own,1,1,2,0,0.0
attenuated,honest,0.0,both_own,1,2,0,0,
attenuated,honest,0.0,both_own,1,2,1,0,
attenuated,honest,0.0,both_own,1,2,2,0,
attenuated,honest,0.0,both_own,2,0,0,309,0.8442622950819673
attenuated,honest,0.0,both_own,2,0,1,57,0.1557377049180328
attenuated,honest,0.0,both_own,2,0,2,0,0.0
attenuated,honest,0.0,both_own,2,1,0,56,0.5045045045045045
attenuated,honest,0.0,both_own,2,1,1,55,0.4954954954954955
attenuated,honest,0.0,both_own,2,1,2,0,0.0
attenuated,honest,0.0,both_own,2,2,0,0,
attenuated,honest,0.0,both_own,2,2,1,0,
attenuated,honest,0.0,both_own,2,2,2,0,
attenuated,honest,0.0,both_own,3,0,0,290,0.7945205479452054
attenuated,honest,0.0,both_own,3,0,1,75,0.2054794520547945
attenuated,honest,0.0,both_own,3,0,2,0,0.0
attenuated,honest,0.0,both_own,3,1,0,44,0.39285714285714285
attenuated,honest,0.0,both_own,3,1,1,68,0.6071428571428571
attenuated,honest,0.0,both_own,3,1,2,0,0.0
attenuated,honest,0.0,both_own,3,2,0,0,
attenuated,honest,0.0,both_own,3,2,1,0,
attenuated,honest,0.0,both_own,3,2,2,0,
attenuated,honest,0.0,both_own,4,0,0,285,0.8532934131736527
attenuated,honest,0.0,both_own,4,0,1,49,0.1467065868263473
attenuated,honest,0.0,both_own,4,0,2,0,0.0
attenuated,honest,0.0,both_own,4,1,0,56,0.3916083916083916
attenuated,honest,0.0,both_own,4,1,1,87,0.6083916083916084
attenuated,honest,0.0,both_own,4,1,2,0,0.0
attenuated,honest,0.0,both_own,4,2,0,0,
attenuated,honest,0.0,both_own,4,2,1,0,
attenuated,honest,0.0,both_own,4,2,2,0,
attenuated,honest,0.0,both_own,5,0,0,281,0.8240469208211144
attenuated,honest,0.0,both_own,5,0,1,60,0.17595307917888564
attenuated,honest,0.0,both_own,5,0,2,0,0.0
attenuated,honest,0.0,both_own,5,1,0,69,0.5073529411764706
attenuated,honest,0.0,both_own,5,1,1,67,0.49264705882352944
attenuated,honest,0.0,both_own,5,1,2,0,0.0
attenuated,honest,0.0,both_own,5,2,0,0,
attenuated,honest,0.0,both_own,5,2,1,0,
attenuated,honest,0.0,both_own,5,2,2,0,
attenuated,honest,0.0,both_own,6,0,0,291,0.8314285714285714
attenuated,honest,0.0,both_own,6,0,1,59,0.16857142857142857
attenuated,honest,0.0,both_own,6,0,2,0,0.0
attenuated,honest,0.0,both_own,6,1,0,49,0.3858267716535433
attenuated,honest,0.0,both_own,6,1,1,78,0.6141732283464567
attenuated,honest,0.0,both_own,6,1,2,0,0.0
attenuated,honest,0.0,both_own,6,2,0,0,
attenuated,honest,0.0,both_own,6,2,1,0,
attenuated,honest,0.0,both_own,6,2,2,0,
attenuated,honest,0.0,both_own,7,0,0,280,0.8235294117647058
attenuated,honest,0.0,both_own,7,0,1,60,0.17647058823529413
attenuated,honest,0.0,both_own,7,0,2,0,0.0
attenuated,honest,0.0,both_own,7,1,0,45,0.3284671532846715
attenuated,honest,0.0,both_own,7,1,1,92,0.6715328467153284
attenuated,honest,0.0,both_own,7,1,2,0,0.0
attenuated,honest,0.0,both_own,7,2,0,0,
attenuated,honest,0.0,both_own,7,2,1,0,
attenuated,honest,0.0,both_own,7,2,2,0,
attenuated,honest,0.0,both_own,8,0,0,262,0.8061538461538461
attenuated,honest,0.0,both_own,8,0,1,63,0.19384615384615383
attenuated,honest,0.0,both_own,8,0,2,0,0.0
attenuated,honest,0.0,both_own,8,1,0,71,0.46710526315789475
attenuated,honest,0.0,both_own,8,1,1,81,0.5328947368421053
attenuated,honest,0.0,both_own,8,1,2,0,0.0
attenuated,honest,0.0,both_own,8,2,0,0,
attenuated,honest,0.0,both_own,8,2,1,0,
attenuated,honest,0.0,both_own,8,2,2,0,
attenuated,honest,0.0,both_own,9,0,0,268,0.8048048048048048
attenuated,honest,0.0,both_own,9,0,1,65,0.19519519519519518
attenuated,honest,0.0,both_own,9,0,2,0,0.0
attenuated,honest,0.0,both_own,9,1,0,58,0.4027777777777778
attenuated,honest,0.0,both_own,9,1,1,86,0.5972222222222222
attenuated,honest,0.0,both_own,9,1,2,0,0.0
attenuated,honest,0.0,both_own,9,2,0,0,
attenuated,honest,0.0,both_own,9,2,1,0,
attenuated,honest,0.0,both_own,9,2,2,0,
attenuated,honest,0.0,both_own,10,0,0,269,0.8251533742331288
attenuated,honest,0.0,both_own,10,0,1,57,0.17484662576687116
attenuated,honest,0.0,both_own,10,0,2,0,0.0
attenuated,honest,0.0,both_own,10,1,0,62,0.4105960264900662
attenuated,honest,0.0,both_own,10,1,1,89,0.5894039735099338
attenuated,honest,0.0,both_own,10,1,2,0,0.0
attenuated,honest,0.0,both_own,10,2,0,0,
attenuated,honest,0.0,both_own,10,2,1,0,
attenuated,honest,0.0,both_own,10,2,2,0,
attenuated,honest,0.0,both_own,11,0,0,272,0.8217522658610272
attenuated,honest,0.0,both_own,11,0,1,59,0.1782477341389728
attenuated,honest,0.0,both_own,11,0,2,0,0.0
attenuated,honest,0.0,both_own,11,1,0,45,0.3082191780821918
attenuated,honest,0.0,both_own,11,1,1,101,0.6917808219178082
attenuated,honest,0.0,both_own,11,1,2,0,0.0
attenuated,honest,0.0,both_own,11,2,0,0,
attenuated,honest,0.0,both_own,11,2,1,0,
attenuated,honest,0.0,both_own,11,2,2,0,
attenuated,honest,0.0,both_own,12,0,0,260,0.8201892744479495
attenuated,honest,0.0,both_own,12,0,1,57,0.17981072555205047
attenuated,honest,0.0,both_own,12,0,2,0,0.0
attenuated,honest,0.0,both_own,12,1,0,69,0.43125
attenuated,honest,0.0,both_own,12,1,1,91,0.56875
attenuated,honest,0.0,both_own,12,1,2,0,0.0
attenuated,honest,0.0,both_own,12,2,0,0,
attenuated,honest,0.0,both_own,12,2,1,0,
attenuated,honest,0.0,both_own,12,2,2,0,
attenuated,honest,0.0,both_own,13,0,0,241,0.7325227963525835
attenuated,honest,0.0,both_own,13,0,1,88,0.2674772036474164
attenuated,honest,0.0,both_own,13,0,2,0,0.0
attenuated,honest,0.0,both_own,13,1,0,63,0.42567567567567566
attenuated,honest,0.0,both_own,13,1,1,84,0.5675675675675675
attenuated,honest,0.0,both_own,13,1,2,1,0.006756756756756757
attenuated,honest,0.0,both_own,13,2,0,0,
attenuated,honest,0.0,both_own,13,2,1,0,
attenuated,honest,0.0,both_own,13,2,2,0,
attenuated,honest,0.0,both_own,14,0,0,245,0.805921052631579
attenuated,honest,0.0,both_own,14,0,1,59,0.19407894736842105
attenuated,honest,0.0,both_own,14,0,2,0,0.0
attenuated,honest,0.0,both_own,14,1,0,69,0.4011627906976744
attenuated,honest,0.0,both_own,14,1,1,103,0.5988372093023255
attenuated,honest,0.0,both_own,14,1,2,0,0.0
attenuated,honest,0.0,both_own,14,2,0,0,0.0
attenuated,honest,0.0,both_own,14,2,1,1,1.0
attenuated,honest,0.0,both_own,14,2,2,0,0.0
attenuated,honest,0.0,both_own,15,0,0,255,0.8121019108280255
attenuated,honest,0.0,both_own,15,0,1,58,0.18471337579617833
attenuated,honest,0.0,both_own,15,0,2,1,0.0031847133757961785
attenuated,honest,0.0,both_own,15,1,0,69,0.4233128834355828
attenuated,honest,0.0,both_own,15,1,1,94,0.5766871165644172
attenuated,honest,0.0,both_own,15,1,2,0,0.0
attenuated,honest,0.0,both_own,15,2,0,0,
attenuated,honest,0.0,both_own,15,2,1,0,
attenuated,honest,0.0,both_own,15,2,2,0,
attenuated,honest,0.0,both_own,16,0,0,252,0.7777777777777778
attenuated,honest,0.0,both_own,16,0,1,71,0.2191358024691358
attenuated,honest,0.0,both_own,16,0,2,1,0.0030864197530864196
attenuated,honest,0.0,both_own,16,1,0,63,0.4144736842105263
attenuated,honest,0.0,both_own,16,1,1,89,0.5855263157894737
attenuated,honest,0.0,both_own,16,1,2,0,0.0
attenuated,honest,0.0,both_own,16,2,0,0,0.0
attenuated,honest,0.0,both_own,16,2,1,1,1.0
attenuated,honest,0.0,both_own,16,2,2,0,0.0
attenuated,honest,0.0,both_own,17,0,0,259,0.8222222222222222
attenuated,honest,0.0,both_own,17,0,1,56,0.17777777777777778
attenuated,honest,0.0,both_own,17,0,2,0,0.0
attenuated,honest,0.0,both_own,17,1,0,77,0.4782608695652174
attenuated,honest,0.0,both_own,17,1,1,84,0.5217391304347826
attenuated,honest,0.0,both_own,17,1,2,0,0.0
attenuated,honest,0.0,both_own,17,2,0,0,0.0
attenuated,honest,0.0,both_own,17,2,1,1,1.0
attenuated,honest,0.0,both_own,17,2,2,0,0.0
attenuated,honest,0.0,both_own,18,0,0,258,0.7678571428571429
attenuated,honest,0.0,both_own,18,0,1,78,0.23214285714285715
attenuated,honest,0.0,both_own,18,0,2,0,0.0
attenuated,honest,0.0,both_own,18,1,0,54,0.3829787234042553
attenuated,honest,0.0,both_own,18,1,1,86,0.6099290780141844
attenuated,honest,0.0,both_own,18,1,2,1,0.0070921985815602835
attenuated,honest,0.0,both_own,18,2,0,0,
attenuated,honest,0.0,both_own,18,2,1,0,
attenuated,honest,0.0,both_own,18,2,2,0,
attenuated,honest,0.0,both_own,19,0,0,239,0.7660256410256411
attenuated,honest,0.0,both_own,19,0,1,73,0.23397435897435898
attenuated,honest,0.0,both_own,19,0,2,0,0.0
attenuated,honest,0.0,both_own,19,1,0,55,0.3353658536585366
attenuated,honest,0.0,both_own,19,1,1,109,0.6646341463414634
attenuated,honest,0.0,both_own,19,1,2,0,0.0
attenuated,honest,0.0,both_own,19,2,0,0,0.0
attenuated,honest,0.0,both_own,19,2,1,1,1.0
attenuated,honest,0.0,both_own,19,2,2,0,0.0
attenuated,honest,0.0,both_own,20,0,0,236,0.8027210884353742
attenuated,honest,0.0,both_own,20,0,1,58,0.19727891156462585
attenuated,honest,0.0,both_own,20,0,2,0,0.0
attenuated,honest,0.0,both_own,20,1,0,80,0.4371584699453552
attenuated,honest,0.0,both_own,20,1,1,102,0.5573770491803278
attenuated,honest,0.0,both_own,20,1,2,1,0.00546448087431694
attenuated,honest,0.0,both_own,20,2,0,0,
attenuated,honest,0.0,both_own,20,2,1,0,
attenuated,honest,0.0,both_own,20,2,2,0,
attenuated,honest,0.0,both_own,21,0,0,250,0.7911392405063291
attenuated,honest,0.0,both_own,21,0,1,65,0.20569620253164558
attenuated,honest,0.0,both_own,21,0,2,1,0.0031645569620253164
attenuated,honest,0.0,both_own,21,1,0,54,0.3375
attenuated,honest,0.0,both_own,21,1,1,106,0.6625
attenuated,honest,0.0,both_own,21,1,2,0,0.0
attenuated,honest,0.0,both_own,21,2,0,1,1.0
attenuated,honest,0.0,both_own,21,2,1,0,0.0
attenuated,honest,0.0,both_own,21,2,2,0,0.0
attenuated,honest,0.0,both_own,22,0,0,232,0.760655737704918
attenuated,honest,0.0,both_own,22,0,1,73,0.23934426229508196
attenuated,honest,0.0,both_own,22,0,2,0,0.0
attenuated,honest,0.0,both_own,22,1,0,58,0.3391812865497076
attenuated,honest,0.0,both_own,22,1,1,112,0.6549707602339181
attenuated,honest,0.0,both_own,22,1,2,1,0.005847953216374269
attenuated,honest,0.0,both_own,22,2,0,0,0.0
attenuated,honest,0.0,both_own,22,2,1,1,1.0
attenuated,honest,0.0,both_own,22,2,2,0,0.0
attenuated,honest,0.0,both_own,23,0,0,228,0.7862068965517242
attenuated,honest,0.0,both_own,23,0,1,62,0.21379310344827587
attenuated,honest,0.0,both_own,23,0,2,0,0.0
attenuated,honest,0.0,both_own,23,1,0,81,0.43548387096774194
attenuated,honest,0.0,both_own,23,1,1,104,0.5591397849462365
attenuated,honest,0.0,both_own,23,1,2,1,0.005376344086021506
attenuated,honest,0.0,both_own,23,2,0,0,0.0
attenuated,honest,0.0,both_own,23,2,1,1,1.0
attenuated,honest,0.0,both_own,23,2,2,0,0.0
attenuated,honest,0.0,both_own,0,0,0,6072,0.8042384105960265
attenuated,honest,0.0,both_own,0,0,1,1475,0.19536423841059603
attenuated,honest,0.0,both_own,0,0,2,3,0.00039735099337748344
attenuated,honest,0.0,both_own,0,1,0,1403,0.4109548916227299
attenuated,honest,0.0,both_own,0,1,1,2006,0.5875805506736965
attenuated,honest,0.0,both_own,0,1,2,5,0.0014645577035735209
attenuated,honest,0.0,both_own,0,2,0,1,0.14285714285714285
attenuated,honest,0.0,both_own,0,2,1,6,0.8571428571428571
attenuated,honest,0.0,both_own,0,2,2,0,0.0
attenuated,attenuated,0.0,all,1,0,0,471,0.8037542662116041
attenuated,attenuated,0.0,all,1,0,1,115,0.1962457337883959
attenuated,attenuated,0.0,all,1,0,2,0,0.0
attenuated,attenuated,0.0,all,1,1,0,67,0.04901243599122165
attenuated,attenuated,0.0,all,1,1,1,1289,0.9429407461594733
attenuated,attenuated,0.0,all,1,1,2,11,0.008046817849305048
attenuated,attenuated,0.0,all,1,2,0,4,0.0851063829787234
attenuated,attenuated,0.0,all,1,2,1,24,0.5106382978723404
attenuated,attenuated,0.0,all,1,2,2,19,0.40425531914893614
attenuated,attenuated,0.0,all,2,0,0,459,0.8468634686346863
attenuated,attenuated,0.0,all,2,0,1,80,0.14760147601476015
attenuated,attenuated,0.0,all,2,0,2,3,0.005535055350553505
attenuated,attenuated,0.0,all,2,1,0,80,0.056022408963585436
attenuated,attenuated,0.0,all,2,1,1,1335,0.9348739495798319
attenuated,attenuated,0.0,all,2,1,2,13,0.009103641456582634
attenuated,attenuated,0.0,all,2,2,0,2,0.06666666666666667
attenuated,attenuated,0.0,all,2,2,1,14,0.4666666666666667
attenuated,attenuated,0.0,all,2,2,2,14,0.4666666666666667
attenuated,attenuated,0.0,all,3,0,0,459,0.8484288354898336
attenuated,attenuated,0.0,all,3,0,1,81,0.14972273567467653
attenuated,attenuated,0.0,all,3,0,2,1,0.0018484288354898336
attenuated,attenuated,0.0,all,3,1,0,97,0.06787963610916725
attenuated,attenuated,0.0,all,3,1,1,1310,0.9167249825052485
attenuated,attenuated,0.0,all,3,1,2,22,0.015395381385584325
attenuated,attenuated,0.0,all,3,2,0,4,0.13333333333333333
attenuated,attenuated,0.0,all,3,2,1,9,0.3
attenuated,attenuated,0.0,all,3,2,2,17,0.5666666666666667
attenuated,attenuated,0.0,all,4,0,0,462,0.825
attenuated,attenuated,0.0,all,4,0,1,96,0.17142857142857143
attenuated,attenuated,0.0,all,4,0,2,2,0.0035714285714285713
attenuated,attenuated,0.0,all,4,1,0,91,0.065
attenuated,attenuated,0.0,all,4,1,1,1301,0.9292857142857143
attenuated,attenuated,0.0,all,4,1,2,8,0.005714285714285714
attenuated,attenuated,0.0,all,4,2,0,3,0.075
attenuated,attenuated,0.0,all,4,2,1,17,0.425
attenuated,attenuated,0.0,all,4,2,2,20,0.5
attenuated,attenuated,0.0,all,5,0,0,462,0.8309352517985612
attenuated,attenuated,0.0,all,5,0,1,92,0.16546762589928057
attenuated,attenuated,0.0,all,5,0,2,2,0.0035971223021582736
attenuated,attenuated,0.0,all,5,1,0,92,0.06506364922206506
attenuated,attenuated,0.0,all,5,1,1,1309,0.9257425742574258
attenuated,attenuated,0.0,all,5,1,2,13,0.009193776520509194
attenuated,attenuated,0.0,all,5,2,0,3,0.1
attenuated,attenuated,0.0,all,5,2,1,13,0.43333333333333335
attenuated,attenuated,0.0,all,5,2,2,14,0.4666666666666667
attenuated,attenuated,0.0,all,6,0,0,457,0.8204667863554758
attenuated,attenuated,0.0,all,6,0,1,99,0.17773788150807898
attenuated,attenuated,0.0,all,6,0,2,1,0.0017953321364452424
attenuated,attenuated,0.0,all,6,1,0,88,0.06223479490806223
attenuated,attenuated,0.0,all,6,1,1,1315,0.92998585572843
attenuated,attenuated,0.0,all,6,1,2,11,0.007779349363507779
attenuated,attenuated,0.0,all,6,2,0,2,0.06896551724137931
attenuated,attenuated,0.0,all,6,2,1,15,0.5172413793103449
attenuated,attenuated,0.0,all,6,2,2,12,0.41379310344827586
attenuated,attenuated,0.0,all,7,0,0,458,0.8372943327239488
attenuated,attenuated,0.0,all,7,0,1,87,0.1590493601462523
attenuated,attenuated,0.0,all,7,0,2,2,0.003656307129798903
attenuated,attenuated,0.0,all,7,1,0,86,0.06018194541637509
attenuated,attenuated,0.0,all,7,1,1,1322,0.9251224632610217
attenuated,attenuated,0.0,all,7,1,2,21,0.01469559132260322
attenuated,attenuated,0.0,all,7,2,0,0,0.0
attenuated,attenuated,0.0,all,7,2,1,9,0.375
attenuated,attenuated,0.0,all,7,2,2,15,0.625
attenuated,attenuated,0.0,all,8,0,0,452,0.8308823529411765
attenuated,attenuated,0.0,all,8,0,1,91,0.16727941176470587
attenuated,attenuated,0.0,all,8,0,2,1,0.001838235294117647
attenuated,attenuated,0.0,all,8,1,0,82,0.05782792665726375
attenuated,attenuated,0.0,all,8,1,1,1325,0.9344146685472496
attenuated,attenuated,0.0,all,8,1,2,11,0.007757404795486601
attenuated,attenuated,0.0,all,8,2,0,1,0.02631578947368421
attenuated,attenuated,0.0,all,8,2,1,19,0.5
attenuated,attenuated,0.0,all,8,2,2,18,0.47368421052631576
attenuated,attenuated,0.0,all,9,0,0,449,0.8392523364485981
attenuated,attenuated,0.0,all,9,0,1,86,0.16074766355140188
attenuated,attenuated,0.0,all,9,0,2,0,0.0
attenuated,attenuated,0.0,all,9,1,0,105,0.07317073170731707
attenuated,attenuated,0.0,all,9,1,1,1318,0.9184668989547038
attenuated,attenuated,0.0,all,9,1,2,12,0.008362369337979094
attenuated,attenuated,0.0,all,9,2,0,2,0.06666666666666667
attenuated,attenuated,0.0,all,9,2,1,14,0.4666666666666667
attenuated,attenuated,0.0,all,9,2,2,14,0.4666666666666667
attenuated,attenuated,0.0,all,10,0,0,452,0.8129496402877698
attenuated,attenuated,0.0,all,10,0,1,102,0.18345323741007194
attenuated,attenuated,0.0,all,10,0,2,2,0.0035971223021582736
attenuated,attenuated,0.0,all,10,1,0,91,0.06417489421720733
attenuated,attenuated,0.0,all,10,1,1,1312,0.92524682651622
attenuated,attenuated,0.0,all,10,1,2,15,0.010578279266572637
attenuated,attenuated,0.0,all,10,2,0,3,0.11538461538461539
attenuated,attenuated,0.0,all,10,2,1,11,0.4230769230769231
attenuated,attenuated,0.0,all,10,2,2,12,0.46153846153846156
attenuated,attenuated,0.0,all,11,0,0,449,0.8223443223443223
attenuated,attenuated,0.0,all,11,0,1,93,0.17032967032967034
attenuated,attenuated,0.0,all,11,0,2,4,0.007326007326007326
attenuated,attenuated,0.0,all,11,1,0,100,0.07017543859649122
attenuated,attenuated,0.0,all,11,1,1,1313,0.9214035087719298
attenuated,attenuated,0.0,all,11,1,2,12,0.008421052631578947
attenuated,attenuated,0.0,all,11,2,0,1,0.034482758620689655
attenuated,attenuated,0.0,all,11,2,1,16,0.5517241379310345
attenuated,attenuated,0.0,all,11,2,2,12,0.41379310344827586
attenuated,attenuated,0.0,all,12,0,0,442,0.8036363636363636
attenuated,attenuated,0.0,all,12,0,1,106,0.19272727272727272
attenuated,attenuated,0.0,all,12,0,2,2,0.0036363636363636364
attenuated,attenuated,0.0,all,12,1,0,112,0.07876230661040788
attenuated,attenuated,0.0,all,12,1,1,1301,0.9149085794655415
attenuated,attenuated,0.0,all,12,1,2,9,0.006329113924050633
attenuated,attenuated,0.0,all,12,2,0,1,0.03571428571428571
attenuated,attenuated,0.0,all,12,2,1,17,0.6071428571428571
attenuated,attenuated,0.0,all,12,2,2,10,0.35714285714285715
attenuated,attenuated,0.0,all,13,0,0,434,0.781981981981982
attenuated,attenuated,0.0,all,13,0,1,121,0.218018018018018
attenuated,attenuated,0.0,all,13,0,2,0,0.0
attenuated,attenuated,0.0,all,13,1,0,104,0.07303370786516854
attenuated,attenuated,0.0,all,13,1,1,1309,0.9192415730337079
attenuated,attenuated,0.0,all,13,1,2,11,0.007724719101123595
attenuated,attenuated,0.0,all,13,2,0,0,0.0
attenuated,attenuated,0.0,all,13,2,1,8,0.38095238095238093
attenuated,attenuated,0.0,all,13,2,2,13,0.6190476190476191
attenuated,attenuated,0.0,all,14,0,0,433,0.8048327137546468
attenuated,attenuated,0.0,all,14,0,1,101,0.18773234200743494
attenuated,attenuated,0.0,all,14,0,2,4,0.007434944237918215
attenuated,attenuated,0.0,all,14,1,0,115,0.0799721835883171
attenuated,attenuated,0.0,all,14,1,1,1306,0.9082058414464534
attenuated,attenuated,0.0,all,14,1,2,17,0.011821974965229486
attenuated,attenuated,0.0,all,14,2,0,0,0.0
attenuated,attenuated,0.0,all,14,2,1,14,0.5833333333333334
attenuated,attenuated,0.0,all,14,2,2,10,0.4166666666666667
attenuated,attenuated,0.0,all,15,0,0,443,0.8083941605839416
attenuated,attenuated,0.0,all,15,0,1,105,0.19160583941605838
attenuated,attenuated,0.0,all,15,0,2,0,0.0
attenuated,attenuated,0.0,all,15,1,0,106,0.07459535538353272
attenuated,attenuated,0.0,all,15,1,1,1302,0.916256157635468
attenuated,attenuated,0.0,all,15,1,2,13,0.009148486980999296
attenuated,attenuated,0.0,all,15,2,0,1,0.03225806451612903
attenuated,attenuated,0.0,all,15,2,1,16,0.5161290322580645
attenuated,attenuated,0.0,all,15,2,2,14,0.45161290322580644
attenuated,attenuated,0.0,all,16,0,0,452,0.8218181818181818
attenuated,attenuated,0.0,all,16,0,1,97,0.17636363636363636
attenuated,attenuated,0.0,all,16,0,2,1,0.0018181818181818182
attenuated,attenuated,0.0,all,16,1,0,105,0.07378777231201687
attenuated,attenuated,0.0,all,16,1,1,1312,0.9219957835558679
attenuated,attenuated,0.0,all,16,1,2,6,0.004216444132115249
attenuated,attenuated,0.0,all,16,2,0,2,0.07407407407407407
attenuated,attenuated,0.0,all,16,2,1,20,0.7407407407407407
attenuated,attenuated,0.0,all,16,2,2,5,0.18518518518518517
attenuated,attenuated,0.0,all,17,0,0,467,0.8354203935599285
attenuated,attenuated,0.0,all,17,0,1,91,0.16279069767441862
attenuated,attenuated,0.0,all,17,0,2,1,0.0017889087656529517
attenuated,attenuated,0.0,all,17,1,0,95,0.06648005598320504
attenuated,attenuated,0.0,all,17,1,1,1314,0.9195241427571729
attenuated,attenuated,0.0,all,17,1,2,20,0.013995801259622114
attenuated,attenuated,0.0,all,17,2,0,2,0.16666666666666666
attenuated,attenuated,0.0,all,17,2,1,8,0.6666666666666666
attenuated,attenuated,0.0,all,17,2,2,2,0.16666666666666666
attenuated,attenuated,0.0,all,18,0,0,453,0.8031914893617021
attenuated,attenuated,0.0,all,18,0,1,109,0.19326241134751773
attenuated,attenuated,0.0,all,18,0,2,2,0.0035460992907801418
attenuated,attenuated,0.0,all,18,1,0,93,0.06581740976645435
attenuated,attenuated,0.0,all,18,1,1,1309,0.9263977353149327
attenuated,attenuated,0.0,all,18,1,2,11,0.00778485491861288
attenuated,attenuated,0.0,all,18,2,0,2,0.08695652173913043
attenuated,attenuated,0.0,all,18,2,1,13,0.5652173913043478
attenuated,attenuated,0.0,all,18,2,2,8,0.34782608695652173
attenuated,attenuated,0.0,all,19,0,0,441,0.8047445255474452
attenuated,attenuated,0.0,all,19,0,1,107,0.19525547445255476
attenuated,attenuated,0.0,all,19,0,2,0,0.0
attenuated,attenuated,0.0,all,19,1,0,115,0.0803633822501747
attenuated,attenuated,0.0,all,19,1,1,1304,0.9112508735150244
attenuated,attenuated,0.0,all,19,1,2,12,0.008385744234800839
attenuated,attenuated,0.0,all,19,2,0,1,0.047619047619047616
attenuated,attenuated,0.0,all,19,2,1,13,0.6190476190476191
attenuated,attenuated,0.0,all,19,2,2,7,0.3333333333333333
attenuated,attenuated,0.0,all,20,0,0,437,0.7845601436265709
attenuated,attenuated,0.0,all,20,0,1,119,0.21364452423698385
attenuated,attenuated,0.0,all,20,0,2,1,0.0017953321364452424
attenuated,attenuated,0.0,all,20,1,0,94,0.06601123595505617
attenuated,attenuated,0.0,all,20,1,1,1318,0.925561797752809
attenuated,attenuated,0.0,all,20,1,2,12,0.008426966292134831
attenuated,attenuated,0.0,all,20,2,0,3,0.15789473684210525
attenuated,attenuated,0.0,all,20,2,1,6,0.3157894736842105
attenuated,attenuated,0.0,all,20,2,2,10,0.5263157894736842
attenuated,attenuated,0.0,all,21,0,0,448,0.8389513108614233
attenuated,attenuated,0.0,all,21,0,1,83,0.15543071161048688
attenuated,attenuated,0.0,all,21,0,2,3,0.0056179775280898875
attenuated,attenuated,0.0,all,21,1,0,95,0.06583506583506583
attenuated,attenuated,0.0,all,21,1,1,1339,0.9279279279279279
attenuated,attenuated,0.0,all,21,1,2,9,0.006237006237006237
attenuated,attenuated,0.0,all,21,2,0,2,0.08695652173913043
attenuated,attenuated,0.0,all,21,2,1,11,0.4782608695652174
attenuated,attenuated,0.0,all,21,2,2,10,0.43478260869565216
attenuated,attenuated,0.0,all,22,0,0,448,0.8220183486238533
attenuated,attenuated,0.0,all,22,0,1,95,0.1743119266055046
attenuated,attenuated,0.0,all,22,0,2,2,0.003669724770642202
attenuated,attenuated,0.0,all,22,1,0,107,0.07466852756454989
attenuated,attenuated,0.0,all,22,1,1,1309,0.9134682484298674
attenuated,attenuated,0.0,all,22,1,2,17,0.011863224005582694
attenuated,attenuated,0.0,all,22,2,0,4,0.18181818181818182
attenuated,attenuated,0.0,all,22,2,1,10,0.45454545454545453
attenuated,attenuated,0.0,all,22,2,2,8,0.36363636363636365
attenuated,attenuated,0.0,all,23,0,0,447,0.7996422182468694
attenuated,attenuated,0.0,all,23,0,1,112,0.2003577817531306
attenuated,attenuated,0.0,all,23,0,2,0,0.0
attenuated,attenuated,0.0,all,23,1,0,113,0.07991513437057991
attenuated,attenuated,0.0,all,23,1,1,1290,0.9123055162659123
attenuated,attenuated,0.0,all,23,1,2,11,0.007779349363507779
attenuated,attenuated,0.0,all,23,2,0,1,0.037037037037037035
attenuated,attenuated,0.0,all,23,2,1,19,0.7037037037037037
attenuated,attenuated,0.0,all,23,2,2,7,0.25925925925925924
attenuated,attenuated,0.0,all,0,0,0,10375,0.8184112960479609
attenuated,attenuated,0.0,all,0,0,1,2268,0.1789066813914964
attenuated,attenuated,0.0,all,0,0,2,34,0.002682022560542715
attenuated,attenuated,0.0,all,0,1,0,2233,0.06830417227456258
attenuated,attenuated,0.0,all,0,1,1,30162,0.9226110363391655
attenuated,attenuated,0.0,all,0,1,2,297,0.00908479138627187
attenuated,attenuated,0.0,all,0,2,0,44,0.06973058637083994
attenuated,attenuated,0.0,all,0,2,1,316,0.5007923930269413
attenuated,attenuated,0.0,all,0,2,2,271,0.4294770206022187
attenuated,attenuated,0.0,both_own,1,0,0,465,0.9851694915254238
attenuated,attenuated,0.0,both_own,1,0,1,7,0.014830508474576272
attenuated,attenuated,0.0,both_own,1,0,2,0,0.0
attenuated,attenuated,0.0,both_own,1,1,0,5,1.0
attenuated,attenuated,0.0,both_own,1,1,1,0,0.0
attenuated,attenuated,0.0,both_own,1,1,2,0,0.0
attenuated,attenuated,0.0,both_own,1,2,0,0,
attenuated,attenuated,0.0,both_own,1,2,1,0,
attenuated,attenuated,0.0,both_own,1,2,2,0,
attenuated,attenuated,0.0,both_own,2,0,0,456,0.9702127659574468
attenuated,attenuated,0.0,both_own,2,0,1,14,0.029787234042553193
attenuated,attenuated,0.0,both_own,2,0,2,0,0.0
attenuated,attenuated,0.0,both_own,2,1,0,7,1.0
attenuated,attenuated,0.0,both_own,2,1,1,0,0.0
attenuated,attenuated,0.0,both_own,2,1,2,0,0.0
attenuated,attenuated,0.0,both_own,2,2,0,0,
attenuated,attenuated,0.0,both_own,2,2,1,0,
attenuated,attenuated,0.0,both_own,2,2,2,0,
attenuated,attenuated,0.0,both_own,3,0,0,451,0.9740820734341252
attenuated,attenuated,0.0,both_own,3,0,1,12,0.02591792656587473
attenuated,attenuated,0.0,both_own,3,0,2,0,0.0
attenuated,attenuated,0.0,both_own,3,1,0,14,1.0
attenuated,attenuated,0.0,both_own,3,1,1,0,0.0
attenuated,attenuated,0.0,both_own,3,1,2,0,0.0
attenuated,attenuated,0.0,both_own,3,2,0,0,
attenuated,attenuated,0.0,both_own,3,2,1,0,
attenuated,attenuated,0.0,both_own,3,2,2,0,
attenuated,attenuated,0.0,both_own,4,0,0,451,0.9698924731182795
attenuated,attenuated,0.0,both_own,4,0,1,14,0.030107526881720432
attenuated,attenuated,0.0,both_own,4,0,2,0,0.0
attenuated,attenuated,0.0,both_own,4,1,0,12,1.0
attenuated,attenuated,0.0,both_own,4,1,1,0,0.0
attenuated,attenuated,0.0,both_own,4,1,2,0,0.0
attenuated,attenuated,0.0,both_own,4,2,0,0,
attenuated,attenuated,0.0,both_own,4,2,1,0,
attenuated,attenuated,0.0,both_own,4,2,2,0,
attenuated,attenuated,0.0,both_own,5,0,0,454,0.980561555075594
attenuated,attenuated,0.0,both_own,5,0,1,9,0.019438444924406047
attenuated,attenuated,0.0,both_own,5,0,2,0,0.0
attenuated,attenuated,0.0,both_own,5,1,0,14,1.0
attenuated,attenuated,0.0,both_own,5,1,1,0,0.0
attenuated,attenuated,0.0,both_own,5,1,2,0,0.0
attenuated,attenuated,0.0,both_own,5,2,0,0,
attenuated,attenuated,0.0,both_own,5,2,1,0,
attenuated,attenuated,0.0,both_own,5,2,2,0,
attenuated,attenuated,0.0,both_own,6,0,0,452,0.9658119658119658
attenuated,attenuated,0.0,both_own,6,0,1,16,0.03418803418803419
attenuated,attenuated,0.0,both_own,6,0,2,0,0.0
attenuated,attenuated,0.0,both_own,6,1,0,9,1.0
attenuated,attenuated,0.0,both_own,6,1,1,0,0.0
attenuated,attenuated,0.0,both_own,6,1,2,0,0.0
attenuated,attenuated,0.0,both_own,6,2,0,0,
attenuated,attenuated,0.0,both_own,6,2,1,0,
attenuated,attenuated,0.0,both_own,6,2,2,0,
attenuated,attenuated,0.0,both_own,7,0,0,451,0.9783080260303688
attenuated,attenuated,0.0,both_own,7,0,1,10,0.021691973969631236
attenuated,attenuated,0.0,both_own,7,0,2,0,0.0
attenuated,attenuated,0.0,both_own,7,1,0,16,1.0
attenuated,attenuated,0.0,both_own,7,1,1,0,0.0
attenuated,attenuated,0.0,both_own,7,1,2,0,0.0
attenuated,attenuated,0.0,both_own,7,2,0,0,
attenuated,attenuated,0.0,both_own,7,2,1,0,
attenuated,attenuated,0.0,both_own,7,2,2,0,
attenuated,attenuated,0.0,both_own,8,0,0,445,0.9528907922912205
attenuated,attenuated,0.0,both_own,8,0,1,22,0.047109207708779445
attenuated,attenuated,0.0,both_own,8,0,2,0,0.0
attenuated,attenuated,0.0,both_own,8,1,0,10,1.0
attenuated,attenuated,0.0,both_own,8,1,1,0,0.0
attenuated,attenuated,0.0,both_own,8,1,2,0,0.0
attenuated,attenuated,0.0,both_own,8,2,0,0,
attenuated,attenuated,0.0,both_own,8,2,1,0,
attenuated,attenuated,0.0,both_own,8,2,2,0,
attenuated,attenuated,0.0,both_own,9,0,0,440,0.967032967032967
attenuated,attenuated,0.0,both_own,9,0,1,15,0.03296703296703297
attenuated,attenuated,0.0,both_own,9,0,2,0,0.0
attenuated,attenuated,0.0,both_own,9,1,0,18,0.8181818181818182
attenuated,attenuated,0.0,both_own,9,1,1,4,0.18181818181818182
attenuated,attenuated,0.0,both_own,9,1,2,0,0.0
attenuated,attenuated,0.0,both_own,9,2,0,0,
attenuated,attenuated,0.0,both_own,9,2,1,0,
attenuated,attenuated,0.0,both_own,9,2,2,0,
attenuated,attenuated,0.0,both_own,10,0,0,444,0.9694323144104804
attenuated,attenuated,0.0,both_own,10,0,1,14,0.03056768558951965
attenuated,attenuated,0.0,both_own,10,0,2,0,0.0
attenuated,attenuated,0.0,both_own,10,1,0,18,0.9473684210526315
attenuated,attenuated,0.0,both_own,10,1,1,1,0.05263157894736842
attenuated,attenuated,0.0,both_own,10,1,2,0,0.0
attenuated,attenuated,0.0,both_own,10,2,0,0,
attenuated,attenuated,0.0,both_own,10,2,1,0,
attenuated,attenuated,0.0,both_own,10,2,2,0,
attenuated,attenuated,0.0,both_own,11,0,0,443,0.9588744588744589
attenuated,attenuated,0.0,both_own,11,0,1,19,0.04112554112554113
attenuated,attenuated,0.0,both_own,11,0,2,0,0.0
attenuated,attenuated,0.0,both_own,11,1,0,15,1.0
attenuated,attenuated,0.0,both_own,11,1,1,0,0.0
attenuated,attenuated,0.0,both_own,11,1,2,0,0.0
attenuated,attenuated,0.0,both_own,11,2,0,0,
attenuated,attenuated,0.0,both_own,11,2,1,0,
attenuated,attenuated,0.0,both_own,11,2,2,0,
attenuated,attenuated,0.0,both_own,12,0,0,435,0.9497816593886463
attenuated,attenuated,0.0,both_own,12,0,1,23,0.05021834061135371
attenuated,attenuated,0.0,both_own,12,0,2,0,0.0
attenuated,attenuated,0.0,both_own,12,1,0,19,1.0
attenuated,attenuated,0.0,both_own,12,1,1,0,0.0
attenuated,attenuated,0.0,both_own,12,1,2,0,0.0
attenuated,attenuated,0.0,both_own,12,2,0,0,
attenuated,attenuated,0.0,both_own,12,2,1,0,
attenuated,attenuated,0.0,both_own,12,2,2,0,
attenuated,attenuated,0.0,both_own,13,0,0,424,0.933920704845815
attenuated,attenuated,0.0,both_own,13,0,1,30,0.06607929515418502
attenuated,attenuated,0.0,both_own,13,0,2,0,0.0
attenuated,attenuated,0.0,both_own,13,1,0,22,0.9565217391304348
attenuated,attenuated,0.0,both_own,13,1,1,1,0.043478260869565216
attenuated,attenuated,0.0,both_own,13,1,2,0,0.0
attenuated,attenuated,0.0,both_own,13,2,0,0,
attenuated,attenuated,0.0,both_own,13,2,1,0,
attenuated,attenuated,0.0,both_own,13,2,2,0,
attenuated,attenuated,0.0,both_own,14,0,0,423,0.9484304932735426
attenuated,attenuated,0.0,both_own,14,0,1,23,0.0515695067264574
attenuated,attenuated,0.0,both_own,14,0,2,0,0.0
attenuated,attenuated,0.0,both_own,14,1,0,27,0.8709677419354839
attenuated,attenuated,0.0,both_own,14,1,1,4,0.12903225806451613
attenuated,attenuated,0.0,both_own,14,1,2,0,0.0
attenuated,attenuated,0.0,both_own,14,2,0,0,
attenuated,attenuated,0.0,both_own,14,2,1,0,
attenuated,attenuated,0.0,both_own,14,2,2,0,
attenuated,attenuated,0.0,both_own,15,0,0,434,0.9644444444444444
attenuated,attenuated,0.0,both_own,15,0,1,16,0.035555555555555556
attenuated,attenuated,0.0,both_own,15,0,2,0,0.0
attenuated,attenuated,0.0,both_own,15,1,0,23,0.8518518518518519
attenuated,attenuated,0.0,both_own,15,1,1,4,0.14814814814814814
attenuated,attenuated,0.0,both_own,15,1,2,0,0.0
attenuated,attenuated,0.0,both_own,15,2,0,0,
attenuated,attenuated,0.0,both_own,15,2,1,0,
attenuated,attenuated,0.0,both_own,15,2,2,0,
attenuated,attenuated,0.0,both_own,16,0,0,442,0.9671772428884027
attenuated,attenuated,0.0,both_own,16,0,1,15,0.03282275711159737
attenuated,attenuated,0.0,both_own,16,0,2,0,0.0
attenuated,attenuated,0.0,both_own,16,1,0,20,1.0
attenuated,attenuated,0.0,both_own,16,1,1,0,0.0
attenuated,attenuated,0.0,both_own,16,1,2,0,0.0
attenuated,attenuated,0.0,both_own,16,2,0,0,
attenuated,attenuated,0.0,both_own,16,2,1,0,
attenuated,attenuated,0.0,both_own,16,2,2,0,
attenuated,attenuated,0.0,both_own,17,0,0,452,0.9783549783549783
attenuated,attenuated,0.0,both_own,17,0,1,10,0.021645021645021644
attenuated,attenuated,0.0,both_own,17,0,2,0,0.0
attenuated,attenuated,0.0,both_own,17,1,0,14,0.9333333333333333
attenuated,attenuated,0.0,both_own,17,1,1,1,0.06666666666666667
attenuated,attenuated,0.0,both_own,17,1,2,0,0.0
attenuated,attenuated,0.0,both_own,17,2,0,0,
attenuated,attenuated,0.0,both_own,17,2,1,0,
attenuated,attenuated,0.0,both_own,17,2,2,0,
attenuated,attenuated,0.0,both_own,18,0,0,441,0.9463519313304721
attenuated,attenuated,0.0,both_own,18,0,1,25,0.0536480686695279
attenuated,attenuated,0.0,both_own,18,0,2,0,0.0
attenuated,attenuated,0.0,both_own,18,1,0,11,1.0
attenuated,attenuated,0.0,both_own,18,1,1,0,0.0
attenuated,attenuated,0.0,both_own,18,1,2,0,0.0
attenuated,attenuated,0.0,both_own,18,2,0,0,
attenuated,attenuated,0.0,both_own,18,2,1,0,
attenuated,attenuated,0.0,both_own,18,2,2,0,
attenuated,attenuated,0.0,both_own,19,0,0,430,0.9513274336283186
attenuated,attenuated,0.0,both_own,19,0,1,22,0.048672566371681415
attenuated,attenuated,0.0,both_own,19,0,2,0,0.0
attenuated,attenuated,0.0,both_own,19,1,0,21,0.84
attenuated,attenuated,0.0,both_own,19,1,1,4,0.16
attenuated,attenuated,0.0,both_own,19,1,2,0,0.0
attenuated,attenuated,0.0,both_own,19,2,0,0,
attenuated,attenuated,0.0,both_own,19,2,1,0,
attenuated,attenuated,0.0,both_own,19,2,2,0,
attenuated,attenuated,0.0,both_own,20,0,0,428,0.9490022172949002
attenuated,attenuated,0.0,both_own,20,0,1,23,0.050997782705099776
attenuated,attenuated,0.0,both_own,20,0,2,0,0.0
attenuated,attenuated,0.0,both_own,20,1,0,24,0.9230769230769231
attenuated,attenuated,0.0,both_own,20,1,1,2,0.07692307692307693
attenuated,attenuated,0.0,both_own,20,1,2,0,0.0
attenuated,attenuated,0.0,both_own,20,2,0,0,
attenuated,attenuated,0.0,both_own,20,2,1,0,
attenuated,attenuated,0.0,both_own,20,2,2,0,
attenuated,attenuated,0.0,both_own,21,0,0,435,0.9623893805309734
attenuated,attenuated,0.0,both_own,21,0,1,17,0.03761061946902655
attenuated,attenuated,0.0,both_own,21,0,2,0,0.0
attenuated,attenuated,0.0,both_own,21,1,0,24,0.96
attenuated,attenuated,0.0,both_own,21,1,1,1,0.04
attenuated,attenuated,0.0,both_own,21,1,2,0,0.0
attenuated,attenuated,0.0,both_own,21,2,0,0,
attenuated,attenuated,0.0,both_own,21,2,1,0,
attenuated,attenuated,0.0,both_own,21,2,2,0,
attenuated,attenuated,0.0,both_own,22,0,0,440,0.9586056644880174
attenuated,attenuated,0.0,both_own,22,0,1,19,0.04139433551198257
attenuated,attenuated,0.0,both_own,22,0,2,0,0.0
attenuated,attenuated,0.0,both_own,22,1,0,17,0.9444444444444444
attenuated,attenuated,0.0,both_own,22,1,1,1,0.05555555555555555
attenuated,attenuated,0.0,both_own,22,1,2,0,0.0
attenuated,attenuated,0.0,both_own,22,2,0,0,
attenuated,attenuated,0.0,both_own,22,2,1,0,
attenuated,attenuated,0.0,both_own,22,2,2,0,
attenuated,attenuated,0.0,both_own,23,0,0,433,0.9474835886214442
attenuated,attenuated,0.0,both_own,23,0,1,24,0.0525164113785558
attenuated,attenuated,0.0,both_own,23,0,2,0,0.0
attenuated,attenuated,0.0,both_own,23,1,0,20,1.0
attenuated,attenuated,0.0,both_own,23,1,1,0,0.0
attenuated,attenuated,0.0,both_own,23,1,2,0,0.0
attenuated,attenuated,0.0,both_own,23,2,0,0,
attenuated,attenuated,0.0,both_own,23,2,1,0,
attenuated,attenuated,0.0,both_own,23,2,2,0,
attenuated,attenuated,0.0,both_own,0,0,0,10169,0.9622445117335352
attenuated,attenuated,0.0,both_own,0,0,1,399,0.0377554882664648
attenuated,attenuated,0.0,both_own,0,0,2,0,0.0
attenuated,attenuated,0.0,both_own,0,1,0,380,0.9429280397022333
attenuated,attenuated,0.0,both_own,0,1,1,23,0.05707196029776675
attenuated,attenuated,0.0,both_own,0,1,2,0,0.0
attenuated,attenuated,0.0,both_own,0,2,0,0,
attenuated,attenuated,0.0,both_own,0,2,1,0,
attenuated,attenuated,0.0,both_own,0,2,2,0,
attenuated,costly,0.0,all,1,0,0,1159,0.9257188498402555
attenuated,costly,0.0,all,1,0,1,93,0.0742811501597444
attenuated,costly,0.0,all,1,0,2,0,0.0
attenuated,costly,0.0,all,1,1,0,61,0.08155080213903744
attenuated,costly,0.0,all,1,1,1,687,0.9184491978609626
attenuated,costly,0.0,all,1,1,2,0,0.0
attenuated,costly,0.0,all,1,2,0,0,
attenuated,costly,0.0,all,1,2,1,0,
attenuated,costly,0.0,all,1,2,2,0,
attenuated,costly,0.0,all,2,0,0,1159,0.95
attenuated,costly,0.0,all,2,0,1,61,0.05
attenuated,costly,0.0,all,2,0,2,0,0.0
attenuated,costly,0.0,all,2,1,0,70,0.08974358974358974
attenuated,costly,0.0,all,2,1,1,710,0.9102564102564102
attenuated,costly,0.0,all,2,1,2,0,0.0
attenuated,costly,0.0,all,2,2,0,0,
attenuated,costly,0.0,all,2,2,1,0,
attenuated,costly,0.0,all,2,2,2,0,
attenuated,costly,0.0,all,3,0,0,1163,0.9462978030919447
attenuated,costly,0.0,all,3,0,1,66,0.05370219690805533
attenuated,costly,0.0,all,3,0,2,0,0.0
attenuated,costly,0.0,all,3,1,0,76,0.09857328145265888
attenuated,costly,0.0,all,3,1,1,695,0.9014267185473411
attenuated,costly,0.0,all,3,1,2,0,0.0
attenuated,costly,0.0,all,3,2,0,0,
attenuated,costly,0.0,all,3,2,1,0,
attenuated,costly,0.0,all,3,2,2,0,
attenuated,costly,0.0,all,4,0,0,1177,0.9499596448748991
attenuated,costly,0.0,all,4,0,1,62,0.05004035512510089
attenuated,costly,0.0,all,4,0,2,0,0.0
attenuated,costly,0.0,all,4,1,0,65,0.08541392904073587
attenuated,costly,0.0,all,4,1,1,696,0.9145860709592641
attenuated,costly,0.0,all,4,1,2,0,0.0
attenuated,costly,0.0,all,4,2,0,0,
attenuated,costly,0.0,all,4,2,1,0,
attenuated,costly,0.0,all,4,2,2,0,
attenuated,costly,0.0,all,5,0,0,1179,0.9492753623188406
attenuated,costly,0.0,all,5,0,1,63,0.050724637681159424
attenuated,costly,0.0,all,5,0,2,0,0.0
attenuated,costly,0.0,all,5,1,0,52,0.06860158311345646
attenuated,costly,0.0,all,5,1,1,706,0.9313984168865436
attenuated,costly,0.0,all,5,1,2,0,0.0
attenuated,costly,0.0,all,5,2,0,0,
attenuated,costly,0.0,all,5,2,1,0,
attenuated,costly,0.0,all,5,2,2,0,
attenuated,costly,0.0,all,6,0,0,1168,0.9488220958570268
attenuated,costly,0.0,all,6,0,1,63,0.05117790414297319
attenuated,costly,0.0,all,6,0,2,0,0.0
attenuated,costly,0.0,all,6,1,0,72,0.09362808842652796
attenuated,costly,0.0,all,6,1,1,697,0.9063719115734721
attenuated,costly,0.0,all,6,1,2,0,0.0
attenuated,costly,0.0,all,6,2,0,0,
attenuated,costly,0.0,all,6,2,1,0,
attenuated,costly,0.0,all,6,2,2,0,
attenuated,costly,0.0,all,7,0,0,1160,0.9354838709677419
attenuated,costly,0.0,all,7,0,1,80,0.06451612903225806
attenuated,costly,0.0,all,7,0,2,0,0.0
attenuated,costly,0.0,all,7,1,0,55,0.07236842105263158
attenuated,costly,0.0,all,7,1,1,705,0.9276315789473685
attenuated,costly,0.0,all,7,1,2,0,0.0
attenuated,costly,0.0,all,7,2,0,0,
attenuated,costly,0.0,all,7,2,1,0,
attenuated,costly,0.0,all,7,2,2,0,
attenuated,costly,0.0,all,8,0,0,1164,0.9580246913580247
attenuated,costly,0.0,all,8,0,1,51,0.04197530864197531
attenuated,costly,0.0,all,8,0,2,0,0.0
attenuated,costly,0.0,all,8,1,0,69,0.08789808917197452
attenuated,costly,0.0,all,8,1,1,716,0.9121019108280255
attenuated,costly,0.0,all,8,1,2,0,0.0
attenuated,costly,0.0,all,8,2,0,0,
attenuated,costly,0.0,all,8,2,1,0,
attenuated,costly,0.0,all,8,2,2,0,
attenuated,costly,0.0,all,9,0,0,1167,0.9464720194647201
attenuated,costly,0.0,all,9,0,1,66,0.0535279805352798
attenuated,costly,0.0,all,9,0,2,0,0.0
attenuated,costly,0.0,all,9,1,0,67,0.08735332464146023
attenuated,costly,0.0,all,9,1,1,700,0.9126466753585397
attenuated,costly,0.0,all,9,1,2,0,0.0
attenuated,costly,0.0,all,9,2,0,0,
attenuated,costly,0.0,all,9,2,1,0,
attenuated,costly,0.0,all,9,2,2,0,
attenuated,costly,0.0,all,10,0,0,1153,0.9343598055105349
attenuated,costly,0.0,all,10,0,1,81,0.06564019448946515
attenuated,costly,0.0,all,10,0,2,0,0.0
attenuated,costly,0.0,all,10,1,0,73,0.09530026109660575
attenuated,costly,0.0,all,10,1,1,693,0.9046997389033943
attenuated,costly,0.0,all,10,1,2,0,0.0
attenuated,costly,0.0,all,10,2,0,0,
attenuated,costly,0.0,all,10,2,1,0,
attenuated,costly,0.0,all,10,2,2,0,
attenuated,costly,0.0,all,11,0,0,1163,0.9486133768352365
attenuated,costly,0.0,all,11,0,1,63,0.05138662316476346
attenuated,costly,0.0,all,11,0,2,0,0.0
attenuated,costly,0.0,all,11,1,0,72,0.09302325581395349
attenuated,costly,0.0,all,11,1,1,702,0.9069767441860465
attenuated,costly,0.0,all,11,1,2,0,0.0
attenuated,costly,0.0,all,11,2,0,0,
attenuated,costly,0.0,all,11,2,1,0,
attenuated,costly,0.0,all,11,2,2,0,
attenuated,costly,0.0,all,12,0,0,1168,0.945748987854251
attenuated,costly,0.0,all,12,0,1,67,0.05425101214574899
attenuated,costly,0.0,all,12,0,2,0,0.0
attenuated,costly,0.0,all,12,1,0,73,0.09542483660130718
attenuated,costly,0.0,all,12,1,1,692,0.9045751633986928
attenuated,costly,0.0,all,12,1,2,0,0.0
attenuated,costly,0.0,all,12,2,0,0,
attenuated,costly,0.0,all,12,2,1,0,
attenuated,costly,0.0,all,12,2,2,0,
attenuated,costly,0.0,all,13,0,0,1158,0.9331184528605962
attenuated,costly,0.0,all,13,0,1,83,0.06688154713940371
attenuated,costly,0.0,all,13,0,2,0,0.0
attenuated,costly,0.0,all,13,1,0,69,0.09090909090909091
attenuated,costly,0.0,all,13,1,1,690,0.9090909090909091
attenuated,costly,0.0,all,13,1,2,0,0.0
attenuated,costly,0.0,all,13,2,0,0,
attenuated,costly,0.0,all,13,2,1,0,
attenuated,costly,0.0,all,13,2,2,0,
attenuated,costly,0.0,all,14,0,0,1148,0.9356153219233904
attenuated,costly,0.0,all,14,0,1,79,0.06438467807660962
attenuated,costly,0.0,all,14,0,2,0,0.0
attenuated,costly,0.0,all,14,1,0,79,0.10219922380336352
attenuated,costly,0.0,all,14,1,1,694,0.8978007761966365
attenuated,costly,0.0,all,14,1,2,0,0.0
attenuated,costly,0.0,all,14,2,0,0,
attenuated,costly,0.0,all,14,2,1,0,
attenuated,costly,0.0,all,14,2,2,0,
attenuated,costly,0.0,all,15,0,0,1150,0.9372453137734311
attenuated,costly,0.0,all,15,0,1,77,0.06275468622656886
attenuated,costly,0.0,all,15,0,2,0,0.0
attenuated,costly,0.0,all,15,1,0,65,0.08408796895213454
attenuated,costly,0.0,all,15,1,1,708,0.9159120310478654
attenuated,costly,0.0,all,15,1,2,0,0.0
attenuated,costly,0.0,all,15,2,0,0,
attenuated,costly,0.0,all,15,2,1,0,
attenuated,costly,0.0,all,15,2,2,0,
attenuated,costly,0.0,all,16,0,0,1150,0.9465020576131687
attenuated,costly,0.0,all,16,0,1,65,0.053497942386831275
attenuated,costly,0.0,all,16,0,2,0,0.0
attenuated,costly,0.0,all,16,1,0,86,0.10955414012738854
attenuated,costly,0.0,all,16,1,1,699,0.8904458598726115
attenuated,costly,0.0,all,16,1,2,0,0.0
attenuated,costly,0.0,all,16,2,0,0,
attenuated,costly,0.0,all,16,2,1,0,
attenuated,costly,0.0,all,16,2,2,0,
attenuated,costly,0.0,all,17,0,0,1167,0.9441747572815534
attenuated,costly,0.0,all,17,0,1,69,0.055825242718446605
attenuated,costly,0.0,all,17,0,2,0,0.0
attenuated,costly,0.0,all,17,1,0,74,0.0968586387434555
attenuated,costly,0.0,all,17,1,1,690,0.9031413612565445
attenuated,costly,0.0,all,17,1,2,0,0.0
attenuated,costly,0.0,all,17,2,0,0,
attenuated,costly,0.0,all,17,2,1,0,
attenuated,costly,0.0,all,17,2,2,0,
attenuated,costly,0.0,all,18,0,0,1172,0.9443996776792909
attenuated,costly,0.0,all,18,0,1,69,0.055600322320709106
attenuated,costly,0.0,all,18,0,2,0,0.0
attenuated,costly,0.0,all,18,1,0,58,0.0764163372859025
attenuated,costly,0.0,all,18,1,1,701,0.9235836627140975
attenuated,costly,0.0,all,18,1,2,0,0.0
attenuated,costly,0.0,all,18,2,0,0,
attenuated,costly,0.0,all,18,2,1,0,
attenuated,costly,0.0,all,18,2,2,0,
attenuated,costly,0.0,all,19,0,0,1165,0.9471544715447154
attenuated,costly,0.0,all,19,0,1,65,0.052845528455284556
attenuated,costly,0.0,all,19,0,2,0,0.0
attenuated,costly,0.0,all,19,1,0,81,0.10519480519480519
attenuated,costly,0.0,all,19,1,1,689,0.8948051948051948
attenuated,costly,0.0,all,19,1,2,0,0.0
attenuated,costly,0.0,all,19,2,0,0,
attenuated,costly,0.0,all,19,2,1,0,
attenuated,costly,0.0,all,19,2,2,0,
attenuated,costly,0.0,all,20,0,0,1163,0.9333868378812199
attenuated,costly,0.0,all,20,0,1,83,0.0666131621187801
attenuated,costly,0.0,all,20,0,2,0,0.0
attenuated,costly,0.0,all,20,1,0,64,0.08488063660477453
attenuated,costly,0.0,all,20,1,1,690,0.9151193633952255
attenuated,costly,0.0,all,20,1,2,0,0.0
attenuated,costly,0.0,all,20,2,0,0,
attenuated,costly,0.0,all,20,2,1,0,
attenuated,costly,0.0,all,20,2,2,0,
attenuated,costly,0.0,all,21,0,0,1162,0.9470252648736757
attenuated,costly,0.0,all,21,0,1,65,0.05297473512632437
attenuated,costly,0.0,all,21,0,2,0,0.0
attenuated,costly,0.0,all,21,1,0,57,0.07373868046571798
attenuated,costly,0.0,all,21,1,1,716,0.926261319534282
attenuated,costly,0.0,all,21,1,2,0,0.0
attenuated,costly,0.0,all,21,2,0,0,
attenuated,costly,0.0,all,21,2,1,0,
attenuated,costly,0.0,all,21,2,2,0,
attenuated,costly,0.0,all,22,0,0,1150,0.9433962264150944
attenuated,costly,0.0,all,22,0,1,69,0.05660377358490566
attenuated,costly,0.0,all,22,0,2,0,0.0
attenuated,costly,0.0,all,22,1,0,77,0.09859154929577464
attenuated,costly,0.0,all,22,1,1,704,0.9014084507042254
attenuated,costly,0.0,all,22,1,2,0,0.0
attenuated,costly,0.0,all,22,2,0,0,
attenuated,costly,0.0,all,22,2,1,0,
attenuated,costly,0.0,all,22,2,2,0,
attenuated,costly,0.0,all,23,0,0,1152,0.9388753056234719
attenuated,costly,0.0,all,23,0,1,75,0.061124694376528114
attenuated,costly,0.0,all,23,0,2,0,0.0
attenuated,costly,0.0,all,23,1,0,84,0.10866752910737387
attenuated,costly,0.0,all,23,1,1,689,0.8913324708926261
attenuated,costly,0.0,all,23,1,2,0,0.0
attenuated,costly,0.0,all,23,2,0,0,
attenuated,costly,0.0,all,23,2,1,0,
attenuated,costly,0.0,all,23,2,2,0,
attenuated,costly,0.0,all,0,0,0,26717,0.9429973175208245
attenuated,costly,0.0,all,0,0,1,1615,0.05700268247917549
attenuated,costly,0.0,all,0,0,2,0,0.0
attenuated,costly,0.0,all,0,1,0,1599,0.09050260357708852
attenuated,costly,0.0,all,0,1,1,16069,0.9094973964229115
attenuated,costly,0.0,all,0,1,2,0,0.0
attenuated,costly,0.0,all,0,2,0,0,
attenuated,costly,0.0,all,0,2,1,0,
attenuated,costly,0.0,all,0,2,2,0,
attenuated,costly,0.0,both_own,1,0,0,475,0.9978991596638656
attenuated,costly,0.0,both_own,1,0,1,1,0.0021008403361344537
attenuated,costly,0.0,both_own,1,0,2,0,0.0
attenuated,costly,0.0,both_own,1,1,0,1,1.0
attenuated,costly,0.0,both_own,1,1,1,0,0.0
attenuated,costly,0.0,both_own,1,1,2,0,0.0
attenuated,costly,0.0,both_own,1,2,0,0,
attenuated,costly,0.0,both_own,1,2,1,0,
attenuated,costly,0.0,both_own,1,2,2,0,
attenuated,costly,0.0,both_own,2,0,0,470,0.9873949579831933
attenuated,costly,0.0,both_own,2,0,1,6,0.012605042016806723
attenuated,costly,0.0,both_own,2,0,2,0,0.0
attenuated,costly,0.0,both_own,2,1,0,1,1.0
attenuated,costly,0.0,both_own,2,1,1,0,0.0
attenuated,costly,0.0,both_own,2,1,2,0,0.0
attenuated,costly,0.0,both_own,2,2,0,0,
attenuated,costly,0.0,both_own,2,2,1,0,
attenuated,costly,0.0,both_own,2,2,2,0,
attenuated,costly,0.0,both_own,3,0,0,466,0.9893842887473461
attenuated,costly,0.0,both_own,3,0,1,5,0.010615711252653927
attenuated,costly,0.0,both_own,3,0,2,0,0.0
attenuated,costly,0.0,both_own,3,1,0,6,1.0
attenuated,costly,0.0,both_own,3,1,1,0,0.0
attenuated,costly,0.0,both_own,3,1,2,0,0.0
attenuated,costly,0.0,both_own,3,2,0,0,
attenuated,costly,0.0,both_own,3,2,1,0,
attenuated,costly,0.0,both_own,3,2,2,0,
attenuated,costly,0.0,both_own,4,0,0,467,0.989406779661017
attenuated,costly,0.0,both_own,4,0,1,5,0.01059322033898305
attenuated,costly,0.0,both_own,4,0,2,0,0.0
attenuated,costly,0.0,both_own,4,1,0,5,1.0
attenuated,costly,0.0,both_own,4,1,1,0,0.0
attenuated,costly,0.0,both_own,4,1,2,0,0.0
attenuated,costly,0.0,both_own,4,2,0,0,
attenuated,costly,0.0,both_own,4,2,1,0,
attenuated,costly,0.0,both_own,4,2,2,0,
attenuated,costly,0.0,both_own,5,0,0,469,0.9936440677966102
attenuated,costly,0.0,both_own,5,0,1,3,0.006355932203389831
attenuated,costly,0.0,both_own,5,0,2,0,0.0
attenuated,costly,0.0,both_own,5,1,0,5,1.0
attenuated,costly,0.0,both_own,5,1,1,0,0.0
attenuated,costly,0.0,both_own,5,1,2,0,0.0
attenuated,costly,0.0,both_own,5,2,0,0,
attenuated,costly,0.0,both_own,5,2,1,0,
attenuated,costly,0.0,both_own,5,2,2,0,
attenuated,costly,0.0,both_own,6,0,0,471,0.9936708860759493
attenuated,costly,0.0,both_own,6,0,1,3,0.006329113924050633
attenuated,costly,0.0,both_own,6,0,2,0,0.0
attenuated,costly,0.0,both_own,6,1,0,3,1.0
attenuated,costly,0.0,both_own,6,1,1,0,0.0
attenuated,costly,0.0,both_own,6,1,2,0,0.0
attenuated,costly,0.0,both_own,6,2,0,0,
attenuated,costly,0.0,both_own,6,2,1,0,
attenuated,costly,0.0,both_own,6,2,2,0,
attenuated,costly,0.0,both_own,7,0,0,469,0.989451476793249
attenuated,costly,0.0,both_own,7,0,1,5,0.010548523206751054
attenuated,costly,0.0,both_own,7,0,2,0,0.0
attenuated,costly,0.0,both_own,7,1,0,3,1.0
attenuated,costly,0.0,both_own,7,1,1,0,0.0
attenuated,costly,0.0,both_own,7,1,2,0,0.0
attenuated,costly,0.0,both_own,7,2,0,0,
attenuated,costly,0.0,both_own,7,2,1,0,
attenuated,costly,0.0,both_own,7,2,2,0,
attenuated,costly,0.0,both_own,8,0,0,464,0.9830508474576272
attenuated,costly,0.0,both_own,8,0,1,8,0.01694915254237288
attenuated,costly,0.0,both_own,8,0,2,0,0.0
attenuated,costly,0.0,both_own,8,1,0,5,1.0
attenuated,costly,0.0,both_own,8,1,1,0,0.0
attenuated,costly,0.0,both_own,8,1,2,0,0.0
attenuated,costly,0.0,both_own,8,2,0,0,
attenuated,costly,0.0,both_own,8,2,1,0,
attenuated,costly,0.0,both_own,8,2,2,0,
attenuated,costly,0.0,both_own,9,0,0,464,0.9893390191897654
attenuated,costly,0.0,both_own,9,0,1,5,0.010660980810234541
attenuated,costly,0.0,both_own,9,0,2,0,0.0
attenuated,costly,0.0,both_own,9,1,0,8,1.0
attenuated,costly,0.0,both_own,9,1,1,0,0.0
attenuated,costly,0.0,both_own,9,1,2,0,0.0
attenuated,costly,0.0,both_own,9,2,0,0,
attenuated,costly,0.0,both_own,9,2,1,0,
attenuated,costly,0.0,both_own,9,2,2,0,
attenuated,costly,0.0,both_own,10,0,0,464,0.9830508474576272
attenuated,costly,0.0,both_own,10,0,1,8,0.01694915254237288
attenuated,costly,0.0,both_own,10,0,2,0,0.0
attenuated,costly,0.0,both_own,10,1,0,4,0.8
attenuated,costly,0.0,both_own,10,1,1,1,0.2
attenuated,costly,0.0,both_own,10,1,2,0,0.0
attenuated,costly,0.0,both_own,10,2,0,0,
attenuated,costly,0.0,both_own,10,2,1,0,
attenuated,costly,0.0,both_own,10,2,2,0,
attenuated,costly,0.0,both_own,11,0,0,460,0.9829059829059829
attenuated,costly,0.0,both_own,11,0,1,8,0.017094017094017096
attenuated,costly,0.0,both_own,11,0,2,0,0.0
attenuated,costly,0.0,both_own,11,1,0,9,1.0
attenuated,costly,0.0,both_own,11,1,1,0,0.0
attenuated,costly,0.0,both_own,11,1,2,0,0.0
attenuated,costly,0.0,both_own,11,2,0,0,
attenuated,costly,0.0,both_own,11,2,1,0,
attenuated,costly,0.0,both_own,11,2,2,0,
attenuated,costly,0.0,both_own,12,0,0,458,0.976545842217484
attenuated,costly,0.0,both_own,12,0,1,11,0.023454157782515993
attenuated,costly,0.0,both_own,12,0,2,0,0.0
attenuated,costly,0.0,both_own,12,1,0,8,1.0
attenuated,costly,0.0,both_own,12,1,1,0,0.0
attenuated,costly,0.0,both_own,12,1,2,0,0.0
attenuated,costly,0.0,both_own,12,2,0,0,
attenuated,costly,0.0,both_own,12,2,1,0,
attenuated,costly,0.0,both_own,12,2,2,0,
attenuated,costly,0.0,both_own,13,0,0,450,0.9656652360515021
attenuated,costly,0.0,both_own,13,0,1,16,0.034334763948497854
attenuated,costly,0.0,both_own,13,0,2,0,0.0
attenuated,costly,0.0,both_own,13,1,0,10,0.9090909090909091
attenuated,costly,0.0,both_own,13,1,1,1,0.09090909090909091
attenuated,costly,0.0,both_own,13,1,2,0,0.0
attenuated,costly,0.0,both_own,13,2,0,0,
attenuated,costly,0.0,both_own,13,2,1,0,
attenuated,costly,0.0,both_own,13,2,2,0,
attenuated,costly,0.0,both_own,14,0,0,445,0.967391304347826
attenuated,costly,0.0,both_own,14,0,1,15,0.03260869565217391
attenuated,costly,0.0,both_own,14,0,2,0,0.0
attenuated,costly,0.0,both_own,14,1,0,17,1.0
attenuated,costly,0.0,both_own,14,1,1,0,0.0
attenuated,costly,0.0,both_own,14,1,2,0,0.0
attenuated,costly,0.0,both_own,14,2,0,0,
attenuated,costly,0.0,both_own,14,2,1,0,
attenuated,costly,0.0,both_own,14,2,2,0,
attenuated,costly,0.0,both_own,15,0,0,452,0.9783549783549783
attenuated,costly,0.0,both_own,15,0,1,10,0.021645021645021644
attenuated,costly,0.0,both_own,15,0,2,0,0.0
attenuated,costly,0.0,both_own,15,1,0,15,1.0
attenuated,costly,0.0,both_own,15,1,1,0,0.0
attenuated,costly,0.0,both_own,15,1,2,0,0.0
attenuated,costly,0.0,both_own,15,2,0,0,
attenuated,costly,0.0,both_own,15,2,1,0,
attenuated,costly,0.0,both_own,15,2,2,0,
attenuated,costly,0.0,both_own,16,0,0,455,0.974304068522484
attenuated,costly,0.0,both_own,16,0,1,12,0.02569593147751606
attenuated,costly,0.0,both_own,16,0,2,0,0.0
attenuated,costly,0.0,both_own,16,1,0,10,1.0
attenuated,costly,0.0,both_own,16,1,1,0,0.0
attenuated,costly,0.0,both_own,16,1,2,0,0.0
attenuated,costly,0.0,both_own,16,2,0,0,
attenuated,costly,0.0,both_own,16,2,1,0,
attenuated,costly,0.0,both_own,16,2,2,0,
attenuated,costly,0.0,both_own,17,0,0,461,0.9913978494623656
attenuated,costly,0.0,both_own,17,0,1,4,0.008602150537634409
attenuated,costly,0.0,both_own,17,0,2,0,0.0
attenuated,costly,0.0,both_own,17,1,0,12,1.0
attenuated,costly,0.0,both_own,17,1,1,0,0.0
attenuated,costly,0.0,both_own,17,1,2,0,0.0
attenuated,costly,0.0,both_own,17,2,0,0,
attenuated,costly,0.0,both_own,17,2,1,0,
attenuated,costly,0.0,both_own,17,2,2,0,
attenuated,costly,0.0,both_own,18,0,0,461,0.9746300211416491
attenuated,costly,0.0,both_own,18,0,1,12,0.02536997885835095
attenuated,costly,0.0,both_own,18,0,2,0,0.0
attenuated,costly,0.0,both_own,18,1,0,3,0.75
attenuated,costly,0.0,both_own,18,1,1,1,0.25
attenuated,costly,0.0,both_own,18,1,2,0,0.0
attenuated,costly,0.0,both_own,18,2,0,0,
attenuated,costly,0.0,both_own,18,2,1,0,
attenuated,costly,0.0,both_own,18,2,2,0,
attenuated,costly,0.0,both_own,19,0,0,453,0.9762931034482759
attenuated,costly,0.0,both_own,19,0,1,11,0.023706896551724137
attenuated,costly,0.0,both_own,19,0,2,0,0.0
attenuated,costly,0.0,both_own,19,1,0,12,0.9230769230769231
attenuated,costly,0.0,both_own,19,1,1,1,0.07692307692307693
attenuated,costly,0.0,both_own,19,1,2,0,0.0
attenuated,costly,0.0,both_own,19,2,0,0,
attenuated,costly,0.0,both_own,19,2,1,0,
attenuated,costly,0.0,both_own,19,2,2,0,
attenuated,costly,0.0,both_own,20,0,0,457,0.9827956989247312
attenuated,costly,0.0,both_own,20,0,1,8,0.017204301075268817
attenuated,costly,0.0,both_own,20,0,2,0,0.0
attenuated,costly,0.0,both_own,20,1,0,11,0.9166666666666666
attenuated,costly,0.0,both_own,20,1,1,1,0.08333333333333333
attenuated,costly,0.0,both_own,20,1,2,0,0.0
attenuated,costly,0.0,both_own,20,2,0,0,
attenuated,costly,0.0,both_own,20,2,1,0,
attenuated,costly,0.0,both_own,20,2,2,0,
attenuated,costly,0.0,both_own,21,0,0,456,0.9743589743589743
attenuated,costly,0.0,both_own,21,0,1,12,0.02564102564102564
attenuated,costly,0.0,both_own,21,0,2,0,0.0
attenuated,costly,0.0,both_own,21,1,0,8,0.8888888888888888
attenuated,costly,0.0,both_own,21,1,1,1,0.1111111111111111
attenuated,costly,0.0,both_own,21,1,2,0,0.0
attenuated,costly,0.0,both_own,21,2,0,0,
attenuated,costly,0.0,both_own,21,2,1,0,
attenuated,costly,0.0,both_own,21,2,2,0,
attenuated,costly,0.0,both_own,22,0,0,452,0.9741379310344828
attenuated,costly,0.0,both_own,22,0,1,12,0.02586206896551724
attenuated,costly,0.0,both_own,22,0,2,0,0.0
attenuated,costly,0.0,both_own,22,1,0,13,1.0
attenuated,costly,0.0,both_own,22,1,1,0,0.0
attenuated,costly,0.0,both_own,22,1,2,0,0.0
attenuated,costly,0.0,both_own,22,2,0,0,
attenuated,costly,0.0,both_own,22,2,1,0,
attenuated,costly,0.0,both_own,22,2,2,0,
attenuated,costly,0.0,both_own,23,0,0,453,0.9741935483870968
attenuated,costly,0.0,both_own,23,0,1,12,0.025806451612903226
attenuated,costly,0.0,both_own,23,0,2,0,0.0
attenuated,costly,0.0,both_own,23,1,0,12,1.0
attenuated,costly,0.0,both_own,23,1,1,0,0.0
attenuated,costly,0.0,both_own,23,1,2,0,0.0
attenuated,costly,0.0,both_own,23,2,0,0,
attenuated,costly,0.0,both_own,23,2,1,0,
attenuated,costly,0.0,both_own,23,2,2,0,
attenuated,costly,0.0,both_own,0,0,0,10592,0.9821958456973294
attenuated,costly,0.0,both_own,0,0,1,192,0.017804154302670624
attenuated,costly,0.0,both_own,0,0,2,0,0.0
attenuated,costly,0.0,both_own,0,1,0,181,0.9679144385026738
attenuated,costly,0.0,both_own,0,1,1,6,0.03208556149732621
attenuated,costly,0.0,both_own,0,1,2,0,0.0
attenuated,costly,0.0,both_own,0,2,0,0,
attenuated,costly,0.0,both_own,0,2,1,0,
attenuated,costly,0.0,both_own,0,2,2,0,
attenuated,mixed,0.0,all,1,0,0,751,0.7647657841140529
attenuated,mixed,0.0,all,1,0,1,231,0.23523421588594703
attenuated,mixed,0.0,all,1,0,2,0,0.0
attenuated,mixed,0.0,all,1,1,0,183,0.18100890207715134
attenuated,mixed,0.0,all,1,1,1,827,0.8180019782393669
attenuated,mixed,0.0,all,1,1,2,1,0.0009891196834817012
attenuated,mixed,0.0,all,1,2,0,0,0.0
attenuated,mixed,0.0,all,1,2,1,6,0.8571428571428571
attenuated,mixed,0.0,all,1,2,2,1,0.14285714285714285
attenuated,mixed,0.0,all,2,0,0,747,0.7997858672376874
attenuated,mixed,0.0,all,2,0,1,186,0.19914346895074947
attenuated,mixed,0.0,all,2,0,2,1,0.0010706638115631692
attenuated,mixed,0.0,all,2,1,0,216,0.20300751879699247
attenuated,mixed,0.0,all,2,1,1,847,0.7960526315789473
attenuated,mixed,0.0,all,2,1,2,1,0.0009398496240601503
attenuated,mixed,0.0,all,2,2,0,1,0.5
attenuated,mixed,0.0,all,2,2,1,1,0.5
attenuated,mixed,0.0,all,2,2,2,0,0.0
attenuated,mixed,0.0,all,3,0,0,742,0.7697095435684648
attenuated,mixed,0.0,all,3,0,1,219,0.22717842323651452
attenuated,mixed,0.0,all,3,0,2,3,0.0031120331950207467
attenuated,mixed,0.0,all,3,1,0,219,0.21179883945841393
attenuated,mixed,0.0,all,3,1,1,814,0.7872340425531915
attenuated,mixed,0.0,all,3,1,2,1,0.0009671179883945841
attenuated,mixed,0.0,all,3,2,0,1,0.5
attenuated,mixed,0.0,all,3,2,1,1,0.5
attenuated,mixed,0.0,all,3,2,2,0,0.0
attenuated,mixed,0.0,all,4,0,0,738,0.7671517671517671
attenuated,mixed,0.0,all,4,0,1,224,0.23284823284823286
attenuated,mixed,0.0,all,4,0,2,0,0.0
attenuated,mixed,0.0,all,4,1,0,210,0.20309477756286268
attenuated,mixed,0.0,all,4,1,1,823,0.7959381044487428
attenuated,mixed,0.0,all,4,1,2,1,0.0009671179883945841
attenuated,mixed,0.0,all,4,2,0,2,0.5
attenuated,mixed,0.0,all,4,2,1,2,0.5
attenuated,mixed,0.0,all,4,2,2,0,0.0
attenuated,mixed,0.0,all,5,0,0,740,0.7789473684210526
attenuated,mixed,0.0,all,5,0,1,210,0.22105263157894736
attenuated,mixed,0.0,all,5,0,2,0,0.0
attenuated,mixed,0.0,all,5,1,0,225,0.21448999046711154
attenuated,mixed,0.0,all,5,1,1,822,0.7836034318398475
attenuated,mixed,0.0,all,5,1,2,2,0.0019065776930409914
attenuated,mixed,0.0,all,5,2,0,0,0.0
attenuated,mixed,0.0,all,5,2,1,1,1.0
attenuated,mixed,0.0,all,5,2,2,0,0.0
attenuated,mixed,0.0,all,6,0,0,726,0.7523316062176166
attenuated,mixed,0.0,all,6,0,1,239,0.24766839378238342
attenuated,mixed,0.0,all,6,0,2,0,0.0
attenuated,mixed,0.0,all,6,1,0,209,0.20232333010648595
attenuated,mixed,0.0,all,6,1,1,824,0.797676669893514
attenuated,mixed,0.0,all,6,1,2,0,0.0
attenuated,mixed,0.0,all,6,2,0,0,0.0
attenuated,mixed,0.0,all,6,2,1,2,1.0
attenuated,mixed,0.0,all,6,2,2,0,0.0
attenuated,mixed,0.0,all,7,0,0,722,0.772192513368984
attenuated,mixed,0.0,all,7,0,1,213,0.22780748663101605
attenuated,mixed,0.0,all,7,0,2,0,0.0
attenuated,mixed,0.0,all,7,1,0,200,0.18779342723004694
attenuated,mixed,0.0,all,7,1,1,863,0.8103286384976526
attenuated,mixed,0.0,all,7,1,2,2,0.0018779342723004694
attenuated,mixed,0.0,all,7,2,0,0,
attenuated,mixed,0.0,all,7,2,1,0,
attenuated,mixed,0.0,all,7,2,2,0,
attenuated,mixed,0.0,all,8,0,0,704,0.7635574837310195
attenuated,mixed,0.0,all,8,0,1,218,0.23644251626898047
attenuated,mixed,0.0,all,8,0,2,0,0.0
attenuated,mixed,0.0,all,8,1,0,217,0.2016728624535316
attenuated,mixed,0.0,all,8,1,1,857,0.7964684014869888
attenuated,mixed,0.0,all,8,1,2,2,0.0018587360594795538
attenuated,mixed,0.0,all,8,2,0,1,0.5
attenuated,mixed,0.0,all,8,2,1,1,0.5
attenuated,mixed,0.0,all,8,2,2,0,0.0
attenuated,mixed,0.0,all,9,0,0,714,0.7744034707158352
attenuated,mixed,0.0,all,9,0,1,206,0.22342733188720174
attenuated,mixed,0.0,all,9,0,2,2,0.0021691973969631237
attenuated,mixed,0.0,all,9,1,0,235,0.2184014869888476
attenuated,mixed,0.0,all,9,1,1,839,0.7797397769516728
attenuated,mixed,0.0,all,9,1,2,2,0.0018587360594795538
attenuated,mixed,0.0,all,9,2,0,1,0.5
attenuated,mixed,0.0,all,9,2,1,1,0.5
attenuated,mixed,0.0,all,9,2,2,0,0.0
attenuated,mixed,0.0,all,10,0,0,710,0.7473684210526316
attenuated,mixed,0.0,all,10,0,1,240,0.25263157894736843
attenuated,mixed,0.0,all,10,0,2,0,0.0
attenuated,mixed,0.0,all,10,1,0,222,0.21223709369024857
attenuated,mixed,0.0,all,10,1,1,822,0.7858508604206501
attenuated,mixed,0.0,all,10,1,2,2,0.0019120458891013384
attenuated,mixed,0.0,all,10,2,0,2,0.5
attenuated,mixed,0.0,all,10,2,1,2,0.5
attenuated,mixed,0.0,all,10,2,2,0,0.0
attenuated,mixed,0.0,all,11,0,0,723,0.7740899357601713
attenuated,mixed,0.0,all,11,0,1,208,0.22269807280513917
attenuated,mixed,0.0,all,11,0,2,3,0.0032119914346895075
attenuated,mixed,0.0,all,11,1,0,217,0.20394736842105263
attenuated,mixed,0.0,all,11,1,1,846,0.7951127819548872
attenuated,mixed,0.0,all,11,1,2,1,0.0009398496240601503
attenuated,mixed,0.0,all,11,2,0,0,0.0
attenuated,mixed,0.0,all,11,2,1,2,1.0
attenuated,mixed,0.0,all,11,2,2,0,0.0
attenuated,mixed,0.0,all,12,0,0,724,0.7702127659574468
attenuated,mixed,0.0,all,12,0,1,213,0.22659574468085106
attenuated,mixed,0.0,all,12,0,2,3,0.0031914893617021275
attenuated,mixed,0.0,all,12,1,0,232,0.2196969696969697
attenuated,mixed,0.0,all,12,1,1,822,0.7784090909090909
attenuated,mixed,0.0,all,12,1,2,2,0.001893939393939394
attenuated,mixed,0.0,all,12,2,0,0,0.0
attenuated,mixed,0.0,all,12,2,1,2,0.5
attenuated,mixed,0.0,all,12,2,2,2,0.5
attenuated,mixed,0.0,all,13,0,0,719,0.752092050209205
attenuated,mixed,0.0,all,13,0,1,234,0.24476987447698745
attenuated,mixed,0.0,all,13,0,2,3,0.0031380753138075313
attenuated,mixed,0.0,all,13,1,0,217,0.20925747348119575
attenuated,mixed,0.0,all,13,1,1,819,0.789778206364513
attenuated,mixed,0.0,all,13,1,2,1,0.0009643201542912247
attenuated,mixed,0.0,all,13,2,0,3,0.42857142857142855
attenuated,mixed,0.0,all,13,2,1,3,0.42857142857142855
attenuated,mixed,0.0,all,13,2,2,1,0.14285714285714285
attenuated,mixed,0.0,all,14,0,0,699,0.744408945686901
attenuated,mixed,0.0,all,14,0,1,240,0.25559105431309903
attenuated,mixed,0.0,all,14,0,2,0,0.0
attenuated,mixed,0.0,all,14,1,0,243,0.23011363636363635
attenuated,mixed,0.0,all,14,1,1,810,0.7670454545454546
attenuated,mixed,0.0,all,14,1,2,3,0.002840909090909091
attenuated,mixed,0.0,all,14,2,0,0,0.0
attenuated,mixed,0.0,all,14,2,1,4,0.8
attenuated,mixed,0.0,all,14,2,2,1,0.2
attenuated,mixed,0.0,all,15,0,0,730,0.7749469214437368
attenuated,mixed,0.0,all,15,0,1,212,0.22505307855626328
attenuated,mixed,0.0,all,15,0,2,0,0.0
attenuated,mixed,0.0,all,15,1,0,221,0.20967741935483872
attenuated,mixed,0.0,all,15,1,1,829,0.786527514231499
attenuated,mixed,0.0,all,15,1,2,4,0.003795066413662239
attenuated,mixed,0.0,all,15,2,0,2,0.5
attenuated,mixed,0.0,all,15,2,1,2,0.5
attenuated,mixed,0.0,all,15,2,2,0,0.0
attenuated,mixed,0.0,all,16,0,0,734,0.770199370409234
attenuated,mixed,0.0,all,16,0,1,218,0.22875131164742918
attenuated,mixed,0.0,all,16,0,2,1,0.001049317943336831
attenuated,mixed,0.0,all,16,1,0,232,0.2224352828379674
attenuated,mixed,0.0,all,16,1,1,809,0.775647171620326
attenuated,mixed,0.0,all,16,1,2,2,0.0019175455417066154
attenuated,mixed,0.0,all,16,2,0,1,0.25
attenuated,mixed,0.0,all,16,2,1,3,0.75
attenuated,mixed,0.0,all,16,2,2,0,0.0
attenuated,mixed,0.0,all,17,0,0,734,0.7590486039296794
attenuated,mixed,0.0,all,17,0,1,232,0.23991726990692863
attenuated,mixed,0.0,all,17,0,2,1,0.001034126163391934
attenuated,mixed,0.0,all,17,1,0,216,0.20970873786407768
attenuated,mixed,0.0,all,17,1,1,814,0.7902912621359224
attenuated,mixed,0.0,all,17,1,2,0,0.0
attenuated,mixed,0.0,all,17,2,0,2,0.6666666666666666
attenuated,mixed,0.0,all,17,2,1,1,0.3333333333333333
attenuated,mixed,0.0,all,17,2,2,0,0.0
attenuated,mixed,0.0,all,18,0,0,716,0.7521008403361344
attenuated,mixed,0.0,all,18,0,1,236,0.24789915966386555
attenuated,mixed,0.0,all,18,0,2,0,0.0
attenuated,mixed,0.0,all,18,1,0,224,0.2139446036294174
attenuated,mixed,0.0,all,18,1,1,820,0.7831900668576887
attenuated,mixed,0.0,all,18,1,2,3,0.0028653295128939827
attenuated,mixed,0.0,all,18,2,0,1,1.0
attenuated,mixed,0.0,all,18,2,1,0,0.0
attenuated,mixed,0.0,all,18,2,2,0,0.0
attenuated,mixed,0.0,all,19,0,0,714,0.7587672688629118
attenuated,mixed,0.0,all,19,0,1,227,0.2412327311370882
attenuated,mixed,0.0,all,19,0,2,0,0.0
attenuated,mixed,0.0,all,19,1,0,240,0.22727272727272727
attenuated,mixed,0.0,all,19,1,1,814,0.7708333333333334
attenuated,mixed,0.0,all,19,1,2,2,0.001893939393939394
attenuated,mixed,0.0,all,19,2,0,0,0.0
attenuated,mixed,0.0,all,19,2,1,3,1.0
attenuated,mixed,0.0,all,19,2,2,0,0.0
attenuated,mixed,0.0,all,20,0,0,712,0.7463312368972747
attenuated,mixed,0.0,all,20,0,1,240,0.25157232704402516
attenuated,mixed,0.0,all,20,0,2,2,0.0020964360587002098
attenuated,mixed,0.0,all,20,1,0,239,0.2289272030651341
attenuated,mixed,0.0,all,20,1,1,804,0.7701149425287356
attenuated,mixed,0.0,all,20,1,2,1,0.0009578544061302681
attenuated,mixed,0.0,all,20,2,0,1,0.5
attenuated,mixed,0.0,all,20,2,1,1,0.5
attenuated,mixed,0.0,all,20,2,2,0,0.0
attenuated,mixed,0.0,all,21,0,0,726,0.7626050420168067
attenuated,mixed,0.0,all,21,0,1,225,0.23634453781512604
attenuated,mixed,0.0,all,21,0,2,1,0.0010504201680672268
attenuated,mixed,0.0,all,21,1,0,218,0.20861244019138755
attenuated,mixed,0.0,all,21,1,1,825,0.7894736842105263
attenuated,mixed,0.0,all,21,1,2,2,0.0019138755980861245
attenuated,mixed,0.0,all,21,2,0,0,0.0
attenuated,mixed,0.0,all,21,2,1,3,1.0
attenuated,mixed,0.0,all,21,2,2,0,0.0
attenuated,mixed,0.0,all,22,0,0,723,0.7658898305084746
attenuated,mixed,0.0,all,22,0,1,220,0.2330508474576271
attenuated,mixed,0.0,all,22,0,2,1,0.001059322033898305
attenuated,mixed,0.0,all,22,1,0,238,0.22602089268755934
attenuated,mixed,0.0,all,22,1,1,811,0.7701804368471035
attenuated,mixed,0.0,all,22,1,2,4,0.003798670465337132
attenuated,mixed,0.0,all,22,2,0,1,0.3333333333333333
attenuated,mixed,0.0,all,22,2,1,2,0.6666666666666666
attenuated,mixed,0.0,all,22,2,2,0,0.0
attenuated,mixed,0.0,all,23,0,0,722,0.7505197505197505
attenuated,mixed,0.0,all,23,0,1,240,0.2494802494802495
attenuated,mixed,0.0,all,23,0,2,0,0.0
attenuated,mixed,0.0,all,23,1,0,219,0.21200387221684414
attenuated,mixed,0.0,all,23,1,1,814,0.7879961277831559
attenuated,mixed,0.0,all,23,1,2,0,0.0
attenuated,mixed,0.0,all,23,2,0,3,0.6
attenuated,mixed,0.0,all,23,2,1,2,0.4
attenuated,mixed,0.0,all,23,2,2,0,0.0
attenuated,mixed,0.0,all,0,0,0,16670,0.763907982769682
attenuated,mixed,0.0,all,0,0,1,5131,0.23512968563834663
attenuated,mixed,0.0,all,0,0,2,21,0.000962331591971405
attenuated,mixed,0.0,all,0,1,0,5092,0.2112337177466191
attenuated,mixed,0.0,all,0,1,1,18975,0.7871484277773169
attenuated,mixed,0.0,all,0,1,2,39,0.0016178544760640505
attenuated,mixed,0.0,all,0,2,0,22,0.3055555555555556
attenuated,mixed,0.0,all,0,2,1,45,0.625
attenuated,mixed,0.0,all,0,2,2,5,0.06944444444444445
attenuated,mixed,0.0,both_own,1,0,0,475,0.9978991596638656
attenuated,mixed,0.0,both_own,1,0,1,1,0.0021008403361344537
attenuated,mixed,0.0,both_own,1,0,2,0,0.0
attenuated,mixed,0.0,both_own,1,1,0,1,1.0
attenuated,mixed,0.0,both_own,1,1,1,0,0.0
attenuated,mixed,0.0,both_own,1,1,2,0,0.0
attenuated,mixed,0.0,both_own,1,2,0,0,
attenuated,mixed,0.0,both_own,1,2,1,0,
attenuated,mixed,0.0,both_own,1,2,2,0,
attenuated,mixed,0.0,both_own,2,0,0,469,0.9852941176470589
attenuated,mixed,0.0,both_own,2,0,1,7,0.014705882352941176
attenuated,mixed,0.0,both_own,2,0,2,0,0.0
attenuated,mixed,0.0,both_own,2,1,0,1,1.0
attenuated,mixed,0.0,both_own,2,1,1,0,0.0
attenuated,mixed,0.0,both_own,2,1,2,0,0.0
attenuated,mixed,0.0,both_own,2,2,0,0,
attenuated,mixed,0.0,both_own,2,2,1,0,
attenuated,mixed,0.0,both_own,2,2,2,0,
attenuated,mixed,0.0,both_own,3,0,0,463,0.9851063829787234
attenuated,mixed,0.0,both_own,3,0,1,7,0.014893617021276596
attenuated,mixed,0.0,both_own,3,0,2,0,0.0
attenuated,mixed,0.0,both_own,3,1,0,7,1.0
attenuated,mixed,0.0,both_own,3,1,1,0,0.0
attenuated,mixed,0.0,both_own,3,1,2,0,0.0
attenuated,mixed,0.0,both_own,3,2,0,0,
attenuated,mixed,0.0,both_own,3,2,1,0,
attenuated,mixed,0.0,both_own,3,2,2,0,
attenuated,mixed,0.0,both_own,4,0,0,462,0.9829787234042553
attenuated,mixed,0.0,both_own,4,0,1,8,0.01702127659574468
attenuated,mixed,0.0,both_own,4,0,2,0,0.0
attenuated,mixed,0.0,both_own,4,1,0,7,1.0
attenuated,mixed,0.0,both_own,4,1,1,0,0.0
attenuated,mixed,0.0,both_own,4,1,2,0,0.0
attenuated,mixed,0.0,both_own,4,2,0,0,
attenuated,mixed,0.0,both_own,4,2,1,0,
attenuated,mixed,0.0,both_own,4,2,2,0,
attenuated,mixed,0.0,both_own,5,0,0,465,0.9914712153518124
attenuated,mixed,0.0,both_own,5,0,1,4,0.008528784648187633
attenuated,mixed,0.0,both_own,5,0,2,0,0.0
attenuated,mixed,0.0,both_own,5,1,0,8,1.0
attenuated,mixed,0.0,both_own,5,1,1,0,0.0
attenuated,mixed,0.0,both_own,5,1,2,0,0.0
attenuated,mixed,0.0,both_own,5,2,0,0,
attenuated,mixed,0.0,both_own,5,2,1,0,
attenuated,mixed,0.0,both_own,5,2,2,0,
attenuated,mixed,0.0,both_own,6,0,0,468,0.9894291754756871
attenuated,mixed,0.0,both_own,6,0,1,5,0.010570824524312896
attenuated,mixed,0.0,both_own,6,0,2,0,0.0
attenuated,mixed,0.0,both_own,6,1,0,4,1.0
attenuated,mixed,0.0,both_own,6,1,1,0,0.0
attenuated,mixed,0.0,both_own,6,1,2,0,0.0
attenuated,mixed,0.0,both_own,6,2,0,0,
attenuated,mixed,0.0,both_own,6,2,1,0,
attenuated,mixed,0.0,both_own,6,2,2,0,
attenuated,mixed,0.0,both_own,7,0,0,464,0.9830508474576272
attenuated,mixed,0.0,both_own,7,0,1,8,0.01694915254237288
attenuated,mixed,0.0,both_own,7,0,2,0,0.0
attenuated,mixed,0.0,both_own,7,1,0,5,1.0
attenuated,mixed,0.0,both_own,7,1,1,0,0.0
attenuated,mixed,0.0,both_own,7,1,2,0,0.0
attenuated,mixed,0.0,both_own,7,2,0,0,
attenuated,mixed,0.0,both_own,7,2,1,0,
attenuated,mixed,0.0,both_own,7,2,2,0,
attenuated,mixed,0.0,both_own,8,0,0,455,0.9701492537313433
attenuated,mixed,0.0,both_own,8,0,1,14,0.029850746268656716
attenuated,mixed,0.0,both_own,8,0,2,0,0.0
attenuated,mixed,0.0,both_own,8,1,0,8,1.0
attenuated,mixed,0.0,both_own,8,1,1,0,0.0
attenuated,mixed,0.0,both_own,8,1,2,0,0.0
attenuated,mixed,0.0,both_own,8,2,0,0,
attenuated,mixed,0.0,both_own,8,2,1,0,
attenuated,mixed,0.0,both_own,8,2,2,0,
attenuated,mixed,0.0,both_own,9,0,0,451,0.9740820734341252
attenuated,mixed,0.0,both_own,9,0,1,12,0.02591792656587473
attenuated,mixed,0.0,both_own,9,0,2,0,0.0
attenuated,mixed,0.0,both_own,9,1,0,11,0.7857142857142857
attenuated,mixed,0.0,both_own,9,1,1,3,0.21428571428571427
attenuated,mixed,0.0,both_own,9,1,2,0,0.0
attenuated,mixed,0.0,both_own,9,2,0,0,
attenuated,mixed,0.0,both_own,9,2,1,0,
attenuated,mixed,0.0,both_own,9,2,2,0,
attenuated,mixed,0.0,both_own,10,0,0,448,0.9696969696969697
attenuated,mixed,0.0,both_own,10,0,1,14,0.030303030303030304
attenuated,mixed,0.0,both_own,10,0,2,0,0.0
attenuated,mixed,0.0,both_own,10,1,0,14,0.9333333333333333
attenuated,mixed,0.0,both_own,10,1,1,1,0.06666666666666667
attenuated,mixed,0.0,both_own,10,1,2,0,0.0
attenuated,mixed,0.0,both_own,10,2,0,0,
attenuated,mixed,0.0,both_own,10,2,1,0,
attenuated,mixed,0.0,both_own,10,2,2,0,
attenuated,mixed,0.0,both_own,11,0,0,447,0.9675324675324676
attenuated,mixed,0.0,both_own,11,0,1,15,0.032467532467532464
attenuated,mixed,0.0,both_own,11,0,2,0,0.0
attenuated,mixed,0.0,both_own,11,1,0,14,0.9333333333333333
attenuated,mixed,0.0,both_own,11,1,1,1,0.06666666666666667
attenuated,mixed,0.0,both_own,11,1,2,0,0.0
attenuated,mixed,0.0,both_own,11,2,0,0,
attenuated,mixed,0.0,both_own,11,2,1,0,
attenuated,mixed,0.0,both_own,11,2,2,0,
attenuated,mixed,0.0,both_own,12,0,0,446,0.9674620390455532
attenuated,mixed,0.0,both_own,12,0,1,15,0.03253796095444685
attenuated,mixed,0.0,both_own,12,0,2,0,0.0
attenuated,mixed,0.0,both_own,12,1,0,15,0.9375
attenuated,mixed,0.0,both_own,12,1,1,1,0.0625
attenuated,mixed,0.0,both_own,12,1,2,0,0.0
attenuated,mixed,0.0,both_own,12,2,0,0,
attenuated,mixed,0.0,both_own,12,2,1,0,
attenuated,mixed,0.0,both_own,12,2,2,0,
attenuated,mixed,0.0,both_own,13,0,0,439,0.9522776572668112
attenuated,mixed,0.0,both_own,13,0,1,22,0.04772234273318872
attenuated,mixed,0.0,both_own,13,0,2,0,0.0
attenuated,mixed,0.0,both_own,13,1,0,15,0.9375
attenuated,mixed,0.0,both_own,13,1,1,1,0.0625
attenuated,mixed,0.0,both_own,13,1,2,0,0.0
attenuated,mixed,0.0,both_own,13,2,0,0,
attenuated,mixed,0.0,both_own,13,2,1,0,
attenuated,mixed,0.0,both_own,13,2,2,0,
attenuated,mixed,0.0,both_own,14,0,0,435,0.9581497797356828
attenuated,mixed,0.0,both_own,14,0,1,19,0.04185022026431718
attenuated,mixed,0.0,both_own,14,0,2,0,0.0
attenuated,mixed,0.0,both_own,14,1,0,23,1.0
attenuated,mixed,0.0,both_own,14,1,1,0,0.0
attenuated,mixed,0.0,both_own,14,1,2,0,0.0
attenuated,mixed,0.0,both_own,14,2,0,0,
attenuated,mixed,0.0,both_own,14,2,1,0,
attenuated,mixed,0.0,both_own,14,2,2,0,
attenuated,mixed,0.0,both_own,15,0,0,444,0.9694323144104804
attenuated,mixed,0.0,both_own,15,0,1,14,0.03056768558951965
attenuated,mixed,0.0,both_own,15,0,2,0,0.0
attenuated,mixed,0.0,both_own,15,1,0,17,0.8947368421052632
attenuated,mixed,0.0,both_own,15,1,1,2,0.10526315789473684
attenuated,mixed,0.0,both_own,15,1,2,0,0.0
attenuated,mixed,0.0,both_own,15,2,0,0,
attenuated,mixed,0.0,both_own,15,2,1,0,
attenuated,mixed,0.0,both_own,15,2,2,0,
attenuated,mixed,0.0,both_own,16,0,0,449,0.9739696312364425
attenuated,mixed,0.0,both_own,16,0,1,12,0.026030368763557483
attenuated,mixed,0.0,both_own,16,0,2,0,0.0
attenuated,mixed,0.0,both_own,16,1,0,14,0.875
attenuated,mixed,0.0,both_own,16,1,1,2,0.125
attenuated,mixed,0.0,both_own,16,1,2,0,0.0
attenuated,mixed,0.0,both_own,16,2,0,0,
attenuated,mixed,0.0,both_own,16,2,1,0,
attenuated,mixed,0.0,both_own,16,2,2,0,
attenuated,mixed,0.0,both_own,17,0,0,450,0.9719222462203023
attenuated,mixed,0.0,both_own,17,0,1,13,0.028077753779697623
attenuated,mixed,0.0,both_own,17,0,2,0,0.0
attenuated,mixed,0.0,both_own,17,1,0,14,1.0
attenuated,mixed,0.0,both_own,17,1,1,0,0.0
attenuated,mixed,0.0,both_own,17,1,2,0,0.0
attenuated,mixed,0.0,both_own,17,2,0,0,
attenuated,mixed,0.0,both_own,17,2,1,0,
attenuated,mixed,0.0,both_own,17,2,2,0,
attenuated,mixed,0.0,both_own,18,0,0,445,0.959051724137931
attenuated,mixed,0.0,both_own,18,0,1,19,0.040948275862068964
attenuated,mixed,0.0,both_own,18,0,2,0,0.0
attenuated,mixed,0.0,both_own,18,1,0,13,1.0
attenuated,mixed,0.0,both_own,18,1,1,0,0.0
attenuated,mixed,0.0,both_own,18,1,2,0,0.0
attenuated,mixed,0.0,both_own,18,2,0,0,
attenuated,mixed,0.0,both_own,18,2,1,0,
attenuated,mixed,0.0,both_own,18,2,2,0,
attenuated,mixed,0.0,both_own,19,0,0,444,0.9694323144104804
attenuated,mixed,0.0,both_own,19,0,1,14,0.03056768558951965
attenuated,mixed,0.0,both_own,19,0,2,0,0.0
attenuated,mixed,0.0,both_own,19,1,0,17,0.8947368421052632
attenuated,mixed,0.0,both_own,19,1,1,2,0.10526315789473684
attenuated,mixed,0.0,both_own,19,1,2,0,0.0
attenuated,mixed,0.0,both_own,19,2,0,0,
attenuated,mixed,0.0,both_own,19,2,1,0,
attenuated,mixed,0.0,both_own,19,2,2,0,
attenuated,mixed,0.0,both_own,20,0,0,438,0.9501084598698482
attenuated,mixed,0.0,both_own,20,0,1,23,0.049891540130151846
attenuated,mixed,0.0,both_own,20,0,2,0,0.0
attenuated,mixed,0.0,both_own,20,1,0,14,0.875
attenuated,mixed,0.0,both_own,20,1,1,2,0.125
attenuated,mixed,0.0,both_own,20,1,2,0,0.0
attenuated,mixed,0.0,both_own,20,2,0,0,
attenuated,mixed,0.0,both_own,20,2,1,0,
attenuated,mixed,0.0,both_own,20,2,2,0,
attenuated,mixed,0.0,both_own,21,0,0,430,0.9513274336283186
attenuated,mixed,0.0,both_own,21,0,1,22,0.048672566371681415
attenuated,mixed,0.0,both_own,21,0,2,0,0.0
attenuated,mixed,0.0,both_own,21,1,0,24,0.96
attenuated,mixed,0.0,both_own,21,1,1,1,0.04
attenuated,mixed,0.0,both_own,21,1,2,0,0.0
attenuated,mixed,0.0,both_own,21,2,0,0,
attenuated,mixed,0.0,both_own,21,2,1,0,
attenuated,mixed,0.0,both_own,21,2,2,0,
attenuated,mixed,0.0,both_own,22,0,0,437,0.9625550660792952
attenuated,mixed,0.0,both_own,22,0,1,17,0.037444933920704845
attenuated,mixed,0.0,both_own,22,0,2,0,0.0
attenuated,mixed,0.0,both_own,22,1,0,22,0.9565217391304348
attenuated,mixed,0.0,both_own,22,1,1,1,0.043478260869565216
attenuated,mixed,0.0,both_own,22,1,2,0,0.0
attenuated,mixed,0.0,both_own,22,2,0,0,
attenuated,mixed,0.0,both_own,22,2,1,0,
attenuated,mixed,0.0,both_own,22,2,2,0,
attenuated,mixed,0.0,both_own,23,0,0,427,0.9302832244008714
attenuated,mixed,0.0,both_own,23,0,1,32,0.06971677559912855
attenuated,mixed,0.0,both_own,23,0,2,0,0.0
attenuated,mixed,0.0,both_own,23,1,0,18,1.0
attenuated,mixed,0.0,both_own,23,1,1,0,0.0
attenuated,mixed,0.0,both_own,23,1,2,0,0.0
attenuated,mixed,0.0,both_own,23,2,0,0,
attenuated,mixed,0.0,both_own,23,2,1,0,
attenuated,mixed,0.0,both_own,23,2,2,0,
attenuated,mixed,0.0,both_own,0,0,0,10351,0.9702849643794526
attenuated,mixed,0.0,both_own,0,0,1,317,0.02971503562054743
attenuated,mixed,0.0,both_own,0,0,2,0,0.0
attenuated,mixed,0.0,both_own,0,1,0,286,0.9438943894389439
attenuated,mixed,0.0,both_own,0,1,1,17,0.056105610561056105
attenuated,mixed,0.0,both_own,0,1,2,0,0.0
attenuated,mixed,0.0,both_own,0,2,0,0,
attenuated,mixed,0.0,both_own,0,2,1,0,
attenuated,mixed,0.0,both_own,0,2,2,0,
costly,honest,0.0,all,1,0,0,1058,0.8981324278438031
costly,honest,0.0,all,1,0,1,120,0.10186757215619695
costly,honest,0.0,all,1,0,2,0,0.0
costly,honest,0.0,all,1,1,0,79,0.09610705596107055
costly,honest,0.0,all,1,1,1,743,0.9038929440389294
costly,honest,0.0,all,1,1,2,0,0.0
costly,honest,0.0,all,1,2,0,0,
costly,honest,0.0,all,1,2,1,0,
costly,honest,0.0,all,1,2,2,0,
costly,honest,0.0,all,2,0,0,1045,0.9190853122251539
costly,honest,0.0,all,2,0,1,92,0.08091468777484609
costly,honest,0.0,all,2,0,2,0,0.0
costly,honest,0.0,all,2,1,0,91,0.10544611819235226
costly,honest,0.0,all,2,1,1,772,0.8945538818076477
costly,honest,0.0,all,2,1,2,0,0.0
costly,honest,0.0,all,2,2,0,0,
costly,honest,0.0,all,2,2,1,0,
costly,honest,0.0,all,2,2,2,0,
costly,honest,0.0,all,3,0,0,1034,0.9102112676056338
costly,honest,0.0,all,3,0,1,102,0.0897887323943662
costly,honest,0.0,all,3,0,2,0,0.0
costly,honest,0.0,all,3,1,0,75,0.08680555555555555
costly,honest,0.0,all,3,1,1,789,0.9131944444444444
costly,honest,0.0,all,3,1,2,0,0.0
costly,honest,0.0,all,3,2,0,0,
costly,honest,0.0,all,3,2,1,0,
costly,honest,0.0,all,3,2,2,0,
costly,honest,0.0,all,4,0,0,1033,0.9314697926059513
costly,honest,0.0,all,4,0,1,76,0.06853020739404869
costly,honest,0.0,all,4,0,2,0,0.0
costly,honest,0.0,all,4,1,0,86,0.09652076318742986
costly,honest,0.0,all,4,1,1,805,0.9034792368125701
costly,honest,0.0,all,4,1,2,0,0.0
costly,honest,0.0,all,4,2,0,0,
costly,honest,0.0,all,4,2,1,0,
costly,honest,0.0,all,4,2,2,0,
costly,honest,0.0,all,5,0,0,1025,0.9159964253798034
costly,honest,0.0,all,5,0,1,94,0.0840035746201966
costly,honest,0.0,all,5,0,2,0,0.0
costly,honest,0.0,all,5,1,0,98,0.1112372304199773
costly,honest,0.0,all,5,1,1,783,0.8887627695800226
costly,honest,0.0,all,5,1,2,0,0.0
costly,honest,0.0,all,5,2,0,0,
costly,honest,0.0,all,5,2,1,0,
costly,honest,0.0,all,5,2,2,0,
costly,honest,0.0,all,6,0,0,1033,0.9198575244879786
costly,honest,0.0,all,6,0,1,90,0.08014247551202137
costly,honest,0.0,all,6,0,2,0,0.0
costly,honest,0.0,all,6,1,0,71,0.08095781071835804
costly,honest,0.0,all,6,1,1,806,0.9190421892816419
costly,honest,0.0,all,6,1,2,0,0.0
costly,honest,0.0,all,6,2,0,0,
costly,honest,0.0,all,6,2,1,0,
costly,honest,0.0,all,6,2,2,0,
costly,honest,0.0,all,7,0,0,1020,0.9239130434782609
costly,honest,0.0,all,7,0,1,84,0.07608695652173914
costly,honest,0.0,all,7,0,2,0,0.0
costly,honest,0.0,all,7,1,0,76,0.08482142857142858
costly,honest,0.0,all,7,1,1,820,0.9151785714285714
costly,honest,0.0,all,7,1,2,0,0.0
costly,honest,0.0,all,7,2,0,0,
costly,honest,0.0,all,7,2,1,0,
costly,honest,0.0,all,7,2,2,0,
costly,honest,0.0,all,8,0,0,1013,0.9242700729927007
costly,honest,0.0,all,8,0,1,83,0.07572992700729927
costly,honest,0.0,all,8,0,2,0,0.0
costly,honest,0.0,all,8,1,0,99,0.10951327433628319
costly,honest,0.0,all,8,1,1,805,0.8904867256637168
costly,honest,0.0,all,8,1,2,0,0.0
costly,honest,0.0,all,8,2,0,0,
costly,honest,0.0,all,8,2,1,0,
costly,honest,0.0,all,8,2,2,0,
costly,honest,0.0,all,9,0,0,1001,0.9001798561151079
costly,honest,0.0,all,9,0,1,111,0.09982014388489209
costly,honest,0.0,all,9,0,2,0,0.0
costly,honest,0.0,all,9,1,0,85,0.09572072072072071
costly,honest,0.0,all,9,1,1,803,0.9042792792792793
costly,honest,0.0,all,9,1,2,0,0.0
costly,honest,0.0,all,9,2,0,0,
costly,honest,0.0,all,9,2,1,0,
costly,honest,0.0,all,9,2,2,0,
costly,honest,0.0,all,10,0,0,1002,0.9226519337016574
costly,honest,0.0,all,10,0,1,84,0.07734806629834254
costly,honest,0.0,all,10,0,2,0,0.0
costly,honest,0.0,all,10,1,0,106,0.11597374179431072
costly,honest,0.0,all,10,1,1,808,0.8840262582056893
costly,honest,0.0,all,10,1,2,0,0.0
costly,honest,0.0,all,10,2,0,0,
costly,honest,0.0,all,10,2,1,0,
costly,honest,0.0,all,10,2,2,0,
costly,honest,0.0,all,11,0,0,1006,0.907942238267148
costly,honest,0.0,all,11,0,1,102,0.09205776173285199
costly,honest,0.0,all,11,0,2,0,0.0
costly,honest,0.0,all,11,1,0,75,0.08408071748878924
costly,honest,0.0,all,11,1,1,817,0.9159192825112108
costly,honest,0.0,all,11,1,2,0,0.0
costly,honest,0.0,all,11,2,0,0,
costly,honest,0.0,all,11,2,1,0,
costly,honest,0.0,all,11,2,2,0,
costly,honest,0.0,all,12,0,0,986,0.9121184088806661
costly,honest,0.0,all,12,0,1,95,0.08788159111933395
costly,honest,0.0,all,12,0,2,0,0.0
costly,honest,0.0,all,12,1,0,117,0.12731229597388466
costly,honest,0.0,all,12,1,1,802,0.8726877040261154
costly,honest,0.0,all,12,1,2,0,0.0
costly,honest,0.0,all,12,2,0,0,
costly,honest,0.0,all,12,2,1,0,
costly,honest,0.0,all,12,2,2,0,
costly,honest,0.0,all,13,0,0,991,0.898458748866727
costly,honest,0.0,all,13,0,1,112,0.10154125113327289
costly,honest,0.0,all,13,0,2,0,0.0
costly,honest,0.0,all,13,1,0,95,0.10590858416945373
costly,honest,0.0,all,13,1,1,802,0.8940914158305463
costly,honest,0.0,all,13,1,2,0,0.0
costly,honest,0.0,all,13,2,0,0,
costly,honest,0.0,all,13,2,1,0,
costly,honest,0.0,all,13,2,2,0,
costly,honest,0.0,all,14,0,0,993,0.914364640883978
costly,honest,0.0,all,14,0,1,93,0.0856353591160221
costly,honest,0.0,all,14,0,2,0,0.0
costly,honest,0.0,all,14,1,0,96,0.1050328227571116
costly,honest,0.0,all,14,1,1,818,0.8949671772428884
costly,honest,0.0,all,14,1,2,0,0.0
costly,honest,0.0,all,14,2,0,0,
costly,honest,0.0,all,14,2,1,0,
costly,honest,0.0,all,14,2,2,0,
costly,honest,0.0,all,15,0,0,988,0.9072543617998163
costly,honest,0.0,all,15,0,1,101,0.09274563820018365
costly,honest,0.0,all,15,0,2,0,0.0
costly,honest,0.0,all,15,1,0,107,0.11745334796926454
costly,honest,0.0,all,15,1,1,804,0.8825466520307355
costly,honest,0.0,all,15,1,2,0,0.0
costly,honest,0.0,all,15,2,0,0,
costly,honest,0.0,all,15,2,1,0,
costly,honest,0.0,all,15,2,2,0,
costly,honest,0.0,all,16,0,0,997,0.9105022831050228
costly,honest,0.0,all,16,0,1,98,0.08949771689497717
costly,honest,0.0,all,16,0,2,0,0.0
costly,honest,0.0,all,16,1,0,95,0.10497237569060773
costly,honest,0.0,all,16,1,1,810,0.8950276243093923
costly,honest,0.0,all,16,1,2,0,0.0
costly,honest,0.0,all,16,2,0,0,
costly,honest,0.0,all,16,2,1,0,
costly,honest,0.0,all,16,2,2,0,
costly,honest,0.0,all,17,0,0,1001,0.9166666666666666
costly,honest,0.0,all,17,0,1,91,0.08333333333333333
costly,honest,0.0,all,17,0,2,0,0.0
costly,honest,0.0,all,17,1,0,109,0.12004405286343613
costly,honest,0.0,all,17,1,1,799,0.8799559471365639
costly,honest,0.0,all,17,1,2,0,0.0
costly,honest,0.0,all,17,2,0,0,
costly,honest,0.0,all,17,2,1,0,
costly,honest,0.0,all,17,2,2,0,
costly,honest,0.0,all,18,0,0,1001,0.9018018018018018
costly,honest,0.0,all,18,0,1,109,0.0981981981981982
costly,honest,0.0,all,18,0,2,0,0.0
costly,honest,0.0,all,18,1,0,92,0.10337078651685393
costly,honest,0.0,all,18,1,1,798,0.8966292134831461
costly,honest,0.0,all,18,1,2,0,0.0
costly,honest,0.0,all,18,2,0,0,
costly,honest,0.0,all,18,2,1,0,
costly,honest,0.0,all,18,2,2,0,
costly,honest,0.0,all,19,0,0,989,0.9048490393412626
costly,honest,0.0,all,19,0,1,104,0.09515096065873742
costly,honest,0.0,all,19,0,2,0,0.0
costly,honest,0.0,all,19,1,0,82,0.09040793825799338
costly,honest,0.0,all,19,1,1,825,0.9095920617420066
costly,honest,0.0,all,19,1,2,0,0.0
costly,honest,0.0,all,19,2,0,0,
costly,honest,0.0,all,19,2,1,0,
costly,honest,0.0,all,19,2,2,0,
costly,honest,0.0,all,20,0,0,974,0.9094304388422035
costly,honest,0.0,all,20,0,1,97,0.09056956115779645
costly,honest,0.0,all,20,0,2,0,0.0
costly,honest,0.0,all,20,1,0,108,0.116254036598493
costly,honest,0.0,all,20,1,1,821,0.883745963401507
costly,honest,0.0,all,20,1,2,0,0.0
costly,honest,0.0,all,20,2,0,0,
costly,honest,0.0,all,20,2,1,0,
costly,honest,0.0,all,20,2,2,0,
costly,honest,0.0,all,21,0,0,991,0.9158964879852126
costly,honest,0.0,all,21,0,1,91,0.08410351201478743
costly,honest,0.0,all,21,0,2,0,0.0
costly,honest,0.0,all,21,1,0,98,0.10675381263616558
costly,honest,0.0,all,21,1,1,820,0.8932461873638344
costly,honest,0.0,all,21,1,2,0,0.0
costly,honest,0.0,all,21,2,0,0,
costly,honest,0.0,all,21,2,1,0,
costly,honest,0.0,all,21,2,2,0,
costly,honest,0.0,all,22,0,0,997,0.9155188246097337
costly,honest,0.0,all,22,0,1,92,0.0844811753902663
costly,honest,0.0,all,22,0,2,0,0.0
costly,honest,0.0,all,22,1,0,93,0.10208562019758508
costly,honest,0.0,all,22,1,1,818,0.897914379802415
costly,honest,0.0,all,22,1,2,0,0.0
costly,honest,0.0,all,22,2,0,0,
costly,honest,0.0,all,22,2,1,0,
costly,honest,0.0,all,22,2,2,0,
costly,honest,0.0,all,23,0,0,987,0.9055045871559633
costly,honest,0.0,all,23,0,1,102,0.09357798165137615
costly,honest,0.0,all,23,0,2,1,0.0009174311926605505
costly,honest,0.0,all,23,1,0,107,0.11758241758241758
costly,honest,0.0,all,23,1,1,803,0.8824175824175824
costly,honest,0.0,all,23,1,2,0,0.0
costly,honest,0.0,all,23,2,0,0,
costly,honest,0.0,all,23,2,1,0,
costly,honest,0.0,all,23,2,2,0,
costly,honest,0.0,all,0,0,0,23165,0.9124030091772027
costly,honest,0.0,all,0,0,1,2223,0.08755760368663594
costly,honest,0.0,all,0,0,2,1,3.938713616132971e-05
costly,honest,0.0,all,0,1,0,2140,0.10382805298141769
costly,honest,0.0,all,0,1,1,18471,0.8961719470185823
costly,honest,0.0,all,0,1,2,0,0.0
costly,honest,0.0,all,0,2,0,0,
costly,honest,0.0,all,0,2,1,0,
costly,honest,0.0,all,0,2,2,0,
costly,honest,0.0,both_own,1,0,0,313,0.8151041666666666
costly,honest,0.0,both_own,1,0,1,71,0.18489583333333334
costly,honest,0.0,both_own,1,0,2,0,0.0
costly,honest,0.0,both_own,1,1,0,55,0.5913978494623656
costly,honest,0.0,both_own,1,1,1,38,0.40860215053763443
costly,honest,0.0,both_own,1,1,2,0,0.0
costly,honest,0.0,both_own,1,2,0,0,
costly,honest,0.0,both_own,1,2,1,0,
costly,honest,0.0,both_own,1,2,2,0,
costly,honest,0.0,both_own,2,0,0,316,0.8586956521739131
costly,honest,0.0,both_own,2,0,1,52,0.14130434782608695
costly,honest,0.0,both_own,2,0,2,0,0.0
costly,honest,0.0,both_own,2,1,0,55,0.5045871559633027
costly,honest,0.0,both_own,2,1,1,54,0.4954128440366973
costly,honest,0.0,both_own,2,1,2,0,0.0
costly,honest,0.0,both_own,2,2,0,0,
costly,honest,0.0,both_own,2,2,1,0,
costly,honest,0.0,both_own,2,2,2,0,
costly,honest,0.0,both_own,3,0,0,299,0.8059299191374663
costly,honest,0.0,both_own,3,0,1,72,0.1940700808625337
costly,honest,0.0,both_own,3,0,2,0,0.0
costly,honest,0.0,both_own,3,1,0,37,0.3490566037735849
costly,honest,0.0,both_own,3,1,1,69,0.6509433962264151
costly,honest,0.0,both_own,3,1,2,0,0.0
costly,honest,0.0,both_own,3,2,0,0,
costly,honest,0.0,both_own,3,2,1,0,
costly,honest,0.0,both_own,3,2,2,0,
costly,honest,0.0,both_own,4,0,0,295,0.8779761904761905
costly,honest,0.0,both_own,4,0,1,41,0.12202380952380952
costly,honest,0.0,both_own,4,0,2,0,0.0
costly,honest,0.0,both_own,4,1,0,53,0.375886524822695
costly,honest,0.0,both_own,4,1,1,88,0.624113475177305
costly,honest,0.0,both_own,4,1,2,0,0.0
costly,honest,0.0,both_own,4,2,0,0,
costly,honest,0.0,both_own,4,2,1,0,
costly,honest,0.0,both_own,4,2,2,0,
costly,honest,0.0,both_own,5,0,0,288,0.8275862068965517
costly,honest,0.0,both_own,5,0,1,60,0.1724137931034483
costly,honest,0.0,both_own,5,0,2,0,0.0
costly,honest,0.0,both_own,5,1,0,63,0.4883720930232558
costly,honest,0.0,both_own,5,1,1,66,0.5116279069767442
costly,honest,0.0,both_own,5,1,2,0,0.0
costly,honest,0.0,both_own,5,2,0,0,
costly,honest,0.0,both_own,5,2,1,0,
costly,honest,0.0,both_own,5,2,2,0,
costly,honest,0.0,both_own,6,0,0,296,0.8433048433048433
costly,honest,0.0,both_own,6,0,1,55,0.15669515669515668
costly,honest,0.0,both_own,6,0,2,0,0.0
costly,honest,0.0,both_own,6,1,0,48,0.38095238095238093
costly,honest,0.0,both_own,6,1,1,78,0.6190476190476191
costly,honest,0.0,both_own,6,1,2,0,0.0
costly,honest,0.0,both_own,6,2,0,0,
costly,honest,0.0,both_own,6,2,1,0,
costly,honest,0.0,both_own,6,2,2,0,
costly,honest,0.0,both_own,7,0,0,291,0.8459302325581395
costly,honest,0.0,both_own,7,0,1,53,0.15406976744186046
costly,honest,0.0,both_own,7,0,2,0,0.0
costly,honest,0.0,both_own,7,1,0,39,0.2932330827067669
costly,honest,0.0,both_own,7,1,1,94,0.706766917293233
costly,honest,0.0,both_own,7,1,2,0,0.0
costly,honest,0.0,both_own,7,2,0,0,
costly,honest,0.0,both_own,7,2,1,0,
costly,honest,0.0,both_own,7,2,2,0,
costly,honest,0.0,both_own,8,0,0,277,0.8393939393939394
costly,honest,0.0,both_own,8,0,1,53,0.1606060606060606
costly,honest,0.0,both_own,8,0,2,0,0.0
costly,honest,0.0,both_own,8,1,0,65,0.4421768707482993
costly,honest,0.0,both_own,8,1,1,82,0.5578231292517006
costly,honest,0.0,both_own,8,1,2,0,0.0
costly,honest,0.0,both_own,8,2,0,0,
costly,honest,0.0,both_own,8,2,1,0,
costly,honest,0.0,both_own,8,2,2,0,
costly,honest,0.0,both_own,9,0,0,281,0.8216374269005848
costly,honest,0.0,both_own,9,0,1,61,0.1783625730994152
costly,honest,0.0,both_own,9,0,2,0,0.0
costly,honest,0.0,both_own,9,1,0,50,0.37037037037037035
costly,honest,0.0,both_own,9,1,1,85,0.6296296296296297
costly,honest,0.0,both_own,9,1,2,0,0.0
costly,honest,0.0,both_own,9,2,0,0,
costly,honest,0.0,both_own,9,2,1,0,
costly,honest,0.0,both_own,9,2,2,0,
costly,honest,0.0,both_own,10,0,0,283,0.8549848942598187
costly,honest,0.0,both_own,10,0,1,48,0.14501510574018128
costly,honest,0.0,both_own,10,0,2,0,0.0
costly,honest,0.0,both_own,10,1,0,57,0.3904109589041096
costly,honest,0.0,both_own,10,1,1,89,0.6095890410958904
costly,honest,0.0,both_own,10,1,2,0,0.0
costly,honest,0.0,both_own,10,2,0,0,
costly,honest,0.0,both_own,10,2,1,0,
costly,honest,0.0,both_own,10,2,2,0,
costly,honest,0.0,both_own,11,0,0,281,0.8264705882352941
costly,honest,0.0,both_own,11,0,1,59,0.17352941176470588
costly,honest,0.0,both_own,11,0,2,0,0.0
costly,honest,0.0,both_own,11,1,0,35,0.25547445255474455
costly,honest,0.0,both_own,11,1,1,102,0.7445255474452555
costly,honest,0.0,both_own,11,1,2,0,0.0
costly,honest,0.0,both_own,11,2,0,0,
costly,honest,0.0,both_own,11,2,1,0,
costly,honest,0.0,both_own,11,2,2,0,
costly,honest,0.0,both_own,12,0,0,263,0.8322784810126582
costly,honest,0.0,both_own,12,0,1,53,0.16772151898734178
costly,honest,0.0,both_own,12,0,2,0,0.0
costly,honest,0.0,both_own,12,1,0,68,0.422360248447205
costly,honest,0.0,both_own,12,1,1,93,0.577639751552795
costly,honest,0.0,both_own,12,1,2,0,0.0
costly,honest,0.0,both_own,12,2,0,0,
costly,honest,0.0,both_own,12,2,1,0,
costly,honest,0.0,both_own,12,2,2,0,
costly,honest,0.0,both_own,13,0,0,257,0.7764350453172205
costly,honest,0.0,both_own,13,0,1,74,0.22356495468277945
costly,honest,0.0,both_own,13,0,2,0,0.0
costly,honest,0.0,both_own,13,1,0,61,0.4178082191780822
costly,honest,0.0,both_own,13,1,1,85,0.5821917808219178
costly,honest,0.0,both_own,13,1,2,0,0.0
costly,honest,0.0,both_own,13,2,0,0,
costly,honest,0.0,both_own,13,2,1,0,
costly,honest,0.0,both_own,13,2,2,0,
costly,honest,0.0,both_own,14,0,0,266,0.8364779874213837
costly,honest,0.0,both_own,14,0,1,52,0.16352201257861634
costly,honest,0.0,both_own,14,0,2,0,0.0
costly,honest,0.0,both_own,14,1,0,58,0.36477987421383645
costly,honest,0.0,both_own,14,1,1,101,0.6352201257861635
costly,honest,0.0,both_own,14,1,2,0,0.0
costly,honest,0.0,both_own,14,2,0,0,
costly,honest,0.0,both_own,14,2,1,0,
costly,honest,0.0,both_own,14,2,2,0,
costly,honest,0.0,both_own,15,0,0,268,0.8271604938271605
costly,honest,0.0,both_own,15,0,1,56,0.1728395061728395
costly,honest,0.0,both_own,15,0,2,0,0.0
costly,honest,0.0,both_own,15,1,0,58,0.3790849673202614
costly,honest,0.0,both_own,15,1,1,95,0.6209150326797386
costly,honest,0.0,both_own,15,1,2,0,0.0
costly,honest,0.0,both_own,15,2,0,0,
costly,honest,0.0,both_own,15,2,1,0,
costly,honest,0.0,both_own,15,2,2,0,
costly,honest,0.0,both_own,16,0,0,271,0.8312883435582822
costly,honest,0.0,both_own,16,0,1,55,0.1687116564417178
costly,honest,0.0,both_own,16,0,2,0,0.0
costly,honest,0.0,both_own,16,1,0,60,0.3973509933774834
costly,honest,0.0,both_own,16,1,1,91,0.6026490066225165
costly,honest,0.0,both_own,16,1,2,0,0.0
costly,honest,0.0,both_own,16,2,0,0,
costly,honest,0.0,both_own,16,2,1,0,
costly,honest,0.0,both_own,16,2,2,0,
costly,honest,0.0,both_own,17,0,0,279,0.8429003021148036
costly,honest,0.0,both_own,17,0,1,52,0.15709969788519637
costly,honest,0.0,both_own,17,0,2,0,0.0
costly,honest,0.0,both_own,17,1,0,68,0.4657534246575342
costly,honest,0.0,both_own,17,1,1,78,0.5342465753424658
costly,honest,0.0,both_own,17,1,2,0,0.0
costly,honest,0.0,both_own,17,2,0,0,
costly,honest,0.0,both_own,17,2,1,0,
costly,honest,0.0,both_own,17,2,2,0,
costly,honest,0.0,both_own,18,0,0,274,0.7896253602305475
costly,honest,0.0,both_own,18,0,1,73,0.21037463976945245
costly,honest,0.0,both_own,18,0,2,0,0.0
costly,honest,0.0,both_own,18,1,0,50,0.38461538461538464
costly,honest,0.0,both_own,18,1,1,80,0.6153846153846154
costly,honest,0.0,both_own,18,1,2,0,0.0
costly,honest,0.0,both_own,18,2,0,0,
costly,honest,0.0,both_own,18,2,1,0,
costly,honest,0.0,both_own,18,2,2,0,
costly,honest,0.0,both_own,19,0,0,259,0.7993827160493827
costly,honest,0.0,both_own,19,0,1,65,0.2006172839506173
costly,honest,0.0,both_own,19,0,2,0,0.0
costly,honest,0.0,both_own,19,1,0,48,0.3137254901960784
costly,honest,0.0,both_own,19,1,1,105,0.6862745098039216
costly,honest,0.0,both_own,19,1,2,0,0.0
costly,honest,0.0,both_own,19,2,0,0,
costly,honest,0.0,both_own,19,2,1,0,
costly,honest,0.0,both_own,19,2,2,0,
costly,honest,0.0,both_own,20,0,0,256,0.8338762214983714
costly,honest,0.0,both_own,20,0,1,51,0.16612377850162866
costly,honest,0.0,both_own,20,0,2,0,0.0
costly,honest,0.0,both_own,20,1,0,73,0.4294117647058823
costly,honest,0.0,both_own,20,1,1,97,0.5705882352941176
costly,honest,0.0,both_own,20,1,2,0,0.0
costly,honest,0.0,both_own,20,2,0,0,
costly,honest,0.0,both_own,20,2,1,0,
costly,honest,0.0,both_own,20,2,2,0,
costly,honest,0.0,both_own,21,0,0,272,0.8267477203647416
costly,honest,0.0,both_own,21,0,1,57,0.17325227963525835
costly,honest,0.0,both_own,21,0,2,0,0.0
costly,honest,0.0,both_own,21,1,0,51,0.34459459459459457
costly,honest,0.0,both_own,21,1,1,97,0.6554054054054054
costly,honest,0.0,both_own,21,1,2,0,0.0
costly,honest,0.0,both_own,21,2,0,0,
costly,honest,0.0,both_own,21,2,1,0,
costly,honest,0.0,both_own,21,2,2,0,
costly,honest,0.0,both_own,22,0,0,266,0.8235294117647058
costly,honest,0.0,both_own,22,0,1,57,0.17647058823529413
costly,honest,0.0,both_own,22,0,2,0,0.0
costly,honest,0.0,both_own,22,1,0,51,0.33116883116883117
costly,honest,0.0,both_own,22,1,1,103,0.6688311688311688
costly,honest,0.0,both_own,22,1,2,0,0.0
costly,honest,0.0,both_own,22,2,0,0,
costly,honest,0.0,both_own,22,2,1,0,
costly,honest,0.0,both_own,22,2,2,0,
costly,honest,0.0,both_own,23,0,0,264,0.832807570977918
costly,honest,0.0,both_own,23,0,1,53,0.167192429022082
costly,honest,0.0,both_own,23,0,2,0,0.0
costly,honest,0.0,both_own,23,1,0,68,0.425
costly,honest,0.0,both_own,23,1,1,92,0.575
costly,honest,0.0,both_own,23,1,2,0,0.0
costly,honest,0.0,both_own,23,2,0,0,
costly,honest,0.0,both_own,23,2,1,0,
costly,honest,0.0,both_own,23,2,2,0,
costly,honest,0.0,both_own,0,0,0,6415,0.829025588007237
costly,honest,0.0,both_own,0,0,1,1323,0.17097441199276298
costly,honest,0.0,both_own,0,0,2,0,0.0
costly,honest,0.0,both_own,0,1,0,1271,0.3931333127126508
costly,honest,0.0,both_own,0,1,1,1962,0.6068666872873492
costly,honest,0.0,both_own,0,1,2,0,0.0
costly,honest,0.0,both_own,0,2,0,0,
costly,honest,0.0,both_own,0,2,1,0,
costly,honest,0.0,both_own,0,2,2,0,
costly,attenuated,0.0,all,1,0,0,1176,0.9400479616306955
costly,attenuated,0.0,all,1,0,1,73,0.058353317346123104
costly,attenuated,0.0,all,1,0,2,2,0.0015987210231814548
costly,attenuated,0.0,all,1,1,0,53,0.07076101468624833
costly,attenuated,0.0,all,1,1,1,696,0.9292389853137517
costly,attenuated,0.0,all,1,1,2,0,0.0
costly,attenuated,0.0,all,1,2,0,0,
costly,attenuated,0.0,all,1,2,1,0,
costly,attenuated,0.0,all,1,2,2,0,
costly,attenuated,0.0,all,2,0,0,1158,0.9422294548413345
costly,attenuated,0.0,all,2,0,1,70,0.05695687550854353
costly,attenuated,0.0,all,2,0,2,1,0.0008136696501220504
costly,attenuated,0.0,all,2,1,0,60,0.07802340702210664
costly,attenuated,0.0,all,2,1,1,709,0.9219765929778934
costly,attenuated,0.0,all,2,1,2,0,0.0
costly,attenuated,0.0,all,2,2,0,1,0.5
costly,attenuated,0.0,all,2,2,1,1,0.5
costly,attenuated,0.0,all,2,2,2,0,0.0
costly,attenuated,0.0,all,3,0,0,1162,0.9532403609515997
costly,attenuated,0.0,all,3,0,1,57,0.04675963904840033
costly,attenuated,0.0,all,3,0,2,0,0.0
costly,attenuated,0.0,all,3,1,0,65,0.08333333333333333
costly,attenuated,0.0,all,3,1,1,715,0.9166666666666666
costly,attenuated,0.0,all,3,1,2,0,0.0
costly,attenuated,0.0,all,3,2,0,1,1.0
costly,attenuated,0.0,all,3,2,1,0,0.0
costly,attenuated,0.0,all,3,2,2,0,0.0
costly,attenuated,0.0,all,4,0,0,1159,0.9438110749185668
costly,attenuated,0.0,all,4,0,1,69,0.05618892508143322
costly,attenuated,0.0,all,4,0,2,0,0.0
costly,attenuated,0.0,all,4,1,0,74,0.09585492227979274
costly,attenuated,0.0,all,4,1,1,698,0.9041450777202072
costly,attenuated,0.0,all,4,1,2,0,0.0
costly,attenuated,0.0,all,4,2,0,0,
costly,attenuated,0.0,all,4,2,1,0,
costly,attenuated,0.0,all,4,2,2,0,
costly,attenuated,0.0,all,5,0,0,1153,0.935117599351176
costly,attenuated,0.0,all,5,0,1,78,0.06326034063260341
costly,attenuated,0.0,all,5,0,2,2,0.0016220600162206002
costly,attenuated,0.0,all,5,1,0,78,0.1016949152542373
costly,attenuated,0.0,all,5,1,1,689,0.8983050847457628
costly,attenuated,0.0,all,5,1,2,0,0.0
costly,attenuated,0.0,all,5,2,0,0,
costly,attenuated,0.0,all,5,2,1,0,
costly,attenuated,0.0,all,5,2,2,0,
costly,attenuated,0.0,all,6,0,0,1148,0.9325751421608448
costly,attenuated,0.0,all,6,0,1,83,0.06742485783915515
costly,attenuated,0.0,all,6,0,2,0,0.0
costly,attenuated,0.0,all,6,1,0,68,0.08865710560625815
costly,attenuated,0.0,all,6,1,1,699,0.9113428943937418
costly,attenuated,0.0,all,6,1,2,0,0.0
costly,attenuated,0.0,all,6,2,0,1,0.5
costly,attenuated,0.0,all,6,2,1,1,0.5
costly,attenuated,0.0,all,6,2,2,0,0.0
costly,attenuated,0.0,all,7,0,0,1153,0.9474116680361545
costly,attenuated,0.0,all,7,0,1,63,0.051766639276910435
costly,attenuated,0.0,all,7,0,2,1,0.0008216926869350862
costly,attenuated,0.0,all,7,1,0,74,0.09450830140485313
costly,attenuated,0.0,all,7,1,1,709,0.9054916985951469
costly,attenuated,0.0,all,7,1,2,0,0.0
costly,attenuated,0.0,all,7,2,0,0,
costly,attenuated,0.0,all,7,2,1,0,
costly,attenuated,0.0,all,7,2,2,0,
costly,attenuated,0.0,all,8,0,0,1162,0.9470252648736757
costly,attenuated,0.0,all,8,0,1,64,0.05215973920130399
costly,attenuated,0.0,all,8,0,2,1,0.0008149959250203749
costly,attenuated,0.0,all,8,1,0,66,0.08549222797927461
costly,attenuated,0.0,all,8,1,1,706,0.9145077720207254
costly,attenuated,0.0,all,8,1,2,0,0.0
costly,attenuated,0.0,all,8,2,0,0,0.0
costly,attenuated,0.0,all,8,2,1,1,1.0
costly,attenuated,0.0,all,8,2,2,0,0.0
costly,attenuated,0.0,all,9,0,0,1149,0.9356677524429967
costly,attenuated,0.0,all,9,0,1,79,0.06433224755700326
costly,attenuated,0.0,all,9,0,2,0,0.0
costly,attenuated,0.0,all,9,1,0,67,0.08690012970168612
costly,attenuated,0.0,all,9,1,1,704,0.9130998702983139
costly,attenuated,0.0,all,9,1,2,0,0.0
costly,attenuated,0.0,all,9,2,0,0,0.0
costly,attenuated,0.0,all,9,2,1,1,1.0
costly,attenuated,0.0,all,9,2,2,0,0.0
costly,attenuated,0.0,all,10,0,0,1146,0.9424342105263158
costly,attenuated,0.0,all,10,0,1,70,0.05756578947368421
costly,attenuated,0.0,all,10,0,2,0,0.0
costly,attenuated,0.0,all,10,1,0,82,0.10459183673469388
costly,attenuated,0.0,all,10,1,1,702,0.8954081632653061
costly,attenuated,0.0,all,10,1,2,0,0.0
costly,attenuated,0.0,all,10,2,0,0,
costly,attenuated,0.0,all,10,2,1,0,
costly,attenuated,0.0,all,10,2,2,0,
costly,attenuated,0.0,all,11,0,0,1147,0.9340390879478827
costly,attenuated,0.0,all,11,0,1,81,0.06596091205211727
costly,attenuated,0.0,all,11,0,2,0,0.0
costly,attenuated,0.0,all,11,1,0,77,0.09974093264248704
costly,attenuated,0.0,all,11,1,1,695,0.9002590673575129
costly,attenuated,0.0,all,11,1,2,0,0.0
costly,attenuated,0.0,all,11,2,0,0,
costly,attenuated,0.0,all,11,2,1,0,
costly,attenuated,0.0,all,11,2,2,0,
costly,attenuated,0.0,all,12,0,0,1137,0.928921568627451
costly,attenuated,0.0,all,12,0,1,86,0.07026143790849673
costly,attenuated,0.0,all,12,0,2,1,0.0008169934640522876
costly,attenuated,0.0,all,12,1,0,88,0.1134020618556701
costly,attenuated,0.0,all,12,1,1,688,0.8865979381443299
costly,attenuated,0.0,all,12,1,2,0,0.0
costly,attenuated,0.0,all,12,2,0,0,
costly,attenuated,0.0,all,12,2,1,0,
costly,attenuated,0.0,all,12,2,2,0,
costly,attenuated,0.0,all,13,0,0,1140,0.9306122448979591
costly,attenuated,0.0,all,13,0,1,83,0.06775510204081632
costly,attenuated,0.0,all,13,0,2,2,0.0016326530612244899
costly,attenuated,0.0,all,13,1,0,78,0.10077519379844961
costly,attenuated,0.0,all,13,1,1,696,0.8992248062015504
costly,attenuated,0.0,all,13,1,2,0,0.0
costly,attenuated,0.0,all,13,2,0,1,1.0
costly,attenuated,0.0,all,13,2,1,0,0.0
costly,attenuated,0.0,all,13,2,2,0,0.0
costly,attenuated,0.0,all,14,0,0,1132,0.9286300246103364
costly,attenuated,0.0,all,14,0,1,85,0.06972928630024611
costly,attenuated,0.0,all,14,0,2,2,0.0016406890894175555
costly,attenuated,0.0,all,14,1,0,85,0.10911424903722722
costly,attenuated,0.0,all,14,1,1,694,0.8908857509627728
costly,attenuated,0.0,all,14,1,2,0,0.0
costly,attenuated,0.0,all,14,2,0,1,0.5
costly,attenuated,0.0,all,14,2,1,1,0.5
costly,attenuated,0.0,all,14,2,2,0,0.0
costly,attenuated,0.0,all,15,0,0,1130,0.9277504105090312
costly,attenuated,0.0,all,15,0,1,88,0.0722495894909688
costly,attenuated,0.0,all,15,0,2,0,0.0
costly,attenuated,0.0,all,15,1,0,99,0.12692307692307692
costly,attenuated,0.0,all,15,1,1,681,0.8730769230769231
costly,attenuated,0.0,all,15,1,2,0,0.0
costly,attenuated,0.0,all,15,2,0,1,0.5
costly,attenuated,0.0,all,15,2,1,1,0.5
costly,attenuated,0.0,all,15,2,2,0,0.0
costly,attenuated,0.0,all,16,0,0,1138,0.9252032520325203
costly,attenuated,0.0,all,16,0,1,92,0.07479674796747968
costly,attenuated,0.0,all,16,0,2,0,0.0
costly,attenuated,0.0,all,16,1,0,78,0.1012987012987013
costly,attenuated,0.0,all,16,1,1,692,0.8987012987012987
costly,attenuated,0.0,all,16,1,2,0,0.0
costly,attenuated,0.0,all,16,2,0,0,
costly,attenuated,0.0,all,16,2,1,0,
costly,attenuated,0.0,all,16,2,2,0,
costly,attenuated,0.0,all,17,0,0,1142,0.9391447368421053
costly,attenuated,0.0,all,17,0,1,74,0.06085526315789474
costly,attenuated,0.0,all,17,0,2,0,0.0
costly,attenuated,0.0,all,17,1,0,82,0.10459183673469388
costly,attenuated,0.0,all,17,1,1,702,0.8954081632653061
costly,attenuated,0.0,all,17,1,2,0,0.0
costly,attenuated,0.0,all,17,2,0,0,
costly,attenuated,0.0,all,17,2,1,0,
costly,attenuated,0.0,all,17,2,2,0,
costly,attenuated,0.0,all,18,0,0,1137,0.928921568627451
costly,attenuated,0.0,all,18,0,1,87,0.07107843137254902
costly,attenuated,0.0,all,18,0,2,0,0.0
costly,attenuated,0.0,all,18,1,0,86,0.11082474226804123
costly,attenuated,0.0,all,18,1,1,690,0.8891752577319587
costly,attenuated,0.0,all,18,1,2,0,0.0
costly,attenuated,0.0,all,18,2,0,0,
costly,attenuated,0.0,all,18,2,1,0,
costly,attenuated,0.0,all,18,2,2,0,
costly,attenuated,0.0,all,19,0,0,1133,0.9264104660670482
costly,attenuated,0.0,all,19,0,1,90,0.07358953393295176
costly,attenuated,0.0,all,19,0,2,0,0.0
costly,attenuated,0.0,all,19,1,0,90,0.11583011583011583
costly,attenuated,0.0,all,19,1,1,687,0.8841698841698842
costly,attenuated,0.0,all,19,1,2,0,0.0
costly,attenuated,0.0,all,19,2,0,0,
costly,attenuated,0.0,all,19,2,1,0,
costly,attenuated,0.0,all,19,2,2,0,
costly,attenuated,0.0,all,20,0,0,1130,0.9239574816026165
costly,attenuated,0.0,all,20,0,1,92,0.07522485690923958
costly,attenuated,0.0,all,20,0,2,1,0.0008176614881439084
costly,attenuated,0.0,all,20,1,0,79,0.10167310167310167
costly,attenuated,0.0,all,20,1,1,698,0.8983268983268984
costly,attenuated,0.0,all,20,1,2,0,0.0
costly,attenuated,0.0,all,20,2,0,0,
costly,attenuated,0.0,all,20,2,1,0,
costly,attenuated,0.0,all,20,2,2,0,
costly,attenuated,0.0,all,21,0,0,1142,0.9445822994210091
costly,attenuated,0.0,all,21,0,1,67,0.055417700578990904
costly,attenuated,0.0,all,21,0,2,0,0.0
costly,attenuated,0.0,all,21,1,0,86,0.10886075949367088
costly,attenuated,0.0,all,21,1,1,704,0.8911392405063291
costly,attenuated,0.0,all,21,1,2,0,0.0
costly,attenuated,0.0,all,21,2,0,1,1.0
costly,attenuated,0.0,all,21,2,1,0,0.0
costly,attenuated,0.0,all,21,2,2,0,0.0
costly,attenuated,0.0,all,22,0,0,1150,0.935720097640358
costly,attenuated,0.0,all,22,0,1,78,0.06346623270951994
costly,attenuated,0.0,all,22,0,2,1,0.0008136696501220504
costly,attenuated,0.0,all,22,1,0,78,0.10116731517509728
costly,attenuated,0.0,all,22,1,1,693,0.8988326848249028
costly,attenuated,0.0,all,22,1,2,0,0.0
costly,attenuated,0.0,all,22,2,0,0,
costly,attenuated,0.0,all,22,2,1,0,
costly,attenuated,0.0,all,22,2,2,0,
costly,attenuated,0.0,all,23,0,0,1140,0.9283387622149837
costly,attenuated,0.0,all,23,0,1,88,0.07166123778501629
costly,attenuated,0.0,all,23,0,2,0,0.0
costly,attenuated,0.0,all,23,1,0,83,0.10765239948119326
costly,attenuated,0.0,all,23,1,1,688,0.8923476005188068
costly,attenuated,0.0,all,23,1,2,0,0.0
costly,attenuated,0.0,all,23,2,0,1,1.0
costly,attenuated,0.0,all,23,2,1,0,0.0
costly,attenuated,0.0,all,23,2,2,0,0.0
costly,attenuated,0.0,all,0,0,0,26364,0.9357231588287489
costly,attenuated,0.0,all,0,0,1,1797,0.06377994676131322
costly,attenuated,0.0,all,0,0,2,14,0.0004968944099378882
costly,attenuated,0.0,all,0,1,0,1776,0.09971366009769243
costly,attenuated,0.0,all,0,1,1,16035,0.9002863399023076
costly,attenuated,0.0,all,0,1,2,0,0.0
costly,attenuated,0.0,all,0,2,0,8,0.5714285714285714
costly,attenuated,0.0,all,0,2,1,6,0.42857142857142855
costly,attenuated,0.0,all,0,2,2,0,0.0
costly,attenuated,0.0,both_own,1,0,0,467,0.9873150105708245
costly,attenuated,0.0,both_own,1,0,1,6,0.012684989429175475
costly,attenuated,0.0,both_own,1,0,2,0,0.0
costly,attenuated,0.0,both_own,1,1,0,4,1.0
costly,attenuated,0.0,both_own,1,1,1,0,0.0
costly,attenuated,0.0,both_own,1,1,2,0,0.0
costly,attenuated,0.0,both_own,1,2,0,0,
costly,attenuated,0.0,both_own,1,2,1,0,
costly,attenuated,0.0,both_own,1,2,2,0,
costly,attenuated,0.0,both_own,2,0,0,465,0.9872611464968153
costly,attenuated,0.0,both_own,2,0,1,6,0.012738853503184714
costly,attenuated,0.0,both_own,2,0,2,0,0.0
costly,attenuated,0.0,both_own,2,1,0,6,1.0
costly,attenuated,0.0,both_own,2,1,1,0,0.0
costly,attenuated,0.0,both_own,2,1,2,0,0.0
costly,attenuated,0.0,both_own,2,2,0,0,
costly,attenuated,0.0,both_own,2,2,1,0,
costly,attenuated,0.0,both_own,2,2,2,0,
costly,attenuated,0.0,both_own,3,0,0,464,0.9851380042462845
costly,attenuated,0.0,both_own,3,0,1,7,0.014861995753715499
costly,attenuated,0.0,both_own,3,0,2,0,0.0
costly,attenuated,0.0,both_own,3,1,0,6,1.0
costly,attenuated,0.0,both_own,3,1,1,0,0.0
costly,attenuated,0.0,both_own,3,1,2,0,0.0
costly,attenuated,0.0,both_own,3,2,0,0,
costly,attenuated,0.0,both_own,3,2,1,0,
costly,attenuated,0.0,both_own,3,2,2,0,
costly,attenuated,0.0,both_own,4,0,0,459,0.9765957446808511
costly,attenuated,0.0,both_own,4,0,1,11,0.023404255319148935
costly,attenuated,0.0,both_own,4,0,2,0,0.0
costly,attenuated,0.0,both_own,4,1,0,7,1.0
costly,attenuated,0.0,both_own,4,1,1,0,0.0
costly,attenuated,0.0,both_own,4,1,2,0,0.0
costly,attenuated,0.0,both_own,4,2,0,0,
costly,attenuated,0.0,both_own,4,2,1,0,
costly,attenuated,0.0,both_own,4,2,2,0,
costly,attenuated,0.0,both_own,5,0,0,458,0.9828326180257511
costly,attenuated,0.0,both_own,5,0,1,8,0.017167381974248927
costly,attenuated,0.0,both_own,5,0,2,0,0.0
costly,attenuated,0.0,both_own,5,1,0,11,1.0
costly,attenuated,0.0,both_own,5,1,1,0,0.0
costly,attenuated,0.0,both_own,5,1,2,0,0.0
costly,attenuated,0.0,both_own,5,2,0,0,
costly,attenuated,0.0,both_own,5,2,1,0,
costly,attenuated,0.0,both_own,5,2,2,0,
costly,attenuated,0.0,both_own,6,0,0,462,0.9850746268656716
costly,attenuated,0.0,both_own,6,0,1,7,0.014925373134328358
costly,attenuated,0.0,both_own,6,0,2,0,0.0
costly,attenuated,0.0,both_own,6,1,0,8,1.0
costly,attenuated,0.0,both_own,6,1,1,0,0.0
costly,attenuated,0.0,both_own,6,1,2,0,0.0
costly,attenuated,0.0,both_own,6,2,0,0,
costly,attenuated,0.0,both_own,6,2,1,0,
costly,attenuated,0.0,both_own,6,2,2,0,
costly,attenuated,0.0,both_own,7,0,0,465,0.9893617021276596
costly,attenuated,0.0,both_own,7,0,1,5,0.010638297872340425
costly,attenuated,0.0,both_own,7,0,2,0,0.0
costly,attenuated,0.0,both_own,7,1,0,7,1.0
costly,attenuated,0.0,both_own,7,1,1,0,0.0
costly,attenuated,0.0,both_own,7,1,2,0,0.0
costly,attenuated,0.0,both_own,7,2,0,0,
costly,attenuated,0.0,both_own,7,2,1,0,
costly,attenuated,0.0,both_own,7,2,2,0,
costly,attenuated,0.0,both_own,8,0,0,464,0.9830508474576272
costly,attenuated,0.0,both_own,8,0,1,8,0.01694915254237288
costly,attenuated,0.0,both_own,8,0,2,0,0.0
costly,attenuated,0.0,both_own,8,1,0,5,1.0
costly,attenuated,0.0,both_own,8,1,1,0,0.0
costly,attenuated,0.0,both_own,8,1,2,0,0.0
costly,attenuated,0.0,both_own,8,2,0,0,
costly,attenuated,0.0,both_own,8,2,1,0,
costly,attenuated,0.0,both_own,8,2,2,0,
costly,attenuated,0.0,both_own,9,0,0,461,0.9829424307036247
costly,attenuated,0.0,both_own,9,0,1,8,0.017057569296375266
costly,attenuated,0.0,both_own,9,0,2,0,0.0
costly,attenuated,0.0,both_own,9,1,0,6,0.75
costly,attenuated,0.0,both_own,9,1,1,2,0.25
costly,attenuated,0.0,both_own,9,1,2,0,0.0
costly,attenuated,0.0,both_own,9,2,0,0,
costly,attenuated,0.0,both_own,9,2,1,0,
costly,attenuated,0.0,both_own,9,2,2,0,
costly,attenuated,0.0,both_own,10,0,0,458,0.9807280513918629
costly,attenuated,0.0,both_own,10,0,1,9,0.019271948608137045
costly,attenuated,0.0,both_own,10,0,2,0,0.0
costly,attenuated,0.0,both_own,10,1,0,10,1.0
costly,attenuated,0.0,both_own,10,1,1,0,0.0
costly,attenuated,0.0,both_own,10,1,2,0,0.0
costly,attenuated,0.0,both_own,10,2,0,0,
costly,attenuated,0.0,both_own,10,2,1,0,
costly,attenuated,0.0,both_own,10,2,2,0,
costly,attenuated,0.0,both_own,11,0,0,458,0.9786324786324786
costly,attenuated,0.0,both_own,11,0,1,10,0.021367521367521368
costly,attenuated,0.0,both_own,11,0,2,0,0.0
costly,attenuated,0.0,both_own,11,1,0,9,1.0
costly,attenuated,0.0,both_own,11,1,1,0,0.0
costly,attenuated,0.0,both_own,11,1,2,0,0.0
costly,attenuated,0.0,both_own,11,2,0,0,
costly,attenuated,0.0,both_own,11,2,1,0,
costly,attenuated,0.0,both_own,11,2,2,0,
costly,attenuated,0.0,both_own,12,0,0,449,0.961456102783726
costly,attenuated,0.0,both_own,12,0,1,18,0.03854389721627409
costly,attenuated,0.0,both_own,12,0,2,0,0.0
costly,attenuated,0.0,both_own,12,1,0,10,1.0
costly,attenuated,0.0,both_own,12,1,1,0,0.0
costly,attenuated,0.0,both_own,12,1,2,0,0.0
costly,attenuated,0.0,both_own,12,2,0,0,
costly,attenuated,0.0,both_own,12,2,1,0,
costly,attenuated,0.0,both_own,12,2,2,0,
costly,attenuated,0.0,both_own,13,0,0,438,0.954248366013072
costly,attenuated,0.0,both_own,13,0,1,21,0.0457516339869281
costly,attenuated,0.0,both_own,13,0,2,0,0.0
costly,attenuated,0.0,both_own,13,1,0,18,1.0
costly,attenuated,0.0,both_own,13,1,1,0,0.0
costly,attenuated,0.0,both_own,13,1,2,0,0.0
costly,attenuated,0.0,both_own,13,2,0,0,
costly,attenuated,0.0,both_own,13,2,1,0,
costly,attenuated,0.0,both_own,13,2,2,0,
costly,attenuated,0.0,both_own,14,0,0,443,0.9714912280701754
costly,attenuated,0.0,both_own,14,0,1,13,0.02850877192982456
costly,attenuated,0.0,both_own,14,0,2,0,0.0
costly,attenuated,0.0,both_own,14,1,0,18,0.8571428571428571
costly,attenuated,0.0,both_own,14,1,1,3,0.14285714285714285
costly,attenuated,0.0,both_own,14,1,2,0,0.0
costly,attenuated,0.0,both_own,14,2,0,0,
costly,attenuated,0.0,both_own,14,2,1,0,
costly,attenuated,0.0,both_own,14,2,2,0,
costly,attenuated,0.0,both_own,15,0,0,449,0.9739696312364425
costly,attenuated,0.0,both_own,15,0,1,12,0.026030368763557483
costly,attenuated,0.0,both_own,15,0,2,0,0.0
costly,attenuated,0.0,both_own,15,1,0,13,0.8125
costly,attenuated,0.0,both_own,15,1,1,3,0.1875
costly,attenuated,0.0,both_own,15,1,2,0,0.0
costly,attenuated,0.0,both_own,15,2,0,0,
costly,attenuated,0.0,both_own,15,2,1,0,
costly,attenuated,0.0,both_own,15,2,2,0,
costly,attenuated,0.0,both_own,16,0,0,446,0.9653679653679653
costly,attenuated,0.0,both_own,16,0,1,16,0.03463203463203463
costly,attenuated,0.0,both_own,16,0,2,0,0.0
costly,attenuated,0.0,both_own,16,1,0,15,1.0
costly,attenuated,0.0,both_own,16,1,1,0,0.0
costly,attenuated,0.0,both_own,16,1,2,0,0.0
costly,attenuated,0.0,both_own,16,2,0,0,
costly,attenuated,0.0,both_own,16,2,1,0,
costly,attenuated,0.0,both_own,16,2,2,0,
costly,attenuated,0.0,both_own,17,0,0,449,0.9739696312364425
costly,attenuated,0.0,both_own,17,0,1,12,0.026030368763557483
costly,attenuated,0.0,both_own,17,0,2,0,0.0
costly,attenuated,0.0,both_own,17,1,0,15,0.9375
costly,attenuated,0.0,both_own,17,1,1,1,0.0625
costly,attenuated,0.0,both_own,17,1,2,0,0.0
costly,attenuated,0.0,both_own,17,2,0,0,
costly,attenuated,0.0,both_own,17,2,1,0,
costly,attenuated,0.0,both_own,17,2,2,0,
costly,attenuated,0.0,both_own,18,0,0,446,0.9612068965517241
costly,attenuated,0.0,both_own,18,0,1,18,0.03879310344827586
costly,attenuated,0.0,both_own,18,0,2,0,0.0
costly,attenuated,0.0,both_own,18,1,0,13,1.0
costly,attenuated,0.0,both_own,18,1,1,0,0.0
costly,attenuated,0.0,both_own,18,1,2,0,0.0
costly,attenuated,0.0,both_own,18,2,0,0,
costly,attenuated,0.0,both_own,18,2,1,0,
costly,attenuated,0.0,both_own,18,2,2,0,
costly,attenuated,0.0,both_own,19,0,0,444,0.9673202614379085
costly,attenuated,0.0,both_own,19,0,1,15,0.032679738562091505
costly,attenuated,0.0,both_own,19,0,2,0,0.0
costly,attenuated,0.0,both_own,19,1,0,17,0.9444444444444444
costly,attenuated,0.0,both_own,19,1,1,1,0.05555555555555555
costly,attenuated,0.0,both_own,19,1,2,0,0.0
costly,attenuated,0.0,both_own,19,2,0,0,
costly,attenuated,0.0,both_own,19,2,1,0,
costly,attenuated,0.0,both_own,19,2,2,0,
costly,attenuated,0.0,both_own,20,0,0,447,0.9696312364425163
costly,attenuated,0.0,both_own,20,0,1,14,0.03036876355748373
costly,attenuated,0.0,both_own,20,0,2,0,0.0
costly,attenuated,0.0,both_own,20,1,0,16,1.0
costly,attenuated,0.0,both_own,20,1,1,0,0.0
costly,attenuated,0.0,both_own,20,1,2,0,0.0
costly,attenuated,0.0,both_own,20,2,0,0,
costly,attenuated,0.0,both_own,20,2,1,0,
costly,attenuated,0.0,both_own,20,2,2,0,
costly,attenuated,0.0,both_own,21,0,0,452,0.9762419006479481
costly,attenuated,0.0,both_own,21,0,1,11,0.023758099352051837
costly,attenuated,0.0,both_own,21,0,2,0,0.0
costly,attenuated,0.0,both_own,21,1,0,14,1.0
costly,attenuated,0.0,both_own,21,1,1,0,0.0
costly,attenuated,0.0,both_own,21,1,2,0,0.0
costly,attenuated,0.0,both_own,21,2,0,0,
costly,attenuated,0.0,both_own,21,2,1,0,
costly,attenuated,0.0,both_own,21,2,2,0,
costly,attenuated,0.0,both_own,22,0,0,457,0.98068669527897
costly,attenuated,0.0,both_own,22,0,1,9,0.019313304721030045
costly,attenuated,0.0,both_own,22,0,2,0,0.0
costly,attenuated,0.0,both_own,22,1,0,9,0.8181818181818182
costly,attenuated,0.0,both_own,22,1,1,2,0.18181818181818182
costly,attenuated,0.0,both_own,22,1,2,0,0.0
costly,attenuated,0.0,both_own,22,2,0,0,
costly,attenuated,0.0,both_own,22,2,1,0,
costly,attenuated,0.0,both_own,22,2,2,0,
costly,attenuated,0.0,both_own,23,0,0,454,0.9742489270386266
costly,attenuated,0.0,both_own,23,0,1,12,0.02575107296137339
costly,attenuated,0.0,both_own,23,0,2,0,0.0
costly,attenuated,0.0,both_own,23,1,0,11,1.0
costly,attenuated,0.0,both_own,23,1,1,0,0.0
costly,attenuated,0.0,both_own,23,1,2,0,0.0
costly,attenuated,0.0,both_own,23,2,0,0,
costly,attenuated,0.0,both_own,23,2,1,0,
costly,attenuated,0.0,both_own,23,2,2,0,
costly,attenuated,0.0,both_own,0,0,0,10455,0.9760993371300533
costly,attenuated,0.0,both_own,0,0,1,256,0.023900662869946784
costly,attenuated,0.0,both_own,0,0,2,0,0.0
costly,attenuated,0.0,both_own,0,1,0,248,0.9538461538461539
costly,attenuated,0.0,both_own,0,1,1,12,0.046153846153846156
costly,attenuated,0.0,both_own,0,1,2,0,0.0
costly,attenuated,0.0,both_own,0,2,0,0,
costly,attenuated,0.0,both_own,0,2,1,0,
costly,attenuated,0.0,both_own,0,2,2,0,
costly,costly,0.0,all,1,0,0,1918,0.9770759042282221
costly,costly,0.0,all,1,0,1,45,0.02292409577177789
costly,costly,0.0,all,1,0,2,0,0.0
costly,costly,0.0,all,1,1,0,35,0.9459459459459459
costly,costly,0.0,all,1,1,1,2,0.05405405405405406
costly,costly,0.0,all,1,1,2,0,0.0
costly,costly,0.0,all,1,2,0,0,
costly,costly,0.0,all,1,2,1,0,
costly,costly,0.0,all,1,2,2,0,
costly,costly,0.0,all,2,0,0,1914,0.9800307219662059
costly,costly,0.0,all,2,0,1,39,0.019969278033794162
costly,costly,0.0,all,2,0,2,0,0.0
costly,costly,0.0,all,2,1,0,47,1.0
costly,costly,0.0,all,2,1,1,0,0.0
costly,costly,0.0,all,2,1,2,0,0.0
costly,costly,0.0,all,2,2,0,0,
costly,costly,0.0,all,2,2,1,0,
costly,costly,0.0,all,2,2,2,0,
costly,costly,0.0,all,3,0,0,1930,0.98419173890872
costly,costly,0.0,all,3,0,1,31,0.01580826109127996
costly,costly,0.0,all,3,0,2,0,0.0
costly,costly,0.0,all,3,1,0,39,1.0
costly,costly,0.0,all,3,1,1,0,0.0
costly,costly,0.0,all,3,1,2,0,0.0
costly,costly,0.0,all,3,2,0,0,
costly,costly,0.0,all,3,2,1,0,
costly,costly,0.0,all,3,2,2,0,
costly,costly,0.0,all,4,0,0,1938,0.9842559674961909
costly,costly,0.0,all,4,0,1,31,0.01574403250380904
costly,costly,0.0,all,4,0,2,0,0.0
costly,costly,0.0,all,4,1,0,31,1.0
costly,costly,0.0,all,4,1,1,0,0.0
costly,costly,0.0,all,4,1,2,0,0.0
costly,costly,0.0,all,4,2,0,0,
costly,costly,0.0,all,4,2,1,0,
costly,costly,0.0,all,4,2,2,0,
costly,costly,0.0,all,5,0,0,1939,0.9847638395124428
costly,costly,0.0,all,5,0,1,30,0.015236160487557136
costly,costly,0.0,all,5,0,2,0,0.0
costly,costly,0.0,all,5,1,0,30,0.967741935483871
costly,costly,0.0,all,5,1,1,1,0.03225806451612903
costly,costly,0.0,all,5,1,2,0,0.0
costly,costly,0.0,all,5,2,0,0,
costly,costly,0.0,all,5,2,1,0,
costly,costly,0.0,all,5,2,2,0,
costly,costly,0.0,all,6,0,0,1929,0.9796851193499239
costly,costly,0.0,all,6,0,1,40,0.02031488065007618
costly,costly,0.0,all,6,0,2,0,0.0
costly,costly,0.0,all,6,1,0,29,0.9354838709677419
costly,costly,0.0,all,6,1,1,2,0.06451612903225806
costly,costly,0.0,all,6,1,2,0,0.0
costly,costly,0.0,all,6,2,0,0,
costly,costly,0.0,all,6,2,1,0,
costly,costly,0.0,all,6,2,2,0,
costly,costly,0.0,all,7,0,0,1919,0.9800817160367722
costly,costly,0.0,all,7,0,1,39,0.019918283963227784
costly,costly,0.0,all,7,0,2,0,0.0
costly,costly,0.0,all,7,1,0,42,1.0
costly,costly,0.0,all,7,1,1,0,0.0
costly,costly,0.0,all,7,1,2,0,0.0
costly,costly,0.0,all,7,2,0,0,
costly,costly,0.0,all,7,2,1,0,
costly,costly,0.0,all,7,2,2,0,
costly,costly,0.0,all,8,0,0,1936,0.9872514023457419
costly,costly,0.0,all,8,0,1,25,0.012748597654258032
costly,costly,0.0,all,8,0,2,0,0.0
costly,costly,0.0,all,8,1,0,37,0.9487179487179487
costly,costly,0.0,all,8,1,1,2,0.05128205128205128
costly,costly,0.0,all,8,1,2,0,0.0
costly,costly,0.0,all,8,2,0,0,
costly,costly,0.0,all,8,2,1,0,
costly,costly,0.0,all,8,2,2,0,
costly,costly,0.0,all,9,0,0,1912,0.9690826153066396
costly,costly,0.0,all,9,0,1,61,0.030917384693360365
costly,costly,0.0,all,9,0,2,0,0.0
costly,costly,0.0,all,9,1,0,26,0.9629629629629629
costly,costly,0.0,all,9,1,1,1,0.037037037037037035
costly,costly,0.0,all,9,1,2,0,0.0
costly,costly,0.0,all,9,2,0,0,
costly,costly,0.0,all,9,2,1,0,
costly,costly,0.0,all,9,2,2,0,
costly,costly,0.0,all,10,0,0,1901,0.9809081527347782
costly,costly,0.0,all,10,0,1,37,0.019091847265221878
costly,costly,0.0,all,10,0,2,0,0.0
costly,costly,0.0,all,10,1,0,62,1.0
costly,costly,0.0,all,10,1,1,0,0.0
costly,costly,0.0,all,10,1,2,0,0.0
costly,costly,0.0,all,10,2,0,0,
costly,costly,0.0,all,10,2,1,0,
costly,costly,0.0,all,10,2,2,0,
costly,costly,0.0,all,11,0,0,1920,0.97809475292919
costly,costly,0.0,all,11,0,1,43,0.021905247070809986
costly,costly,0.0,all,11,0,2,0,0.0
costly,costly,0.0,all,11,1,0,37,1.0
costly,costly,0.0,all,11,1,1,0,0.0
costly,costly,0.0,all,11,1,2,0,0.0
costly,costly,0.0,all,11,2,0,0,
costly,costly,0.0,all,11,2,1,0,
costly,costly,0.0,all,11,2,2,0,
costly,costly,0.0,all,12,0,0,1920,0.9810935104752172
costly,costly,0.0,all,12,0,1,37,0.01890648952478283
costly,costly,0.0,all,12,0,2,0,0.0
costly,costly,0.0,all,12,1,0,42,0.9767441860465116
costly,costly,0.0,all,12,1,1,1,0.023255813953488372
costly,costly,0.0,all,12,1,2,0,0.0
costly,costly,0.0,all,12,2,0,0,
costly,costly,0.0,all,12,2,1,0,
costly,costly,0.0,all,12,2,2,0,
costly,costly,0.0,all,13,0,0,1928,0.9826707441386341
costly,costly,0.0,all,13,0,1,34,0.017329255861365953
costly,costly,0.0,all,13,0,2,0,0.0
costly,costly,0.0,all,13,1,0,37,0.9736842105263158
costly,costly,0.0,all,13,1,1,1,0.02631578947368421
costly,costly,0.0,all,13,1,2,0,0.0
costly,costly,0.0,all,13,2,0,0,
costly,costly,0.0,all,13,2,1,0,
costly,costly,0.0,all,13,2,2,0,
costly,costly,0.0,all,14,0,0,1911,0.9725190839694656
costly,costly,0.0,all,14,0,1,54,0.02748091603053435
costly,costly,0.0,all,14,0,2,0,0.0
costly,costly,0.0,all,14,1,0,34,0.9714285714285714
costly,costly,0.0,all,14,1,1,1,0.02857142857142857
costly,costly,0.0,all,14,1,2,0,0.0
costly,costly,0.0,all,14,2,0,0,
costly,costly,0.0,all,14,2,1,0,
costly,costly,0.0,all,14,2,2,0,
costly,costly,0.0,all,15,0,0,1889,0.9712082262210797
costly,costly,0.0,all,15,0,1,56,0.02879177377892031
costly,costly,0.0,all,15,0,2,0,0.0
costly,costly,0.0,all,15,1,0,53,0.9636363636363636
costly,costly,0.0,all,15,1,1,2,0.03636363636363636
costly,costly,0.0,all,15,1,2,0,0.0
costly,costly,0.0,all,15,2,0,0,
costly,costly,0.0,all,15,2,1,0,
costly,costly,0.0,all,15,2,2,0,
costly,costly,0.0,all,16,0,0,1901,0.9788877445932029
costly,costly,0.0,all,16,0,1,41,0.021112255406797117
costly,costly,0.0,all,16,0,2,0,0.0
costly,costly,0.0,all,16,1,0,56,0.9655172413793104
costly,costly,0.0,all,16,1,1,2,0.034482758620689655
costly,costly,0.0,all,16,1,2,0,0.0
costly,costly,0.0,all,16,2,0,0,
costly,costly,0.0,all,16,2,1,0,
costly,costly,0.0,all,16,2,2,0,
costly,costly,0.0,all,17,0,0,1921,0.9816044966785897
costly,costly,0.0,all,17,0,1,36,0.018395503321410323
costly,costly,0.0,all,17,0,2,0,0.0
costly,costly,0.0,all,17,1,0,41,0.9534883720930233
costly,costly,0.0,all,17,1,1,2,0.046511627906976744
costly,costly,0.0,all,17,1,2,0,0.0
costly,costly,0.0,all,17,2,0,0,
costly,costly,0.0,all,17,2,1,0,
costly,costly,0.0,all,17,2,2,0,
costly,costly,0.0,all,18,0,0,1935,0.9862385321100917
costly,costly,0.0,all,18,0,1,27,0.013761467889908258
costly,costly,0.0,all,18,0,2,0,0.0
costly,costly,0.0,all,18,1,0,38,1.0
costly,costly,0.0,all,18,1,1,0,0.0
costly,costly,0.0,all,18,1,2,0,0.0
costly,costly,0.0,all,18,2,0,0,
costly,costly,0.0,all,18,2,1,0,
costly,costly,0.0,all,18,2,2,0,
costly,costly,0.0,all,19,0,0,1925,0.9756715661429296
costly,costly,0.0,all,19,0,1,48,0.024328433857070453
costly,costly,0.0,all,19,0,2,0,0.0
costly,costly,0.0,all,19,1,0,27,1.0
costly,costly,0.0,all,19,1,1,0,0.0
costly,costly,0.0,all,19,1,2,0,0.0
costly,costly,0.0,all,19,2,0,0,
costly,costly,0.0,all,19,2,1,0,
costly,costly,0.0,all,19,2,2,0,
costly,costly,0.0,all,20,0,0,1900,0.9733606557377049
costly,costly,0.0,all,20,0,1,52,0.02663934426229508
costly,costly,0.0,all,20,0,2,0,0.0
costly,costly,0.0,all,20,1,0,47,0.9791666666666666
costly,costly,0.0,all,20,1,1,1,0.020833333333333332
costly,costly,0.0,all,20,1,2,0,0.0
costly,costly,0.0,all,20,2,0,0,
costly,costly,0.0,all,20,2,1,0,
costly,costly,0.0,all,20,2,2,0,
costly,costly,0.0,all,21,0,0,1907,0.9794555726759117
costly,costly,0.0,all,21,0,1,40,0.02054442732408834
costly,costly,0.0,all,21,0,2,0,0.0
costly,costly,0.0,all,21,1,0,52,0.9811320754716981
costly,costly,0.0,all,21,1,1,1,0.018867924528301886
costly,costly,0.0,all,21,1,2,0,0.0
costly,costly,0.0,all,21,2,0,0,
costly,costly,0.0,all,21,2,1,0,
costly,costly,0.0,all,21,2,2,0,
costly,costly,0.0,all,22,0,0,1918,0.9790709545686574
costly,costly,0.0,all,22,0,1,41,0.02092904543134252
costly,costly,0.0,all,22,0,2,0,0.0
costly,costly,0.0,all,22,1,0,41,1.0
costly,costly,0.0,all,22,1,1,0,0.0
costly,costly,0.0,all,22,1,2,0,0.0
costly,costly,0.0,all,22,2,0,0,
costly,costly,0.0,all,22,2,1,0,
costly,costly,0.0,all,22,2,2,0,
costly,costly,0.0,all,23,0,0,1909,0.9744767738642164
costly,costly,0.0,all,23,0,1,50,0.025523226135783564
costly,costly,0.0,all,23,0,2,0,0.0
costly,costly,0.0,all,23,1,0,40,0.975609756097561
costly,costly,0.0,all,23,1,1,1,0.024390243902439025
costly,costly,0.0,all,23,1,2,0,0.0
costly,costly,0.0,all,23,2,0,0,
costly,costly,0.0,all,23,2,1,0,
costly,costly,0.0,all,23,2,2,0,
costly,costly,0.0,all,0,0,0,44120,0.9792041192267572
costly,costly,0.0,all,0,0,1,937,0.02079588077324278
costly,costly,0.0,all,0,0,2,0,0.0
costly,costly,0.0,all,0,1,0,923,0.9787910922587487
costly,costly,0.0,all,0,1,1,20,0.021208907741251327
costly,costly,0.0,all,0,1,2,0,0.0
costly,costly,0.0,all,0,2,0,0,
costly,costly,0.0,all,0,2,1,0,
costly,costly,0.0,all,0,2,2,0,
costly,costly,0.0,both_own,1,0,0,477,1.0
costly,costly,0.0,both_own,1,0,1,0,0.0
costly,costly,0.0,both_own,1,0,2,0,0.0
costly,costly,0.0,both_own,1,1,0,0,
costly,costly,0.0,both_own,1,1,1,0,
costly,costly,0.0,both_own,1,1,2,0,
costly,costly,0.0,both_own,1,2,0,0,
costly,costly,0.0,both_own,1,2,1,0,
costly,costly,0.0,both_own,1,2,2,0,
costly,costly,0.0,both_own,2,0,0,477,1.0
costly,costly,0.0,both_own,2,0,1,0,0.0
costly,costly,0.0,both_own,2,0,2,0,0.0
costly,costly,0.0,both_own,2,1,0,0,
costly,costly,0.0,both_own,2,1,1,0,
costly,costly,0.0,both_own,2,1,2,0,
costly,costly,0.0,both_own,2,2,0,0,
costly,costly,0.0,both_own,2,2,1,0,
costly,costly,0.0,both_own,2,2,2,0,
costly,costly,0.0,both_own,3,0,0,477,1.0
costly,costly,0.0,both_own,3,0,1,0,0.0
costly,costly,0.0,both_own,3,0,2,0,0.0
costly,costly,0.0,both_own,3,1,0,0,
costly,costly,0.0,both_own,3,1,1,0,
costly,costly,0.0,both_own,3,1,2,0,
costly,costly,0.0,both_own,3,2,0,0,
costly,costly,0.0,both_own,3,2,1,0,
costly,costly,0.0,both_own,3,2,2,0,
costly,costly,0.0,both_own,4,0,0,476,0.9979035639412998
costly,costly,0.0,both_own,4,0,1,1,0.0020964360587002098
costly,costly,0.0,both_own,4,0,2,0,0.0
costly,costly,0.0,both_own,4,1,0,0,
costly,costly,0.0,both_own,4,1,1,0,
costly,costly,0.0,both_own,4,1,2,0,
costly,costly,0.0,both_own,4,2,0,0,
costly,costly,0.0,both_own,4,2,1,0,
costly,costly,0.0,both_own,4,2,2,0,
costly,costly,0.0,both_own,5,0,0,476,1.0
costly,costly,0.0,both_own,5,0,1,0,0.0
costly,costly,0.0,both_own,5,0,2,0,0.0
costly,costly,0.0,both_own,5,1,0,1,1.0
costly,costly,0.0,both_own,5,1,1,0,0.0
costly,costly,0.0,both_own,5,1,2,0,0.0
costly,costly,0.0,both_own,5,2,0,0,
costly,costly,0.0,both_own,5,2,1,0,
costly,costly,0.0,both_own,5,2,2,0,
costly,costly,0.0,both_own,6,0,0,476,0.9979035639412998
costly,costly,0.0,both_own,6,0,1,1,0.0020964360587002098
costly,costly,0.0,both_own,6,0,2,0,0.0
costly,costly,0.0,both_own,6,1,0,0,
costly,costly,0.0,both_own,6,1,1,0,
costly,costly,0.0,both_own,6,1,2,0,
costly,costly,0.0,both_own,6,2,0,0,
costly,costly,0.0,both_own,6,2,1,0,
costly,costly,0.0,both_own,6,2,2,0,
costly,costly,0.0,both_own,7,0,0,476,1.0
costly,costly,0.0,both_own,7,0,1,0,0.0
costly,costly,0.0,both_own,7,0,2,0,0.0
costly,costly,0.0,both_own,7,1,0,1,1.0
costly,costly,0.0,both_own,7,1,1,0,0.0
costly,costly,0.0,both_own,7,1,2,0,0.0
costly,costly,0.0,both_own,7,2,0,0,
costly,costly,0.0,both_own,7,2,1,0,
costly,costly,0.0,both_own,7,2,2,0,
costly,costly,0.0,both_own,8,0,0,474,0.9937106918238994
costly,costly,0.0,both_own,8,0,1,3,0.006289308176100629
costly,costly,0.0,both_own,8,0,2,0,0.0
costly,costly,0.0,both_own,8,1,0,0,
costly,costly,0.0,both_own,8,1,1,0,
costly,costly,0.0,both_own,8,1,2,0,
costly,costly,0.0,both_own,8,2,0,0,
costly,costly,0.0,both_own,8,2,1,0,
costly,costly,0.0,both_own,8,2,2,0,
costly,costly,0.0,both_own,9,0,0,473,0.9978902953586498
costly,costly,0.0,both_own,9,0,1,1,0.002109704641350211
costly,costly,0.0,both_own,9,0,2,0,0.0
costly,costly,0.0,both_own,9,1,0,3,1.0
costly,costly,0.0,both_own,9,1,1,0,0.0
costly,costly,0.0,both_own,9,1,2,0,0.0
costly,costly,0.0,both_own,9,2,0,0,
costly,costly,0.0,both_own,9,2,1,0,
costly,costly,0.0,both_own,9,2,2,0,
costly,costly,0.0,both_own,10,0,0,475,0.9978991596638656
costly,costly,0.0,both_own,10,0,1,1,0.0021008403361344537
costly,costly,0.0,both_own,10,0,2,0,0.0
costly,costly,0.0,both_own,10,1,0,1,1.0
costly,costly,0.0,both_own,10,1,1,0,0.0
costly,costly,0.0,both_own,10,1,2,0,0.0
costly,costly,0.0,both_own,10,2,0,0,
costly,costly,0.0,both_own,10,2,1,0,
costly,costly,0.0,both_own,10,2,2,0,
costly,costly,0.0,both_own,11,0,0,470,0.9873949579831933
costly,costly,0.0,both_own,11,0,1,6,0.012605042016806723
costly,costly,0.0,both_own,11,0,2,0,0.0
costly,costly,0.0,both_own,11,1,0,1,1.0
costly,costly,0.0,both_own,11,1,1,0,0.0
costly,costly,0.0,both_own,11,1,2,0,0.0
costly,costly,0.0,both_own,11,2,0,0,
costly,costly,0.0,both_own,11,2,1,0,
costly,costly,0.0,both_own,11,2,2,0,
costly,costly,0.0,both_own,12,0,0,463,0.9830148619957537
costly,costly,0.0,both_own,12,0,1,8,0.016985138004246284
costly,costly,0.0,both_own,12,0,2,0,0.0
costly,costly,0.0,both_own,12,1,0,6,1.0
costly,costly,0.0,both_own,12,1,1,0,0.0
costly,costly,0.0,both_own,12,1,2,0,0.0
costly,costly,0.0,both_own,12,2,0,0,
costly,costly,0.0,both_own,12,2,1,0,
costly,costly,0.0,both_own,12,2,2,0,
costly,costly,0.0,both_own,13,0,0,461,0.9829424307036247
costly,costly,0.0,both_own,13,0,1,8,0.017057569296375266
costly,costly,0.0,both_own,13,0,2,0,0.0
costly,costly,0.0,both_own,13,1,0,8,1.0
costly,costly,0.0,both_own,13,1,1,0,0.0
costly,costly,0.0,both_own,13,1,2,0,0.0
costly,costly,0.0,both_own,13,2,0,0,
costly,costly,0.0,both_own,13,2,1,0,
costly,costly,0.0,both_own,13,2,2,0,
costly,costly,0.0,both_own,14,0,0,461,0.9829424307036247
costly,costly,0.0,both_own,14,0,1,8,0.017057569296375266
costly,costly,0.0,both_own,14,0,2,0,0.0
costly,costly,0.0,both_own,14,1,0,8,1.0
costly,costly,0.0,both_own,14,1,1,0,0.0
costly,costly,0.0,both_own,14,1,2,0,0.0
costly,costly,0.0,both_own,14,2,0,0,
costly,costly,0.0,both_own,14,2,1,0,
costly,costly,0.0,both_own,14,2,2,0,
costly,costly,0.0,both_own,15,0,0,459,0.9786780383795309
costly,costly,0.0,both_own,15,0,1,10,0.021321961620469083
costly,costly,0.0,both_own,15,0,2,0,0.0
costly,costly,0.0,both_own,15,1,0,8,1.0
costly,costly,0.0,both_own,15,1,1,0,0.0
costly,costly,0.0,both_own,15,1,2,0,0.0
costly,costly,0.0,both_own,15,2,0,0,
costly,costly,0.0,both_own,15,2,1,0,
costly,costly,0.0,both_own,15,2,2,0,
costly,costly,0.0,both_own,16,0,0,463,0.9914346895074947
costly,costly,0.0,both_own,16,0,1,4,0.008565310492505354
costly,costly,0.0,both_own,16,0,2,0,0.0
costly,costly,0.0,both_own,16,1,0,10,1.0
costly,costly,0.0,both_own,16,1,1,0,0.0
costly,costly,0.0,both_own,16,1,2,0,0.0
costly,costly,0.0,both_own,16,2,0,0,
costly,costly,0.0,both_own,16,2,1,0,
costly,costly,0.0,both_own,16,2,2,0,
costly,costly,0.0,both_own,17,0,0,470,0.9936575052854123
costly,costly,0.0,both_own,17,0,1,3,0.006342494714587738
costly,costly,0.0,both_own,17,0,2,0,0.0
costly,costly,0.0,both_own,17,1,0,4,1.0
costly,costly,0.0,both_own,17,1,1,0,0.0
costly,costly,0.0,both_own,17,1,2,0,0.0
costly,costly,0.0,both_own,17,2,0,0,
costly,costly,0.0,both_own,17,2,1,0,
costly,costly,0.0,both_own,17,2,2,0,
costly,costly,0.0,both_own,18,0,0,471,0.9936708860759493
costly,costly,0.0,both_own,18,0,1,3,0.006329113924050633
costly,costly,0.0,both_own,18,0,2,0,0.0
costly,costly,0.0,both_own,18,1,0,3,1.0
costly,costly,0.0,both_own,18,1,1,0,0.0
costly,costly,0.0,both_own,18,1,2,0,0.0
costly,costly,0.0,both_own,18,2,0,0,
costly,costly,0.0,both_own,18,2,1,0,
costly,costly,0.0,both_own,18,2,2,0,
costly,costly,0.0,both_own,19,0,0,465,0.9810126582278481
costly,costly,0.0,both_own,19,0,1,9,0.0189873417721519
costly,costly,0.0,both_own,19,0,2,0,0.0
costly,costly,0.0,both_own,19,1,0,3,1.0
costly,costly,0.0,both_own,19,1,1,0,0.0
costly,costly,0.0,both_own,19,1,2,0,0.0
costly,costly,0.0,both_own,19,2,0,0,
costly,costly,0.0,both_own,19,2,1,0,
costly,costly,0.0,both_own,19,2,2,0,
costly,costly,0.0,both_own,20,0,0,462,0.9871794871794872
costly,costly,0.0,both_own,20,0,1,6,0.01282051282051282
costly,costly,0.0,both_own,20,0,2,0,0.0
costly,costly,0.0,both_own,20,1,0,8,0.8888888888888888
costly,costly,0.0,both_own,20,1,1,1,0.1111111111111111
costly,costly,0.0,both_own,20,1,2,0,0.0
costly,costly,0.0,both_own,20,2,0,0,
costly,costly,0.0,both_own,20,2,1,0,
costly,costly,0.0,both_own,20,2,2,0,
costly,costly,0.0,both_own,21,0,0,466,0.9914893617021276
costly,costly,0.0,both_own,21,0,1,4,0.00851063829787234
costly,costly,0.0,both_own,21,0,2,0,0.0
costly,costly,0.0,both_own,21,1,0,7,1.0
costly,costly,0.0,both_own,21,1,1,0,0.0
costly,costly,0.0,both_own,21,1,2,0,0.0
costly,costly,0.0,both_own,21,2,0,0,
costly,costly,0.0,both_own,21,2,1,0,
costly,costly,0.0,both_own,21,2,2,0,
costly,costly,0.0,both_own,22,0,0,470,0.9936575052854123
costly,costly,0.0,both_own,22,0,1,3,0.006342494714587738
costly,costly,0.0,both_own,22,0,2,0,0.0
costly,costly,0.0,both_own,22,1,0,4,1.0
costly,costly,0.0,both_own,22,1,1,0,0.0
costly,costly,0.0,both_own,22,1,2,0,0.0
costly,costly,0.0,both_own,22,2,0,0,
costly,costly,0.0,both_own,22,2,1,0,
costly,costly,0.0,both_own,22,2,2,0,
costly,costly,0.0,both_own,23,0,0,469,0.989451476793249
costly,costly,0.0,both_own,23,0,1,5,0.010548523206751054
costly,costly,0.0,both_own,23,0,2,0,0.0
costly,costly,0.0,both_own,23,1,0,3,1.0
costly,costly,0.0,both_own,23,1,1,0,0.0
costly,costly,0.0,both_own,23,1,2,0,0.0
costly,costly,0.0,both_own,23,2,0,0,
costly,costly,0.0,both_own,23,2,1,0,
costly,costly,0.0,both_own,23,2,2,0,
costly,costly,0.0,both_own,0,0,0,10807,0.9922872096226242
costly,costly,0.0,both_own,0,0,1,84,0.007712790377375815
costly,costly,0.0,both_own,0,0,2,0,0.0
costly,costly,0.0,both_own,0,1,0,79,0.9875
costly,costly,0.0,both_own,0,1,1,1,0.0125
costly,costly,0.0,both_own,0,1,2,0,0.0
costly,costly,0.0,both_own,0,2,0,0,
costly,costly,0.0,both_own,0,2,1,0,
costly,costly,0.0,both_own,0,2,2,0,
costly,mixed,0.0,all,1,0,0,1491,0.8864447086801427
costly,mixed,0.0,all,1,0,1,191,0.11355529131985731
costly,mixed,0.0,all,1,0,2,0,0.0
costly,mixed,0.0,all,1,1,0,166,0.5220125786163522
costly,mixed,0.0,all,1,1,1,152,0.4779874213836478
costly,mixed,0.0,all,1,1,2,0,0.0
costly,mixed,0.0,all,1,2,0,0,
costly,mixed,0.0,all,1,2,1,0,
costly,mixed,0.0,all,1,2,2,0,
costly,mixed,0.0,all,2,0,0,1481,0.8937839468919735
costly,mixed,0.0,all,2,0,1,176,0.10621605310802655
costly,mixed,0.0,all,2,0,2,0,0.0
costly,mixed,0.0,all,2,1,0,196,0.5714285714285714
costly,mixed,0.0,all,2,1,1,147,0.42857142857142855
costly,mixed,0.0,all,2,1,2,0,0.0
costly,mixed,0.0,all,2,2,0,0,
costly,mixed,0.0,all,2,2,1,0,
costly,mixed,0.0,all,2,2,2,0,
costly,mixed,0.0,all,3,0,0,1474,0.8789505068574835
costly,mixed,0.0,all,3,0,1,203,0.1210494931425164
costly,mixed,0.0,all,3,0,2,0,0.0
costly,mixed,0.0,all,3,1,0,190,0.5882352941176471
costly,mixed,0.0,all,3,1,1,133,0.4117647058823529
costly,mixed,0.0,all,3,1,2,0,0.0
costly,mixed,0.0,all,3,2,0,0,
costly,mixed,0.0,all,3,2,1,0,
costly,mixed,0.0,all,3,2,2,0,
costly,mixed,0.0,all,4,0,0,1468,0.8822115384615384
costly,mixed,0.0,all,4,0,1,196,0.11778846153846154
costly,mixed,0.0,all,4,0,2,0,0.0
costly,mixed,0.0,all,4,1,0,193,0.5744047619047619
costly,mixed,0.0,all,4,1,1,143,0.4255952380952381
costly,mixed,0.0,all,4,1,2,0,0.0
costly,mixed,0.0,all,4,2,0,0,
costly,mixed,0.0,all,4,2,1,0,
costly,mixed,0.0,all,4,2,2,0,
costly,mixed,0.0,all,5,0,0,1455,0.8759783263094522
costly,mixed,0.0,all,5,0,1,206,0.12402167369054787
costly,mixed,0.0,all,5,0,2,0,0.0
costly,mixed,0.0,all,5,1,0,209,0.616519174041298
costly,mixed,0.0,all,5,1,1,130,0.3834808259587021
costly,mixed,0.0,all,5,1,2,0,0.0
costly,mixed,0.0,all,5,2,0,0,
costly,mixed,0.0,all,5,2,1,0,
costly,mixed,0.0,all,5,2,2,0,
costly,mixed,0.0,all,6,0,0,1449,0.8707932692307693
costly,mixed,0.0,all,6,0,1,215,0.12920673076923078
costly,mixed,0.0,all,6,0,2,0,0.0
costly,mixed,0.0,all,6,1,0,197,0.5863095238095238
costly,mixed,0.0,all,6,1,1,139,0.41369047619047616
costly,mixed,0.0,all,6,1,2,0,0.0
costly,mixed,0.0,all,6,2,0,0,
costly,mixed,0.0,all,6,2,1,0,
costly,mixed,0.0,all,6,2,2,0,
costly,mixed,0.0,all,7,0,0,1456,0.8845686512758202
costly,mixed,0.0,all,7,0,1,190,0.11543134872417983
costly,mixed,0.0,all,7,0,2,0,0.0
costly,mixed,0.0,all,7,1,0,186,0.5254237288135594
costly,mixed,0.0,all,7,1,1,168,0.4745762711864407
costly,mixed,0.0,all,7,1,2,0,0.0
costly,mixed,0.0,all,7,2,0,0,
costly,mixed,0.0,all,7,2,1,0,
costly,mixed,0.0,all,7,2,2,0,
costly,mixed,0.0,all,8,0,0,1442,0.8781973203410475
costly,mixed,0.0,all,8,0,1,200,0.1218026796589525
costly,mixed,0.0,all,8,0,2,0,0.0
costly,mixed,0.0,all,8,1,0,202,0.5642458100558659
costly,mixed,0.0,all,8,1,1,156,0.43575418994413406
costly,mixed,0.0,all,8,1,2,0,0.0
costly,mixed,0.0,all,8,2,0,0,
costly,mixed,0.0,all,8,2,1,0,
costly,mixed,0.0,all,8,2,2,0,
costly,mixed,0.0,all,9,0,0,1433,0.871654501216545
costly,mixed,0.0,all,9,0,1,211,0.128345498783455
costly,mixed,0.0,all,9,0,2,0,0.0
costly,mixed,0.0,all,9,1,0,204,0.5730337078651685
costly,mixed,0.0,all,9,1,1,152,0.42696629213483145
costly,mixed,0.0,all,9,1,2,0,0.0
costly,mixed,0.0,all,9,2,0,0,
costly,mixed,0.0,all,9,2,1,0,
costly,mixed,0.0,all,9,2,2,0,
costly,mixed,0.0,all,10,0,0,1439,0.8790470372632865
costly,mixed,0.0,all,10,0,1,198,0.1209529627367135
costly,mixed,0.0,all,10,0,2,0,0.0
costly,mixed,0.0,all,10,1,0,216,0.5950413223140496
costly,mixed,0.0,all,10,1,1,147,0.4049586776859504
costly,mixed,0.0,all,10,1,2,0,0.0
costly,mixed,0.0,all,10,2,0,0,
costly,mixed,0.0,all,10,2,1,0,
costly,mixed,0.0,all,10,2,2,0,
costly,mixed,0.0,all,11,0,0,1452,0.8773413897280967
costly,mixed,0.0,all,11,0,1,203,0.12265861027190332
costly,mixed,0.0,all,11,0,2,0,0.0
costly,mixed,0.0,all,11,1,0,193,0.5594202898550724
costly,mixed,0.0,all,11,1,1,152,0.4405797101449275
costly,mixed,0.0,all,11,1,2,0,0.0
costly,mixed,0.0,all,11,2,0,0,
costly,mixed,0.0,all,11,2,1,0,
costly,mixed,0.0,all,11,2,2,0,
costly,mixed,0.0,all,12,0,0,1450,0.8814589665653495
costly,mixed,0.0,all,12,0,1,195,0.11854103343465046
costly,mixed,0.0,all,12,0,2,0,0.0
costly,mixed,0.0,all,12,1,0,208,0.5859154929577465
costly,mixed,0.0,all,12,1,1,147,0.4140845070422535
costly,mixed,0.0,all,12,1,2,0,0.0
costly,mixed,0.0,all,12,2,0,0,
costly,mixed,0.0,all,12,2,1,0,
costly,mixed,0.0,all,12,2,2,0,
costly,mixed,0.0,all,13,0,0,1456,0.8781664656212304
costly,mixed,0.0,all,13,0,1,202,0.1218335343787696
costly,mixed,0.0,all,13,0,2,0,0.0
costly,mixed,0.0,all,13,1,0,194,0.5672514619883041
costly,mixed,0.0,all,13,1,1,148,0.4327485380116959
costly,mixed,0.0,all,13,1,2,0,0.0
costly,mixed,0.0,all,13,2,0,0,
costly,mixed,0.0,all,13,2,1,0,
costly,mixed,0.0,all,13,2,2,0,
costly,mixed,0.0,all,14,0,0,1431,0.8672727272727273
costly,mixed,0.0,all,14,0,1,218,0.1321212121212121
costly,mixed,0.0,all,14,0,2,1,0.0006060606060606061
costly,mixed,0.0,all,14,1,0,211,0.6028571428571429
costly,mixed,0.0,all,14,1,1,139,0.39714285714285713
costly,mixed,0.0,all,14,1,2,0,0.0
costly,mixed,0.0,all,14,2,0,0,
costly,mixed,0.0,all,14,2,1,0,
costly,mixed,0.0,all,14,2,2,0,
costly,mixed,0.0,all,15,0,0,1445,0.8800243605359318
costly,mixed,0.0,all,15,0,1,197,0.11997563946406821
costly,mixed,0.0,all,15,0,2,0,0.0
costly,mixed,0.0,all,15,1,0,214,0.5994397759103641
costly,mixed,0.0,all,15,1,1,143,0.4005602240896359
costly,mixed,0.0,all,15,1,2,0,0.0
costly,mixed,0.0,all,15,2,0,1,1.0
costly,mixed,0.0,all,15,2,1,0,0.0
costly,mixed,0.0,all,15,2,2,0,0.0
costly,mixed,0.0,all,16,0,0,1452,0.8746987951807229
costly,mixed,0.0,all,16,0,1,208,0.12530120481927712
costly,mixed,0.0,all,16,0,2,0,0.0
costly,mixed,0.0,all,16,1,0,205,0.6029411764705882
costly,mixed,0.0,all,16,1,1,135,0.39705882352941174
costly,mixed,0.0,all,16,1,2,0,0.0
costly,mixed,0.0,all,16,2,0,0,
costly,mixed,0.0,all,16,2,1,0,
costly,mixed,0.0,all,16,2,2,0,
costly,mixed,0.0,all,17,0,0,1452,0.8762824381412191
costly,mixed,0.0,all,17,0,1,205,0.12371756185878093
costly,mixed,0.0,all,17,0,2,0,0.0
costly,mixed,0.0,all,17,1,0,200,0.5830903790087464
costly,mixed,0.0,all,17,1,1,143,0.41690962099125367
costly,mixed,0.0,all,17,1,2,0,0.0
costly,mixed,0.0,all,17,2,0,0,
costly,mixed,0.0,all,17,2,1,0,
costly,mixed,0.0,all,17,2,2,0,
costly,mixed,0.0,all,18,0,0,1437,0.8698547215496368
costly,mixed,0.0,all,18,0,1,215,0.1301452784503632
costly,mixed,0.0,all,18,0,2,0,0.0
costly,mixed,0.0,all,18,1,0,217,0.6235632183908046
costly,mixed,0.0,all,18,1,1,131,0.3764367816091954
costly,mixed,0.0,all,18,1,2,0,0.0
costly,mixed,0.0,all,18,2,0,0,
costly,mixed,0.0,all,18,2,1,0,
costly,mixed,0.0,all,18,2,2,0,
costly,mixed,0.0,all,19,0,0,1435,0.8675937122128174
costly,mixed,0.0,all,19,0,1,219,0.13240628778718258
costly,mixed,0.0,all,19,0,2,0,0.0
costly,mixed,0.0,all,19,1,0,206,0.5953757225433526
costly,mixed,0.0,all,19,1,1,140,0.4046242774566474
costly,mixed,0.0,all,19,1,2,0,0.0
costly,mixed,0.0,all,19,2,0,0,
costly,mixed,0.0,all,19,2,1,0,
costly,mixed,0.0,all,19,2,2,0,
costly,mixed,0.0,all,20,0,0,1433,0.8732480195003047
costly,mixed,0.0,all,20,0,1,208,0.1267519804996953
costly,mixed,0.0,all,20,0,2,0,0.0
costly,mixed,0.0,all,20,1,0,228,0.6350974930362117
costly,mixed,0.0,all,20,1,1,131,0.3649025069637883
costly,mixed,0.0,all,20,1,2,0,0.0
costly,mixed,0.0,all,20,2,0,0,
costly,mixed,0.0,all,20,2,1,0,
costly,mixed,0.0,all,20,2,2,0,
costly,mixed,0.0,all,21,0,0,1452,0.8741721854304636
costly,mixed,0.0,all,21,0,1,208,0.12522576760987358
costly,mixed,0.0,all,21,0,2,1,0.0006020469596628537
costly,mixed,0.0,all,21,1,0,213,0.6283185840707964
costly,mixed,0.0,all,21,1,1,126,0.37168141592920356
costly,mixed,0.0,all,21,1,2,0,0.0
costly,mixed,0.0,all,21,2,0,0,
costly,mixed,0.0,all,21,2,1,0,
costly,mixed,0.0,all,21,2,2,0,
costly,mixed,0.0,all,22,0,0,1461,0.8774774774774775
costly,mixed,0.0,all,22,0,1,204,0.12252252252252252
costly,mixed,0.0,all,22,0,2,0,0.0
costly,mixed,0.0,all,22,1,0,211,0.6317365269461078
costly,mixed,0.0,all,22,1,1,123,0.36826347305389223
costly,mixed,0.0,all,22,1,2,0,0.0
costly,mixed,0.0,all,22,2,0,1,1.0
costly,mixed,0.0,all,22,2,1,0,0.0
costly,mixed,0.0,all,22,2,2,0,0.0
costly,mixed,0.0,all,23,0,0,1450,0.8667065152420801
costly,mixed,0.0,all,23,0,1,223,0.1332934847579199
costly,mixed,0.0,all,23,0,2,0,0.0
costly,mixed,0.0,all,23,1,0,192,0.5871559633027523
costly,mixed,0.0,all,23,1,1,135,0.41284403669724773
costly,mixed,0.0,all,23,1,2,0,0.0
costly,mixed,0.0,all,23,2,0,0,
costly,mixed,0.0,all,23,2,1,0,
costly,mixed,0.0,all,23,2,2,0,
costly,mixed,0.0,all,0,0,0,33394,0.8767821041300181
costly,mixed,0.0,all,0,0,1,4691,0.12316538451440123
costly,mixed,0.0,all,0,0,2,2,5.2511355580644315e-05
costly,mixed,0.0,all,0,1,0,4651,0.5879155606118064
costly,mixed,0.0,all,0,1,1,3260,0.41208443938819367
costly,mixed,0.0,all,0,1,2,0,0.0
costly,mixed,0.0,all,0,2,0,2,1.0
costly,mixed,0.0,all,0,2,1,0,0.0
costly,mixed,0.0,all,0,2,2,0,0.0
costly,mixed,0.0,both_own,1,0,0,477,1.0
costly,mixed,0.0,both_own,1,0,1,0,0.0
costly,mixed,0.0,both_own,1,0,2,0,0.0
costly,mixed,0.0,both_own,1,1,0,0,
costly,mixed,0.0,both_own,1,1,1,0,
costly,mixed,0.0,both_own,1,1,2,0,
costly,mixed,0.0,both_own,1,2,0,0,
costly,mixed,0.0,both_own,1,2,1,0,
costly,mixed,0.0,both_own,1,2,2,0,
costly,mixed,0.0,both_own,2,0,0,476,0.9979035639412998
costly,mixed,0.0,both_own,2,0,1,1,0.0020964360587002098
costly,mixed,0.0,both_own,2,0,2,0,0.0
costly,mixed,0.0,both_own,2,1,0,0,
costly,mixed,0.0,both_own,2,1,1,0,
costly,mixed,0.0,both_own,2,1,2,0,
costly,mixed,0.0,both_own,2,2,0,0,
costly,mixed,0.0,both_own,2,2,1,0,
costly,mixed,0.0,both_own,2,2,2,0,
costly,mixed,0.0,both_own,3,0,0,474,0.9957983193277311
costly,mixed,0.0,both_own,3,0,1,2,0.004201680672268907
costly,mixed,0.0,both_own,3,0,2,0,0.0
costly,mixed,0.0,both_own,3,1,0,1,1.0
costly,mixed,0.0,both_own,3,1,1,0,0.0
costly,mixed,0.0,both_own,3,1,2,0,0.0
costly,mixed,0.0,both_own,3,2,0,0,
costly,mixed,0.0,both_own,3,2,1,0,
costly,mixed,0.0,both_own,3,2,2,0,
costly,mixed,0.0,both_own,4,0,0,473,0.9957894736842106
costly,mixed,0.0,both_own,4,0,1,2,0.004210526315789474
costly,mixed,0.0,both_own,4,0,2,0,0.0
costly,mixed,0.0,both_own,4,1,0,2,1.0
costly,mixed,0.0,both_own,4,1,1,0,0.0
costly,mixed,0.0,both_own,4,1,2,0,0.0
costly,mixed,0.0,both_own,4,2,0,0,
costly,mixed,0.0,both_own,4,2,1,0,
costly,mixed,0.0,both_own,4,2,2,0,
costly,mixed,0.0,both_own,5,0,0,472,0.9936842105263158
costly,mixed,0.0,both_own,5,0,1,3,0.00631578947368421
costly,mixed,0.0,both_own,5,0,2,0,0.0
costly,mixed,0.0,both_own,5,1,0,2,1.0
costly,mixed,0.0,both_own,5,1,1,0,0.0
costly,mixed,0.0,both_own,5,1,2,0,0.0
costly,mixed,0.0,both_own,5,2,0,0,
costly,mixed,0.0,both_own,5,2,1,0,
costly,mixed,0.0,both_own,5,2,2,0,
costly,mixed,0.0,both_own,6,0,0,473,0.9978902953586498
costly,mixed,0.0,both_own,6,0,1,1,0.002109704641350211
costly,mixed,0.0,both_own,6,0,2,0,0.0
costly,mixed,0.0,both_own,6,1,0,3,1.0
costly,mixed,0.0,both_own,6,1,1,0,0.0
costly,mixed,0.0,both_own,6,1,2,0,0.0
costly,mixed,0.0,both_own,6,2,0,0,
costly,mixed,0.0,both_own,6,2,1,0,
costly,mixed,0.0,both_own,6,2,2,0,
costly,mixed,0.0,both_own,7,0,0,474,0.9957983193277311
costly,mixed,0.0,both_own,7,0,1,2,0.004201680672268907
costly,mixed,0.0,both_own,7,0,2,0,0.0
costly,mixed,0.0,both_own,7,1,0,1,1.0
costly,mixed,0.0,both_own,7,1,1,0,0.0
costly,mixed,0.0,both_own,7,1,2,0,0.0
costly,mixed,0.0,both_own,7,2,0,0,
costly,mixed,0.0,both_own,7,2,1,0,
costly,mixed,0.0,both_own,7,2,2,0,
costly,mixed,0.0,both_own,8,0,0,468,0.9852631578947368
costly,mixed,0.0,both_own,8,0,1,7,0.014736842105263158
costly,mixed,0.0,both_own,8,0,2,0,0.0
costly,mixed,0.0,both_own,8,1,0,2,1.0
costly,mixed,0.0,both_own,8,1,1,0,0.0
costly,mixed,0.0,both_own,8,1,2,0,0.0
costly,mixed,0.0,both_own,8,2,0,0,
costly,mixed,0.0,both_own,8,2,1,0,
costly,mixed,0.0,both_own,8,2,2,0,
costly,mixed,0.0,both_own,9,0,0,462,0.9829787234042553
costly,mixed,0.0,both_own,9,0,1,8,0.01702127659574468
costly,mixed,0.0,both_own,9,0,2,0,0.0
costly,mixed,0.0,both_own,9,1,0,6,0.8571428571428571
costly,mixed,0.0,both_own,9,1,1,1,0.14285714285714285
costly,mixed,0.0,both_own,9,1,2,0,0.0
costly,mixed,0.0,both_own,9,2,0,0,
costly,mixed,0.0,both_own,9,2,1,0,
costly,mixed,0.0,both_own,9,2,2,0,
costly,mixed,0.0,both_own,10,0,0,458,0.9786324786324786
costly,mixed,0.0,both_own,10,0,1,10,0.021367521367521368
costly,mixed,0.0,both_own,10,0,2,0,0.0
costly,mixed,0.0,both_own,10,1,0,9,1.0
costly,mixed,0.0,both_own,10,1,1,0,0.0
costly,mixed,0.0,both_own,10,1,2,0,0.0
costly,mixed,0.0,both_own,10,2,0,0,
costly,mixed,0.0,both_own,10,2,1,0,
costly,mixed,0.0,both_own,10,2,2,0,
costly,mixed,0.0,both_own,11,0,0,456,0.9764453961456103
costly,mixed,0.0,both_own,11,0,1,11,0.023554603854389723
costly,mixed,0.0,both_own,11,0,2,0,0.0
costly,mixed,0.0,both_own,11,1,0,9,0.9
costly,mixed,0.0,both_own,11,1,1,1,0.1
costly,mixed,0.0,both_own,11,1,2,0,0.0
costly,mixed,0.0,both_own,11,2,0,0,
costly,mixed,0.0,both_own,11,2,1,0,
costly,mixed,0.0,both_own,11,2,2,0,
costly,mixed,0.0,both_own,12,0,0,453,0.9741935483870968
costly,mixed,0.0,both_own,12,0,1,12,0.025806451612903226
costly,mixed,0.0,both_own,12,0,2,0,0.0
costly,mixed,0.0,both_own,12,1,0,11,0.9166666666666666
costly,mixed,0.0,both_own,12,1,1,1,0.08333333333333333
costly,mixed,0.0,both_own,12,1,2,0,0.0
costly,mixed,0.0,both_own,12,2,0,0,
costly,mixed,0.0,both_own,12,2,1,0,
costly,mixed,0.0,both_own,12,2,2,0,
costly,mixed,0.0,both_own,13,0,0,451,0.9719827586206896
costly,mixed,0.0,both_own,13,0,1,13,0.028017241379310345
costly,mixed,0.0,both_own,13,0,2,0,0.0
costly,mixed,0.0,both_own,13,1,0,13,1.0
costly,mixed,0.0,both_own,13,1,1,0,0.0
costly,mixed,0.0,both_own,13,1,2,0,0.0
costly,mixed,0.0,both_own,13,2,0,0,
costly,mixed,0.0,both_own,13,2,1,0,
costly,mixed,0.0,both_own,13,2,2,0,
costly,mixed,0.0,both_own,14,0,0,456,0.9827586206896551
costly,mixed,0.0,both_own,14,0,1,8,0.017241379310344827
costly,mixed,0.0,both_own,14,0,2,0,0.0
costly,mixed,0.0,both_own,14,1,0,13,1.0
costly,mixed,0.0,both_own,14,1,1,0,0.0
costly,mixed,0.0,both_own,14,1,2,0,0.0
costly,mixed,0.0,both_own,14,2,0,0,
costly,mixed,0.0,both_own,14,2,1,0,
costly,mixed,0.0,both_own,14,2,2,0,
costly,mixed,0.0,both_own,15,0,0,457,0.9744136460554371
costly,mixed,0.0,both_own,15,0,1,12,0.0255863539445629
costly,mixed,0.0,both_own,15,0,2,0,0.0
costly,mixed,0.0,both_own,15,1,0,8,1.0
costly,mixed,0.0,both_own,15,1,1,0,0.0
costly,mixed,0.0,both_own,15,1,2,0,0.0
costly,mixed,0.0,both_own,15,2,0,0,
costly,mixed,0.0,both_own,15,2,1,0,
costly,mixed,0.0,both_own,15,2,2,0,
costly,mixed,0.0,both_own,16,0,0,456,0.9806451612903225
costly,mixed,0.0,both_own,16,0,1,9,0.01935483870967742
costly,mixed,0.0,both_own,16,0,2,0,0.0
costly,mixed,0.0,both_own,16,1,0,10,0.8333333333333334
costly,mixed,0.0,both_own,16,1,1,2,0.16666666666666666
costly,mixed,0.0,both_own,16,1,2,0,0.0
costly,mixed,0.0,both_own,16,2,0,0,
costly,mixed,0.0,both_own,16,2,1,0,
costly,mixed,0.0,both_own,16,2,2,0,
costly,mixed,0.0,both_own,17,0,0,454,0.9742489270386266
costly,mixed,0.0,both_own,17,0,1,12,0.02575107296137339
costly,mixed,0.0,both_own,17,0,2,0,0.0
costly,mixed,0.0,both_own,17,1,0,11,1.0
costly,mixed,0.0,both_own,17,1,1,0,0.0
costly,mixed,0.0,both_own,17,1,2,0,0.0
costly,mixed,0.0,both_own,17,2,0,0,
costly,mixed,0.0,both_own,17,2,1,0,
costly,mixed,0.0,both_own,17,2,2,0,
costly,mixed,0.0,both_own,18,0,0,452,0.9720430107526882
costly,mixed,0.0,both_own,18,0,1,13,0.02795698924731183
costly,mixed,0.0,both_own,18,0,2,0,0.0
costly,mixed,0.0,both_own,18,1,0,12,1.0
costly,mixed,0.0,both_own,18,1,1,0,0.0
costly,mixed,0.0,both_own,18,1,2,0,0.0
costly,mixed,0.0,both_own,18,2,0,0,
costly,mixed,0.0,both_own,18,2,1,0,
costly,mixed,0.0,both_own,18,2,2,0,
costly,mixed,0.0,both_own,19,0,0,454,0.978448275862069
costly,mixed,0.0,both_own,19,0,1,10,0.021551724137931036
costly,mixed,0.0,both_own,19,0,2,0,0.0
costly,mixed,0.0,both_own,19,1,0,12,0.9230769230769231
costly,mixed,0.0,both_own,19,1,1,1,0.07692307692307693
costly,mixed,0.0,both_own,19,1,2,0,0.0
costly,mixed,0.0,both_own,19,2,0,0,
costly,mixed,0.0,both_own,19,2,1,0,
costly,mixed,0.0,both_own,19,2,2,0,
costly,mixed,0.0,both_own,20,0,0,449,0.9635193133047211
costly,mixed,0.0,both_own,20,0,1,17,0.03648068669527897
costly,mixed,0.0,both_own,20,0,2,0,0.0
costly,mixed,0.0,both_own,20,1,0,10,0.9090909090909091
costly,mixed,0.0,both_own,20,1,1,1,0.09090909090909091
costly,mixed,0.0,both_own,20,1,2,0,0.0
costly,mixed,0.0,both_own,20,2,0,0,
costly,mixed,0.0,both_own,20,2,1,0,
costly,mixed,0.0,both_own,20,2,2,0,
costly,mixed,0.0,both_own,21,0,0,445,0.9694989106753813
costly,mixed,0.0,both_own,21,0,1,13,0.02832244008714597
costly,mixed,0.0,both_own,21,0,2,1,0.002178649237472767
costly,mixed,0.0,both_own,21,1,0,17,0.9444444444444444
costly,mixed,0.0,both_own,21,1,1,1,0.05555555555555555
costly,mixed,0.0,both_own,21,1,2,0,0.0
costly,mixed,0.0,both_own,21,2,0,0,
costly,mixed,0.0,both_own,21,2,1,0,
costly,mixed,0.0,both_own,21,2,2,0,
costly,mixed,0.0,both_own,22,0,0,453,0.9805194805194806
costly,mixed,0.0,both_own,22,0,1,9,0.01948051948051948
costly,mixed,0.0,both_own,22,0,2,0,0.0
costly,mixed,0.0,both_own,22,1,0,14,1.0
costly,mixed,0.0,both_own,22,1,1,0,0.0
costly,mixed,0.0,both_own,22,1,2,0,0.0
costly,mixed,0.0,both_own,22,2,0,1,1.0
costly,mixed,0.0,both_own,22,2,1,0,0.0
costly,mixed,0.0,both_own,22,2,2,0,0.0
costly,mixed,0.0,both_own,23,0,0,447,0.9551282051282052
costly,mixed,0.0,both_own,23,0,1,21,0.04487179487179487
costly,mixed,0.0,both_own,23,0,2,0,0.0
costly,mixed,0.0,both_own,23,1,0,9,1.0
costly,mixed,0.0,both_own,23,1,1,0,0.0
costly,mixed,0.0,both_own,23,1,2,0,0.0
costly,mixed,0.0,both_own,23,2,0,0,
costly,mixed,0.0,both_own,23,2,1,0,
costly,mixed,0.0,both_own,23,2,2,0,
costly,mixed,0.0,both_own,0,0,0,10590,0.9817372763511635
costly,mixed,0.0,both_own,0,0,1,196,0.018170019467878003
costly,mixed,0.0,both_own,0,0,2,1,9.270418095856123e-05
costly,mixed,0.0,both_own,0,1,0,175,0.9562841530054644
costly,mixed,0.0,both_own,0,1,1,8,0.04371584699453552
costly,mixed,0.0,both_own,0,1,2,0,0.0
costly,mixed,0.0,both_own,0,2,0,1,1.0
costly,mixed,0.0,both_own,0,2,1,0,0.0
costly,mixed,0.0,both_own,0,2,2,0,0.0
mixed,honest,0.0,all,1,0,0,676,0.6890927624872579
mixed,honest,0.0,all,1,0,1,305,0.3109072375127421
mixed,honest,0.0,all,1,0,2,0,0.0
mixed,honest,0.0,all,1,1,0,170,0.1671583087512291
mixed,honest,0.0,all,1,1,1,847,0.8328416912487709
mixed,honest,0.0,all,1,1,2,0,0.0
mixed,honest,0.0,all,1,2,0,0,0.0
mixed,honest,0.0,all,1,2,1,2,1.0
mixed,honest,0.0,all,1,2,2,0,0.0
mixed,honest,0.0,all,2,0,0,584,0.6903073286052009
mixed,honest,0.0,all,2,0,1,262,0.30969267139479906
mixed,honest,0.0,all,2,0,2,0,0.0
mixed,honest,0.0,all,2,1,0,240,0.20797227036395147
mixed,honest,0.0,all,2,1,1,914,0.7920277296360485
mixed,honest,0.0,all,2,1,2,0,0.0
mixed,honest,0.0,all,2,2,0,0,
mixed,honest,0.0,all,2,2,1,0,
mixed,honest,0.0,all,2,2,2,0,
mixed,honest,0.0,all,3,0,0,576,0.6990291262135923
mixed,honest,0.0,all,3,0,1,248,0.30097087378640774
mixed,honest,0.0,all,3,0,2,0,0.0
mixed,honest,0.0,all,3,1,0,226,0.1921768707482993
mixed,honest,0.0,all,3,1,1,950,0.8078231292517006
mixed,honest,0.0,all,3,1,2,0,0.0
mixed,honest,0.0,all,3,2,0,0,
mixed,honest,0.0,all,3,2,1,0,
mixed,honest,0.0,all,3,2,2,0,
mixed,honest,0.0,all,4,0,0,563,0.7019950124688279
mixed,honest,0.0,all,4,0,1,238,0.2967581047381546
mixed,honest,0.0,all,4,0,2,1,0.0012468827930174563
mixed,honest,0.0,all,4,1,0,261,0.21786310517529214
mixed,honest,0.0,all,4,1,1,937,0.7821368948247078
mixed,honest,0.0,all,4,1,2,0,0.0
mixed,honest,0.0,all,4,2,0,0,
mixed,honest,0.0,all,4,2,1,0,
mixed,honest,0.0,all,4,2,2,0,
mixed,honest,0.0,all,5,0,0,558,0.6771844660194175
mixed,honest,0.0,all,5,0,1,266,0.32281553398058255
mixed,honest,0.0,all,5,0,2,0,0.0
mixed,honest,0.0,all,5,1,0,244,0.2076595744680851
mixed,honest,0.0,all,5,1,1,931,0.7923404255319149
mixed,honest,0.0,all,5,1,2,0,0.0
mixed,honest,0.0,all,5,2,0,1,1.0
mixed,honest,0.0,all,5,2,1,0,0.0
mixed,honest,0.0,all,5,2,2,0,0.0
mixed,honest,0.0,all,6,0,0,544,0.6774595267745953
mixed,honest,0.0,all,6,0,1,259,0.32254047322540474
mixed,honest,0.0,all,6,0,2,0,0.0
mixed,honest,0.0,all,6,1,0,235,0.19632414369256473
mixed,honest,0.0,all,6,1,1,961,0.8028404344193818
mixed,honest,0.0,all,6,1,2,1,0.000835421888053467
mixed,honest,0.0,all,6,2,0,0,
mixed,honest,0.0,all,6,2,1,0,
mixed,honest,0.0,all,6,2,2,0,
mixed,honest,0.0,all,7,0,0,562,0.7214377406931964
mixed,honest,0.0,all,7,0,1,217,0.2785622593068036
mixed,honest,0.0,all,7,0,2,0,0.0
mixed,honest,0.0,all,7,1,0,235,0.19262295081967212
mixed,honest,0.0,all,7,1,1,985,0.8073770491803278
mixed,honest,0.0,all,7,1,2,0,0.0
mixed,honest,0.0,all,7,2,0,1,1.0
mixed,honest,0.0,all,7,2,1,0,0.0
mixed,honest,0.0,all,7,2,2,0,0.0
mixed,honest,0.0,all,8,0,0,548,0.6867167919799498
mixed,honest,0.0,all,8,0,1,250,0.3132832080200501
mixed,honest,0.0,all,8,0,2,0,0.0
mixed,honest,0.0,all,8,1,0,255,0.21214642262895175
mixed,honest,0.0,all,8,1,1,947,0.7878535773710482
mixed,honest,0.0,all,8,1,2,0,0.0
mixed,honest,0.0,all,8,2,0,0,
mixed,honest,0.0,all,8,2,1,0,
mixed,honest,0.0,all,8,2,2,0,
mixed,honest,0.0,all,9,0,0,543,0.676214196762142
mixed,honest,0.0,all,9,0,1,259,0.32254047322540474
mixed,honest,0.0,all,9,0,2,1,0.0012453300124533001
mixed,honest,0.0,all,9,1,0,252,0.21052631578947367
mixed,honest,0.0,all,9,1,1,945,0.7894736842105263
mixed,honest,0.0,all,9,1,2,0,0.0
mixed,honest,0.0,all,9,2,0,0,
mixed,honest,0.0,all,9,2,1,0,
mixed,honest,0.0,all,9,2,2,0,
mixed,honest,0.0,all,10,0,0,560,0.7044025157232704
mixed,honest,0.0,all,10,0,1,235,0.29559748427672955
mixed,honest,0.0,all,10,0,2,0,0.0
mixed,honest,0.0,all,10,1,0,261,0.21677740863787376
mixed,honest,0.0,all,10,1,1,943,0.7832225913621262
mixed,honest,0.0,all,10,1,2,0,0.0
mixed,honest,0.0,all,10,2,0,0,0.0
mixed,honest,0.0,all,10,2,1,1,1.0
mixed,honest,0.0,all,10,2,2,0,0.0
mixed,honest,0.0,all,11,0,0,550,0.6699147381242387
mixed,honest,0.0,all,11,0,1,271,0.33008526187576126
mixed,honest,0.0,all,11,0,2,0,0.0
mixed,honest,0.0,all,11,1,0,214,0.181509754028838
mixed,honest,0.0,all,11,1,1,965,0.818490245971162
mixed,honest,0.0,all,11,1,2,0,0.0
mixed,honest,0.0,all,11,2,0,0,
mixed,honest,0.0,all,11,2,1,0,
mixed,honest,0.0,all,11,2,2,0,
mixed,honest,0.0,all,12,0,0,529,0.6924083769633508
mixed,honest,0.0,all,12,0,1,235,0.3075916230366492
mixed,honest,0.0,all,12,0,2,0,0.0
mixed,honest,0.0,all,12,1,0,291,0.2354368932038835
mixed,honest,0.0,all,12,1,1,945,0.7645631067961165
mixed,honest,0.0,all,12,1,2,0,0.0
mixed,honest,0.0,all,12,2,0,0,
mixed,honest,0.0,all,12,2,1,0,
mixed,honest,0.0,all,12,2,2,0,
mixed,honest,0.0,all,13,0,0,549,0.6695121951219513
mixed,honest,0.0,all,13,0,1,271,0.3304878048780488
mixed,honest,0.0,all,13,0,2,0,0.0
mixed,honest,0.0,all,13,1,0,256,0.21694915254237288
mixed,honest,0.0,all,13,1,1,924,0.7830508474576271
mixed,honest,0.0,all,13,1,2,0,0.0
mixed,honest,0.0,all,13,2,0,0,
mixed,honest,0.0,all,13,2,1,0,
mixed,honest,0.0,all,13,2,2,0,
mixed,honest,0.0,all,14,0,0,549,0.6819875776397516
mixed,honest,0.0,all,14,0,1,256,0.31801242236024846
mixed,honest,0.0,all,14,0,2,0,0.0
mixed,honest,0.0,all,14,1,0,248,0.20753138075313807
mixed,honest,0.0,all,14,1,1,947,0.792468619246862
mixed,honest,0.0,all,14,1,2,0,0.0
mixed,honest,0.0,all,14,2,0,0,
mixed,honest,0.0,all,14,2,1,0,
mixed,honest,0.0,all,14,2,2,0,
mixed,honest,0.0,all,15,0,0,528,0.6624843161856964
mixed,honest,0.0,all,15,0,1,269,0.33751568381430364
mixed,honest,0.0,all,15,0,2,0,0.0
mixed,honest,0.0,all,15,1,0,244,0.2028262676641729
mixed,honest,0.0,all,15,1,1,959,0.7971737323358271
mixed,honest,0.0,all,15,1,2,0,0.0
mixed,honest,0.0,all,15,2,0,0,
mixed,honest,0.0,all,15,2,1,0,
mixed,honest,0.0,all,15,2,2,0,
mixed,honest,0.0,all,16,0,0,522,0.6761658031088082
mixed,honest,0.0,all,16,0,1,250,0.3238341968911917
mixed,honest,0.0,all,16,0,2,0,0.0
mixed,honest,0.0,all,16,1,0,271,0.22068403908794787
mixed,honest,0.0,all,16,1,1,957,0.7793159609120521
mixed,honest,0.0,all,16,1,2,0,0.0
mixed,honest,0.0,all,16,2,0,0,
mixed,honest,0.0,all,16,2,1,0,
mixed,honest,0.0,all,16,2,2,0,
mixed,honest,0.0,all,17,0,0,536,0.6759142496847415
mixed,honest,0.0,all,17,0,1,257,0.3240857503152585
mixed,honest,0.0,all,17,0,2,0,0.0
mixed,honest,0.0,all,17,1,0,285,0.23612261806130902
mixed,honest,0.0,all,17,1,1,922,0.7638773819386909
mixed,honest,0.0,all,17,1,2,0,0.0
mixed,honest,0.0,all,17,2,0,0,
mixed,honest,0.0,all,17,2,1,0,
mixed,honest,0.0,all,17,2,2,0,
mixed,honest,0.0,all,18,0,0,538,0.6552984165651644
mixed,honest,0.0,all,18,0,1,283,0.3447015834348356
mixed,honest,0.0,all,18,0,2,0,0.0
mixed,honest,0.0,all,18,1,0,246,0.20865139949109415
mixed,honest,0.0,all,18,1,1,933,0.7913486005089059
mixed,honest,0.0,all,18,1,2,0,0.0
mixed,honest,0.0,all,18,2,0,0,
mixed,honest,0.0,all,18,2,1,0,
mixed,honest,0.0,all,18,2,2,0,
mixed,honest,0.0,all,19,0,0,516,0.6581632653061225
mixed,honest,0.0,all,19,0,1,268,0.34183673469387754
mixed,honest,0.0,all,19,0,2,0,0.0
mixed,honest,0.0,all,19,1,0,259,0.21299342105263158
mixed,honest,0.0,all,19,1,1,957,0.7870065789473685
mixed,honest,0.0,all,19,1,2,0,0.0
mixed,honest,0.0,all,19,2,0,0,
mixed,honest,0.0,all,19,2,1,0,
mixed,honest,0.0,all,19,2,2,0,
mixed,honest,0.0,all,20,0,0,501,0.6464516129032258
mixed,honest,0.0,all,20,0,1,274,0.3535483870967742
mixed,honest,0.0,all,20,0,2,0,0.0
mixed,honest,0.0,all,20,1,0,277,0.22612244897959183
mixed,honest,0.0,all,20,1,1,948,0.7738775510204081
mixed,honest,0.0,all,20,1,2,0,0.0
mixed,honest,0.0,all,20,2,0,0,
mixed,honest,0.0,all,20,2,1,0,
mixed,honest,0.0,all,20,2,2,0,
mixed,honest,0.0,all,21,0,0,523,0.6722365038560412
mixed,honest,0.0,all,21,0,1,255,0.3277634961439589
mixed,honest,0.0,all,21,0,2,0,0.0
mixed,honest,0.0,all,21,1,0,249,0.2037643207855974
mixed,honest,0.0,all,21,1,1,973,0.7962356792144026
mixed,honest,0.0,all,21,1,2,0,0.0
mixed,honest,0.0,all,21,2,0,0,
mixed,honest,0.0,all,21,2,1,0,
mixed,honest,0.0,all,21,2,2,0,
mixed,honest,0.0,all,22,0,0,520,0.6735751295336787
mixed,honest,0.0,all,22,0,1,252,0.32642487046632124
mixed,honest,0.0,all,22,0,2,0,0.0
mixed,honest,0.0,all,22,1,0,260,0.21172638436482086
mixed,honest,0.0,all,22,1,1,968,0.7882736156351792
mixed,honest,0.0,all,22,1,2,0,0.0
mixed,honest,0.0,all,22,2,0,0,
mixed,honest,0.0,all,22,2,1,0,
mixed,honest,0.0,all,22,2,2,0,
mixed,honest,0.0,all,23,0,0,513,0.6576923076923077
mixed,honest,0.0,all,23,0,1,267,0.3423076923076923
mixed,honest,0.0,all,23,0,2,0,0.0
mixed,honest,0.0,all,23,1,0,276,0.2262295081967213
mixed,honest,0.0,all,23,1,1,944,0.7737704918032787
mixed,honest,0.0,all,23,1,2,0,0.0
mixed,honest,0.0,all,23,2,0,0,
mixed,honest,0.0,all,23,2,1,0,
mixed,honest,0.0,all,23,2,2,0,
mixed,honest,0.0,all,0,0,0,12588,0.679074283864703
mixed,honest,0.0,all,0,0,1,5947,0.32081782381183577
mixed,honest,0.0,all,0,0,2,2,0.00010789232346118574
mixed,honest,0.0,all,0,1,0,5755,0.20959283268992643
mixed,honest,0.0,all,0,1,1,21702,0.7903707480515697
mixed,honest,0.0,all,0,1,2,1,3.641925850389686e-05
mixed,honest,0.0,all,0,2,0,2,0.4
mixed,honest,0.0,all,0,2,1,3,0.6
mixed,honest,0.0,all,0,2,2,0,0.0
mixed,honest,0.0,both_own,1,0,0,311,0.8098958333333334
mixed,honest,0.0,both_own,1,0,1,73,0.19010416666666666
mixed,honest,0.0,both_own,1,0,2,0,0.0
mixed,honest,0.0,both_own,1,1,0,55,0.5913978494623656
mixed,honest,0.0,both_own,1,1,1,38,0.40860215053763443
mixed,honest,0.0,both_own,1,1,2,0,0.0
mixed,honest,0.0,both_own,1,2,0,0,
mixed,honest,0.0,both_own,1,2,1,0,
mixed,honest,0.0,both_own,1,2,2,0,
mixed,honest,0.0,both_own,2,0,0,313,0.855191256830601
mixed,honest,0.0,both_own,2,0,1,53,0.1448087431693989
mixed,honest,0.0,both_own,2,0,2,0,0.0
mixed,honest,0.0,both_own,2,1,0,57,0.5135135135135135
mixed,honest,0.0,both_own,2,1,1,54,0.4864864864864865
mixed,honest,0.0,both_own,2,1,2,0,0.0
mixed,honest,0.0,both_own,2,2,0,0,
mixed,honest,0.0,both_own,2,2,1,0,
mixed,honest,0.0,both_own,2,2,2,0,
mixed,honest,0.0,both_own,3,0,0,294,0.7945945945945946
mixed,honest,0.0,both_own,3,0,1,76,0.20540540540540542
mixed,honest,0.0,both_own,3,0,2,0,0.0
mixed,honest,0.0,both_own,3,1,0,38,0.35514018691588783
mixed,honest,0.0,both_own,3,1,1,69,0.6448598130841121
mixed,honest,0.0,both_own,3,1,2,0,0.0
mixed,honest,0.0,both_own,3,2,0,0,
mixed,honest,0.0,both_own,3,2,1,0,
mixed,honest,0.0,both_own,3,2,2,0,
mixed,honest,0.0,both_own,4,0,0,290,0.8734939759036144
mixed,honest,0.0,both_own,4,0,1,42,0.12650602409638553
mixed,honest,0.0,both_own,4,0,2,0,0.0
mixed,honest,0.0,both_own,4,1,0,57,0.3931034482758621
mixed,honest,0.0,both_own,4,1,1,88,0.6068965517241379
mixed,honest,0.0,both_own,4,1,2,0,0.0
mixed,honest,0.0,both_own,4,2,0,0,
mixed,honest,0.0,both_own,4,2,1,0,
mixed,honest,0.0,both_own,4,2,2,0,
mixed,honest,0.0,both_own,5,0,0,282,0.8126801152737753
mixed,honest,0.0,both_own,5,0,1,65,0.1873198847262248
mixed,honest,0.0,both_own,5,0,2,0,0.0
mixed,honest,0.0,both_own,5,1,0,64,0.49230769230769234
mixed,honest,0.0,both_own,5,1,1,66,0.5076923076923077
mixed,honest,0.0,both_own,5,1,2,0,0.0
mixed,honest,0.0,both_own,5,2,0,0,
mixed,honest,0.0,both_own,5,2,1,0,
mixed,honest,0.0,both_own,5,2,2,0,
mixed,honest,0.0,both_own,6,0,0,288,0.8323699421965318
mixed,honest,0.0,both_own,6,0,1,58,0.1676300578034682
mixed,honest,0.0,both_own,6,0,2,0,0.0
mixed,honest,0.0,both_own,6,1,0,51,0.3893129770992366
mixed,honest,0.0,both_own,6,1,1,80,0.6106870229007634
mixed,honest,0.0,both_own,6,1,2,0,0.0
mixed,honest,0.0,both_own,6,2,0,0,
mixed,honest,0.0,both_own,6,2,1,0,
mixed,honest,0.0,both_own,6,2,2,0,
mixed,honest,0.0,both_own,7,0,0,285,0.8407079646017699
mixed,honest,0.0,both_own,7,0,1,54,0.1592920353982301
mixed,honest,0.0,both_own,7,0,2,0,0.0
mixed,honest,0.0,both_own,7,1,0,43,0.3115942028985507
mixed,honest,0.0,both_own,7,1,1,95,0.6884057971014492
mixed,honest,0.0,both_own,7,1,2,0,0.0
mixed,honest,0.0,both_own,7,2,0,0,
mixed,honest,0.0,both_own,7,2,1,0,
mixed,honest,0.0,both_own,7,2,2,0,
mixed,honest,0.0,both_own,8,0,0,268,0.8170731707317073
mixed,honest,0.0,both_own,8,0,1,60,0.18292682926829268
mixed,honest,0.0,both_own,8,0,2,0,0.0
mixed,honest,0.0,both_own,8,1,0,67,0.44966442953020136
mixed,honest,0.0,both_own,8,1,1,82,0.5503355704697986
mixed,honest,0.0,both_own,8,1,2,0,0.0
mixed,honest,0.0,both_own,8,2,0,0,
mixed,honest,0.0,both_own,8,2,1,0,
mixed,honest,0.0,both_own,8,2,2,0,
mixed,honest,0.0,both_own,9,0,0,271,0.808955223880597
mixed,honest,0.0,both_own,9,0,1,64,0.191044776119403
mixed,honest,0.0,both_own,9,0,2,0,0.0
mixed,honest,0.0,both_own,9,1,0,57,0.4014084507042254
mixed,honest,0.0,both_own,9,1,1,85,0.5985915492957746
mixed,honest,0.0,both_own,9,1,2,0,0.0
mixed,honest,0.0,both_own,9,2,0,0,
mixed,honest,0.0,both_own,9,2,1,0,
mixed,honest,0.0,both_own,9,2,2,0,
mixed,honest,0.0,both_own,10,0,0,278,0.8475609756097561
mixed,honest,0.0,both_own,10,0,1,50,0.1524390243902439
mixed,honest,0.0,both_own,10,0,2,0,0.0
mixed,honest,0.0,both_own,10,1,0,61,0.40939597315436244
mixed,honest,0.0,both_own,10,1,1,88,0.5906040268456376
mixed,honest,0.0,both_own,10,1,2,0,0.0
mixed,honest,0.0,both_own,10,2,0,0,
mixed,honest,0.0,both_own,10,2,1,0,
mixed,honest,0.0,both_own,10,2,2,0,
mixed,honest,0.0,both_own,11,0,0,276,0.8141592920353983
mixed,honest,0.0,both_own,11,0,1,63,0.18584070796460178
mixed,honest,0.0,both_own,11,0,2,0,0.0
mixed,honest,0.0,both_own,11,1,0,36,0.2608695652173913
mixed,honest,0.0,both_own,11,1,1,102,0.7391304347826086
mixed,honest,0.0,both_own,11,1,2,0,0.0
mixed,honest,0.0,both_own,11,2,0,0,
mixed,honest,0.0,both_own,11,2,1,0,
mixed,honest,0.0,both_own,11,2,2,0,
mixed,honest,0.0,both_own,12,0,0,263,0.842948717948718
mixed,honest,0.0,both_own,12,0,1,49,0.15705128205128205
mixed,honest,0.0,both_own,12,0,2,0,0.0
mixed,honest,0.0,both_own,12,1,0,74,0.4484848484848485
mixed,honest,0.0,both_own,12,1,1,91,0.5515151515151515
mixed,honest,0.0,both_own,12,1,2,0,0.0
mixed,honest,0.0,both_own,12,2,0,0,
mixed,honest,0.0,both_own,12,2,1,0,
mixed,honest,0.0,both_own,12,2,2,0,
mixed,honest,0.0,both_own,13,0,0,262,0.7774480712166172
mixed,honest,0.0,both_own,13,0,1,75,0.22255192878338279
mixed,honest,0.0,both_own,13,0,2,0,0.0
mixed,honest,0.0,both_own,13,1,0,57,0.40714285714285714
mixed,honest,0.0,both_own,13,1,1,83,0.5928571428571429
mixed,honest,0.0,both_own,13,1,2,0,0.0
mixed,honest,0.0,both_own,13,2,0,0,
mixed,honest,0.0,both_own,13,2,1,0,
mixed,honest,0.0,both_own,13,2,2,0,
mixed,honest,0.0,both_own,14,0,0,266,0.8338557993730408
mixed,honest,0.0,both_own,14,0,1,53,0.16614420062695925
mixed,honest,0.0,both_own,14,0,2,0,0.0
mixed,honest,0.0,both_own,14,1,0,56,0.35443037974683544
mixed,honest,0.0,both_own,14,1,1,102,0.6455696202531646
mixed,honest,0.0,both_own,14,1,2,0,0.0
mixed,honest,0.0,both_own,14,2,0,0,
mixed,honest,0.0,both_own,14,2,1,0,
mixed,honest,0.0,both_own,14,2,2,0,
mixed,honest,0.0,both_own,15,0,0,259,0.8043478260869565
mixed,honest,0.0,both_own,15,0,1,63,0.1956521739130435
mixed,honest,0.0,both_own,15,0,2,0,0.0
mixed,honest,0.0,both_own,15,1,0,62,0.4
mixed,honest,0.0,both_own,15,1,1,93,0.6
mixed,honest,0.0,both_own,15,1,2,0,0.0
mixed,honest,0.0,both_own,15,2,0,0,
mixed,honest,0.0,both_own,15,2,1,0,
mixed,honest,0.0,both_own,15,2,2,0,
mixed,honest,0.0,both_own,16,0,0,260,0.8099688473520249
mixed,honest,0.0,both_own,16,0,1,61,0.19003115264797507
mixed,honest,0.0,both_own,16,0,2,0,0.0
mixed,honest,0.0,both_own,16,1,0,65,0.4166666666666667
mixed,honest,0.0,both_own,16,1,1,91,0.5833333333333334
mixed,honest,0.0,both_own,16,1,2,0,0.0
mixed,honest,0.0,both_own,16,2,0,0,
mixed,honest,0.0,both_own,16,2,1,0,
mixed,honest,0.0,both_own,16,2,2,0,
mixed,honest,0.0,both_own,17,0,0,264,0.8123076923076923
mixed,honest,0.0,both_own,17,0,1,61,0.18769230769230769
mixed,honest,0.0,both_own,17,0,2,0,0.0
mixed,honest,0.0,both_own,17,1,0,74,0.4868421052631579
mixed,honest,0.0,both_own,17,1,1,78,0.5131578947368421
mixed,honest,0.0,both_own,17,1,2,0,0.0
mixed,honest,0.0,both_own,17,2,0,0,
mixed,honest,0.0,both_own,17,2,1,0,
mixed,honest,0.0,both_own,17,2,2,0,
mixed,honest,0.0,both_own,18,0,0,254,0.7514792899408284
mixed,honest,0.0,both_own,18,0,1,84,0.2485207100591716
mixed,honest,0.0,both_own,18,0,2,0,0.0
mixed,honest,0.0,both_own,18,1,0,60,0.4316546762589928
mixed,honest,0.0,both_own,18,1,1,79,0.5683453237410072
mixed,honest,0.0,both_own,18,1,2,0,0.0
mixed,honest,0.0,both_own,18,2,0,0,
mixed,honest,0.0,both_own,18,2,1,0,
mixed,honest,0.0,both_own,18,2,2,0,
mixed,honest,0.0,both_own,19,0,0,240,0.7643312101910829
mixed,honest,0.0,both_own,19,0,1,74,0.2356687898089172
mixed,honest,0.0,both_own,19,0,2,0,0.0
mixed,honest,0.0,both_own,19,1,0,59,0.3619631901840491
mixed,honest,0.0,both_own,19,1,1,104,0.6380368098159509
mixed,honest,0.0,both_own,19,1,2,0,0.0
mixed,honest,0.0,both_own,19,2,0,0,
mixed,honest,0.0,both_own,19,2,1,0,
mixed,honest,0.0,both_own,19,2,2,0,
mixed,honest,0.0,both_own,20,0,0,243,0.8127090301003345
mixed,honest,0.0,both_own,20,0,1,56,0.18729096989966554
mixed,honest,0.0,both_own,20,0,2,0,0.0
mixed,honest,0.0,both_own,20,1,0,82,0.4606741573033708
mixed,honest,0.0,both_own,20,1,1,96,0.5393258426966292
mixed,honest,0.0,both_own,20,1,2,0,0.0
mixed,honest,0.0,both_own,20,2,0,0,
mixed,honest,0.0,both_own,20,2,1,0,
mixed,honest,0.0,both_own,20,2,2,0,
mixed,honest,0.0,both_own,21,0,0,258,0.7938461538461539
mixed,honest,0.0,both_own,21,0,1,67,0.20615384615384616
mixed,honest,0.0,both_own,21,0,2,0,0.0
mixed,honest,0.0,both_own,21,1,0,53,0.34868421052631576
mixed,honest,0.0,both_own,21,1,1,99,0.6513157894736842
mixed,honest,0.0,both_own,21,1,2,0,0.0
mixed,honest,0.0,both_own,21,2,0,0,
mixed,honest,0.0,both_own,21,2,1,0,
mixed,honest,0.0,both_own,21,2,2,0,
mixed,honest,0.0,both_own,22,0,0,240,0.7717041800643086
mixed,honest,0.0,both_own,22,0,1,71,0.2282958199356913
mixed,honest,0.0,both_own,22,0,2,0,0.0
mixed,honest,0.0,both_own,22,1,0,58,0.3493975903614458
mixed,honest,0.0,both_own,22,1,1,108,0.6506024096385542
mixed,honest,0.0,both_own,22,1,2,0,0.0
mixed,honest,0.0,both_own,22,2,0,0,
mixed,honest,0.0,both_own,22,2,1,0,
mixed,honest,0.0,both_own,22,2,2,0,
mixed,honest,0.0,both_own,23,0,0,237,0.7953020134228188
mixed,honest,0.0,both_own,23,0,1,61,0.20469798657718122
mixed,honest,0.0,both_own,23,0,2,0,0.0
mixed,honest,0.0,both_own,23,1,0,81,0.45251396648044695
mixed,honest,0.0,both_own,23,1,1,98,0.547486033519553
mixed,honest,0.0,both_own,23,1,2,0,0.0
mixed,honest,0.0,both_own,23,2,0,0,
mixed,honest,0.0,both_own,23,2,1,0,
mixed,honest,0.0,both_own,23,2,2,0,
mixed,honest,0.0,both_own,0,0,0,6202,0.8123117223313687
mixed,honest,0.0,both_own,0,0,1,1433,0.1876882776686313
mixed,honest,0.0,both_own,0,0,2,0,0.0
mixed,honest,0.0,both_own,0,1,0,1367,0.40977218225419665
mixed,honest,0.0,both_own,0,1,1,1969,0.5902278177458034
mixed,honest,0.0,both_own,0,1,2,0,0.0
mixed,honest,0.0,both_own,0,2,0,0,
mixed,honest,0.0,both_own,0,2,1,0,
mixed,honest,0.0,both_own,0,2,2,0,
mixed,attenuated,0.0,all,1,0,0,811,0.7658168083097262
mixed,attenuated,0.0,all,1,0,1,245,0.23135033050047216
mixed,attenuated,0.0,all,1,0,2,3,0.0028328611898017
mixed,attenuated,0.0,all,1,1,0,134,0.14346895074946467
mixed,attenuated,0.0,all,1,1,1,797,0.8533190578158458
mixed,attenuated,0.0,all,1,1,2,3,0.0032119914346895075
mixed,attenuated,0.0,all,1,2,0,3,0.42857142857142855
mixed,attenuated,0.0,all,1,2,1,4,0.5714285714285714
mixed,attenuated,0.0,all,1,2,2,0,0.0
mixed,attenuated,0.0,all,2,0,0,719,0.7584388185654009
mixed,attenuated,0.0,all,2,0,1,228,0.24050632911392406
mixed,attenuated,0.0,all,2,0,2,1,0.0010548523206751054
mixed,attenuated,0.0,all,2,1,0,205,0.1959847036328872
mixed,attenuated,0.0,all,2,1,1,841,0.8040152963671128
mixed,attenuated,0.0,all,2,1,2,0,0.0
mixed,attenuated,0.0,all,2,2,0,1,0.16666666666666666
mixed,attenuated,0.0,all,2,2,1,5,0.8333333333333334
mixed,attenuated,0.0,all,2,2,2,0,0.0
mixed,attenuated,0.0,all,3,0,0,728,0.787027027027027
mixed,attenuated,0.0,all,3,0,1,197,0.21297297297297296
mixed,attenuated,0.0,all,3,0,2,0,0.0
mixed,attenuated,0.0,all,3,1,0,207,0.19273743016759776
mixed,attenuated,0.0,all,3,1,1,866,0.8063314711359404
mixed,attenuated,0.0,all,3,1,2,1,0.000931098696461825
mixed,attenuated,0.0,all,3,2,0,1,1.0
mixed,attenuated,0.0,all,3,2,1,0,0.0
mixed,attenuated,0.0,all,3,2,2,0,0.0
mixed,attenuated,0.0,all,4,0,0,717,0.7660256410256411
mixed,attenuated,0.0,all,4,0,1,219,0.23397435897435898
mixed,attenuated,0.0,all,4,0,2,0,0.0
mixed,attenuated,0.0,all,4,1,0,235,0.22107243650047037
mixed,attenuated,0.0,all,4,1,1,828,0.7789275634995296
mixed,attenuated,0.0,all,4,1,2,0,0.0
mixed,attenuated,0.0,all,4,2,0,0,0.0
mixed,attenuated,0.0,all,4,2,1,1,1.0
mixed,attenuated,0.0,all,4,2,2,0,0.0
mixed,attenuated,0.0,all,5,0,0,706,0.7415966386554622
mixed,attenuated,0.0,all,5,0,1,244,0.25630252100840334
mixed,attenuated,0.0,all,5,0,2,2,0.0021008403361344537
mixed,attenuated,0.0,all,5,1,0,219,0.20896946564885496
mixed,attenuated,0.0,all,5,1,1,829,0.791030534351145
mixed,attenuated,0.0,all,5,1,2,0,0.0
mixed,attenuated,0.0,all,5,2,0,0,
mixed,attenuated,0.0,all,5,2,1,0,
mixed,attenuated,0.0,all,5,2,2,0,
mixed,attenuated,0.0,all,6,0,0,690,0.745945945945946
mixed,attenuated,0.0,all,6,0,1,235,0.25405405405405407
mixed,attenuated,0.0,all,6,0,2,0,0.0
mixed,attenuated,0.0,all,6,1,0,225,0.2096924510717614
mixed,attenuated,0.0,all,6,1,1,846,0.7884436160298229
mixed,attenuated,0.0,all,6,1,2,2,0.001863932898415657
mixed,attenuated,0.0,all,6,2,0,1,0.5
mixed,attenuated,0.0,all,6,2,1,1,0.5
mixed,attenuated,0.0,all,6,2,2,0,0.0
mixed,attenuated,0.0,all,7,0,0,722,0.7882096069868996
mixed,attenuated,0.0,all,7,0,1,192,0.2096069868995633
mixed,attenuated,0.0,all,7,0,2,2,0.002183406113537118
mixed,attenuated,0.0,all,7,1,0,222,0.20517560073937152
mixed,attenuated,0.0,all,7,1,1,858,0.7929759704251387
mixed,attenuated,0.0,all,7,1,2,2,0.0018484288354898336
mixed,attenuated,0.0,all,7,2,0,1,0.5
mixed,attenuated,0.0,all,7,2,1,0,0.0
mixed,attenuated,0.0,all,7,2,2,1,0.5
mixed,attenuated,0.0,all,8,0,0,716,0.7576719576719577
mixed,attenuated,0.0,all,8,0,1,227,0.2402116402116402
mixed,attenuated,0.0,all,8,0,2,2,0.0021164021164021165
mixed,attenuated,0.0,all,8,1,0,206,0.1961904761904762
mixed,attenuated,0.0,all,8,1,1,844,0.8038095238095239
mixed,attenuated,0.0,all,8,1,2,0,0.0
mixed,attenuated,0.0,all,8,2,0,1,0.2
mixed,attenuated,0.0,all,8,2,1,3,0.6
mixed,attenuated,0.0,all,8,2,2,1,0.2
mixed,attenuated,0.0,all,9,0,0,701,0.7594799566630552
mixed,attenuated,0.0,all,9,0,1,221,0.23943661971830985
mixed,attenuated,0.0,all,9,0,2,1,0.0010834236186348862
mixed,attenuated,0.0,all,9,1,0,233,0.2169459962756052
mixed,attenuated,0.0,all,9,1,1,841,0.7830540037243948
mixed,attenuated,0.0,all,9,1,2,0,0.0
mixed,attenuated,0.0,all,9,2,0,0,0.0
mixed,attenuated,0.0,all,9,2,1,2,0.6666666666666666
mixed,attenuated,0.0,all,9,2,2,1,0.3333333333333333
mixed,attenuated,0.0,all,10,0,0,722,0.7730192719486081
mixed,attenuated,0.0,all,10,0,1,212,0.22698072805139186
mixed,attenuated,0.0,all,10,0,2,0,0.0
mixed,attenuated,0.0,all,10,1,0,234,0.2199248120300752
mixed,attenuated,0.0,all,10,1,1,828,0.7781954887218046
mixed,attenuated,0.0,all,10,1,2,2,0.0018796992481203006
mixed,attenuated,0.0,all,10,2,0,0,0.0
mixed,attenuated,0.0,all,10,2,1,1,0.5
mixed,attenuated,0.0,all,10,2,2,1,0.5
mixed,attenuated,0.0,all,11,0,0,709,0.7416317991631799
mixed,attenuated,0.0,all,11,0,1,247,0.2583682008368201
mixed,attenuated,0.0,all,11,0,2,0,0.0
mixed,attenuated,0.0,all,11,1,0,211,0.2026897214217099
mixed,attenuated,0.0,all,11,1,1,830,0.7973102785782901
mixed,attenuated,0.0,all,11,1,2,0,0.0
mixed,attenuated,0.0,all,11,2,0,1,0.3333333333333333
mixed,attenuated,0.0,all,11,2,1,2,0.6666666666666666
mixed,attenuated,0.0,all,11,2,2,0,0.0
mixed,attenuated,0.0,all,12,0,0,705,0.7654723127035831
mixed,attenuated,0.0,all,12,0,1,215,0.23344191096634093
mixed,attenuated,0.0,all,12,0,2,1,0.0010857763300760044
mixed,attenuated,0.0,all,12,1,0,256,0.23725671918443003
mixed,attenuated,0.0,all,12,1,1,823,0.76274328081557
mixed,attenuated,0.0,all,12,1,2,0,0.0
mixed,attenuated,0.0,all,12,2,0,0,
mixed,attenuated,0.0,all,12,2,1,0,
mixed,attenuated,0.0,all,12,2,2,0,
mixed,attenuated,0.0,all,13,0,0,727,0.7565036420395421
mixed,attenuated,0.0,all,13,0,1,233,0.24245577523413112
mixed,attenuated,0.0,all,13,0,2,1,0.001040582726326743
mixed,attenuated,0.0,all,13,1,0,226,0.21772639691714837
mixed,attenuated,0.0,all,13,1,1,809,0.779383429672447
mixed,attenuated,0.0,all,13,1,2,3,0.002890173410404624
mixed,attenuated,0.0,all,13,2,0,0,0.0
mixed,attenuated,0.0,all,13,2,1,1,1.0
mixed,attenuated,0.0,all,13,2,2,0,0.0
mixed,attenuated,0.0,all,14,0,0,712,0.7471143756558237
mixed,attenuated,0.0,all,14,0,1,240,0.2518363064008394
mixed,attenuated,0.0,all,14,0,2,1,0.001049317943336831
mixed,attenuated,0.0,all,14,1,0,225,0.21572387344199426
mixed,attenuated,0.0,all,14,1,1,817,0.7833173537871524
mixed,attenuated,0.0,all,14,1,2,1,0.0009587727708533077
mixed,attenuated,0.0,all,14,2,0,3,0.75
mixed,attenuated,0.0,all,14,2,1,0,0.0
mixed,attenuated,0.0,all,14,2,2,1,0.25
mixed,attenuated,0.0,all,15,0,0,698,0.7425531914893617
mixed,attenuated,0.0,all,15,0,1,242,0.2574468085106383
mixed,attenuated,0.0,all,15,0,2,0,0.0
mixed,attenuated,0.0,all,15,1,0,222,0.21002838221381268
mixed,attenuated,0.0,all,15,1,1,835,0.7899716177861873
mixed,attenuated,0.0,all,15,1,2,0,0.0
mixed,attenuated,0.0,all,15,2,0,1,0.3333333333333333
mixed,attenuated,0.0,all,15,2,1,2,0.6666666666666666
mixed,attenuated,0.0,all,15,2,2,0,0.0
mixed,attenuated,0.0,all,16,0,0,694,0.753528773072747
mixed,attenuated,0.0,all,16,0,1,227,0.24647122692725298
mixed,attenuated,0.0,all,16,0,2,0,0.0
mixed,attenuated,0.0,all,16,1,0,245,0.22706209453197404
mixed,attenuated,0.0,all,16,1,1,834,0.772937905468026
mixed,attenuated,0.0,all,16,1,2,0,0.0
mixed,attenuated,0.0,all,16,2,0,0,
mixed,attenuated,0.0,all,16,2,1,0,
mixed,attenuated,0.0,all,16,2,2,0,
mixed,attenuated,0.0,all,17,0,0,710,0.7561235356762513
mixed,attenuated,0.0,all,17,0,1,229,0.24387646432374868
mixed,attenuated,0.0,all,17,0,2,0,0.0
mixed,attenuated,0.0,all,17,1,0,246,0.23185673892554196
mixed,attenuated,0.0,all,17,1,1,815,0.7681432610744581
mixed,attenuated,0.0,all,17,1,2,0,0.0
mixed,attenuated,0.0,all,17,2,0,0,
mixed,attenuated,0.0,all,17,2,1,0,
mixed,attenuated,0.0,all,17,2,2,0,
mixed,attenuated,0.0,all,18,0,0,707,0.7395397489539749
mixed,attenuated,0.0,all,18,0,1,248,0.2594142259414226
mixed,attenuated,0.0,all,18,0,2,1,0.0010460251046025104
mixed,attenuated,0.0,all,18,1,0,226,0.2164750957854406
mixed,attenuated,0.0,all,18,1,1,818,0.7835249042145593
mixed,attenuated,0.0,all,18,1,2,0,0.0
mixed,attenuated,0.0,all,18,2,0,0,
mixed,attenuated,0.0,all,18,2,1,0,
mixed,attenuated,0.0,all,18,2,2,0,
mixed,attenuated,0.0,all,19,0,0,694,0.7438370846730975
mixed,attenuated,0.0,all,19,0,1,239,0.25616291532690244
mixed,attenuated,0.0,all,19,0,2,0,0.0
mixed,attenuated,0.0,all,19,1,0,246,0.23076923076923078
mixed,attenuated,0.0,all,19,1,1,819,0.7682926829268293
mixed,attenuated,0.0,all,19,1,2,1,0.0009380863039399625
mixed,attenuated,0.0,all,19,2,0,1,1.0
mixed,attenuated,0.0,all,19,2,1,0,0.0
mixed,attenuated,0.0,all,19,2,2,0,0.0
mixed,attenuated,0.0,all,20,0,0,686,0.7290116896918172
mixed,attenuated,0.0,all,20,0,1,254,0.26992561105207225
mixed,attenuated,0.0,all,20,0,2,1,0.0010626992561105207
mixed,attenuated,0.0,all,20,1,0,238,0.22495274102079396
mixed,attenuated,0.0,all,20,1,1,819,0.774102079395085
mixed,attenuated,0.0,all,20,1,2,1,0.000945179584120983
mixed,attenuated,0.0,all,20,2,0,1,1.0
mixed,attenuated,0.0,all,20,2,1,0,0.0
mixed,attenuated,0.0,all,20,2,2,0,0.0
mixed,attenuated,0.0,all,21,0,0,697,0.7535135135135135
mixed,attenuated,0.0,all,21,0,1,226,0.24432432432432433
mixed,attenuated,0.0,all,21,0,2,2,0.002162162162162162
mixed,attenuated,0.0,all,21,1,0,233,0.21714818266542404
mixed,attenuated,0.0,all,21,1,1,839,0.7819198508853681
mixed,attenuated,0.0,all,21,1,2,1,0.0009319664492078285
mixed,attenuated,0.0,all,21,2,0,1,0.5
mixed,attenuated,0.0,all,21,2,1,1,0.5
mixed,attenuated,0.0,all,21,2,2,0,0.0
mixed,attenuated,0.0,all,22,0,0,701,0.7529538131041891
mixed,attenuated,0.0,all,22,0,1,228,0.24489795918367346
mixed,attenuated,0.0,all,22,0,2,2,0.0021482277121374865
mixed,attenuated,0.0,all,22,1,0,246,0.23076923076923078
mixed,attenuated,0.0,all,22,1,1,820,0.7692307692307693
mixed,attenuated,0.0,all,22,1,2,0,0.0
mixed,attenuated,0.0,all,22,2,0,1,0.3333333333333333
mixed,attenuated,0.0,all,22,2,1,2,0.6666666666666666
mixed,attenuated,0.0,all,22,2,2,0,0.0
mixed,attenuated,0.0,all,23,0,0,699,0.7373417721518988
mixed,attenuated,0.0,all,23,0,1,249,0.2626582278481013
mixed,attenuated,0.0,all,23,0,2,0,0.0
mixed,attenuated,0.0,all,23,1,0,237,0.2257142857142857
mixed,attenuated,0.0,all,23,1,1,812,0.7733333333333333
mixed,attenuated,0.0,all,23,1,2,1,0.0009523809523809524
mixed,attenuated,0.0,all,23,2,0,1,0.5
mixed,attenuated,0.0,all,23,2,1,1,0.5
mixed,attenuated,0.0,all,23,2,2,0,0.0
mixed,attenuated,0.0,all,0,0,0,16371,0.7548413869420878
mixed,attenuated,0.0,all,0,0,1,5297,0.24423644411656215
mixed,attenuated,0.0,all,0,0,2,20,0.0009221689413500553
mixed,attenuated,0.0,all,0,1,0,5177,0.2133701520834192
mixed,attenuated,0.0,all,0,1,1,19068,0.7858879775790298
mixed,attenuated,0.0,all,0,1,2,18,0.0007418703375510036
mixed,attenuated,0.0,all,0,2,0,18,0.3673469387755102
mixed,attenuated,0.0,all,0,2,1,26,0.5306122448979592
mixed,attenuated,0.0,all,0,2,2,5,0.10204081632653061
mixed,attenuated,0.0,both_own,1,0,0,465,0.9830866807610994
mixed,attenuated,0.0,both_own,1,0,1,8,0.016913319238900635
mixed,attenuated,0.0,both_own,1,0,2,0,0.0
mixed,attenuated,0.0,both_own,1,1,0,4,1.0
mixed,attenuated,0.0,both_own,1,1,1,0,0.0
mixed,attenuated,0.0,both_own,1,1,2,0,0.0
mixed,attenuated,0.0,both_own,1,2,0,0,
mixed,attenuated,0.0,both_own,1,2,1,0,
mixed,attenuated,0.0,both_own,1,2,2,0,
mixed,attenuated,0.0,both_own,2,0,0,462,0.9850746268656716
mixed,attenuated,0.0,both_own,2,0,1,7,0.014925373134328358
mixed,attenuated,0.0,both_own,2,0,2,0,0.0
mixed,attenuated,0.0,both_own,2,1,0,8,1.0
mixed,attenuated,0.0,both_own,2,1,1,0,0.0
mixed,attenuated,0.0,both_own,2,1,2,0,0.0
mixed,attenuated,0.0,both_own,2,2,0,0,
mixed,attenuated,0.0,both_own,2,2,1,0,
mixed,attenuated,0.0,both_own,2,2,2,0,
mixed,attenuated,0.0,both_own,3,0,0,459,0.9765957446808511
mixed,attenuated,0.0,both_own,3,0,1,11,0.023404255319148935
mixed,attenuated,0.0,both_own,3,0,2,0,0.0
mixed,attenuated,0.0,both_own,3,1,0,7,1.0
mixed,attenuated,0.0,both_own,3,1,1,0,0.0
mixed,attenuated,0.0,both_own,3,1,2,0,0.0
mixed,attenuated,0.0,both_own,3,2,0,0,
mixed,attenuated,0.0,both_own,3,2,1,0,
mixed,attenuated,0.0,both_own,3,2,2,0,
mixed,attenuated,0.0,both_own,4,0,0,456,0.9785407725321889
mixed,attenuated,0.0,both_own,4,0,1,10,0.02145922746781116
mixed,attenuated,0.0,both_own,4,0,2,0,0.0
mixed,attenuated,0.0,both_own,4,1,0,10,0.9090909090909091
mixed,attenuated,0.0,both_own,4,1,1,1,0.09090909090909091
mixed,attenuated,0.0,both_own,4,1,2,0,0.0
mixed,attenuated,0.0,both_own,4,2,0,0,
mixed,attenuated,0.0,both_own,4,2,1,0,
mixed,attenuated,0.0,both_own,4,2,2,0,
mixed,attenuated,0.0,both_own,5,0,0,454,0.9742489270386266
mixed,attenuated,0.0,both_own,5,0,1,12,0.02575107296137339
mixed,attenuated,0.0,both_own,5,0,2,0,0.0
mixed,attenuated,0.0,both_own,5,1,0,11,1.0
mixed,attenuated,0.0,both_own,5,1,1,0,0.0
mixed,attenuated,0.0,both_own,5,1,2,0,0.0
mixed,attenuated,0.0,both_own,5,2,0,0,
mixed,attenuated,0.0,both_own,5,2,1,0,
mixed,attenuated,0.0,both_own,5,2,2,0,
mixed,attenuated,0.0,both_own,6,0,0,454,0.9763440860215054
mixed,attenuated,0.0,both_own,6,0,1,11,0.023655913978494623
mixed,attenuated,0.0,both_own,6,0,2,0,0.0
mixed,attenuated,0.0,both_own,6,1,0,11,0.9166666666666666
mixed,attenuated,0.0,both_own,6,1,1,1,0.08333333333333333
mixed,attenuated,0.0,both_own,6,1,2,0,0.0
mixed,attenuated,0.0,both_own,6,2,0,0,
mixed,attenuated,0.0,both_own,6,2,1,0,
mixed,attenuated,0.0,both_own,6,2,2,0,
mixed,attenuated,0.0,both_own,7,0,0,458,0.9849462365591398
mixed,attenuated,0.0,both_own,7,0,1,7,0.015053763440860216
mixed,attenuated,0.0,both_own,7,0,2,0,0.0
mixed,attenuated,0.0,both_own,7,1,0,12,1.0
mixed,attenuated,0.0,both_own,7,1,1,0,0.0
mixed,attenuated,0.0,both_own,7,1,2,0,0.0
mixed,attenuated,0.0,both_own,7,2,0,0,
mixed,attenuated,0.0,both_own,7,2,1,0,
mixed,attenuated,0.0,both_own,7,2,2,0,
mixed,attenuated,0.0,both_own,8,0,0,452,0.9617021276595744
mixed,attenuated,0.0,both_own,8,0,1,18,0.03829787234042553
mixed,attenuated,0.0,both_own,8,0,2,0,0.0
mixed,attenuated,0.0,both_own,8,1,0,7,1.0
mixed,attenuated,0.0,both_own,8,1,1,0,0.0
mixed,attenuated,0.0,both_own,8,1,2,0,0.0
mixed,attenuated,0.0,both_own,8,2,0,0,
mixed,attenuated,0.0,both_own,8,2,1,0,
mixed,attenuated,0.0,both_own,8,2,2,0,
mixed,attenuated,0.0,both_own,9,0,0,446,0.971677559912854
mixed,attenuated,0.0,both_own,9,0,1,13,0.02832244008714597
mixed,attenuated,0.0,both_own,9,0,2,0,0.0
mixed,attenuated,0.0,both_own,9,1,0,15,0.8333333333333334
mixed,attenuated,0.0,both_own,9,1,1,3,0.16666666666666666
mixed,attenuated,0.0,both_own,9,1,2,0,0.0
mixed,attenuated,0.0,both_own,9,2,0,0,
mixed,attenuated,0.0,both_own,9,2,1,0,
mixed,attenuated,0.0,both_own,9,2,2,0,
mixed,attenuated,0.0,both_own,10,0,0,452,0.9804772234273319
mixed,attenuated,0.0,both_own,10,0,1,9,0.019522776572668113
mixed,attenuated,0.0,both_own,10,0,2,0,0.0
mixed,attenuated,0.0,both_own,10,1,0,16,1.0
mixed,attenuated,0.0,both_own,10,1,1,0,0.0
mixed,attenuated,0.0,both_own,10,1,2,0,0.0
mixed,attenuated,0.0,both_own,10,2,0,0,
mixed,attenuated,0.0,both_own,10,2,1,0,
mixed,attenuated,0.0,both_own,10,2,2,0,
mixed,attenuated,0.0,both_own,11,0,0,451,0.9636752136752137
mixed,attenuated,0.0,both_own,11,0,1,17,0.03632478632478633
mixed,attenuated,0.0,both_own,11,0,2,0,0.0
mixed,attenuated,0.0,both_own,11,1,0,8,0.8888888888888888
mixed,attenuated,0.0,both_own,11,1,1,1,0.1111111111111111
mixed,attenuated,0.0,both_own,11,1,2,0,0.0
mixed,attenuated,0.0,both_own,11,2,0,0,
mixed,attenuated,0.0,both_own,11,2,1,0,
mixed,attenuated,0.0,both_own,11,2,2,0,
mixed,attenuated,0.0,both_own,12,0,0,444,0.9673202614379085
mixed,attenuated,0.0,both_own,12,0,1,15,0.032679738562091505
mixed,attenuated,0.0,both_own,12,0,2,0,0.0
mixed,attenuated,0.0,both_own,12,1,0,17,0.9444444444444444
mixed,attenuated,0.0,both_own,12,1,1,1,0.05555555555555555
mixed,attenuated,0.0,both_own,12,1,2,0,0.0
mixed,attenuated,0.0,both_own,12,2,0,0,
mixed,attenuated,0.0,both_own,12,2,1,0,
mixed,attenuated,0.0,both_own,12,2,2,0,
mixed,attenuated,0.0,both_own,13,0,0,440,0.9544468546637744
mixed,attenuated,0.0,both_own,13,0,1,21,0.0455531453362256
mixed,attenuated,0.0,both_own,13,0,2,0,0.0
mixed,attenuated,0.0,both_own,13,1,0,16,1.0
mixed,attenuated,0.0,both_own,13,1,1,0,0.0
mixed,attenuated,0.0,both_own,13,1,2,0,0.0
mixed,attenuated,0.0,both_own,13,2,0,0,
mixed,attenuated,0.0,both_own,13,2,1,0,
mixed,attenuated,0.0,both_own,13,2,2,0,
mixed,attenuated,0.0,both_own,14,0,0,441,0.9671052631578947
mixed,attenuated,0.0,both_own,14,0,1,15,0.03289473684210526
mixed,attenuated,0.0,both_own,14,0,2,0,0.0
mixed,attenuated,0.0,both_own,14,1,0,16,0.7619047619047619
mixed,attenuated,0.0,both_own,14,1,1,5,0.23809523809523808
mixed,attenuated,0.0,both_own,14,1,2,0,0.0
mixed,attenuated,0.0,both_own,14,2,0,0,
mixed,attenuated,0.0,both_own,14,2,1,0,
mixed,attenuated,0.0,both_own,14,2,2,0,
mixed,attenuated,0.0,both_own,15,0,0,438,0.9584245076586433
mixed,attenuated,0.0,both_own,15,0,1,19,0.04157549234135667
mixed,attenuated,0.0,both_own,15,0,2,0,0.0
mixed,attenuated,0.0,both_own,15,1,0,17,0.85
mixed,attenuated,0.0,both_own,15,1,1,3,0.15
mixed,attenuated,0.0,both_own,15,1,2,0,0.0
mixed,attenuated,0.0,both_own,15,2,0,0,
mixed,attenuated,0.0,both_own,15,2,1,0,
mixed,attenuated,0.0,both_own,15,2,2,0,
mixed,attenuated,0.0,both_own,16,0,0,439,0.9648351648351648
mixed,attenuated,0.0,both_own,16,0,1,16,0.035164835164835165
mixed,attenuated,0.0,both_own,16,0,2,0,0.0
mixed,attenuated,0.0,both_own,16,1,0,21,0.9545454545454546
mixed,attenuated,0.0,both_own,16,1,1,1,0.045454545454545456
mixed,attenuated,0.0,both_own,16,1,2,0,0.0
mixed,attenuated,0.0,both_own,16,2,0,0,
mixed,attenuated,0.0,both_own,16,2,1,0,
mixed,attenuated,0.0,both_own,16,2,2,0,
mixed,attenuated,0.0,both_own,17,0,0,443,0.9630434782608696
mixed,attenuated,0.0,both_own,17,0,1,17,0.03695652173913044
mixed,attenuated,0.0,both_own,17,0,2,0,0.0
mixed,attenuated,0.0,both_own,17,1,0,16,0.9411764705882353
mixed,attenuated,0.0,both_own,17,1,1,1,0.058823529411764705
mixed,attenuated,0.0,both_own,17,1,2,0,0.0
mixed,attenuated,0.0,both_own,17,2,0,0,
mixed,attenuated,0.0,both_own,17,2,1,0,
mixed,attenuated,0.0,both_own,17,2,2,0,
mixed,attenuated,0.0,both_own,18,0,0,432,0.9411764705882353
mixed,attenuated,0.0,both_own,18,0,1,27,0.058823529411764705
mixed,attenuated,0.0,both_own,18,0,2,0,0.0
mixed,attenuated,0.0,both_own,18,1,0,17,0.9444444444444444
mixed,attenuated,0.0,both_own,18,1,1,1,0.05555555555555555
mixed,attenuated,0.0,both_own,18,1,2,0,0.0
mixed,attenuated,0.0,both_own,18,2,0,0,
mixed,attenuated,0.0,both_own,18,2,1,0,
mixed,attenuated,0.0,both_own,18,2,2,0,
mixed,attenuated,0.0,both_own,19,0,0,427,0.9510022271714922
mixed,attenuated,0.0,both_own,19,0,1,22,0.04899777282850779
mixed,attenuated,0.0,both_own,19,0,2,0,0.0
mixed,attenuated,0.0,both_own,19,1,0,25,0.8928571428571429
mixed,attenuated,0.0,both_own,19,1,1,3,0.10714285714285714
mixed,attenuated,0.0,both_own,19,1,2,0,0.0
mixed,attenuated,0.0,both_own,19,2,0,0,
mixed,attenuated,0.0,both_own,19,2,1,0,
mixed,attenuated,0.0,both_own,19,2,2,0,
mixed,attenuated,0.0,both_own,20,0,0,436,0.9646017699115044
mixed,attenuated,0.0,both_own,20,0,1,16,0.035398230088495575
mixed,attenuated,0.0,both_own,20,0,2,0,0.0
mixed,attenuated,0.0,both_own,20,1,0,25,1.0
mixed,attenuated,0.0,both_own,20,1,1,0,0.0
mixed,attenuated,0.0,both_own,20,1,2,0,0.0
mixed,attenuated,0.0,both_own,20,2,0,0,
mixed,attenuated,0.0,both_own,20,2,1,0,
mixed,attenuated,0.0,both_own,20,2,2,0,
mixed,attenuated,0.0,both_own,21,0,0,442,0.9587852494577006
mixed,attenuated,0.0,both_own,21,0,1,19,0.04121475054229935
mixed,attenuated,0.0,both_own,21,0,2,0,0.0
mixed,attenuated,0.0,both_own,21,1,0,16,1.0
mixed,attenuated,0.0,both_own,21,1,1,0,0.0
mixed,attenuated,0.0,both_own,21,1,2,0,0.0
mixed,attenuated,0.0,both_own,21,2,0,0,
mixed,attenuated,0.0,both_own,21,2,1,0,
mixed,attenuated,0.0,both_own,21,2,2,0,
mixed,attenuated,0.0,both_own,22,0,0,435,0.9497816593886463
mixed,attenuated,0.0,both_own,22,0,1,23,0.05021834061135371
mixed,attenuated,0.0,both_own,22,0,2,0,0.0
mixed,attenuated,0.0,both_own,22,1,0,18,0.9473684210526315
mixed,attenuated,0.0,both_own,22,1,1,1,0.05263157894736842
mixed,attenuated,0.0,both_own,22,1,2,0,0.0
mixed,attenuated,0.0,both_own,22,2,0,0,
mixed,attenuated,0.0,both_own,22,2,1,0,
mixed,attenuated,0.0,both_own,22,2,2,0,
mixed,attenuated,0.0,both_own,23,0,0,431,0.9514348785871964
mixed,attenuated,0.0,both_own,23,0,1,22,0.04856512141280353
mixed,attenuated,0.0,both_own,23,0,2,0,0.0
mixed,attenuated,0.0,both_own,23,1,0,23,0.9583333333333334
mixed,attenuated,0.0,both_own,23,1,1,1,0.041666666666666664
mixed,attenuated,0.0,both_own,23,1,2,0,0.0
mixed,attenuated,0.0,both_own,23,2,0,0,
mixed,attenuated,0.0,both_own,23,2,1,0,
mixed,attenuated,0.0,both_own,23,2,2,0,
mixed,attenuated,0.0,both_own,0,0,0,10257,0.9665473049378063
mixed,attenuated,0.0,both_own,0,0,1,355,0.03345269506219374
mixed,attenuated,0.0,both_own,0,0,2,0,0.0
mixed,attenuated,0.0,both_own,0,1,0,336,0.935933147632312
mixed,attenuated,0.0,both_own,0,1,1,23,0.06406685236768803
mixed,attenuated,0.0,both_own,0,1,2,0,0.0
mixed,attenuated,0.0,both_own,0,2,0,0,
mixed,attenuated,0.0,both_own,0,2,1,0,
mixed,attenuated,0.0,both_own,0,2,2,0,
mixed,costly,0.0,all,1,0,0,1535,0.8706749858196257
mixed,costly,0.0,all,1,0,1,228,0.12932501418037437
mixed,costly,0.0,all,1,0,2,0,0.0
mixed,costly,0.0,all,1,1,0,125,0.5274261603375527
mixed,costly,0.0,all,1,1,1,112,0.47257383966244726
mixed,costly,0.0,all,1,1,2,0,0.0
mixed,costly,0.0,all,1,2,0,0,
mixed,costly,0.0,all,1,2,1,0,
mixed,costly,0.0,all,1,2,2,0,
mixed,costly,0.0,all,2,0,0,1449,0.8728915662650603
mixed,costly,0.0,all,2,0,1,211,0.12710843373493977
mixed,costly,0.0,all,2,0,2,0,0.0
mixed,costly,0.0,all,2,1,0,195,0.5735294117647058
mixed,costly,0.0,all,2,1,1,145,0.4264705882352941
mixed,costly,0.0,all,2,1,2,0,0.0
mixed,costly,0.0,all,2,2,0,0,
mixed,costly,0.0,all,2,2,1,0,
mixed,costly,0.0,all,2,2,2,0,
mixed,costly,0.0,all,3,0,0,1464,0.8905109489051095
mixed,costly,0.0,all,3,0,1,180,0.10948905109489052
mixed,costly,0.0,all,3,0,2,0,0.0
mixed,costly,0.0,all,3,1,0,193,0.5421348314606742
mixed,costly,0.0,all,3,1,1,163,0.45786516853932585
mixed,costly,0.0,all,3,1,2,0,0.0
mixed,costly,0.0,all,3,2,0,0,
mixed,costly,0.0,all,3,2,1,0,
mixed,costly,0.0,all,3,2,2,0,
mixed,costly,0.0,all,4,0,0,1464,0.8835244417622209
mixed,costly,0.0,all,4,0,1,193,0.11647555823777912
mixed,costly,0.0,all,4,0,2,0,0.0
mixed,costly,0.0,all,4,1,0,208,0.6064139941690962
mixed,costly,0.0,all,4,1,1,135,0.3935860058309038
mixed,costly,0.0,all,4,1,2,0,0.0
mixed,costly,0.0,all,4,2,0,0,
mixed,costly,0.0,all,4,2,1,0,
mixed,costly,0.0,all,4,2,2,0,
mixed,costly,0.0,all,5,0,0,1472,0.8803827751196173
mixed,costly,0.0,all,5,0,1,200,0.11961722488038277
mixed,costly,0.0,all,5,0,2,0,0.0
mixed,costly,0.0,all,5,1,0,176,0.5365853658536586
mixed,costly,0.0,all,5,1,1,152,0.4634146341463415
mixed,costly,0.0,all,5,1,2,0,0.0
mixed,costly,0.0,all,5,2,0,0,
mixed,costly,0.0,all,5,2,1,0,
mixed,costly,0.0,all,5,2,2,0,
mixed,costly,0.0,all,6,0,0,1438,0.8725728155339806
mixed,costly,0.0,all,6,0,1,210,0.12742718446601942
mixed,costly,0.0,all,6,0,2,0,0.0
mixed,costly,0.0,all,6,1,0,195,0.5539772727272727
mixed,costly,0.0,all,6,1,1,157,0.4460227272727273
mixed,costly,0.0,all,6,1,2,0,0.0
mixed,costly,0.0,all,6,2,0,0,
mixed,costly,0.0,all,6,2,1,0,
mixed,costly,0.0,all,6,2,2,0,
mixed,costly,0.0,all,7,0,0,1453,0.8897734231475811
mixed,costly,0.0,all,7,0,1,180,0.11022657685241886
mixed,costly,0.0,all,7,0,2,0,0.0
mixed,costly,0.0,all,7,1,0,201,0.547683923705722
mixed,costly,0.0,all,7,1,1,166,0.45231607629427795
mixed,costly,0.0,all,7,1,2,0,0.0
mixed,costly,0.0,all,7,2,0,0,
mixed,costly,0.0,all,7,2,1,0,
mixed,costly,0.0,all,7,2,2,0,
mixed,costly,0.0,all,8,0,0,1464,0.8851269649334945
mixed,costly,0.0,all,8,0,1,190,0.11487303506650544
mixed,costly,0.0,all,8,0,2,0,0.0
mixed,costly,0.0,all,8,1,0,195,0.5635838150289018
mixed,costly,0.0,all,8,1,1,151,0.43641618497109824
mixed,costly,0.0,all,8,1,2,0,0.0
mixed,costly,0.0,all,8,2,0,0,
mixed,costly,0.0,all,8,2,1,0,
mixed,costly,0.0,all,8,2,2,0,
mixed,costly,0.0,all,9,0,0,1454,0.8764315852923448
mixed,costly,0.0,all,9,0,1,205,0.12356841470765521
mixed,costly,0.0,all,9,0,2,0,0.0
mixed,costly,0.0,all,9,1,0,188,0.5513196480938416
mixed,costly,0.0,all,9,1,1,153,0.44868035190615835
mixed,costly,0.0,all,9,1,2,0,0.0
mixed,costly,0.0,all,9,2,0,0,
mixed,costly,0.0,all,9,2,1,0,
mixed,costly,0.0,all,9,2,2,0,
mixed,costly,0.0,all,10,0,0,1452,0.8842874543239951
mixed,costly,0.0,all,10,0,1,190,0.11571254567600488
mixed,costly,0.0,all,10,0,2,0,0.0
mixed,costly,0.0,all,10,1,0,215,0.6005586592178771
mixed,costly,0.0,all,10,1,1,143,0.3994413407821229
mixed,costly,0.0,all,10,1,2,0,0.0
mixed,costly,0.0,all,10,2,0,0,
mixed,costly,0.0,all,10,2,1,0,
mixed,costly,0.0,all,10,2,2,0,
mixed,costly,0.0,all,11,0,0,1453,0.871625674865027
mixed,costly,0.0,all,11,0,1,214,0.12837432513497302
mixed,costly,0.0,all,11,0,2,0,0.0
mixed,costly,0.0,all,11,1,0,179,0.5375375375375375
mixed,costly,0.0,all,11,1,1,154,0.4624624624624625
mixed,costly,0.0,all,11,1,2,0,0.0
mixed,costly,0.0,all,11,2,0,0,
mixed,costly,0.0,all,11,2,1,0,
mixed,costly,0.0,all,11,2,2,0,
mixed,costly,0.0,all,12,0,0,1453,0.8903186274509803
mixed,costly,0.0,all,12,0,1,179,0.1096813725490196
mixed,costly,0.0,all,12,0,2,0,0.0
mixed,costly,0.0,all,12,1,0,220,0.5978260869565217
mixed,costly,0.0,all,12,1,1,148,0.40217391304347827
mixed,costly,0.0,all,12,1,2,0,0.0
mixed,costly,0.0,all,12,2,0,0,
mixed,costly,0.0,all,12,2,1,0,
mixed,costly,0.0,all,12,2,2,0,
mixed,costly,0.0,all,13,0,0,1478,0.8834429169157203
mixed,costly,0.0,all,13,0,1,195,0.11655708308427974
mixed,costly,0.0,all,13,0,2,0,0.0
mixed,costly,0.0,all,13,1,0,199,0.6085626911314985
mixed,costly,0.0,all,13,1,1,128,0.39143730886850153
mixed,costly,0.0,all,13,1,2,0,0.0
mixed,costly,0.0,all,13,2,0,0,
mixed,costly,0.0,all,13,2,1,0,
mixed,costly,0.0,all,13,2,2,0,
mixed,costly,0.0,all,14,0,0,1461,0.8711985688729875
mixed,costly,0.0,all,14,0,1,216,0.12880143112701253
mixed,costly,0.0,all,14,0,2,0,0.0
mixed,costly,0.0,all,14,1,0,188,0.5820433436532507
mixed,costly,0.0,all,14,1,1,135,0.4179566563467492
mixed,costly,0.0,all,14,1,2,0,0.0
mixed,costly,0.0,all,14,2,0,0,
mixed,costly,0.0,all,14,2,1,0,
mixed,costly,0.0,all,14,2,2,0,
mixed,costly,0.0,all,15,0,0,1427,0.8653729533050334
mixed,costly,0.0,all,15,0,1,222,0.13462704669496664
mixed,costly,0.0,all,15,0,2,0,0.0
mixed,costly,0.0,all,15,1,0,186,0.5299145299145299
mixed,costly,0.0,all,15,1,1,165,0.4700854700854701
mixed,costly,0.0,all,15,1,2,0,0.0
mixed,costly,0.0,all,15,2,0,0,
mixed,costly,0.0,all,15,2,1,0,
mixed,costly,0.0,all,15,2,2,0,
mixed,costly,0.0,all,16,0,0,1417,0.8784872907625543
mixed,costly,0.0,all,16,0,1,196,0.12151270923744575
mixed,costly,0.0,all,16,0,2,0,0.0
mixed,costly,0.0,all,16,1,0,230,0.5943152454780362
mixed,costly,0.0,all,16,1,1,157,0.40568475452196384
mixed,costly,0.0,all,16,1,2,0,0.0
mixed,costly,0.0,all,16,2,0,0,
mixed,costly,0.0,all,16,2,1,0,
mixed,costly,0.0,all,16,2,2,0,
mixed,costly,0.0,all,17,0,0,1447,0.8785670916818458
mixed,costly,0.0,all,17,0,1,200,0.12143290831815422
mixed,costly,0.0,all,17,0,2,0,0.0
mixed,costly,0.0,all,17,1,0,219,0.6203966005665722
mixed,costly,0.0,all,17,1,1,134,0.37960339943342775
mixed,costly,0.0,all,17,1,2,0,0.0
mixed,costly,0.0,all,17,2,0,0,
mixed,costly,0.0,all,17,2,1,0,
mixed,costly,0.0,all,17,2,2,0,
mixed,costly,0.0,all,18,0,0,1468,0.8811524609843937
mixed,costly,0.0,all,18,0,1,198,0.11884753901560624
mixed,costly,0.0,all,18,0,2,0,0.0
mixed,costly,0.0,all,18,1,0,189,0.5658682634730539
mixed,costly,0.0,all,18,1,1,145,0.4341317365269461
mixed,costly,0.0,all,18,1,2,0,0.0
mixed,costly,0.0,all,18,2,0,0,
mixed,costly,0.0,all,18,2,1,0,
mixed,costly,0.0,all,18,2,2,0,
mixed,costly,0.0,all,19,0,0,1453,0.8768859384429692
mixed,costly,0.0,all,19,0,1,204,0.12311406155703078
mixed,costly,0.0,all,19,0,2,0,0.0
mixed,costly,0.0,all,19,1,0,202,0.5889212827988338
mixed,costly,0.0,all,19,1,1,141,0.4110787172011662
mixed,costly,0.0,all,19,1,2,0,0.0
mixed,costly,0.0,all,19,2,0,0,
mixed,costly,0.0,all,19,2,1,0,
mixed,costly,0.0,all,19,2,2,0,
mixed,costly,0.0,all,20,0,0,1428,0.8628398791540786
mixed,costly,0.0,all,20,0,1,227,0.13716012084592144
mixed,costly,0.0,all,20,0,2,0,0.0
mixed,costly,0.0,all,20,1,0,213,0.6173913043478261
mixed,costly,0.0,all,20,1,1,132,0.3826086956521739
mixed,costly,0.0,all,20,1,2,0,0.0
mixed,costly,0.0,all,20,2,0,0,
mixed,costly,0.0,all,20,2,1,0,
mixed,costly,0.0,all,20,2,2,0,
mixed,costly,0.0,all,21,0,0,1436,0.8750761730652041
mixed,costly,0.0,all,21,0,1,205,0.12492382693479585
mixed,costly,0.0,all,21,0,2,0,0.0
mixed,costly,0.0,all,21,1,0,202,0.5626740947075209
mixed,costly,0.0,all,21,1,1,157,0.4373259052924791
mixed,costly,0.0,all,21,1,2,0,0.0
mixed,costly,0.0,all,21,2,0,0,
mixed,costly,0.0,all,21,2,1,0,
mixed,costly,0.0,all,21,2,2,0,
mixed,costly,0.0,all,22,0,0,1445,0.8821733821733821
mixed,costly,0.0,all,22,0,1,193,0.11782661782661782
mixed,costly,0.0,all,22,0,2,0,0.0
mixed,costly,0.0,all,22,1,0,212,0.585635359116022
mixed,costly,0.0,all,22,1,1,150,0.4143646408839779
mixed,costly,0.0,all,22,1,2,0,0.0
mixed,costly,0.0,all,22,2,0,0,
mixed,costly,0.0,all,22,2,1,0,
mixed,costly,0.0,all,22,2,2,0,
mixed,costly,0.0,all,23,0,0,1443,0.8708509354254678
mixed,costly,0.0,all,23,0,1,214,0.1291490645745323
mixed,costly,0.0,all,23,0,2,0,0.0
mixed,costly,0.0,all,23,1,0,200,0.5830903790087464
mixed,costly,0.0,all,23,1,1,143,0.41690962099125367
mixed,costly,0.0,all,23,1,2,0,0.0
mixed,costly,0.0,all,23,2,0,0,
mixed,costly,0.0,all,23,2,1,0,
mixed,costly,0.0,all,23,2,2,0,
mixed,costly,0.0,all,0,0,0,33454,0.8779655679193785
mixed,costly,0.0,all,0,0,1,4650,0.12203443208062145
mixed,costly,0.0,all,0,0,2,0,0.0
mixed,costly,0.0,all,0,1,0,4530,0.5737082066869301
mixed,costly,0.0,all,0,1,1,3366,0.42629179331306993
mixed,costly,0.0,all,0,1,2,0,0.0
mixed,costly,0.0,all,0,2,0,0,
mixed,costly,0.0,all,0,2,1,0,
mixed,costly,0.0,all,0,2,2,0,
mixed,costly,0.0,both_own,1,0,0,475,0.9958071278825996
mixed,costly,0.0,both_own,1,0,1,2,0.0041928721174004195
mixed,costly,0.0,both_own,1,0,2,0,0.0
mixed,costly,0.0,both_own,1,1,0,0,
mixed,costly,0.0,both_own,1,1,1,0,
mixed,costly,0.0,both_own,1,1,2,0,
mixed,costly,0.0,both_own,1,2,0,0,
mixed,costly,0.0,both_own,1,2,1,0,
mixed,costly,0.0,both_own,1,2,2,0,
mixed,costly,0.0,both_own,2,0,0,474,0.9978947368421053
mixed,costly,0.0,both_own,2,0,1,1,0.002105263157894737
mixed,costly,0.0,both_own,2,0,2,0,0.0
mixed,costly,0.0,both_own,2,1,0,2,1.0
mixed,costly,0.0,both_own,2,1,1,0,0.0
mixed,costly,0.0,both_own,2,1,2,0,0.0
mixed,costly,0.0,both_own,2,2,0,0,
mixed,costly,0.0,both_own,2,2,1,0,
mixed,costly,0.0,both_own,2,2,2,0,
mixed,costly,0.0,both_own,3,0,0,472,0.9915966386554622
mixed,costly,0.0,both_own,3,0,1,4,0.008403361344537815
mixed,costly,0.0,both_own,3,0,2,0,0.0
mixed,costly,0.0,both_own,3,1,0,1,1.0
mixed,costly,0.0,both_own,3,1,1,0,0.0
mixed,costly,0.0,both_own,3,1,2,0,0.0
mixed,costly,0.0,both_own,3,2,0,0,
mixed,costly,0.0,both_own,3,2,1,0,
mixed,costly,0.0,both_own,3,2,2,0,
mixed,costly,0.0,both_own,4,0,0,473,1.0
mixed,costly,0.0,both_own,4,0,1,0,0.0
mixed,costly,0.0,both_own,4,0,2,0,0.0
mixed,costly,0.0,both_own,4,1,0,3,0.75
mixed,costly,0.0,both_own,4,1,1,1,0.25
mixed,costly,0.0,both_own,4,1,2,0,0.0
mixed,costly,0.0,both_own,4,2,0,0,
mixed,costly,0.0,both_own,4,2,1,0,
mixed,costly,0.0,both_own,4,2,2,0,
mixed,costly,0.0,both_own,5,0,0,471,0.9894957983193278
mixed,costly,0.0,both_own,5,0,1,5,0.01050420168067227
mixed,costly,0.0,both_own,5,0,2,0,0.0
mixed,costly,0.0,both_own,5,1,0,1,1.0
mixed,costly,0.0,both_own,5,1,1,0,0.0
mixed,costly,0.0,both_own,5,1,2,0,0.0
mixed,costly,0.0,both_own,5,2,0,0,
mixed,costly,0.0,both_own,5,2,1,0,
mixed,costly,0.0,both_own,5,2,2,0,
mixed,costly,0.0,both_own,6,0,0,468,0.9915254237288136
mixed,costly,0.0,both_own,6,0,1,4,0.00847457627118644
mixed,costly,0.0,both_own,6,0,2,0,0.0
mixed,costly,0.0,both_own,6,1,0,4,0.8
mixed,costly,0.0,both_own,6,1,1,1,0.2
mixed,costly,0.0,both_own,6,1,2,0,0.0
mixed,costly,0.0,both_own,6,2,0,0,
mixed,costly,0.0,both_own,6,2,1,0,
mixed,costly,0.0,both_own,6,2,2,0,
mixed,costly,0.0,both_own,7,0,0,470,0.9957627118644068
mixed,costly,0.0,both_own,7,0,1,2,0.00423728813559322
mixed,costly,0.0,both_own,7,0,2,0,0.0
mixed,costly,0.0,both_own,7,1,0,5,1.0
mixed,costly,0.0,both_own,7,1,1,0,0.0
mixed,costly,0.0,both_own,7,1,2,0,0.0
mixed,costly,0.0,both_own,7,2,0,0,
mixed,costly,0.0,both_own,7,2,1,0,
mixed,costly,0.0,both_own,7,2,2,0,
mixed,costly,0.0,both_own,8,0,0,468,0.9852631578947368
mixed,costly,0.0,both_own,8,0,1,7,0.014736842105263158
mixed,costly,0.0,both_own,8,0,2,0,0.0
mixed,costly,0.0,both_own,8,1,0,2,1.0
mixed,costly,0.0,both_own,8,1,1,0,0.0
mixed,costly,0.0,both_own,8,1,2,0,0.0
mixed,costly,0.0,both_own,8,2,0,0,
mixed,costly,0.0,both_own,8,2,1,0,
mixed,costly,0.0,both_own,8,2,2,0,
mixed,costly,0.0,both_own,9,0,0,465,0.9893617021276596
mixed,costly,0.0,both_own,9,0,1,5,0.010638297872340425
mixed,costly,0.0,both_own,9,0,2,0,0.0
mixed,costly,0.0,both_own,9,1,0,7,1.0
mixed,costly,0.0,both_own,9,1,1,0,0.0
mixed,costly,0.0,both_own,9,1,2,0,0.0
mixed,costly,0.0,both_own,9,2,0,0,
mixed,costly,0.0,both_own,9,2,1,0,
mixed,costly,0.0,both_own,9,2,2,0,
mixed,costly,0.0,both_own,10,0,0,468,0.9915254237288136
mixed,costly,0.0,both_own,10,0,1,4,0.00847457627118644
mixed,costly,0.0,both_own,10,0,2,0,0.0
mixed,costly,0.0,both_own,10,1,0,5,1.0
mixed,costly,0.0,both_own,10,1,1,0,0.0
mixed,costly,0.0,both_own,10,1,2,0,0.0
mixed,costly,0.0,both_own,10,2,0,0,
mixed,costly,0.0,both_own,10,2,1,0,
mixed,costly,0.0,both_own,10,2,2,0,
mixed,costly,0.0,both_own,11,0,0,462,0.9767441860465116
mixed,costly,0.0,both_own,11,0,1,11,0.023255813953488372
mixed,costly,0.0,both_own,11,0,2,0,0.0
mixed,costly,0.0,both_own,11,1,0,3,0.75
mixed,costly,0.0,both_own,11,1,1,1,0.25
mixed,costly,0.0,both_own,11,1,2,0,0.0
mixed,costly,0.0,both_own,11,2,0,0,
mixed,costly,0.0,both_own,11,2,1,0,
mixed,costly,0.0,both_own,11,2,2,0,
mixed,costly,0.0,both_own,12,0,0,460,0.989247311827957
mixed,costly,0.0,both_own,12,0,1,5,0.010752688172043012
mixed,costly,0.0,both_own,12,0,2,0,0.0
mixed,costly,0.0,both_own,12,1,0,11,0.9166666666666666
mixed,costly,0.0,both_own,12,1,1,1,0.08333333333333333
mixed,costly,0.0,both_own,12,1,2,0,0.0
mixed,costly,0.0,both_own,12,2,0,0,
mixed,costly,0.0,both_own,12,2,1,0,
mixed,costly,0.0,both_own,12,2,2,0,
mixed,costly,0.0,both_own,13,0,0,463,0.9830148619957537
mixed,costly,0.0,both_own,13,0,1,8,0.016985138004246284
mixed,costly,0.0,both_own,13,0,2,0,0.0
mixed,costly,0.0,both_own,13,1,0,6,1.0
mixed,costly,0.0,both_own,13,1,1,0,0.0
mixed,costly,0.0,both_own,13,1,2,0,0.0
mixed,costly,0.0,both_own,13,2,0,0,
mixed,costly,0.0,both_own,13,2,1,0,
mixed,costly,0.0,both_own,13,2,2,0,
mixed,costly,0.0,both_own,14,0,0,462,0.9850746268656716
mixed,costly,0.0,both_own,14,0,1,7,0.014925373134328358
mixed,costly,0.0,both_own,14,0,2,0,0.0
mixed,costly,0.0,both_own,14,1,0,6,0.75
mixed,costly,0.0,both_own,14,1,1,2,0.25
mixed,costly,0.0,both_own,14,1,2,0,0.0
mixed,costly,0.0,both_own,14,2,0,0,
mixed,costly,0.0,both_own,14,2,1,0,
mixed,costly,0.0,both_own,14,2,2,0,
mixed,costly,0.0,both_own,15,0,0,454,0.9700854700854701
mixed,costly,0.0,both_own,15,0,1,14,0.029914529914529916
mixed,costly,0.0,both_own,15,0,2,0,0.0
mixed,costly,0.0,both_own,15,1,0,9,1.0
mixed,costly,0.0,both_own,15,1,1,0,0.0
mixed,costly,0.0,both_own,15,1,2,0,0.0
mixed,costly,0.0,both_own,15,2,0,0,
mixed,costly,0.0,both_own,15,2,1,0,
mixed,costly,0.0,both_own,15,2,2,0,
mixed,costly,0.0,both_own,16,0,0,453,0.978401727861771
mixed,costly,0.0,both_own,16,0,1,10,0.02159827213822894
mixed,costly,0.0,both_own,16,0,2,0,0.0
mixed,costly,0.0,both_own,16,1,0,13,0.9285714285714286
mixed,costly,0.0,both_own,16,1,1,1,0.07142857142857142
mixed,costly,0.0,both_own,16,1,2,0,0.0
mixed,costly,0.0,both_own,16,2,0,0,
mixed,costly,0.0,both_own,16,2,1,0,
mixed,costly,0.0,both_own,16,2,2,0,
mixed,costly,0.0,both_own,17,0,0,456,0.9785407725321889
mixed,costly,0.0,both_own,17,0,1,10,0.02145922746781116
mixed,costly,0.0,both_own,17,0,2,0,0.0
mixed,costly,0.0,both_own,17,1,0,10,0.9090909090909091
mixed,costly,0.0,both_own,17,1,1,1,0.09090909090909091
mixed,costly,0.0,both_own,17,1,2,0,0.0
mixed,costly,0.0,both_own,17,2,0,0,
mixed,costly,0.0,both_own,17,2,1,0,
mixed,costly,0.0,both_own,17,2,2,0,
mixed,costly,0.0,both_own,18,0,0,454,0.9742489270386266
mixed,costly,0.0,both_own,18,0,1,12,0.02575107296137339
mixed,costly,0.0,both_own,18,0,2,0,0.0
mixed,costly,0.0,both_own,18,1,0,11,1.0
mixed,costly,0.0,both_own,18,1,1,0,0.0
mixed,costly,0.0,both_own,18,1,2,0,0.0
mixed,costly,0.0,both_own,18,2,0,0,
mixed,costly,0.0,both_own,18,2,1,0,
mixed,costly,0.0,both_own,18,2,2,0,
mixed,costly,0.0,both_own,19,0,0,452,0.9720430107526882
mixed,costly,0.0,both_own,19,0,1,13,0.02795698924731183
mixed,costly,0.0,both_own,19,0,2,0,0.0
mixed,costly,0.0,both_own,19,1,0,12,1.0
mixed,costly,0.0,both_own,19,1,1,0,0.0
mixed,costly,0.0,both_own,19,1,2,0,0.0
mixed,costly,0.0,both_own,19,2,0,0,
mixed,costly,0.0,both_own,19,2,1,0,
mixed,costly,0.0,both_own,19,2,2,0,
mixed,costly,0.0,both_own,20,0,0,455,0.9806034482758621
mixed,costly,0.0,both_own,20,0,1,9,0.01939655172413793
mixed,costly,0.0,both_own,20,0,2,0,0.0
mixed,costly,0.0,both_own,20,1,0,13,1.0
mixed,costly,0.0,both_own,20,1,1,0,0.0
mixed,costly,0.0,both_own,20,1,2,0,0.0
mixed,costly,0.0,both_own,20,2,0,0,
mixed,costly,0.0,both_own,20,2,1,0,
mixed,costly,0.0,both_own,20,2,2,0,
mixed,costly,0.0,both_own,21,0,0,456,0.9743589743589743
mixed,costly,0.0,both_own,21,0,1,12,0.02564102564102564
mixed,costly,0.0,both_own,21,0,2,0,0.0
mixed,costly,0.0,both_own,21,1,0,9,1.0
mixed,costly,0.0,both_own,21,1,1,0,0.0
mixed,costly,0.0,both_own,21,1,2,0,0.0
mixed,costly,0.0,both_own,21,2,0,0,
mixed,costly,0.0,both_own,21,2,1,0,
mixed,costly,0.0,both_own,21,2,2,0,
mixed,costly,0.0,both_own,22,0,0,453,0.9741935483870968
mixed,costly,0.0,both_own,22,0,1,12,0.025806451612903226
mixed,costly,0.0,both_own,22,0,2,0,0.0
mixed,costly,0.0,both_own,22,1,0,12,1.0
mixed,costly,0.0,both_own,22,1,1,0,0.0
mixed,costly,0.0,both_own,22,1,2,0,0.0
mixed,costly,0.0,both_own,22,2,0,0,
mixed,costly,0.0,both_own,22,2,1,0,
mixed,costly,0.0,both_own,22,2,2,0,
mixed,costly,0.0,both_own,23,0,0,453,0.9741935483870968
mixed,costly,0.0,both_own,23,0,1,12,0.025806451612903226
mixed,costly,0.0,both_own,23,0,2,0,0.0
mixed,costly,0.0,both_own,23,1,0,11,0.9166666666666666
mixed,costly,0.0,both_own,23,1,1,1,0.08333333333333333
mixed,costly,0.0,both_own,23,1,2,0,0.0
mixed,costly,0.0,both_own,23,2,0,0,
mixed,costly,0.0,both_own,23,2,1,0,
mixed,costly,0.0,both_own,23,2,2,0,
mixed,costly,0.0,both_own,0,0,0,10637,0.984360540440496
mixed,costly,0.0,both_own,0,0,1,169,0.01563945955950398
mixed,costly,0.0,both_own,0,0,2,0,0.0
mixed,costly,0.0,both_own,0,1,0,156,0.9454545454545454
mixed,costly,0.0,both_own,0,1,1,9,0.05454545454545454
mixed,costly,0.0,both_own,0,1,2,0,0.0
mixed,costly,0.0,both_own,0,2,0,0,
mixed,costly,0.0,both_own,0,2,1,0,
mixed,costly,0.0,both_own,0,2,2,0,
mixed,mixed,0.0,all,1,0,0,1117,0.7526954177897575
mixed,mixed,0.0,all,1,0,1,366,0.24663072776280323
mixed,mixed,0.0,all,1,0,2,1,0.0006738544474393531
mixed,mixed,0.0,all,1,1,0,255,0.49514563106796117
mixed,mixed,0.0,all,1,1,1,260,0.5048543689320388
mixed,mixed,0.0,all,1,1,2,0,0.0
mixed,mixed,0.0,all,1,2,0,0,0.0
mixed,mixed,0.0,all,1,2,1,1,1.0
mixed,mixed,0.0,all,1,2,2,0,0.0
mixed,mixed,0.0,all,2,0,0,1032,0.7521865889212828
mixed,mixed,0.0,all,2,0,1,340,0.2478134110787172
mixed,mixed,0.0,all,2,0,2,0,0.0
mixed,mixed,0.0,all,2,1,0,338,0.5390749601275917
mixed,mixed,0.0,all,2,1,1,289,0.4609250398724083
mixed,mixed,0.0,all,2,1,2,0,0.0
mixed,mixed,0.0,all,2,2,0,1,1.0
mixed,mixed,0.0,all,2,2,1,0,0.0
mixed,mixed,0.0,all,2,2,2,0,0.0
mixed,mixed,0.0,all,3,0,0,1032,0.7527352297592997
mixed,mixed,0.0,all,3,0,1,339,0.24726477024070023
mixed,mixed,0.0,all,3,0,2,0,0.0
mixed,mixed,0.0,all,3,1,0,333,0.5294117647058824
mixed,mixed,0.0,all,3,1,1,296,0.47058823529411764
mixed,mixed,0.0,all,3,1,2,0,0.0
mixed,mixed,0.0,all,3,2,0,0,
mixed,mixed,0.0,all,3,2,1,0,
mixed,mixed,0.0,all,3,2,2,0,
mixed,mixed,0.0,all,4,0,0,1015,0.7435897435897436
mixed,mixed,0.0,all,4,0,1,350,0.2564102564102564
mixed,mixed,0.0,all,4,0,2,0,0.0
mixed,mixed,0.0,all,4,1,0,358,0.5637795275590551
mixed,mixed,0.0,all,4,1,1,277,0.43622047244094486
mixed,mixed,0.0,all,4,1,2,0,0.0
mixed,mixed,0.0,all,4,2,0,0,
mixed,mixed,0.0,all,4,2,1,0,
mixed,mixed,0.0,all,4,2,2,0,
mixed,mixed,0.0,all,5,0,0,1004,0.7312454479242535
mixed,mixed,0.0,all,5,0,1,369,0.26875455207574656
mixed,mixed,0.0,all,5,0,2,0,0.0
mixed,mixed,0.0,all,5,1,0,350,0.5582137161084529
mixed,mixed,0.0,all,5,1,1,277,0.44178628389154706
mixed,mixed,0.0,all,5,1,2,0,0.0
mixed,mixed,0.0,all,5,2,0,0,
mixed,mixed,0.0,all,5,2,1,0,
mixed,mixed,0.0,all,5,2,2,0,
mixed,mixed,0.0,all,6,0,0,977,0.7215657311669128
mixed,mixed,0.0,all,6,0,1,377,0.27843426883308714
mixed,mixed,0.0,all,6,0,2,0,0.0
mixed,mixed,0.0,all,6,1,0,354,0.5479876160990712
mixed,mixed,0.0,all,6,1,1,292,0.4520123839009288
mixed,mixed,0.0,all,6,1,2,0,0.0
mixed,mixed,0.0,all,6,2,0,0,
mixed,mixed,0.0,all,6,2,1,0,
mixed,mixed,0.0,all,6,2,2,0,
mixed,mixed,0.0,all,7,0,0,1006,0.7558226897069872
mixed,mixed,0.0,all,7,0,1,325,0.24417731029301276
mixed,mixed,0.0,all,7,0,2,0,0.0
mixed,mixed,0.0,all,7,1,0,339,0.5067264573991032
mixed,mixed,0.0,all,7,1,1,330,0.49327354260089684
mixed,mixed,0.0,all,7,1,2,0,0.0
mixed,mixed,0.0,all,7,2,0,0,
mixed,mixed,0.0,all,7,2,1,0,
mixed,mixed,0.0,all,7,2,2,0,
mixed,mixed,0.0,all,8,0,0,990,0.7360594795539034
mixed,mixed,0.0,all,8,0,1,355,0.26394052044609667
mixed,mixed,0.0,all,8,0,2,0,0.0
mixed,mixed,0.0,all,8,1,0,353,0.5389312977099237
mixed,mixed,0.0,all,8,1,1,302,0.46106870229007635
mixed,mixed,0.0,all,8,1,2,0,0.0
mixed,mixed,0.0,all,8,2,0,0,
mixed,mixed,0.0,all,8,2,1,0,
mixed,mixed,0.0,all,8,2,2,0,
mixed,mixed,0.0,all,9,0,0,991,0.7379002233804914
mixed,mixed,0.0,all,9,0,1,352,0.26209977661950856
mixed,mixed,0.0,all,9,0,2,0,0.0
mixed,mixed,0.0,all,9,1,0,359,0.5464231354642314
mixed,mixed,0.0,all,9,1,1,298,0.4535768645357686
mixed,mixed,0.0,all,9,1,2,0,0.0
mixed,mixed,0.0,all,9,2,0,0,
mixed,mixed,0.0,all,9,2,1,0,
mixed,mixed,0.0,all,9,2,2,0,
mixed,mixed,0.0,all,10,0,0,1003,0.7429629629629629
mixed,mixed,0.0,all,10,0,1,347,0.25703703703703706
mixed,mixed,0.0,all,10,0,2,0,0.0
mixed,mixed,0.0,all,10,1,0,365,0.5615384615384615
mixed,mixed,0.0,all,10,1,1,285,0.43846153846153846
mixed,mixed,0.0,all,10,1,2,0,0.0
mixed,mixed,0.0,all,10,2,0,0,
mixed,mixed,0.0,all,10,2,1,0,
mixed,mixed,0.0,all,10,2,2,0,
mixed,mixed,0.0,all,11,0,0,1000,0.7309941520467836
mixed,mixed,0.0,all,11,0,1,368,0.26900584795321636
mixed,mixed,0.0,all,11,0,2,0,0.0
mixed,mixed,0.0,all,11,1,0,326,0.5158227848101266
mixed,mixed,0.0,all,11,1,1,306,0.48417721518987344
mixed,mixed,0.0,all,11,1,2,0,0.0
mixed,mixed,0.0,all,11,2,0,0,
mixed,mixed,0.0,all,11,2,1,0,
mixed,mixed,0.0,all,11,2,2,0,
mixed,mixed,0.0,all,12,0,0,993,0.748868778280543
mixed,mixed,0.0,all,12,0,1,333,0.251131221719457
mixed,mixed,0.0,all,12,0,2,0,0.0
mixed,mixed,0.0,all,12,1,0,384,0.56973293768546
mixed,mixed,0.0,all,12,1,1,290,0.43026706231454004
mixed,mixed,0.0,all,12,1,2,0,0.0
mixed,mixed,0.0,all,12,2,0,0,
mixed,mixed,0.0,all,12,2,1,0,
mixed,mixed,0.0,all,12,2,2,0,
mixed,mixed,0.0,all,13,0,0,1014,0.7363834422657952
mixed,mixed,0.0,all,13,0,1,363,0.2636165577342048
mixed,mixed,0.0,all,13,0,2,0,0.0
mixed,mixed,0.0,all,13,1,0,354,0.5682182985553772
mixed,mixed,0.0,all,13,1,1,269,0.4317817014446228
mixed,mixed,0.0,all,13,1,2,0,0.0
mixed,mixed,0.0,all,13,2,0,0,
mixed,mixed,0.0,all,13,2,1,0,
mixed,mixed,0.0,all,13,2,2,0,
mixed,mixed,0.0,all,14,0,0,992,0.7251461988304093
mixed,mixed,0.0,all,14,0,1,375,0.2741228070175439
mixed,mixed,0.0,all,14,0,2,1,0.0007309941520467836
mixed,mixed,0.0,all,14,1,0,360,0.569620253164557
mixed,mixed,0.0,all,14,1,1,272,0.43037974683544306
mixed,mixed,0.0,all,14,1,2,0,0.0
mixed,mixed,0.0,all,14,2,0,0,
mixed,mixed,0.0,all,14,2,1,0,
mixed,mixed,0.0,all,14,2,2,0,
mixed,mixed,0.0,all,15,0,0,990,0.7322485207100592
mixed,mixed,0.0,all,15,0,1,362,0.2677514792899408
mixed,mixed,0.0,all,15,0,2,0,0.0
mixed,mixed,0.0,all,15,1,0,342,0.5285935085007728
mixed,mixed,0.0,all,15,1,1,305,0.4714064914992272
mixed,mixed,0.0,all,15,1,2,0,0.0
mixed,mixed,0.0,all,15,2,0,0,0.0
mixed,mixed,0.0,all,15,2,1,1,1.0
mixed,mixed,0.0,all,15,2,2,0,0.0
mixed,mixed,0.0,all,16,0,0,982,0.7372372372372372
mixed,mixed,0.0,all,16,0,1,350,0.2627627627627628
mixed,mixed,0.0,all,16,0,2,0,0.0
mixed,mixed,0.0,all,16,1,0,380,0.5688622754491018
mixed,mixed,0.0,all,16,1,1,288,0.4311377245508982
mixed,mixed,0.0,all,16,1,2,0,0.0
mixed,mixed,0.0,all,16,2,0,0,
mixed,mixed,0.0,all,16,2,1,0,
mixed,mixed,0.0,all,16,2,2,0,
mixed,mixed,0.0,all,17,0,0,994,0.7298091042584435
mixed,mixed,0.0,all,17,0,1,368,0.2701908957415565
mixed,mixed,0.0,all,17,0,2,0,0.0
mixed,mixed,0.0,all,17,1,0,365,0.5721003134796239
mixed,mixed,0.0,all,17,1,1,273,0.4278996865203762
mixed,mixed,0.0,all,17,1,2,0,0.0
mixed,mixed,0.0,all,17,2,0,0,
mixed,mixed,0.0,all,17,2,1,0,
mixed,mixed,0.0,all,17,2,2,0,
mixed,mixed,0.0,all,18,0,0,985,0.7247976453274466
mixed,mixed,0.0,all,18,0,1,374,0.27520235467255333
mixed,mixed,0.0,all,18,0,2,0,0.0
mixed,mixed,0.0,all,18,1,0,365,0.5694227769110765
mixed,mixed,0.0,all,18,1,1,276,0.43057722308892354
mixed,mixed,0.0,all,18,1,2,0,0.0
mixed,mixed,0.0,all,18,2,0,0,
mixed,mixed,0.0,all,18,2,1,0,
mixed,mixed,0.0,all,18,2,2,0,
mixed,mixed,0.0,all,19,0,0,986,0.7303703703703703
mixed,mixed,0.0,all,19,0,1,364,0.2696296296296296
mixed,mixed,0.0,all,19,0,2,0,0.0
mixed,mixed,0.0,all,19,1,0,366,0.563076923076923
mixed,mixed,0.0,all,19,1,1,284,0.4369230769230769
mixed,mixed,0.0,all,19,1,2,0,0.0
mixed,mixed,0.0,all,19,2,0,0,
mixed,mixed,0.0,all,19,2,1,0,
mixed,mixed,0.0,all,19,2,2,0,
mixed,mixed,0.0,all,20,0,0,971,0.7181952662721893
mixed,mixed,0.0,all,20,0,1,379,0.28032544378698226
mixed,mixed,0.0,all,20,0,2,2,0.0014792899408284023
mixed,mixed,0.0,all,20,1,0,391,0.6033950617283951
mixed,mixed,0.0,all,20,1,1,257,0.3966049382716049
mixed,mixed,0.0,all,20,1,2,0,0.0
mixed,mixed,0.0,all,20,2,0,0,
mixed,mixed,0.0,all,20,2,1,0,
mixed,mixed,0.0,all,20,2,2,0,
mixed,mixed,0.0,all,21,0,0,996,0.7312775330396476
mixed,mixed,0.0,all,21,0,1,365,0.26798825256975034
mixed,mixed,0.0,all,21,0,2,1,0.0007342143906020558
mixed,mixed,0.0,all,21,1,0,361,0.5676100628930818
mixed,mixed,0.0,all,21,1,1,275,0.43238993710691825
mixed,mixed,0.0,all,21,1,2,0,0.0
mixed,mixed,0.0,all,21,2,0,2,1.0
mixed,mixed,0.0,all,21,2,1,0,0.0
mixed,mixed,0.0,all,21,2,2,0,0.0
mixed,mixed,0.0,all,22,0,0,1009,0.7424576894775571
mixed,mixed,0.0,all,22,0,1,350,0.257542310522443
mixed,mixed,0.0,all,22,0,2,0,0.0
mixed,mixed,0.0,all,22,1,0,373,0.5828125
mixed,mixed,0.0,all,22,1,1,267,0.4171875
mixed,mixed,0.0,all,22,1,2,0,0.0
mixed,mixed,0.0,all,22,2,0,0,0.0
mixed,mixed,0.0,all,22,2,1,1,1.0
mixed,mixed,0.0,all,22,2,2,0,0.0
mixed,mixed,0.0,all,23,0,0,1003,0.7257597684515196
mixed,mixed,0.0,all,23,0,1,379,0.2742402315484805
mixed,mixed,0.0,all,23,0,2,0,0.0
mixed,mixed,0.0,all,23,1,0,346,0.5598705501618123
mixed,mixed,0.0,all,23,1,1,272,0.4401294498381877
mixed,mixed,0.0,all,23,1,2,0,0.0
mixed,mixed,0.0,all,23,2,0,0,
mixed,mixed,0.0,all,23,2,1,0,
mixed,mixed,0.0,all,23,2,2,0,
mixed,mixed,0.0,all,0,0,0,23082,0.7365733797108849
mixed,mixed,0.0,all,0,0,1,8250,0.263267064492453
mixed,mixed,0.0,all,0,0,2,5,0.00015955579666209274
mixed,mixed,0.0,all,0,1,0,8117,0.55379682063178
mixed,mixed,0.0,all,0,1,1,6540,0.44620317936821996
mixed,mixed,0.0,all,0,1,2,0,0.0
mixed,mixed,0.0,all,0,2,0,3,0.5
mixed,mixed,0.0,all,0,2,1,3,0.5
mixed,mixed,0.0,all,0,2,2,0,0.0
mixed,mixed,0.0,both_own,1,0,0,475,0.9958071278825996
mixed,mixed,0.0,both_own,1,0,1,2,0.0041928721174004195
mixed,mixed,0.0,both_own,1,0,2,0,0.0
mixed,mixed,0.0,both_own,1,1,0,0,
mixed,mixed,0.0,both_own,1,1,1,0,
mixed,mixed,0.0,both_own,1,1,2,0,
mixed,mixed,0.0,both_own,1,2,0,0,
mixed,mixed,0.0,both_own,1,2,1,0,
mixed,mixed,0.0,both_own,1,2,2,0,
mixed,mixed,0.0,both_own,2,0,0,473,0.9957894736842106
mixed,mixed,0.0,both_own,2,0,1,2,0.004210526315789474
mixed,mixed,0.0,both_own,2,0,2,0,0.0
mixed,mixed,0.0,both_own,2,1,0,2,1.0
mixed,mixed,0.0,both_own,2,1,1,0,0.0
mixed,mixed,0.0,both_own,2,1,2,0,0.0
mixed,mixed,0.0,both_own,2,2,0,0,
mixed,mixed,0.0,both_own,2,2,1,0,
mixed,mixed,0.0,both_own,2,2,2,0,
mixed,mixed,0.0,both_own,3,0,0,468,0.9852631578947368
mixed,mixed,0.0,both_own,3,0,1,7,0.014736842105263158
mixed,mixed,0.0,both_own,3,0,2,0,0.0
mixed,mixed,0.0,both_own,3,1,0,2,1.0
mixed,mixed,0.0,both_own,3,1,1,0,0.0
mixed,mixed,0.0,both_own,3,1,2,0,0.0
mixed,mixed,0.0,both_own,3,2,0,0,
mixed,mixed,0.0,both_own,3,2,1,0,
mixed,mixed,0.0,both_own,3,2,2,0,
mixed,mixed,0.0,both_own,4,0,0,468,0.9957446808510638
mixed,mixed,0.0,both_own,4,0,1,2,0.00425531914893617
mixed,mixed,0.0,both_own,4,0,2,0,0.0
mixed,mixed,0.0,both_own,4,1,0,6,0.8571428571428571
mixed,mixed,0.0,both_own,4,1,1,1,0.14285714285714285
mixed,mixed,0.0,both_own,4,1,2,0,0.0
mixed,mixed,0.0,both_own,4,2,0,0,
mixed,mixed,0.0,both_own,4,2,1,0,
mixed,mixed,0.0,both_own,4,2,2,0,
mixed,mixed,0.0,both_own,5,0,0,466,0.9831223628691983
mixed,mixed,0.0,both_own,5,0,1,8,0.016877637130801686
mixed,mixed,0.0,both_own,5,0,2,0,0.0
mixed,mixed,0.0,both_own,5,1,0,3,1.0
mixed,mixed,0.0,both_own,5,1,1,0,0.0
mixed,mixed,0.0,both_own,5,1,2,0,0.0
mixed,mixed,0.0,both_own,5,2,0,0,
mixed,mixed,0.0,both_own,5,2,1,0,
mixed,mixed,0.0,both_own,5,2,2,0,
mixed,mixed,0.0,both_own,6,0,0,465,0.9914712153518124
mixed,mixed,0.0,both_own,6,0,1,4,0.008528784648187633
mixed,mixed,0.0,both_own,6,0,2,0,0.0
mixed,mixed,0.0,both_own,6,1,0,7,0.875
mixed,mixed,0.0,both_own,6,1,1,1,0.125
mixed,mixed,0.0,both_own,6,1,2,0,0.0
mixed,mixed,0.0,both_own,6,2,0,0,
mixed,mixed,0.0,both_own,6,2,1,0,
mixed,mixed,0.0,both_own,6,2,2,0,
mixed,mixed,0.0,both_own,7,0,0,467,0.989406779661017
mixed,mixed,0.0,both_own,7,0,1,5,0.01059322033898305
mixed,mixed,0.0,both_own,7,0,2,0,0.0
mixed,mixed,0.0,both_own,7,1,0,5,1.0
mixed,mixed,0.0,both_own,7,1,1,0,0.0
mixed,mixed,0.0,both_own,7,1,2,0,0.0
mixed,mixed,0.0,both_own,7,2,0,0,
mixed,mixed,0.0,both_own,7,2,1,0,
mixed,mixed,0.0,both_own,7,2,2,0,
mixed,mixed,0.0,both_own,8,0,0,460,0.9745762711864406
mixed,mixed,0.0,both_own,8,0,1,12,0.025423728813559324
mixed,mixed,0.0,both_own,8,0,2,0,0.0
mixed,mixed,0.0,both_own,8,1,0,5,1.0
mixed,mixed,0.0,both_own,8,1,1,0,0.0
mixed,mixed,0.0,both_own,8,1,2,0,0.0
mixed,mixed,0.0,both_own,8,2,0,0,
mixed,mixed,0.0,both_own,8,2,1,0,
mixed,mixed,0.0,both_own,8,2,2,0,
mixed,mixed,0.0,both_own,9,0,0,455,0.978494623655914
mixed,mixed,0.0,both_own,9,0,1,10,0.021505376344086023
mixed,mixed,0.0,both_own,9,0,2,0,0.0
mixed,mixed,0.0,both_own,9,1,0,11,0.9166666666666666
mixed,mixed,0.0,both_own,9,1,1,1,0.08333333333333333
mixed,mixed,0.0,both_own,9,1,2,0,0.0
mixed,mixed,0.0,both_own,9,2,0,0,
mixed,mixed,0.0,both_own,9,2,1,0,
mixed,mixed,0.0,both_own,9,2,2,0,
mixed,mixed,0.0,both_own,10,0,0,454,0.9742489270386266
mixed,mixed,0.0,both_own,10,0,1,12,0.02575107296137339
mixed,mixed,0.0,both_own,10,0,2,0,0.0
mixed,mixed,0.0,both_own,10,1,0,11,1.0
mixed,mixed,0.0,both_own,10,1,1,0,0.0
mixed,mixed,0.0,both_own,10,1,2,0,0.0
mixed,mixed,0.0,both_own,10,2,0,0,
mixed,mixed,0.0,both_own,10,2,1,0,
mixed,mixed,0.0,both_own,10,2,2,0,
mixed,mixed,0.0,both_own,11,0,0,449,0.9655913978494624
mixed,mixed,0.0,both_own,11,0,1,16,0.034408602150537634
mixed,mixed,0.0,both_own,11,0,2,0,0.0
mixed,mixed,0.0,both_own,11,1,0,10,0.8333333333333334
mixed,mixed,0.0,both_own,11,1,1,2,0.16666666666666666
mixed,mixed,0.0,both_own,11,1,2,0,0.0
mixed,mixed,0.0,both_own,11,2,0,0,
mixed,mixed,0.0,both_own,11,2,1,0,
mixed,mixed,0.0,both_own,11,2,2,0,
mixed,mixed,0.0,both_own,12,0,0,448,0.9760348583877996
mixed,mixed,0.0,both_own,12,0,1,11,0.023965141612200435
mixed,mixed,0.0,both_own,12,0,2,0,0.0
mixed,mixed,0.0,both_own,12,1,0,16,0.8888888888888888
mixed,mixed,0.0,both_own,12,1,1,2,0.1111111111111111
mixed,mixed,0.0,both_own,12,1,2,0,0.0
mixed,mixed,0.0,both_own,12,2,0,0,
mixed,mixed,0.0,both_own,12,2,1,0,
mixed,mixed,0.0,both_own,12,2,2,0,
mixed,mixed,0.0,both_own,13,0,0,450,0.9698275862068966
mixed,mixed,0.0,both_own,13,0,1,14,0.03017241379310345
mixed,mixed,0.0,both_own,13,0,2,0,0.0
mixed,mixed,0.0,both_own,13,1,0,13,1.0
mixed,mixed,0.0,both_own,13,1,1,0,0.0
mixed,mixed,0.0,both_own,13,1,2,0,0.0
mixed,mixed,0.0,both_own,13,2,0,0,
mixed,mixed,0.0,both_own,13,2,1,0,
mixed,mixed,0.0,both_own,13,2,2,0,
mixed,mixed,0.0,both_own,14,0,0,451,0.9740820734341252
mixed,mixed,0.0,both_own,14,0,1,12,0.02591792656587473
mixed,mixed,0.0,both_own,14,0,2,0,0.0
mixed,mixed,0.0,both_own,14,1,0,12,0.8571428571428571
mixed,mixed,0.0,both_own,14,1,1,2,0.14285714285714285
mixed,mixed,0.0,both_own,14,1,2,0,0.0
mixed,mixed,0.0,both_own,14,2,0,0,
mixed,mixed,0.0,both_own,14,2,1,0,
mixed,mixed,0.0,both_own,14,2,2,0,
mixed,mixed,0.0,both_own,15,0,0,444,0.958963282937365
mixed,mixed,0.0,both_own,15,0,1,19,0.04103671706263499
mixed,mixed,0.0,both_own,15,0,2,0,0.0
mixed,mixed,0.0,both_own,15,1,0,13,0.9285714285714286
mixed,mixed,0.0,both_own,15,1,1,1,0.07142857142857142
mixed,mixed,0.0,both_own,15,1,2,0,0.0
mixed,mixed,0.0,both_own,15,2,0,0,
mixed,mixed,0.0,both_own,15,2,1,0,
mixed,mixed,0.0,both_own,15,2,2,0,
mixed,mixed,0.0,both_own,16,0,0,444,0.9715536105032823
mixed,mixed,0.0,both_own,16,0,1,13,0.028446389496717725
mixed,mixed,0.0,both_own,16,0,2,0,0.0
mixed,mixed,0.0,both_own,16,1,0,17,0.85
mixed,mixed,0.0,both_own,16,1,1,3,0.15
mixed,mixed,0.0,both_own,16,1,2,0,0.0
mixed,mixed,0.0,both_own,16,2,0,0,
mixed,mixed,0.0,both_own,16,2,1,0,
mixed,mixed,0.0,both_own,16,2,2,0,
mixed,mixed,0.0,both_own,17,0,0,438,0.9501084598698482
mixed,mixed,0.0,both_own,17,0,1,23,0.049891540130151846
mixed,mixed,0.0,both_own,17,0,2,0,0.0
mixed,mixed,0.0,both_own,17,1,0,15,0.9375
mixed,mixed,0.0,both_own,17,1,1,1,0.0625
mixed,mixed,0.0,both_own,17,1,2,0,0.0
mixed,mixed,0.0,both_own,17,2,0,0,
mixed,mixed,0.0,both_own,17,2,1,0,
mixed,mixed,0.0,both_own,17,2,2,0,
mixed,mixed,0.0,both_own,18,0,0,431,0.9514348785871964
mixed,mixed,0.0,both_own,18,0,1,22,0.04856512141280353
mixed,mixed,0.0,both_own,18,0,2,0,0.0
mixed,mixed,0.0,both_own,18,1,0,23,0.9583333333333334
mixed,mixed,0.0,both_own,18,1,1,1,0.041666666666666664
mixed,mixed,0.0,both_own,18,1,2,0,0.0
mixed,mixed,0.0,both_own,18,2,0,0,
mixed,mixed,0.0,both_own,18,2,1,0,
mixed,mixed,0.0,both_own,18,2,2,0,
mixed,mixed,0.0,both_own,19,0,0,438,0.9647577092511013
mixed,mixed,0.0,both_own,19,0,1,16,0.03524229074889868
mixed,mixed,0.0,both_own,19,0,2,0,0.0
mixed,mixed,0.0,both_own,19,1,0,20,0.8695652173913043
mixed,mixed,0.0,both_own,19,1,1,3,0.13043478260869565
mixed,mixed,0.0,both_own,19,1,2,0,0.0
mixed,mixed,0.0,both_own,19,2,0,0,
mixed,mixed,0.0,both_own,19,2,1,0,
mixed,mixed,0.0,both_own,19,2,2,0,
mixed,mixed,0.0,both_own,20,0,0,442,0.9650655021834061
mixed,mixed,0.0,both_own,20,0,1,16,0.034934497816593885
mixed,mixed,0.0,both_own,20,0,2,0,0.0
mixed,mixed,0.0,both_own,20,1,0,18,0.9473684210526315
mixed,mixed,0.0,both_own,20,1,1,1,0.05263157894736842
mixed,mixed,0.0,both_own,20,1,2,0,0.0
mixed,mixed,0.0,both_own,20,2,0,0,
mixed,mixed,0.0,both_own,20,2,1,0,
mixed,mixed,0.0,both_own,20,2,2,0,
mixed,mixed,0.0,both_own,21,0,0,437,0.95
mixed,mixed,0.0,both_own,21,0,1,23,0.05
mixed,mixed,0.0,both_own,21,0,2,0,0.0
mixed,mixed,0.0,both_own,21,1,0,17,1.0
mixed,mixed,0.0,both_own,21,1,1,0,0.0
mixed,mixed,0.0,both_own,21,1,2,0,0.0
mixed,mixed,0.0,both_own,21,2,0,0,
mixed,mixed,0.0,both_own,21,2,1,0,
mixed,mixed,0.0,both_own,21,2,2,0,
mixed,mixed,0.0,both_own,22,0,0,435,0.9581497797356828
mixed,mixed,0.0,both_own,22,0,1,19,0.04185022026431718
mixed,mixed,0.0,both_own,22,0,2,0,0.0
mixed,mixed,0.0,both_own,22,1,0,23,1.0
mixed,mixed,0.0,both_own,22,1,1,0,0.0
mixed,mixed,0.0,both_own,22,1,2,0,0.0
mixed,mixed,0.0,both_own,22,2,0,0,
mixed,mixed,0.0,both_own,22,2,1,0,
mixed,mixed,0.0,both_own,22,2,2,0,
mixed,mixed,0.0,both_own,23,0,0,434,0.9475982532751092
mixed,mixed,0.0,both_own,23,0,1,24,0.05240174672489083
mixed,mixed,0.0,both_own,23,0,2,0,0.0
mixed,mixed,0.0,both_own,23,1,0,18,0.9473684210526315
mixed,mixed,0.0,both_own,23,1,1,1,0.05263157894736842
mixed,mixed,0.0,both_own,23,1,2,0,0.0
mixed,mixed,0.0,both_own,23,2,0,0,
mixed,mixed,0.0,both_own,23,2,1,0,
mixed,mixed,0.0,both_own,23,2,2,0,
mixed,mixed,0.0,both_own,0,0,0,10392,0.9726694122051666
mixed,mixed,0.0,both_own,0,0,1,292,0.027330587794833397
mixed,mixed,0.0,both_own,0,0,2,0,0.0
mixed,mixed,0.0,both_own,0,1,0,267,0.9303135888501742
mixed,mixed,0.0,both_own,0,1,1,20,0.06968641114982578
mixed,mixed,0.0,both_own,0,1,2,0,0.0
mixed,mixed,0.0,both_own,0,2,0,0,
mixed,mixed,0.0,both_own,0,2,1,0,
mixed,mixed,0.0,both_own,0,2,2,0,
honest,honest,1.5,all,1,0,0,298,0.5654648956356736
honest,honest,1.5,all,1,0,1,229,0.43453510436432635
honest,honest,1.5,all,1,0,2,0,0.0
honest,honest,1.5,all,1,1,0,77,0.05273972602739726
honest,honest,1.5,all,1,1,1,1382,0.9465753424657535
honest,honest,1.5,all,1,1,2,1,0.0006849315068493151
honest,honest,1.5,all,1,2,0,4,0.3076923076923077
honest,honest,1.5,all,1,2,1,8,0.6153846153846154
honest,honest,1.5,all,1,2,2,1,0.07692307692307693
honest,honest,1.5,all,2,0,0,221,0.58311345646438
honest,honest,1.5,all,2,0,1,158,0.41688654353562005
honest,honest,1.5,all,2,0,2,0,0.0
honest,honest,1.5,all,2,1,0,103,0.06361951822112415
honest,honest,1.5,all,2,1,1,1516,0.9363804817788759
honest,honest,1.5,all,2,1,2,0,0.0
honest,honest,1.5,all,2,2,0,0,0.0
honest,honest,1.5,all,2,2,1,2,1.0
honest,honest,1.5,all,2,2,2,0,0.0
honest,honest,1.5,all,3,0,0,176,0.5432098765432098
honest,honest,1.5,all,3,0,1,148,0.4567901234567901
honest,honest,1.5,all,3,0,2,0,0.0
honest,honest,1.5,all,3,1,0,100,0.059665871121718374
honest,honest,1.5,all,3,1,1,1576,0.9403341288782816
honest,honest,1.5,all,3,1,2,0,0.0
honest,honest,1.5,all,3,2,0,0,
honest,honest,1.5,all,3,2,1,0,
honest,honest,1.5,all,3,2,2,0,
honest,honest,1.5,all,4,0,0,163,0.5905797101449275
honest,honest,1.5,all,4,0,1,113,0.40942028985507245
honest,honest,1.5,all,4,0,2,0,0.0
honest,honest,1.5,all,4,1,0,114,0.06612529002320186
honest,honest,1.5,all,4,1,1,1609,0.9332946635730859
honest,honest,1.5,all,4,1,2,1,0.000580046403712297
honest,honest,1.5,all,4,2,0,0,
honest,honest,1.5,all,4,2,1,0,
honest,honest,1.5,all,4,2,2,0,
honest,honest,1.5,all,5,0,0,137,0.49458483754512633
honest,honest,1.5,all,5,0,1,140,0.5054151624548736
honest,honest,1.5,all,5,0,2,0,0.0
honest,honest,1.5,all,5,1,0,115,0.06678281068524972
honest,honest,1.5,all,5,1,1,1607,0.9332171893147503
honest,honest,1.5,all,5,1,2,0,0.0
honest,honest,1.5,all,5,2,0,0,0.0
honest,honest,1.5,all,5,2,1,1,1.0
honest,honest,1.5,all,5,2,2,0,0.0
honest,honest,1.5,all,6,0,0,143,0.5674603174603174
honest,honest,1.5,all,6,0,1,109,0.43253968253968256
honest,honest,1.5,all,6,0,2,0,0.0
honest,honest,1.5,all,6,1,0,109,0.062356979405034325
honest,honest,1.5,all,6,1,1,1639,0.9376430205949656
honest,honest,1.5,all,6,1,2,0,0.0
honest,honest,1.5,all,6,2,0,0,
honest,honest,1.5,all,6,2,1,0,
honest,honest,1.5,all,6,2,2,0,
honest,honest,1.5,all,7,0,0,141,0.5595238095238095
honest,honest,1.5,all,7,0,1,111,0.44047619047619047
honest,honest,1.5,all,7,0,2,0,0.0
honest,honest,1.5,all,7,1,0,104,0.059496567505720827
honest,honest,1.5,all,7,1,1,1643,0.9399313501144165
honest,honest,1.5,all,7,1,2,1,0.0005720823798627002
honest,honest,1.5,all,7,2,0,0,
honest,honest,1.5,all,7,2,1,0,
honest,honest,1.5,all,7,2,2,0,
honest,honest,1.5,all,8,0,0,133,0.5428571428571428
honest,honest,1.5,all,8,0,1,112,0.45714285714285713
honest,honest,1.5,all,8,0,2,0,0.0
honest,honest,1.5,all,8,1,0,110,0.06271379703534778
honest,honest,1.5,all,8,1,1,1644,0.9372862029646523
honest,honest,1.5,all,8,1,2,0,0.0
honest,honest,1.5,all,8,2,0,0,0.0
honest,honest,1.5,all,8,2,1,0,0.0
honest,honest,1.5,all,8,2,2,1,1.0
honest,honest,1.5,all,9,0,0,130,0.5349794238683128
honest,honest,1.5,all,9,0,1,113,0.46502057613168724
honest,honest,1.5,all,9,0,2,0,0.0
honest,honest,1.5,all,9,1,0,106,0.06036446469248292
honest,honest,1.5,all,9,1,1,1648,0.9384965831435079
honest,honest,1.5,all,9,1,2,2,0.0011389521640091116
honest,honest,1.5,all,9,2,0,0,0.0
honest,honest,1.5,all,9,2,1,0,0.0
honest,honest,1.5,all,9,2,2,1,1.0
honest,honest,1.5,all,10,0,0,125,0.5296610169491526
honest,honest,1.5,all,10,0,1,110,0.4661016949152542
honest,honest,1.5,all,10,0,2,1,0.00423728813559322
honest,honest,1.5,all,10,1,0,107,0.06076093128904032
honest,honest,1.5,all,10,1,1,1653,0.938671209540034
honest,honest,1.5,all,10,1,2,1,0.0005678591709256105
honest,honest,1.5,all,10,2,0,1,0.3333333333333333
honest,honest,1.5,all,10,2,1,1,0.3333333333333333
honest,honest,1.5,all,10,2,2,1,0.3333333333333333
honest,honest,1.5,all,11,0,0,125,0.5364806866952789
honest,honest,1.5,all,11,0,1,108,0.463519313304721
honest,honest,1.5,all,11,0,2,0,0.0
honest,honest,1.5,all,11,1,0,101,0.0572562358276644
honest,honest,1.5,all,11,1,1,1663,0.9427437641723356
honest,honest,1.5,all,11,1,2,0,0.0
honest,honest,1.5,all,11,2,0,1,0.3333333333333333
honest,honest,1.5,all,11,2,1,2,0.6666666666666666
honest,honest,1.5,all,11,2,2,0,0.0
honest,honest,1.5,all,12,0,0,118,0.5198237885462555
honest,honest,1.5,all,12,0,1,107,0.4713656387665198
honest,honest,1.5,all,12,0,2,2,0.00881057268722467
honest,honest,1.5,all,12,1,0,129,0.0727580372250423
honest,honest,1.5,all,12,1,1,1644,0.9272419627749577
honest,honest,1.5,all,12,1,2,0,0.0
honest,honest,1.5,all,12,2,0,0,
honest,honest,1.5,all,12,2,1,0,
honest,honest,1.5,all,12,2,2,0,
honest,honest,1.5,all,13,0,0,102,0.41295546558704455
honest,honest,1.5,all,13,0,1,143,0.5789473684210527
honest,honest,1.5,all,13,0,2,2,0.008097165991902834
honest,honest,1.5,all,13,1,0,105,0.05996573386636208
honest,honest,1.5,all,13,1,1,1645,0.9394631639063392
honest,honest,1.5,all,13,1,2,1,0.0005711022272986865
honest,honest,1.5,all,13,2,0,1,0.5
honest,honest,1.5,all,13,2,1,0,0.0
honest,honest,1.5,all,13,2,2,1,0.5
honest,honest,1.5,all,14,0,0,108,0.5192307692307693
honest,honest,1.5,all,14,0,1,100,0.4807692307692308
honest,honest,1.5,all,14,0,2,0,0.0
honest,honest,1.5,all,14,1,0,120,0.06711409395973154
honest,honest,1.5,all,14,1,1,1668,0.9328859060402684
honest,honest,1.5,all,14,1,2,0,0.0
honest,honest,1.5,all,14,2,0,0,0.0
honest,honest,1.5,all,14,2,1,2,0.5
honest,honest,1.5,all,14,2,2,2,0.5
honest,honest,1.5,all,15,0,0,104,0.45614035087719296
honest,honest,1.5,all,15,0,1,123,0.5394736842105263
honest,honest,1.5,all,15,0,2,1,0.0043859649122807015
honest,honest,1.5,all,15,1,0,124,0.07005649717514124
honest,honest,1.5,all,15,1,1,1644,0.9288135593220339
honest,honest,1.5,all,15,1,2,2,0.0011299435028248588
honest,honest,1.5,all,15,2,0,0,0.0
honest,honest,1.5,all,15,2,1,2,1.0
honest,honest,1.5,all,15,2,2,0,0.0
honest,honest,1.5,all,16,0,0,108,0.47368421052631576
honest,honest,1.5,all,16,0,1,120,0.5263157894736842
honest,honest,1.5,all,16,0,2,0,0.0
honest,honest,1.5,all,16,1,0,108,0.06105144149236857
honest,honest,1.5,all,16,1,1,1657,0.9366873940079141
honest,honest,1.5,all,16,1,2,4,0.0022611644997173543
honest,honest,1.5,all,16,2,0,1,0.3333333333333333
honest,honest,1.5,all,16,2,1,2,0.6666666666666666
honest,honest,1.5,all,16,2,2,0,0.0
honest,honest,1.5,all,17,0,0,105,0.4838709677419355
honest,honest,1.5,all,17,0,1,111,0.511520737327189
honest,honest,1.5,all,17,0,2,1,0.004608294930875576
honest,honest,1.5,all,17,1,0,136,0.07644744238336144
honest,honest,1.5,all,17,1,1,1641,0.9224283305227656
honest,honest,1.5,all,17,1,2,2,0.0011242270938729624
honest,honest,1.5,all,17,2,0,0,0.0
honest,honest,1.5,all,17,2,1,4,1.0
honest,honest,1.5,all,17,2,2,0,0.0
honest,honest,1.5,all,18,0,0,106,0.43983402489626555
honest,honest,1.5,all,18,0,1,134,0.5560165975103735
honest,honest,1.5,all,18,0,2,1,0.004149377593360996
honest,honest,1.5,all,18,1,0,108,0.06150341685649203
honest,honest,1.5,all,18,1,1,1648,0.9384965831435079
honest,honest,1.5,all,18,1,2,0,0.0
honest,honest,1.5,all,18,2,0,0,0.0
honest,honest,1.5,all,18,2,1,1,0.3333333333333333
honest,honest,1.5,all,18,2,2,2,0.6666666666666666
honest,honest,1.5,all,19,0,0,98,0.45794392523364486
honest,honest,1.5,all,19,0,1,116,0.5420560747663551
honest,honest,1.5,all,19,0,2,0,0.0
honest,honest,1.5,all,19,1,0,105,0.05888951205832866
honest,honest,1.5,all,19,1,1,1678,0.9411104879416713
honest,honest,1.5,all,19,1,2,0,0.0
honest,honest,1.5,all,19,2,0,1,0.3333333333333333
honest,honest,1.5,all,19,2,1,2,0.6666666666666666
honest,honest,1.5,all,19,2,2,0,0.0
honest,honest,1.5,all,20,0,0,94,0.46078431372549017
honest,honest,1.5,all,20,0,1,110,0.5392156862745098
honest,honest,1.5,all,20,0,2,0,0.0
honest,honest,1.5,all,20,1,0,123,0.06848552338530067
honest,honest,1.5,all,20,1,1,1672,0.9309576837416481
honest,honest,1.5,all,20,1,2,1,0.0005567928730512249
honest,honest,1.5,all,20,2,0,0,
honest,honest,1.5,all,20,2,1,0,
honest,honest,1.5,all,20,2,2,0,
honest,honest,1.5,all,21,0,0,96,0.4423963133640553
honest,honest,1.5,all,21,0,1,121,0.5576036866359447
honest,honest,1.5,all,21,0,2,0,0.0
honest,honest,1.5,all,21,1,0,105,0.058922558922558925
honest,honest,1.5,all,21,1,1,1677,0.9410774410774411
honest,honest,1.5,all,21,1,2,0,0.0
honest,honest,1.5,all,21,2,0,0,0.0
honest,honest,1.5,all,21,2,1,0,0.0
honest,honest,1.5,all,21,2,2,1,1.0
honest,honest,1.5,all,22,0,0,89,0.4427860696517413
honest,honest,1.5,all,22,0,1,112,0.5572139303482587
honest,honest,1.5,all,22,0,2,0,0.0
honest,honest,1.5,all,22,1,0,121,0.06729699666295884
honest,honest,1.5,all,22,1,1,1677,0.9327030033370411
honest,honest,1.5,all,22,1,2,0,0.0
honest,honest,1.5,all,22,2,0,0,0.0
honest,honest,1.5,all,22,2,1,1,1.0
honest,honest,1.5,all,22,2,2,0,0.0
honest,honest,1.5,all,23,0,0,86,0.4095238095238095
honest,honest,1.5,all,23,0,1,124,0.5904761904761905
honest,honest,1.5,all,23,0,2,0,0.0
honest,honest,1.5,all,23,1,0,130,0.07262569832402235
honest,honest,1.5,all,23,1,1,1660,0.9273743016759777
honest,honest,1.5,all,23,1,2,0,0.0
honest,honest,1.5,all,23,2,0,0,
honest,honest,1.5,all,23,2,1,0,
honest,honest,1.5,all,23,2,2,0,
honest,honest,1.5,all,0,0,0,3006,0.5107033639143731
honest,honest,1.5,all,0,0,1,2872,0.48793747876316684
honest,honest,1.5,all,0,0,2,8,0.0013591573224600749
honest,honest,1.5,all,0,1,0,2560,0.06389297925973994
honest,honest,1.5,all,0,1,1,37491,0.9357076896198867
honest,honest,1.5,all,0,1,2,16,0.0003993311203733746
honest,honest,1.5,all,0,2,0,9,0.19148936170212766
honest,honest,1.5,all,0,2,1,28,0.5957446808510638
honest,honest,1.5,all,0,2,2,10,0.2127659574468085
honest,honest,1.5,both_own,1,0,0,289,0.7153465346534653
honest,honest,1.5,both_own,1,0,1,115,0.28465346534653463
honest,honest,1.5,both_own,1,0,2,0,0.0
honest,honest,1.5,both_own,1,1,0,45,0.6164383561643836
honest,honest,1.5,both_own,1,1,1,28,0.3835616438356164
honest,honest,1.5,both_own,1,1,2,0,0.0
honest,honest,1.5,both_own,1,2,0,0,
honest,honest,1.5,both_own,1,2,1,0,
honest,honest,1.5,both_own,1,2,2,0,
honest,honest,1.5,both_own,2,0,0,214,0.6407185628742516
honest,honest,1.5,both_own,2,0,1,120,0.3592814371257485
honest,honest,1.5,both_own,2,0,2,0,0.0
honest,honest,1.5,both_own,2,1,0,69,0.4825174825174825
honest,honest,1.5,both_own,2,1,1,74,0.5174825174825175
honest,honest,1.5,both_own,2,1,2,0,0.0
honest,honest,1.5,both_own,2,2,0,0,
honest,honest,1.5,both_own,2,2,1,0,
honest,honest,1.5,both_own,2,2,2,0,
honest,honest,1.5,both_own,3,0,0,170,0.6007067137809188
honest,honest,1.5,both_own,3,0,1,113,0.3992932862190813
honest,honest,1.5,both_own,3,0,2,0,0.0
honest,honest,1.5,both_own,3,1,0,59,0.30412371134020616
honest,honest,1.5,both_own,3,1,1,135,0.6958762886597938
honest,honest,1.5,both_own,3,1,2,0,0.0
honest,honest,1.5,both_own,3,2,0,0,
honest,honest,1.5,both_own,3,2,1,0,
honest,honest,1.5,both_own,3,2,2,0,
honest,honest,1.5,both_own,4,0,0,155,0.6768558951965066
honest,honest,1.5,both_own,4,0,1,74,0.3231441048034934
honest,honest,1.5,both_own,4,0,2,0,0.0
honest,honest,1.5,both_own,4,1,0,78,0.31451612903225806
honest,honest,1.5,both_own,4,1,1,170,0.6854838709677419
honest,honest,1.5,both_own,4,1,2,0,0.0
honest,honest,1.5,both_own,4,2,0,0,
honest,honest,1.5,both_own,4,2,1,0,
honest,honest,1.5,both_own,4,2,2,0,
honest,honest,1.5,both_own,5,0,0,134,0.575107296137339
honest,honest,1.5,both_own,5,0,1,99,0.4248927038626609
honest,honest,1.5,both_own,5,0,2,0,0.0
honest,honest,1.5,both_own,5,1,0,81,0.3319672131147541
honest,honest,1.5,both_own,5,1,1,163,0.6680327868852459
honest,honest,1.5,both_own,5,1,2,0,0.0
honest,honest,1.5,both_own,5,2,0,0,
honest,honest,1.5,both_own,5,2,1,0,
honest,honest,1.5,both_own,5,2,2,0,
honest,honest,1.5,both_own,6,0,0,140,0.6511627906976745
honest,honest,1.5,both_own,6,0,1,75,0.3488372093023256
honest,honest,1.5,both_own,6,0,2,0,0.0
honest,honest,1.5,both_own,6,1,0,83,0.31679389312977096
honest,honest,1.5,both_own,6,1,1,179,0.683206106870229
honest,honest,1.5,both_own,6,1,2,0,0.0
honest,honest,1.5,both_own,6,2,0,0,
honest,honest,1.5,both_own,6,2,1,0,
honest,honest,1.5,both_own,6,2,2,0,
honest,honest,1.5,both_own,7,0,0,139,0.6233183856502242
honest,honest,1.5,both_own,7,0,1,84,0.37668161434977576
honest,honest,1.5,both_own,7,0,2,0,0.0
honest,honest,1.5,both_own,7,1,0,69,0.27165354330708663
honest,honest,1.5,both_own,7,1,1,185,0.7283464566929134
honest,honest,1.5,both_own,7,1,2,0,0.0
honest,honest,1.5,both_own,7,2,0,0,
honest,honest,1.5,both_own,7,2,1,0,
honest,honest,1.5,both_own,7,2,2,0,
honest,honest,1.5,both_own,8,0,0,130,0.625
honest,honest,1.5,both_own,8,0,1,78,0.375
honest,honest,1.5,both_own,8,0,2,0,0.0
honest,honest,1.5,both_own,8,1,0,75,0.2788104089219331
honest,honest,1.5,both_own,8,1,1,194,0.7211895910780669
honest,honest,1.5,both_own,8,1,2,0,0.0
honest,honest,1.5,both_own,8,2,0,0,
honest,honest,1.5,both_own,8,2,1,0,
honest,honest,1.5,both_own,8,2,2,0,
honest,honest,1.5,both_own,9,0,0,126,0.6146341463414634
honest,honest,1.5,both_own,9,0,1,79,0.3853658536585366
honest,honest,1.5,both_own,9,0,2,0,0.0
honest,honest,1.5,both_own,9,1,0,67,0.24632352941176472
honest,honest,1.5,both_own,9,1,1,204,0.75
honest,honest,1.5,both_own,9,1,2,1,0.003676470588235294
honest,honest,1.5,both_own,9,2,0,0,
honest,honest,1.5,both_own,9,2,1,0,
honest,honest,1.5,both_own,9,2,2,0,
honest,honest,1.5,both_own,10,0,0,124,0.6424870466321243
honest,honest,1.5,both_own,10,0,1,69,0.35751295336787564
honest,honest,1.5,both_own,10,0,2,0,0.0
honest,honest,1.5,both_own,10,1,0,85,0.3003533568904594
honest,honest,1.5,both_own,10,1,1,198,0.6996466431095406
honest,honest,1.5,both_own,10,1,2,0,0.0
honest,honest,1.5,both_own,10,2,0,1,1.0
honest,honest,1.5,both_own,10,2,1,0,0.0
honest,honest,1.5,both_own,10,2,2,0,0.0
honest,honest,1.5,both_own,11,0,0,124,0.5904761904761905
honest,honest,1.5,both_own,11,0,1,86,0.4095238095238095
honest,honest,1.5,both_own,11,0,2,0,0.0
honest,honest,1.5,both_own,11,1,0,63,0.23595505617977527
honest,honest,1.5,both_own,11,1,1,204,0.7640449438202247
honest,honest,1.5,both_own,11,1,2,0,0.0
honest,honest,1.5,both_own,11,2,0,0,
honest,honest,1.5,both_own,11,2,1,0,
honest,honest,1.5,both_own,11,2,2,0,
honest,honest,1.5,both_own,12,0,0,116,0.6203208556149733
honest,honest,1.5,both_own,12,0,1,69,0.3689839572192513
honest,honest,1.5,both_own,12,0,2,2,0.0106951871657754
honest,honest,1.5,both_own,12,1,0,84,0.2896551724137931
honest,honest,1.5,both_own,12,1,1,206,0.7103448275862069
honest,honest,1.5,both_own,12,1,2,0,0.0
honest,honest,1.5,both_own,12,2,0,0,
honest,honest,1.5,both_own,12,2,1,0,
honest,honest,1.5,both_own,12,2,2,0,
honest,honest,1.5,both_own,13,0,0,102,0.51
honest,honest,1.5,both_own,13,0,1,96,0.48
honest,honest,1.5,both_own,13,0,2,2,0.01
honest,honest,1.5,both_own,13,1,0,69,0.2509090909090909
honest,honest,1.5,both_own,13,1,1,206,0.7490909090909091
honest,honest,1.5,both_own,13,1,2,0,0.0
honest,honest,1.5,both_own,13,2,0,1,0.5
honest,honest,1.5,both_own,13,2,1,0,0.0
honest,honest,1.5,both_own,13,2,2,1,0.5
honest,honest,1.5,both_own,14,0,0,105,0.6104651162790697
honest,honest,1.5,both_own,14,0,1,67,0.38953488372093026
honest,honest,1.5,both_own,14,0,2,0,0.0
honest,honest,1.5,both_own,14,1,0,77,0.25496688741721857
honest,honest,1.5,both_own,14,1,1,225,0.7450331125827815
honest,honest,1.5,both_own,14,1,2,0,0.0
honest,honest,1.5,both_own,14,2,0,0,0.0
honest,honest,1.5,both_own,14,2,1,2,0.6666666666666666
honest,honest,1.5,both_own,14,2,2,1,0.3333333333333333
honest,honest,1.5,both_own,15,0,0,103,0.5659340659340659
honest,honest,1.5,both_own,15,0,1,78,0.42857142857142855
honest,honest,1.5,both_own,15,0,2,1,0.005494505494505495
honest,honest,1.5,both_own,15,1,0,86,0.2925170068027211
honest,honest,1.5,both_own,15,1,1,207,0.7040816326530612
honest,honest,1.5,both_own,15,1,2,1,0.003401360544217687
honest,honest,1.5,both_own,15,2,0,0,0.0
honest,honest,1.5,both_own,15,2,1,1,1.0
honest,honest,1.5,both_own,15,2,2,0,0.0
honest,honest,1.5,both_own,16,0,0,105,0.5555555555555556
honest,honest,1.5,both_own,16,0,1,84,0.4444444444444444
honest,honest,1.5,both_own,16,0,2,0,0.0
honest,honest,1.5,both_own,16,1,0,78,0.2727272727272727
honest,honest,1.5,both_own,16,1,1,204,0.7132867132867133
honest,honest,1.5,both_own,16,1,2,4,0.013986013986013986
honest,honest,1.5,both_own,16,2,0,1,0.5
honest,honest,1.5,both_own,16,2,1,1,0.5
honest,honest,1.5,both_own,16,2,2,0,0.0
honest,honest,1.5,both_own,17,0,0,103,0.5597826086956522
honest,honest,1.5,both_own,17,0,1,80,0.43478260869565216
honest,honest,1.5,both_own,17,0,2,1,0.005434782608695652
honest,honest,1.5,both_own,17,1,0,93,0.3217993079584775
honest,honest,1.5,both_own,17,1,1,194,0.671280276816609
honest,honest,1.5,both_own,17,1,2,2,0.006920415224913495
honest,honest,1.5,both_own,17,2,0,0,0.0
honest,honest,1.5,both_own,17,2,1,4,1.0
honest,honest,1.5,both_own,17,2,2,0,0.0
honest,honest,1.5,both_own,18,0,0,103,0.5255102040816326
honest,honest,1.5,both_own,18,0,1,93,0.4744897959183674
honest,honest,1.5,both_own,18,0,2,0,0.0
honest,honest,1.5,both_own,18,1,0,73,0.26258992805755393
honest,honest,1.5,both_own,18,1,1,205,0.737410071942446
honest,honest,1.5,both_own,18,1,2,0,0.0
honest,honest,1.5,both_own,18,2,0,0,0.0
honest,honest,1.5,both_own,18,2,1,1,0.3333333333333333
honest,honest,1.5,both_own,18,2,2,2,0.6666666666666666
honest,honest,1.5,both_own,19,0,0,91,0.5170454545454546
honest,honest,1.5,both_own,19,0,1,85,0.48295454545454547
honest,honest,1.5,both_own,19,0,2,0,0.0
honest,honest,1.5,both_own,19,1,0,68,0.22742474916387959
honest,honest,1.5,both_own,19,1,1,231,0.7725752508361204
honest,honest,1.5,both_own,19,1,2,0,0.0
honest,honest,1.5,both_own,19,2,0,1,0.5
honest,honest,1.5,both_own,19,2,1,1,0.5
honest,honest,1.5,both_own,19,2,2,0,0.0
honest,honest,1.5,both_own,20,0,0,90,0.5625
honest,honest,1.5,both_own,20,0,1,70,0.4375
honest,honest,1.5,both_own,20,0,2,0,0.0
honest,honest,1.5,both_own,20,1,0,96,0.3028391167192429
honest,honest,1.5,both_own,20,1,1,220,0.694006309148265
honest,honest,1.5,both_own,20,1,2,1,0.0031545741324921135
honest,honest,1.5,both_own,20,2,0,0,
honest,honest,1.5,both_own,20,2,1,0,
honest,honest,1.5,both_own,20,2,2,0,
honest,honest,1.5,both_own,21,0,0,95,0.510752688172043
honest,honest,1.5,both_own,21,0,1,91,0.489247311827957
honest,honest,1.5,both_own,21,0,2,0,0.0
honest,honest,1.5,both_own,21,1,0,75,0.25862068965517243
honest,honest,1.5,both_own,21,1,1,215,0.7413793103448276
honest,honest,1.5,both_own,21,1,2,0,0.0
honest,honest,1.5,both_own,21,2,0,0,0.0
honest,honest,1.5,both_own,21,2,1,0,0.0
honest,honest,1.5,both_own,21,2,2,1,1.0
honest,honest,1.5,both_own,22,0,0,86,0.5058823529411764
honest,honest,1.5,both_own,22,0,1,84,0.49411764705882355
honest,honest,1.5,both_own,22,0,2,0,0.0
honest,honest,1.5,both_own,22,1,0,81,0.2647058823529412
honest,honest,1.5,both_own,22,1,1,225,0.7352941176470589
honest,honest,1.5,both_own,22,1,2,0,0.0
honest,honest,1.5,both_own,22,2,0,0,0.0
honest,honest,1.5,both_own,22,2,1,1,1.0
honest,honest,1.5,both_own,22,2,2,0,0.0
honest,honest,1.5,both_own,23,0,0,83,0.49700598802395207
honest,honest,1.5,both_own,23,0,1,84,0.5029940119760479
honest,honest,1.5,both_own,23,0,2,0,0.0
honest,honest,1.5,both_own,23,1,0,89,0.2870967741935484
honest,honest,1.5,both_own,23,1,1,221,0.7129032258064516
honest,honest,1.5,both_own,23,1,2,0,0.0
honest,honest,1.5,both_own,23,2,0,0,
honest,honest,1.5,both_own,23,2,1,0,
honest,honest,1.5,both_own,23,2,2,0,
honest,honest,1.5,both_own,0,0,0,2927,0.5966163880962088
honest,honest,1.5,both_own,0,0,1,1973,0.4021606196494089
honest,honest,1.5,both_own,0,0,2,6,0.0012229922543823889
honest,honest,1.5,both_own,0,1,0,1743,0.2883374689826303
honest,honest,1.5,both_own,0,1,1,4293,0.7101736972704714
honest,honest,1.5,both_own,0,1,2,9,0.001488833746898263
honest,honest,1.5,both_own,0,2,0,4,0.2
honest,honest,1.5,both_own,0,2,1,11,0.55
honest,honest,1.5,both_own,0,2,2,5,0.25
honest,attenuated,1.5,all,1,0,0,409,0.6760330578512397
honest,attenuated,1.5,all,1,0,1,195,0.32231404958677684
honest,attenuated,1.5,all,1,0,2,1,0.001652892561983471
honest,attenuated,1.5,all,1,1,0,59,0.04376854599406528
honest,attenuated,1.5,all,1,1,1,1286,0.9540059347181009
honest,attenuated,1.5,all,1,1,2,3,0.002225519287833828
honest,attenuated,1.5,all,1,2,0,15,0.3191489361702128
honest,attenuated,1.5,all,1,2,1,28,0.5957446808510638
honest,attenuated,1.5,all,1,2,2,4,0.0851063829787234
honest,attenuated,1.5,all,2,0,0,330,0.6832298136645962
honest,attenuated,1.5,all,2,0,1,153,0.3167701863354037
honest,attenuated,1.5,all,2,0,2,0,0.0
honest,attenuated,1.5,all,2,1,0,96,0.0636182902584493
honest,attenuated,1.5,all,2,1,1,1410,0.9343936381709742
honest,attenuated,1.5,all,2,1,2,3,0.0019880715705765406
honest,attenuated,1.5,all,2,2,0,0,0.0
honest,attenuated,1.5,all,2,2,1,4,0.5
honest,attenuated,1.5,all,2,2,2,4,0.5
honest,attenuated,1.5,all,3,0,0,298,0.6995305164319249
honest,attenuated,1.5,all,3,0,1,127,0.2981220657276995
honest,attenuated,1.5,all,3,0,2,1,0.002347417840375587
honest,attenuated,1.5,all,3,1,0,107,0.06828334396936822
honest,attenuated,1.5,all,3,1,1,1459,0.9310784939374601
honest,attenuated,1.5,all,3,1,2,1,0.0006381620931716656
honest,attenuated,1.5,all,3,2,0,1,0.14285714285714285
honest,attenuated,1.5,all,3,2,1,3,0.42857142857142855
honest,attenuated,1.5,all,3,2,2,3,0.42857142857142855
honest,attenuated,1.5,all,4,0,0,296,0.729064039408867
honest,attenuated,1.5,all,4,0,1,110,0.270935960591133
honest,attenuated,1.5,all,4,0,2,0,0.0
honest,attenuated,1.5,all,4,1,0,109,0.06859660163624921
honest,attenuated,1.5,all,4,1,1,1478,0.9301447451227187
honest,attenuated,1.5,all,4,1,2,2,0.0012586532410320957
honest,attenuated,1.5,all,4,2,0,1,0.2
honest,attenuated,1.5,all,4,2,1,3,0.6
honest,attenuated,1.5,all,4,2,2,1,0.2
honest,attenuated,1.5,all,5,0,0,287,0.7068965517241379
honest,attenuated,1.5,all,5,0,1,119,0.29310344827586204
honest,attenuated,1.5,all,5,0,2,0,0.0
honest,attenuated,1.5,all,5,1,0,105,0.06599622878692646
honest,attenuated,1.5,all,5,1,1,1485,0.933375235700817
honest,attenuated,1.5,all,5,1,2,1,0.0006285355122564425
honest,attenuated,1.5,all,5,2,0,1,0.3333333333333333
honest,attenuated,1.5,all,5,2,1,1,0.3333333333333333
honest,attenuated,1.5,all,5,2,2,1,0.3333333333333333
honest,attenuated,1.5,all,6,0,0,290,0.7379134860050891
honest,attenuated,1.5,all,6,0,1,102,0.2595419847328244
honest,attenuated,1.5,all,6,0,2,1,0.002544529262086514
honest,attenuated,1.5,all,6,1,0,102,0.06355140186915888
honest,attenuated,1.5,all,6,1,1,1501,0.935202492211838
honest,attenuated,1.5,all,6,1,2,2,0.0012461059190031153
honest,attenuated,1.5,all,6,2,0,0,0.0
honest,attenuated,1.5,all,6,2,1,1,0.5
honest,attenuated,1.5,all,6,2,2,1,0.5
honest,attenuated,1.5,all,7,0,0,291,0.7423469387755102
honest,attenuated,1.5,all,7,0,1,101,0.2576530612244898
honest,attenuated,1.5,all,7,0,2,0,0.0
honest,attenuated,1.5,all,7,1,0,99,0.06172069825436409
honest,attenuated,1.5,all,7,1,1,1505,0.9382793017456359
honest,attenuated,1.5,all,7,1,2,0,0.0
honest,attenuated,1.5,all,7,2,0,1,0.25
honest,attenuated,1.5,all,7,2,1,1,0.25
honest,attenuated,1.5,all,7,2,2,2,0.5
honest,attenuated,1.5,all,8,0,0,279,0.7135549872122762
honest,attenuated,1.5,all,8,0,1,111,0.28388746803069054
honest,attenuated,1.5,all,8,0,2,1,0.0025575447570332483
honest,attenuated,1.5,all,8,1,0,88,0.054760423148724334
honest,attenuated,1.5,all,8,1,1,1518,0.9446172993154948
honest,attenuated,1.5,all,8,1,2,1,0.0006222775357809583
honest,attenuated,1.5,all,8,2,0,1,0.5
honest,attenuated,1.5,all,8,2,1,0,0.0
honest,attenuated,1.5,all,8,2,2,1,0.5
honest,attenuated,1.5,all,9,0,0,273,0.7418478260869565
honest,attenuated,1.5,all,9,0,1,94,0.2554347826086957
honest,attenuated,1.5,all,9,0,2,1,0.002717391304347826
honest,attenuated,1.5,all,9,1,0,112,0.06875383670963782
honest,attenuated,1.5,all,9,1,1,1516,0.9306322897483118
honest,attenuated,1.5,all,9,1,2,1,0.0006138735420503376
honest,attenuated,1.5,all,9,2,0,0,0.0
honest,attenuated,1.5,all,9,2,1,1,0.3333333333333333
honest,attenuated,1.5,all,9,2,2,2,0.6666666666666666
honest,attenuated,1.5,all,10,0,0,275,0.7142857142857143
honest,attenuated,1.5,all,10,0,1,109,0.2831168831168831
honest,attenuated,1.5,all,10,0,2,1,0.0025974025974025974
honest,attenuated,1.5,all,10,1,0,111,0.06890130353817504
honest,attenuated,1.5,all,10,1,1,1498,0.9298572315332092
honest,attenuated,1.5,all,10,1,2,2,0.0012414649286157666
honest,attenuated,1.5,all,10,2,0,2,0.5
honest,attenuated,1.5,all,10,2,1,0,0.0
honest,attenuated,1.5,all,10,2,2,2,0.5
honest,attenuated,1.5,all,11,0,0,264,0.6804123711340206
honest,attenuated,1.5,all,11,0,1,124,0.31958762886597936
honest,attenuated,1.5,all,11,0,2,0,0.0
honest,attenuated,1.5,all,11,1,0,104,0.06471686372121967
honest,attenuated,1.5,all,11,1,1,1503,0.9352831362787803
honest,attenuated,1.5,all,11,1,2,0,0.0
honest,attenuated,1.5,all,11,2,0,1,0.2
honest,attenuated,1.5,all,11,2,1,2,0.4
honest,attenuated,1.5,all,11,2,2,2,0.4
honest,attenuated,1.5,all,12,0,0,257,0.6964769647696477
honest,attenuated,1.5,all,12,0,1,111,0.3008130081300813
honest,attenuated,1.5,all,12,0,2,1,0.0027100271002710027
honest,attenuated,1.5,all,12,1,0,126,0.07734806629834254
honest,attenuated,1.5,all,12,1,1,1502,0.9220380601596071
honest,attenuated,1.5,all,12,1,2,1,0.0006138735420503376
honest,attenuated,1.5,all,12,2,0,0,0.0
honest,attenuated,1.5,all,12,2,1,1,0.5
honest,attenuated,1.5,all,12,2,2,1,0.5
honest,attenuated,1.5,all,13,0,0,261,0.6814621409921671
honest,attenuated,1.5,all,13,0,1,122,0.3185378590078329
honest,attenuated,1.5,all,13,0,2,0,0.0
honest,attenuated,1.5,all,13,1,0,89,0.05514250309789343
honest,attenuated,1.5,all,13,1,1,1524,0.9442379182156134
honest,attenuated,1.5,all,13,1,2,1,0.0006195786864931846
honest,attenuated,1.5,all,13,2,0,0,0.0
honest,attenuated,1.5,all,13,2,1,2,0.6666666666666666
honest,attenuated,1.5,all,13,2,2,1,0.3333333333333333
honest,attenuated,1.5,all,14,0,0,253,0.7228571428571429
honest,attenuated,1.5,all,14,0,1,97,0.27714285714285714
honest,attenuated,1.5,all,14,0,2,0,0.0
honest,attenuated,1.5,all,14,1,0,119,0.07220873786407767
honest,attenuated,1.5,all,14,1,1,1526,0.9259708737864077
honest,attenuated,1.5,all,14,1,2,3,0.0018203883495145632
honest,attenuated,1.5,all,14,2,0,0,0.0
honest,attenuated,1.5,all,14,2,1,2,1.0
honest,attenuated,1.5,all,14,2,2,0,0.0
honest,attenuated,1.5,all,15,0,0,250,0.6720430107526881
honest,attenuated,1.5,all,15,0,1,122,0.3279569892473118
honest,attenuated,1.5,all,15,0,2,0,0.0
honest,attenuated,1.5,all,15,1,0,124,0.07630769230769231
honest,attenuated,1.5,all,15,1,1,1499,0.9224615384615384
honest,attenuated,1.5,all,15,1,2,2,0.0012307692307692308
honest,attenuated,1.5,all,15,2,0,0,0.0
honest,attenuated,1.5,all,15,2,1,1,0.3333333333333333
honest,attenuated,1.5,all,15,2,2,2,0.6666666666666666
honest,attenuated,1.5,all,16,0,0,253,0.6764705882352942
honest,attenuated,1.5,all,16,0,1,121,0.3235294117647059
honest,attenuated,1.5,all,16,0,2,0,0.0
honest,attenuated,1.5,all,16,1,0,106,0.06535141800246609
honest,attenuated,1.5,all,16,1,1,1515,0.9340320591861899
honest,attenuated,1.5,all,16,1,2,1,0.0006165228113440197
honest,attenuated,1.5,all,16,2,0,0,0.0
honest,attenuated,1.5,all,16,2,1,3,0.75
honest,attenuated,1.5,all,16,2,2,1,0.25
honest,attenuated,1.5,all,17,0,0,252,0.7019498607242339
honest,attenuated,1.5,all,17,0,1,107,0.298050139275766
honest,attenuated,1.5,all,17,0,2,0,0.0
honest,attenuated,1.5,all,17,1,0,125,0.0762660158633313
honest,attenuated,1.5,all,17,1,1,1512,0.9225137278828553
honest,attenuated,1.5,all,17,1,2,2,0.0012202562538133007
honest,attenuated,1.5,all,17,2,0,0,0.0
honest,attenuated,1.5,all,17,2,1,2,1.0
honest,attenuated,1.5,all,17,2,2,0,0.0
honest,attenuated,1.5,all,18,0,0,246,0.6525198938992043
honest,attenuated,1.5,all,18,0,1,130,0.3448275862068966
honest,attenuated,1.5,all,18,0,2,1,0.002652519893899204
honest,attenuated,1.5,all,18,1,0,107,0.06600863664404688
honest,attenuated,1.5,all,18,1,1,1513,0.933374460209747
honest,attenuated,1.5,all,18,1,2,1,0.0006169031462060457
honest,attenuated,1.5,all,18,2,0,0,0.0
honest,attenuated,1.5,all,18,2,1,2,1.0
honest,attenuated,1.5,all,18,2,2,0,0.0
honest,attenuated,1.5,all,19,0,0,244,0.6912181303116147
honest,attenuated,1.5,all,19,0,1,109,0.3087818696883853
honest,attenuated,1.5,all,19,0,2,0,0.0
honest,attenuated,1.5,all,19,1,0,120,0.0729483282674772
honest,attenuated,1.5,all,19,1,1,1521,0.9246200607902736
honest,attenuated,1.5,all,19,1,2,4,0.0024316109422492403
honest,attenuated,1.5,all,19,2,0,1,0.5
honest,attenuated,1.5,all,19,2,1,1,0.5
honest,attenuated,1.5,all,19,2,2,0,0.0
honest,attenuated,1.5,all,20,0,0,243,0.6657534246575343
honest,attenuated,1.5,all,20,0,1,122,0.33424657534246577
honest,attenuated,1.5,all,20,0,2,0,0.0
honest,attenuated,1.5,all,20,1,0,109,0.0668301655426119
honest,attenuated,1.5,all,20,1,1,1522,0.9331698344573881
honest,attenuated,1.5,all,20,1,2,0,0.0
honest,attenuated,1.5,all,20,2,0,0,0.0
honest,attenuated,1.5,all,20,2,1,3,0.75
honest,attenuated,1.5,all,20,2,2,1,0.25
honest,attenuated,1.5,all,21,0,0,235,0.6676136363636364
honest,attenuated,1.5,all,21,0,1,117,0.33238636363636365
honest,attenuated,1.5,all,21,0,2,0,0.0
honest,attenuated,1.5,all,21,1,0,107,0.0649666059502125
honest,attenuated,1.5,all,21,1,1,1537,0.9332119004250152
honest,attenuated,1.5,all,21,1,2,3,0.0018214936247723133
honest,attenuated,1.5,all,21,2,0,0,0.0
honest,attenuated,1.5,all,21,2,1,0,0.0
honest,attenuated,1.5,all,21,2,2,1,1.0
honest,attenuated,1.5,all,22,0,0,227,0.6637426900584795
honest,attenuated,1.5,all,22,0,1,115,0.3362573099415205
honest,attenuated,1.5,all,22,0,2,0,0.0
honest,attenuated,1.5,all,22,1,0,129,0.07799274486094317
honest,attenuated,1.5,all,22,1,1,1523,0.9207980652962515
honest,attenuated,1.5,all,22,1,2,2,0.0012091898428053204
honest,attenuated,1.5,all,22,2,0,0,0.0
honest,attenuated,1.5,all,22,2,1,4,1.0
honest,attenuated,1.5,all,22,2,2,0,0.0
honest,attenuated,1.5,all,23,0,0,226,0.6348314606741573
honest,attenuated,1.5,all,23,0,1,129,0.36235955056179775
honest,attenuated,1.5,all,23,0,2,1,0.0028089887640449437
honest,attenuated,1.5,all,23,1,0,123,0.07490864799025579
honest,attenuated,1.5,all,23,1,1,1513,0.9214372716199757
honest,attenuated,1.5,all,23,1,2,6,0.0036540803897685747
honest,attenuated,1.5,all,23,2,0,1,0.5
honest,attenuated,1.5,all,23,2,1,1,0.5
honest,attenuated,1.5,all,23,2,2,0,0.0
honest,attenuated,1.5,all,0,0,0,6239,0.6936075597554197
honest,attenuated,1.5,all,0,0,1,2747,0.30539188438021125
honest,attenuated,1.5,all,0,0,2,9,0.0010005558643690939
honest,attenuated,1.5,all,0,1,0,2476,0.06712937859234357
honest,attenuated,1.5,all,0,1,1,34366,0.931731916278061
honest,attenuated,1.5,all,0,1,2,42,0.0011387051295954885
honest,attenuated,1.5,all,0,2,0,25,0.2066115702479339
honest,attenuated,1.5,all,0,2,1,66,0.5454545454545454
honest,attenuated,1.5,all,0,2,2,30,0.24793388429752067
honest,attenuated,1.5,both_own,1,0,0,402,0.8498942917547568
honest,attenuated,1.5,both_own,1,0,1,71,0.15010570824524314
honest,attenuated,1.5,both_own,1,0,2,0,0.0
honest,attenuated,1.5,both_own,1,1,0,4,1.0
honest,attenuated,1.5,both_own,1,1,1,0,0.0
honest,attenuated,1.5,both_own,1,1,2,0,0.0
honest,attenuated,1.5,both_own,1,2,0,0,
honest,attenuated,1.5,both_own,1,2,1,0,
honest,attenuated,1.5,both_own,1,2,2,0,
honest,attenuated,1.5,both_own,2,0,0,319,0.7857142857142857
honest,attenuated,1.5,both_own,2,0,1,87,0.21428571428571427
honest,attenuated,1.5,both_own,2,0,2,0,0.0
honest,attenuated,1.5,both_own,2,1,0,39,0.5492957746478874
honest,attenuated,1.5,both_own,2,1,1,32,0.4507042253521127
honest,attenuated,1.5,both_own,2,1,2,0,0.0
honest,attenuated,1.5,both_own,2,2,0,0,
honest,attenuated,1.5,both_own,2,2,1,0,
honest,attenuated,1.5,both_own,2,2,2,0,
honest,attenuated,1.5,both_own,3,0,0,290,0.8100558659217877
honest,attenuated,1.5,both_own,3,0,1,68,0.18994413407821228
honest,attenuated,1.5,both_own,3,0,2,0,0.0
honest,attenuated,1.5,both_own,3,1,0,43,0.36134453781512604
honest,attenuated,1.5,both_own,3,1,1,75,0.6302521008403361
honest,attenuated,1.5,both_own,3,1,2,1,0.008403361344537815
honest,attenuated,1.5,both_own,3,2,0,0,
honest,attenuated,1.5,both_own,3,2,1,0,
honest,attenuated,1.5,both_own,3,2,2,0,
honest,attenuated,1.5,both_own,4,0,0,287,0.8618618618618619
honest,attenuated,1.5,both_own,4,0,1,46,0.13813813813813813
honest,attenuated,1.5,both_own,4,0,2,0,0.0
honest,attenuated,1.5,both_own,4,1,0,43,0.3006993006993007
honest,attenuated,1.5,both_own,4,1,1,100,0.6993006993006993
honest,attenuated,1.5,both_own,4,1,2,0,0.0
honest,attenuated,1.5,both_own,4,2,0,1,1.0
honest,attenuated,1.5,both_own,4,2,1,0,0.0
honest,attenuated,1.5,both_own,4,2,2,0,0.0
honest,attenuated,1.5,both_own,5,0,0,283,0.8549848942598187
honest,attenuated,1.5,both_own,5,0,1,48,0.14501510574018128
honest,attenuated,1.5,both_own,5,0,2,0,0.0
honest,attenuated,1.5,both_own,5,1,0,40,0.273972602739726
honest,attenuated,1.5,both_own,5,1,1,106,0.726027397260274
honest,attenuated,1.5,both_own,5,1,2,0,0.0
honest,attenuated,1.5,both_own,5,2,0,0,
honest,attenuated,1.5,both_own,5,2,1,0,
honest,attenuated,1.5,both_own,5,2,2,0,
honest,attenuated,1.5,both_own,6,0,0,285,0.8823529411764706
honest,attenuated,1.5,both_own,6,0,1,38,0.11764705882352941
honest,attenuated,1.5,both_own,6,0,2,0,0.0
honest,attenuated,1.5,both_own,6,1,0,47,0.3051948051948052
honest,attenuated,1.5,both_own,6,1,1,107,0.6948051948051948
honest,attenuated,1.5,both_own,6,1,2,0,0.0
honest,attenuated,1.5,both_own,6,2,0,0,
honest,attenuated,1.5,both_own,6,2,1,0,
honest,attenuated,1.5,both_own,6,2,2,0,
honest,attenuated,1.5,both_own,7,0,0,286,0.8614457831325302
honest,attenuated,1.5,both_own,7,0,1,46,0.13855421686746988
honest,attenuated,1.5,both_own,7,0,2,0,0.0
honest,attenuated,1.5,both_own,7,1,0,38,0.2620689655172414
honest,attenuated,1.5,both_own,7,1,1,107,0.7379310344827587
honest,attenuated,1.5,both_own,7,1,2,0,0.0
honest,attenuated,1.5,both_own,7,2,0,0,
honest,attenuated,1.5,both_own,7,2,1,0,
honest,attenuated,1.5,both_own,7,2,2,0,
honest,attenuated,1.5,both_own,8,0,0,273,0.8425925925925926
honest,attenuated,1.5,both_own,8,0,1,51,0.1574074074074074
honest,attenuated,1.5,both_own,8,0,2,0,0.0
honest,attenuated,1.5,both_own,8,1,0,32,0.20915032679738563
honest,attenuated,1.5,both_own,8,1,1,121,0.7908496732026143
honest,attenuated,1.5,both_own,8,1,2,0,0.0
honest,attenuated,1.5,both_own,8,2,0,0,
honest,attenuated,1.5,both_own,8,2,1,0,
honest,attenuated,1.5,both_own,8,2,2,0,
honest,attenuated,1.5,both_own,9,0,0,266,0.8721311475409836
honest,attenuated,1.5,both_own,9,0,1,38,0.12459016393442623
honest,attenuated,1.5,both_own,9,0,2,1,0.003278688524590164
honest,attenuated,1.5,both_own,9,1,0,47,0.27325581395348836
honest,attenuated,1.5,both_own,9,1,1,124,0.7209302325581395
honest,attenuated,1.5,both_own,9,1,2,1,0.005813953488372093
honest,attenuated,1.5,both_own,9,2,0,0,
honest,attenuated,1.5,both_own,9,2,1,0,
honest,attenuated,1.5,both_own,9,2,2,0,
honest,attenuated,1.5,both_own,10,0,0,264,0.8434504792332268
honest,attenuated,1.5,both_own,10,0,1,49,0.15654952076677317
honest,attenuated,1.5,both_own,10,0,2,0,0.0
honest,attenuated,1.5,both_own,10,1,0,57,0.35185185185185186
honest,attenuated,1.5,both_own,10,1,1,105,0.6481481481481481
honest,attenuated,1.5,both_own,10,1,2,0,0.0
honest,attenuated,1.5,both_own,10,2,0,2,1.0
honest,attenuated,1.5,both_own,10,2,1,0,0.0
honest,attenuated,1.5,both_own,10,2,2,0,0.0
honest,attenuated,1.5,both_own,11,0,0,261,0.8080495356037152
honest,attenuated,1.5,both_own,11,0,1,62,0.19195046439628483
honest,attenuated,1.5,both_own,11,0,2,0,0.0
honest,attenuated,1.5,both_own,11,1,0,41,0.2662337662337662
honest,attenuated,1.5,both_own,11,1,1,113,0.7337662337662337
honest,attenuated,1.5,both_own,11,1,2,0,0.0
honest,attenuated,1.5,both_own,11,2,0,0,
honest,attenuated,1.5,both_own,11,2,1,0,
honest,attenuated,1.5,both_own,11,2,2,0,
honest,attenuated,1.5,both_own,12,0,0,254,0.8410596026490066
honest,attenuated,1.5,both_own,12,0,1,48,0.15894039735099338
honest,attenuated,1.5,both_own,12,0,2,0,0.0
honest,attenuated,1.5,both_own,12,1,0,50,0.2857142857142857
honest,attenuated,1.5,both_own,12,1,1,125,0.7142857142857143
honest,attenuated,1.5,both_own,12,1,2,0,0.0
honest,attenuated,1.5,both_own,12,2,0,0,
honest,attenuated,1.5,both_own,12,2,1,0,
honest,attenuated,1.5,both_own,12,2,2,0,
honest,attenuated,1.5,both_own,13,0,0,255,0.8388157894736842
honest,attenuated,1.5,both_own,13,0,1,49,0.1611842105263158
honest,attenuated,1.5,both_own,13,0,2,0,0.0
honest,attenuated,1.5,both_own,13,1,0,35,0.2023121387283237
honest,attenuated,1.5,both_own,13,1,1,138,0.7976878612716763
honest,attenuated,1.5,both_own,13,1,2,0,0.0
honest,attenuated,1.5,both_own,13,2,0,0,
honest,attenuated,1.5,both_own,13,2,1,0,
honest,attenuated,1.5,both_own,13,2,2,0,
honest,attenuated,1.5,both_own,14,0,0,248,0.8551724137931035
honest,attenuated,1.5,both_own,14,0,1,42,0.14482758620689656
honest,attenuated,1.5,both_own,14,0,2,0,0.0
honest,attenuated,1.5,both_own,14,1,0,48,0.25668449197860965
honest,attenuated,1.5,both_own,14,1,1,139,0.7433155080213903
honest,attenuated,1.5,both_own,14,1,2,0,0.0
honest,attenuated,1.5,both_own,14,2,0,0,
honest,attenuated,1.5,both_own,14,2,1,0,
honest,attenuated,1.5,both_own,14,2,2,0,
honest,attenuated,1.5,both_own,15,0,0,247,0.8344594594594594
honest,attenuated,1.5,both_own,15,0,1,49,0.16554054054054054
honest,attenuated,1.5,both_own,15,0,2,0,0.0
honest,attenuated,1.5,both_own,15,1,0,51,0.281767955801105
honest,attenuated,1.5,both_own,15,1,1,129,0.712707182320442
honest,attenuated,1.5,both_own,15,1,2,1,0.0055248618784530384
honest,attenuated,1.5,both_own,15,2,0,0,
honest,attenuated,1.5,both_own,15,2,1,0,
honest,attenuated,1.5,both_own,15,2,2,0,
honest,attenuated,1.5,both_own,16,0,0,246,0.825503355704698
honest,attenuated,1.5,both_own,16,0,1,52,0.174496644295302
honest,attenuated,1.5,both_own,16,0,2,0,0.0
honest,attenuated,1.5,both_own,16,1,0,47,0.2640449438202247
honest,attenuated,1.5,both_own,16,1,1,131,0.7359550561797753
honest,attenuated,1.5,both_own,16,1,2,0,0.0
honest,attenuated,1.5,both_own,16,2,0,0,0.0
honest,attenuated,1.5,both_own,16,2,1,1,1.0
honest,attenuated,1.5,both_own,16,2,2,0,0.0
honest,attenuated,1.5,both_own,17,0,0,239,0.8156996587030717
honest,attenuated,1.5,both_own,17,0,1,54,0.18430034129692832
honest,attenuated,1.5,both_own,17,0,2,0,0.0
honest,attenuated,1.5,both_own,17,1,0,60,0.32608695652173914
honest,attenuated,1.5,both_own,17,1,1,124,0.6739130434782609
honest,attenuated,1.5,both_own,17,1,2,0,0.0
honest,attenuated,1.5,both_own,17,2,0,0,
honest,attenuated,1.5,both_own,17,2,1,0,
honest,attenuated,1.5,both_own,17,2,2,0,
honest,attenuated,1.5,both_own,18,0,0,239,0.7993311036789298
honest,attenuated,1.5,both_own,18,0,1,59,0.19732441471571907
honest,attenuated,1.5,both_own,18,0,2,1,0.0033444816053511705
honest,attenuated,1.5,both_own,18,1,0,47,0.2640449438202247
honest,attenuated,1.5,both_own,18,1,1,131,0.7359550561797753
honest,attenuated,1.5,both_own,18,1,2,0,0.0
honest,attenuated,1.5,both_own,18,2,0,0,
honest,attenuated,1.5,both_own,18,2,1,0,
honest,attenuated,1.5,both_own,18,2,2,0,
honest,attenuated,1.5,both_own,19,0,0,237,0.8286713286713286
honest,attenuated,1.5,both_own,19,0,1,49,0.17132867132867133
honest,attenuated,1.5,both_own,19,0,2,0,0.0
honest,attenuated,1.5,both_own,19,1,0,47,0.24736842105263157
honest,attenuated,1.5,both_own,19,1,1,142,0.7473684210526316
honest,attenuated,1.5,both_own,19,1,2,1,0.005263157894736842
honest,attenuated,1.5,both_own,19,2,0,1,1.0
honest,attenuated,1.5,both_own,19,2,1,0,0.0
honest,attenuated,1.5,both_own,19,2,2,0,0.0
honest,attenuated,1.5,both_own,20,0,0,236,0.8280701754385965
honest,attenuated,1.5,both_own,20,0,1,49,0.17192982456140352
honest,attenuated,1.5,both_own,20,0,2,0,0.0
honest,attenuated,1.5,both_own,20,1,0,58,0.3036649214659686
honest,attenuated,1.5,both_own,20,1,1,133,0.6963350785340314
honest,attenuated,1.5,both_own,20,1,2,0,0.0
honest,attenuated,1.5,both_own,20,2,0,0,0.0
honest,attenuated,1.5,both_own,20,2,1,1,1.0
honest,attenuated,1.5,both_own,20,2,2,0,0.0
honest,attenuated,1.5,both_own,21,0,0,227,0.7721088435374149
honest,attenuated,1.5,both_own,21,0,1,67,0.22789115646258504
honest,attenuated,1.5,both_own,21,0,2,0,0.0
honest,attenuated,1.5,both_own,21,1,0,48,0.26229508196721313
honest,attenuated,1.5,both_own,21,1,1,134,0.73224043715847
honest,attenuated,1.5,both_own,21,1,2,1,0.00546448087431694
honest,attenuated,1.5,both_own,21,2,0,0,
honest,attenuated,1.5,both_own,21,2,1,0,
honest,attenuated,1.5,both_own,21,2,2,0,
honest,attenuated,1.5,both_own,22,0,0,221,0.8036363636363636
honest,attenuated,1.5,both_own,22,0,1,54,0.19636363636363635
honest,attenuated,1.5,both_own,22,0,2,0,0.0
honest,attenuated,1.5,both_own,22,1,0,64,0.31840796019900497
honest,attenuated,1.5,both_own,22,1,1,136,0.6766169154228856
honest,attenuated,1.5,both_own,22,1,2,1,0.004975124378109453
honest,attenuated,1.5,both_own,22,2,0,0,0.0
honest,attenuated,1.5,both_own,22,2,1,1,1.0
honest,attenuated,1.5,both_own,22,2,2,0,0.0
honest,attenuated,1.5,both_own,23,0,0,219,0.7684210526315789
honest,attenuated,1.5,both_own,23,0,1,65,0.22807017543859648
honest,attenuated,1.5,both_own,23,0,2,1,0.0035087719298245615
honest,attenuated,1.5,both_own,23,1,0,49,0.25654450261780104
honest,attenuated,1.5,both_own,23,1,1,140,0.7329842931937173
honest,attenuated,1.5,both_own,23,1,2,2,0.010471204188481676
honest,attenuated,1.5,both_own,23,2,0,1,1.0
honest,attenuated,1.5,both_own,23,2,1,0,0.0
honest,attenuated,1.5,both_own,23,2,2,0,0.0
honest,attenuated,1.5,both_own,0,0,0,6084,0.8302401746724891
honest,attenuated,1.5,both_own,0,0,1,1241,0.1693504366812227
honest,attenuated,1.5,both_own,0,0,2,3,0.0004093886462882096
honest,attenuated,1.5,both_own,0,1,0,1035,0.28473177441540576
honest,attenuated,1.5,both_own,0,1,1,2592,0.7130674002751032
honest,attenuated,1.5,both_own,0,1,2,8,0.002200825309491059
honest,attenuated,1.5,both_own,0,2,0,5,0.625
honest,attenuated,1.5,both_own,0,2,1,3,0.375
honest,attenuated,1.5,both_own,0,2,2,0,0.0
honest,costly,1.5,all,1,0,0,1110,0.8699059561128527
honest,costly,1.5,all,1,0,1,166,0.13009404388714735
honest,costly,1.5,all,1,0,2,0,0.0
honest,costly,1.5,all,1,1,0,44,0.06077348066298342
honest,costly,1.5,all,1,1,1,680,0.9392265193370166
honest,costly,1.5,all,1,1,2,0,0.0
honest,costly,1.5,all,1,2,0,0,
honest,costly,1.5,all,1,2,1,0,
honest,costly,1.5,all,1,2,2,0,
honest,costly,1.5,all,2,0,0,1053,0.912478336221837
honest,costly,1.5,all,2,0,1,101,0.08752166377816291
honest,costly,1.5,all,2,0,2,0,0.0
honest,costly,1.5,all,2,1,0,75,0.08865248226950355
honest,costly,1.5,all,2,1,1,771,0.9113475177304965
honest,costly,1.5,all,2,1,2,0,0.0
honest,costly,1.5,all,2,2,0,0,
honest,costly,1.5,all,2,2,1,0,
honest,costly,1.5,all,2,2,2,0,
honest,costly,1.5,all,3,0,0,1043,0.924645390070922
honest,costly,1.5,all,3,0,1,85,0.07535460992907801
honest,costly,1.5,all,3,0,2,0,0.0
honest,costly,1.5,all,3,1,0,74,0.08486238532110092
honest,costly,1.5,all,3,1,1,798,0.9151376146788991
honest,costly,1.5,all,3,1,2,0,0.0
honest,costly,1.5,all,3,2,0,0,
honest,costly,1.5,all,3,2,1,0,
honest,costly,1.5,all,3,2,2,0,
honest,costly,1.5,all,4,0,0,1047,0.937332139659803
honest,costly,1.5,all,4,0,1,70,0.06266786034019696
honest,costly,1.5,all,4,0,2,0,0.0
honest,costly,1.5,all,4,1,0,64,0.072480181200453
honest,costly,1.5,all,4,1,1,819,0.927519818799547
honest,costly,1.5,all,4,1,2,0,0.0
honest,costly,1.5,all,4,2,0,0,
honest,costly,1.5,all,4,2,1,0,
honest,costly,1.5,all,4,2,2,0,
honest,costly,1.5,all,5,0,0,1034,0.9306930693069307
honest,costly,1.5,all,5,0,1,77,0.06930693069306931
honest,costly,1.5,all,5,0,2,0,0.0
honest,costly,1.5,all,5,1,0,59,0.06636670416197975
honest,costly,1.5,all,5,1,1,830,0.9336332958380202
honest,costly,1.5,all,5,1,2,0,0.0
honest,costly,1.5,all,5,2,0,0,
honest,costly,1.5,all,5,2,1,0,
honest,costly,1.5,all,5,2,2,0,
honest,costly,1.5,all,6,0,0,1023,0.9359560841720037
honest,costly,1.5,all,6,0,1,70,0.06404391582799634
honest,costly,1.5,all,6,0,2,0,0.0
honest,costly,1.5,all,6,1,0,68,0.07497243660418963
honest,costly,1.5,all,6,1,1,839,0.9250275633958104
honest,costly,1.5,all,6,1,2,0,0.0
honest,costly,1.5,all,6,2,0,0,
honest,costly,1.5,all,6,2,1,0,
honest,costly,1.5,all,6,2,2,0,
honest,costly,1.5,all,7,0,0,1019,0.9340054995417049
honest,costly,1.5,all,7,0,1,72,0.06599450045829514
honest,costly,1.5,all,7,0,2,0,0.0
honest,costly,1.5,all,7,1,0,75,0.08250825082508251
honest,costly,1.5,all,7,1,1,834,0.9174917491749175
honest,costly,1.5,all,7,1,2,0,0.0
honest,costly,1.5,all,7,2,0,0,
honest,costly,1.5,all,7,2,1,0,
honest,costly,1.5,all,7,2,2,0,
honest,costly,1.5,all,8,0,0,1031,0.9424131627056673
honest,costly,1.5,all,8,0,1,63,0.05758683729433273
honest,costly,1.5,all,8,0,2,0,0.0
honest,costly,1.5,all,8,1,0,58,0.0640176600441501
honest,costly,1.5,all,8,1,1,848,0.9359823399558499
honest,costly,1.5,all,8,1,2,0,0.0
honest,costly,1.5,all,8,2,0,0,
honest,costly,1.5,all,8,2,1,0,
honest,costly,1.5,all,8,2,2,0,
honest,costly,1.5,all,9,0,0,1019,0.9357208448117539
honest,costly,1.5,all,9,0,1,70,0.0642791551882461
honest,costly,1.5,all,9,0,2,0,0.0
honest,costly,1.5,all,9,1,0,63,0.06915477497255763
honest,costly,1.5,all,9,1,1,848,0.9308452250274424
honest,costly,1.5,all,9,1,2,0,0.0
honest,costly,1.5,all,9,2,0,0,
honest,costly,1.5,all,9,2,1,0,
honest,costly,1.5,all,9,2,2,0,
honest,costly,1.5,all,10,0,0,1007,0.9306839186691312
honest,costly,1.5,all,10,0,1,75,0.06931608133086876
honest,costly,1.5,all,10,0,2,0,0.0
honest,costly,1.5,all,10,1,0,76,0.08278867102396514
honest,costly,1.5,all,10,1,1,842,0.9172113289760349
honest,costly,1.5,all,10,1,2,0,0.0
honest,costly,1.5,all,10,2,0,0,
honest,costly,1.5,all,10,2,1,0,
honest,costly,1.5,all,10,2,2,0,
honest,costly,1.5,all,11,0,0,1020,0.9418282548476454
honest,costly,1.5,all,11,0,1,63,0.05817174515235457
honest,costly,1.5,all,11,0,2,0,0.0
honest,costly,1.5,all,11,1,0,68,0.07415485278080698
honest,costly,1.5,all,11,1,1,849,0.925845147219193
honest,costly,1.5,all,11,1,2,0,0.0
honest,costly,1.5,all,11,2,0,0,
honest,costly,1.5,all,11,2,1,0,
honest,costly,1.5,all,11,2,2,0,
honest,costly,1.5,all,12,0,0,1020,0.9375
honest,costly,1.5,all,12,0,1,68,0.0625
honest,costly,1.5,all,12,0,2,0,0.0
honest,costly,1.5,all,12,1,0,67,0.07346491228070176
honest,costly,1.5,all,12,1,1,845,0.9265350877192983
honest,costly,1.5,all,12,1,2,0,0.0
honest,costly,1.5,all,12,2,0,0,
honest,costly,1.5,all,12,2,1,0,
honest,costly,1.5,all,12,2,2,0,
honest,costly,1.5,all,13,0,0,1016,0.9346826126954921
honest,costly,1.5,all,13,0,1,71,0.06531738730450783
honest,costly,1.5,all,13,0,2,0,0.0
honest,costly,1.5,all,13,1,0,60,0.06571741511500548
honest,costly,1.5,all,13,1,1,853,0.9342825848849945
honest,costly,1.5,all,13,1,2,0,0.0
honest,costly,1.5,all,13,2,0,0,
honest,costly,1.5,all,13,2,1,0,
honest,costly,1.5,all,13,2,2,0,
honest,costly,1.5,all,14,0,0,1008,0.9368029739776952
honest,costly,1.5,all,14,0,1,68,0.06319702602230483
honest,costly,1.5,all,14,0,2,0,0.0
honest,costly,1.5,all,14,1,0,69,0.07467532467532467
honest,costly,1.5,all,14,1,1,855,0.9253246753246753
honest,costly,1.5,all,14,1,2,0,0.0
honest,costly,1.5,all,14,2,0,0,
honest,costly,1.5,all,14,2,1,0,
honest,costly,1.5,all,14,2,2,0,
honest,costly,1.5,all,15,0,0,994,0.9229340761374187
honest,costly,1.5,all,15,0,1,83,0.07706592386258125
honest,costly,1.5,all,15,0,2,0,0.0
honest,costly,1.5,all,15,1,0,75,0.08125677139761647
honest,costly,1.5,all,15,1,1,848,0.9187432286023836
honest,costly,1.5,all,15,1,2,0,0.0
honest,costly,1.5,all,15,2,0,0,
honest,costly,1.5,all,15,2,1,0,
honest,costly,1.5,all,15,2,2,0,
honest,costly,1.5,all,16,0,0,997,0.9326473339569691
honest,costly,1.5,all,16,0,1,72,0.06735266604303088
honest,costly,1.5,all,16,0,2,0,0.0
honest,costly,1.5,all,16,1,0,80,0.08592910848549946
honest,costly,1.5,all,16,1,1,851,0.9140708915145005
honest,costly,1.5,all,16,1,2,0,0.0
honest,costly,1.5,all,16,2,0,0,
honest,costly,1.5,all,16,2,1,0,
honest,costly,1.5,all,16,2,2,0,
honest,costly,1.5,all,17,0,0,1012,0.9396471680594243
honest,costly,1.5,all,17,0,1,65,0.060352831940575676
honest,costly,1.5,all,17,0,2,0,0.0
honest,costly,1.5,all,17,1,0,80,0.0866738894907909
honest,costly,1.5,all,17,1,1,843,0.9133261105092091
honest,costly,1.5,all,17,1,2,0,0.0
honest,costly,1.5,all,17,2,0,0,
honest,costly,1.5,all,17,2,1,0,
honest,costly,1.5,all,17,2,2,0,
honest,costly,1.5,all,18,0,0,1027,0.9404761904761905
honest,costly,1.5,all,18,0,1,65,0.05952380952380952
honest,costly,1.5,all,18,0,2,0,0.0
honest,costly,1.5,all,18,1,0,60,0.06607929515418502
honest,costly,1.5,all,18,1,1,848,0.933920704845815
honest,costly,1.5,all,18,1,2,0,0.0
honest,costly,1.5,all,18,2,0,0,
honest,costly,1.5,all,18,2,1,0,
honest,costly,1.5,all,18,2,2,0,
honest,costly,1.5,all,19,0,0,1017,0.9356025758969642
honest,costly,1.5,all,19,0,1,70,0.06439742410303588
honest,costly,1.5,all,19,0,2,0,0.0
honest,costly,1.5,all,19,1,0,59,0.06462212486308871
honest,costly,1.5,all,19,1,1,854,0.9353778751369113
honest,costly,1.5,all,19,1,2,0,0.0
honest,costly,1.5,all,19,2,0,0,
honest,costly,1.5,all,19,2,1,0,
honest,costly,1.5,all,19,2,2,0,
honest,costly,1.5,all,20,0,0,1003,0.9321561338289963
honest,costly,1.5,all,20,0,1,73,0.06784386617100371
honest,costly,1.5,all,20,0,2,0,0.0
honest,costly,1.5,all,20,1,0,76,0.08225108225108226
honest,costly,1.5,all,20,1,1,848,0.9177489177489178
honest,costly,1.5,all,20,1,2,0,0.0
honest,costly,1.5,all,20,2,0,0,
honest,costly,1.5,all,20,2,1,0,
honest,costly,1.5,all,20,2,2,0,
honest,costly,1.5,all,21,0,0,1006,0.9323447636700649
honest,costly,1.5,all,21,0,1,73,0.06765523632993513
honest,costly,1.5,all,21,0,2,0,0.0
honest,costly,1.5,all,21,1,0,68,0.0738327904451683
honest,costly,1.5,all,21,1,1,853,0.9261672095548317
honest,costly,1.5,all,21,1,2,0,0.0
honest,costly,1.5,all,21,2,0,0,
honest,costly,1.5,all,21,2,1,0,
honest,costly,1.5,all,21,2,2,0,
honest,costly,1.5,all,22,0,0,1008,0.9385474860335196
honest,costly,1.5,all,22,0,1,66,0.061452513966480445
honest,costly,1.5,all,22,0,2,0,0.0
honest,costly,1.5,all,22,1,0,73,0.07883369330453564
honest,costly,1.5,all,22,1,1,853,0.9211663066954644
honest,costly,1.5,all,22,1,2,0,0.0
honest,costly,1.5,all,22,2,0,0,
honest,costly,1.5,all,22,2,1,0,
honest,costly,1.5,all,22,2,2,0,
honest,costly,1.5,all,23,0,0,1004,0.9287696577243293
honest,costly,1.5,all,23,0,1,77,0.07123034227567067
honest,costly,1.5,all,23,0,2,0,0.0
honest,costly,1.5,all,23,1,0,74,0.08052230685527748
honest,costly,1.5,all,23,1,1,845,0.9194776931447225
honest,costly,1.5,all,23,1,2,0,0.0
honest,costly,1.5,all,23,2,0,0,
honest,costly,1.5,all,23,2,1,0,
honest,costly,1.5,all,23,2,2,0,
honest,costly,1.5,all,0,0,0,23518,0.9302638345002175
honest,costly,1.5,all,0,0,1,1763,0.06973616549978244
honest,costly,1.5,all,0,0,2,0,0.0
honest,costly,1.5,all,0,1,0,1565,0.07553453351995752
honest,costly,1.5,all,0,1,1,19154,0.9244654664800425
honest,costly,1.5,all,0,1,2,0,0.0
honest,costly,1.5,all,0,2,0,0,
honest,costly,1.5,all,0,2,1,0,
honest,costly,1.5,all,0,2,2,0,
honest,costly,1.5,both_own,1,0,0,416,0.8757894736842106
honest,costly,1.5,both_own,1,0,1,59,0.12421052631578948
honest,costly,1.5,both_own,1,0,2,0,0.0
honest,costly,1.5,both_own,1,1,0,2,1.0
honest,costly,1.5,both_own,1,1,1,0,0.0
honest,costly,1.5,both_own,1,1,2,0,0.0
honest,costly,1.5,both_own,1,2,0,0,
honest,costly,1.5,both_own,1,2,1,0,
honest,costly,1.5,both_own,1,2,2,0,
honest,costly,1.5,both_own,2,0,0,348,0.8325358851674641
honest,costly,1.5,both_own,2,0,1,70,0.1674641148325359
honest,costly,1.5,both_own,2,0,2,0,0.0
honest,costly,1.5,both_own,2,1,0,31,0.5254237288135594
honest,costly,1.5,both_own,2,1,1,28,0.4745762711864407
honest,costly,1.5,both_own,2,1,2,0,0.0
honest,costly,1.5,both_own,2,2,0,0,
honest,costly,1.5,both_own,2,2,1,0,
honest,costly,1.5,both_own,2,2,2,0,
honest,costly,1.5,both_own,3,0,0,324,0.8548812664907651
honest,costly,1.5,both_own,3,0,1,55,0.14511873350923482
honest,costly,1.5,both_own,3,0,2,0,0.0
honest,costly,1.5,both_own,3,1,0,32,0.32653061224489793
honest,costly,1.5,both_own,3,1,1,66,0.673469387755102
honest,costly,1.5,both_own,3,1,2,0,0.0
honest,costly,1.5,both_own,3,2,0,0,
honest,costly,1.5,both_own,3,2,1,0,
honest,costly,1.5,both_own,3,2,2,0,
honest,costly,1.5,both_own,4,0,0,317,0.8904494382022472
honest,costly,1.5,both_own,4,0,1,39,0.10955056179775281
honest,costly,1.5,both_own,4,0,2,0,0.0
honest,costly,1.5,both_own,4,1,0,36,0.2975206611570248
honest,costly,1.5,both_own,4,1,1,85,0.7024793388429752
honest,costly,1.5,both_own,4,1,2,0,0.0
honest,costly,1.5,both_own,4,2,0,0,
honest,costly,1.5,both_own,4,2,1,0,
honest,costly,1.5,both_own,4,2,2,0,
honest,costly,1.5,both_own,5,0,0,313,0.886685552407932
honest,costly,1.5,both_own,5,0,1,40,0.11331444759206799
honest,costly,1.5,both_own,5,0,2,0,0.0
honest,costly,1.5,both_own,5,1,0,33,0.2661290322580645
honest,costly,1.5,both_own,5,1,1,91,0.7338709677419355
honest,costly,1.5,both_own,5,1,2,0,0.0
honest,costly,1.5,both_own,5,2,0,0,
honest,costly,1.5,both_own,5,2,1,0,
honest,costly,1.5,both_own,5,2,2,0,
honest,costly,1.5,both_own,6,0,0,313,0.9046242774566474
honest,costly,1.5,both_own,6,0,1,33,0.0953757225433526
honest,costly,1.5,both_own,6,0,2,0,0.0
honest,costly,1.5,both_own,6,1,0,35,0.26717557251908397
honest,costly,1.5,both_own,6,1,1,96,0.732824427480916
honest,costly,1.5,both_own,6,1,2,0,0.0
honest,costly,1.5,both_own,6,2,0,0,
honest,costly,1.5,both_own,6,2,1,0,
honest,costly,1.5,both_own,6,2,2,0,
honest,costly,1.5,both_own,7,0,0,309,0.8879310344827587
honest,costly,1.5,both_own,7,0,1,39,0.11206896551724138
honest,costly,1.5,both_own,7,0,2,0,0.0
honest,costly,1.5,both_own,7,1,0,33,0.2558139534883721
honest,costly,1.5,both_own,7,1,1,96,0.7441860465116279
honest,costly,1.5,both_own,7,1,2,0,0.0
honest,costly,1.5,both_own,7,2,0,0,
honest,costly,1.5,both_own,7,2,1,0,
honest,costly,1.5,both_own,7,2,2,0,
honest,costly,1.5,both_own,8,0,0,307,0.8976608187134503
honest,costly,1.5,both_own,8,0,1,35,0.1023391812865497
honest,costly,1.5,both_own,8,0,2,0,0.0
honest,costly,1.5,both_own,8,1,0,25,0.18518518518518517
honest,costly,1.5,both_own,8,1,1,110,0.8148148148148148
honest,costly,1.5,both_own,8,1,2,0,0.0
honest,costly,1.5,both_own,8,2,0,0,
honest,costly,1.5,both_own,8,2,1,0,
honest,costly,1.5,both_own,8,2,2,0,
honest,costly,1.5,both_own,9,0,0,302,0.9096385542168675
honest,costly,1.5,both_own,9,0,1,30,0.09036144578313253
honest,costly,1.5,both_own,9,0,2,0,0.0
honest,costly,1.5,both_own,9,1,0,35,0.2413793103448276
honest,costly,1.5,both_own,9,1,1,110,0.7586206896551724
honest,costly,1.5,both_own,9,1,2,0,0.0
honest,costly,1.5,both_own,9,2,0,0,
honest,costly,1.5,both_own,9,2,1,0,
honest,costly,1.5,both_own,9,2,2,0,
honest,costly,1.5,both_own,10,0,0,302,0.8961424332344213
honest,costly,1.5,both_own,10,0,1,35,0.10385756676557864
honest,costly,1.5,both_own,10,0,2,0,0.0
honest,costly,1.5,both_own,10,1,0,42,0.3
honest,costly,1.5,both_own,10,1,1,98,0.7
honest,costly,1.5,both_own,10,1,2,0,0.0
honest,costly,1.5,both_own,10,2,0,0,
honest,costly,1.5,both_own,10,2,1,0,
honest,costly,1.5,both_own,10,2,2,0,
honest,costly,1.5,both_own,11,0,0,301,0.875
honest,costly,1.5,both_own,11,0,1,43,0.125
honest,costly,1.5,both_own,11,0,2,0,0.0
honest,costly,1.5,both_own,11,1,0,32,0.24060150375939848
honest,costly,1.5,both_own,11,1,1,101,0.7593984962406015
honest,costly,1.5,both_own,11,1,2,0,0.0
honest,costly,1.5,both_own,11,2,0,0,
honest,costly,1.5,both_own,11,2,1,0,
honest,costly,1.5,both_own,11,2,2,0,
honest,costly,1.5,both_own,12,0,0,292,0.8768768768768769
honest,costly,1.5,both_own,12,0,1,41,0.12312312312312312
honest,costly,1.5,both_own,12,0,2,0,0.0
honest,costly,1.5,both_own,12,1,0,35,0.24305555555555555
honest,costly,1.5,both_own,12,1,1,109,0.7569444444444444
honest,costly,1.5,both_own,12,1,2,0,0.0
honest,costly,1.5,both_own,12,2,0,0,
honest,costly,1.5,both_own,12,2,1,0,
honest,costly,1.5,both_own,12,2,2,0,
honest,costly,1.5,both_own,13,0,0,294,0.8990825688073395
honest,costly,1.5,both_own,13,0,1,33,0.10091743119266056
honest,costly,1.5,both_own,13,0,2,0,0.0
honest,costly,1.5,both_own,13,1,0,30,0.2
honest,costly,1.5,both_own,13,1,1,120,0.8
honest,costly,1.5,both_own,13,1,2,0,0.0
honest,costly,1.5,both_own,13,2,0,0,
honest,costly,1.5,both_own,13,2,1,0,
honest,costly,1.5,both_own,13,2,2,0,
honest,costly,1.5,both_own,14,0,0,291,0.8981481481481481
honest,costly,1.5,both_own,14,0,1,33,0.10185185185185185
honest,costly,1.5,both_own,14,0,2,0,0.0
honest,costly,1.5,both_own,14,1,0,35,0.22875816993464052
honest,costly,1.5,both_own,14,1,1,118,0.7712418300653595
honest,costly,1.5,both_own,14,1,2,0,0.0
honest,costly,1.5,both_own,14,2,0,0,
honest,costly,1.5,both_own,14,2,1,0,
honest,costly,1.5,both_own,14,2,2,0,
honest,costly,1.5,both_own,15,0,0,287,0.8803680981595092
honest,costly,1.5,both_own,15,0,1,39,0.1196319018404908
honest,costly,1.5,both_own,15,0,2,0,0.0
honest,costly,1.5,both_own,15,1,0,43,0.2847682119205298
honest,costly,1.5,both_own,15,1,1,108,0.7152317880794702
honest,costly,1.5,both_own,15,1,2,0,0.0
honest,costly,1.5,both_own,15,2,0,0,
honest,costly,1.5,both_own,15,2,1,0,
honest,costly,1.5,both_own,15,2,2,0,
honest,costly,1.5,both_own,16,0,0,290,0.8787878787878788
honest,costly,1.5,both_own,16,0,1,40,0.12121212121212122
honest,costly,1.5,both_own,16,0,2,0,0.0
honest,costly,1.5,both_own,16,1,0,39,0.2653061224489796
honest,costly,1.5,both_own,16,1,1,108,0.7346938775510204
honest,costly,1.5,both_own,16,1,2,0,0.0
honest,costly,1.5,both_own,16,2,0,0,
honest,costly,1.5,both_own,16,2,1,0,
honest,costly,1.5,both_own,16,2,2,0,
honest,costly,1.5,both_own,17,0,0,289,0.878419452887538
honest,costly,1.5,both_own,17,0,1,40,0.12158054711246201
honest,costly,1.5,both_own,17,0,2,0,0.0
honest,costly,1.5,both_own,17,1,0,41,0.27702702702702703
honest,costly,1.5,both_own,17,1,1,107,0.722972972972973
honest,costly,1.5,both_own,17,1,2,0,0.0
honest,costly,1.5,both_own,17,2,0,0,
honest,costly,1.5,both_own,17,2,1,0,
honest,costly,1.5,both_own,17,2,2,0,
honest,costly,1.5,both_own,18,0,0,296,0.896969696969697
honest,costly,1.5,both_own,18,0,1,34,0.10303030303030303
honest,costly,1.5,both_own,18,0,2,0,0.0
honest,costly,1.5,both_own,18,1,0,33,0.22448979591836735
honest,costly,1.5,both_own,18,1,1,114,0.7755102040816326
honest,costly,1.5,both_own,18,1,2,0,0.0
honest,costly,1.5,both_own,18,2,0,0,
honest,costly,1.5,both_own,18,2,1,0,
honest,costly,1.5,both_own,18,2,2,0,
honest,costly,1.5,both_own,19,0,0,292,0.8875379939209727
honest,costly,1.5,both_own,19,0,1,37,0.11246200607902736
honest,costly,1.5,both_own,19,0,2,0,0.0
honest,costly,1.5,both_own,19,1,0,29,0.19594594594594594
honest,costly,1.5,both_own,19,1,1,119,0.8040540540540541
honest,costly,1.5,both_own,19,1,2,0,0.0
honest,costly,1.5,both_own,19,2,0,0,
honest,costly,1.5,both_own,19,2,1,0,
honest,costly,1.5,both_own,19,2,2,0,
honest,costly,1.5,both_own,20,0,0,289,0.9003115264797508
honest,costly,1.5,both_own,20,0,1,32,0.09968847352024922
honest,costly,1.5,both_own,20,0,2,0,0.0
honest,costly,1.5,both_own,20,1,0,43,0.27564102564102566
honest,costly,1.5,both_own,20,1,1,113,0.7243589743589743
honest,costly,1.5,both_own,20,1,2,0,0.0
honest,costly,1.5,both_own,20,2,0,0,
honest,costly,1.5,both_own,20,2,1,0,
honest,costly,1.5,both_own,20,2,2,0,
honest,costly,1.5,both_own,21,0,0,289,0.8704819277108434
honest,costly,1.5,both_own,21,0,1,43,0.12951807228915663
honest,costly,1.5,both_own,21,0,2,0,0.0
honest,costly,1.5,both_own,21,1,0,37,0.25517241379310346
honest,costly,1.5,both_own,21,1,1,108,0.7448275862068966
honest,costly,1.5,both_own,21,1,2,0,0.0
honest,costly,1.5,both_own,21,2,0,0,
honest,costly,1.5,both_own,21,2,1,0,
honest,costly,1.5,both_own,21,2,2,0,
honest,costly,1.5,both_own,22,0,0,291,0.8926380368098159
honest,costly,1.5,both_own,22,0,1,35,0.10736196319018405
honest,costly,1.5,both_own,22,0,2,0,0.0
honest,costly,1.5,both_own,22,1,0,40,0.26490066225165565
honest,costly,1.5,both_own,22,1,1,111,0.7350993377483444
honest,costly,1.5,both_own,22,1,2,0,0.0
honest,costly,1.5,both_own,22,2,0,0,
honest,costly,1.5,both_own,22,2,1,0,
honest,costly,1.5,both_own,22,2,2,0,
honest,costly,1.5,both_own,23,0,0,291,0.879154078549849
honest,costly,1.5,both_own,23,0,1,40,0.12084592145015106
honest,costly,1.5,both_own,23,0,2,0,0.0
honest,costly,1.5,both_own,23,1,0,33,0.22602739726027396
honest,costly,1.5,both_own,23,1,1,113,0.773972602739726
honest,costly,1.5,both_own,23,1,2,0,0.0
honest,costly,1.5,both_own,23,2,0,0,
honest,costly,1.5,both_own,23,2,1,0,
honest,costly,1.5,both_own,23,2,2,0,
honest,costly,1.5,both_own,0,0,0,7043,0.8839106425702812
honest,costly,1.5,both_own,0,0,1,925,0.11608935742971888
honest,costly,1.5,both_own,0,0,2,0,0.0
honest,costly,1.5,both_own,0,1,0,774,0.25774225774225773
honest,costly,1.5,both_own,0,1,1,2229,0.7422577422577422
honest,costly,1.5,both_own,0,1,2,0,0.0
honest,costly,1.5,both_own,0,2,0,0,
honest,costly,1.5,both_own,0,2,1,0,
honest,costly,1.5,both_own,0,2,2,0,
honest,mixed,1.5,all,1,0,0,706,0.6914789422135161
honest,mixed,1.5,all,1,0,1,314,0.30754162585700295
honest,mixed,1.5,all,1,0,2,1,0.0009794319294809011
honest,mixed,1.5,all,1,1,0,171,0.17574511819116137
honest,mixed,1.5,all,1,1,1,802,0.8242548818088387
honest,mixed,1.5,all,1,1,2,0,0.0
honest,mixed,1.5,all,1,2,0,5,0.8333333333333334
honest,mixed,1.5,all,1,2,1,1,0.16666666666666666
honest,mixed,1.5,all,1,2,2,0,0.0
honest,mixed,1.5,all,2,0,0,642,0.7278911564625851
honest,mixed,1.5,all,2,0,1,240,0.272108843537415
honest,mixed,1.5,all,2,0,2,0,0.0
honest,mixed,1.5,all,2,1,0,227,0.20322291853178157
honest,mixed,1.5,all,2,1,1,890,0.7967770814682185
honest,mixed,1.5,all,2,1,2,0,0.0
honest,mixed,1.5,all,2,2,0,1,1.0
honest,mixed,1.5,all,2,2,1,0,0.0
honest,mixed,1.5,all,2,2,2,0,0.0
honest,mixed,1.5,all,3,0,0,606,0.696551724137931
honest,mixed,1.5,all,3,0,1,264,0.30344827586206896
honest,mixed,1.5,all,3,0,2,0,0.0
honest,mixed,1.5,all,3,1,0,221,0.19557522123893806
honest,mixed,1.5,all,3,1,1,909,0.804424778761062
honest,mixed,1.5,all,3,1,2,0,0.0
honest,mixed,1.5,all,3,2,0,0,
honest,mixed,1.5,all,3,2,1,0,
honest,mixed,1.5,all,3,2,2,0,
honest,mixed,1.5,all,4,0,0,585,0.7073760580411125
honest,mixed,1.5,all,4,0,1,242,0.2926239419588875
honest,mixed,1.5,all,4,0,2,0,0.0
honest,mixed,1.5,all,4,1,0,224,0.19096334185848252
honest,mixed,1.5,all,4,1,1,949,0.8090366581415175
honest,mixed,1.5,all,4,1,2,0,0.0
honest,mixed,1.5,all,4,2,0,0,
honest,mixed,1.5,all,4,2,1,0,
honest,mixed,1.5,all,4,2,2,0,
honest,mixed,1.5,all,5,0,0,578,0.7144622991347342
honest,mixed,1.5,all,5,0,1,231,0.28553770086526575
honest,mixed,1.5,all,5,0,2,0,0.0
honest,mixed,1.5,all,5,1,0,236,0.19815281276238456
honest,mixed,1.5,all,5,1,1,955,0.8018471872376155
honest,mixed,1.5,all,5,1,2,0,0.0
honest,mixed,1.5,all,5,2,0,0,
honest,mixed,1.5,all,5,2,1,0,
honest,mixed,1.5,all,5,2,2,0,
honest,mixed,1.5,all,6,0,0,569,0.699017199017199
honest,mixed,1.5,all,6,0,1,245,0.300982800982801
honest,mixed,1.5,all,6,0,2,0,0.0
honest,mixed,1.5,all,6,1,0,223,0.18802698145025296
honest,mixed,1.5,all,6,1,1,963,0.811973018549747
honest,mixed,1.5,all,6,1,2,0,0.0
honest,mixed,1.5,all,6,2,0,0,
honest,mixed,1.5,all,6,2,1,0,
honest,mixed,1.5,all,6,2,2,0,
honest,mixed,1.5,all,7,0,0,564,0.7121212121212122
honest,mixed,1.5,all,7,0,1,228,0.2878787878787879
honest,mixed,1.5,all,7,0,2,0,0.0
honest,mixed,1.5,all,7,1,0,220,0.18211920529801323
honest,mixed,1.5,all,7,1,1,988,0.8178807947019867
honest,mixed,1.5,all,7,1,2,0,0.0
honest,mixed,1.5,all,7,2,0,0,
honest,mixed,1.5,all,7,2,1,0,
honest,mixed,1.5,all,7,2,2,0,
honest,mixed,1.5,all,8,0,0,542,0.6913265306122449
honest,mixed,1.5,all,8,0,1,242,0.3086734693877551
honest,mixed,1.5,all,8,0,2,0,0.0
honest,mixed,1.5,all,8,1,0,223,0.18338815789473684
honest,mixed,1.5,all,8,1,1,993,0.8166118421052632
honest,mixed,1.5,all,8,1,2,0,0.0
honest,mixed,1.5,all,8,2,0,0,
honest,mixed,1.5,all,8,2,1,0,
honest,mixed,1.5,all,8,2,2,0,
honest,mixed,1.5,all,9,0,0,544,0.7111111111111111
honest,mixed,1.5,all,9,0,1,221,0.28888888888888886
honest,mixed,1.5,all,9,0,2,0,0.0
honest,mixed,1.5,all,9,1,0,248,0.20080971659919028
honest,mixed,1.5,all,9,1,1,987,0.7991902834008097
honest,mixed,1.5,all,9,1,2,0,0.0
honest,mixed,1.5,all,9,2,0,0,
honest,mixed,1.5,all,9,2,1,0,
honest,mixed,1.5,all,9,2,2,0,
honest,mixed,1.5,all,10,0,0,552,0.696969696969697
honest,mixed,1.5,all,10,0,1,240,0.30303030303030304
honest,mixed,1.5,all,10,0,2,0,0.0
honest,mixed,1.5,all,10,1,0,234,0.19370860927152317
honest,mixed,1.5,all,10,1,1,974,0.8062913907284768
honest,mixed,1.5,all,10,1,2,0,0.0
honest,mixed,1.5,all,10,2,0,0,
honest,mixed,1.5,all,10,2,1,0,
honest,mixed,1.5,all,10,2,2,0,
honest,mixed,1.5,all,11,0,0,549,0.6984732824427481
honest,mixed,1.5,all,11,0,1,237,0.3015267175572519
honest,mixed,1.5,all,11,0,2,0,0.0
honest,mixed,1.5,all,11,1,0,223,0.18369028006589785
honest,mixed,1.5,all,11,1,1,991,0.8163097199341022
honest,mixed,1.5,all,11,1,2,0,0.0
honest,mixed,1.5,all,11,2,0,0,
honest,mixed,1.5,all,11,2,1,0,
honest,mixed,1.5,all,11,2,2,0,
honest,mixed,1.5,all,12,0,0,546,0.7072538860103627
honest,mixed,1.5,all,12,0,1,226,0.2927461139896373
honest,mixed,1.5,all,12,0,2,0,0.0
honest,mixed,1.5,all,12,1,0,239,0.19462540716612378
honest,mixed,1.5,all,12,1,1,989,0.8053745928338762
honest,mixed,1.5,all,12,1,2,0,0.0
honest,mixed,1.5,all,12,2,0,0,
honest,mixed,1.5,all,12,2,1,0,
honest,mixed,1.5,all,12,2,2,0,
honest,mixed,1.5,all,13,0,0,553,0.7044585987261146
honest,mixed,1.5,all,13,0,1,232,0.29554140127388534
honest,mixed,1.5,all,13,0,2,0,0.0
honest,mixed,1.5,all,13,1,0,223,0.18353909465020576
honest,mixed,1.5,all,13,1,1,992,0.8164609053497942
honest,mixed,1.5,all,13,1,2,0,0.0
honest,mixed,1.5,all,13,2,0,0,
honest,mixed,1.5,all,13,2,1,0,
honest,mixed,1.5,all,13,2,2,0,
honest,mixed,1.5,all,14,0,0,542,0.6984536082474226
honest,mixed,1.5,all,14,0,1,234,0.3015463917525773
honest,mixed,1.5,all,14,0,2,0,0.0
honest,mixed,1.5,all,14,1,0,241,0.1968954248366013
honest,mixed,1.5,all,14,1,1,983,0.8031045751633987
honest,mixed,1.5,all,14,1,2,0,0.0
honest,mixed,1.5,all,14,2,0,0,
honest,mixed,1.5,all,14,2,1,0,
honest,mixed,1.5,all,14,2,2,0,
honest,mixed,1.5,all,15,0,0,547,0.698595146871009
honest,mixed,1.5,all,15,0,1,236,0.30140485312899107
honest,mixed,1.5,all,15,0,2,0,0.0
honest,mixed,1.5,all,15,1,0,244,0.20049301561216104
honest,mixed,1.5,all,15,1,1,973,0.799506984387839
honest,mixed,1.5,all,15,1,2,0,0.0
honest,mixed,1.5,all,15,2,0,0,
honest,mixed,1.5,all,15,2,1,0,
honest,mixed,1.5,all,15,2,2,0,
honest,mixed,1.5,all,16,0,0,549,0.6940581542351454
honest,mixed,1.5,all,16,0,1,242,0.3059418457648546
honest,mixed,1.5,all,16,0,2,0,0.0
honest,mixed,1.5,all,16,1,0,233,0.19272125723738626
honest,mixed,1.5,all,16,1,1,976,0.8072787427626137
honest,mixed,1.5,all,16,1,2,0,0.0
honest,mixed,1.5,all,16,2,0,0,
honest,mixed,1.5,all,16,2,1,0,
honest,mixed,1.5,all,16,2,2,0,
honest,mixed,1.5,all,17,0,0,543,0.6943734015345269
honest,mixed,1.5,all,17,0,1,239,0.30562659846547313
honest,mixed,1.5,all,17,0,2,0,0.0
honest,mixed,1.5,all,17,1,0,246,0.2019704433497537
honest,mixed,1.5,all,17,1,1,972,0.7980295566502463
honest,mixed,1.5,all,17,1,2,0,0.0
honest,mixed,1.5,all,17,2,0,0,
honest,mixed,1.5,all,17,2,1,0,
honest,mixed,1.5,all,17,2,2,0,
honest,mixed,1.5,all,18,0,0,540,0.6844106463878327
honest,mixed,1.5,all,18,0,1,249,0.3155893536121673
honest,mixed,1.5,all,18,0,2,0,0.0
honest,mixed,1.5,all,18,1,0,242,0.19983484723369116
honest,mixed,1.5,all,18,1,1,969,0.8001651527663088
honest,mixed,1.5,all,18,1,2,0,0.0
honest,mixed,1.5,all,18,2,0,0,
honest,mixed,1.5,all,18,2,1,0,
honest,mixed,1.5,all,18,2,2,0,
honest,mixed,1.5,all,19,0,0,537,0.6867007672634271
honest,mixed,1.5,all,19,0,1,244,0.31202046035805625
honest,mixed,1.5,all,19,0,2,1,0.0012787723785166241
honest,mixed,1.5,all,19,1,0,229,0.18801313628899835
honest,mixed,1.5,all,19,1,1,989,0.8119868637110016
honest,mixed,1.5,all,19,1,2,0,0.0
honest,mixed,1.5,all,19,2,0,0,
honest,mixed,1.5,all,19,2,1,0,
honest,mixed,1.5,all,19,2,2,0,
honest,mixed,1.5,all,20,0,0,534,0.6971279373368147
honest,mixed,1.5,all,20,0,1,232,0.3028720626631854
honest,mixed,1.5,all,20,0,2,0,0.0
honest,mixed,1.5,all,20,1,0,262,0.21248986212489862
honest,mixed,1.5,all,20,1,1,971,0.7875101378751014
honest,mixed,1.5,all,20,1,2,0,0.0
honest,mixed,1.5,all,20,2,0,1,1.0
honest,mixed,1.5,all,20,2,1,0,0.0
honest,mixed,1.5,all,20,2,2,0,0.0
honest,mixed,1.5,all,21,0,0,547,0.6863237139272271
honest,mixed,1.5,all,21,0,1,250,0.3136762860727729
honest,mixed,1.5,all,21,0,2,0,0.0
honest,mixed,1.5,all,21,1,0,231,0.19201995012468828
honest,mixed,1.5,all,21,1,1,972,0.8079800498753117
honest,mixed,1.5,all,21,1,2,0,0.0
honest,mixed,1.5,all,21,2,0,0,
honest,mixed,1.5,all,21,2,1,0,
honest,mixed,1.5,all,21,2,2,0,
honest,mixed,1.5,all,22,0,0,546,0.7017994858611826
honest,mixed,1.5,all,22,0,1,232,0.2982005141388175
honest,mixed,1.5,all,22,0,2,0,0.0
honest,mixed,1.5,all,22,1,0,250,0.20458265139116202
honest,mixed,1.5,all,22,1,1,972,0.795417348608838
honest,mixed,1.5,all,22,1,2,0,0.0
honest,mixed,1.5,all,22,2,0,0,
honest,mixed,1.5,all,22,2,1,0,
honest,mixed,1.5,all,22,2,2,0,
honest,mixed,1.5,all,23,0,0,547,0.6871859296482412
honest,mixed,1.5,all,23,0,1,249,0.3128140703517588
honest,mixed,1.5,all,23,0,2,0,0.0
honest,mixed,1.5,all,23,1,0,230,0.19102990033222592
honest,mixed,1.5,all,23,1,1,974,0.8089700996677741
honest,mixed,1.5,all,23,1,2,0,0.0
honest,mixed,1.5,all,23,2,0,0,
honest,mixed,1.5,all,23,2,1,0,
honest,mixed,1.5,all,23,2,2,0,
honest,mixed,1.5,all,0,0,0,12968,0.6994983548195696
honest,mixed,1.5,all,0,0,1,5569,0.30039376449646693
honest,mixed,1.5,all,0,0,2,2,0.00010788068396353632
honest,mixed,1.5,all,0,1,0,5320,0.19378574290605763
honest,mixed,1.5,all,0,1,1,22133,0.8062142570939423
honest,mixed,1.5,all,0,1,2,0,0.0
honest,mixed,1.5,all,0,2,0,7,0.875
honest,mixed,1.5,all,0,2,1,1,0.125
honest,mixed,1.5,all,0,2,2,0,0.0
honest,mixed,1.5,both_own,1,0,0,409,0.864693446088795
honest,mixed,1.5,both_own,1,0,1,64,0.13530655391120508
honest,mixed,1.5,both_own,1,0,2,0,0.0
honest,mixed,1.5,both_own,1,1,0,4,1.0
honest,mixed,1.5,both_own,1,1,1,0,0.0
honest,mixed,1.5,both_own,1,1,2,0,0.0
honest,mixed,1.5,both_own,1,2,0,0,
honest,mixed,1.5,both_own,1,2,1,0,
honest,mixed,1.5,both_own,1,2,2,0,
honest,mixed,1.5,both_own,2,0,0,335,0.8111380145278451
honest,mixed,1.5,both_own,2,0,1,78,0.18886198547215496
honest,mixed,1.5,both_own,2,0,2,0,0.0
honest,mixed,1.5,both_own,2,1,0,34,0.53125
honest,mixed,1.5,both_own,2,1,1,30,0.46875
honest,mixed,1.5,both_own,2,1,2,0,0.0
honest,mixed,1.5,both_own,2,2,0,0,
honest,mixed,1.5,both_own,2,2,1,0,
honest,mixed,1.5,both_own,2,2,2,0,
honest,mixed,1.5,both_own,3,0,0,305,0.8265582655826558
honest,mixed,1.5,both_own,3,0,1,64,0.17344173441734417
honest,mixed,1.5,both_own,3,0,2,0,0.0
honest,mixed,1.5,both_own,3,1,0,38,0.35185185185185186
honest,mixed,1.5,both_own,3,1,1,70,0.6481481481481481
honest,mixed,1.5,both_own,3,1,2,0,0.0
honest,mixed,1.5,both_own,3,2,0,0,
honest,mixed,1.5,both_own,3,2,1,0,
honest,mixed,1.5,both_own,3,2,2,0,
honest,mixed,1.5,both_own,4,0,0,298,0.8688046647230321
honest,mixed,1.5,both_own,4,0,1,45,0.13119533527696792
honest,mixed,1.5,both_own,4,0,2,0,0.0
honest,mixed,1.5,both_own,4,1,0,41,0.30597014925373134
honest,mixed,1.5,both_own,4,1,1,93,0.6940298507462687
honest,mixed,1.5,both_own,4,1,2,0,0.0
honest,mixed,1.5,both_own,4,2,0,0,
honest,mixed,1.5,both_own,4,2,1,0,
honest,mixed,1.5,both_own,4,2,2,0,
honest,mixed,1.5,both_own,5,0,0,298,0.8790560471976401
honest,mixed,1.5,both_own,5,0,1,41,0.12094395280235988
honest,mixed,1.5,both_own,5,0,2,0,0.0
honest,mixed,1.5,both_own,5,1,0,39,0.2826086956521739
honest,mixed,1.5,both_own,5,1,1,99,0.717391304347826
honest,mixed,1.5,both_own,5,1,2,0,0.0
honest,mixed,1.5,both_own,5,2,0,0,
honest,mixed,1.5,both_own,5,2,1,0,
honest,mixed,1.5,both_own,5,2,2,0,
honest,mixed,1.5,both_own,6,0,0,300,0.8902077151335311
honest,mixed,1.5,both_own,6,0,1,37,0.10979228486646884
honest,mixed,1.5,both_own,6,0,2,0,0.0
honest,mixed,1.5,both_own,6,1,0,39,0.2785714285714286
honest,mixed,1.5,both_own,6,1,1,101,0.7214285714285714
honest,mixed,1.5,both_own,6,1,2,0,0.0
honest,mixed,1.5,both_own,6,2,0,0,
honest,mixed,1.5,both_own,6,2,1,0,
honest,mixed,1.5,both_own,6,2,2,0,
honest,mixed,1.5,both_own,7,0,0,293,0.8643067846607669
honest,mixed,1.5,both_own,7,0,1,46,0.13569321533923304
honest,mixed,1.5,both_own,7,0,2,0,0.0
honest,mixed,1.5,both_own,7,1,0,36,0.2608695652173913
honest,mixed,1.5,both_own,7,1,1,102,0.7391304347826086
honest,mixed,1.5,both_own,7,1,2,0,0.0
honest,mixed,1.5,both_own,7,2,0,0,
honest,mixed,1.5,both_own,7,2,1,0,
honest,mixed,1.5,both_own,7,2,2,0,
honest,mixed,1.5,both_own,8,0,0,282,0.8571428571428571
honest,mixed,1.5,both_own,8,0,1,47,0.14285714285714285
honest,mixed,1.5,both_own,8,0,2,0,0.0
honest,mixed,1.5,both_own,8,1,0,31,0.20945945945945946
honest,mixed,1.5,both_own,8,1,1,117,0.7905405405405406
honest,mixed,1.5,both_own,8,1,2,0,0.0
honest,mixed,1.5,both_own,8,2,0,0,
honest,mixed,1.5,both_own,8,2,1,0,
honest,mixed,1.5,both_own,8,2,2,0,
honest,mixed,1.5,both_own,9,0,0,278,0.8881789137380192
honest,mixed,1.5,both_own,9,0,1,35,0.11182108626198083
honest,mixed,1.5,both_own,9,0,2,0,0.0
honest,mixed,1.5,both_own,9,1,0,46,0.2804878048780488
honest,mixed,1.5,both_own,9,1,1,118,0.7195121951219512
honest,mixed,1.5,both_own,9,1,2,0,0.0
honest,mixed,1.5,both_own,9,2,0,0,
honest,mixed,1.5,both_own,9,2,1,0,
honest,mixed,1.5,both_own,9,2,2,0,
honest,mixed,1.5,both_own,10,0,0,279,0.8611111111111112
honest,mixed,1.5,both_own,10,0,1,45,0.1388888888888889
honest,mixed,1.5,both_own,10,0,2,0,0.0
honest,mixed,1.5,both_own,10,1,0,49,0.3202614379084967
honest,mixed,1.5,both_own,10,1,1,104,0.6797385620915033
honest,mixed,1.5,both_own,10,1,2,0,0.0
honest,mixed,1.5,both_own,10,2,0,0,
honest,mixed,1.5,both_own,10,2,1,0,
honest,mixed,1.5,both_own,10,2,2,0,
honest,mixed,1.5,both_own,11,0,0,271,0.8262195121951219
honest,mixed,1.5,both_own,11,0,1,57,0.17378048780487804
honest,mixed,1.5,both_own,11,0,2,0,0.0
honest,mixed,1.5,both_own,11,1,0,41,0.2751677852348993
honest,mixed,1.5,both_own,11,1,1,108,0.7248322147651006
honest,mixed,1.5,both_own,11,1,2,0,0.0
honest,mixed,1.5,both_own,11,2,0,0,
honest,mixed,1.5,both_own,11,2,1,0,
honest,mixed,1.5,both_own,11,2,2,0,
honest,mixed,1.5,both_own,12,0,0,263,0.842948717948718
honest,mixed,1.5,both_own,12,0,1,49,0.15705128205128205
honest,mixed,1.5,both_own,12,0,2,0,0.0
honest,mixed,1.5,both_own,12,1,0,46,0.2787878787878788
honest,mixed,1.5,both_own,12,1,1,119,0.7212121212121212
honest,mixed,1.5,both_own,12,1,2,0,0.0
honest,mixed,1.5,both_own,12,2,0,0,
honest,mixed,1.5,both_own,12,2,1,0,
honest,mixed,1.5,both_own,12,2,2,0,
honest,mixed,1.5,both_own,13,0,0,270,0.8737864077669902
honest,mixed,1.5,both_own,13,0,1,39,0.1262135922330097
honest,mixed,1.5,both_own,13,0,2,0,0.0
honest,mixed,1.5,both_own,13,1,0,39,0.23214285714285715
honest,mixed,1.5,both_own,13,1,1,129,0.7678571428571429
honest,mixed,1.5,both_own,13,1,2,0,0.0
honest,mixed,1.5,both_own,13,2,0,0,
honest,mixed,1.5,both_own,13,2,1,0,
honest,mixed,1.5,both_own,13,2,2,0,
honest,mixed,1.5,both_own,14,0,0,272,0.8802588996763754
honest,mixed,1.5,both_own,14,0,1,37,0.11974110032362459
honest,mixed,1.5,both_own,14,0,2,0,0.0
honest,mixed,1.5,both_own,14,1,0,44,0.2619047619047619
honest,mixed,1.5,both_own,14,1,1,124,0.7380952380952381
honest,mixed,1.5,both_own,14,1,2,0,0.0
honest,mixed,1.5,both_own,14,2,0,0,
honest,mixed,1.5,both_own,14,2,1,0,
honest,mixed,1.5,both_own,14,2,2,0,
honest,mixed,1.5,both_own,15,0,0,264,0.8354430379746836
honest,mixed,1.5,both_own,15,0,1,52,0.16455696202531644
honest,mixed,1.5,both_own,15,0,2,0,0.0
honest,mixed,1.5,both_own,15,1,0,49,0.30434782608695654
honest,mixed,1.5,both_own,15,1,1,112,0.6956521739130435
honest,mixed,1.5,both_own,15,1,2,0,0.0
honest,mixed,1.5,both_own,15,2,0,0,
honest,mixed,1.5,both_own,15,2,1,0,
honest,mixed,1.5,both_own,15,2,2,0,
honest,mixed,1.5,both_own,16,0,0,266,0.8498402555910544
honest,mixed,1.5,both_own,16,0,1,47,0.1501597444089457
honest,mixed,1.5,both_own,16,0,2,0,0.0
honest,mixed,1.5,both_own,16,1,0,45,0.27439024390243905
honest,mixed,1.5,both_own,16,1,1,119,0.725609756097561
honest,mixed,1.5,both_own,16,1,2,0,0.0
honest,mixed,1.5,both_own,16,2,0,0,
honest,mixed,1.5,both_own,16,2,1,0,
honest,mixed,1.5,both_own,16,2,2,0,
honest,mixed,1.5,both_own,17,0,0,259,0.8327974276527331
honest,mixed,1.5,both_own,17,0,1,52,0.16720257234726688
honest,mixed,1.5,both_own,17,0,2,0,0.0
honest,mixed,1.5,both_own,17,1,0,53,0.3192771084337349
honest,mixed,1.5,both_own,17,1,1,113,0.6807228915662651
honest,mixed,1.5,both_own,17,1,2,0,0.0
honest,mixed,1.5,both_own,17,2,0,0,
honest,mixed,1.5,both_own,17,2,1,0,
honest,mixed,1.5,both_own,17,2,2,0,
honest,mixed,1.5,both_own,18,0,0,264,0.8461538461538461
honest,mixed,1.5,both_own,18,0,1,48,0.15384615384615385
honest,mixed,1.5,both_own,18,0,2,0,0.0
honest,mixed,1.5,both_own,18,1,0,45,0.2727272727272727
honest,mixed,1.5,both_own,18,1,1,120,0.7272727272727273
honest,mixed,1.5,both_own,18,1,2,0,0.0
honest,mixed,1.5,both_own,18,2,0,0,
honest,mixed,1.5,both_own,18,2,1,0,
honest,mixed,1.5,both_own,18,2,2,0,
honest,mixed,1.5,both_own,19,0,0,261,0.8446601941747572
honest,mixed,1.5,both_own,19,0,1,47,0.15210355987055016
honest,mixed,1.5,both_own,19,0,2,1,0.003236245954692557
honest,mixed,1.5,both_own,19,1,0,35,0.20833333333333334
honest,mixed,1.5,both_own,19,1,1,133,0.7916666666666666
honest,mixed,1.5,both_own,19,1,2,0,0.0
honest,mixed,1.5,both_own,19,2,0,0,
honest,mixed,1.5,both_own,19,2,1,0,
honest,mixed,1.5,both_own,19,2,2,0,
honest,mixed,1.5,both_own,20,0,0,252,0.8513513513513513
honest,mixed,1.5,both_own,20,0,1,44,0.14864864864864866
honest,mixed,1.5,both_own,20,0,2,0,0.0
honest,mixed,1.5,both_own,20,1,0,58,0.32222222222222224
honest,mixed,1.5,both_own,20,1,1,122,0.6777777777777778
honest,mixed,1.5,both_own,20,1,2,0,0.0
honest,mixed,1.5,both_own,20,2,0,1,1.0
honest,mixed,1.5,both_own,20,2,1,0,0.0
honest,mixed,1.5,both_own,20,2,2,0,0.0
honest,mixed,1.5,both_own,21,0,0,253,0.8135048231511254
honest,mixed,1.5,both_own,21,0,1,58,0.1864951768488746
honest,mixed,1.5,both_own,21,0,2,0,0.0
honest,mixed,1.5,both_own,21,1,0,48,0.2891566265060241
honest,mixed,1.5,both_own,21,1,1,118,0.7108433734939759
honest,mixed,1.5,both_own,21,1,2,0,0.0
honest,mixed,1.5,both_own,21,2,0,0,
honest,mixed,1.5,both_own,21,2,1,0,
honest,mixed,1.5,both_own,21,2,2,0,
honest,mixed,1.5,both_own,22,0,0,255,0.8471760797342193
honest,mixed,1.5,both_own,22,0,1,46,0.15282392026578073
honest,mixed,1.5,both_own,22,0,2,0,0.0
honest,mixed,1.5,both_own,22,1,0,54,0.3068181818181818
honest,mixed,1.5,both_own,22,1,1,122,0.6931818181818182
honest,mixed,1.5,both_own,22,1,2,0,0.0
honest,mixed,1.5,both_own,22,2,0,0,
honest,mixed,1.5,both_own,22,2,1,0,
honest,mixed,1.5,both_own,22,2,2,0,
honest,mixed,1.5,both_own,23,0,0,248,0.8025889967637541
honest,mixed,1.5,both_own,23,0,1,61,0.19741100323624594
honest,mixed,1.5,both_own,23,0,2,0,0.0
honest,mixed,1.5,both_own,23,1,0,47,0.27976190476190477
honest,mixed,1.5,both_own,23,1,1,121,0.7202380952380952
honest,mixed,1.5,both_own,23,1,2,0,0.0
honest,mixed,1.5,both_own,23,2,0,0,
honest,mixed,1.5,both_own,23,2,1,0,
honest,mixed,1.5,both_own,23,2,2,0,
honest,mixed,1.5,both_own,0,0,0,6475,0.8502954694681549
honest,mixed,1.5,both_own,0,0,1,1139,0.1495732107682206
honest,mixed,1.5,both_own,0,0,2,1,0.0001313197636244255
honest,mixed,1.5,both_own,0,1,0,961,0.2864381520119225
honest,mixed,1.5,both_own,0,1,1,2394,0.7135618479880775
honest,mixed,1.5,both_own,0,1,2,0,0.0
honest,mixed,1.5,both_own,0,2,0,1,1.0
honest,mixed,1.5,both_own,0,2,1,0,0.0
honest,mixed,1.5,both_own,0,2,2,0,0.0
attenuated,honest,1.5,all,1,0,0,345,0.6424581005586593
attenuated,honest,1.5,all,1,0,1,191,0.35567970204841715
attenuated,honest,1.5,all,1,0,2,1,0.00186219739292365
attenuated,honest,1.5,all,1,1,0,107,0.0738440303657695
attenuated,honest,1.5,all,1,1,1,1338,0.9233954451345756
attenuated,honest,1.5,all,1,1,2,4,0.0027605244996549345
attenuated,honest,1.5,all,1,2,0,2,0.14285714285714285
attenuated,honest,1.5,all,1,2,1,2,0.14285714285714285
attenuated,honest,1.5,all,1,2,2,10,0.7142857142857143
attenuated,honest,1.5,all,2,0,0,335,0.737885462555066
attenuated,honest,1.5,all,2,0,1,117,0.2577092511013216
attenuated,honest,1.5,all,2,0,2,2,0.004405286343612335
attenuated,honest,1.5,all,2,1,0,99,0.06466361854996734
attenuated,honest,1.5,all,2,1,1,1431,0.9346832135858916
attenuated,honest,1.5,all,2,1,2,1,0.0006531678641410843
attenuated,honest,1.5,all,2,2,0,1,0.06666666666666667
attenuated,honest,1.5,all,2,2,1,7,0.4666666666666667
attenuated,honest,1.5,all,2,2,2,7,0.4666666666666667
attenuated,honest,1.5,all,3,0,0,308,0.7080459770114943
attenuated,honest,1.5,all,3,0,1,127,0.29195402298850576
attenuated,honest,1.5,all,3,0,2,0,0.0
attenuated,honest,1.5,all,3,1,0,104,0.06688102893890675
attenuated,honest,1.5,all,3,1,1,1444,0.9286173633440514
attenuated,honest,1.5,all,3,1,2,7,0.0045016077170418
attenuated,honest,1.5,all,3,2,0,1,0.1
attenuated,honest,1.5,all,3,2,1,4,0.4
attenuated,honest,1.5,all,3,2,2,5,0.5
attenuated,honest,1.5,all,4,0,0,302,0.7312348668280871
attenuated,honest,1.5,all,4,0,1,111,0.2687651331719128
attenuated,honest,1.5,all,4,0,2,0,0.0
attenuated,honest,1.5,all,4,1,0,111,0.07047619047619047
attenuated,honest,1.5,all,4,1,1,1461,0.9276190476190476
attenuated,honest,1.5,all,4,1,2,3,0.0019047619047619048
attenuated,honest,1.5,all,4,2,0,2,0.16666666666666666
attenuated,honest,1.5,all,4,2,1,5,0.4166666666666667
attenuated,honest,1.5,all,4,2,2,5,0.4166666666666667
attenuated,honest,1.5,all,5,0,0,291,0.7012048192771084
attenuated,honest,1.5,all,5,0,1,122,0.29397590361445786
attenuated,honest,1.5,all,5,0,2,2,0.004819277108433735
attenuated,honest,1.5,all,5,1,0,104,0.06594800253646163
attenuated,honest,1.5,all,5,1,1,1468,0.9308814204185162
attenuated,honest,1.5,all,5,1,2,5,0.0031705770450221942
attenuated,honest,1.5,all,5,2,0,0,0.0
attenuated,honest,1.5,all,5,2,1,4,0.5
attenuated,honest,1.5,all,5,2,2,4,0.5
attenuated,honest,1.5,all,6,0,0,292,0.739240506329114
attenuated,honest,1.5,all,6,0,1,103,0.2607594936708861
attenuated,honest,1.5,all,6,0,2,0,0.0
attenuated,honest,1.5,all,6,1,0,113,0.07089084065244668
attenuated,honest,1.5,all,6,1,1,1477,0.9265997490589711
attenuated,honest,1.5,all,6,1,2,4,0.002509410288582183
attenuated,honest,1.5,all,6,2,0,2,0.18181818181818182
attenuated,honest,1.5,all,6,2,1,6,0.5454545454545454
attenuated,honest,1.5,all,6,2,2,3,0.2727272727272727
attenuated,honest,1.5,all,7,0,0,285,0.7002457002457002
attenuated,honest,1.5,all,7,0,1,121,0.2972972972972973
attenuated,honest,1.5,all,7,0,2,1,0.002457002457002457
attenuated,honest,1.5,all,7,1,0,89,0.056116015132408575
attenuated,honest,1.5,all,7,1,1,1491,0.9401008827238335
attenuated,honest,1.5,all,7,1,2,6,0.0037831021437578815
attenuated,honest,1.5,all,7,2,0,1,0.14285714285714285
attenuated,honest,1.5,all,7,2,1,3,0.42857142857142855
attenuated,honest,1.5,all,7,2,2,3,0.42857142857142855
attenuated,honest,1.5,all,8,0,0,271,0.7226666666666667
attenuated,honest,1.5,all,8,0,1,103,0.27466666666666667
attenuated,honest,1.5,all,8,0,2,1,0.0026666666666666666
attenuated,honest,1.5,all,8,1,0,114,0.07058823529411765
attenuated,honest,1.5,all,8,1,1,1500,0.9287925696594427
attenuated,honest,1.5,all,8,1,2,1,0.0006191950464396285
attenuated,honest,1.5,all,8,2,0,1,0.1
attenuated,honest,1.5,all,8,2,1,6,0.6
attenuated,honest,1.5,all,8,2,2,3,0.3
attenuated,honest,1.5,all,9,0,0,276,0.7150259067357513
attenuated,honest,1.5,all,9,0,1,109,0.2823834196891192
attenuated,honest,1.5,all,9,0,2,1,0.0025906735751295338
attenuated,honest,1.5,all,9,1,0,115,0.07147296457426973
attenuated,honest,1.5,all,9,1,1,1486,0.9235550031075201
attenuated,honest,1.5,all,9,1,2,8,0.004972032318210068
attenuated,honest,1.5,all,9,2,0,2,0.4
attenuated,honest,1.5,all,9,2,1,1,0.2
attenuated,honest,1.5,all,9,2,2,2,0.4
attenuated,honest,1.5,all,10,0,0,270,0.6870229007633588
attenuated,honest,1.5,all,10,0,1,123,0.31297709923664124
attenuated,honest,1.5,all,10,0,2,0,0.0
attenuated,honest,1.5,all,10,1,0,109,0.06829573934837092
attenuated,honest,1.5,all,10,1,1,1484,0.9298245614035088
attenuated,honest,1.5,all,10,1,2,3,0.0018796992481203006
attenuated,honest,1.5,all,10,2,0,2,0.18181818181818182
attenuated,honest,1.5,all,10,2,1,6,0.5454545454545454
attenuated,honest,1.5,all,10,2,2,3,0.2727272727272727
attenuated,honest,1.5,all,11,0,0,262,0.6876640419947506
attenuated,honest,1.5,all,11,0,1,119,0.3123359580052493
attenuated,honest,1.5,all,11,0,2,0,0.0
attenuated,honest,1.5,all,11,1,0,111,0.06881587104773713
attenuated,honest,1.5,all,11,1,1,1495,0.9268443893366398
attenuated,honest,1.5,all,11,1,2,7,0.0043397396156230625
attenuated,honest,1.5,all,11,2,0,0,0.0
attenuated,honest,1.5,all,11,2,1,5,0.8333333333333334
attenuated,honest,1.5,all,11,2,2,1,0.16666666666666666
attenuated,honest,1.5,all,12,0,0,258,0.6916890080428955
attenuated,honest,1.5,all,12,0,1,114,0.30563002680965146
attenuated,honest,1.5,all,12,0,2,1,0.002680965147453083
attenuated,honest,1.5,all,12,1,0,141,0.08709079678814083
attenuated,honest,1.5,all,12,1,1,1474,0.9104385423100679
attenuated,honest,1.5,all,12,1,2,4,0.0024706609017912293
attenuated,honest,1.5,all,12,2,0,1,0.125
attenuated,honest,1.5,all,12,2,1,4,0.5
attenuated,honest,1.5,all,12,2,2,3,0.375
attenuated,honest,1.5,all,13,0,0,245,0.6125
attenuated,honest,1.5,all,13,0,1,154,0.385
attenuated,honest,1.5,all,13,0,2,1,0.0025
attenuated,honest,1.5,all,13,1,0,115,0.0722361809045226
attenuated,honest,1.5,all,13,1,1,1474,0.9258793969849246
attenuated,honest,1.5,all,13,1,2,3,0.0018844221105527637
attenuated,honest,1.5,all,13,2,0,1,0.125
attenuated,honest,1.5,all,13,2,1,5,0.625
attenuated,honest,1.5,all,13,2,2,2,0.25
attenuated,honest,1.5,all,14,0,0,252,0.6980609418282548
attenuated,honest,1.5,all,14,0,1,107,0.296398891966759
attenuated,honest,1.5,all,14,0,2,2,0.00554016620498615
attenuated,honest,1.5,all,14,1,0,129,0.07899571341090018
attenuated,honest,1.5,all,14,1,1,1501,0.9191671769748928
attenuated,honest,1.5,all,14,1,2,3,0.001837109614206981
attenuated,honest,1.5,all,14,2,0,2,0.3333333333333333
attenuated,honest,1.5,all,14,2,1,3,0.5
attenuated,honest,1.5,all,14,2,2,1,0.16666666666666666
attenuated,honest,1.5,all,15,0,0,260,0.6788511749347258
attenuated,honest,1.5,all,15,0,1,123,0.32114882506527415
attenuated,honest,1.5,all,15,0,2,0,0.0
attenuated,honest,1.5,all,15,1,0,119,0.07386716325263812
attenuated,honest,1.5,all,15,1,1,1487,0.9230291744258224
attenuated,honest,1.5,all,15,1,2,5,0.0031036623215394167
attenuated,honest,1.5,all,15,2,0,3,0.5
attenuated,honest,1.5,all,15,2,1,2,0.3333333333333333
attenuated,honest,1.5,all,15,2,2,1,0.16666666666666666
attenuated,honest,1.5,all,16,0,0,269,0.7041884816753927
attenuated,honest,1.5,all,16,0,1,113,0.29581151832460734
attenuated,honest,1.5,all,16,0,2,0,0.0
attenuated,honest,1.5,all,16,1,0,115,0.07133995037220843
attenuated,honest,1.5,all,16,1,1,1493,0.9261786600496278
attenuated,honest,1.5,all,16,1,2,4,0.0024813895781637717
attenuated,honest,1.5,all,16,2,0,0,0.0
attenuated,honest,1.5,all,16,2,1,6,1.0
attenuated,honest,1.5,all,16,2,2,0,0.0
attenuated,honest,1.5,all,17,0,0,261,0.6796875
attenuated,honest,1.5,all,17,0,1,123,0.3203125
attenuated,honest,1.5,all,17,0,2,0,0.0
attenuated,honest,1.5,all,17,1,0,122,0.07568238213399504
attenuated,honest,1.5,all,17,1,1,1489,0.923697270471464
attenuated,honest,1.5,all,17,1,2,1,0.0006203473945409429
attenuated,honest,1.5,all,17,2,0,3,0.75
attenuated,honest,1.5,all,17,2,1,1,0.25
attenuated,honest,1.5,all,17,2,2,0,0.0
attenuated,honest,1.5,all,18,0,0,255,0.6606217616580311
attenuated,honest,1.5,all,18,0,1,131,0.3393782383419689
attenuated,honest,1.5,all,18,0,2,0,0.0
attenuated,honest,1.5,all,18,1,0,107,0.06633601983880967
attenuated,honest,1.5,all,18,1,1,1502,0.9311841289522629
attenuated,honest,1.5,all,18,1,2,4,0.0024798512089274642
attenuated,honest,1.5,all,18,2,0,0,0.0
attenuated,honest,1.5,all,18,2,1,1,1.0
attenuated,honest,1.5,all,18,2,2,0,0.0
attenuated,honest,1.5,all,19,0,0,245,0.6767955801104972
attenuated,honest,1.5,all,19,0,1,117,0.32320441988950277
attenuated,honest,1.5,all,19,0,2,0,0.0
attenuated,honest,1.5,all,19,1,0,121,0.0740514075887393
attenuated,honest,1.5,all,19,1,1,1512,0.9253365973072215
attenuated,honest,1.5,all,19,1,2,1,0.0006119951040391676
attenuated,honest,1.5,all,19,2,0,2,0.5
attenuated,honest,1.5,all,19,2,1,1,0.25
attenuated,honest,1.5,all,19,2,2,1,0.25
attenuated,honest,1.5,all,20,0,0,243,0.6603260869565217
attenuated,honest,1.5,all,20,0,1,125,0.33967391304347827
attenuated,honest,1.5,all,20,0,2,0,0.0
attenuated,honest,1.5,all,20,1,0,120,0.0736196319018405
attenuated,honest,1.5,all,20,1,1,1509,0.9257668711656442
attenuated,honest,1.5,all,20,1,2,1,0.0006134969325153375
attenuated,honest,1.5,all,20,2,0,0,0.0
attenuated,honest,1.5,all,20,2,1,1,0.5
attenuated,honest,1.5,all,20,2,2,1,0.5
attenuated,honest,1.5,all,21,0,0,237,0.6528925619834711
attenuated,honest,1.5,all,21,0,1,125,0.3443526170798898
attenuated,honest,1.5,all,21,0,2,1,0.0027548209366391185
attenuated,honest,1.5,all,21,1,0,101,0.0617737003058104
attenuated,honest,1.5,all,21,1,1,1532,0.9370030581039756
attenuated,honest,1.5,all,21,1,2,2,0.0012232415902140672
attenuated,honest,1.5,all,21,2,0,1,0.5
attenuated,honest,1.5,all,21,2,1,1,0.5
attenuated,honest,1.5,all,21,2,2,0,0.0
attenuated,honest,1.5,all,22,0,0,233,0.6873156342182891
attenuated,honest,1.5,all,22,0,1,106,0.31268436578171094
attenuated,honest,1.5,all,22,0,2,0,0.0
attenuated,honest,1.5,all,22,1,0,130,0.07840772014475271
attenuated,honest,1.5,all,22,1,1,1525,0.9197828709288299
attenuated,honest,1.5,all,22,1,2,3,0.0018094089264173703
attenuated,honest,1.5,all,22,2,0,1,0.3333333333333333
attenuated,honest,1.5,all,22,2,1,1,0.3333333333333333
attenuated,honest,1.5,all,22,2,2,1,0.3333333333333333
attenuated,honest,1.5,all,23,0,0,235,0.6456043956043956
attenuated,honest,1.5,all,23,0,1,129,0.3543956043956044
attenuated,honest,1.5,all,23,0,2,0,0.0
attenuated,honest,1.5,all,23,1,0,139,0.08517156862745098
attenuated,honest,1.5,all,23,1,1,1491,0.9136029411764706
attenuated,honest,1.5,all,23,1,2,2,0.0012254901960784314
attenuated,honest,1.5,all,23,2,0,0,0.0
attenuated,honest,1.5,all,23,2,1,3,0.75
attenuated,honest,1.5,all,23,2,2,1,0.25
attenuated,honest,1.5,all,0,0,0,6230,0.6879416961130742
attenuated,honest,1.5,all,0,0,1,2813,0.3106227915194346
attenuated,honest,1.5,all,0,0,2,13,0.001435512367491166
attenuated,honest,1.5,all,0,1,0,2635,0.07164024904162475
attenuated,honest,1.5,all,0,1,1,34064,0.9261303390337402
attenuated,honest,1.5,all,0,1,2,82,0.002229411924635002
attenuated,honest,1.5,all,0,2,0,28,0.17177914110429449
attenuated,honest,1.5,all,0,2,1,78,0.4785276073619632
attenuated,honest,1.5,all,0,2,2,57,0.3496932515337423
attenuated,honest,1.5,both_own,1,0,0,337,0.8341584158415841
attenuated,honest,1.5,both_own,1,0,1,67,0.16584158415841585
attenuated,honest,1.5,both_own,1,0,2,0,0.0
attenuated,honest,1.5,both_own,1,1,0,45,0.6164383561643836
attenuated,honest,1.5,both_own,1,1,1,28,0.3835616438356164
attenuated,honest,1.5,both_own,1,1,2,0,0.0
attenuated,honest,1.5,both_own,1,2,0,0,
attenuated,honest,1.5,both_own,1,2,1,0,
attenuated,honest,1.5,both_own,1,2,2,0,
attenuated,honest,1.5,both_own,2,0,0,328,0.8586387434554974
attenuated,honest,1.5,both_own,2,0,1,54,0.14136125654450263
attenuated,honest,1.5,both_own,2,0,2,0,0.0
attenuated,honest,1.5,both_own,2,1,0,42,0.4421052631578947
attenuated,honest,1.5,both_own,2,1,1,53,0.5578947368421052
attenuated,honest,1.5,both_own,2,1,2,0,0.0
attenuated,honest,1.5,both_own,2,2,0,0,
attenuated,honest,1.5,both_own,2,2,1,0,
attenuated,honest,1.5,both_own,2,2,2,0,
attenuated,honest,1.5,both_own,3,0,0,304,0.8216216216216217
attenuated,honest,1.5,both_own,3,0,1,66,0.1783783783783784
attenuated,honest,1.5,both_own,3,0,2,0,0.0
attenuated,honest,1.5,both_own,3,1,0,30,0.2803738317757009
attenuated,honest,1.5,both_own,3,1,1,77,0.719626168224299
attenuated,honest,1.5,both_own,3,1,2,0,0.0
attenuated,honest,1.5,both_own,3,2,0,0,
attenuated,honest,1.5,both_own,3,2,1,0,
attenuated,honest,1.5,both_own,3,2,2,0,
attenuated,honest,1.5,both_own,4,0,0,293,0.8772455089820359
attenuated,honest,1.5,both_own,4,0,1,41,0.12275449101796407
attenuated,honest,1.5,both_own,4,0,2,0,0.0
attenuated,honest,1.5,both_own,4,1,0,49,0.34265734265734266
attenuated,honest,1.5,both_own,4,1,1,94,0.6573426573426573
attenuated,honest,1.5,both_own,4,1,2,0,0.0
attenuated,honest,1.5,both_own,4,2,0,0,
attenuated,honest,1.5,both_own,4,2,1,0,
attenuated,honest,1.5,both_own,4,2,2,0,
attenuated,honest,1.5,both_own,5,0,0,282,0.8245614035087719
attenuated,honest,1.5,both_own,5,0,1,60,0.17543859649122806
attenuated,honest,1.5,both_own,5,0,2,0,0.0
attenuated,honest,1.5,both_own,5,1,0,55,0.4074074074074074
attenuated,honest,1.5,both_own,5,1,1,80,0.5925925925925926
attenuated,honest,1.5,both_own,5,1,2,0,0.0
attenuated,honest,1.5,both_own,5,2,0,0,
attenuated,honest,1.5,both_own,5,2,1,0,
attenuated,honest,1.5,both_own,5,2,2,0,
attenuated,honest,1.5,both_own,6,0,0,289,0.857566765578635
attenuated,honest,1.5,both_own,6,0,1,48,0.142433234421365
attenuated,honest,1.5,both_own,6,0,2,0,0.0
attenuated,honest,1.5,both_own,6,1,0,56,0.4
attenuated,honest,1.5,both_own,6,1,1,84,0.6
attenuated,honest,1.5,both_own,6,1,2,0,0.0
attenuated,honest,1.5,both_own,6,2,0,0,
attenuated,honest,1.5,both_own,6,2,1,0,
attenuated,honest,1.5,both_own,6,2,2,0,
attenuated,honest,1.5,both_own,7,0,0,280,0.8115942028985508
attenuated,honest,1.5,both_own,7,0,1,65,0.18840579710144928
attenuated,honest,1.5,both_own,7,0,2,0,0.0
attenuated,honest,1.5,both_own,7,1,0,39,0.29545454545454547
attenuated,honest,1.5,both_own,7,1,1,93,0.7045454545454546
attenuated,honest,1.5,both_own,7,1,2,0,0.0
attenuated,honest,1.5,both_own,7,2,0,0,
attenuated,honest,1.5,both_own,7,2,1,0,
attenuated,honest,1.5,both_own,7,2,2,0,
attenuated,honest,1.5,both_own,8,0,0,266,0.8338557993730408
attenuated,honest,1.5,both_own,8,0,1,53,0.16614420062695925
attenuated,honest,1.5,both_own,8,0,2,0,0.0
attenuated,honest,1.5,both_own,8,1,0,63,0.3987341772151899
attenuated,honest,1.5,both_own,8,1,1,95,0.6012658227848101
attenuated,honest,1.5,both_own,8,1,2,0,0.0
attenuated,honest,1.5,both_own,8,2,0,0,
attenuated,honest,1.5,both_own,8,2,1,0,
attenuated,honest,1.5,both_own,8,2,2,0,
attenuated,honest,1.5,both_own,9,0,0,270,0.8206686930091185
attenuated,honest,1.5,both_own,9,0,1,59,0.17933130699088146
attenuated,honest,1.5,both_own,9,0,2,0,0.0
attenuated,honest,1.5,both_own,9,1,0,47,0.31756756756756754
attenuated,honest,1.5,both_own,9,1,1,101,0.6824324324324325
attenuated,honest,1.5,both_own,9,1,2,0,0.0
attenuated,honest,1.5,both_own,9,2,0,0,
attenuated,honest,1.5,both_own,9,2,1,0,
attenuated,honest,1.5,both_own,9,2,2,0,
attenuated,honest,1.5,both_own,10,0,0,268,0.8454258675078864
attenuated,honest,1.5,both_own,10,0,1,49,0.15457413249211358
attenuated,honest,1.5,both_own,10,0,2,0,0.0
attenuated,honest,1.5,both_own,10,1,0,55,0.34375
attenuated,honest,1.5,both_own,10,1,1,105,0.65625
attenuated,honest,1.5,both_own,10,1,2,0,0.0
attenuated,honest,1.5,both_own,10,2,0,0,
attenuated,honest,1.5,both_own,10,2,1,0,
attenuated,honest,1.5,both_own,10,2,2,0,
attenuated,honest,1.5,both_own,11,0,0,258,0.7987616099071208
attenuated,honest,1.5,both_own,11,0,1,65,0.20123839009287925
attenuated,honest,1.5,both_own,11,0,2,0,0.0
attenuated,honest,1.5,both_own,11,1,0,44,0.2857142857142857
attenuated,honest,1.5,both_own,11,1,1,110,0.7142857142857143
attenuated,honest,1.5,both_own,11,1,2,0,0.0
attenuated,honest,1.5,both_own,11,2,0,0,
attenuated,honest,1.5,both_own,11,2,1,0,
attenuated,honest,1.5,both_own,11,2,2,0,
attenuated,honest,1.5,both_own,12,0,0,253,0.8377483443708609
attenuated,honest,1.5,both_own,12,0,1,48,0.15894039735099338
attenuated,honest,1.5,both_own,12,0,2,1,0.0033112582781456954
attenuated,honest,1.5,both_own,12,1,0,68,0.38857142857142857
attenuated,honest,1.5,both_own,12,1,1,107,0.6114285714285714
attenuated,honest,1.5,both_own,12,1,2,0,0.0
attenuated,honest,1.5,both_own,12,2,0,0,
attenuated,honest,1.5,both_own,12,2,1,0,
attenuated,honest,1.5,both_own,12,2,2,0,
attenuated,honest,1.5,both_own,13,0,0,241,0.7507788161993769
attenuated,honest,1.5,both_own,13,0,1,79,0.24610591900311526
attenuated,honest,1.5,both_own,13,0,2,1,0.003115264797507788
attenuated,honest,1.5,both_own,13,1,0,57,0.36774193548387096
attenuated,honest,1.5,both_own,13,1,1,97,0.6258064516129033
attenuated,honest,1.5,both_own,13,1,2,1,0.0064516129032258064
attenuated,honest,1.5,both_own,13,2,0,1,1.0
attenuated,honest,1.5,both_own,13,2,1,0,0.0
attenuated,honest,1.5,both_own,13,2,2,0,0.0
attenuated,honest,1.5,both_own,14,0,0,245,0.8193979933110368
attenuated,honest,1.5,both_own,14,0,1,52,0.17391304347826086
attenuated,honest,1.5,both_own,14,0,2,2,0.006688963210702341
attenuated,honest,1.5,both_own,14,1,0,64,0.36363636363636365
attenuated,honest,1.5,both_own,14,1,1,112,0.6363636363636364
attenuated,honest,1.5,both_own,14,1,2,0,0.0
attenuated,honest,1.5,both_own,14,2,0,0,0.0
attenuated,honest,1.5,both_own,14,2,1,2,1.0
attenuated,honest,1.5,both_own,14,2,2,0,0.0
attenuated,honest,1.5,both_own,15,0,0,253,0.8187702265372169
attenuated,honest,1.5,both_own,15,0,1,56,0.18122977346278318
attenuated,honest,1.5,both_own,15,0,2,0,0.0
attenuated,honest,1.5,both_own,15,1,0,59,0.35542168674698793
attenuated,honest,1.5,both_own,15,1,1,107,0.6445783132530121
attenuated,honest,1.5,both_own,15,1,2,0,0.0
attenuated,honest,1.5,both_own,15,2,0,2,1.0
attenuated,honest,1.5,both_own,15,2,1,0,0.0
attenuated,honest,1.5,both_own,15,2,2,0,0.0
attenuated,honest,1.5,both_own,16,0,0,259,0.8248407643312102
attenuated,honest,1.5,both_own,16,0,1,55,0.1751592356687898
attenuated,honest,1.5,both_own,16,0,2,0,0.0
attenuated,honest,1.5,both_own,16,1,0,54,0.3312883435582822
attenuated,honest,1.5,both_own,16,1,1,107,0.656441717791411
attenuated,honest,1.5,both_own,16,1,2,2,0.012269938650306749
attenuated,honest,1.5,both_own,16,2,0,0,
attenuated,honest,1.5,both_own,16,2,1,0,
attenuated,honest,1.5,both_own,16,2,2,0,
attenuated,honest,1.5,both_own,17,0,0,255,0.8146964856230032
attenuated,honest,1.5,both_own,17,0,1,58,0.1853035143769968
attenuated,honest,1.5,both_own,17,0,2,0,0.0
attenuated,honest,1.5,both_own,17,1,0,61,0.3765432098765432
attenuated,honest,1.5,both_own,17,1,1,101,0.6234567901234568
attenuated,honest,1.5,both_own,17,1,2,0,0.0
attenuated,honest,1.5,both_own,17,2,0,2,1.0
attenuated,honest,1.5,both_own,17,2,1,0,0.0
attenuated,honest,1.5,both_own,17,2,2,0,0.0
attenuated,honest,1.5,both_own,18,0,0,249,0.7830188679245284
attenuated,honest,1.5,both_own,18,0,1,69,0.2169811320754717
attenuated,honest,1.5,both_own,18,0,2,0,0.0
attenuated,honest,1.5,both_own,18,1,0,51,0.32075471698113206
attenuated,honest,1.5,both_own,18,1,1,108,0.6792452830188679
attenuated,honest,1.5,both_own,18,1,2,0,0.0
attenuated,honest,1.5,both_own,18,2,0,0,
attenuated,honest,1.5,both_own,18,2,1,0,
attenuated,honest,1.5,both_own,18,2,2,0,
attenuated,honest,1.5,both_own,19,0,0,238,0.7933333333333333
attenuated,honest,1.5,both_own,19,0,1,62,0.20666666666666667
attenuated,honest,1.5,both_own,19,0,2,0,0.0
attenuated,honest,1.5,both_own,19,1,0,50,0.2824858757062147
attenuated,honest,1.5,both_own,19,1,1,126,0.711864406779661
attenuated,honest,1.5,both_own,19,1,2,1,0.005649717514124294
attenuated,honest,1.5,both_own,19,2,0,0,
attenuated,honest,1.5,both_own,19,2,1,0,
attenuated,honest,1.5,both_own,19,2,2,0,
attenuated,honest,1.5,both_own,20,0,0,235,0.8159722222222222
attenuated,honest,1.5,both_own,20,0,1,53,0.1840277777777778
attenuated,honest,1.5,both_own,20,0,2,0,0.0
attenuated,honest,1.5,both_own,20,1,0,72,0.3829787234042553
attenuated,honest,1.5,both_own,20,1,1,116,0.6170212765957447
attenuated,honest,1.5,both_own,20,1,2,0,0.0
attenuated,honest,1.5,both_own,20,2,0,0,0.0
attenuated,honest,1.5,both_own,20,2,1,1,1.0
attenuated,honest,1.5,both_own,20,2,2,0,0.0
attenuated,honest,1.5,both_own,21,0,0,234,0.762214983713355
attenuated,honest,1.5,both_own,21,0,1,72,0.23452768729641693
attenuated,honest,1.5,both_own,21,0,2,1,0.003257328990228013
attenuated,honest,1.5,both_own,21,1,0,53,0.31176470588235294
attenuated,honest,1.5,both_own,21,1,1,117,0.6882352941176471
attenuated,honest,1.5,both_own,21,1,2,0,0.0
attenuated,honest,1.5,both_own,21,2,0,0,
attenuated,honest,1.5,both_own,21,2,1,0,
attenuated,honest,1.5,both_own,21,2,2,0,
attenuated,honest,1.5,both_own,22,0,0,228,0.794425087108014
attenuated,honest,1.5,both_own,22,0,1,59,0.20557491289198607
attenuated,honest,1.5,both_own,22,0,2,0,0.0
attenuated,honest,1.5,both_own,22,1,0,61,0.32275132275132273
attenuated,honest,1.5,both_own,22,1,1,128,0.6772486772486772
attenuated,honest,1.5,both_own,22,1,2,0,0.0
attenuated,honest,1.5,both_own,22,2,0,1,1.0
attenuated,honest,1.5,both_own,22,2,1,0,0.0
attenuated,honest,1.5,both_own,22,2,2,0,0.0
attenuated,honest,1.5,both_own,23,0,0,227,0.7827586206896552
attenuated,honest,1.5,both_own,23,0,1,63,0.21724137931034482
attenuated,honest,1.5,both_own,23,0,2,0,0.0
attenuated,honest,1.5,both_own,23,1,0,70,0.37433155080213903
attenuated,honest,1.5,both_own,23,1,1,117,0.6256684491978609
attenuated,honest,1.5,both_own,23,1,2,0,0.0
attenuated,honest,1.5,both_own,23,2,0,0,
attenuated,honest,1.5,both_own,23,2,1,0,
attenuated,honest,1.5,both_own,23,2,2,0,
attenuated,honest,1.5,both_own,0,0,0,6092,0.8177181208053691
attenuated,honest,1.5,both_own,0,0,1,1353,0.18161073825503354
attenuated,honest,1.5,both_own,0,0,2,5,0.0006711409395973154
attenuated,honest,1.5,both_own,0,1,0,1245,0.354498861047836
attenuated,honest,1.5,both_own,0,1,1,2263,0.6443621867881549
attenuated,honest,1.5,both_own,0,1,2,4,0.0011389521640091116
attenuated,honest,1.5,both_own,0,2,0,6,0.6666666666666666
attenuated,honest,1.5,both_own,0,2,1,3,0.3333333333333333
attenuated,honest,1.5,both_own,0,2,2,0,0.0
attenuated,attenuated,1.5,all,1,0,0,481,0.7821138211382114
attenuated,attenuated,1.5,all,1,0,1,133,0.216260162601626
attenuated,attenuated,1.5,all,1,0,2,1,0.0016260162601626016
attenuated,attenuated,1.5,all,1,1,0,81,0.0605833956619297
attenuated,attenuated,1.5,all,1,1,1,1245,0.931189229618549
attenuated,attenuated,1.5,all,1,1,2,11,0.008227374719521317
attenuated,attenuated,1.5,all,1,2,0,2,0.041666666666666664
attenuated,attenuated,1.5,all,1,2,1,10,0.20833333333333334
attenuated,attenuated,1.5,all,1,2,2,36,0.75
attenuated,attenuated,1.5,all,2,0,0,482,0.8546099290780141
attenuated,attenuated,1.5,all,2,0,1,80,0.14184397163120568
attenuated,attenuated,1.5,all,2,0,2,2,0.0035460992907801418
attenuated,attenuated,1.5,all,2,1,0,72,0.05187319884726225
attenuated,attenuated,1.5,all,2,1,1,1305,0.9402017291066282
attenuated,attenuated,1.5,all,2,1,2,11,0.00792507204610951
attenuated,attenuated,1.5,all,2,2,0,0,0.0
attenuated,attenuated,1.5,all,2,2,1,14,0.2916666666666667
attenuated,attenuated,1.5,all,2,2,2,34,0.7083333333333334
attenuated,attenuated,1.5,all,3,0,0,476,0.8592057761732852
attenuated,attenuated,1.5,all,3,0,1,78,0.1407942238267148
attenuated,attenuated,1.5,all,3,0,2,0,0.0
attenuated,attenuated,1.5,all,3,1,0,93,0.06647605432451752
attenuated,attenuated,1.5,all,3,1,1,1293,0.9242315939957112
attenuated,attenuated,1.5,all,3,1,2,13,0.009292351679771264
attenuated,attenuated,1.5,all,3,2,0,1,0.02127659574468085
attenuated,attenuated,1.5,all,3,2,1,13,0.2765957446808511
attenuated,attenuated,1.5,all,3,2,2,33,0.7021276595744681
attenuated,attenuated,1.5,all,4,0,0,479,0.8403508771929824
attenuated,attenuated,1.5,all,4,0,1,91,0.15964912280701754
attenuated,attenuated,1.5,all,4,0,2,0,0.0
attenuated,attenuated,1.5,all,4,1,0,88,0.06358381502890173
attenuated,attenuated,1.5,all,4,1,1,1283,0.9270231213872833
attenuated,attenuated,1.5,all,4,1,2,13,0.00939306358381503
attenuated,attenuated,1.5,all,4,2,0,1,0.021739130434782608
attenuated,attenuated,1.5,all,4,2,1,18,0.391304347826087
attenuated,attenuated,1.5,all,4,2,2,27,0.5869565217391305
attenuated,attenuated,1.5,all,5,0,0,476,0.8380281690140845
attenuated,attenuated,1.5,all,5,0,1,92,0.1619718309859155
attenuated,attenuated,1.5,all,5,0,2,0,0.0
attenuated,attenuated,1.5,all,5,1,0,79,0.05675287356321839
attenuated,attenuated,1.5,all,5,1,1,1300,0.9339080459770115
attenuated,attenuated,1.5,all,5,1,2,13,0.009339080459770116
attenuated,attenuated,1.5,all,5,2,0,3,0.075
attenuated,attenuated,1.5,all,5,2,1,14,0.35
attenuated,attenuated,1.5,all,5,2,2,23,0.575
attenuated,attenuated,1.5,all,6,0,0,473,0.8476702508960573
attenuated,attenuated,1.5,all,6,0,1,84,0.15053763440860216
attenuated,attenuated,1.5,all,6,0,2,1,0.0017921146953405018
attenuated,attenuated,1.5,all,6,1,0,84,0.059743954480796585
attenuated,attenuated,1.5,all,6,1,1,1309,0.9310099573257468
attenuated,attenuated,1.5,all,6,1,2,13,0.009246088193456615
attenuated,attenuated,1.5,all,6,2,0,1,0.027777777777777776
attenuated,attenuated,1.5,all,6,2,1,17,0.4722222222222222
attenuated,attenuated,1.5,all,6,2,2,18,0.5
attenuated,attenuated,1.5,all,7,0,0,475,0.8512544802867383
attenuated,attenuated,1.5,all,7,0,1,81,0.14516129032258066
attenuated,attenuated,1.5,all,7,0,2,2,0.0035842293906810036
attenuated,attenuated,1.5,all,7,1,0,73,0.05177304964539007
attenuated,attenuated,1.5,all,7,1,1,1320,0.9361702127659575
attenuated,attenuated,1.5,all,7,1,2,17,0.012056737588652482
attenuated,attenuated,1.5,all,7,2,0,0,0.0
attenuated,attenuated,1.5,all,7,2,1,8,0.25
attenuated,attenuated,1.5,all,7,2,2,24,0.75
attenuated,attenuated,1.5,all,8,0,0,468,0.8540145985401459
attenuated,attenuated,1.5,all,8,0,1,80,0.145985401459854
attenuated,attenuated,1.5,all,8,0,2,0,0.0
attenuated,attenuated,1.5,all,8,1,0,78,0.05535841022001419
attenuated,attenuated,1.5,all,8,1,1,1318,0.9354151880766501
attenuated,attenuated,1.5,all,8,1,2,13,0.009226401703335699
attenuated,attenuated,1.5,all,8,2,0,1,0.023255813953488372
attenuated,attenuated,1.5,all,8,2,1,15,0.3488372093023256
attenuated,attenuated,1.5,all,8,2,2,27,0.627906976744186
attenuated,attenuated,1.5,all,9,0,0,462,0.8446069469835467
attenuated,attenuated,1.5,all,9,0,1,84,0.15356489945155394
attenuated,attenuated,1.5,all,9,0,2,1,0.0018281535648994515
attenuated,attenuated,1.5,all,9,1,0,96,0.06794055201698514
attenuated,attenuated,1.5,all,9,1,1,1307,0.9249823071479123
attenuated,attenuated,1.5,all,9,1,2,10,0.007077140835102618
attenuated,attenuated,1.5,all,9,2,0,3,0.075
attenuated,attenuated,1.5,all,9,2,1,17,0.425
attenuated,attenuated,1.5,all,9,2,2,20,0.5
attenuated,attenuated,1.5,all,10,0,0,455,0.8110516934046346
attenuated,attenuated,1.5,all,10,0,1,102,0.18181818181818182
attenuated,attenuated,1.5,all,10,0,2,4,0.0071301247771836
attenuated,attenuated,1.5,all,10,1,0,85,0.060369318181818184
attenuated,attenuated,1.5,all,10,1,1,1312,0.9318181818181818
attenuated,attenuated,1.5,all,10,1,2,11,0.0078125
attenuated,attenuated,1.5,all,10,2,0,2,0.06451612903225806
attenuated,attenuated,1.5,all,10,2,1,17,0.5483870967741935
attenuated,attenuated,1.5,all,10,2,2,12,0.3870967741935484
attenuated,attenuated,1.5,all,11,0,0,446,0.8228782287822878
attenuated,attenuated,1.5,all,11,0,1,92,0.16974169741697417
attenuated,attenuated,1.5,all,11,0,2,4,0.007380073800738007
attenuated,attenuated,1.5,all,11,1,0,105,0.07337526205450734
attenuated,attenuated,1.5,all,11,1,1,1313,0.9175401816911251
attenuated,attenuated,1.5,all,11,1,2,13,0.009084556254367574
attenuated,attenuated,1.5,all,11,2,0,0,0.0
attenuated,attenuated,1.5,all,11,2,1,16,0.5925925925925926
attenuated,attenuated,1.5,all,11,2,2,11,0.4074074074074074
attenuated,attenuated,1.5,all,12,0,0,453,0.822141560798548
attenuated,attenuated,1.5,all,12,0,1,96,0.17422867513611615
attenuated,attenuated,1.5,all,12,0,2,2,0.003629764065335753
attenuated,attenuated,1.5,all,12,1,0,113,0.07952146375791697
attenuated,attenuated,1.5,all,12,1,1,1298,0.9134412385643913
attenuated,attenuated,1.5,all,12,1,2,10,0.007037297677691766
attenuated,attenuated,1.5,all,12,2,0,3,0.10714285714285714
attenuated,attenuated,1.5,all,12,2,1,15,0.5357142857142857
attenuated,attenuated,1.5,all,12,2,2,10,0.35714285714285715
attenuated,attenuated,1.5,all,13,0,0,456,0.8014059753954306
attenuated,attenuated,1.5,all,13,0,1,112,0.1968365553602812
attenuated,attenuated,1.5,all,13,0,2,1,0.0017574692442882249
attenuated,attenuated,1.5,all,13,1,0,92,0.06529453513129879
attenuated,attenuated,1.5,all,13,1,1,1306,0.9268985095812633
attenuated,attenuated,1.5,all,13,1,2,11,0.007806955287437899
attenuated,attenuated,1.5,all,13,2,0,0,0.0
attenuated,attenuated,1.5,all,13,2,1,11,0.5
attenuated,attenuated,1.5,all,13,2,2,11,0.5
attenuated,attenuated,1.5,all,14,0,0,453,0.8266423357664233
attenuated,attenuated,1.5,all,14,0,1,92,0.1678832116788321
attenuated,attenuated,1.5,all,14,0,2,3,0.005474452554744526
attenuated,attenuated,1.5,all,14,1,0,105,0.0734779566130161
attenuated,attenuated,1.5,all,14,1,1,1309,0.9160251924422673
attenuated,attenuated,1.5,all,14,1,2,15,0.010496850944716585
attenuated,attenuated,1.5,all,14,2,0,2,0.08695652173913043
attenuated,attenuated,1.5,all,14,2,1,11,0.4782608695652174
attenuated,attenuated,1.5,all,14,2,2,10,0.43478260869565216
attenuated,attenuated,1.5,all,15,0,0,451,0.8053571428571429
attenuated,attenuated,1.5,all,15,0,1,107,0.19107142857142856
attenuated,attenuated,1.5,all,15,0,2,2,0.0035714285714285713
attenuated,attenuated,1.5,all,15,1,0,97,0.06869688385269122
attenuated,attenuated,1.5,all,15,1,1,1301,0.9213881019830028
attenuated,attenuated,1.5,all,15,1,2,14,0.009915014164305949
attenuated,attenuated,1.5,all,15,2,0,3,0.10714285714285714
attenuated,attenuated,1.5,all,15,2,1,12,0.42857142857142855
attenuated,attenuated,1.5,all,15,2,2,13,0.4642857142857143
attenuated,attenuated,1.5,all,16,0,0,447,0.8112522686025408
attenuated,attenuated,1.5,all,16,0,1,102,0.1851179673321234
attenuated,attenuated,1.5,all,16,0,2,2,0.003629764065335753
attenuated,attenuated,1.5,all,16,1,0,107,0.07535211267605633
attenuated,attenuated,1.5,all,16,1,1,1305,0.9190140845070423
attenuated,attenuated,1.5,all,16,1,2,8,0.005633802816901409
attenuated,attenuated,1.5,all,16,2,0,3,0.10344827586206896
attenuated,attenuated,1.5,all,16,2,1,22,0.7586206896551724
attenuated,attenuated,1.5,all,16,2,2,4,0.13793103448275862
attenuated,attenuated,1.5,all,17,0,0,456,0.8186714542190305
attenuated,attenuated,1.5,all,17,0,1,99,0.17773788150807898
attenuated,attenuated,1.5,all,17,0,2,2,0.003590664272890485
attenuated,attenuated,1.5,all,17,1,0,97,0.06787963610916725
attenuated,attenuated,1.5,all,17,1,1,1315,0.9202239328201539
attenuated,attenuated,1.5,all,17,1,2,17,0.011896431070678797
attenuated,attenuated,1.5,all,17,2,0,3,0.21428571428571427
attenuated,attenuated,1.5,all,17,2,1,10,0.7142857142857143
attenuated,attenuated,1.5,all,17,2,2,1,0.07142857142857142
attenuated,attenuated,1.5,all,18,0,0,452,0.8129496402877698
attenuated,attenuated,1.5,all,18,0,1,101,0.18165467625899281
attenuated,attenuated,1.5,all,18,0,2,3,0.00539568345323741
attenuated,attenuated,1.5,all,18,1,0,104,0.07303370786516854
attenuated,attenuated,1.5,all,18,1,1,1307,0.9178370786516854
attenuated,attenuated,1.5,all,18,1,2,13,0.009129213483146067
attenuated,attenuated,1.5,all,18,2,0,1,0.05
attenuated,attenuated,1.5,all,18,2,1,11,0.55
attenuated,attenuated,1.5,all,18,2,2,8,0.4
attenuated,attenuated,1.5,all,19,0,0,448,0.8043087971274686
attenuated,attenuated,1.5,all,19,0,1,109,0.19569120287253142
attenuated,attenuated,1.5,all,19,0,2,0,0.0
attenuated,attenuated,1.5,all,19,1,0,106,0.07470049330514447
attenuated,attenuated,1.5,all,19,1,1,1303,0.9182522903453136
attenuated,attenuated,1.5,all,19,1,2,10,0.007047216349541931
attenuated,attenuated,1.5,all,19,2,0,2,0.08333333333333333
attenuated,attenuated,1.5,all,19,2,1,15,0.625
attenuated,attenuated,1.5,all,19,2,2,7,0.2916666666666667
attenuated,attenuated,1.5,all,20,0,0,446,0.802158273381295
attenuated,attenuated,1.5,all,20,0,1,109,0.1960431654676259
attenuated,attenuated,1.5,all,20,0,2,1,0.0017985611510791368
attenuated,attenuated,1.5,all,20,1,0,92,0.0644709180098108
attenuated,attenuated,1.5,all,20,1,1,1323,0.9271198318149965
attenuated,attenuated,1.5,all,20,1,2,12,0.008409250175192713
attenuated,attenuated,1.5,all,20,2,0,2,0.11764705882352941
attenuated,attenuated,1.5,all,20,2,1,7,0.4117647058823529
attenuated,attenuated,1.5,all,20,2,2,8,0.47058823529411764
attenuated,attenuated,1.5,all,21,0,0,450,0.8333333333333334
attenuated,attenuated,1.5,all,21,0,1,89,0.1648148148148148
attenuated,attenuated,1.5,all,21,0,2,1,0.001851851851851852
attenuated,attenuated,1.5,all,21,1,0,92,0.06393328700486449
attenuated,attenuated,1.5,all,21,1,1,1337,0.9291174426685198
attenuated,attenuated,1.5,all,21,1,2,10,0.006949270326615705
attenuated,attenuated,1.5,all,21,2,0,1,0.047619047619047616
attenuated,attenuated,1.5,all,21,2,1,11,0.5238095238095238
attenuated,attenuated,1.5,all,21,2,2,9,0.42857142857142855
attenuated,attenuated,1.5,all,22,0,0,445,0.8195211786372008
attenuated,attenuated,1.5,all,22,0,1,95,0.17495395948434622
attenuated,attenuated,1.5,all,22,0,2,3,0.0055248618784530384
attenuated,attenuated,1.5,all,22,1,0,111,0.07724425887265135
attenuated,attenuated,1.5,all,22,1,1,1307,0.9095337508698678
attenuated,attenuated,1.5,all,22,1,2,19,0.013221990257480862
attenuated,attenuated,1.5,all,22,2,0,4,0.2
attenuated,attenuated,1.5,all,22,2,1,9,0.45
attenuated,attenuated,1.5,all,22,2,2,7,0.35
attenuated,attenuated,1.5,all,23,0,0,436,0.7785714285714286
attenuated,attenuated,1.5,all,23,0,1,124,0.22142857142857142
attenuated,attenuated,1.5,all,23,0,2,0,0.0
attenuated,attenuated,1.5,all,23,1,0,114,0.08079376328844791
attenuated,attenuated,1.5,all,23,1,1,1287,0.9121190644932672
attenuated,attenuated,1.5,all,23,1,2,10,0.007087172218284904
attenuated,attenuated,1.5,all,23,2,0,2,0.06896551724137931
attenuated,attenuated,1.5,all,23,2,1,19,0.6551724137931034
attenuated,attenuated,1.5,all,23,2,2,8,0.27586206896551724
attenuated,attenuated,1.5,all,0,0,0,10566,0.8233460609366478
attenuated,attenuated,1.5,all,0,0,1,2232,0.1739265954959869
attenuated,attenuated,1.5,all,0,0,2,35,0.002727343567365386
attenuated,attenuated,1.5,all,0,1,0,2164,0.06667899180378381
attenuated,attenuated,1.5,all,0,1,1,30003,0.9244777223146607
attenuated,attenuated,1.5,all,0,1,2,287,0.008843285881555432
attenuated,attenuated,1.5,all,0,2,0,40,0.056100981767180924
attenuated,attenuated,1.5,all,0,2,1,312,0.4375876577840112
attenuated,attenuated,1.5,all,0,2,2,361,0.5063113604488079
attenuated,attenuated,1.5,both_own,1,0,0,473,1.0
attenuated,attenuated,1.5,both_own,1,0,1,0,0.0
attenuated,attenuated,1.5,both_own,1,0,2,0,0.0
attenuated,attenuated,1.5,both_own,1,1,0,4,1.0
attenuated,attenuated,1.5,both_own,1,1,1,0,0.0
attenuated,attenuated,1.5,both_own,1,1,2,0,0.0
attenuated,attenuated,1.5,both_own,1,2,0,0,
attenuated,attenuated,1.5,both_own,1,2,1,0,
attenuated,attenuated,1.5,both_own,1,2,2,0,
attenuated,attenuated,1.5,both_own,2,0,0,475,0.9958071278825996
attenuated,attenuated,1.5,both_own,2,0,1,2,0.0041928721174004195
attenuated,attenuated,1.5,both_own,2,0,2,0,0.0
attenuated,attenuated,1.5,both_own,2,1,0,0,
attenuated,attenuated,1.5,both_own,2,1,1,0,
attenuated,attenuated,1.5,both_own,2,1,2,0,
attenuated,attenuated,1.5,both_own,2,2,0,0,
attenuated,attenuated,1.5,both_own,2,2,1,0,
attenuated,attenuated,1.5,both_own,2,2,2,0,
attenuated,attenuated,1.5,both_own,3,0,0,468,0.9852631578947368
attenuated,attenuated,1.5,both_own,3,0,1,7,0.014736842105263158
attenuated,attenuated,1.5,both_own,3,0,2,0,0.0
attenuated,attenuated,1.5,both_own,3,1,0,2,1.0
attenuated,attenuated,1.5,both_own,3,1,1,0,0.0
attenuated,attenuated,1.5,both_own,3,1,2,0,0.0
attenuated,attenuated,1.5,both_own,3,2,0,0,
attenuated,attenuated,1.5,both_own,3,2,1,0,
attenuated,attenuated,1.5,both_own,3,2,2,0,
attenuated,attenuated,1.5,both_own,4,0,0,467,0.9936170212765958
attenuated,attenuated,1.5,both_own,4,0,1,3,0.006382978723404255
attenuated,attenuated,1.5,both_own,4,0,2,0,0.0
attenuated,attenuated,1.5,both_own,4,1,0,7,1.0
attenuated,attenuated,1.5,both_own,4,1,1,0,0.0
attenuated,attenuated,1.5,both_own,4,1,2,0,0.0
attenuated,attenuated,1.5,both_own,4,2,0,0,
attenuated,attenuated,1.5,both_own,4,2,1,0,
attenuated,attenuated,1.5,both_own,4,2,2,0,
attenuated,attenuated,1.5,both_own,5,0,0,468,0.9873417721518988
attenuated,attenuated,1.5,both_own,5,0,1,6,0.012658227848101266
attenuated,attenuated,1.5,both_own,5,0,2,0,0.0
attenuated,attenuated,1.5,both_own,5,1,0,3,1.0
attenuated,attenuated,1.5,both_own,5,1,1,0,0.0
attenuated,attenuated,1.5,both_own,5,1,2,0,0.0
attenuated,attenuated,1.5,both_own,5,2,0,0,
attenuated,attenuated,1.5,both_own,5,2,1,0,
attenuated,attenuated,1.5,both_own,5,2,2,0,
attenuated,attenuated,1.5,both_own,6,0,0,469,0.9957537154989384
attenuated,attenuated,1.5,both_own,6,0,1,2,0.004246284501061571
attenuated,attenuated,1.5,both_own,6,0,2,0,0.0
attenuated,attenuated,1.5,both_own,6,1,0,6,1.0
attenuated,attenuated,1.5,both_own,6,1,1,0,0.0
attenuated,attenuated,1.5,both_own,6,1,2,0,0.0
attenuated,attenuated,1.5,both_own,6,2,0,0,
attenuated,attenuated,1.5,both_own,6,2,1,0,
attenuated,attenuated,1.5,both_own,6,2,2,0,
attenuated,attenuated,1.5,both_own,7,0,0,467,0.9831578947368421
attenuated,attenuated,1.5,both_own,7,0,1,8,0.016842105263157894
attenuated,attenuated,1.5,both_own,7,0,2,0,0.0
attenuated,attenuated,1.5,both_own,7,1,0,2,1.0
attenuated,attenuated,1.5,both_own,7,1,1,0,0.0
attenuated,attenuated,1.5,both_own,7,1,2,0,0.0
attenuated,attenuated,1.5,both_own,7,2,0,0,
attenuated,attenuated,1.5,both_own,7,2,1,0,
attenuated,attenuated,1.5,both_own,7,2,2,0,
attenuated,attenuated,1.5,both_own,8,0,0,461,0.9829424307036247
attenuated,attenuated,1.5,both_own,8,0,1,8,0.017057569296375266
attenuated,attenuated,1.5,both_own,8,0,2,0,0.0
attenuated,attenuated,1.5,both_own,8,1,0,7,0.875
attenuated,attenuated,1.5,both_own,8,1,1,1,0.125
attenuated,attenuated,1.5,both_own,8,1,2,0,0.0
attenuated,attenuated,1.5,both_own,8,2,0,0,
attenuated,attenuated,1.5,both_own,8,2,1,0,
attenuated,attenuated,1.5,both_own,8,2,2,0,
attenuated,attenuated,1.5,both_own,9,0,0,455,0.9722222222222222
attenuated,attenuated,1.5,both_own,9,0,1,13,0.027777777777777776
attenuated,attenuated,1.5,both_own,9,0,2,0,0.0
attenuated,attenuated,1.5,both_own,9,1,0,8,0.8888888888888888
attenuated,attenuated,1.5,both_own,9,1,1,1,0.1111111111111111
attenuated,attenuated,1.5,both_own,9,1,2,0,0.0
attenuated,attenuated,1.5,both_own,9,2,0,0,
attenuated,attenuated,1.5,both_own,9,2,1,0,
attenuated,attenuated,1.5,both_own,9,2,2,0,
attenuated,attenuated,1.5,both_own,10,0,0,447,0.9654427645788337
attenuated,attenuated,1.5,both_own,10,0,1,16,0.03455723542116631
attenuated,attenuated,1.5,both_own,10,0,2,0,0.0
attenuated,attenuated,1.5,both_own,10,1,0,13,0.9285714285714286
attenuated,attenuated,1.5,both_own,10,1,1,1,0.07142857142857142
attenuated,attenuated,1.5,both_own,10,1,2,0,0.0
attenuated,attenuated,1.5,both_own,10,2,0,0,
attenuated,attenuated,1.5,both_own,10,2,1,0,
attenuated,attenuated,1.5,both_own,10,2,2,0,
attenuated,attenuated,1.5,both_own,11,0,0,441,0.9586956521739131
attenuated,attenuated,1.5,both_own,11,0,1,18,0.0391304347826087
attenuated,attenuated,1.5,both_own,11,0,2,1,0.002173913043478261
attenuated,attenuated,1.5,both_own,11,1,0,16,0.9411764705882353
attenuated,attenuated,1.5,both_own,11,1,1,1,0.058823529411764705
attenuated,attenuated,1.5,both_own,11,1,2,0,0.0
attenuated,attenuated,1.5,both_own,11,2,0,0,
attenuated,attenuated,1.5,both_own,11,2,1,0,
attenuated,attenuated,1.5,both_own,11,2,2,0,
attenuated,attenuated,1.5,both_own,12,0,0,445,0.973741794310722
attenuated,attenuated,1.5,both_own,12,0,1,12,0.0262582056892779
attenuated,attenuated,1.5,both_own,12,0,2,0,0.0
attenuated,attenuated,1.5,both_own,12,1,0,19,1.0
attenuated,attenuated,1.5,both_own,12,1,1,0,0.0
attenuated,attenuated,1.5,both_own,12,1,2,0,0.0
attenuated,attenuated,1.5,both_own,12,2,0,1,1.0
attenuated,attenuated,1.5,both_own,12,2,1,0,0.0
attenuated,attenuated,1.5,both_own,12,2,2,0,0.0
attenuated,attenuated,1.5,both_own,13,0,0,447,0.9612903225806452
attenuated,attenuated,1.5,both_own,13,0,1,18,0.03870967741935484
attenuated,attenuated,1.5,both_own,13,0,2,0,0.0
attenuated,attenuated,1.5,both_own,13,1,0,11,0.9166666666666666
attenuated,attenuated,1.5,both_own,13,1,1,1,0.08333333333333333
attenuated,attenuated,1.5,both_own,13,1,2,0,0.0
attenuated,attenuated,1.5,both_own,13,2,0,0,
attenuated,attenuated,1.5,both_own,13,2,1,0,
attenuated,attenuated,1.5,both_own,13,2,2,0,
attenuated,attenuated,1.5,both_own,14,0,0,444,0.9694323144104804
attenuated,attenuated,1.5,both_own,14,0,1,14,0.03056768558951965
attenuated,attenuated,1.5,both_own,14,0,2,0,0.0
attenuated,attenuated,1.5,both_own,14,1,0,16,0.8421052631578947
attenuated,attenuated,1.5,both_own,14,1,1,3,0.15789473684210525
attenuated,attenuated,1.5,both_own,14,1,2,0,0.0
attenuated,attenuated,1.5,both_own,14,2,0,0,
attenuated,attenuated,1.5,both_own,14,2,1,0,
attenuated,attenuated,1.5,both_own,14,2,2,0,
attenuated,attenuated,1.5,both_own,15,0,0,441,0.9586956521739131
attenuated,attenuated,1.5,both_own,15,0,1,19,0.041304347826086954
attenuated,attenuated,1.5,both_own,15,0,2,0,0.0
attenuated,attenuated,1.5,both_own,15,1,0,15,0.8823529411764706
attenuated,attenuated,1.5,both_own,15,1,1,2,0.11764705882352941
attenuated,attenuated,1.5,both_own,15,1,2,0,0.0
attenuated,attenuated,1.5,both_own,15,2,0,0,
attenuated,attenuated,1.5,both_own,15,2,1,0,
attenuated,attenuated,1.5,both_own,15,2,2,0,
attenuated,attenuated,1.5,both_own,16,0,0,437,0.9583333333333334
attenuated,attenuated,1.5,both_own,16,0,1,19,0.041666666666666664
attenuated,attenuated,1.5,both_own,16,0,2,0,0.0
attenuated,attenuated,1.5,both_own,16,1,0,21,1.0
attenuated,attenuated,1.5,both_own,16,1,1,0,0.0
attenuated,attenuated,1.5,both_own,16,1,2,0,0.0
attenuated,attenuated,1.5,both_own,16,2,0,0,
attenuated,attenuated,1.5,both_own,16,2,1,0,
attenuated,attenuated,1.5,both_own,16,2,2,0,
attenuated,attenuated,1.5,both_own,17,0,0,441,0.962882096069869
attenuated,attenuated,1.5,both_own,17,0,1,17,0.03711790393013101
attenuated,attenuated,1.5,both_own,17,0,2,0,0.0
attenuated,attenuated,1.5,both_own,17,1,0,17,0.8947368421052632
attenuated,attenuated,1.5,both_own,17,1,1,2,0.10526315789473684
attenuated,attenuated,1.5,both_own,17,1,2,0,0.0
attenuated,attenuated,1.5,both_own,17,2,0,0,
attenuated,attenuated,1.5,both_own,17,2,1,0,
attenuated,attenuated,1.5,both_own,17,2,2,0,
attenuated,attenuated,1.5,both_own,18,0,0,440,0.9606986899563319
attenuated,attenuated,1.5,both_own,18,0,1,17,0.03711790393013101
attenuated,attenuated,1.5,both_own,18,0,2,1,0.002183406113537118
attenuated,attenuated,1.5,both_own,18,1,0,19,1.0
attenuated,attenuated,1.5,both_own,18,1,1,0,0.0
attenuated,attenuated,1.5,both_own,18,1,2,0,0.0
attenuated,attenuated,1.5,both_own,18,2,0,0,
attenuated,attenuated,1.5,both_own,18,2,1,0,
attenuated,attenuated,1.5,both_own,18,2,2,0,
attenuated,attenuated,1.5,both_own,19,0,0,437,0.9520697167755992
attenuated,attenuated,1.5,both_own,19,0,1,22,0.04793028322440087
attenuated,attenuated,1.5,both_own,19,0,2,0,0.0
attenuated,attenuated,1.5,both_own,19,1,0,14,0.8235294117647058
attenuated,attenuated,1.5,both_own,19,1,1,3,0.17647058823529413
attenuated,attenuated,1.5,both_own,19,1,2,0,0.0
attenuated,attenuated,1.5,both_own,19,2,0,1,1.0
attenuated,attenuated,1.5,both_own,19,2,1,0,0.0
attenuated,attenuated,1.5,both_own,19,2,2,0,0.0
attenuated,attenuated,1.5,both_own,20,0,0,436,0.9646017699115044
attenuated,attenuated,1.5,both_own,20,0,1,16,0.035398230088495575
attenuated,attenuated,1.5,both_own,20,0,2,0,0.0
attenuated,attenuated,1.5,both_own,20,1,0,23,0.92
attenuated,attenuated,1.5,both_own,20,1,1,2,0.08
attenuated,attenuated,1.5,both_own,20,1,2,0,0.0
attenuated,attenuated,1.5,both_own,20,2,0,0,
attenuated,attenuated,1.5,both_own,20,2,1,0,
attenuated,attenuated,1.5,both_own,20,2,2,0,
attenuated,attenuated,1.5,both_own,21,0,0,439,0.9564270152505446
attenuated,attenuated,1.5,both_own,21,0,1,20,0.04357298474945534
attenuated,attenuated,1.5,both_own,21,0,2,0,0.0
attenuated,attenuated,1.5,both_own,21,1,0,18,1.0
attenuated,attenuated,1.5,both_own,21,1,1,0,0.0
attenuated,attenuated,1.5,both_own,21,1,2,0,0.0
attenuated,attenuated,1.5,both_own,21,2,0,0,
attenuated,attenuated,1.5,both_own,21,2,1,0,
attenuated,attenuated,1.5,both_own,21,2,2,0,
attenuated,attenuated,1.5,both_own,22,0,0,436,0.9540481400437637
attenuated,attenuated,1.5,both_own,22,0,1,21,0.045951859956236324
attenuated,attenuated,1.5,both_own,22,0,2,0,0.0
attenuated,attenuated,1.5,both_own,22,1,0,18,0.9
attenuated,attenuated,1.5,both_own,22,1,1,2,0.1
attenuated,attenuated,1.5,both_own,22,1,2,0,0.0
attenuated,attenuated,1.5,both_own,22,2,0,0,
attenuated,attenuated,1.5,both_own,22,2,1,0,
attenuated,attenuated,1.5,both_own,22,2,2,0,
attenuated,attenuated,1.5,both_own,23,0,0,419,0.9229074889867841
attenuated,attenuated,1.5,both_own,23,0,1,35,0.07709251101321586
attenuated,attenuated,1.5,both_own,23,0,2,0,0.0
attenuated,attenuated,1.5,both_own,23,1,0,23,1.0
attenuated,attenuated,1.5,both_own,23,1,1,0,0.0
attenuated,attenuated,1.5,both_own,23,1,2,0,0.0
attenuated,attenuated,1.5,both_own,23,2,0,0,
attenuated,attenuated,1.5,both_own,23,2,1,0,
attenuated,attenuated,1.5,both_own,23,2,2,0,
attenuated,attenuated,1.5,both_own,0,0,0,10353,0.9704724409448819
attenuated,attenuated,1.5,both_own,0,0,1,313,0.02934008248968879
attenuated,attenuated,1.5,both_own,0,0,2,2,0.00018747656542932134
attenuated,attenuated,1.5,both_own,0,1,0,282,0.9368770764119602
attenuated,attenuated,1.5,both_own,0,1,1,19,0.06312292358803986
attenuated,attenuated,1.5,both_own,0,1,2,0,0.0
attenuated,attenuated,1.5,both_own,0,2,0,2,1.0
attenuated,attenuated,1.5,both_own,0,2,1,0,0.0
attenuated,attenuated,1.5,both_own,0,2,2,0,0.0
attenuated,costly,1.5,all,1,0,0,1167,0.9088785046728972
attenuated,costly,1.5,all,1,0,1,117,0.0911214953271028
attenuated,costly,1.5,all,1,0,2,0,0.0
attenuated,costly,1.5,all,1,1,0,69,0.09636871508379888
attenuated,costly,1.5,all,1,1,1,647,0.9036312849162011
attenuated,costly,1.5,all,1,1,2,0,0.0
attenuated,costly,1.5,all,1,2,0,0,
attenuated,costly,1.5,all,1,2,1,0,
attenuated,costly,1.5,all,1,2,2,0,
attenuated,costly,1.5,all,2,0,0,1173,0.9490291262135923
attenuated,costly,1.5,all,2,0,1,63,0.050970873786407765
attenuated,costly,1.5,all,2,0,2,0,0.0
attenuated,costly,1.5,all,2,1,0,66,0.08638743455497382
attenuated,costly,1.5,all,2,1,1,698,0.9136125654450262
attenuated,costly,1.5,all,2,1,2,0,0.0
attenuated,costly,1.5,all,2,2,0,0,
attenuated,costly,1.5,all,2,2,1,0,
attenuated,costly,1.5,all,2,2,2,0,
attenuated,costly,1.5,all,3,0,0,1177,0.9499596448748991
attenuated,costly,1.5,all,3,0,1,62,0.05004035512510089
attenuated,costly,1.5,all,3,0,2,0,0.0
attenuated,costly,1.5,all,3,1,0,73,0.09592641261498029
attenuated,costly,1.5,all,3,1,1,688,0.9040735873850198
attenuated,costly,1.5,all,3,1,2,0,0.0
attenuated,costly,1.5,all,3,2,0,0,
attenuated,costly,1.5,all,3,2,1,0,
attenuated,costly,1.5,all,3,2,2,0,
attenuated,costly,1.5,all,4,0,0,1186,0.9488
attenuated,costly,1.5,all,4,0,1,64,0.0512
attenuated,costly,1.5,all,4,0,2,0,0.0
attenuated,costly,1.5,all,4,1,0,58,0.07733333333333334
attenuated,costly,1.5,all,4,1,1,692,0.9226666666666666
attenuated,costly,1.5,all,4,1,2,0,0.0
attenuated,costly,1.5,all,4,2,0,0,
attenuated,costly,1.5,all,4,2,1,0,
attenuated,costly,1.5,all,4,2,2,0,
attenuated,costly,1.5,all,5,0,0,1184,0.9517684887459807
attenuated,costly,1.5,all,5,0,1,60,0.04823151125401929
attenuated,costly,1.5,all,5,0,2,0,0.0
attenuated,costly,1.5,all,5,1,0,50,0.06613756613756613
attenuated,costly,1.5,all,5,1,1,705,0.9325396825396826
attenuated,costly,1.5,all,5,1,2,1,0.0013227513227513227
attenuated,costly,1.5,all,5,2,0,0,
attenuated,costly,1.5,all,5,2,1,0,
attenuated,costly,1.5,all,5,2,2,0,
attenuated,costly,1.5,all,6,0,0,1172,0.9497568881685575
attenuated,costly,1.5,all,6,0,1,62,0.050243111831442464
attenuated,costly,1.5,all,6,0,2,0,0.0
attenuated,costly,1.5,all,6,1,0,65,0.08496732026143791
attenuated,costly,1.5,all,6,1,1,700,0.9150326797385621
attenuated,costly,1.5,all,6,1,2,0,0.0
attenuated,costly,1.5,all,6,2,0,0,0.0
attenuated,costly,1.5,all,6,2,1,1,1.0
attenuated,costly,1.5,all,6,2,2,0,0.0
attenuated,costly,1.5,all,7,0,0,1161,0.9385610347615198
attenuated,costly,1.5,all,7,0,1,76,0.06143896523848019
attenuated,costly,1.5,all,7,0,2,0,0.0
attenuated,costly,1.5,all,7,1,0,56,0.07339449541284404
attenuated,costly,1.5,all,7,1,1,707,0.926605504587156
attenuated,costly,1.5,all,7,1,2,0,0.0
attenuated,costly,1.5,all,7,2,0,0,
attenuated,costly,1.5,all,7,2,1,0,
attenuated,costly,1.5,all,7,2,2,0,
attenuated,costly,1.5,all,8,0,0,1170,0.961380443714051
attenuated,costly,1.5,all,8,0,1,47,0.038619556285949055
attenuated,costly,1.5,all,8,0,2,0,0.0
attenuated,costly,1.5,all,8,1,0,65,0.08301404853128991
attenuated,costly,1.5,all,8,1,1,718,0.9169859514687101
attenuated,costly,1.5,all,8,1,2,0,0.0
attenuated,costly,1.5,all,8,2,0,0,
attenuated,costly,1.5,all,8,2,1,0,
attenuated,costly,1.5,all,8,2,2,0,
attenuated,costly,1.5,all,9,0,0,1171,0.9481781376518219
attenuated,costly,1.5,all,9,0,1,64,0.051821862348178135
attenuated,costly,1.5,all,9,0,2,0,0.0
attenuated,costly,1.5,all,9,1,0,62,0.08104575163398693
attenuated,costly,1.5,all,9,1,1,703,0.918954248366013
attenuated,costly,1.5,all,9,1,2,0,0.0
attenuated,costly,1.5,all,9,2,0,0,
attenuated,costly,1.5,all,9,2,1,0,
attenuated,costly,1.5,all,9,2,2,0,
attenuated,costly,1.5,all,10,0,0,1151,0.9334955393349554
attenuated,costly,1.5,all,10,0,1,82,0.0665044606650446
attenuated,costly,1.5,all,10,0,2,0,0.0
attenuated,costly,1.5,all,10,1,0,74,0.09647979139504563
attenuated,costly,1.5,all,10,1,1,693,0.9035202086049544
attenuated,costly,1.5,all,10,1,2,0,0.0
attenuated,costly,1.5,all,10,2,0,0,
attenuated,costly,1.5,all,10,2,1,0,
attenuated,costly,1.5,all,10,2,2,0,
attenuated,costly,1.5,all,11,0,0,1156,0.9436734693877551
attenuated,costly,1.5,all,11,0,1,69,0.0563265306122449
attenuated,costly,1.5,all,11,0,2,0,0.0
attenuated,costly,1.5,all,11,1,0,72,0.09290322580645162
attenuated,costly,1.5,all,11,1,1,703,0.9070967741935484
attenuated,costly,1.5,all,11,1,2,0,0.0
attenuated,costly,1.5,all,11,2,0,0,
attenuated,costly,1.5,all,11,2,1,0,
attenuated,costly,1.5,all,11,2,2,0,
attenuated,costly,1.5,all,12,0,0,1163,0.9470684039087948
attenuated,costly,1.5,all,12,0,1,65,0.052931596091205214
attenuated,costly,1.5,all,12,0,2,0,0.0
attenuated,costly,1.5,all,12,1,0,80,0.10362694300518134
attenuated,costly,1.5,all,12,1,1,692,0.8963730569948186
attenuated,costly,1.5,all,12,1,2,0,0.0
attenuated,costly,1.5,all,12,2,0,0,
attenuated,costly,1.5,all,12,2,1,0,
attenuated,costly,1.5,all,12,2,2,0,
attenuated,costly,1.5,all,13,0,0,1162,0.9348350764279968
attenuated,costly,1.5,all,13,0,1,81,0.06516492357200322
attenuated,costly,1.5,all,13,0,2,0,0.0
attenuated,costly,1.5,all,13,1,0,70,0.09247027741083223
attenuated,costly,1.5,all,13,1,1,687,0.9075297225891678
attenuated,costly,1.5,all,13,1,2,0,0.0
attenuated,costly,1.5,all,13,2,0,0,
attenuated,costly,1.5,all,13,2,1,0,
attenuated,costly,1.5,all,13,2,2,0,
attenuated,costly,1.5,all,14,0,0,1158,0.939935064935065
attenuated,costly,1.5,all,14,0,1,74,0.060064935064935064
attenuated,costly,1.5,all,14,0,2,0,0.0
attenuated,costly,1.5,all,14,1,0,70,0.09114583333333333
attenuated,costly,1.5,all,14,1,1,698,0.9088541666666666
attenuated,costly,1.5,all,14,1,2,0,0.0
attenuated,costly,1.5,all,14,2,0,0,
attenuated,costly,1.5,all,14,2,1,0,
attenuated,costly,1.5,all,14,2,2,0,
attenuated,costly,1.5,all,15,0,0,1158,0.9429967426710097
attenuated,costly,1.5,all,15,0,1,70,0.057003257328990226
attenuated,costly,1.5,all,15,0,2,0,0.0
attenuated,costly,1.5,all,15,1,0,60,0.07772020725388601
attenuated,costly,1.5,all,15,1,1,712,0.9222797927461139
attenuated,costly,1.5,all,15,1,2,0,0.0
attenuated,costly,1.5,all,15,2,0,0,
attenuated,costly,1.5,all,15,2,1,0,
attenuated,costly,1.5,all,15,2,2,0,
attenuated,costly,1.5,all,16,0,0,1157,0.9499178981937603
attenuated,costly,1.5,all,16,0,1,61,0.05008210180623974
attenuated,costly,1.5,all,16,0,2,0,0.0
attenuated,costly,1.5,all,16,1,0,82,0.10485933503836317
attenuated,costly,1.5,all,16,1,1,700,0.8951406649616368
attenuated,costly,1.5,all,16,1,2,0,0.0
attenuated,costly,1.5,all,16,2,0,0,
attenuated,costly,1.5,all,16,2,1,0,
attenuated,costly,1.5,all,16,2,2,0,
attenuated,costly,1.5,all,17,0,0,1168,0.9426957223567393
attenuated,costly,1.5,all,17,0,1,71,0.057304277643260695
attenuated,costly,1.5,all,17,0,2,0,0.0
attenuated,costly,1.5,all,17,1,0,69,0.09067017082785808
attenuated,costly,1.5,all,17,1,1,692,0.9093298291721419
attenuated,costly,1.5,all,17,1,2,0,0.0
attenuated,costly,1.5,all,17,2,0,0,
attenuated,costly,1.5,all,17,2,1,0,
attenuated,costly,1.5,all,17,2,2,0,
attenuated,costly,1.5,all,18,0,0,1174,0.9490703314470493
attenuated,costly,1.5,all,18,0,1,63,0.05092966855295069
attenuated,costly,1.5,all,18,0,2,0,0.0
attenuated,costly,1.5,all,18,1,0,60,0.07863695937090433
attenuated,costly,1.5,all,18,1,1,703,0.9213630406290957
attenuated,costly,1.5,all,18,1,2,0,0.0
attenuated,costly,1.5,all,18,2,0,0,
attenuated,costly,1.5,all,18,2,1,0,
attenuated,costly,1.5,all,18,2,2,0,
attenuated,costly,1.5,all,19,0,0,1172,0.9497568881685575
attenuated,costly,1.5,all,19,0,1,62,0.050243111831442464
attenuated,costly,1.5,all,19,0,2,0,0.0
attenuated,costly,1.5,all,19,1,0,74,0.09660574412532637
attenuated,costly,1.5,all,19,1,1,692,0.9033942558746736
attenuated,costly,1.5,all,19,1,2,0,0.0
attenuated,costly,1.5,all,19,2,0,0,
attenuated,costly,1.5,all,19,2,1,0,
attenuated,costly,1.5,all,19,2,2,0,
attenuated,costly,1.5,all,20,0,0,1161,0.9317817014446228
attenuated,costly,1.5,all,20,0,1,85,0.06821829855537721
attenuated,costly,1.5,all,20,0,2,0,0.0
attenuated,costly,1.5,all,20,1,0,61,0.08090185676392574
attenuated,costly,1.5,all,20,1,1,693,0.9190981432360743
attenuated,costly,1.5,all,20,1,2,0,0.0
attenuated,costly,1.5,all,20,2,0,0,
attenuated,costly,1.5,all,20,2,1,0,
attenuated,costly,1.5,all,20,2,2,0,
attenuated,costly,1.5,all,21,0,0,1161,0.9500818330605565
attenuated,costly,1.5,all,21,0,1,61,0.04991816693944354
attenuated,costly,1.5,all,21,0,2,0,0.0
attenuated,costly,1.5,all,21,1,0,60,0.07712082262210797
attenuated,costly,1.5,all,21,1,1,718,0.922879177377892
attenuated,costly,1.5,all,21,1,2,0,0.0
attenuated,costly,1.5,all,21,2,0,0,
attenuated,costly,1.5,all,21,2,1,0,
attenuated,costly,1.5,all,21,2,2,0,
attenuated,costly,1.5,all,22,0,0,1161,0.9508599508599509
attenuated,costly,1.5,all,22,0,1,60,0.04914004914004914
attenuated,costly,1.5,all,22,0,2,0,0.0
attenuated,costly,1.5,all,22,1,0,72,0.09242618741976893
attenuated,costly,1.5,all,22,1,1,707,0.9075738125802311
attenuated,costly,1.5,all,22,1,2,0,0.0
attenuated,costly,1.5,all,22,2,0,0,
attenuated,costly,1.5,all,22,2,1,0,
attenuated,costly,1.5,all,22,2,2,0,
attenuated,costly,1.5,all,23,0,0,1157,0.9383617193836172
attenuated,costly,1.5,all,23,0,1,76,0.06163828061638281
attenuated,costly,1.5,all,23,0,2,0,0.0
attenuated,costly,1.5,all,23,1,0,75,0.09778357235984354
attenuated,costly,1.5,all,23,1,1,692,0.9022164276401564
attenuated,costly,1.5,all,23,1,2,0,0.0
attenuated,costly,1.5,all,23,2,0,0,
attenuated,costly,1.5,all,23,2,1,0,
attenuated,costly,1.5,all,23,2,2,0,
attenuated,costly,1.5,all,0,0,0,26820,0.9438676755234912
attenuated,costly,1.5,all,0,0,1,1595,0.056132324476508885
attenuated,costly,1.5,all,0,0,2,0,0.0
attenuated,costly,1.5,all,0,1,0,1543,0.08775022747952685
attenuated,costly,1.5,all,0,1,1,16040,0.9121929026387625
attenuated,costly,1.5,all,0,1,2,1,5.6869881710646044e-05
attenuated,costly,1.5,all,0,2,0,0,0.0
attenuated,costly,1.5,all,0,2,1,1,1.0
attenuated,costly,1.5,all,0,2,2,0,0.0
attenuated,costly,1.5,both_own,1,0,0,475,1.0
attenuated,costly,1.5,both_own,1,0,1,0,0.0
attenuated,costly,1.5,both_own,1,0,2,0,0.0
attenuated,costly,1.5,both_own,1,1,0,2,1.0
attenuated,costly,1.5,both_own,1,1,1,0,0.0
attenuated,costly,1.5,both_own,1,1,2,0,0.0
attenuated,costly,1.5,both_own,1,2,0,0,
attenuated,costly,1.5,both_own,1,2,1,0,
attenuated,costly,1.5,both_own,1,2,2,0,
attenuated,costly,1.5,both_own,2,0,0,477,1.0
attenuated,costly,1.5,both_own,2,0,1,0,0.0
attenuated,costly,1.5,both_own,2,0,2,0,0.0
attenuated,costly,1.5,both_own,2,1,0,0,
attenuated,costly,1.5,both_own,2,1,1,0,
attenuated,costly,1.5,both_own,2,1,2,0,
attenuated,costly,1.5,both_own,2,2,0,0,
attenuated,costly,1.5,both_own,2,2,1,0,
attenuated,costly,1.5,both_own,2,2,2,0,
attenuated,costly,1.5,both_own,3,0,0,473,0.9916142557651991
attenuated,costly,1.5,both_own,3,0,1,4,0.008385744234800839
attenuated,costly,1.5,both_own,3,0,2,0,0.0
attenuated,costly,1.5,both_own,3,1,0,0,
attenuated,costly,1.5,both_own,3,1,1,0,
attenuated,costly,1.5,both_own,3,1,2,0,
attenuated,costly,1.5,both_own,3,2,0,0,
attenuated,costly,1.5,both_own,3,2,1,0,
attenuated,costly,1.5,both_own,3,2,2,0,
attenuated,costly,1.5,both_own,4,0,0,471,0.9957716701902748
attenuated,costly,1.5,both_own,4,0,1,2,0.004228329809725159
attenuated,costly,1.5,both_own,4,0,2,0,0.0
attenuated,costly,1.5,both_own,4,1,0,4,1.0
attenuated,costly,1.5,both_own,4,1,1,0,0.0
attenuated,costly,1.5,both_own,4,1,2,0,0.0
attenuated,costly,1.5,both_own,4,2,0,0,
attenuated,costly,1.5,both_own,4,2,1,0,
attenuated,costly,1.5,both_own,4,2,2,0,
attenuated,costly,1.5,both_own,5,0,0,474,0.9978947368421053
attenuated,costly,1.5,both_own,5,0,1,1,0.002105263157894737
attenuated,costly,1.5,both_own,5,0,2,0,0.0
attenuated,costly,1.5,both_own,5,1,0,2,1.0
attenuated,costly,1.5,both_own,5,1,1,0,0.0
attenuated,costly,1.5,both_own,5,1,2,0,0.0
attenuated,costly,1.5,both_own,5,2,0,0,
attenuated,costly,1.5,both_own,5,2,1,0,
attenuated,costly,1.5,both_own,5,2,2,0,
attenuated,costly,1.5,both_own,6,0,0,474,0.9957983193277311
attenuated,costly,1.5,both_own,6,0,1,2,0.004201680672268907
attenuated,costly,1.5,both_own,6,0,2,0,0.0
attenuated,costly,1.5,both_own,6,1,0,1,1.0
attenuated,costly,1.5,both_own,6,1,1,0,0.0
attenuated,costly,1.5,both_own,6,1,2,0,0.0
attenuated,costly,1.5,both_own,6,2,0,0,
attenuated,costly,1.5,both_own,6,2,1,0,
attenuated,costly,1.5,both_own,6,2,2,0,
attenuated,costly,1.5,both_own,7,0,0,469,0.9873684210526316
attenuated,costly,1.5,both_own,7,0,1,6,0.01263157894736842
attenuated,costly,1.5,both_own,7,0,2,0,0.0
attenuated,costly,1.5,both_own,7,1,0,2,1.0
attenuated,costly,1.5,both_own,7,1,1,0,0.0
attenuated,costly,1.5,both_own,7,1,2,0,0.0
attenuated,costly,1.5,both_own,7,2,0,0,
attenuated,costly,1.5,both_own,7,2,1,0,
attenuated,costly,1.5,both_own,7,2,2,0,
attenuated,costly,1.5,both_own,8,0,0,469,0.9957537154989384
attenuated,costly,1.5,both_own,8,0,1,2,0.004246284501061571
attenuated,costly,1.5,both_own,8,0,2,0,0.0
attenuated,costly,1.5,both_own,8,1,0,5,0.8333333333333334
attenuated,costly,1.5,both_own,8,1,1,1,0.16666666666666666
attenuated,costly,1.5,both_own,8,1,2,0,0.0
attenuated,costly,1.5,both_own,8,2,0,0,
attenuated,costly,1.5,both_own,8,2,1,0,
attenuated,costly,1.5,both_own,8,2,2,0,
attenuated,costly,1.5,both_own,9,0,0,470,0.9915611814345991
attenuated,costly,1.5,both_own,9,0,1,4,0.008438818565400843
attenuated,costly,1.5,both_own,9,0,2,0,0.0
attenuated,costly,1.5,both_own,9,1,0,3,1.0
attenuated,costly,1.5,both_own,9,1,1,0,0.0
attenuated,costly,1.5,both_own,9,1,2,0,0.0
attenuated,costly,1.5,both_own,9,2,0,0,
attenuated,costly,1.5,both_own,9,2,1,0,
attenuated,costly,1.5,both_own,9,2,2,0,
attenuated,costly,1.5,both_own,10,0,0,464,0.9809725158562368
attenuated,costly,1.5,both_own,10,0,1,9,0.019027484143763214
attenuated,costly,1.5,both_own,10,0,2,0,0.0
attenuated,costly,1.5,both_own,10,1,0,3,0.75
attenuated,costly,1.5,both_own,10,1,1,1,0.25
attenuated,costly,1.5,both_own,10,1,2,0,0.0
attenuated,costly,1.5,both_own,10,2,0,0,
attenuated,costly,1.5,both_own,10,2,1,0,
attenuated,costly,1.5,both_own,10,2,2,0,
attenuated,costly,1.5,both_own,11,0,0,455,0.974304068522484
attenuated,costly,1.5,both_own,11,0,1,12,0.02569593147751606
attenuated,costly,1.5,both_own,11,0,2,0,0.0
attenuated,costly,1.5,both_own,11,1,0,8,0.8
attenuated,costly,1.5,both_own,11,1,1,2,0.2
attenuated,costly,1.5,both_own,11,1,2,0,0.0
attenuated,costly,1.5,both_own,11,2,0,0,
attenuated,costly,1.5,both_own,11,2,1,0,
attenuated,costly,1.5,both_own,11,2,2,0,
attenuated,costly,1.5,both_own,12,0,0,454,0.980561555075594
attenuated,costly,1.5,both_own,12,0,1,9,0.019438444924406047
attenuated,costly,1.5,both_own,12,0,2,0,0.0
attenuated,costly,1.5,both_own,12,1,0,14,1.0
attenuated,costly,1.5,both_own,12,1,1,0,0.0
attenuated,costly,1.5,both_own,12,1,2,0,0.0
attenuated,costly,1.5,both_own,12,2,0,0,
attenuated,costly,1.5,both_own,12,2,1,0,
attenuated,costly,1.5,both_own,12,2,2,0,
attenuated,costly,1.5,both_own,13,0,0,458,0.9786324786324786
attenuated,costly,1.5,both_own,13,0,1,10,0.021367521367521368
attenuated,costly,1.5,both_own,13,0,2,0,0.0
attenuated,costly,1.5,both_own,13,1,0,9,1.0
attenuated,costly,1.5,both_own,13,1,1,0,0.0
attenuated,costly,1.5,both_own,13,1,2,0,0.0
attenuated,costly,1.5,both_own,13,2,0,0,
attenuated,costly,1.5,both_own,13,2,1,0,
attenuated,costly,1.5,both_own,13,2,2,0,
attenuated,costly,1.5,both_own,14,0,0,458,0.9807280513918629
attenuated,costly,1.5,both_own,14,0,1,9,0.019271948608137045
attenuated,costly,1.5,both_own,14,0,2,0,0.0
attenuated,costly,1.5,both_own,14,1,0,10,1.0
attenuated,costly,1.5,both_own,14,1,1,0,0.0
attenuated,costly,1.5,both_own,14,1,2,0,0.0
attenuated,costly,1.5,both_own,14,2,0,0,
attenuated,costly,1.5,both_own,14,2,1,0,
attenuated,costly,1.5,both_own,14,2,2,0,
attenuated,costly,1.5,both_own,15,0,0,461,0.9850427350427351
attenuated,costly,1.5,both_own,15,0,1,7,0.014957264957264958
attenuated,costly,1.5,both_own,15,0,2,0,0.0
attenuated,costly,1.5,both_own,15,1,0,8,0.8888888888888888
attenuated,costly,1.5,both_own,15,1,1,1,0.1111111111111111
attenuated,costly,1.5,both_own,15,1,2,0,0.0
attenuated,costly,1.5,both_own,15,2,0,0,
attenuated,costly,1.5,both_own,15,2,1,0,
attenuated,costly,1.5,both_own,15,2,2,0,
attenuated,costly,1.5,both_own,16,0,0,464,0.9893390191897654
attenuated,costly,1.5,both_own,16,0,1,5,0.010660980810234541
attenuated,costly,1.5,both_own,16,0,2,0,0.0
attenuated,costly,1.5,both_own,16,1,0,8,1.0
attenuated,costly,1.5,both_own,16,1,1,0,0.0
attenuated,costly,1.5,both_own,16,1,2,0,0.0
attenuated,costly,1.5,both_own,16,2,0,0,
attenuated,costly,1.5,both_own,16,2,1,0,
attenuated,costly,1.5,both_own,16,2,2,0,
attenuated,costly,1.5,both_own,17,0,0,463,0.9809322033898306
attenuated,costly,1.5,both_own,17,0,1,9,0.019067796610169493
attenuated,costly,1.5,both_own,17,0,2,0,0.0
attenuated,costly,1.5,both_own,17,1,0,5,1.0
attenuated,costly,1.5,both_own,17,1,1,0,0.0
attenuated,costly,1.5,both_own,17,1,2,0,0.0
attenuated,costly,1.5,both_own,17,2,0,0,
attenuated,costly,1.5,both_own,17,2,1,0,
attenuated,costly,1.5,both_own,17,2,2,0,
attenuated,costly,1.5,both_own,18,0,0,463,0.9893162393162394
attenuated,costly,1.5,both_own,18,0,1,5,0.010683760683760684
attenuated,costly,1.5,both_own,18,0,2,0,0.0
attenuated,costly,1.5,both_own,18,1,0,8,0.8888888888888888
attenuated,costly,1.5,both_own,18,1,1,1,0.1111111111111111
attenuated,costly,1.5,both_own,18,1,2,0,0.0
attenuated,costly,1.5,both_own,18,2,0,0,
attenuated,costly,1.5,both_own,18,2,1,0,
attenuated,costly,1.5,both_own,18,2,2,0,
attenuated,costly,1.5,both_own,19,0,0,462,0.9808917197452229
attenuated,costly,1.5,both_own,19,0,1,9,0.01910828025477707
attenuated,costly,1.5,both_own,19,0,2,0,0.0
attenuated,costly,1.5,both_own,19,1,0,6,1.0
attenuated,costly,1.5,both_own,19,1,1,0,0.0
attenuated,costly,1.5,both_own,19,1,2,0,0.0
attenuated,costly,1.5,both_own,19,2,0,0,
attenuated,costly,1.5,both_own,19,2,1,0,
attenuated,costly,1.5,both_own,19,2,2,0,
attenuated,costly,1.5,both_own,20,0,0,459,0.9807692307692307
attenuated,costly,1.5,both_own,20,0,1,9,0.019230769230769232
attenuated,costly,1.5,both_own,20,0,2,0,0.0
attenuated,costly,1.5,both_own,20,1,0,8,0.8888888888888888
attenuated,costly,1.5,both_own,20,1,1,1,0.1111111111111111
attenuated,costly,1.5,both_own,20,1,2,0,0.0
attenuated,costly,1.5,both_own,20,2,0,0,
attenuated,costly,1.5,both_own,20,2,1,0,
attenuated,costly,1.5,both_own,20,2,2,0,
attenuated,costly,1.5,both_own,21,0,0,457,0.9785867237687366
attenuated,costly,1.5,both_own,21,0,1,10,0.021413276231263382
attenuated,costly,1.5,both_own,21,0,2,0,0.0
attenuated,costly,1.5,both_own,21,1,0,10,1.0
attenuated,costly,1.5,both_own,21,1,1,0,0.0
attenuated,costly,1.5,both_own,21,1,2,0,0.0
attenuated,costly,1.5,both_own,21,2,0,0,
attenuated,costly,1.5,both_own,21,2,1,0,
attenuated,costly,1.5,both_own,21,2,2,0,
attenuated,costly,1.5,both_own,22,0,0,462,0.9892933618843683
attenuated,costly,1.5,both_own,22,0,1,5,0.010706638115631691
attenuated,costly,1.5,both_own,22,0,2,0,0.0
attenuated,costly,1.5,both_own,22,1,0,10,1.0
attenuated,costly,1.5,both_own,22,1,1,0,0.0
attenuated,costly,1.5,both_own,22,1,2,0,0.0
attenuated,costly,1.5,both_own,22,2,0,0,
attenuated,costly,1.5,both_own,22,2,1,0,
attenuated,costly,1.5,both_own,22,2,2,0,
attenuated,costly,1.5,both_own,23,0,0,458,0.9703389830508474
attenuated,costly,1.5,both_own,23,0,1,14,0.029661016949152543
attenuated,costly,1.5,both_own,23,0,2,0,0.0
attenuated,costly,1.5,both_own,23,1,0,4,0.8
attenuated,costly,1.5,both_own,23,1,1,1,0.2
attenuated,costly,1.5,both_own,23,1,2,0,0.0
attenuated,costly,1.5,both_own,23,2,0,0,
attenuated,costly,1.5,both_own,23,2,1,0,
attenuated,costly,1.5,both_own,23,2,2,0,
attenuated,costly,1.5,both_own,0,0,0,10690,0.9867995938336565
attenuated,costly,1.5,both_own,0,0,1,143,0.01320040616634358
attenuated,costly,1.5,both_own,0,0,2,0,0.0
attenuated,costly,1.5,both_own,0,1,0,130,0.9420289855072463
attenuated,costly,1.5,both_own,0,1,1,8,0.057971014492753624
attenuated,costly,1.5,both_own,0,1,2,0,0.0
attenuated,costly,1.5,both_own,0,2,0,0,
attenuated,costly,1.5,both_own,0,2,1,0,
attenuated,costly,1.5,both_own,0,2,2,0,
attenuated,mixed,1.5,all,1,0,0,773,0.7512147716229349
attenuated,mixed,1.5,all,1,0,1,255,0.2478134110787172
attenuated,mixed,1.5,all,1,0,2,1,0.0009718172983479105
attenuated,mixed,1.5,all,1,1,0,189,0.19585492227979276
attenuated,mixed,1.5,all,1,1,1,776,0.8041450777202073
attenuated,mixed,1.5,all,1,1,2,0,0.0
attenuated,mixed,1.5,all,1,2,0,1,0.16666666666666666
attenuated,mixed,1.5,all,1,2,1,0,0.0
attenuated,mixed,1.5,all,1,2,2,5,0.8333333333333334
attenuated,mixed,1.5,all,2,0,0,774,0.8037383177570093
attenuated,mixed,1.5,all,2,0,1,188,0.1952232606438214
attenuated,mixed,1.5,all,2,0,2,1,0.0010384215991692627
attenuated,mixed,1.5,all,2,1,0,211,0.2046556741028128
attenuated,mixed,1.5,all,2,1,1,818,0.7934044616876819
attenuated,mixed,1.5,all,2,1,2,2,0.0019398642095053346
attenuated,mixed,1.5,all,2,2,0,1,0.16666666666666666
attenuated,mixed,1.5,all,2,2,1,5,0.8333333333333334
attenuated,mixed,1.5,all,2,2,2,0,0.0
attenuated,mixed,1.5,all,3,0,0,766,0.7768762677484787
attenuated,mixed,1.5,all,3,0,1,218,0.2210953346855984
attenuated,mixed,1.5,all,3,0,2,2,0.002028397565922921
attenuated,mixed,1.5,all,3,1,0,210,0.20771513353115728
attenuated,mixed,1.5,all,3,1,1,795,0.7863501483679525
attenuated,mixed,1.5,all,3,1,2,6,0.005934718100890208
attenuated,mixed,1.5,all,3,2,0,2,0.6666666666666666
attenuated,mixed,1.5,all,3,2,1,1,0.3333333333333333
attenuated,mixed,1.5,all,3,2,2,0,0.0
attenuated,mixed,1.5,all,4,0,0,751,0.7678936605316974
attenuated,mixed,1.5,all,4,0,1,227,0.23210633946830267
attenuated,mixed,1.5,all,4,0,2,0,0.0
attenuated,mixed,1.5,all,4,1,0,201,0.19822485207100593
attenuated,mixed,1.5,all,4,1,1,811,0.7998027613412229
attenuated,mixed,1.5,all,4,1,2,2,0.0019723865877712033
attenuated,mixed,1.5,all,4,2,0,3,0.375
attenuated,mixed,1.5,all,4,2,1,5,0.625
attenuated,mixed,1.5,all,4,2,2,0,0.0
attenuated,mixed,1.5,all,5,0,0,749,0.7842931937172775
attenuated,mixed,1.5,all,5,0,1,206,0.2157068062827225
attenuated,mixed,1.5,all,5,0,2,0,0.0
attenuated,mixed,1.5,all,5,1,0,217,0.2080536912751678
attenuated,mixed,1.5,all,5,1,1,821,0.7871524448705657
attenuated,mixed,1.5,all,5,1,2,5,0.004793863854266539
attenuated,mixed,1.5,all,5,2,0,1,0.5
attenuated,mixed,1.5,all,5,2,1,1,0.5
attenuated,mixed,1.5,all,5,2,2,0,0.0
attenuated,mixed,1.5,all,6,0,0,738,0.7631851085832472
attenuated,mixed,1.5,all,6,0,1,229,0.23681489141675285
attenuated,mixed,1.5,all,6,0,2,0,0.0
attenuated,mixed,1.5,all,6,1,0,205,0.19941634241245138
attenuated,mixed,1.5,all,6,1,1,821,0.7986381322957199
attenuated,mixed,1.5,all,6,1,2,2,0.0019455252918287938
attenuated,mixed,1.5,all,6,2,0,2,0.4
attenuated,mixed,1.5,all,6,2,1,3,0.6
attenuated,mixed,1.5,all,6,2,2,0,0.0
attenuated,mixed,1.5,all,7,0,0,725,0.7671957671957672
attenuated,mixed,1.5,all,7,0,1,218,0.2306878306878307
attenuated,mixed,1.5,all,7,0,2,2,0.0021164021164021165
attenuated,mixed,1.5,all,7,1,0,193,0.18328584995251662
attenuated,mixed,1.5,all,7,1,1,857,0.8138651471984806
attenuated,mixed,1.5,all,7,1,2,3,0.002849002849002849
attenuated,mixed,1.5,all,7,2,0,1,0.5
attenuated,mixed,1.5,all,7,2,1,1,0.5
attenuated,mixed,1.5,all,7,2,2,0,0.0
attenuated,mixed,1.5,all,8,0,0,706,0.7682263329706203
attenuated,mixed,1.5,all,8,0,1,213,0.23177366702937977
attenuated,mixed,1.5,all,8,0,2,0,0.0
attenuated,mixed,1.5,all,8,1,0,216,0.20074349442379183
attenuated,mixed,1.5,all,8,1,1,859,0.7983271375464684
attenuated,mixed,1.5,all,8,1,2,1,0.0009293680297397769
attenuated,mixed,1.5,all,8,2,0,2,0.4
attenuated,mixed,1.5,all,8,2,1,2,0.4
attenuated,mixed,1.5,all,8,2,2,1,0.2
attenuated,mixed,1.5,all,9,0,0,718,0.7770562770562771
attenuated,mixed,1.5,all,9,0,1,204,0.22077922077922077
attenuated,mixed,1.5,all,9,0,2,2,0.0021645021645021645
attenuated,mixed,1.5,all,9,1,0,229,0.2132216014897579
attenuated,mixed,1.5,all,9,1,1,843,0.7849162011173184
attenuated,mixed,1.5,all,9,1,2,2,0.00186219739292365
attenuated,mixed,1.5,all,9,2,0,1,0.5
attenuated,mixed,1.5,all,9,2,1,1,0.5
attenuated,mixed,1.5,all,9,2,2,0,0.0
attenuated,mixed,1.5,all,10,0,0,710,0.7489451476793249
attenuated,mixed,1.5,all,10,0,1,237,0.25
attenuated,mixed,1.5,all,10,0,2,1,0.0010548523206751054
attenuated,mixed,1.5,all,10,1,0,218,0.20801526717557253
attenuated,mixed,1.5,all,10,1,1,828,0.7900763358778626
attenuated,mixed,1.5,all,10,1,2,2,0.0019083969465648854
attenuated,mixed,1.5,all,10,2,0,1,0.25
attenuated,mixed,1.5,all,10,2,1,3,0.75
attenuated,mixed,1.5,all,10,2,2,0,0.0
attenuated,mixed,1.5,all,11,0,0,716,0.7707212055974165
attenuated,mixed,1.5,all,11,0,1,210,0.22604951560818085
attenuated,mixed,1.5,all,11,0,2,3,0.0032292787944025836
attenuated,mixed,1.5,all,11,1,0,219,0.2050561797752809
attenuated,mixed,1.5,all,11,1,1,847,0.7930711610486891
attenuated,mixed,1.5,all,11,1,2,2,0.0018726591760299626
attenuated,mixed,1.5,all,11,2,0,0,0.0
attenuated,mixed,1.5,all,11,2,1,3,1.0
attenuated,mixed,1.5,all,11,2,2,0,0.0
attenuated,mixed,1.5,all,12,0,0,722,0.772192513368984
attenuated,mixed,1.5,all,12,0,1,213,0.22780748663101605
attenuated,mixed,1.5,all,12,0,2,0,0.0
attenuated,mixed,1.5,all,12,1,0,233,0.219811320754717
attenuated,mixed,1.5,all,12,1,1,825,0.7783018867924528
attenuated,mixed,1.5,all,12,1,2,2,0.0018867924528301887
attenuated,mixed,1.5,all,12,2,0,1,0.2
attenuated,mixed,1.5,all,12,2,1,2,0.4
attenuated,mixed,1.5,all,12,2,2,2,0.4
attenuated,mixed,1.5,all,13,0,0,726,0.7594142259414226
attenuated,mixed,1.5,all,13,0,1,228,0.2384937238493724
attenuated,mixed,1.5,all,13,0,2,2,0.0020920502092050207
attenuated,mixed,1.5,all,13,1,0,215,0.20673076923076922
attenuated,mixed,1.5,all,13,1,1,823,0.7913461538461538
attenuated,mixed,1.5,all,13,1,2,2,0.0019230769230769232
attenuated,mixed,1.5,all,13,2,0,0,0.0
attenuated,mixed,1.5,all,13,2,1,3,0.75
attenuated,mixed,1.5,all,13,2,2,1,0.25
attenuated,mixed,1.5,all,14,0,0,719,0.7640807651434643
attenuated,mixed,1.5,all,14,0,1,222,0.2359192348565356
attenuated,mixed,1.5,all,14,0,2,0,0.0
attenuated,mixed,1.5,all,14,1,0,234,0.222011385199241
attenuated,mixed,1.5,all,14,1,1,818,0.7760910815939279
attenuated,mixed,1.5,all,14,1,2,2,0.0018975332068311196
attenuated,mixed,1.5,all,14,2,0,1,0.2
attenuated,mixed,1.5,all,14,2,1,3,0.6
attenuated,mixed,1.5,all,14,2,2,1,0.2
attenuated,mixed,1.5,all,15,0,0,739,0.7746331236897275
attenuated,mixed,1.5,all,15,0,1,215,0.22536687631027252
attenuated,mixed,1.5,all,15,0,2,0,0.0
attenuated,mixed,1.5,all,15,1,0,210,0.20134228187919462
attenuated,mixed,1.5,all,15,1,1,829,0.7948226270373921
attenuated,mixed,1.5,all,15,1,2,4,0.003835091083413231
attenuated,mixed,1.5,all,15,2,0,2,0.6666666666666666
attenuated,mixed,1.5,all,15,2,1,1,0.3333333333333333
attenuated,mixed,1.5,all,15,2,2,0,0.0
attenuated,mixed,1.5,all,16,0,0,732,0.7697160883280757
attenuated,mixed,1.5,all,16,0,1,218,0.22923238696109358
attenuated,mixed,1.5,all,16,0,2,1,0.0010515247108307045
attenuated,mixed,1.5,all,16,1,0,229,0.21913875598086124
attenuated,mixed,1.5,all,16,1,1,815,0.7799043062200957
attenuated,mixed,1.5,all,16,1,2,1,0.0009569377990430622
attenuated,mixed,1.5,all,16,2,0,1,0.25
attenuated,mixed,1.5,all,16,2,1,3,0.75
attenuated,mixed,1.5,all,16,2,2,0,0.0
attenuated,mixed,1.5,all,17,0,0,732,0.760914760914761
attenuated,mixed,1.5,all,17,0,1,229,0.23804573804573806
attenuated,mixed,1.5,all,17,0,2,1,0.0010395010395010396
attenuated,mixed,1.5,all,17,1,0,218,0.21042471042471042
attenuated,mixed,1.5,all,17,1,1,818,0.7895752895752896
attenuated,mixed,1.5,all,17,1,2,0,0.0
attenuated,mixed,1.5,all,17,2,0,2,1.0
attenuated,mixed,1.5,all,17,2,1,0,0.0
attenuated,mixed,1.5,all,17,2,2,0,0.0
attenuated,mixed,1.5,all,18,0,0,727,0.7636554621848739
attenuated,mixed,1.5,all,18,0,1,224,0.23529411764705882
attenuated,mixed,1.5,all,18,0,2,1,0.0010504201680672268
attenuated,mixed,1.5,all,18,1,0,223,0.21298949379178606
attenuated,mixed,1.5,all,18,1,1,821,0.7841451766953199
attenuated,mixed,1.5,all,18,1,2,3,0.0028653295128939827
attenuated,mixed,1.5,all,18,2,0,1,1.0
attenuated,mixed,1.5,all,18,2,1,0,0.0
attenuated,mixed,1.5,all,18,2,2,0,0.0
attenuated,mixed,1.5,all,19,0,0,715,0.7518401682439537
attenuated,mixed,1.5,all,19,0,1,236,0.24815983175604628
attenuated,mixed,1.5,all,19,0,2,0,0.0
attenuated,mixed,1.5,all,19,1,0,231,0.22105263157894736
attenuated,mixed,1.5,all,19,1,1,812,0.7770334928229665
attenuated,mixed,1.5,all,19,1,2,2,0.0019138755980861245
attenuated,mixed,1.5,all,19,2,0,1,0.25
attenuated,mixed,1.5,all,19,2,1,3,0.75
attenuated,mixed,1.5,all,19,2,2,0,0.0
attenuated,mixed,1.5,all,20,0,0,705,0.7444561774023232
attenuated,mixed,1.5,all,20,0,1,240,0.25343189017951423
attenuated,mixed,1.5,all,20,0,2,2,0.0021119324181626186
attenuated,mixed,1.5,all,20,1,0,242,0.2302568981921979
attenuated,mixed,1.5,all,20,1,1,808,0.768791627021884
attenuated,mixed,1.5,all,20,1,2,1,0.0009514747859181732
attenuated,mixed,1.5,all,20,2,0,1,0.5
attenuated,mixed,1.5,all,20,2,1,1,0.5
attenuated,mixed,1.5,all,20,2,2,0,0.0
attenuated,mixed,1.5,all,21,0,0,727,0.7668776371308017
attenuated,mixed,1.5,all,21,0,1,220,0.2320675105485232
attenuated,mixed,1.5,all,21,0,2,1,0.0010548523206751054
attenuated,mixed,1.5,all,21,1,0,216,0.20591039084842708
attenuated,mixed,1.5,all,21,1,1,832,0.7931363203050524
attenuated,mixed,1.5,all,21,1,2,1,0.0009532888465204957
attenuated,mixed,1.5,all,21,2,0,0,0.0
attenuated,mixed,1.5,all,21,2,1,3,1.0
attenuated,mixed,1.5,all,21,2,2,0,0.0
attenuated,mixed,1.5,all,22,0,0,727,0.7709437963944857
attenuated,mixed,1.5,all,22,0,1,215,0.22799575821845175
attenuated,mixed,1.5,all,22,0,2,1,0.0010604453870625664
attenuated,mixed,1.5,all,22,1,0,238,0.22559241706161137
attenuated,mixed,1.5,all,22,1,1,813,0.7706161137440758
attenuated,mixed,1.5,all,22,1,2,4,0.0037914691943127963
attenuated,mixed,1.5,all,22,2,0,1,0.5
attenuated,mixed,1.5,all,22,2,1,1,0.5
attenuated,mixed,1.5,all,22,2,2,0,0.0
attenuated,mixed,1.5,all,23,0,0,728,0.7536231884057971
attenuated,mixed,1.5,all,23,0,1,238,0.2463768115942029
attenuated,mixed,1.5,all,23,0,2,0,0.0
attenuated,mixed,1.5,all,23,1,0,213,0.20699708454810495
attenuated,mixed,1.5,all,23,1,1,816,0.793002915451895
attenuated,mixed,1.5,all,23,1,2,0,0.0
attenuated,mixed,1.5,all,23,2,0,3,0.6
attenuated,mixed,1.5,all,23,2,1,2,0.4
attenuated,mixed,1.5,all,23,2,2,0,0.0
attenuated,mixed,1.5,all,0,0,0,16825,0.766549728917035
attenuated,mixed,1.5,all,0,0,1,5103,0.23249350767688734
attenuated,mixed,1.5,all,0,0,2,21,0.0009567634060777256
attenuated,mixed,1.5,all,0,1,0,5010,0.20905487168787815
attenuated,mixed,1.5,all,0,1,1,18906,0.7889004798664719
attenuated,mixed,1.5,all,0,1,2,49,0.002044648445649906
attenuated,mixed,1.5,all,0,2,0,29,0.3372093023255814
attenuated,mixed,1.5,all,0,2,1,47,0.5465116279069767
attenuated,mixed,1.5,all,0,2,2,10,0.11627906976744186
attenuated,mixed,1.5,both_own,1,0,0,473,1.0
attenuated,mixed,1.5,both_own,1,0,1,0,0.0
attenuated,mixed,1.5,both_own,1,0,2,0,0.0
attenuated,mixed,1.5,both_own,1,1,0,4,1.0
attenuated,mixed,1.5,both_own,1,1,1,0,0.0
attenuated,mixed,1.5,both_own,1,1,2,0,0.0
attenuated,mixed,1.5,both_own,1,2,0,0,
attenuated,mixed,1.5,both_own,1,2,1,0,
attenuated,mixed,1.5,both_own,1,2,2,0,
attenuated,mixed,1.5,both_own,2,0,0,477,1.0
attenuated,mixed,1.5,both_own,2,0,1,0,0.0
attenuated,mixed,1.5,both_own,2,0,2,0,0.0
attenuated,mixed,1.5,both_own,2,1,0,0,
attenuated,mixed,1.5,both_own,2,1,1,0,
attenuated,mixed,1.5,both_own,2,1,2,0,
attenuated,mixed,1.5,both_own,2,2,0,0,
attenuated,mixed,1.5,both_own,2,2,1,0,
attenuated,mixed,1.5,both_own,2,2,2,0,
attenuated,mixed,1.5,both_own,3,0,0,470,0.9853249475890985
attenuated,mixed,1.5,both_own,3,0,1,7,0.014675052410901468
attenuated,mixed,1.5,both_own,3,0,2,0,0.0
attenuated,mixed,1.5,both_own,3,1,0,0,
attenuated,mixed,1.5,both_own,3,1,1,0,
attenuated,mixed,1.5,both_own,3,1,2,0,
attenuated,mixed,1.5,both_own,3,2,0,0,
attenuated,mixed,1.5,both_own,3,2,1,0,
attenuated,mixed,1.5,both_own,3,2,2,0,
attenuated,mixed,1.5,both_own,4,0,0,467,0.9936170212765958
attenuated,mixed,1.5,both_own,4,0,1,3,0.006382978723404255
attenuated,mixed,1.5,both_own,4,0,2,0,0.0
attenuated,mixed,1.5,both_own,4,1,0,7,1.0
attenuated,mixed,1.5,both_own,4,1,1,0,0.0
attenuated,mixed,1.5,both_own,4,1,2,0,0.0
attenuated,mixed,1.5,both_own,4,2,0,0,
attenuated,mixed,1.5,both_own,4,2,1,0,
attenuated,mixed,1.5,both_own,4,2,2,0,
attenuated,mixed,1.5,both_own,5,0,0,470,0.9915611814345991
attenuated,mixed,1.5,both_own,5,0,1,4,0.008438818565400843
attenuated,mixed,1.5,both_own,5,0,2,0,0.0
attenuated,mixed,1.5,both_own,5,1,0,3,1.0
attenuated,mixed,1.5,both_own,5,1,1,0,0.0
attenuated,mixed,1.5,both_own,5,1,2,0,0.0
attenuated,mixed,1.5,both_own,5,2,0,0,
attenuated,mixed,1.5,both_own,5,2,1,0,
attenuated,mixed,1.5,both_own,5,2,2,0,
attenuated,mixed,1.5,both_own,6,0,0,472,0.9978858350951374
attenuated,mixed,1.5,both_own,6,0,1,1,0.0021141649048625794
attenuated,mixed,1.5,both_own,6,0,2,0,0.0
attenuated,mixed,1.5,both_own,6,1,0,4,1.0
attenuated,mixed,1.5,both_own,6,1,1,0,0.0
attenuated,mixed,1.5,both_own,6,1,2,0,0.0
attenuated,mixed,1.5,both_own,6,2,0,0,
attenuated,mixed,1.5,both_own,6,2,1,0,
attenuated,mixed,1.5,both_own,6,2,2,0,
attenuated,mixed,1.5,both_own,7,0,0,466,0.9789915966386554
attenuated,mixed,1.5,both_own,7,0,1,10,0.02100840336134454
attenuated,mixed,1.5,both_own,7,0,2,0,0.0
attenuated,mixed,1.5,both_own,7,1,0,1,1.0
attenuated,mixed,1.5,both_own,7,1,1,0,0.0
attenuated,mixed,1.5,both_own,7,1,2,0,0.0
attenuated,mixed,1.5,both_own,7,2,0,0,
attenuated,mixed,1.5,both_own,7,2,1,0,
attenuated,mixed,1.5,both_own,7,2,2,0,
attenuated,mixed,1.5,both_own,8,0,0,458,0.9807280513918629
attenuated,mixed,1.5,both_own,8,0,1,9,0.019271948608137045
attenuated,mixed,1.5,both_own,8,0,2,0,0.0
attenuated,mixed,1.5,both_own,8,1,0,9,0.9
attenuated,mixed,1.5,both_own,8,1,1,1,0.1
attenuated,mixed,1.5,both_own,8,1,2,0,0.0
attenuated,mixed,1.5,both_own,8,2,0,0,
attenuated,mixed,1.5,both_own,8,2,1,0,
attenuated,mixed,1.5,both_own,8,2,2,0,
attenuated,mixed,1.5,both_own,9,0,0,458,0.9807280513918629
attenuated,mixed,1.5,both_own,9,0,1,9,0.019271948608137045
attenuated,mixed,1.5,both_own,9,0,2,0,0.0
attenuated,mixed,1.5,both_own,9,1,0,10,1.0
attenuated,mixed,1.5,both_own,9,1,1,0,0.0
attenuated,mixed,1.5,both_own,9,1,2,0,0.0
attenuated,mixed,1.5,both_own,9,2,0,0,
attenuated,mixed,1.5,both_own,9,2,1,0,
attenuated,mixed,1.5,both_own,9,2,2,0,
attenuated,mixed,1.5,both_own,10,0,0,451,0.9636752136752137
attenuated,mixed,1.5,both_own,10,0,1,17,0.03632478632478633
attenuated,mixed,1.5,both_own,10,0,2,0,0.0
attenuated,mixed,1.5,both_own,10,1,0,8,0.8888888888888888
attenuated,mixed,1.5,both_own,10,1,1,1,0.1111111111111111
attenuated,mixed,1.5,both_own,10,1,2,0,0.0
attenuated,mixed,1.5,both_own,10,2,0,0,
attenuated,mixed,1.5,both_own,10,2,1,0,
attenuated,mixed,1.5,both_own,10,2,2,0,
attenuated,mixed,1.5,both_own,11,0,0,441,0.9607843137254902
attenuated,mixed,1.5,both_own,11,0,1,18,0.0392156862745098
attenuated,mixed,1.5,both_own,11,0,2,0,0.0
attenuated,mixed,1.5,both_own,11,1,0,17,0.9444444444444444
attenuated,mixed,1.5,both_own,11,1,1,1,0.05555555555555555
attenuated,mixed,1.5,both_own,11,1,2,0,0.0
attenuated,mixed,1.5,both_own,11,2,0,0,
attenuated,mixed,1.5,both_own,11,2,1,0,
attenuated,mixed,1.5,both_own,11,2,2,0,
attenuated,mixed,1.5,both_own,12,0,0,445,0.9716157205240175
attenuated,mixed,1.5,both_own,12,0,1,13,0.028384279475982533
attenuated,mixed,1.5,both_own,12,0,2,0,0.0
attenuated,mixed,1.5,both_own,12,1,0,18,0.9473684210526315
attenuated,mixed,1.5,both_own,12,1,1,1,0.05263157894736842
attenuated,mixed,1.5,both_own,12,1,2,0,0.0
attenuated,mixed,1.5,both_own,12,2,0,0,
attenuated,mixed,1.5,both_own,12,2,1,0,
attenuated,mixed,1.5,both_own,12,2,2,0,
attenuated,mixed,1.5,both_own,13,0,0,447,0.9654427645788337
attenuated,mixed,1.5,both_own,13,0,1,16,0.03455723542116631
attenuated,mixed,1.5,both_own,13,0,2,0,0.0
attenuated,mixed,1.5,both_own,13,1,0,14,1.0
attenuated,mixed,1.5,both_own,13,1,1,0,0.0
attenuated,mixed,1.5,both_own,13,1,2,0,0.0
attenuated,mixed,1.5,both_own,13,2,0,0,
attenuated,mixed,1.5,both_own,13,2,1,0,
attenuated,mixed,1.5,both_own,13,2,2,0,
attenuated,mixed,1.5,both_own,14,0,0,452,0.9804772234273319
attenuated,mixed,1.5,both_own,14,0,1,9,0.019522776572668113
attenuated,mixed,1.5,both_own,14,0,2,0,0.0
attenuated,mixed,1.5,both_own,14,1,0,16,1.0
attenuated,mixed,1.5,both_own,14,1,1,0,0.0
attenuated,mixed,1.5,both_own,14,1,2,0,0.0
attenuated,mixed,1.5,both_own,14,2,0,0,
attenuated,mixed,1.5,both_own,14,2,1,0,
attenuated,mixed,1.5,both_own,14,2,2,0,
attenuated,mixed,1.5,both_own,15,0,0,452,0.9658119658119658
attenuated,mixed,1.5,both_own,15,0,1,16,0.03418803418803419
attenuated,mixed,1.5,both_own,15,0,2,0,0.0
attenuated,mixed,1.5,both_own,15,1,0,9,1.0
attenuated,mixed,1.5,both_own,15,1,1,0,0.0
attenuated,mixed,1.5,both_own,15,1,2,0,0.0
attenuated,mixed,1.5,both_own,15,2,0,0,
attenuated,mixed,1.5,both_own,15,2,1,0,
attenuated,mixed,1.5,both_own,15,2,2,0,
attenuated,mixed,1.5,both_own,16,0,0,448,0.9718004338394793
attenuated,mixed,1.5,both_own,16,0,1,13,0.028199566160520606
attenuated,mixed,1.5,both_own,16,0,2,0,0.0
attenuated,mixed,1.5,both_own,16,1,0,14,0.875
attenuated,mixed,1.5,both_own,16,1,1,2,0.125
attenuated,mixed,1.5,both_own,16,1,2,0,0.0
attenuated,mixed,1.5,both_own,16,2,0,0,
attenuated,mixed,1.5,both_own,16,2,1,0,
attenuated,mixed,1.5,both_own,16,2,2,0,
attenuated,mixed,1.5,both_own,17,0,0,450,0.974025974025974
attenuated,mixed,1.5,both_own,17,0,1,12,0.025974025974025976
attenuated,mixed,1.5,both_own,17,0,2,0,0.0
attenuated,mixed,1.5,both_own,17,1,0,15,1.0
attenuated,mixed,1.5,both_own,17,1,1,0,0.0
attenuated,mixed,1.5,both_own,17,1,2,0,0.0
attenuated,mixed,1.5,both_own,17,2,0,0,
attenuated,mixed,1.5,both_own,17,2,1,0,
attenuated,mixed,1.5,both_own,17,2,2,0,
attenuated,mixed,1.5,both_own,18,0,0,455,0.978494623655914
attenuated,mixed,1.5,both_own,18,0,1,10,0.021505376344086023
attenuated,mixed,1.5,both_own,18,0,2,0,0.0
attenuated,mixed,1.5,both_own,18,1,0,12,1.0
attenuated,mixed,1.5,both_own,18,1,1,0,0.0
attenuated,mixed,1.5,both_own,18,1,2,0,0.0
attenuated,mixed,1.5,both_own,18,2,0,0,
attenuated,mixed,1.5,both_own,18,2,1,0,
attenuated,mixed,1.5,both_own,18,2,2,0,
attenuated,mixed,1.5,both_own,19,0,0,446,0.9550321199143469
attenuated,mixed,1.5,both_own,19,0,1,21,0.044967880085653104
attenuated,mixed,1.5,both_own,19,0,2,0,0.0
attenuated,mixed,1.5,both_own,19,1,0,8,0.8
attenuated,mixed,1.5,both_own,19,1,1,2,0.2
attenuated,mixed,1.5,both_own,19,1,2,0,0.0
attenuated,mixed,1.5,both_own,19,2,0,0,
attenuated,mixed,1.5,both_own,19,2,1,0,
attenuated,mixed,1.5,both_own,19,2,2,0,
attenuated,mixed,1.5,both_own,20,0,0,431,0.9493392070484582
attenuated,mixed,1.5,both_own,20,0,1,23,0.05066079295154185
attenuated,mixed,1.5,both_own,20,0,2,0,0.0
attenuated,mixed,1.5,both_own,20,1,0,21,0.9130434782608695
attenuated,mixed,1.5,both_own,20,1,1,2,0.08695652173913043
attenuated,mixed,1.5,both_own,20,1,2,0,0.0
attenuated,mixed,1.5,both_own,20,2,0,0,
attenuated,mixed,1.5,both_own,20,2,1,0,
attenuated,mixed,1.5,both_own,20,2,2,0,
attenuated,mixed,1.5,both_own,21,0,0,435,0.9623893805309734
attenuated,mixed,1.5,both_own,21,0,1,17,0.03761061946902655
attenuated,mixed,1.5,both_own,21,0,2,0,0.0
attenuated,mixed,1.5,both_own,21,1,0,21,0.84
attenuated,mixed,1.5,both_own,21,1,1,4,0.16
attenuated,mixed,1.5,both_own,21,1,2,0,0.0
attenuated,mixed,1.5,both_own,21,2,0,0,
attenuated,mixed,1.5,both_own,21,2,1,0,
attenuated,mixed,1.5,both_own,21,2,2,0,
attenuated,mixed,1.5,both_own,22,0,0,443,0.9714912280701754
attenuated,mixed,1.5,both_own,22,0,1,13,0.02850877192982456
attenuated,mixed,1.5,both_own,22,0,2,0,0.0
attenuated,mixed,1.5,both_own,22,1,0,20,0.9523809523809523
attenuated,mixed,1.5,both_own,22,1,1,1,0.047619047619047616
attenuated,mixed,1.5,both_own,22,1,2,0,0.0
attenuated,mixed,1.5,both_own,22,2,0,0,
attenuated,mixed,1.5,both_own,22,2,1,0,
attenuated,mixed,1.5,both_own,22,2,2,0,
attenuated,mixed,1.5,both_own,23,0,0,434,0.937365010799136
attenuated,mixed,1.5,both_own,23,0,1,29,0.06263498920086392
attenuated,mixed,1.5,both_own,23,0,2,0,0.0
attenuated,mixed,1.5,both_own,23,1,0,14,1.0
attenuated,mixed,1.5,both_own,23,1,1,0,0.0
attenuated,mixed,1.5,both_own,23,1,2,0,0.0
attenuated,mixed,1.5,both_own,23,2,0,0,
attenuated,mixed,1.5,both_own,23,2,1,0,
attenuated,mixed,1.5,both_own,23,2,2,0,
attenuated,mixed,1.5,both_own,0,0,0,10441,0.974792269629353
attenuated,mixed,1.5,both_own,0,0,1,270,0.025207730370646997
attenuated,mixed,1.5,both_own,0,0,2,0,0.0
attenuated,mixed,1.5,both_own,0,1,0,245,0.9423076923076923
attenuated,mixed,1.5,both_own,0,1,1,15,0.057692307692307696
attenuated,mixed,1.5,both_own,0,1,2,0,0.0
attenuated,mixed,1.5,both_own,0,2,0,0,
attenuated,mixed,1.5,both_own,0,2,1,0,
attenuated,mixed,1.5,both_own,0,2,2,0,
costly,honest,1.5,all,1,0,0,1097,0.9088649544324772
costly,honest,1.5,all,1,0,1,109,0.09030654515327258
costly,honest,1.5,all,1,0,2,1,0.0008285004142502071
costly,honest,1.5,all,1,1,0,69,0.08701134930643127
costly,honest,1.5,all,1,1,1,724,0.9129886506935687
costly,honest,1.5,all,1,1,2,0,0.0
costly,honest,1.5,all,1,2,0,0,
costly,honest,1.5,all,1,2,1,0,
costly,honest,1.5,all,1,2,2,0,
costly,honest,1.5,all,2,0,0,1071,0.91852487135506
costly,honest,1.5,all,2,0,1,94,0.08061749571183534
costly,honest,1.5,all,2,0,2,1,0.0008576329331046312
costly,honest,1.5,all,2,1,0,71,0.08523409363745499
costly,honest,1.5,all,2,1,1,762,0.9147659063625451
costly,honest,1.5,all,2,1,2,0,0.0
costly,honest,1.5,all,2,2,0,0,0.0
costly,honest,1.5,all,2,2,1,1,1.0
costly,honest,1.5,all,2,2,2,0,0.0
costly,honest,1.5,all,3,0,0,1056,0.9246935201401051
costly,honest,1.5,all,3,0,1,86,0.07530647985989491
costly,honest,1.5,all,3,0,2,0,0.0
costly,honest,1.5,all,3,1,0,65,0.07584597432905485
costly,honest,1.5,all,3,1,1,792,0.9241540256709452
costly,honest,1.5,all,3,1,2,0,0.0
costly,honest,1.5,all,3,2,0,0,0.0
costly,honest,1.5,all,3,2,1,1,1.0
costly,honest,1.5,all,3,2,2,0,0.0
costly,honest,1.5,all,4,0,0,1049,0.935771632471008
costly,honest,1.5,all,4,0,1,72,0.06422836752899197
costly,honest,1.5,all,4,0,2,0,0.0
costly,honest,1.5,all,4,1,0,70,0.07963594994311718
costly,honest,1.5,all,4,1,1,809,0.9203640500568828
costly,honest,1.5,all,4,1,2,0,0.0
costly,honest,1.5,all,4,2,0,0,
costly,honest,1.5,all,4,2,1,0,
costly,honest,1.5,all,4,2,2,0,
costly,honest,1.5,all,5,0,0,1027,0.9177837354781054
costly,honest,1.5,all,5,0,1,92,0.08221626452189455
costly,honest,1.5,all,5,0,2,0,0.0
costly,honest,1.5,all,5,1,0,87,0.09875141884222474
costly,honest,1.5,all,5,1,1,794,0.9012485811577753
costly,honest,1.5,all,5,1,2,0,0.0
costly,honest,1.5,all,5,2,0,0,
costly,honest,1.5,all,5,2,1,0,
costly,honest,1.5,all,5,2,2,0,
costly,honest,1.5,all,6,0,0,1035,0.9290843806104129
costly,honest,1.5,all,6,0,1,79,0.07091561938958707
costly,honest,1.5,all,6,0,2,0,0.0
costly,honest,1.5,all,6,1,0,75,0.08465011286681716
costly,honest,1.5,all,6,1,1,811,0.9153498871331829
costly,honest,1.5,all,6,1,2,0,0.0
costly,honest,1.5,all,6,2,0,0,
costly,honest,1.5,all,6,2,1,0,
costly,honest,1.5,all,6,2,2,0,
costly,honest,1.5,all,7,0,0,1027,0.9252252252252252
costly,honest,1.5,all,7,0,1,83,0.07477477477477477
costly,honest,1.5,all,7,0,2,0,0.0
costly,honest,1.5,all,7,1,0,72,0.08089887640449438
costly,honest,1.5,all,7,1,1,818,0.9191011235955057
costly,honest,1.5,all,7,1,2,0,0.0
costly,honest,1.5,all,7,2,0,0,
costly,honest,1.5,all,7,2,1,0,
costly,honest,1.5,all,7,2,2,0,
costly,honest,1.5,all,8,0,0,1026,0.9335759781619655
costly,honest,1.5,all,8,0,1,73,0.06642402183803457
costly,honest,1.5,all,8,0,2,0,0.0
costly,honest,1.5,all,8,1,0,87,0.09655937846836848
costly,honest,1.5,all,8,1,1,814,0.9034406215316315
costly,honest,1.5,all,8,1,2,0,0.0
costly,honest,1.5,all,8,2,0,0,
costly,honest,1.5,all,8,2,1,0,
costly,honest,1.5,all,8,2,2,0,
costly,honest,1.5,all,9,0,0,1011,0.9083557951482479
costly,honest,1.5,all,9,0,1,102,0.09164420485175202
costly,honest,1.5,all,9,0,2,0,0.0
costly,honest,1.5,all,9,1,0,75,0.08455467869222097
costly,honest,1.5,all,9,1,1,812,0.915445321307779
costly,honest,1.5,all,9,1,2,0,0.0
costly,honest,1.5,all,9,2,0,0,
costly,honest,1.5,all,9,2,1,0,
costly,honest,1.5,all,9,2,2,0,
costly,honest,1.5,all,10,0,0,1005,0.925414364640884
costly,honest,1.5,all,10,0,1,80,0.07366482504604052
costly,honest,1.5,all,10,0,2,1,0.0009208103130755065
costly,honest,1.5,all,10,1,0,90,0.09846827133479212
costly,honest,1.5,all,10,1,1,824,0.9015317286652079
costly,honest,1.5,all,10,1,2,0,0.0
costly,honest,1.5,all,10,2,0,0,
costly,honest,1.5,all,10,2,1,0,
costly,honest,1.5,all,10,2,2,0,
costly,honest,1.5,all,11,0,0,1003,0.9159817351598174
costly,honest,1.5,all,11,0,1,92,0.08401826484018265
costly,honest,1.5,all,11,0,2,0,0.0
costly,honest,1.5,all,11,1,0,76,0.084070796460177
costly,honest,1.5,all,11,1,1,828,0.915929203539823
costly,honest,1.5,all,11,1,2,0,0.0
costly,honest,1.5,all,11,2,0,1,1.0
costly,honest,1.5,all,11,2,1,0,0.0
costly,honest,1.5,all,11,2,2,0,0.0
costly,honest,1.5,all,12,0,0,998,0.924074074074074
costly,honest,1.5,all,12,0,1,82,0.07592592592592592
costly,honest,1.5,all,12,0,2,0,0.0
costly,honest,1.5,all,12,1,0,108,0.11739130434782609
costly,honest,1.5,all,12,1,1,812,0.8826086956521739
costly,honest,1.5,all,12,1,2,0,0.0
costly,honest,1.5,all,12,2,0,0,
costly,honest,1.5,all,12,2,1,0,
costly,honest,1.5,all,12,2,2,0,
costly,honest,1.5,all,13,0,0,993,0.8978300180831826
costly,honest,1.5,all,13,0,1,113,0.10216998191681737
costly,honest,1.5,all,13,0,2,0,0.0
costly,honest,1.5,all,13,1,0,87,0.09731543624161074
costly,honest,1.5,all,13,1,1,807,0.9026845637583892
costly,honest,1.5,all,13,1,2,0,0.0
costly,honest,1.5,all,13,2,0,0,
costly,honest,1.5,all,13,2,1,0,
costly,honest,1.5,all,13,2,2,0,
costly,honest,1.5,all,14,0,0,993,0.9194444444444444
costly,honest,1.5,all,14,0,1,87,0.08055555555555556
costly,honest,1.5,all,14,0,2,0,0.0
costly,honest,1.5,all,14,1,0,93,0.10108695652173913
costly,honest,1.5,all,14,1,1,827,0.8989130434782608
costly,honest,1.5,all,14,1,2,0,0.0
costly,honest,1.5,all,14,2,0,0,
costly,honest,1.5,all,14,2,1,0,
costly,honest,1.5,all,14,2,2,0,
costly,honest,1.5,all,15,0,0,987,0.9088397790055248
costly,honest,1.5,all,15,0,1,99,0.09116022099447514
costly,honest,1.5,all,15,0,2,0,0.0
costly,honest,1.5,all,15,1,0,101,0.11050328227571116
costly,honest,1.5,all,15,1,1,812,0.888402625820569
costly,honest,1.5,all,15,1,2,1,0.0010940919037199124
costly,honest,1.5,all,15,2,0,0,
costly,honest,1.5,all,15,2,1,0,
costly,honest,1.5,all,15,2,2,0,
costly,honest,1.5,all,16,0,0,997,0.9163602941176471
costly,honest,1.5,all,16,0,1,91,0.08363970588235294
costly,honest,1.5,all,16,0,2,0,0.0
costly,honest,1.5,all,16,1,0,92,0.10098792535675083
costly,honest,1.5,all,16,1,1,819,0.8990120746432492
costly,honest,1.5,all,16,1,2,0,0.0
costly,honest,1.5,all,16,2,0,1,1.0
costly,honest,1.5,all,16,2,1,0,0.0
costly,honest,1.5,all,16,2,2,0,0.0
costly,honest,1.5,all,17,0,0,995,0.9128440366972477
costly,honest,1.5,all,17,0,1,95,0.0871559633027523
costly,honest,1.5,all,17,0,2,0,0.0
costly,honest,1.5,all,17,1,0,97,0.10659340659340659
costly,honest,1.5,all,17,1,1,813,0.8934065934065935
costly,honest,1.5,all,17,1,2,0,0.0
costly,honest,1.5,all,17,2,0,0,
costly,honest,1.5,all,17,2,1,0,
costly,honest,1.5,all,17,2,2,0,
costly,honest,1.5,all,18,0,0,992,0.9084249084249084
costly,honest,1.5,all,18,0,1,100,0.09157509157509157
costly,honest,1.5,all,18,0,2,0,0.0
costly,honest,1.5,all,18,1,0,98,0.10792951541850221
costly,honest,1.5,all,18,1,1,810,0.8920704845814978
costly,honest,1.5,all,18,1,2,0,0.0
costly,honest,1.5,all,18,2,0,0,
costly,honest,1.5,all,18,2,1,0,
costly,honest,1.5,all,18,2,2,0,
costly,honest,1.5,all,19,0,0,992,0.9100917431192661
costly,honest,1.5,all,19,0,1,98,0.08990825688073395
costly,honest,1.5,all,19,0,2,0,0.0
costly,honest,1.5,all,19,1,0,79,0.08681318681318681
costly,honest,1.5,all,19,1,1,831,0.9131868131868132
costly,honest,1.5,all,19,1,2,0,0.0
costly,honest,1.5,all,19,2,0,0,
costly,honest,1.5,all,19,2,1,0,
costly,honest,1.5,all,19,2,2,0,
costly,honest,1.5,all,20,0,0,978,0.9131652661064426
costly,honest,1.5,all,20,0,1,93,0.08683473389355742
costly,honest,1.5,all,20,0,2,0,0.0
costly,honest,1.5,all,20,1,0,95,0.10226049515608181
costly,honest,1.5,all,20,1,1,834,0.8977395048439182
costly,honest,1.5,all,20,1,2,0,0.0
costly,honest,1.5,all,20,2,0,0,
costly,honest,1.5,all,20,2,1,0,
costly,honest,1.5,all,20,2,2,0,
costly,honest,1.5,all,21,0,0,991,0.923578751164958
costly,honest,1.5,all,21,0,1,82,0.07642124883504194
costly,honest,1.5,all,21,0,2,0,0.0
costly,honest,1.5,all,21,1,0,96,0.10355987055016182
costly,honest,1.5,all,21,1,1,831,0.8964401294498382
costly,honest,1.5,all,21,1,2,0,0.0
costly,honest,1.5,all,21,2,0,0,
costly,honest,1.5,all,21,2,1,0,
costly,honest,1.5,all,21,2,2,0,
costly,honest,1.5,all,22,0,0,997,0.9172033118675254
costly,honest,1.5,all,22,0,1,90,0.0827966881324747
costly,honest,1.5,all,22,0,2,0,0.0
costly,honest,1.5,all,22,1,0,86,0.09419496166484119
costly,honest,1.5,all,22,1,1,827,0.9058050383351588
costly,honest,1.5,all,22,1,2,0,0.0
costly,honest,1.5,all,22,2,0,0,
costly,honest,1.5,all,22,2,1,0,
costly,honest,1.5,all,22,2,2,0,
costly,honest,1.5,all,23,0,0,976,0.9012003693444137
costly,honest,1.5,all,23,0,1,107,0.09879963065558633
costly,honest,1.5,all,23,0,2,0,0.0
costly,honest,1.5,all,23,1,0,96,0.10468920392584515
costly,honest,1.5,all,23,1,1,821,0.8953107960741549
costly,honest,1.5,all,23,1,2,0,0.0
costly,honest,1.5,all,23,2,0,0,
costly,honest,1.5,all,23,2,1,0,
costly,honest,1.5,all,23,2,2,0,
costly,honest,1.5,all,0,0,0,23296,0.9172375777620285
costly,honest,1.5,all,0,0,1,2099,0.08264430270100008
costly,honest,1.5,all,0,0,2,3,0.00011811953697141507
costly,honest,1.5,all,0,1,0,1965,0.09539761141858433
costly,honest,1.5,all,0,1,1,18632,0.9045538401786581
costly,honest,1.5,all,0,1,2,1,4.854840275754928e-05
costly,honest,1.5,all,0,2,0,2,0.5
costly,honest,1.5,all,0,2,1,2,0.5
costly,honest,1.5,all,0,2,2,0,0.0
costly,honest,1.5,both_own,1,0,0,344,0.8472906403940886
costly,honest,1.5,both_own,1,0,1,62,0.15270935960591134
costly,honest,1.5,both_own,1,0,2,0,0.0
costly,honest,1.5,both_own,1,1,0,43,0.6056338028169014
costly,honest,1.5,both_own,1,1,1,28,0.39436619718309857
costly,honest,1.5,both_own,1,1,2,0,0.0
costly,honest,1.5,both_own,1,2,0,0,
costly,honest,1.5,both_own,1,2,1,0,
costly,honest,1.5,both_own,1,2,2,0,
costly,honest,1.5,both_own,2,0,0,332,0.8578811369509044
costly,honest,1.5,both_own,2,0,1,55,0.1421188630490956
costly,honest,1.5,both_own,2,0,2,0,0.0
costly,honest,1.5,both_own,2,1,0,44,0.4888888888888889
costly,honest,1.5,both_own,2,1,1,46,0.5111111111111111
costly,honest,1.5,both_own,2,1,2,0,0.0
costly,honest,1.5,both_own,2,2,0,0,
costly,honest,1.5,both_own,2,2,1,0,
costly,honest,1.5,both_own,2,2,2,0,
costly,honest,1.5,both_own,3,0,0,316,0.8404255319148937
costly,honest,1.5,both_own,3,0,1,60,0.1595744680851064
costly,honest,1.5,both_own,3,0,2,0,0.0
costly,honest,1.5,both_own,3,1,0,30,0.297029702970297
costly,honest,1.5,both_own,3,1,1,71,0.7029702970297029
costly,honest,1.5,both_own,3,1,2,0,0.0
costly,honest,1.5,both_own,3,2,0,0,
costly,honest,1.5,both_own,3,2,1,0,
costly,honest,1.5,both_own,3,2,2,0,
costly,honest,1.5,both_own,4,0,0,309,0.8930635838150289
costly,honest,1.5,both_own,4,0,1,37,0.1069364161849711
costly,honest,1.5,both_own,4,0,2,0,0.0
costly,honest,1.5,both_own,4,1,0,42,0.32061068702290074
costly,honest,1.5,both_own,4,1,1,89,0.6793893129770993
costly,honest,1.5,both_own,4,1,2,0,0.0
costly,honest,1.5,both_own,4,2,0,0,
costly,honest,1.5,both_own,4,2,1,0,
costly,honest,1.5,both_own,4,2,2,0,
costly,honest,1.5,both_own,5,0,0,288,0.8205128205128205
costly,honest,1.5,both_own,5,0,1,63,0.1794871794871795
costly,honest,1.5,both_own,5,0,2,0,0.0
costly,honest,1.5,both_own,5,1,0,50,0.3968253968253968
costly,honest,1.5,both_own,5,1,1,76,0.6031746031746031
costly,honest,1.5,both_own,5,1,2,0,0.0
costly,honest,1.5,both_own,5,2,0,0,
costly,honest,1.5,both_own,5,2,1,0,
costly,honest,1.5,both_own,5,2,2,0,
costly,honest,1.5,both_own,6,0,0,293,0.8668639053254438
costly,honest,1.5,both_own,6,0,1,45,0.13313609467455623
costly,honest,1.5,both_own,6,0,2,0,0.0
costly,honest,1.5,both_own,6,1,0,55,0.39568345323741005
costly,honest,1.5,both_own,6,1,1,84,0.60431654676259
costly,honest,1.5,both_own,6,1,2,0,0.0
costly,honest,1.5,both_own,6,2,0,0,
costly,honest,1.5,both_own,6,2,1,0,
costly,honest,1.5,both_own,6,2,2,0,
costly,honest,1.5,both_own,7,0,0,293,0.8419540229885057
costly,honest,1.5,both_own,7,0,1,55,0.15804597701149425
costly,honest,1.5,both_own,7,0,2,0,0.0
costly,honest,1.5,both_own,7,1,0,39,0.3023255813953488
costly,honest,1.5,both_own,7,1,1,90,0.6976744186046512
costly,honest,1.5,both_own,7,1,2,0,0.0
costly,honest,1.5,both_own,7,2,0,0,
costly,honest,1.5,both_own,7,2,1,0,
costly,honest,1.5,both_own,7,2,2,0,
costly,honest,1.5,both_own,8,0,0,287,0.8644578313253012
costly,honest,1.5,both_own,8,0,1,45,0.1355421686746988
costly,honest,1.5,both_own,8,0,2,0,0.0
costly,honest,1.5,both_own,8,1,0,56,0.38620689655172413
costly,honest,1.5,both_own,8,1,1,89,0.6137931034482759
costly,honest,1.5,both_own,8,1,2,0,0.0
costly,honest,1.5,both_own,8,2,0,0,
costly,honest,1.5,both_own,8,2,1,0,
costly,honest,1.5,both_own,8,2,2,0,
costly,honest,1.5,both_own,9,0,0,288,0.8396501457725948
costly,honest,1.5,both_own,9,0,1,55,0.16034985422740525
costly,honest,1.5,both_own,9,0,2,0,0.0
costly,honest,1.5,both_own,9,1,0,39,0.291044776119403
costly,honest,1.5,both_own,9,1,1,95,0.7089552238805971
costly,honest,1.5,both_own,9,1,2,0,0.0
costly,honest,1.5,both_own,9,2,0,0,
costly,honest,1.5,both_own,9,2,1,0,
costly,honest,1.5,both_own,9,2,2,0,
costly,honest,1.5,both_own,10,0,0,287,0.8776758409785933
costly,honest,1.5,both_own,10,0,1,40,0.12232415902140673
costly,honest,1.5,both_own,10,0,2,0,0.0
costly,honest,1.5,both_own,10,1,0,48,0.32
costly,honest,1.5,both_own,10,1,1,102,0.68
costly,honest,1.5,both_own,10,1,2,0,0.0
costly,honest,1.5,both_own,10,2,0,0,
costly,honest,1.5,both_own,10,2,1,0,
costly,honest,1.5,both_own,10,2,2,0,
costly,honest,1.5,both_own,11,0,0,282,0.8417910447761194
costly,honest,1.5,both_own,11,0,1,53,0.1582089552238806
costly,honest,1.5,both_own,11,0,2,0,0.0
costly,honest,1.5,both_own,11,1,0,35,0.24647887323943662
costly,honest,1.5,both_own,11,1,1,107,0.7535211267605634
costly,honest,1.5,both_own,11,1,2,0,0.0
costly,honest,1.5,both_own,11,2,0,0,
costly,honest,1.5,both_own,11,2,1,0,
costly,honest,1.5,both_own,11,2,2,0,
costly,honest,1.5,both_own,12,0,0,277,0.8738170347003155
costly,honest,1.5,both_own,12,0,1,40,0.12618296529968454
costly,honest,1.5,both_own,12,0,2,0,0.0
costly,honest,1.5,both_own,12,1,0,58,0.3625
costly,honest,1.5,both_own,12,1,1,102,0.6375
costly,honest,1.5,both_own,12,1,2,0,0.0
costly,honest,1.5,both_own,12,2,0,0,
costly,honest,1.5,both_own,12,2,1,0,
costly,honest,1.5,both_own,12,2,2,0,
costly,honest,1.5,both_own,13,0,0,259,0.7731343283582089
costly,honest,1.5,both_own,13,0,1,76,0.22686567164179106
costly,honest,1.5,both_own,13,0,2,0,0.0
costly,honest,1.5,both_own,13,1,0,53,0.3732394366197183
costly,honest,1.5,both_own,13,1,1,89,0.6267605633802817
costly,honest,1.5,both_own,13,1,2,0,0.0
costly,honest,1.5,both_own,13,2,0,0,
costly,honest,1.5,both_own,13,2,1,0,
costly,honest,1.5,both_own,13,2,2,0,
costly,honest,1.5,both_own,14,0,0,270,0.8653846153846154
costly,honest,1.5,both_own,14,0,1,42,0.1346153846153846
costly,honest,1.5,both_own,14,0,2,0,0.0
costly,honest,1.5,both_own,14,1,0,57,0.34545454545454546
costly,honest,1.5,both_own,14,1,1,108,0.6545454545454545
costly,honest,1.5,both_own,14,1,2,0,0.0
costly,honest,1.5,both_own,14,2,0,0,
costly,honest,1.5,both_own,14,2,1,0,
costly,honest,1.5,both_own,14,2,2,0,
costly,honest,1.5,both_own,15,0,0,271,0.8287461773700305
costly,honest,1.5,both_own,15,0,1,56,0.1712538226299694
costly,honest,1.5,both_own,15,0,2,0,0.0
costly,honest,1.5,both_own,15,1,0,48,0.32
costly,honest,1.5,both_own,15,1,1,101,0.6733333333333333
costly,honest,1.5,both_own,15,1,2,1,0.006666666666666667
costly,honest,1.5,both_own,15,2,0,0,
costly,honest,1.5,both_own,15,2,1,0,
costly,honest,1.5,both_own,15,2,2,0,
costly,honest,1.5,both_own,16,0,0,271,0.8495297805642633
costly,honest,1.5,both_own,16,0,1,48,0.15047021943573669
costly,honest,1.5,both_own,16,0,2,0,0.0
costly,honest,1.5,both_own,16,1,0,58,0.36942675159235666
costly,honest,1.5,both_own,16,1,1,99,0.6305732484076433
costly,honest,1.5,both_own,16,1,2,0,0.0
costly,honest,1.5,both_own,16,2,0,1,1.0
costly,honest,1.5,both_own,16,2,1,0,0.0
costly,honest,1.5,both_own,16,2,2,0,0.0
costly,honest,1.5,both_own,17,0,0,273,0.8272727272727273
costly,honest,1.5,both_own,17,0,1,57,0.17272727272727273
costly,honest,1.5,both_own,17,0,2,0,0.0
costly,honest,1.5,both_own,17,1,0,56,0.38095238095238093
costly,honest,1.5,both_own,17,1,1,91,0.6190476190476191
costly,honest,1.5,both_own,17,1,2,0,0.0
costly,honest,1.5,both_own,17,2,0,0,
costly,honest,1.5,both_own,17,2,1,0,
costly,honest,1.5,both_own,17,2,2,0,
costly,honest,1.5,both_own,18,0,0,263,0.7993920972644377
costly,honest,1.5,both_own,18,0,1,66,0.2006079027355623
costly,honest,1.5,both_own,18,0,2,0,0.0
costly,honest,1.5,both_own,18,1,0,55,0.3716216216216216
costly,honest,1.5,both_own,18,1,1,93,0.6283783783783784
costly,honest,1.5,both_own,18,1,2,0,0.0
costly,honest,1.5,both_own,18,2,0,0,
costly,honest,1.5,both_own,18,2,1,0,
costly,honest,1.5,both_own,18,2,2,0,
costly,honest,1.5,both_own,19,0,0,261,0.8207547169811321
costly,honest,1.5,both_own,19,0,1,57,0.1792452830188679
costly,honest,1.5,both_own,19,0,2,0,0.0
costly,honest,1.5,both_own,19,1,0,47,0.29559748427672955
costly,honest,1.5,both_own,19,1,1,112,0.7044025157232704
costly,honest,1.5,both_own,19,1,2,0,0.0
costly,honest,1.5,both_own,19,2,0,0,
costly,honest,1.5,both_own,19,2,1,0,
costly,honest,1.5,both_own,19,2,2,0,
costly,honest,1.5,both_own,20,0,0,262,0.8506493506493507
costly,honest,1.5,both_own,20,0,1,46,0.14935064935064934
costly,honest,1.5,both_own,20,0,2,0,0.0
costly,honest,1.5,both_own,20,1,0,60,0.35502958579881655
costly,honest,1.5,both_own,20,1,1,109,0.6449704142011834
costly,honest,1.5,both_own,20,1,2,0,0.0
costly,honest,1.5,both_own,20,2,0,0,
costly,honest,1.5,both_own,20,2,1,0,
costly,honest,1.5,both_own,20,2,2,0,
costly,honest,1.5,both_own,21,0,0,273,0.8478260869565217
costly,honest,1.5,both_own,21,0,1,49,0.15217391304347827
costly,honest,1.5,both_own,21,0,2,0,0.0
costly,honest,1.5,both_own,21,1,0,49,0.3161290322580645
costly,honest,1.5,both_own,21,1,1,106,0.6838709677419355
costly,honest,1.5,both_own,21,1,2,0,0.0
costly,honest,1.5,both_own,21,2,0,0,
costly,honest,1.5,both_own,21,2,1,0,
costly,honest,1.5,both_own,21,2,2,0,
costly,honest,1.5,both_own,22,0,0,268,0.8322981366459627
costly,honest,1.5,both_own,22,0,1,54,0.16770186335403728
costly,honest,1.5,both_own,22,0,2,0,0.0
costly,honest,1.5,both_own,22,1,0,43,0.27741935483870966
costly,honest,1.5,both_own,22,1,1,112,0.7225806451612903
costly,honest,1.5,both_own,22,1,2,0,0.0
costly,honest,1.5,both_own,22,2,0,0,
costly,honest,1.5,both_own,22,2,1,0,
costly,honest,1.5,both_own,22,2,2,0,
costly,honest,1.5,both_own,23,0,0,258,0.8295819935691319
costly,honest,1.5,both_own,23,0,1,53,0.17041800643086816
costly,honest,1.5,both_own,23,0,2,0,0.0
costly,honest,1.5,both_own,23,1,0,58,0.3493975903614458
costly,honest,1.5,both_own,23,1,1,108,0.6506024096385542
costly,honest,1.5,both_own,23,1,2,0,0.0
costly,honest,1.5,both_own,23,2,0,0,
costly,honest,1.5,both_own,23,2,1,0,
costly,honest,1.5,both_own,23,2,2,0,
costly,honest,1.5,both_own,0,0,0,6525,0.8431321876211397
costly,honest,1.5,both_own,0,0,1,1214,0.15686781237886033
costly,honest,1.5,both_own,0,0,2,0,0.0
costly,honest,1.5,both_own,0,1,0,1123,0.347570411637264
costly,honest,1.5,both_own,0,1,1,2107,0.6521200866604766
costly,honest,1.5,both_own,0,1,2,1,0.00030950170225936243
costly,honest,1.5,both_own,0,2,0,1,1.0
costly,honest,1.5,both_own,0,2,1,0,0.0
costly,honest,1.5,both_own,0,2,2,0,0.0
costly,attenuated,1.5,all,1,0,0,1196,0.9469517022961204
costly,attenuated,1.5,all,1,0,1,65,0.05146476642913698
costly,attenuated,1.5,all,1,0,2,2,0.001583531274742676
costly,attenuated,1.5,all,1,1,0,50,0.06784260515603799
costly,attenuated,1.5,all,1,1,1,687,0.932157394843962
costly,attenuated,1.5,all,1,1,2,0,0.0
costly,attenuated,1.5,all,1,2,0,0,
costly,attenuated,1.5,all,1,2,1,0,
costly,attenuated,1.5,all,1,2,2,0,
costly,attenuated,1.5,all,2,0,0,1176,0.9438202247191011
costly,attenuated,1.5,all,2,0,1,69,0.05537720706260032
costly,attenuated,1.5,all,2,0,2,1,0.0008025682182985554
costly,attenuated,1.5,all,2,1,0,49,0.06515957446808511
costly,attenuated,1.5,all,2,1,1,703,0.9348404255319149
costly,attenuated,1.5,all,2,1,2,0,0.0
costly,attenuated,1.5,all,2,2,0,0,0.0
costly,attenuated,1.5,all,2,2,1,2,1.0
costly,attenuated,1.5,all,2,2,2,0,0.0
costly,attenuated,1.5,all,3,0,0,1178,0.9616326530612245
costly,attenuated,1.5,all,3,0,1,47,0.03836734693877551
costly,attenuated,1.5,all,3,0,2,0,0.0
costly,attenuated,1.5,all,3,1,0,64,0.082687338501292
costly,attenuated,1.5,all,3,1,1,710,0.917312661498708
costly,attenuated,1.5,all,3,1,2,0,0.0
costly,attenuated,1.5,all,3,2,0,1,1.0
costly,attenuated,1.5,all,3,2,1,0,0.0
costly,attenuated,1.5,all,3,2,2,0,0.0
costly,attenuated,1.5,all,4,0,0,1183,0.9517296862429606
costly,attenuated,1.5,all,4,0,1,60,0.04827031375703942
costly,attenuated,1.5,all,4,0,2,0,0.0
costly,attenuated,1.5,all,4,1,0,63,0.083223249669749
costly,attenuated,1.5,all,4,1,1,694,0.916776750330251
costly,attenuated,1.5,all,4,1,2,0,0.0
costly,attenuated,1.5,all,4,2,0,0,
costly,attenuated,1.5,all,4,2,1,0,
costly,attenuated,1.5,all,4,2,2,0,
costly,attenuated,1.5,all,5,0,0,1177,0.9446227929373997
costly,attenuated,1.5,all,5,0,1,68,0.05457463884430177
costly,attenuated,1.5,all,5,0,2,1,0.0008025682182985554
costly,attenuated,1.5,all,5,1,0,67,0.08885941644562334
costly,attenuated,1.5,all,5,1,1,687,0.9111405835543767
costly,attenuated,1.5,all,5,1,2,0,0.0
costly,attenuated,1.5,all,5,2,0,0,
costly,attenuated,1.5,all,5,2,1,0,
costly,attenuated,1.5,all,5,2,2,0,
costly,attenuated,1.5,all,6,0,0,1176,0.9453376205787781
costly,attenuated,1.5,all,6,0,1,68,0.05466237942122187
costly,attenuated,1.5,all,6,0,2,0,0.0
costly,attenuated,1.5,all,6,1,0,56,0.07417218543046358
costly,attenuated,1.5,all,6,1,1,699,0.9258278145695364
costly,attenuated,1.5,all,6,1,2,0,0.0
costly,attenuated,1.5,all,6,2,0,0,0.0
costly,attenuated,1.5,all,6,2,1,1,1.0
costly,attenuated,1.5,all,6,2,2,0,0.0
costly,attenuated,1.5,all,7,0,0,1169,0.9488636363636364
costly,attenuated,1.5,all,7,0,1,62,0.05032467532467533
costly,attenuated,1.5,all,7,0,2,1,0.0008116883116883117
costly,attenuated,1.5,all,7,1,0,61,0.07942708333333333
costly,attenuated,1.5,all,7,1,1,707,0.9205729166666666
costly,attenuated,1.5,all,7,1,2,0,0.0
costly,attenuated,1.5,all,7,2,0,0,
costly,attenuated,1.5,all,7,2,1,0,
costly,attenuated,1.5,all,7,2,2,0,
costly,attenuated,1.5,all,8,0,0,1170,0.9512195121951219
costly,attenuated,1.5,all,8,0,1,59,0.04796747967479675
costly,attenuated,1.5,all,8,0,2,1,0.0008130081300813008
costly,attenuated,1.5,all,8,1,0,64,0.08322496749024708
costly,attenuated,1.5,all,8,1,1,705,0.9167750325097529
costly,attenuated,1.5,all,8,1,2,0,0.0
costly,attenuated,1.5,all,8,2,0,0,0.0
costly,attenuated,1.5,all,8,2,1,1,1.0
costly,attenuated,1.5,all,8,2,2,0,0.0
costly,attenuated,1.5,all,9,0,0,1151,0.9327390599675851
costly,attenuated,1.5,all,9,0,1,83,0.06726094003241491
costly,attenuated,1.5,all,9,0,2,0,0.0
costly,attenuated,1.5,all,9,1,0,62,0.08104575163398693
costly,attenuated,1.5,all,9,1,1,703,0.918954248366013
costly,attenuated,1.5,all,9,1,2,0,0.0
costly,attenuated,1.5,all,9,2,0,0,0.0
costly,attenuated,1.5,all,9,2,1,1,1.0
costly,attenuated,1.5,all,9,2,2,0,0.0
costly,attenuated,1.5,all,10,0,0,1140,0.9398186314921682
costly,attenuated,1.5,all,10,0,1,72,0.05935696619950536
costly,attenuated,1.5,all,10,0,2,1,0.0008244023083264633
costly,attenuated,1.5,all,10,1,0,85,0.10800508259212198
costly,attenuated,1.5,all,10,1,1,702,0.8919949174078781
costly,attenuated,1.5,all,10,1,2,0,0.0
costly,attenuated,1.5,all,10,2,0,0,
costly,attenuated,1.5,all,10,2,1,0,
costly,attenuated,1.5,all,10,2,2,0,
costly,attenuated,1.5,all,11,0,0,1146,0.9355102040816327
costly,attenuated,1.5,all,11,0,1,79,0.06448979591836734
costly,attenuated,1.5,all,11,0,2,0,0.0
costly,attenuated,1.5,all,11,1,0,81,0.10465116279069768
costly,attenuated,1.5,all,11,1,1,693,0.8953488372093024
costly,attenuated,1.5,all,11,1,2,0,0.0
costly,attenuated,1.5,all,11,2,0,1,1.0
costly,attenuated,1.5,all,11,2,1,0,0.0
costly,attenuated,1.5,all,11,2,2,0,0.0
costly,attenuated,1.5,all,12,0,0,1149,0.9356677524429967
costly,attenuated,1.5,all,12,0,1,78,0.06351791530944625
costly,attenuated,1.5,all,12,0,2,1,0.0008143322475570033
costly,attenuated,1.5,all,12,1,0,83,0.10751295336787564
costly,attenuated,1.5,all,12,1,1,689,0.8924870466321243
costly,attenuated,1.5,all,12,1,2,0,0.0
costly,attenuated,1.5,all,12,2,0,0,
costly,attenuated,1.5,all,12,2,1,0,
costly,attenuated,1.5,all,12,2,2,0,
costly,attenuated,1.5,all,13,0,0,1150,0.9334415584415584
costly,attenuated,1.5,all,13,0,1,80,0.06493506493506493
costly,attenuated,1.5,all,13,0,2,2,0.0016233766233766235
costly,attenuated,1.5,all,13,1,0,71,0.09256844850065189
costly,attenuated,1.5,all,13,1,1,696,0.9074315514993481
costly,attenuated,1.5,all,13,1,2,0,0.0
costly,attenuated,1.5,all,13,2,0,1,1.0
costly,attenuated,1.5,all,13,2,1,0,0.0
costly,attenuated,1.5,all,13,2,2,0,0.0
costly,attenuated,1.5,all,14,0,0,1143,0.9353518821603928
costly,attenuated,1.5,all,14,0,1,77,0.0630114566284779
costly,attenuated,1.5,all,14,0,2,2,0.0016366612111292963
costly,attenuated,1.5,all,14,1,0,82,0.1056701030927835
costly,attenuated,1.5,all,14,1,1,694,0.8943298969072165
costly,attenuated,1.5,all,14,1,2,0,0.0
costly,attenuated,1.5,all,14,2,0,1,0.5
costly,attenuated,1.5,all,14,2,1,1,0.5
costly,attenuated,1.5,all,14,2,2,0,0.0
costly,attenuated,1.5,all,15,0,0,1135,0.9257748776508973
costly,attenuated,1.5,all,15,0,1,91,0.07422512234910278
costly,attenuated,1.5,all,15,0,2,0,0.0
costly,attenuated,1.5,all,15,1,0,94,0.12176165803108809
costly,attenuated,1.5,all,15,1,1,678,0.8782383419689119
costly,attenuated,1.5,all,15,1,2,0,0.0
costly,attenuated,1.5,all,15,2,0,1,0.5
costly,attenuated,1.5,all,15,2,1,1,0.5
costly,attenuated,1.5,all,15,2,2,0,0.0
costly,attenuated,1.5,all,16,0,0,1141,0.9276422764227642
costly,attenuated,1.5,all,16,0,1,89,0.07235772357723577
costly,attenuated,1.5,all,16,0,2,0,0.0
costly,attenuated,1.5,all,16,1,0,77,0.1
costly,attenuated,1.5,all,16,1,1,693,0.9
costly,attenuated,1.5,all,16,1,2,0,0.0
costly,attenuated,1.5,all,16,2,0,0,
costly,attenuated,1.5,all,16,2,1,0,
costly,attenuated,1.5,all,16,2,2,0,
costly,attenuated,1.5,all,17,0,0,1138,0.9343185550082101
costly,attenuated,1.5,all,17,0,1,80,0.06568144499178982
costly,attenuated,1.5,all,17,0,2,0,0.0
costly,attenuated,1.5,all,17,1,0,81,0.10358056265984655
costly,attenuated,1.5,all,17,1,1,701,0.8964194373401535
costly,attenuated,1.5,all,17,1,2,0,0.0
costly,attenuated,1.5,all,17,2,0,0,
costly,attenuated,1.5,all,17,2,1,0,
costly,attenuated,1.5,all,17,2,2,0,
costly,attenuated,1.5,all,18,0,0,1138,0.933552091878589
costly,attenuated,1.5,all,18,0,1,81,0.06644790812141099
costly,attenuated,1.5,all,18,0,2,0,0.0
costly,attenuated,1.5,all,18,1,0,91,0.11651728553137004
costly,attenuated,1.5,all,18,1,1,690,0.8834827144686299
costly,attenuated,1.5,all,18,1,2,0,0.0
costly,attenuated,1.5,all,18,2,0,0,
costly,attenuated,1.5,all,18,2,1,0,
costly,attenuated,1.5,all,18,2,2,0,
costly,attenuated,1.5,all,19,0,0,1140,0.9275834011391375
costly,attenuated,1.5,all,19,0,1,89,0.07241659886086249
costly,attenuated,1.5,all,19,0,2,0,0.0
costly,attenuated,1.5,all,19,1,0,84,0.10894941634241245
costly,attenuated,1.5,all,19,1,1,687,0.8910505836575876
costly,attenuated,1.5,all,19,1,2,0,0.0
costly,attenuated,1.5,all,19,2,0,0,
costly,attenuated,1.5,all,19,2,1,0,
costly,attenuated,1.5,all,19,2,2,0,
costly,attenuated,1.5,all,20,0,0,1133,0.9256535947712419
costly,attenuated,1.5,all,20,0,1,90,0.07352941176470588
costly,attenuated,1.5,all,20,0,2,1,0.0008169934640522876
costly,attenuated,1.5,all,20,1,0,77,0.09922680412371133
costly,attenuated,1.5,all,20,1,1,699,0.9007731958762887
costly,attenuated,1.5,all,20,1,2,0,0.0
costly,attenuated,1.5,all,20,2,0,0,
costly,attenuated,1.5,all,20,2,1,0,
costly,attenuated,1.5,all,20,2,2,0,
costly,attenuated,1.5,all,21,0,0,1146,0.947107438016529
costly,attenuated,1.5,all,21,0,1,64,0.05289256198347107
costly,attenuated,1.5,all,21,0,2,0,0.0
costly,attenuated,1.5,all,21,1,0,85,0.10773130544993663
costly,attenuated,1.5,all,21,1,1,704,0.8922686945500634
costly,attenuated,1.5,all,21,1,2,0,0.0
costly,attenuated,1.5,all,21,2,0,1,1.0
costly,attenuated,1.5,all,21,2,1,0,0.0
costly,attenuated,1.5,all,21,2,2,0,0.0
costly,attenuated,1.5,all,22,0,0,1155,0.9375
costly,attenuated,1.5,all,22,0,1,76,0.06168831168831169
costly,attenuated,1.5,all,22,0,2,1,0.0008116883116883117
costly,attenuated,1.5,all,22,1,0,75,0.09765625
costly,attenuated,1.5,all,22,1,1,693,0.90234375
costly,attenuated,1.5,all,22,1,2,0,0.0
costly,attenuated,1.5,all,22,2,0,0,
costly,attenuated,1.5,all,22,2,1,0,
costly,attenuated,1.5,all,22,2,2,0,
costly,attenuated,1.5,all,23,0,0,1139,0.9260162601626016
costly,attenuated,1.5,all,23,0,1,91,0.07398373983739838
costly,attenuated,1.5,all,23,0,2,0,0.0
costly,attenuated,1.5,all,23,1,0,80,0.10403120936280884
costly,attenuated,1.5,all,23,1,1,689,0.8959687906371911
costly,attenuated,1.5,all,23,1,2,0,0.0
costly,attenuated,1.5,all,23,2,0,1,1.0
costly,attenuated,1.5,all,23,2,1,0,0.0
costly,attenuated,1.5,all,23,2,2,0,0.0
costly,attenuated,1.5,all,0,0,0,26569,0.9388007490901381
costly,attenuated,1.5,all,0,0,1,1718,0.060704568743153955
costly,attenuated,1.5,all,0,0,2,14,0.0004946821667078902
costly,attenuated,1.5,all,0,1,0,1682,0.0951088493073226
costly,attenuated,1.5,all,0,1,1,16003,0.9048911506926774
costly,attenuated,1.5,all,0,1,2,0,0.0
costly,attenuated,1.5,all,0,2,0,7,0.5
costly,attenuated,1.5,all,0,2,1,7,0.5
costly,attenuated,1.5,all,0,2,2,0,0.0
costly,attenuated,1.5,both_own,1,0,0,475,1.0
costly,attenuated,1.5,both_own,1,0,1,0,0.0
costly,attenuated,1.5,both_own,1,0,2,0,0.0
costly,attenuated,1.5,both_own,1,1,0,2,1.0
costly,attenuated,1.5,both_own,1,1,1,0,0.0
costly,attenuated,1.5,both_own,1,1,2,0,0.0
costly,attenuated,1.5,both_own,1,2,0,0,
costly,attenuated,1.5,both_own,1,2,1,0,
costly,attenuated,1.5,both_own,1,2,2,0,
costly,attenuated,1.5,both_own,2,0,0,475,0.9958071278825996
costly,attenuated,1.5,both_own,2,0,1,2,0.0041928721174004195
costly,attenuated,1.5,both_own,2,0,2,0,0.0
costly,attenuated,1.5,both_own,2,1,0,0,
costly,attenuated,1.5,both_own,2,1,1,0,
costly,attenuated,1.5,both_own,2,1,2,0,
costly,attenuated,1.5,both_own,2,2,0,0,
costly,attenuated,1.5,both_own,2,2,1,0,
costly,attenuated,1.5,both_own,2,2,2,0,
costly,attenuated,1.5,both_own,3,0,0,474,0.9978947368421053
costly,attenuated,1.5,both_own,3,0,1,1,0.002105263157894737
costly,attenuated,1.5,both_own,3,0,2,0,0.0
costly,attenuated,1.5,both_own,3,1,0,2,1.0
costly,attenuated,1.5,both_own,3,1,1,0,0.0
costly,attenuated,1.5,both_own,3,1,2,0,0.0
costly,attenuated,1.5,both_own,3,2,0,0,
costly,attenuated,1.5,both_own,3,2,1,0,
costly,attenuated,1.5,both_own,3,2,2,0,
costly,attenuated,1.5,both_own,4,0,0,474,0.9957983193277311
costly,attenuated,1.5,both_own,4,0,1,2,0.004201680672268907
costly,attenuated,1.5,both_own,4,0,2,0,0.0
costly,attenuated,1.5,both_own,4,1,0,1,1.0
costly,attenuated,1.5,both_own,4,1,1,0,0.0
costly,attenuated,1.5,both_own,4,1,2,0,0.0
costly,attenuated,1.5,both_own,4,2,0,0,
costly,attenuated,1.5,both_own,4,2,1,0,
costly,attenuated,1.5,both_own,4,2,2,0,
costly,attenuated,1.5,both_own,5,0,0,472,0.9936842105263158
costly,attenuated,1.5,both_own,5,0,1,3,0.00631578947368421
costly,attenuated,1.5,both_own,5,0,2,0,0.0
costly,attenuated,1.5,both_own,5,1,0,2,1.0
costly,attenuated,1.5,both_own,5,1,1,0,0.0
costly,attenuated,1.5,both_own,5,1,2,0,0.0
costly,attenuated,1.5,both_own,5,2,0,0,
costly,attenuated,1.5,both_own,5,2,1,0,
costly,attenuated,1.5,both_own,5,2,2,0,
costly,attenuated,1.5,both_own,6,0,0,473,0.9978902953586498
costly,attenuated,1.5,both_own,6,0,1,1,0.002109704641350211
costly,attenuated,1.5,both_own,6,0,2,0,0.0
costly,attenuated,1.5,both_own,6,1,0,3,1.0
costly,attenuated,1.5,both_own,6,1,1,0,0.0
costly,attenuated,1.5,both_own,6,1,2,0,0.0
costly,attenuated,1.5,both_own,6,2,0,0,
costly,attenuated,1.5,both_own,6,2,1,0,
costly,attenuated,1.5,both_own,6,2,2,0,
costly,attenuated,1.5,both_own,7,0,0,471,0.9894957983193278
costly,attenuated,1.5,both_own,7,0,1,5,0.01050420168067227
costly,attenuated,1.5,both_own,7,0,2,0,0.0
costly,attenuated,1.5,both_own,7,1,0,1,1.0
costly,attenuated,1.5,both_own,7,1,1,0,0.0
costly,attenuated,1.5,both_own,7,1,2,0,0.0
costly,attenuated,1.5,both_own,7,2,0,0,
costly,attenuated,1.5,both_own,7,2,1,0,
costly,attenuated,1.5,both_own,7,2,2,0,
costly,attenuated,1.5,both_own,8,0,0,468,0.9915254237288136
costly,attenuated,1.5,both_own,8,0,1,4,0.00847457627118644
costly,attenuated,1.5,both_own,8,0,2,0,0.0
costly,attenuated,1.5,both_own,8,1,0,5,1.0
costly,attenuated,1.5,both_own,8,1,1,0,0.0
costly,attenuated,1.5,both_own,8,1,2,0,0.0
costly,attenuated,1.5,both_own,8,2,0,0,
costly,attenuated,1.5,both_own,8,2,1,0,
costly,attenuated,1.5,both_own,8,2,2,0,
costly,attenuated,1.5,both_own,9,0,0,461,0.9746300211416491
costly,attenuated,1.5,both_own,9,0,1,12,0.02536997885835095
costly,attenuated,1.5,both_own,9,0,2,0,0.0
costly,attenuated,1.5,both_own,9,1,0,3,0.75
costly,attenuated,1.5,both_own,9,1,1,1,0.25
costly,attenuated,1.5,both_own,9,1,2,0,0.0
costly,attenuated,1.5,both_own,9,2,0,0,
costly,attenuated,1.5,both_own,9,2,1,0,
costly,attenuated,1.5,both_own,9,2,2,0,
costly,attenuated,1.5,both_own,10,0,0,453,0.9762931034482759
costly,attenuated,1.5,both_own,10,0,1,11,0.023706896551724137
costly,attenuated,1.5,both_own,10,0,2,0,0.0
costly,attenuated,1.5,both_own,10,1,0,13,1.0
costly,attenuated,1.5,both_own,10,1,1,0,0.0
costly,attenuated,1.5,both_own,10,1,2,0,0.0
costly,attenuated,1.5,both_own,10,2,0,0,
costly,attenuated,1.5,both_own,10,2,1,0,
costly,attenuated,1.5,both_own,10,2,2,0,
costly,attenuated,1.5,both_own,11,0,0,456,0.9785407725321889
costly,attenuated,1.5,both_own,11,0,1,10,0.02145922746781116
costly,attenuated,1.5,both_own,11,0,2,0,0.0
costly,attenuated,1.5,both_own,11,1,0,11,1.0
costly,attenuated,1.5,both_own,11,1,1,0,0.0
costly,attenuated,1.5,both_own,11,1,2,0,0.0
costly,attenuated,1.5,both_own,11,2,0,0,
costly,attenuated,1.5,both_own,11,2,1,0,
costly,attenuated,1.5,both_own,11,2,2,0,
costly,attenuated,1.5,both_own,12,0,0,456,0.9764453961456103
costly,attenuated,1.5,both_own,12,0,1,11,0.023554603854389723
costly,attenuated,1.5,both_own,12,0,2,0,0.0
costly,attenuated,1.5,both_own,12,1,0,10,1.0
costly,attenuated,1.5,both_own,12,1,1,0,0.0
costly,attenuated,1.5,both_own,12,1,2,0,0.0
costly,attenuated,1.5,both_own,12,2,0,0,
costly,attenuated,1.5,both_own,12,2,1,0,
costly,attenuated,1.5,both_own,12,2,2,0,
costly,attenuated,1.5,both_own,13,0,0,448,0.9613733905579399
costly,attenuated,1.5,both_own,13,0,1,18,0.03862660944206009
costly,attenuated,1.5,both_own,13,0,2,0,0.0
costly,attenuated,1.5,both_own,13,1,0,11,1.0
costly,attenuated,1.5,both_own,13,1,1,0,0.0
costly,attenuated,1.5,both_own,13,1,2,0,0.0
costly,attenuated,1.5,both_own,13,2,0,0,
costly,attenuated,1.5,both_own,13,2,1,0,
costly,attenuated,1.5,both_own,13,2,2,0,
costly,attenuated,1.5,both_own,14,0,0,453,0.9869281045751634
costly,attenuated,1.5,both_own,14,0,1,6,0.013071895424836602
costly,attenuated,1.5,both_own,14,0,2,0,0.0
costly,attenuated,1.5,both_own,14,1,0,17,0.9444444444444444
costly,attenuated,1.5,both_own,14,1,1,1,0.05555555555555555
costly,attenuated,1.5,both_own,14,1,2,0,0.0
costly,attenuated,1.5,both_own,14,2,0,0,
costly,attenuated,1.5,both_own,14,2,1,0,
costly,attenuated,1.5,both_own,14,2,2,0,
costly,attenuated,1.5,both_own,15,0,0,457,0.9723404255319149
costly,attenuated,1.5,both_own,15,0,1,13,0.027659574468085105
costly,attenuated,1.5,both_own,15,0,2,0,0.0
costly,attenuated,1.5,both_own,15,1,0,6,0.8571428571428571
costly,attenuated,1.5,both_own,15,1,1,1,0.14285714285714285
costly,attenuated,1.5,both_own,15,1,2,0,0.0
costly,attenuated,1.5,both_own,15,2,0,0,
costly,attenuated,1.5,both_own,15,2,1,0,
costly,attenuated,1.5,both_own,15,2,2,0,
costly,attenuated,1.5,both_own,16,0,0,450,0.9719222462203023
costly,attenuated,1.5,both_own,16,0,1,13,0.028077753779697623
costly,attenuated,1.5,both_own,16,0,2,0,0.0
costly,attenuated,1.5,both_own,16,1,0,13,0.9285714285714286
costly,attenuated,1.5,both_own,16,1,1,1,0.07142857142857142
costly,attenuated,1.5,both_own,16,1,2,0,0.0
costly,attenuated,1.5,both_own,16,2,0,0,
costly,attenuated,1.5,both_own,16,2,1,0,
costly,attenuated,1.5,both_own,16,2,2,0,
costly,attenuated,1.5,both_own,17,0,0,444,0.958963282937365
costly,attenuated,1.5,both_own,17,0,1,19,0.04103671706263499
costly,attenuated,1.5,both_own,17,0,2,0,0.0
costly,attenuated,1.5,both_own,17,1,0,14,1.0
costly,attenuated,1.5,both_own,17,1,1,0,0.0
costly,attenuated,1.5,both_own,17,1,2,0,0.0
costly,attenuated,1.5,both_own,17,2,0,0,
costly,attenuated,1.5,both_own,17,2,1,0,
costly,attenuated,1.5,both_own,17,2,2,0,
costly,attenuated,1.5,both_own,18,0,0,443,0.9672489082969432
costly,attenuated,1.5,both_own,18,0,1,15,0.03275109170305677
costly,attenuated,1.5,both_own,18,0,2,0,0.0
costly,attenuated,1.5,both_own,18,1,0,19,1.0
costly,attenuated,1.5,both_own,18,1,1,0,0.0
costly,attenuated,1.5,both_own,18,1,2,0,0.0
costly,attenuated,1.5,both_own,18,2,0,0,
costly,attenuated,1.5,both_own,18,2,1,0,
costly,attenuated,1.5,both_own,18,2,2,0,
costly,attenuated,1.5,both_own,19,0,0,447,0.9675324675324676
costly,attenuated,1.5,both_own,19,0,1,15,0.032467532467532464
costly,attenuated,1.5,both_own,19,0,2,0,0.0
costly,attenuated,1.5,both_own,19,1,0,14,0.9333333333333333
costly,attenuated,1.5,both_own,19,1,1,1,0.06666666666666667
costly,attenuated,1.5,both_own,19,1,2,0,0.0
costly,attenuated,1.5,both_own,19,2,0,0,
costly,attenuated,1.5,both_own,19,2,1,0,
costly,attenuated,1.5,both_own,19,2,2,0,
costly,attenuated,1.5,both_own,20,0,0,448,0.9718004338394793
costly,attenuated,1.5,both_own,20,0,1,13,0.028199566160520606
costly,attenuated,1.5,both_own,20,0,2,0,0.0
costly,attenuated,1.5,both_own,20,1,0,16,1.0
costly,attenuated,1.5,both_own,20,1,1,0,0.0
costly,attenuated,1.5,both_own,20,1,2,0,0.0
costly,attenuated,1.5,both_own,20,2,0,0,
costly,attenuated,1.5,both_own,20,2,1,0,
costly,attenuated,1.5,both_own,20,2,2,0,
costly,attenuated,1.5,both_own,21,0,0,455,0.9806034482758621
costly,attenuated,1.5,both_own,21,0,1,9,0.01939655172413793
costly,attenuated,1.5,both_own,21,0,2,0,0.0
costly,attenuated,1.5,both_own,21,1,0,13,1.0
costly,attenuated,1.5,both_own,21,1,1,0,0.0
costly,attenuated,1.5,both_own,21,1,2,0,0.0
costly,attenuated,1.5,both_own,21,2,0,0,
costly,attenuated,1.5,both_own,21,2,1,0,
costly,attenuated,1.5,both_own,21,2,2,0,
costly,attenuated,1.5,both_own,22,0,0,461,0.9850427350427351
costly,attenuated,1.5,both_own,22,0,1,7,0.014957264957264958
costly,attenuated,1.5,both_own,22,0,2,0,0.0
costly,attenuated,1.5,both_own,22,1,0,8,0.8888888888888888
costly,attenuated,1.5,both_own,22,1,1,1,0.1111111111111111
costly,attenuated,1.5,both_own,22,1,2,0,0.0
costly,attenuated,1.5,both_own,22,2,0,0,
costly,attenuated,1.5,both_own,22,2,1,0,
costly,attenuated,1.5,both_own,22,2,2,0,
costly,attenuated,1.5,both_own,23,0,0,456,0.9722814498933902
costly,attenuated,1.5,both_own,23,0,1,13,0.02771855010660981
costly,attenuated,1.5,both_own,23,0,2,0,0.0
costly,attenuated,1.5,both_own,23,1,0,8,1.0
costly,attenuated,1.5,both_own,23,1,1,0,0.0
costly,attenuated,1.5,both_own,23,1,2,0,0.0
costly,attenuated,1.5,both_own,23,2,0,0,
costly,attenuated,1.5,both_own,23,2,1,0,
costly,attenuated,1.5,both_own,23,2,2,0,
costly,attenuated,1.5,both_own,0,0,0,10570,0.9811565951916829
costly,attenuated,1.5,both_own,0,0,1,203,0.018843404808317088
costly,attenuated,1.5,both_own,0,0,2,0,0.0
costly,attenuated,1.5,both_own,0,1,0,192,0.9696969696969697
costly,attenuated,1.5,both_own,0,1,1,6,0.030303030303030304
costly,attenuated,1.5,both_own,0,1,2,0,0.0
costly,attenuated,1.5,both_own,0,2,0,0,
costly,attenuated,1.5,both_own,0,2,1,0,
costly,attenuated,1.5,both_own,0,2,2,0,
costly,costly,1.5,all,1,0,0,1934,0.979240506329114
costly,costly,1.5,all,1,0,1,41,0.020759493670886076
costly,costly,1.5,all,1,0,2,0,0.0
costly,costly,1.5,all,1,1,0,25,1.0
costly,costly,1.5,all,1,1,1,0,0.0
costly,costly,1.5,all,1,1,2,0,0.0
costly,costly,1.5,all,1,2,0,0,
costly,costly,1.5,all,1,2,1,0,
costly,costly,1.5,all,1,2,2,0,
costly,costly,1.5,all,2,0,0,1925,0.9826442062276671
costly,costly,1.5,all,2,0,1,34,0.017355793772332824
costly,costly,1.5,all,2,0,2,0,0.0
costly,costly,1.5,all,2,1,0,40,0.975609756097561
costly,costly,1.5,all,2,1,1,1,0.024390243902439025
costly,costly,1.5,all,2,1,2,0,0.0
costly,costly,1.5,all,2,2,0,0,
costly,costly,1.5,all,2,2,1,0,
costly,costly,1.5,all,2,2,2,0,
costly,costly,1.5,all,3,0,0,1945,0.989821882951654
costly,costly,1.5,all,3,0,1,20,0.010178117048346057
costly,costly,1.5,all,3,0,2,0,0.0
costly,costly,1.5,all,3,1,0,34,0.9714285714285714
costly,costly,1.5,all,3,1,1,1,0.02857142857142857
costly,costly,1.5,all,3,1,2,0,0.0
costly,costly,1.5,all,3,2,0,0,
costly,costly,1.5,all,3,2,1,0,
costly,costly,1.5,all,3,2,2,0,
costly,costly,1.5,all,4,0,0,1952,0.9863567458312279
costly,costly,1.5,all,4,0,1,27,0.013643254168772108
costly,costly,1.5,all,4,0,2,0,0.0
costly,costly,1.5,all,4,1,0,21,1.0
costly,costly,1.5,all,4,1,1,0,0.0
costly,costly,1.5,all,4,1,2,0,0.0
costly,costly,1.5,all,4,2,0,0,
costly,costly,1.5,all,4,2,1,0,
costly,costly,1.5,all,4,2,2,0,
costly,costly,1.5,all,5,0,0,1947,0.9868220983274202
costly,costly,1.5,all,5,0,1,26,0.013177901672579827
costly,costly,1.5,all,5,0,2,0,0.0
costly,costly,1.5,all,5,1,0,26,0.9629629629629629
costly,costly,1.5,all,5,1,1,1,0.037037037037037035
costly,costly,1.5,all,5,1,2,0,0.0
costly,costly,1.5,all,5,2,0,0,
costly,costly,1.5,all,5,2,1,0,
costly,costly,1.5,all,5,2,2,0,
costly,costly,1.5,all,6,0,0,1936,0.9812468322351748
costly,costly,1.5,all,6,0,1,37,0.01875316776482514
costly,costly,1.5,all,6,0,2,0,0.0
costly,costly,1.5,all,6,1,0,25,0.9259259259259259
costly,costly,1.5,all,6,1,1,2,0.07407407407407407
costly,costly,1.5,all,6,1,2,0,0.0
costly,costly,1.5,all,6,2,0,0,
costly,costly,1.5,all,6,2,1,0,
costly,costly,1.5,all,6,2,2,0,
costly,costly,1.5,all,7,0,0,1928,0.9831718510963794
costly,costly,1.5,all,7,0,1,33,0.016828148903620603
costly,costly,1.5,all,7,0,2,0,0.0
costly,costly,1.5,all,7,1,0,39,1.0
costly,costly,1.5,all,7,1,1,0,0.0
costly,costly,1.5,all,7,1,2,0,0.0
costly,costly,1.5,all,7,2,0,0,
costly,costly,1.5,all,7,2,1,0,
costly,costly,1.5,all,7,2,2,0,
costly,costly,1.5,all,8,0,0,1947,0.9898322318251144
costly,costly,1.5,all,8,0,1,20,0.010167768174885612
costly,costly,1.5,all,8,0,2,0,0.0
costly,costly,1.5,all,8,1,0,31,0.9393939393939394
costly,costly,1.5,all,8,1,1,2,0.06060606060606061
costly,costly,1.5,all,8,1,2,0,0.0
costly,costly,1.5,all,8,2,0,0,
costly,costly,1.5,all,8,2,1,0,
costly,costly,1.5,all,8,2,2,0,
costly,costly,1.5,all,9,0,0,1922,0.9716885743174924
costly,costly,1.5,all,9,0,1,56,0.028311425682507583
costly,costly,1.5,all,9,0,2,0,0.0
costly,costly,1.5,all,9,1,0,22,1.0
costly,costly,1.5,all,9,1,1,0,0.0
costly,costly,1.5,all,9,1,2,0,0.0
costly,costly,1.5,all,9,2,0,0,
costly,costly,1.5,all,9,2,1,0,
costly,costly,1.5,all,9,2,2,0,
costly,costly,1.5,all,10,0,0,1904,0.9794238683127572
costly,costly,1.5,all,10,0,1,40,0.0205761316872428
costly,costly,1.5,all,10,0,2,0,0.0
costly,costly,1.5,all,10,1,0,56,1.0
costly,costly,1.5,all,10,1,1,0,0.0
costly,costly,1.5,all,10,1,2,0,0.0
costly,costly,1.5,all,10,2,0,0,
costly,costly,1.5,all,10,2,1,0,
costly,costly,1.5,all,10,2,2,0,
costly,costly,1.5,all,11,0,0,1918,0.9785714285714285
costly,costly,1.5,all,11,0,1,42,0.02142857142857143
costly,costly,1.5,all,11,0,2,0,0.0
costly,costly,1.5,all,11,1,0,40,1.0
costly,costly,1.5,all,11,1,1,0,0.0
costly,costly,1.5,all,11,1,2,0,0.0
costly,costly,1.5,all,11,2,0,0,
costly,costly,1.5,all,11,2,1,0,
costly,costly,1.5,all,11,2,2,0,
costly,costly,1.5,all,12,0,0,1921,0.9811031664964249
costly,costly,1.5,all,12,0,1,37,0.018896833503575076
costly,costly,1.5,all,12,0,2,0,0.0
costly,costly,1.5,all,12,1,0,42,1.0
costly,costly,1.5,all,12,1,1,0,0.0
costly,costly,1.5,all,12,1,2,0,0.0
costly,costly,1.5,all,12,2,0,0,
costly,costly,1.5,all,12,2,1,0,
costly,costly,1.5,all,12,2,2,0,
costly,costly,1.5,all,13,0,0,1926,0.9811512990320937
costly,costly,1.5,all,13,0,1,37,0.018848700967906265
costly,costly,1.5,all,13,0,2,0,0.0
costly,costly,1.5,all,13,1,0,36,0.972972972972973
costly,costly,1.5,all,13,1,1,1,0.02702702702702703
costly,costly,1.5,all,13,1,2,0,0.0
costly,costly,1.5,all,13,2,0,0,
costly,costly,1.5,all,13,2,1,0,
costly,costly,1.5,all,13,2,2,0,
costly,costly,1.5,all,14,0,0,1911,0.9740061162079511
costly,costly,1.5,all,14,0,1,51,0.02599388379204893
costly,costly,1.5,all,14,0,2,0,0.0
costly,costly,1.5,all,14,1,0,37,0.9736842105263158
costly,costly,1.5,all,14,1,1,1,0.02631578947368421
costly,costly,1.5,all,14,1,2,0,0.0
costly,costly,1.5,all,14,2,0,0,
costly,costly,1.5,all,14,2,1,0,
costly,costly,1.5,all,14,2,2,0,
costly,costly,1.5,all,15,0,0,1897,0.9738193018480493
costly,costly,1.5,all,15,0,1,51,0.026180698151950718
costly,costly,1.5,all,15,0,2,0,0.0
costly,costly,1.5,all,15,1,0,49,0.9423076923076923
costly,costly,1.5,all,15,1,1,3,0.057692307692307696
costly,costly,1.5,all,15,1,2,0,0.0
costly,costly,1.5,all,15,2,0,0,
costly,costly,1.5,all,15,2,1,0,
costly,costly,1.5,all,15,2,2,0,
costly,costly,1.5,all,16,0,0,1906,0.9794450154162384
costly,costly,1.5,all,16,0,1,40,0.020554984583761562
costly,costly,1.5,all,16,0,2,0,0.0
costly,costly,1.5,all,16,1,0,53,0.9814814814814815
costly,costly,1.5,all,16,1,1,1,0.018518518518518517
costly,costly,1.5,all,16,1,2,0,0.0
costly,costly,1.5,all,16,2,0,0,
costly,costly,1.5,all,16,2,1,0,
costly,costly,1.5,all,16,2,2,0,
costly,costly,1.5,all,17,0,0,1913,0.9765186319550792
costly,costly,1.5,all,17,0,1,46,0.02348136804492088
costly,costly,1.5,all,17,0,2,0,0.0
costly,costly,1.5,all,17,1,0,39,0.9512195121951219
costly,costly,1.5,all,17,1,1,2,0.04878048780487805
costly,costly,1.5,all,17,1,2,0,0.0
costly,costly,1.5,all,17,2,0,0,
costly,costly,1.5,all,17,2,1,0,
costly,costly,1.5,all,17,2,2,0,
costly,costly,1.5,all,18,0,0,1923,0.9851434426229508
costly,costly,1.5,all,18,0,1,29,0.01485655737704918
costly,costly,1.5,all,18,0,2,0,0.0
costly,costly,1.5,all,18,1,0,48,1.0
costly,costly,1.5,all,18,1,1,0,0.0
costly,costly,1.5,all,18,1,2,0,0.0
costly,costly,1.5,all,18,2,0,0,
costly,costly,1.5,all,18,2,1,0,
costly,costly,1.5,all,18,2,2,0,
costly,costly,1.5,all,19,0,0,1921,0.9746321664129883
costly,costly,1.5,all,19,0,1,50,0.025367833587011668
costly,costly,1.5,all,19,0,2,0,0.0
costly,costly,1.5,all,19,1,0,29,1.0
costly,costly,1.5,all,19,1,1,0,0.0
costly,costly,1.5,all,19,1,2,0,0.0
costly,costly,1.5,all,19,2,0,0,
costly,costly,1.5,all,19,2,1,0,
costly,costly,1.5,all,19,2,2,0,
costly,costly,1.5,all,20,0,0,1896,0.9723076923076923
costly,costly,1.5,all,20,0,1,54,0.027692307692307693
costly,costly,1.5,all,20,0,2,0,0.0
costly,costly,1.5,all,20,1,0,49,0.98
costly,costly,1.5,all,20,1,1,1,0.02
costly,costly,1.5,all,20,1,2,0,0.0
costly,costly,1.5,all,20,2,0,0,
costly,costly,1.5,all,20,2,1,0,
costly,costly,1.5,all,20,2,2,0,
costly,costly,1.5,all,21,0,0,1907,0.9804627249357326
costly,costly,1.5,all,21,0,1,38,0.01953727506426735
costly,costly,1.5,all,21,0,2,0,0.0
costly,costly,1.5,all,21,1,0,53,0.9636363636363636
costly,costly,1.5,all,21,1,1,2,0.03636363636363636
costly,costly,1.5,all,21,1,2,0,0.0
costly,costly,1.5,all,21,2,0,0,
costly,costly,1.5,all,21,2,1,0,
costly,costly,1.5,all,21,2,2,0,
costly,costly,1.5,all,22,0,0,1918,0.9785714285714285
costly,costly,1.5,all,22,0,1,42,0.02142857142857143
costly,costly,1.5,all,22,0,2,0,0.0
costly,costly,1.5,all,22,1,0,40,1.0
costly,costly,1.5,all,22,1,1,0,0.0
costly,costly,1.5,all,22,1,2,0,0.0
costly,costly,1.5,all,22,2,0,0,
costly,costly,1.5,all,22,2,1,0,
costly,costly,1.5,all,22,2,2,0,
costly,costly,1.5,all,23,0,0,1900,0.9703779366700716
costly,costly,1.5,all,23,0,1,58,0.0296220633299285
costly,costly,1.5,all,23,0,2,0,0.0
costly,costly,1.5,all,23,1,0,40,0.9523809523809523
costly,costly,1.5,all,23,1,1,2,0.047619047619047616
costly,costly,1.5,all,23,1,2,0,0.0
costly,costly,1.5,all,23,2,0,0,
costly,costly,1.5,all,23,2,1,0,
costly,costly,1.5,all,23,2,2,0,
costly,costly,1.5,all,0,0,0,44197,0.9798474704030506
costly,costly,1.5,all,0,0,1,909,0.02015252959694941
costly,costly,1.5,all,0,0,2,0,0.0
costly,costly,1.5,all,0,1,0,874,0.9776286353467561
costly,costly,1.5,all,0,1,1,20,0.02237136465324385
costly,costly,1.5,all,0,1,2,0,0.0
costly,costly,1.5,all,0,2,0,0,
costly,costly,1.5,all,0,2,1,0,
costly,costly,1.5,all,0,2,2,0,
costly,costly,1.5,both_own,1,0,0,476,0.9979035639412998
costly,costly,1.5,both_own,1,0,1,1,0.0020964360587002098
costly,costly,1.5,both_own,1,0,2,0,0.0
costly,costly,1.5,both_own,1,1,0,0,
costly,costly,1.5,both_own,1,1,1,0,
costly,costly,1.5,both_own,1,1,2,0,
costly,costly,1.5,both_own,1,2,0,0,
costly,costly,1.5,both_own,1,2,1,0,
costly,costly,1.5,both_own,1,2,2,0,
costly,costly,1.5,both_own,2,0,0,476,1.0
costly,costly,1.5,both_own,2,0,1,0,0.0
costly,costly,1.5,both_own,2,0,2,0,0.0
costly,costly,1.5,both_own,2,1,0,1,1.0
costly,costly,1.5,both_own,2,1,1,0,0.0
costly,costly,1.5,both_own,2,1,2,0,0.0
costly,costly,1.5,both_own,2,2,0,0,
costly,costly,1.5,both_own,2,2,1,0,
costly,costly,1.5,both_own,2,2,2,0,
costly,costly,1.5,both_own,3,0,0,477,1.0
costly,costly,1.5,both_own,3,0,1,0,0.0
costly,costly,1.5,both_own,3,0,2,0,0.0
costly,costly,1.5,both_own,3,1,0,0,
costly,costly,1.5,both_own,3,1,1,0,
costly,costly,1.5,both_own,3,1,2,0,
costly,costly,1.5,both_own,3,2,0,0,
costly,costly,1.5,both_own,3,2,1,0,
costly,costly,1.5,both_own,3,2,2,0,
costly,costly,1.5,both_own,4,0,0,477,1.0
costly,costly,1.5,both_own,4,0,1,0,0.0
costly,costly,1.5,both_own,4,0,2,0,0.0
costly,costly,1.5,both_own,4,1,0,0,
costly,costly,1.5,both_own,4,1,1,0,
costly,costly,1.5,both_own,4,1,2,0,
costly,costly,1.5,both_own,4,2,0,0,
costly,costly,1.5,both_own,4,2,1,0,
costly,costly,1.5,both_own,4,2,2,0,
costly,costly,1.5,both_own,5,0,0,476,0.9979035639412998
costly,costly,1.5,both_own,5,0,1,1,0.0020964360587002098
costly,costly,1.5,both_own,5,0,2,0,0.0
costly,costly,1.5,both_own,5,1,0,0,
costly,costly,1.5,both_own,5,1,1,0,
costly,costly,1.5,both_own,5,1,2,0,
costly,costly,1.5,both_own,5,2,0,0,
costly,costly,1.5,both_own,5,2,1,0,
costly,costly,1.5,both_own,5,2,2,0,
costly,costly,1.5,both_own,6,0,0,475,0.9978991596638656
costly,costly,1.5,both_own,6,0,1,1,0.0021008403361344537
costly,costly,1.5,both_own,6,0,2,0,0.0
costly,costly,1.5,both_own,6,1,0,1,1.0
costly,costly,1.5,both_own,6,1,1,0,0.0
costly,costly,1.5,both_own,6,1,2,0,0.0
costly,costly,1.5,both_own,6,2,0,0,
costly,costly,1.5,both_own,6,2,1,0,
costly,costly,1.5,both_own,6,2,2,0,
costly,costly,1.5,both_own,7,0,0,475,0.9978991596638656
costly,costly,1.5,both_own,7,0,1,1,0.0021008403361344537
costly,costly,1.5,both_own,7,0,2,0,0.0
costly,costly,1.5,both_own,7,1,0,1,1.0
costly,costly,1.5,both_own,7,1,1,0,0.0
costly,costly,1.5,both_own,7,1,2,0,0.0
costly,costly,1.5,both_own,7,2,0,0,
costly,costly,1.5,both_own,7,2,1,0,
costly,costly,1.5,both_own,7,2,2,0,
costly,costly,1.5,both_own,8,0,0,476,1.0
costly,costly,1.5,both_own,8,0,1,0,0.0
costly,costly,1.5,both_own,8,0,2,0,0.0
costly,costly,1.5,both_own,8,1,0,1,1.0
costly,costly,1.5,both_own,8,1,1,0,0.0
costly,costly,1.5,both_own,8,1,2,0,0.0
costly,costly,1.5,both_own,8,2,0,0,
costly,costly,1.5,both_own,8,2,1,0,
costly,costly,1.5,both_own,8,2,2,0,
costly,costly,1.5,both_own,9,0,0,475,0.9958071278825996
costly,costly,1.5,both_own,9,0,1,2,0.0041928721174004195
costly,costly,1.5,both_own,9,0,2,0,0.0
costly,costly,1.5,both_own,9,1,0,0,
costly,costly,1.5,both_own,9,1,1,0,
costly,costly,1.5,both_own,9,1,2,0,
costly,costly,1.5,both_own,9,2,0,0,
costly,costly,1.5,both_own,9,2,1,0,
costly,costly,1.5,both_own,9,2,2,0,
costly,costly,1.5,both_own,10,0,0,472,0.9936842105263158
costly,costly,1.5,both_own,10,0,1,3,0.00631578947368421
costly,costly,1.5,both_own,10,0,2,0,0.0
costly,costly,1.5,both_own,10,1,0,2,1.0
costly,costly,1.5,both_own,10,1,1,0,0.0
costly,costly,1.5,both_own,10,1,2,0,0.0
costly,costly,1.5,both_own,10,2,0,0,
costly,costly,1.5,both_own,10,2,1,0,
costly,costly,1.5,both_own,10,2,2,0,
costly,costly,1.5,both_own,11,0,0,467,0.9852320675105485
costly,costly,1.5,both_own,11,0,1,7,0.014767932489451477
costly,costly,1.5,both_own,11,0,2,0,0.0
costly,costly,1.5,both_own,11,1,0,3,1.0
costly,costly,1.5,both_own,11,1,1,0,0.0
costly,costly,1.5,both_own,11,1,2,0,0.0
costly,costly,1.5,both_own,11,2,0,0,
costly,costly,1.5,both_own,11,2,1,0,
costly,costly,1.5,both_own,11,2,2,0,
costly,costly,1.5,both_own,12,0,0,463,0.9851063829787234
costly,costly,1.5,both_own,12,0,1,7,0.014893617021276596
costly,costly,1.5,both_own,12,0,2,0,0.0
costly,costly,1.5,both_own,12,1,0,7,1.0
costly,costly,1.5,both_own,12,1,1,0,0.0
costly,costly,1.5,both_own,12,1,2,0,0.0
costly,costly,1.5,both_own,12,2,0,0,
costly,costly,1.5,both_own,12,2,1,0,
costly,costly,1.5,both_own,12,2,2,0,
costly,costly,1.5,both_own,13,0,0,461,0.9808510638297873
costly,costly,1.5,both_own,13,0,1,9,0.019148936170212766
costly,costly,1.5,both_own,13,0,2,0,0.0
costly,costly,1.5,both_own,13,1,0,7,1.0
costly,costly,1.5,both_own,13,1,1,0,0.0
costly,costly,1.5,both_own,13,1,2,0,0.0
costly,costly,1.5,both_own,13,2,0,0,
costly,costly,1.5,both_own,13,2,1,0,
costly,costly,1.5,both_own,13,2,2,0,
costly,costly,1.5,both_own,14,0,0,464,0.9914529914529915
costly,costly,1.5,both_own,14,0,1,4,0.008547008547008548
costly,costly,1.5,both_own,14,0,2,0,0.0
costly,costly,1.5,both_own,14,1,0,9,1.0
costly,costly,1.5,both_own,14,1,1,0,0.0
costly,costly,1.5,both_own,14,1,2,0,0.0
costly,costly,1.5,both_own,14,2,0,0,
costly,costly,1.5,both_own,14,2,1,0,
costly,costly,1.5,both_own,14,2,2,0,
costly,costly,1.5,both_own,15,0,0,464,0.9809725158562368
costly,costly,1.5,both_own,15,0,1,9,0.019027484143763214
costly,costly,1.5,both_own,15,0,2,0,0.0
costly,costly,1.5,both_own,15,1,0,3,0.75
costly,costly,1.5,both_own,15,1,1,1,0.25
costly,costly,1.5,both_own,15,1,2,0,0.0
costly,costly,1.5,both_own,15,2,0,0,
costly,costly,1.5,both_own,15,2,1,0,
costly,costly,1.5,both_own,15,2,2,0,
costly,costly,1.5,both_own,16,0,0,464,0.9935760171306209
costly,costly,1.5,both_own,16,0,1,3,0.006423982869379015
costly,costly,1.5,both_own,16,0,2,0,0.0
costly,costly,1.5,both_own,16,1,0,10,1.0
costly,costly,1.5,both_own,16,1,1,0,0.0
costly,costly,1.5,both_own,16,1,2,0,0.0
costly,costly,1.5,both_own,16,2,0,0,
costly,costly,1.5,both_own,16,2,1,0,
costly,costly,1.5,both_own,16,2,2,0,
costly,costly,1.5,both_own,17,0,0,460,0.9704641350210971
costly,costly,1.5,both_own,17,0,1,14,0.029535864978902954
costly,costly,1.5,both_own,17,0,2,0,0.0
costly,costly,1.5,both_own,17,1,0,3,1.0
costly,costly,1.5,both_own,17,1,1,0,0.0
costly,costly,1.5,both_own,17,1,2,0,0.0
costly,costly,1.5,both_own,17,2,0,0,
costly,costly,1.5,both_own,17,2,1,0,
costly,costly,1.5,both_own,17,2,2,0,
costly,costly,1.5,both_own,18,0,0,456,0.9848812095032398
costly,costly,1.5,both_own,18,0,1,7,0.01511879049676026
costly,costly,1.5,both_own,18,0,2,0,0.0
costly,costly,1.5,both_own,18,1,0,14,1.0
costly,costly,1.5,both_own,18,1,1,0,0.0
costly,costly,1.5,both_own,18,1,2,0,0.0
costly,costly,1.5,both_own,18,2,0,0,
costly,costly,1.5,both_own,18,2,1,0,
costly,costly,1.5,both_own,18,2,2,0,
costly,costly,1.5,both_own,19,0,0,462,0.9829787234042553
costly,costly,1.5,both_own,19,0,1,8,0.01702127659574468
costly,costly,1.5,both_own,19,0,2,0,0.0
costly,costly,1.5,both_own,19,1,0,7,1.0
costly,costly,1.5,both_own,19,1,1,0,0.0
costly,costly,1.5,both_own,19,1,2,0,0.0
costly,costly,1.5,both_own,19,2,0,0,
costly,costly,1.5,both_own,19,2,1,0,
costly,costly,1.5,both_own,19,2,2,0,
costly,costly,1.5,both_own,20,0,0,461,0.9829424307036247
costly,costly,1.5,both_own,20,0,1,8,0.017057569296375266
costly,costly,1.5,both_own,20,0,2,0,0.0
costly,costly,1.5,both_own,20,1,0,8,1.0
costly,costly,1.5,both_own,20,1,1,0,0.0
costly,costly,1.5,both_own,20,1,2,0,0.0
costly,costly,1.5,both_own,20,2,0,0,
costly,costly,1.5,both_own,20,2,1,0,
costly,costly,1.5,both_own,20,2,2,0,
costly,costly,1.5,both_own,21,0,0,465,0.9914712153518124
costly,costly,1.5,both_own,21,0,1,4,0.008528784648187633
costly,costly,1.5,both_own,21,0,2,0,0.0
costly,costly,1.5,both_own,21,1,0,7,0.875
costly,costly,1.5,both_own,21,1,1,1,0.125
costly,costly,1.5,both_own,21,1,2,0,0.0
costly,costly,1.5,both_own,21,2,0,0,
costly,costly,1.5,both_own,21,2,1,0,
costly,costly,1.5,both_own,21,2,2,0,
costly,costly,1.5,both_own,22,0,0,468,0.9915254237288136
costly,costly,1.5,both_own,22,0,1,4,0.00847457627118644
costly,costly,1.5,both_own,22,0,2,0,0.0
costly,costly,1.5,both_own,22,1,0,5,1.0
costly,costly,1.5,both_own,22,1,1,0,0.0
costly,costly,1.5,both_own,22,1,2,0,0.0
costly,costly,1.5,both_own,22,2,0,0,
costly,costly,1.5,both_own,22,2,1,0,
costly,costly,1.5,both_own,22,2,2,0,
costly,costly,1.5,both_own,23,0,0,462,0.9767441860465116
costly,costly,1.5,both_own,23,0,1,11,0.023255813953488372
costly,costly,1.5,both_own,23,0,2,0,0.0
costly,costly,1.5,both_own,23,1,0,3,0.75
costly,costly,1.5,both_own,23,1,1,1,0.25
costly,costly,1.5,both_own,23,1,2,0,0.0
costly,costly,1.5,both_own,23,2,0,0,
costly,costly,1.5,both_own,23,2,1,0,
costly,costly,1.5,both_own,23,2,2,0,
costly,costly,1.5,both_own,0,0,0,10772,0.9904376609047444
costly,costly,1.5,both_own,0,0,1,104,0.009562339095255609
costly,costly,1.5,both_own,0,0,2,0,0.0
costly,costly,1.5,both_own,0,1,0,92,0.968421052631579
costly,costly,1.5,both_own,0,1,1,3,0.031578947368421054
costly,costly,1.5,both_own,0,1,2,0,0.0
costly,costly,1.5,both_own,0,2,0,0,
costly,costly,1.5,both_own,0,2,1,0,
costly,costly,1.5,both_own,0,2,2,0,
costly,mixed,1.5,all,1,0,0,1523,0.8885647607934656
costly,mixed,1.5,all,1,0,1,190,0.11085180863477247
costly,mixed,1.5,all,1,0,2,1,0.0005834305717619603
costly,mixed,1.5,all,1,1,0,150,0.5244755244755245
costly,mixed,1.5,all,1,1,1,136,0.4755244755244755
costly,mixed,1.5,all,1,1,2,0,0.0
costly,mixed,1.5,all,1,2,0,0,
costly,mixed,1.5,all,1,2,1,0,
costly,mixed,1.5,all,1,2,2,0,
costly,mixed,1.5,all,2,0,0,1506,0.9001793185893604
costly,mixed,1.5,all,2,0,1,167,0.09982068141063957
costly,mixed,1.5,all,2,0,2,0,0.0
costly,mixed,1.5,all,2,1,0,187,0.5736196319018405
costly,mixed,1.5,all,2,1,1,139,0.4263803680981595
costly,mixed,1.5,all,2,1,2,0,0.0
costly,mixed,1.5,all,2,2,0,1,1.0
costly,mixed,1.5,all,2,2,1,0,0.0
costly,mixed,1.5,all,2,2,2,0,0.0
costly,mixed,1.5,all,3,0,0,1496,0.8831168831168831
costly,mixed,1.5,all,3,0,1,198,0.11688311688311688
costly,mixed,1.5,all,3,0,2,0,0.0
costly,mixed,1.5,all,3,1,0,181,0.5915032679738562
costly,mixed,1.5,all,3,1,1,125,0.4084967320261438
costly,mixed,1.5,all,3,1,2,0,0.0
costly,mixed,1.5,all,3,2,0,0,
costly,mixed,1.5,all,3,2,1,0,
costly,mixed,1.5,all,3,2,2,0,
costly,mixed,1.5,all,4,0,0,1483,0.8843172331544424
costly,mixed,1.5,all,4,0,1,194,0.11568276684555755
costly,mixed,1.5,all,4,0,2,0,0.0
costly,mixed,1.5,all,4,1,0,185,0.5727554179566563
costly,mixed,1.5,all,4,1,1,138,0.42724458204334365
costly,mixed,1.5,all,4,1,2,0,0.0
costly,mixed,1.5,all,4,2,0,0,
costly,mixed,1.5,all,4,2,1,0,
costly,mixed,1.5,all,4,2,2,0,
costly,mixed,1.5,all,5,0,0,1479,0.8866906474820144
costly,mixed,1.5,all,5,0,1,189,0.11330935251798561
costly,mixed,1.5,all,5,0,2,0,0.0
costly,mixed,1.5,all,5,1,0,204,0.6144578313253012
costly,mixed,1.5,all,5,1,1,128,0.3855421686746988
costly,mixed,1.5,all,5,1,2,0,0.0
costly,mixed,1.5,all,5,2,0,0,
costly,mixed,1.5,all,5,2,1,0,
costly,mixed,1.5,all,5,2,2,0,
costly,mixed,1.5,all,6,0,0,1474,0.8758169934640523
costly,mixed,1.5,all,6,0,1,209,0.12418300653594772
costly,mixed,1.5,all,6,0,2,0,0.0
costly,mixed,1.5,all,6,1,0,179,0.5646687697160884
costly,mixed,1.5,all,6,1,1,138,0.4353312302839117
costly,mixed,1.5,all,6,1,2,0,0.0
costly,mixed,1.5,all,6,2,0,0,
costly,mixed,1.5,all,6,2,1,0,
costly,mixed,1.5,all,6,2,2,0,
costly,mixed,1.5,all,7,0,0,1465,0.8862673926194797
costly,mixed,1.5,all,7,0,1,188,0.11373260738052027
costly,mixed,1.5,all,7,0,2,0,0.0
costly,mixed,1.5,all,7,1,0,183,0.5273775216138329
costly,mixed,1.5,all,7,1,1,164,0.47262247838616717
costly,mixed,1.5,all,7,1,2,0,0.0
costly,mixed,1.5,all,7,2,0,0,
costly,mixed,1.5,all,7,2,1,0,
costly,mixed,1.5,all,7,2,2,0,
costly,mixed,1.5,all,8,0,0,1452,0.8810679611650486
costly,mixed,1.5,all,8,0,1,196,0.11893203883495146
costly,mixed,1.5,all,8,0,2,0,0.0
costly,mixed,1.5,all,8,1,0,198,0.5625
costly,mixed,1.5,all,8,1,1,154,0.4375
costly,mixed,1.5,all,8,1,2,0,0.0
costly,mixed,1.5,all,8,2,0,0,
costly,mixed,1.5,all,8,2,1,0,
costly,mixed,1.5,all,8,2,2,0,
costly,mixed,1.5,all,9,0,0,1441,0.8733333333333333
costly,mixed,1.5,all,9,0,1,209,0.12666666666666668
costly,mixed,1.5,all,9,0,2,0,0.0
costly,mixed,1.5,all,9,1,0,201,0.5742857142857143
costly,mixed,1.5,all,9,1,1,149,0.4257142857142857
costly,mixed,1.5,all,9,1,2,0,0.0
costly,mixed,1.5,all,9,2,0,0,
costly,mixed,1.5,all,9,2,1,0,
costly,mixed,1.5,all,9,2,2,0,
costly,mixed,1.5,all,10,0,0,1440,0.876979293544458
costly,mixed,1.5,all,10,0,1,202,0.12302070645554203
costly,mixed,1.5,all,10,0,2,0,0.0
costly,mixed,1.5,all,10,1,0,212,0.5921787709497207
costly,mixed,1.5,all,10,1,1,146,0.40782122905027934
costly,mixed,1.5,all,10,1,2,0,0.0
costly,mixed,1.5,all,10,2,0,0,
costly,mixed,1.5,all,10,2,1,0,
costly,mixed,1.5,all,10,2,2,0,
costly,mixed,1.5,all,11,0,0,1446,0.8753026634382567
costly,mixed,1.5,all,11,0,1,206,0.12469733656174334
costly,mixed,1.5,all,11,0,2,0,0.0
costly,mixed,1.5,all,11,1,0,194,0.5574712643678161
costly,mixed,1.5,all,11,1,1,154,0.4425287356321839
costly,mixed,1.5,all,11,1,2,0,0.0
costly,mixed,1.5,all,11,2,0,0,
costly,mixed,1.5,all,11,2,1,0,
costly,mixed,1.5,all,11,2,2,0,
costly,mixed,1.5,all,12,0,0,1446,0.8817073170731707
costly,mixed,1.5,all,12,0,1,194,0.11829268292682926
costly,mixed,1.5,all,12,0,2,0,0.0
costly,mixed,1.5,all,12,1,0,209,0.5805555555555556
costly,mixed,1.5,all,12,1,1,151,0.41944444444444445
costly,mixed,1.5,all,12,1,2,0,0.0
costly,mixed,1.5,all,12,2,0,0,
costly,mixed,1.5,all,12,2,1,0,
costly,mixed,1.5,all,12,2,2,0,
costly,mixed,1.5,all,13,0,0,1451,0.8767371601208459
costly,mixed,1.5,all,13,0,1,204,0.12326283987915408
costly,mixed,1.5,all,13,0,2,0,0.0
costly,mixed,1.5,all,13,1,0,197,0.5710144927536231
costly,mixed,1.5,all,13,1,1,148,0.4289855072463768
costly,mixed,1.5,all,13,1,2,0,0.0
costly,mixed,1.5,all,13,2,0,0,
costly,mixed,1.5,all,13,2,1,0,
costly,mixed,1.5,all,13,2,2,0,
costly,mixed,1.5,all,14,0,0,1433,0.8695388349514563
costly,mixed,1.5,all,14,0,1,214,0.12985436893203883
costly,mixed,1.5,all,14,0,2,1,0.0006067961165048543
costly,mixed,1.5,all,14,1,0,211,0.5994318181818182
costly,mixed,1.5,all,14,1,1,141,0.4005681818181818
costly,mixed,1.5,all,14,1,2,0,0.0
costly,mixed,1.5,all,14,2,0,0,
costly,mixed,1.5,all,14,2,1,0,
costly,mixed,1.5,all,14,2,2,0,
costly,mixed,1.5,all,15,0,0,1440,0.8759124087591241
costly,mixed,1.5,all,15,0,1,204,0.12408759124087591
costly,mixed,1.5,all,15,0,2,0,0.0
costly,mixed,1.5,all,15,1,0,213,0.6
costly,mixed,1.5,all,15,1,1,142,0.4
costly,mixed,1.5,all,15,1,2,0,0.0
costly,mixed,1.5,all,15,2,0,1,1.0
costly,mixed,1.5,all,15,2,1,0,0.0
costly,mixed,1.5,all,15,2,2,0,0.0
costly,mixed,1.5,all,16,0,0,1444,0.8730350665054414
costly,mixed,1.5,all,16,0,1,210,0.12696493349455865
costly,mixed,1.5,all,16,0,2,0,0.0
costly,mixed,1.5,all,16,1,0,209,0.6040462427745664
costly,mixed,1.5,all,16,1,1,137,0.3959537572254335
costly,mixed,1.5,all,16,1,2,0,0.0
costly,mixed,1.5,all,16,2,0,0,
costly,mixed,1.5,all,16,2,1,0,
costly,mixed,1.5,all,16,2,2,0,
costly,mixed,1.5,all,17,0,0,1435,0.868118572292801
costly,mixed,1.5,all,17,0,1,218,0.13188142770719904
costly,mixed,1.5,all,17,0,2,0,0.0
costly,mixed,1.5,all,17,1,0,205,0.590778097982709
costly,mixed,1.5,all,17,1,1,142,0.4092219020172911
costly,mixed,1.5,all,17,1,2,0,0.0
costly,mixed,1.5,all,17,2,0,0,
costly,mixed,1.5,all,17,2,1,0,
costly,mixed,1.5,all,17,2,2,0,
costly,mixed,1.5,all,18,0,0,1424,0.8682926829268293
costly,mixed,1.5,all,18,0,1,216,0.13170731707317074
costly,mixed,1.5,all,18,0,2,0,0.0
costly,mixed,1.5,all,18,1,0,229,0.6361111111111111
costly,mixed,1.5,all,18,1,1,131,0.3638888888888889
costly,mixed,1.5,all,18,1,2,0,0.0
costly,mixed,1.5,all,18,2,0,0,
costly,mixed,1.5,all,18,2,1,0,
costly,mixed,1.5,all,18,2,2,0,
costly,mixed,1.5,all,19,0,0,1434,0.867513611615245
costly,mixed,1.5,all,19,0,1,219,0.132486388384755
costly,mixed,1.5,all,19,0,2,0,0.0
costly,mixed,1.5,all,19,1,0,206,0.5936599423631124
costly,mixed,1.5,all,19,1,1,141,0.40634005763688763
costly,mixed,1.5,all,19,1,2,0,0.0
costly,mixed,1.5,all,19,2,0,0,
costly,mixed,1.5,all,19,2,1,0,
costly,mixed,1.5,all,19,2,2,0,
costly,mixed,1.5,all,20,0,0,1428,0.8707317073170732
costly,mixed,1.5,all,20,0,1,212,0.12926829268292683
costly,mixed,1.5,all,20,0,2,0,0.0
costly,mixed,1.5,all,20,1,0,227,0.6305555555555555
costly,mixed,1.5,all,20,1,1,133,0.36944444444444446
costly,mixed,1.5,all,20,1,2,0,0.0
costly,mixed,1.5,all,20,2,0,0,
costly,mixed,1.5,all,20,2,1,0,
costly,mixed,1.5,all,20,2,2,0,
costly,mixed,1.5,all,21,0,0,1449,0.8755287009063444
costly,mixed,1.5,all,21,0,1,206,0.12447129909365559
costly,mixed,1.5,all,21,0,2,0,0.0
costly,mixed,1.5,all,21,1,0,215,0.6231884057971014
costly,mixed,1.5,all,21,1,1,130,0.37681159420289856
costly,mixed,1.5,all,21,1,2,0,0.0
costly,mixed,1.5,all,21,2,0,0,
costly,mixed,1.5,all,21,2,1,0,
costly,mixed,1.5,all,21,2,2,0,
costly,mixed,1.5,all,22,0,0,1458,0.8762019230769231
costly,mixed,1.5,all,22,0,1,206,0.12379807692307693
costly,mixed,1.5,all,22,0,2,0,0.0
costly,mixed,1.5,all,22,1,0,212,0.6309523809523809
costly,mixed,1.5,all,22,1,1,124,0.36904761904761907
costly,mixed,1.5,all,22,1,2,0,0.0
costly,mixed,1.5,all,22,2,0,0,
costly,mixed,1.5,all,22,2,1,0,
costly,mixed,1.5,all,22,2,2,0,
costly,mixed,1.5,all,23,0,0,1448,0.8670658682634731
costly,mixed,1.5,all,23,0,1,222,0.13293413173652693
costly,mixed,1.5,all,23,0,2,0,0.0
costly,mixed,1.5,all,23,1,0,192,0.5818181818181818
costly,mixed,1.5,all,23,1,1,138,0.41818181818181815
costly,mixed,1.5,all,23,1,2,0,0.0
costly,mixed,1.5,all,23,2,0,0,
costly,mixed,1.5,all,23,2,1,0,
costly,mixed,1.5,all,23,2,2,0,
costly,mixed,1.5,all,0,0,0,33495,0.877521613832853
costly,mixed,1.5,all,0,0,1,4673,0.12242598899659418
costly,mixed,1.5,all,0,0,2,2,5.239717055279015e-05
costly,mixed,1.5,all,0,1,0,4599,0.5875063873275421
costly,mixed,1.5,all,0,1,1,3229,0.4124936126724578
costly,mixed,1.5,all,0,1,2,0,0.0
costly,mixed,1.5,all,0,2,0,2,1.0
costly,mixed,1.5,all,0,2,1,0,0.0
costly,mixed,1.5,all,0,2,2,0,0.0
costly,mixed,1.5,both_own,1,0,0,474,0.9978947368421053
costly,mixed,1.5,both_own,1,0,1,1,0.002105263157894737
costly,mixed,1.5,both_own,1,0,2,0,0.0
costly,mixed,1.5,both_own,1,1,0,2,1.0
costly,mixed,1.5,both_own,1,1,1,0,0.0
costly,mixed,1.5,both_own,1,1,2,0,0.0
costly,mixed,1.5,both_own,1,2,0,0,
costly,mixed,1.5,both_own,1,2,1,0,
costly,mixed,1.5,both_own,1,2,2,0,
costly,mixed,1.5,both_own,2,0,0,476,1.0
costly,mixed,1.5,both_own,2,0,1,0,0.0
costly,mixed,1.5,both_own,2,0,2,0,0.0
costly,mixed,1.5,both_own,2,1,0,1,1.0
costly,mixed,1.5,both_own,2,1,1,0,0.0
costly,mixed,1.5,both_own,2,1,2,0,0.0
costly,mixed,1.5,both_own,2,2,0,0,
costly,mixed,1.5,both_own,2,2,1,0,
costly,mixed,1.5,both_own,2,2,2,0,
costly,mixed,1.5,both_own,3,0,0,474,0.9937106918238994
costly,mixed,1.5,both_own,3,0,1,3,0.006289308176100629
costly,mixed,1.5,both_own,3,0,2,0,0.0
costly,mixed,1.5,both_own,3,1,0,0,
costly,mixed,1.5,both_own,3,1,1,0,
costly,mixed,1.5,both_own,3,1,2,0,
costly,mixed,1.5,both_own,3,2,0,0,
costly,mixed,1.5,both_own,3,2,1,0,
costly,mixed,1.5,both_own,3,2,2,0,
costly,mixed,1.5,both_own,4,0,0,473,0.9978902953586498
costly,mixed,1.5,both_own,4,0,1,1,0.002109704641350211
costly,mixed,1.5,both_own,4,0,2,0,0.0
costly,mixed,1.5,both_own,4,1,0,3,1.0
costly,mixed,1.5,both_own,4,1,1,0,0.0
costly,mixed,1.5,both_own,4,1,2,0,0.0
costly,mixed,1.5,both_own,4,2,0,0,
costly,mixed,1.5,both_own,4,2,1,0,
costly,mixed,1.5,both_own,4,2,2,0,
costly,mixed,1.5,both_own,5,0,0,474,0.9957983193277311
costly,mixed,1.5,both_own,5,0,1,2,0.004201680672268907
costly,mixed,1.5,both_own,5,0,2,0,0.0
costly,mixed,1.5,both_own,5,1,0,1,1.0
costly,mixed,1.5,both_own,5,1,1,0,0.0
costly,mixed,1.5,both_own,5,1,2,0,0.0
costly,mixed,1.5,both_own,5,2,0,0,
costly,mixed,1.5,both_own,5,2,1,0,
costly,mixed,1.5,both_own,5,2,2,0,
costly,mixed,1.5,both_own,6,0,0,474,0.9978947368421053
costly,mixed,1.5,both_own,6,0,1,1,0.002105263157894737
costly,mixed,1.5,both_own,6,0,2,0,0.0
costly,mixed,1.5,both_own,6,1,0,2,1.0
costly,mixed,1.5,both_own,6,1,1,0,0.0
costly,mixed,1.5,both_own,6,1,2,0,0.0
costly,mixed,1.5,both_own,6,2,0,0,
costly,mixed,1.5,both_own,6,2,1,0,
costly,mixed,1.5,both_own,6,2,2,0,
costly,mixed,1.5,both_own,7,0,0,470,0.9873949579831933
costly,mixed,1.5,both_own,7,0,1,6,0.012605042016806723
costly,mixed,1.5,both_own,7,0,2,0,0.0
costly,mixed,1.5,both_own,7,1,0,1,1.0
costly,mixed,1.5,both_own,7,1,1,0,0.0
costly,mixed,1.5,both_own,7,1,2,0,0.0
costly,mixed,1.5,both_own,7,2,0,0,
costly,mixed,1.5,both_own,7,2,1,0,
costly,mixed,1.5,both_own,7,2,2,0,
costly,mixed,1.5,both_own,8,0,0,465,0.9872611464968153
costly,mixed,1.5,both_own,8,0,1,6,0.012738853503184714
costly,mixed,1.5,both_own,8,0,2,0,0.0
costly,mixed,1.5,both_own,8,1,0,6,1.0
costly,mixed,1.5,both_own,8,1,1,0,0.0
costly,mixed,1.5,both_own,8,1,2,0,0.0
costly,mixed,1.5,both_own,8,2,0,0,
costly,mixed,1.5,both_own,8,2,1,0,
costly,mixed,1.5,both_own,8,2,2,0,
costly,mixed,1.5,both_own,9,0,0,464,0.9851380042462845
costly,mixed,1.5,both_own,9,0,1,7,0.014861995753715499
costly,mixed,1.5,both_own,9,0,2,0,0.0
costly,mixed,1.5,both_own,9,1,0,6,1.0
costly,mixed,1.5,both_own,9,1,1,0,0.0
costly,mixed,1.5,both_own,9,1,2,0,0.0
costly,mixed,1.5,both_own,9,2,0,0,
costly,mixed,1.5,both_own,9,2,1,0,
costly,mixed,1.5,both_own,9,2,2,0,
costly,mixed,1.5,both_own,10,0,0,461,0.9808510638297873
costly,mixed,1.5,both_own,10,0,1,9,0.019148936170212766
costly,mixed,1.5,both_own,10,0,2,0,0.0
costly,mixed,1.5,both_own,10,1,0,7,1.0
costly,mixed,1.5,both_own,10,1,1,0,0.0
costly,mixed,1.5,both_own,10,1,2,0,0.0
costly,mixed,1.5,both_own,10,2,0,0,
costly,mixed,1.5,both_own,10,2,1,0,
costly,mixed,1.5,both_own,10,2,2,0,
costly,mixed,1.5,both_own,11,0,0,456,0.9743589743589743
costly,mixed,1.5,both_own,11,0,1,12,0.02564102564102564
costly,mixed,1.5,both_own,11,0,2,0,0.0
costly,mixed,1.5,both_own,11,1,0,9,1.0
costly,mixed,1.5,both_own,11,1,1,0,0.0
costly,mixed,1.5,both_own,11,1,2,0,0.0
costly,mixed,1.5,both_own,11,2,0,0,
costly,mixed,1.5,both_own,11,2,1,0,
costly,mixed,1.5,both_own,11,2,2,0,
costly,mixed,1.5,both_own,12,0,0,454,0.9763440860215054
costly,mixed,1.5,both_own,12,0,1,11,0.023655913978494623
costly,mixed,1.5,both_own,12,0,2,0,0.0
costly,mixed,1.5,both_own,12,1,0,11,0.9166666666666666
costly,mixed,1.5,both_own,12,1,1,1,0.08333333333333333
costly,mixed,1.5,both_own,12,1,2,0,0.0
costly,mixed,1.5,both_own,12,2,0,0,
costly,mixed,1.5,both_own,12,2,1,0,
costly,mixed,1.5,both_own,12,2,2,0,
costly,mixed,1.5,both_own,13,0,0,451,0.9698924731182795
costly,mixed,1.5,both_own,13,0,1,14,0.030107526881720432
costly,mixed,1.5,both_own,13,0,2,0,0.0
costly,mixed,1.5,both_own,13,1,0,12,1.0
costly,mixed,1.5,both_own,13,1,1,0,0.0
costly,mixed,1.5,both_own,13,1,2,0,0.0
costly,mixed,1.5,both_own,13,2,0,0,
costly,mixed,1.5,both_own,13,2,1,0,
costly,mixed,1.5,both_own,13,2,2,0,
costly,mixed,1.5,both_own,14,0,0,458,0.9892008639308856
costly,mixed,1.5,both_own,14,0,1,5,0.01079913606911447
costly,mixed,1.5,both_own,14,0,2,0,0.0
costly,mixed,1.5,both_own,14,1,0,14,1.0
costly,mixed,1.5,both_own,14,1,1,0,0.0
costly,mixed,1.5,both_own,14,1,2,0,0.0
costly,mixed,1.5,both_own,14,2,0,0,
costly,mixed,1.5,both_own,14,2,1,0,
costly,mixed,1.5,both_own,14,2,2,0,
costly,mixed,1.5,both_own,15,0,0,457,0.9682203389830508
costly,mixed,1.5,both_own,15,0,1,15,0.03177966101694915
costly,mixed,1.5,both_own,15,0,2,0,0.0
costly,mixed,1.5,both_own,15,1,0,5,1.0
costly,mixed,1.5,both_own,15,1,1,0,0.0
costly,mixed,1.5,both_own,15,1,2,0,0.0
costly,mixed,1.5,both_own,15,2,0,0,
costly,mixed,1.5,both_own,15,2,1,0,
costly,mixed,1.5,both_own,15,2,2,0,
costly,mixed,1.5,both_own,16,0,0,449,0.9718614718614719
costly,mixed,1.5,both_own,16,0,1,13,0.02813852813852814
costly,mixed,1.5,both_own,16,0,2,0,0.0
costly,mixed,1.5,both_own,16,1,0,13,0.8666666666666667
costly,mixed,1.5,both_own,16,1,1,2,0.13333333333333333
costly,mixed,1.5,both_own,16,1,2,0,0.0
costly,mixed,1.5,both_own,16,2,0,0,
costly,mixed,1.5,both_own,16,2,1,0,
costly,mixed,1.5,both_own,16,2,2,0,
costly,mixed,1.5,both_own,17,0,0,443,0.9588744588744589
costly,mixed,1.5,both_own,17,0,1,19,0.04112554112554113
costly,mixed,1.5,both_own,17,0,2,0,0.0
costly,mixed,1.5,both_own,17,1,0,14,0.9333333333333333
costly,mixed,1.5,both_own,17,1,1,1,0.06666666666666667
costly,mixed,1.5,both_own,17,1,2,0,0.0
costly,mixed,1.5,both_own,17,2,0,0,
costly,mixed,1.5,both_own,17,2,1,0,
costly,mixed,1.5,both_own,17,2,2,0,
costly,mixed,1.5,both_own,18,0,0,441,0.9649890590809628
costly,mixed,1.5,both_own,18,0,1,16,0.0350109409190372
costly,mixed,1.5,both_own,18,0,2,0,0.0
costly,mixed,1.5,both_own,18,1,0,20,1.0
costly,mixed,1.5,both_own,18,1,1,0,0.0
costly,mixed,1.5,both_own,18,1,2,0,0.0
costly,mixed,1.5,both_own,18,2,0,0,
costly,mixed,1.5,both_own,18,2,1,0,
costly,mixed,1.5,both_own,18,2,2,0,
costly,mixed,1.5,both_own,19,0,0,449,0.9739696312364425
costly,mixed,1.5,both_own,19,0,1,12,0.026030368763557483
costly,mixed,1.5,both_own,19,0,2,0,0.0
costly,mixed,1.5,both_own,19,1,0,14,0.875
costly,mixed,1.5,both_own,19,1,1,2,0.125
costly,mixed,1.5,both_own,19,1,2,0,0.0
costly,mixed,1.5,both_own,19,2,0,0,
costly,mixed,1.5,both_own,19,2,1,0,
costly,mixed,1.5,both_own,19,2,2,0,
costly,mixed,1.5,both_own,20,0,0,445,0.9611231101511879
costly,mixed,1.5,both_own,20,0,1,18,0.038876889848812095
costly,mixed,1.5,both_own,20,0,2,0,0.0
costly,mixed,1.5,both_own,20,1,0,14,1.0
costly,mixed,1.5,both_own,20,1,1,0,0.0
costly,mixed,1.5,both_own,20,1,2,0,0.0
costly,mixed,1.5,both_own,20,2,0,0,
costly,mixed,1.5,both_own,20,2,1,0,
costly,mixed,1.5,both_own,20,2,2,0,
costly,mixed,1.5,both_own,21,0,0,449,0.9782135076252724
costly,mixed,1.5,both_own,21,0,1,10,0.02178649237472767
costly,mixed,1.5,both_own,21,0,2,0,0.0
costly,mixed,1.5,both_own,21,1,0,16,0.8888888888888888
costly,mixed,1.5,both_own,21,1,1,2,0.1111111111111111
costly,mixed,1.5,both_own,21,1,2,0,0.0
costly,mixed,1.5,both_own,21,2,0,0,
costly,mixed,1.5,both_own,21,2,1,0,
costly,mixed,1.5,both_own,21,2,2,0,
costly,mixed,1.5,both_own,22,0,0,453,0.9741935483870968
costly,mixed,1.5,both_own,22,0,1,12,0.025806451612903226
costly,mixed,1.5,both_own,22,0,2,0,0.0
costly,mixed,1.5,both_own,22,1,0,12,1.0
costly,mixed,1.5,both_own,22,1,1,0,0.0
costly,mixed,1.5,both_own,22,1,2,0,0.0
costly,mixed,1.5,both_own,22,2,0,0,
costly,mixed,1.5,both_own,22,2,1,0,
costly,mixed,1.5,both_own,22,2,2,0,
costly,mixed,1.5,both_own,23,0,0,450,0.967741935483871
costly,mixed,1.5,both_own,23,0,1,15,0.03225806451612903
costly,mixed,1.5,both_own,23,0,2,0,0.0
costly,mixed,1.5,both_own,23,1,0,12,1.0
costly,mixed,1.5,both_own,23,1,1,0,0.0
costly,mixed,1.5,both_own,23,1,2,0,0.0
costly,mixed,1.5,both_own,23,2,0,0,
costly,mixed,1.5,both_own,23,2,1,0,
costly,mixed,1.5,both_own,23,2,2,0,
costly,mixed,1.5,both_own,0,0,0,10560,0.9806835066864784
costly,mixed,1.5,both_own,0,0,1,208,0.019316493313521546
costly,mixed,1.5,both_own,0,0,2,0,0.0
costly,mixed,1.5,both_own,0,1,0,195,0.9605911330049262
costly,mixed,1.5,both_own,0,1,1,8,0.03940886699507389
costly,mixed,1.5,both_own,0,1,2,0,0.0
costly,mixed,1.5,both_own,0,2,0,0,
costly,mixed,1.5,both_own,0,2,1,0,
costly,mixed,1.5,both_own,0,2,2,0,
mixed,honest,1.5,all,1,0,0,746,0.7118320610687023
mixed,honest,1.5,all,1,0,1,301,0.2872137404580153
mixed,honest,1.5,all,1,0,2,1,0.0009541984732824427
mixed,honest,1.5,all,1,1,0,147,0.15473684210526314
mixed,honest,1.5,all,1,1,1,803,0.8452631578947368
mixed,honest,1.5,all,1,1,2,0,0.0
mixed,honest,1.5,all,1,2,0,1,0.5
mixed,honest,1.5,all,1,2,1,1,0.5
mixed,honest,1.5,all,1,2,2,0,0.0
mixed,honest,1.5,all,2,0,0,625,0.6991051454138703
mixed,honest,1.5,all,2,0,1,267,0.2986577181208054
mixed,honest,1.5,all,2,0,2,2,0.0022371364653243847
mixed,honest,1.5,all,2,1,0,213,0.19276018099547512
mixed,honest,1.5,all,2,1,1,892,0.8072398190045249
mixed,honest,1.5,all,2,1,2,0,0.0
mixed,honest,1.5,all,2,2,0,0,0.0
mixed,honest,1.5,all,2,2,1,1,1.0
mixed,honest,1.5,all,2,2,2,0,0.0
mixed,honest,1.5,all,3,0,0,604,0.720763723150358
mixed,honest,1.5,all,3,0,1,234,0.27923627684964203
mixed,honest,1.5,all,3,0,2,0,0.0
mixed,honest,1.5,all,3,1,0,211,0.18189655172413793
mixed,honest,1.5,all,3,1,1,949,0.8181034482758621
mixed,honest,1.5,all,3,1,2,0,0.0
mixed,honest,1.5,all,3,2,0,2,1.0
mixed,honest,1.5,all,3,2,1,0,0.0
mixed,honest,1.5,all,3,2,2,0,0.0
mixed,honest,1.5,all,4,0,0,579,0.7086903304773562
mixed,honest,1.5,all,4,0,1,238,0.2913096695226438
mixed,honest,1.5,all,4,0,2,0,0.0
mixed,honest,1.5,all,4,1,0,247,0.2087912087912088
mixed,honest,1.5,all,4,1,1,936,0.7912087912087912
mixed,honest,1.5,all,4,1,2,0,0.0
mixed,honest,1.5,all,4,2,0,0,
mixed,honest,1.5,all,4,2,1,0,
mixed,honest,1.5,all,4,2,2,0,
mixed,honest,1.5,all,5,0,0,562,0.6803874092009685
mixed,honest,1.5,all,5,0,1,264,0.3196125907990315
mixed,honest,1.5,all,5,0,2,0,0.0
mixed,honest,1.5,all,5,1,0,235,0.20017035775127767
mixed,honest,1.5,all,5,1,1,939,0.7998296422487223
mixed,honest,1.5,all,5,1,2,0,0.0
mixed,honest,1.5,all,5,2,0,0,
mixed,honest,1.5,all,5,2,1,0,
mixed,honest,1.5,all,5,2,2,0,
mixed,honest,1.5,all,6,0,0,546,0.685069008782936
mixed,honest,1.5,all,6,0,1,251,0.31493099121706397
mixed,honest,1.5,all,6,0,2,0,0.0
mixed,honest,1.5,all,6,1,0,243,0.20199501246882792
mixed,honest,1.5,all,6,1,1,960,0.7980049875311721
mixed,honest,1.5,all,6,1,2,0,0.0
mixed,honest,1.5,all,6,2,0,0,
mixed,honest,1.5,all,6,2,1,0,
mixed,honest,1.5,all,6,2,2,0,
mixed,honest,1.5,all,7,0,0,562,0.7122940430925222
mixed,honest,1.5,all,7,0,1,227,0.2877059569074778
mixed,honest,1.5,all,7,0,2,0,0.0
mixed,honest,1.5,all,7,1,0,235,0.19405450041288191
mixed,honest,1.5,all,7,1,1,976,0.805945499587118
mixed,honest,1.5,all,7,1,2,0,0.0
mixed,honest,1.5,all,7,2,0,0,
mixed,honest,1.5,all,7,2,1,0,
mixed,honest,1.5,all,7,2,2,0,
mixed,honest,1.5,all,8,0,0,551,0.6913425345043914
mixed,honest,1.5,all,8,0,1,246,0.3086574654956085
mixed,honest,1.5,all,8,0,2,0,0.0
mixed,honest,1.5,all,8,1,0,247,0.2053200332502078
mixed,honest,1.5,all,8,1,1,956,0.7946799667497921
mixed,honest,1.5,all,8,1,2,0,0.0
mixed,honest,1.5,all,8,2,0,0,
mixed,honest,1.5,all,8,2,1,0,
mixed,honest,1.5,all,8,2,2,0,
mixed,honest,1.5,all,9,0,0,545,0.6829573934837093
mixed,honest,1.5,all,9,0,1,253,0.31704260651629074
mixed,honest,1.5,all,9,0,2,0,0.0
mixed,honest,1.5,all,9,1,0,238,0.19800332778702162
mixed,honest,1.5,all,9,1,1,963,0.8011647254575707
mixed,honest,1.5,all,9,1,2,1,0.0008319467554076539
mixed,honest,1.5,all,9,2,0,0,
mixed,honest,1.5,all,9,2,1,0,
mixed,honest,1.5,all,9,2,2,0,
mixed,honest,1.5,all,10,0,0,557,0.7113665389527458
mixed,honest,1.5,all,10,0,1,226,0.2886334610472541
mixed,honest,1.5,all,10,0,2,0,0.0
mixed,honest,1.5,all,10,1,0,251,0.20641447368421054
mixed,honest,1.5,all,10,1,1,965,0.7935855263157895
mixed,honest,1.5,all,10,1,2,0,0.0
mixed,honest,1.5,all,10,2,0,0,0.0
mixed,honest,1.5,all,10,2,1,1,1.0
mixed,honest,1.5,all,10,2,2,0,0.0
mixed,honest,1.5,all,11,0,0,544,0.6732673267326733
mixed,honest,1.5,all,11,0,1,264,0.32673267326732675
mixed,honest,1.5,all,11,0,2,0,0.0
mixed,honest,1.5,all,11,1,0,220,0.18456375838926176
mixed,honest,1.5,all,11,1,1,972,0.8154362416107382
mixed,honest,1.5,all,11,1,2,0,0.0
mixed,honest,1.5,all,11,2,0,0,
mixed,honest,1.5,all,11,2,1,0,
mixed,honest,1.5,all,11,2,2,0,
mixed,honest,1.5,all,12,0,0,539,0.7054973821989529
mixed,honest,1.5,all,12,0,1,225,0.29450261780104714
mixed,honest,1.5,all,12,0,2,0,0.0
mixed,honest,1.5,all,12,1,0,279,0.22572815533980584
mixed,honest,1.5,all,12,1,1,957,0.7742718446601942
mixed,honest,1.5,all,12,1,2,0,0.0
mixed,honest,1.5,all,12,2,0,0,
mixed,honest,1.5,all,12,2,1,0,
mixed,honest,1.5,all,12,2,2,0,
mixed,honest,1.5,all,13,0,0,549,0.6711491442542787
mixed,honest,1.5,all,13,0,1,269,0.32885085574572126
mixed,honest,1.5,all,13,0,2,0,0.0
mixed,honest,1.5,all,13,1,0,251,0.21235194585448391
mixed,honest,1.5,all,13,1,1,931,0.7876480541455161
mixed,honest,1.5,all,13,1,2,0,0.0
mixed,honest,1.5,all,13,2,0,0,
mixed,honest,1.5,all,13,2,1,0,
mixed,honest,1.5,all,13,2,2,0,
mixed,honest,1.5,all,14,0,0,554,0.6925
mixed,honest,1.5,all,14,0,1,246,0.3075
mixed,honest,1.5,all,14,0,2,0,0.0
mixed,honest,1.5,all,14,1,0,246,0.205
mixed,honest,1.5,all,14,1,1,954,0.795
mixed,honest,1.5,all,14,1,2,0,0.0
mixed,honest,1.5,all,14,2,0,0,
mixed,honest,1.5,all,14,2,1,0,
mixed,honest,1.5,all,14,2,2,0,
mixed,honest,1.5,all,15,0,0,535,0.66875
mixed,honest,1.5,all,15,0,1,265,0.33125
mixed,honest,1.5,all,15,0,2,0,0.0
mixed,honest,1.5,all,15,1,0,233,0.19416666666666665
mixed,honest,1.5,all,15,1,1,967,0.8058333333333333
mixed,honest,1.5,all,15,1,2,0,0.0
mixed,honest,1.5,all,15,2,0,0,
mixed,honest,1.5,all,15,2,1,0,
mixed,honest,1.5,all,15,2,2,0,
mixed,honest,1.5,all,16,0,0,522,0.6796875
mixed,honest,1.5,all,16,0,1,246,0.3203125
mixed,honest,1.5,all,16,0,2,0,0.0
mixed,honest,1.5,all,16,1,0,257,0.2086038961038961
mixed,honest,1.5,all,16,1,1,975,0.7913961038961039
mixed,honest,1.5,all,16,1,2,0,0.0
mixed,honest,1.5,all,16,2,0,0,
mixed,honest,1.5,all,16,2,1,0,
mixed,honest,1.5,all,16,2,2,0,
mixed,honest,1.5,all,17,0,0,528,0.6777920410783055
mixed,honest,1.5,all,17,0,1,251,0.32220795892169446
mixed,honest,1.5,all,17,0,2,0,0.0
mixed,honest,1.5,all,17,1,0,276,0.22604422604422605
mixed,honest,1.5,all,17,1,1,945,0.773955773955774
mixed,honest,1.5,all,17,1,2,0,0.0
mixed,honest,1.5,all,17,2,0,0,
mixed,honest,1.5,all,17,2,1,0,
mixed,honest,1.5,all,17,2,2,0,
mixed,honest,1.5,all,18,0,0,530,0.6592039800995025
mixed,honest,1.5,all,18,0,1,274,0.3407960199004975
mixed,honest,1.5,all,18,0,2,0,0.0
mixed,honest,1.5,all,18,1,0,245,0.2048494983277592
mixed,honest,1.5,all,18,1,1,951,0.7951505016722408
mixed,honest,1.5,all,18,1,2,0,0.0
mixed,honest,1.5,all,18,2,0,0,
mixed,honest,1.5,all,18,2,1,0,
mixed,honest,1.5,all,18,2,2,0,
mixed,honest,1.5,all,19,0,0,516,0.6658064516129032
mixed,honest,1.5,all,19,0,1,259,0.33419354838709675
mixed,honest,1.5,all,19,0,2,0,0.0
mixed,honest,1.5,all,19,1,0,253,0.20653061224489797
mixed,honest,1.5,all,19,1,1,972,0.793469387755102
mixed,honest,1.5,all,19,1,2,0,0.0
mixed,honest,1.5,all,19,2,0,0,
mixed,honest,1.5,all,19,2,1,0,
mixed,honest,1.5,all,19,2,2,0,
mixed,honest,1.5,all,20,0,0,500,0.6501950585175552
mixed,honest,1.5,all,20,0,1,269,0.34980494148244473
mixed,honest,1.5,all,20,0,2,0,0.0
mixed,honest,1.5,all,20,1,0,261,0.21202274573517466
mixed,honest,1.5,all,20,1,1,970,0.7879772542648253
mixed,honest,1.5,all,20,1,2,0,0.0
mixed,honest,1.5,all,20,2,0,0,
mixed,honest,1.5,all,20,2,1,0,
mixed,honest,1.5,all,20,2,2,0,
mixed,honest,1.5,all,21,0,0,514,0.6754270696452037
mixed,honest,1.5,all,21,0,1,247,0.32457293035479634
mixed,honest,1.5,all,21,0,2,0,0.0
mixed,honest,1.5,all,21,1,0,248,0.20016142050040356
mixed,honest,1.5,all,21,1,1,991,0.7998385794995965
mixed,honest,1.5,all,21,1,2,0,0.0
mixed,honest,1.5,all,21,2,0,0,
mixed,honest,1.5,all,21,2,1,0,
mixed,honest,1.5,all,21,2,2,0,
mixed,honest,1.5,all,22,0,0,518,0.6797900262467191
mixed,honest,1.5,all,22,0,1,244,0.32020997375328086
mixed,honest,1.5,all,22,0,2,0,0.0
mixed,honest,1.5,all,22,1,0,250,0.20193861066235863
mixed,honest,1.5,all,22,1,1,988,0.7980613893376414
mixed,honest,1.5,all,22,1,2,0,0.0
mixed,honest,1.5,all,22,2,0,0,
mixed,honest,1.5,all,22,2,1,0,
mixed,honest,1.5,all,22,2,2,0,
mixed,honest,1.5,all,23,0,0,502,0.6536458333333334
mixed,honest,1.5,all,23,0,1,266,0.3463541666666667
mixed,honest,1.5,all,23,0,2,0,0.0
mixed,honest,1.5,all,23,1,0,265,0.2150974025974026
mixed,honest,1.5,all,23,1,1,966,0.7840909090909091
mixed,honest,1.5,all,23,1,2,1,0.0008116883116883117
mixed,honest,1.5,all,23,2,0,0,
mixed,honest,1.5,all,23,2,1,0,
mixed,honest,1.5,all,23,2,2,0,
mixed,honest,1.5,all,0,0,0,12728,0.6856650325917147
mixed,honest,1.5,all,0,0,1,5832,0.31417335559984916
mixed,honest,1.5,all,0,0,2,3,0.0001616118084361364
mixed,honest,1.5,all,0,1,0,5551,0.20236229083883198
mixed,honest,1.5,all,0,1,1,21878,0.7975647989500929
mixed,honest,1.5,all,0,1,2,2,7.291021107506107e-05
mixed,honest,1.5,all,0,2,0,3,0.5
mixed,honest,1.5,all,0,2,1,3,0.5
mixed,honest,1.5,all,0,2,2,0,0.0
mixed,honest,1.5,both_own,1,0,0,342,0.8423645320197044
mixed,honest,1.5,both_own,1,0,1,64,0.15763546798029557
mixed,honest,1.5,both_own,1,0,2,0,0.0
mixed,honest,1.5,both_own,1,1,0,43,0.6056338028169014
mixed,honest,1.5,both_own,1,1,1,28,0.39436619718309857
mixed,honest,1.5,both_own,1,1,2,0,0.0
mixed,honest,1.5,both_own,1,2,0,0,
mixed,honest,1.5,both_own,1,2,1,0,
mixed,honest,1.5,both_own,1,2,2,0,
mixed,honest,1.5,both_own,2,0,0,328,0.8519480519480519
mixed,honest,1.5,both_own,2,0,1,57,0.14805194805194805
mixed,honest,1.5,both_own,2,0,2,0,0.0
mixed,honest,1.5,both_own,2,1,0,42,0.45652173913043476
mixed,honest,1.5,both_own,2,1,1,50,0.5434782608695652
mixed,honest,1.5,both_own,2,1,2,0,0.0
mixed,honest,1.5,both_own,2,2,0,0,
mixed,honest,1.5,both_own,2,2,1,0,
mixed,honest,1.5,both_own,2,2,2,0,
mixed,honest,1.5,both_own,3,0,0,310,0.8378378378378378
mixed,honest,1.5,both_own,3,0,1,60,0.16216216216216217
mixed,honest,1.5,both_own,3,0,2,0,0.0
mixed,honest,1.5,both_own,3,1,0,32,0.29906542056074764
mixed,honest,1.5,both_own,3,1,1,75,0.7009345794392523
mixed,honest,1.5,both_own,3,1,2,0,0.0
mixed,honest,1.5,both_own,3,2,0,0,
mixed,honest,1.5,both_own,3,2,1,0,
mixed,honest,1.5,both_own,3,2,2,0,
mixed,honest,1.5,both_own,4,0,0,302,0.8830409356725146
mixed,honest,1.5,both_own,4,0,1,40,0.11695906432748537
mixed,honest,1.5,both_own,4,0,2,0,0.0
mixed,honest,1.5,both_own,4,1,0,46,0.34074074074074073
mixed,honest,1.5,both_own,4,1,1,89,0.6592592592592592
mixed,honest,1.5,both_own,4,1,2,0,0.0
mixed,honest,1.5,both_own,4,2,0,0,
mixed,honest,1.5,both_own,4,2,1,0,
mixed,honest,1.5,both_own,4,2,2,0,
mixed,honest,1.5,both_own,5,0,0,284,0.8160919540229885
mixed,honest,1.5,both_own,5,0,1,64,0.1839080459770115
mixed,honest,1.5,both_own,5,0,2,0,0.0
mixed,honest,1.5,both_own,5,1,0,53,0.4108527131782946
mixed,honest,1.5,both_own,5,1,1,76,0.5891472868217055
mixed,honest,1.5,both_own,5,1,2,0,0.0
mixed,honest,1.5,both_own,5,2,0,0,
mixed,honest,1.5,both_own,5,2,1,0,
mixed,honest,1.5,both_own,5,2,2,0,
mixed,honest,1.5,both_own,6,0,0,287,0.8516320474777448
mixed,honest,1.5,both_own,6,0,1,50,0.14836795252225518
mixed,honest,1.5,both_own,6,0,2,0,0.0
mixed,honest,1.5,both_own,6,1,0,55,0.39285714285714285
mixed,honest,1.5,both_own,6,1,1,85,0.6071428571428571
mixed,honest,1.5,both_own,6,1,2,0,0.0
mixed,honest,1.5,both_own,6,2,0,0,
mixed,honest,1.5,both_own,6,2,1,0,
mixed,honest,1.5,both_own,6,2,2,0,
mixed,honest,1.5,both_own,7,0,0,279,0.8157894736842105
mixed,honest,1.5,both_own,7,0,1,63,0.18421052631578946
mixed,honest,1.5,both_own,7,0,2,0,0.0
mixed,honest,1.5,both_own,7,1,0,45,0.3333333333333333
mixed,honest,1.5,both_own,7,1,1,90,0.6666666666666666
mixed,honest,1.5,both_own,7,1,2,0,0.0
mixed,honest,1.5,both_own,7,2,0,0,
mixed,honest,1.5,both_own,7,2,1,0,
mixed,honest,1.5,both_own,7,2,2,0,
mixed,honest,1.5,both_own,8,0,0,272,0.8395061728395061
mixed,honest,1.5,both_own,8,0,1,52,0.16049382716049382
mixed,honest,1.5,both_own,8,0,2,0,0.0
mixed,honest,1.5,both_own,8,1,0,62,0.40522875816993464
mixed,honest,1.5,both_own,8,1,1,91,0.5947712418300654
mixed,honest,1.5,both_own,8,1,2,0,0.0
mixed,honest,1.5,both_own,8,2,0,0,
mixed,honest,1.5,both_own,8,2,1,0,
mixed,honest,1.5,both_own,8,2,2,0,
mixed,honest,1.5,both_own,9,0,0,274,0.8203592814371258
mixed,honest,1.5,both_own,9,0,1,60,0.17964071856287425
mixed,honest,1.5,both_own,9,0,2,0,0.0
mixed,honest,1.5,both_own,9,1,0,44,0.3076923076923077
mixed,honest,1.5,both_own,9,1,1,99,0.6923076923076923
mixed,honest,1.5,both_own,9,1,2,0,0.0
mixed,honest,1.5,both_own,9,2,0,0,
mixed,honest,1.5,both_own,9,2,1,0,
mixed,honest,1.5,both_own,9,2,2,0,
mixed,honest,1.5,both_own,10,0,0,274,0.8616352201257862
mixed,honest,1.5,both_own,10,0,1,44,0.13836477987421383
mixed,honest,1.5,both_own,10,0,2,0,0.0
mixed,honest,1.5,both_own,10,1,0,54,0.33962264150943394
mixed,honest,1.5,both_own,10,1,1,105,0.660377358490566
mixed,honest,1.5,both_own,10,1,2,0,0.0
mixed,honest,1.5,both_own,10,2,0,0,
mixed,honest,1.5,both_own,10,2,1,0,
mixed,honest,1.5,both_own,10,2,2,0,
mixed,honest,1.5,both_own,11,0,0,271,0.8262195121951219
mixed,honest,1.5,both_own,11,0,1,57,0.17378048780487804
mixed,honest,1.5,both_own,11,0,2,0,0.0
mixed,honest,1.5,both_own,11,1,0,40,0.2684563758389262
mixed,honest,1.5,both_own,11,1,1,109,0.7315436241610739
mixed,honest,1.5,both_own,11,1,2,0,0.0
mixed,honest,1.5,both_own,11,2,0,0,
mixed,honest,1.5,both_own,11,2,1,0,
mixed,honest,1.5,both_own,11,2,2,0,
mixed,honest,1.5,both_own,12,0,0,271,0.8713826366559485
mixed,honest,1.5,both_own,12,0,1,40,0.12861736334405144
mixed,honest,1.5,both_own,12,0,2,0,0.0
mixed,honest,1.5,both_own,12,1,0,63,0.3795180722891566
mixed,honest,1.5,both_own,12,1,1,103,0.6204819277108434
mixed,honest,1.5,both_own,12,1,2,0,0.0
mixed,honest,1.5,both_own,12,2,0,0,
mixed,honest,1.5,both_own,12,2,1,0,
mixed,honest,1.5,both_own,12,2,2,0,
mixed,honest,1.5,both_own,13,0,0,260,0.7784431137724551
mixed,honest,1.5,both_own,13,0,1,74,0.2215568862275449
mixed,honest,1.5,both_own,13,0,2,0,0.0
mixed,honest,1.5,both_own,13,1,0,49,0.34265734265734266
mixed,honest,1.5,both_own,13,1,1,94,0.6573426573426573
mixed,honest,1.5,both_own,13,1,2,0,0.0
mixed,honest,1.5,both_own,13,2,0,0,
mixed,honest,1.5,both_own,13,2,1,0,
mixed,honest,1.5,both_own,13,2,2,0,
mixed,honest,1.5,both_own,14,0,0,265,0.8576051779935275
mixed,honest,1.5,both_own,14,0,1,44,0.1423948220064725
mixed,honest,1.5,both_own,14,0,2,0,0.0
mixed,honest,1.5,both_own,14,1,0,59,0.35119047619047616
mixed,honest,1.5,both_own,14,1,1,109,0.6488095238095238
mixed,honest,1.5,both_own,14,1,2,0,0.0
mixed,honest,1.5,both_own,14,2,0,0,
mixed,honest,1.5,both_own,14,2,1,0,
mixed,honest,1.5,both_own,14,2,2,0,
mixed,honest,1.5,both_own,15,0,0,265,0.8179012345679012
mixed,honest,1.5,both_own,15,0,1,59,0.18209876543209877
mixed,honest,1.5,both_own,15,0,2,0,0.0
mixed,honest,1.5,both_own,15,1,0,53,0.3464052287581699
mixed,honest,1.5,both_own,15,1,1,100,0.6535947712418301
mixed,honest,1.5,both_own,15,1,2,0,0.0
mixed,honest,1.5,both_own,15,2,0,0,
mixed,honest,1.5,both_own,15,2,1,0,
mixed,honest,1.5,both_own,15,2,2,0,
mixed,honest,1.5,both_own,16,0,0,262,0.8238993710691824
mixed,honest,1.5,both_own,16,0,1,56,0.1761006289308176
mixed,honest,1.5,both_own,16,0,2,0,0.0
mixed,honest,1.5,both_own,16,1,0,54,0.33962264150943394
mixed,honest,1.5,both_own,16,1,1,105,0.660377358490566
mixed,honest,1.5,both_own,16,1,2,0,0.0
mixed,honest,1.5,both_own,16,2,0,0,
mixed,honest,1.5,both_own,16,2,1,0,
mixed,honest,1.5,both_own,16,2,2,0,
mixed,honest,1.5,both_own,17,0,0,260,0.8227848101265823
mixed,honest,1.5,both_own,17,0,1,56,0.17721518987341772
mixed,honest,1.5,both_own,17,0,2,0,0.0
mixed,honest,1.5,both_own,17,1,0,63,0.391304347826087
mixed,honest,1.5,both_own,17,1,1,98,0.6086956521739131
mixed,honest,1.5,both_own,17,1,2,0,0.0
mixed,honest,1.5,both_own,17,2,0,0,
mixed,honest,1.5,both_own,17,2,1,0,
mixed,honest,1.5,both_own,17,2,2,0,
mixed,honest,1.5,both_own,18,0,0,250,0.7739938080495357
mixed,honest,1.5,both_own,18,0,1,73,0.2260061919504644
mixed,honest,1.5,both_own,18,0,2,0,0.0
mixed,honest,1.5,both_own,18,1,0,58,0.37662337662337664
mixed,honest,1.5,both_own,18,1,1,96,0.6233766233766234
mixed,honest,1.5,both_own,18,1,2,0,0.0
mixed,honest,1.5,both_own,18,2,0,0,
mixed,honest,1.5,both_own,18,2,1,0,
mixed,honest,1.5,both_own,18,2,2,0,
mixed,honest,1.5,both_own,19,0,0,241,0.7824675324675324
mixed,honest,1.5,both_own,19,0,1,67,0.21753246753246752
mixed,honest,1.5,both_own,19,0,2,0,0.0
mixed,honest,1.5,both_own,19,1,0,52,0.3076923076923077
mixed,honest,1.5,both_own,19,1,1,117,0.6923076923076923
mixed,honest,1.5,both_own,19,1,2,0,0.0
mixed,honest,1.5,both_own,19,2,0,0,
mixed,honest,1.5,both_own,19,2,1,0,
mixed,honest,1.5,both_own,19,2,2,0,
mixed,honest,1.5,both_own,20,0,0,239,0.8156996587030717
mixed,honest,1.5,both_own,20,0,1,54,0.18430034129692832
mixed,honest,1.5,both_own,20,0,2,0,0.0
mixed,honest,1.5,both_own,20,1,0,70,0.3804347826086957
mixed,honest,1.5,both_own,20,1,1,114,0.6195652173913043
mixed,honest,1.5,both_own,20,1,2,0,0.0
mixed,honest,1.5,both_own,20,2,0,0,
mixed,honest,1.5,both_own,20,2,1,0,
mixed,honest,1.5,both_own,20,2,2,0,
mixed,honest,1.5,both_own,21,0,0,247,0.7993527508090615
mixed,honest,1.5,both_own,21,0,1,62,0.20064724919093851
mixed,honest,1.5,both_own,21,0,2,0,0.0
mixed,honest,1.5,both_own,21,1,0,54,0.32142857142857145
mixed,honest,1.5,both_own,21,1,1,114,0.6785714285714286
mixed,honest,1.5,both_own,21,1,2,0,0.0
mixed,honest,1.5,both_own,21,2,0,0,
mixed,honest,1.5,both_own,21,2,1,0,
mixed,honest,1.5,both_own,21,2,2,0,
mixed,honest,1.5,both_own,22,0,0,238,0.7906976744186046
mixed,honest,1.5,both_own,22,0,1,63,0.20930232558139536
mixed,honest,1.5,both_own,22,0,2,0,0.0
mixed,honest,1.5,both_own,22,1,0,50,0.2840909090909091
mixed,honest,1.5,both_own,22,1,1,126,0.7159090909090909
mixed,honest,1.5,both_own,22,1,2,0,0.0
mixed,honest,1.5,both_own,22,2,0,0,
mixed,honest,1.5,both_own,22,2,1,0,
mixed,honest,1.5,both_own,22,2,2,0,
mixed,honest,1.5,both_own,23,0,0,229,0.7951388888888888
mixed,honest,1.5,both_own,23,0,1,59,0.2048611111111111
mixed,honest,1.5,both_own,23,0,2,0,0.0
mixed,honest,1.5,both_own,23,1,0,71,0.37566137566137564
mixed,honest,1.5,both_own,23,1,1,117,0.6190476190476191
mixed,honest,1.5,both_own,23,1,2,1,0.005291005291005291
mixed,honest,1.5,both_own,23,2,0,0,
mixed,honest,1.5,both_own,23,2,1,0,
mixed,honest,1.5,both_own,23,2,2,0,
mixed,honest,1.5,both_own,0,0,0,6250,0.8258456659619451
mixed,honest,1.5,both_own,0,0,1,1318,0.17415433403805497
mixed,honest,1.5,both_own,0,0,2,0,0.0
mixed,honest,1.5,both_own,0,1,0,1212,0.35615633264766383
mixed,honest,1.5,both_own,0,1,1,2190,0.6435498089920658
mixed,honest,1.5,both_own,0,1,2,1,0.0002938583602703497
mixed,honest,1.5,both_own,0,2,0,0,
mixed,honest,1.5,both_own,0,2,1,0,
mixed,honest,1.5,both_own,0,2,2,0,
mixed,attenuated,1.5,all,1,0,0,863,0.7781785392245266
mixed,attenuated,1.5,all,1,0,1,243,0.21911632100991885
mixed,attenuated,1.5,all,1,0,2,3,0.002705139765554554
mixed,attenuated,1.5,all,1,1,0,119,0.1344632768361582
mixed,attenuated,1.5,all,1,1,1,765,0.864406779661017
mixed,attenuated,1.5,all,1,1,2,1,0.0011299435028248588
mixed,attenuated,1.5,all,1,2,0,1,0.16666666666666666
mixed,attenuated,1.5,all,1,2,1,4,0.6666666666666666
mixed,attenuated,1.5,all,1,2,2,1,0.16666666666666666
mixed,attenuated,1.5,all,2,0,0,752,0.7650050864699899
mixed,attenuated,1.5,all,2,0,1,230,0.23397761953204477
mixed,attenuated,1.5,all,2,0,2,1,0.001017293997965412
mixed,attenuated,1.5,all,2,1,0,188,0.1857707509881423
mixed,attenuated,1.5,all,2,1,1,823,0.8132411067193676
mixed,attenuated,1.5,all,2,1,2,1,0.0009881422924901185
mixed,attenuated,1.5,all,2,2,0,0,0.0
mixed,attenuated,1.5,all,2,2,1,3,0.6
mixed,attenuated,1.5,all,2,2,2,2,0.4
mixed,attenuated,1.5,all,3,0,0,752,0.8
mixed,attenuated,1.5,all,3,0,1,188,0.2
mixed,attenuated,1.5,all,3,0,2,0,0.0
mixed,attenuated,1.5,all,3,1,0,198,0.1875
mixed,attenuated,1.5,all,3,1,1,855,0.8096590909090909
mixed,attenuated,1.5,all,3,1,2,3,0.002840909090909091
mixed,attenuated,1.5,all,3,2,0,2,0.5
mixed,attenuated,1.5,all,3,2,1,1,0.25
mixed,attenuated,1.5,all,3,2,2,1,0.25
mixed,attenuated,1.5,all,4,0,0,733,0.7699579831932774
mixed,attenuated,1.5,all,4,0,1,218,0.22899159663865545
mixed,attenuated,1.5,all,4,0,2,1,0.0010504201680672268
mixed,attenuated,1.5,all,4,1,0,226,0.2164750957854406
mixed,attenuated,1.5,all,4,1,1,818,0.7835249042145593
mixed,attenuated,1.5,all,4,1,2,0,0.0
mixed,attenuated,1.5,all,4,2,0,3,0.75
mixed,attenuated,1.5,all,4,2,1,1,0.25
mixed,attenuated,1.5,all,4,2,2,0,0.0
mixed,attenuated,1.5,all,5,0,0,726,0.7546777546777547
mixed,attenuated,1.5,all,5,0,1,235,0.2442827442827443
mixed,attenuated,1.5,all,5,0,2,1,0.0010395010395010396
mixed,attenuated,1.5,all,5,1,0,211,0.2034715525554484
mixed,attenuated,1.5,all,5,1,1,825,0.7955641272902604
mixed,attenuated,1.5,all,5,1,2,1,0.0009643201542912247
mixed,attenuated,1.5,all,5,2,0,0,0.0
mixed,attenuated,1.5,all,5,2,1,1,1.0
mixed,attenuated,1.5,all,5,2,2,0,0.0
mixed,attenuated,1.5,all,6,0,0,705,0.7524012806830309
mixed,attenuated,1.5,all,6,0,1,232,0.24759871931696906
mixed,attenuated,1.5,all,6,0,2,0,0.0
mixed,attenuated,1.5,all,6,1,0,219,0.2064090480678605
mixed,attenuated,1.5,all,6,1,1,841,0.7926484448633365
mixed,attenuated,1.5,all,6,1,2,1,0.000942507068803016
mixed,attenuated,1.5,all,6,2,0,0,0.0
mixed,attenuated,1.5,all,6,2,1,2,1.0
mixed,attenuated,1.5,all,6,2,2,0,0.0
mixed,attenuated,1.5,all,7,0,0,731,0.7911255411255411
mixed,attenuated,1.5,all,7,0,1,190,0.20562770562770563
mixed,attenuated,1.5,all,7,0,2,3,0.003246753246753247
mixed,attenuated,1.5,all,7,1,0,216,0.20093023255813955
mixed,attenuated,1.5,all,7,1,1,857,0.7972093023255814
mixed,attenuated,1.5,all,7,1,2,2,0.0018604651162790699
mixed,attenuated,1.5,all,7,2,0,0,0.0
mixed,attenuated,1.5,all,7,2,1,0,0.0
mixed,attenuated,1.5,all,7,2,2,1,1.0
mixed,attenuated,1.5,all,8,0,0,720,0.7602956705385427
mixed,attenuated,1.5,all,8,0,1,226,0.23864836325237593
mixed,attenuated,1.5,all,8,0,2,1,0.0010559662090813093
mixed,attenuated,1.5,all,8,1,0,207,0.1977077363896848
mixed,attenuated,1.5,all,8,1,1,840,0.8022922636103151
mixed,attenuated,1.5,all,8,1,2,0,0.0
mixed,attenuated,1.5,all,8,2,0,2,0.3333333333333333
mixed,attenuated,1.5,all,8,2,1,3,0.5
mixed,attenuated,1.5,all,8,2,2,1,0.16666666666666666
mixed,attenuated,1.5,all,9,0,0,706,0.759956942949408
mixed,attenuated,1.5,all,9,0,1,221,0.2378902045209903
mixed,attenuated,1.5,all,9,0,2,2,0.002152852529601722
mixed,attenuated,1.5,all,9,1,0,225,0.21047708138447146
mixed,attenuated,1.5,all,9,1,1,844,0.7895229186155285
mixed,attenuated,1.5,all,9,1,2,0,0.0
mixed,attenuated,1.5,all,9,2,0,0,0.0
mixed,attenuated,1.5,all,9,2,1,1,0.5
mixed,attenuated,1.5,all,9,2,2,1,0.5
mixed,attenuated,1.5,all,10,0,0,713,0.765843179377014
mixed,attenuated,1.5,all,10,0,1,218,0.23415682062298604
mixed,attenuated,1.5,all,10,0,2,0,0.0
mixed,attenuated,1.5,all,10,1,0,234,0.21951219512195122
mixed,attenuated,1.5,all,10,1,1,830,0.7786116322701688
mixed,attenuated,1.5,all,10,1,2,2,0.001876172607879925
mixed,attenuated,1.5,all,10,2,0,0,0.0
mixed,attenuated,1.5,all,10,2,1,2,0.6666666666666666
mixed,attenuated,1.5,all,10,2,2,1,0.3333333333333333
mixed,attenuated,1.5,all,11,0,0,702,0.7412882787750792
mixed,attenuated,1.5,all,11,0,1,245,0.2587117212249208
mixed,attenuated,1.5,all,11,0,2,0,0.0
mixed,attenuated,1.5,all,11,1,0,221,0.21047619047619048
mixed,attenuated,1.5,all,11,1,1,829,0.7895238095238095
mixed,attenuated,1.5,all,11,1,2,0,0.0
mixed,attenuated,1.5,all,11,2,0,0,0.0
mixed,attenuated,1.5,all,11,2,1,3,1.0
mixed,attenuated,1.5,all,11,2,2,0,0.0
mixed,attenuated,1.5,all,12,0,0,715,0.7746478873239436
mixed,attenuated,1.5,all,12,0,1,207,0.22426868905742145
mixed,attenuated,1.5,all,12,0,2,1,0.0010834236186348862
mixed,attenuated,1.5,all,12,1,0,251,0.2330547818012999
mixed,attenuated,1.5,all,12,1,1,826,0.7669452181987001
mixed,attenuated,1.5,all,12,1,2,0,0.0
mixed,attenuated,1.5,all,12,2,0,0,
mixed,attenuated,1.5,all,12,2,1,0,
mixed,attenuated,1.5,all,12,2,2,0,
mixed,attenuated,1.5,all,13,0,0,735,0.7608695652173914
mixed,attenuated,1.5,all,13,0,1,230,0.23809523809523808
mixed,attenuated,1.5,all,13,0,2,1,0.0010351966873706005
mixed,attenuated,1.5,all,13,1,0,217,0.21006776379477252
mixed,attenuated,1.5,all,13,1,1,813,0.78702807357212
mixed,attenuated,1.5,all,13,1,2,3,0.002904162633107454
mixed,attenuated,1.5,all,13,2,0,0,0.0
mixed,attenuated,1.5,all,13,2,1,1,1.0
mixed,attenuated,1.5,all,13,2,2,0,0.0
mixed,attenuated,1.5,all,14,0,0,719,0.7552521008403361
mixed,attenuated,1.5,all,14,0,1,232,0.24369747899159663
mixed,attenuated,1.5,all,14,0,2,1,0.0010504201680672268
mixed,attenuated,1.5,all,14,1,0,222,0.21264367816091953
mixed,attenuated,1.5,all,14,1,1,821,0.7863984674329502
mixed,attenuated,1.5,all,14,1,2,1,0.0009578544061302681
mixed,attenuated,1.5,all,14,2,0,3,0.75
mixed,attenuated,1.5,all,14,2,1,1,0.25
mixed,attenuated,1.5,all,14,2,2,0,0.0
mixed,attenuated,1.5,all,15,0,0,702,0.7436440677966102
mixed,attenuated,1.5,all,15,0,1,242,0.2563559322033898
mixed,attenuated,1.5,all,15,0,2,0,0.0
mixed,attenuated,1.5,all,15,1,0,224,0.2125237191650854
mixed,attenuated,1.5,all,15,1,1,830,0.7874762808349146
mixed,attenuated,1.5,all,15,1,2,0,0.0
mixed,attenuated,1.5,all,15,2,0,0,0.0
mixed,attenuated,1.5,all,15,2,1,2,1.0
mixed,attenuated,1.5,all,15,2,2,0,0.0
mixed,attenuated,1.5,all,16,0,0,697,0.7526997840172787
mixed,attenuated,1.5,all,16,0,1,228,0.24622030237580994
mixed,attenuated,1.5,all,16,0,2,1,0.0010799136069114472
mixed,attenuated,1.5,all,16,1,0,236,0.21973929236499068
mixed,attenuated,1.5,all,16,1,1,838,0.7802607076350093
mixed,attenuated,1.5,all,16,1,2,0,0.0
mixed,attenuated,1.5,all,16,2,0,0,
mixed,attenuated,1.5,all,16,2,1,0,
mixed,attenuated,1.5,all,16,2,2,0,
mixed,attenuated,1.5,all,17,0,0,700,0.7502679528403001
mixed,attenuated,1.5,all,17,0,1,233,0.2497320471596999
mixed,attenuated,1.5,all,17,0,2,0,0.0
mixed,attenuated,1.5,all,17,1,0,251,0.2354596622889306
mixed,attenuated,1.5,all,17,1,1,815,0.7645403377110694
mixed,attenuated,1.5,all,17,1,2,0,0.0
mixed,attenuated,1.5,all,17,2,0,0,0.0
mixed,attenuated,1.5,all,17,2,1,0,0.0
mixed,attenuated,1.5,all,17,2,2,1,1.0
mixed,attenuated,1.5,all,18,0,0,698,0.7339642481598317
mixed,attenuated,1.5,all,18,0,1,253,0.26603575184016826
mixed,attenuated,1.5,all,18,0,2,0,0.0
mixed,attenuated,1.5,all,18,1,0,232,0.22137404580152673
mixed,attenuated,1.5,all,18,1,1,816,0.7786259541984732
mixed,attenuated,1.5,all,18,1,2,0,0.0
mixed,attenuated,1.5,all,18,2,0,0,0.0
mixed,attenuated,1.5,all,18,2,1,1,1.0
mixed,attenuated,1.5,all,18,2,2,0,0.0
mixed,attenuated,1.5,all,19,0,0,694,0.7462365591397849
mixed,attenuated,1.5,all,19,0,1,236,0.2537634408602151
mixed,attenuated,1.5,all,19,0,2,0,0.0
mixed,attenuated,1.5,all,19,1,0,247,0.2308411214953271
mixed,attenuated,1.5,all,19,1,1,822,0.7682242990654206
mixed,attenuated,1.5,all,19,1,2,1,0.0009345794392523365
mixed,attenuated,1.5,all,19,2,0,0,
mixed,attenuated,1.5,all,19,2,1,0,
mixed,attenuated,1.5,all,19,2,2,0,
mixed,attenuated,1.5,all,20,0,0,691,0.7343251859723698
mixed,attenuated,1.5,all,20,0,1,249,0.26461211477151964
mixed,attenuated,1.5,all,20,0,2,1,0.0010626992561105207
mixed,attenuated,1.5,all,20,1,0,232,0.21928166351606806
mixed,attenuated,1.5,all,20,1,1,825,0.779773156899811
mixed,attenuated,1.5,all,20,1,2,1,0.000945179584120983
mixed,attenuated,1.5,all,20,2,0,1,1.0
mixed,attenuated,1.5,all,20,2,1,0,0.0
mixed,attenuated,1.5,all,20,2,2,0,0.0
mixed,attenuated,1.5,all,21,0,0,699,0.7564935064935064
mixed,attenuated,1.5,all,21,0,1,224,0.24242424242424243
mixed,attenuated,1.5,all,21,0,2,1,0.0010822510822510823
mixed,attenuated,1.5,all,21,1,0,228,0.2122905027932961
mixed,attenuated,1.5,all,21,1,1,845,0.7867783985102421
mixed,attenuated,1.5,all,21,1,2,1,0.000931098696461825
mixed,attenuated,1.5,all,21,2,0,1,0.5
mixed,attenuated,1.5,all,21,2,1,1,0.5
mixed,attenuated,1.5,all,21,2,2,0,0.0
mixed,attenuated,1.5,all,22,0,0,705,0.759698275862069
mixed,attenuated,1.5,all,22,0,1,221,0.23814655172413793
mixed,attenuated,1.5,all,22,0,2,2,0.0021551724137931034
mixed,attenuated,1.5,all,22,1,0,242,0.2261682242990654
mixed,attenuated,1.5,all,22,1,1,828,0.7738317757009345
mixed,attenuated,1.5,all,22,1,2,0,0.0
mixed,attenuated,1.5,all,22,2,0,1,0.5
mixed,attenuated,1.5,all,22,2,1,1,0.5
mixed,attenuated,1.5,all,22,2,2,0,0.0
mixed,attenuated,1.5,all,23,0,0,696,0.7341772151898734
mixed,attenuated,1.5,all,23,0,1,252,0.26582278481012656
mixed,attenuated,1.5,all,23,0,2,0,0.0
mixed,attenuated,1.5,all,23,1,0,236,0.22476190476190477
mixed,attenuated,1.5,all,23,1,1,813,0.7742857142857142
mixed,attenuated,1.5,all,23,1,2,1,0.0009523809523809524
mixed,attenuated,1.5,all,23,2,0,1,0.5
mixed,attenuated,1.5,all,23,2,1,1,0.5
mixed,attenuated,1.5,all,23,2,2,0,0.0
mixed,attenuated,1.5,all,0,0,0,16554,0.7584184725340175
mixed,attenuated,1.5,all,0,0,1,5253,0.2406652311357493
mixed,attenuated,1.5,all,0,0,2,20,0.0009162963302331974
mixed,attenuated,1.5,all,0,1,0,5082,0.21069651741293532
mixed,attenuated,1.5,all,0,1,1,19019,0.7885157545605307
mixed,attenuated,1.5,all,0,1,2,19,0.0007877280265339967
mixed,attenuated,1.5,all,0,2,0,15,0.2830188679245283
mixed,attenuated,1.5,all,0,2,1,29,0.5471698113207547
mixed,attenuated,1.5,all,0,2,2,9,0.16981132075471697
mixed,attenuated,1.5,both_own,1,0,0,475,1.0
mixed,attenuated,1.5,both_own,1,0,1,0,0.0
mixed,attenuated,1.5,both_own,1,0,2,0,0.0
mixed,attenuated,1.5,both_own,1,1,0,2,1.0
mixed,attenuated,1.5,both_own,1,1,1,0,0.0
mixed,attenuated,1.5,both_own,1,1,2,0,0.0
mixed,attenuated,1.5,both_own,1,2,0,0,
mixed,attenuated,1.5,both_own,1,2,1,0,
mixed,attenuated,1.5,both_own,1,2,2,0,
mixed,attenuated,1.5,both_own,2,0,0,473,0.9916142557651991
mixed,attenuated,1.5,both_own,2,0,1,4,0.008385744234800839
mixed,attenuated,1.5,both_own,2,0,2,0,0.0
mixed,attenuated,1.5,both_own,2,1,0,0,
mixed,attenuated,1.5,both_own,2,1,1,0,
mixed,attenuated,1.5,both_own,2,1,2,0,
mixed,attenuated,1.5,both_own,2,2,0,0,
mixed,attenuated,1.5,both_own,2,2,1,0,
mixed,attenuated,1.5,both_own,2,2,2,0,
mixed,attenuated,1.5,both_own,3,0,0,470,0.9936575052854123
mixed,attenuated,1.5,both_own,3,0,1,3,0.006342494714587738
mixed,attenuated,1.5,both_own,3,0,2,0,0.0
mixed,attenuated,1.5,both_own,3,1,0,4,1.0
mixed,attenuated,1.5,both_own,3,1,1,0,0.0
mixed,attenuated,1.5,both_own,3,1,2,0,0.0
mixed,attenuated,1.5,both_own,3,2,0,0,
mixed,attenuated,1.5,both_own,3,2,1,0,
mixed,attenuated,1.5,both_own,3,2,2,0,
mixed,attenuated,1.5,both_own,4,0,0,470,0.9915611814345991
mixed,attenuated,1.5,both_own,4,0,1,4,0.008438818565400843
mixed,attenuated,1.5,both_own,4,0,2,0,0.0
mixed,attenuated,1.5,both_own,4,1,0,3,1.0
mixed,attenuated,1.5,both_own,4,1,1,0,0.0
mixed,attenuated,1.5,both_own,4,1,2,0,0.0
mixed,attenuated,1.5,both_own,4,2,0,0,
mixed,attenuated,1.5,both_own,4,2,1,0,
mixed,attenuated,1.5,both_own,4,2,2,0,
mixed,attenuated,1.5,both_own,5,0,0,464,0.9809725158562368
mixed,attenuated,1.5,both_own,5,0,1,9,0.019027484143763214
mixed,attenuated,1.5,both_own,5,0,2,0,0.0
mixed,attenuated,1.5,both_own,5,1,0,4,1.0
mixed,attenuated,1.5,both_own,5,1,1,0,0.0
mixed,attenuated,1.5,both_own,5,1,2,0,0.0
mixed,attenuated,1.5,both_own,5,2,0,0,
mixed,attenuated,1.5,both_own,5,2,1,0,
mixed,attenuated,1.5,both_own,5,2,2,0,
mixed,attenuated,1.5,both_own,6,0,0,464,0.9914529914529915
mixed,attenuated,1.5,both_own,6,0,1,4,0.008547008547008548
mixed,attenuated,1.5,both_own,6,0,2,0,0.0
mixed,attenuated,1.5,both_own,6,1,0,9,1.0
mixed,attenuated,1.5,both_own,6,1,1,0,0.0
mixed,attenuated,1.5,both_own,6,1,2,0,0.0
mixed,attenuated,1.5,both_own,6,2,0,0,
mixed,attenuated,1.5,both_own,6,2,1,0,
mixed,attenuated,1.5,both_own,6,2,2,0,
mixed,attenuated,1.5,both_own,7,0,0,465,0.9830866807610994
mixed,attenuated,1.5,both_own,7,0,1,8,0.016913319238900635
mixed,attenuated,1.5,both_own,7,0,2,0,0.0
mixed,attenuated,1.5,both_own,7,1,0,4,1.0
mixed,attenuated,1.5,both_own,7,1,1,0,0.0
mixed,attenuated,1.5,both_own,7,1,2,0,0.0
mixed,attenuated,1.5,both_own,7,2,0,0,
mixed,attenuated,1.5,both_own,7,2,1,0,
mixed,attenuated,1.5,both_own,7,2,2,0,
mixed,attenuated,1.5,both_own,8,0,0,461,0.9829424307036247
mixed,attenuated,1.5,both_own,8,0,1,8,0.017057569296375266
mixed,attenuated,1.5,both_own,8,0,2,0,0.0
mixed,attenuated,1.5,both_own,8,1,0,8,1.0
mixed,attenuated,1.5,both_own,8,1,1,0,0.0
mixed,attenuated,1.5,both_own,8,1,2,0,0.0
mixed,attenuated,1.5,both_own,8,2,0,0,
mixed,attenuated,1.5,both_own,8,2,1,0,
mixed,attenuated,1.5,both_own,8,2,2,0,
mixed,attenuated,1.5,both_own,9,0,0,457,0.9744136460554371
mixed,attenuated,1.5,both_own,9,0,1,12,0.0255863539445629
mixed,attenuated,1.5,both_own,9,0,2,0,0.0
mixed,attenuated,1.5,both_own,9,1,0,7,0.875
mixed,attenuated,1.5,both_own,9,1,1,1,0.125
mixed,attenuated,1.5,both_own,9,1,2,0,0.0
mixed,attenuated,1.5,both_own,9,2,0,0,
mixed,attenuated,1.5,both_own,9,2,1,0,
mixed,attenuated,1.5,both_own,9,2,2,0,
mixed,attenuated,1.5,both_own,10,0,0,446,0.9612068965517241
mixed,attenuated,1.5,both_own,10,0,1,18,0.03879310344827586
mixed,attenuated,1.5,both_own,10,0,2,0,0.0
mixed,attenuated,1.5,both_own,10,1,0,13,1.0
mixed,attenuated,1.5,both_own,10,1,1,0,0.0
mixed,attenuated,1.5,both_own,10,1,2,0,0.0
mixed,attenuated,1.5,both_own,10,2,0,0,
mixed,attenuated,1.5,both_own,10,2,1,0,
mixed,attenuated,1.5,both_own,10,2,2,0,
mixed,attenuated,1.5,both_own,11,0,0,446,0.971677559912854
mixed,attenuated,1.5,both_own,11,0,1,13,0.02832244008714597
mixed,attenuated,1.5,both_own,11,0,2,0,0.0
mixed,attenuated,1.5,both_own,11,1,0,17,0.9444444444444444
mixed,attenuated,1.5,both_own,11,1,1,1,0.05555555555555555
mixed,attenuated,1.5,both_own,11,1,2,0,0.0
mixed,attenuated,1.5,both_own,11,2,0,0,
mixed,attenuated,1.5,both_own,11,2,1,0,
mixed,attenuated,1.5,both_own,11,2,2,0,
mixed,attenuated,1.5,both_own,12,0,0,454,0.980561555075594
mixed,attenuated,1.5,both_own,12,0,1,9,0.019438444924406047
mixed,attenuated,1.5,both_own,12,0,2,0,0.0
mixed,attenuated,1.5,both_own,12,1,0,13,0.9285714285714286
mixed,attenuated,1.5,both_own,12,1,1,1,0.07142857142857142
mixed,attenuated,1.5,both_own,12,1,2,0,0.0
mixed,attenuated,1.5,both_own,12,2,0,0,
mixed,attenuated,1.5,both_own,12,2,1,0,
mixed,attenuated,1.5,both_own,12,2,2,0,
mixed,attenuated,1.5,both_own,13,0,0,449,0.961456102783726
mixed,attenuated,1.5,both_own,13,0,1,18,0.03854389721627409
mixed,attenuated,1.5,both_own,13,0,2,0,0.0
mixed,attenuated,1.5,both_own,13,1,0,9,0.9
mixed,attenuated,1.5,both_own,13,1,1,1,0.1
mixed,attenuated,1.5,both_own,13,1,2,0,0.0
mixed,attenuated,1.5,both_own,13,2,0,0,
mixed,attenuated,1.5,both_own,13,2,1,0,
mixed,attenuated,1.5,both_own,13,2,2,0,
mixed,attenuated,1.5,both_own,14,0,0,447,0.9759825327510917
mixed,attenuated,1.5,both_own,14,0,1,11,0.024017467248908297
mixed,attenuated,1.5,both_own,14,0,2,0,0.0
mixed,attenuated,1.5,both_own,14,1,0,17,0.8947368421052632
mixed,attenuated,1.5,both_own,14,1,1,2,0.10526315789473684
mixed,attenuated,1.5,both_own,14,1,2,0,0.0
mixed,attenuated,1.5,both_own,14,2,0,0,
mixed,attenuated,1.5,both_own,14,2,1,0,
mixed,attenuated,1.5,both_own,14,2,2,0,
mixed,attenuated,1.5,both_own,15,0,0,450,0.9698275862068966
mixed,attenuated,1.5,both_own,15,0,1,14,0.03017241379310345
mixed,attenuated,1.5,both_own,15,0,2,0,0.0
mixed,attenuated,1.5,both_own,15,1,0,12,0.9230769230769231
mixed,attenuated,1.5,both_own,15,1,1,1,0.07692307692307693
mixed,attenuated,1.5,both_own,15,1,2,0,0.0
mixed,attenuated,1.5,both_own,15,2,0,0,
mixed,attenuated,1.5,both_own,15,2,1,0,
mixed,attenuated,1.5,both_own,15,2,2,0,
mixed,attenuated,1.5,both_own,16,0,0,445,0.9632034632034632
mixed,attenuated,1.5,both_own,16,0,1,17,0.0367965367965368
mixed,attenuated,1.5,both_own,16,0,2,0,0.0
mixed,attenuated,1.5,both_own,16,1,0,12,0.8
mixed,attenuated,1.5,both_own,16,1,1,3,0.2
mixed,attenuated,1.5,both_own,16,1,2,0,0.0
mixed,attenuated,1.5,both_own,16,2,0,0,
mixed,attenuated,1.5,both_own,16,2,1,0,
mixed,attenuated,1.5,both_own,16,2,2,0,
mixed,attenuated,1.5,both_own,17,0,0,435,0.9518599562363238
mixed,attenuated,1.5,both_own,17,0,1,22,0.04814004376367615
mixed,attenuated,1.5,both_own,17,0,2,0,0.0
mixed,attenuated,1.5,both_own,17,1,0,19,0.95
mixed,attenuated,1.5,both_own,17,1,1,1,0.05
mixed,attenuated,1.5,both_own,17,1,2,0,0.0
mixed,attenuated,1.5,both_own,17,2,0,0,
mixed,attenuated,1.5,both_own,17,2,1,0,
mixed,attenuated,1.5,both_own,17,2,2,0,
mixed,attenuated,1.5,both_own,18,0,0,429,0.9449339207048458
mixed,attenuated,1.5,both_own,18,0,1,25,0.05506607929515418
mixed,attenuated,1.5,both_own,18,0,2,0,0.0
mixed,attenuated,1.5,both_own,18,1,0,22,0.9565217391304348
mixed,attenuated,1.5,both_own,18,1,1,1,0.043478260869565216
mixed,attenuated,1.5,both_own,18,1,2,0,0.0
mixed,attenuated,1.5,both_own,18,2,0,0,
mixed,attenuated,1.5,both_own,18,2,1,0,
mixed,attenuated,1.5,both_own,18,2,2,0,
mixed,attenuated,1.5,both_own,19,0,0,432,0.9578713968957872
mixed,attenuated,1.5,both_own,19,0,1,19,0.04212860310421286
mixed,attenuated,1.5,both_own,19,0,2,0,0.0
mixed,attenuated,1.5,both_own,19,1,0,24,0.9230769230769231
mixed,attenuated,1.5,both_own,19,1,1,2,0.07692307692307693
mixed,attenuated,1.5,both_own,19,1,2,0,0.0
mixed,attenuated,1.5,both_own,19,2,0,0,
mixed,attenuated,1.5,both_own,19,2,1,0,
mixed,attenuated,1.5,both_own,19,2,2,0,
mixed,attenuated,1.5,both_own,20,0,0,444,0.9736842105263158
mixed,attenuated,1.5,both_own,20,0,1,12,0.02631578947368421
mixed,attenuated,1.5,both_own,20,0,2,0,0.0
mixed,attenuated,1.5,both_own,20,1,0,20,0.9523809523809523
mixed,attenuated,1.5,both_own,20,1,1,1,0.047619047619047616
mixed,attenuated,1.5,both_own,20,1,2,0,0.0
mixed,attenuated,1.5,both_own,20,2,0,0,
mixed,attenuated,1.5,both_own,20,2,1,0,
mixed,attenuated,1.5,both_own,20,2,2,0,
mixed,attenuated,1.5,both_own,21,0,0,447,0.9633620689655172
mixed,attenuated,1.5,both_own,21,0,1,17,0.036637931034482756
mixed,attenuated,1.5,both_own,21,0,2,0,0.0
mixed,attenuated,1.5,both_own,21,1,0,13,1.0
mixed,attenuated,1.5,both_own,21,1,1,0,0.0
mixed,attenuated,1.5,both_own,21,1,2,0,0.0
mixed,attenuated,1.5,both_own,21,2,0,0,
mixed,attenuated,1.5,both_own,21,2,1,0,
mixed,attenuated,1.5,both_own,21,2,2,0,
mixed,attenuated,1.5,both_own,22,0,0,439,0.9543478260869566
mixed,attenuated,1.5,both_own,22,0,1,21,0.04565217391304348
mixed,attenuated,1.5,both_own,22,0,2,0,0.0
mixed,attenuated,1.5,both_own,22,1,0,16,0.9411764705882353
mixed,attenuated,1.5,both_own,22,1,1,1,0.058823529411764705
mixed,attenuated,1.5,both_own,22,1,2,0,0.0
mixed,attenuated,1.5,both_own,22,2,0,0,
mixed,attenuated,1.5,both_own,22,2,1,0,
mixed,attenuated,1.5,both_own,22,2,2,0,
mixed,attenuated,1.5,both_own,23,0,0,430,0.945054945054945
mixed,attenuated,1.5,both_own,23,0,1,25,0.054945054945054944
mixed,attenuated,1.5,both_own,23,0,2,0,0.0
mixed,attenuated,1.5,both_own,23,1,0,21,0.9545454545454546
mixed,attenuated,1.5,both_own,23,1,1,1,0.045454545454545456
mixed,attenuated,1.5,both_own,23,1,2,0,0.0
mixed,attenuated,1.5,both_own,23,2,0,0,
mixed,attenuated,1.5,both_own,23,2,1,0,
mixed,attenuated,1.5,both_own,23,2,2,0,
mixed,attenuated,1.5,both_own,0,0,0,10392,0.9725783809078147
mixed,attenuated,1.5,both_own,0,0,1,293,0.027421619092185306
mixed,attenuated,1.5,both_own,0,0,2,0,0.0
mixed,attenuated,1.5,both_own,0,1,0,269,0.9405594405594405
mixed,attenuated,1.5,both_own,0,1,1,17,0.05944055944055944
mixed,attenuated,1.5,both_own,0,1,2,0,0.0
mixed,attenuated,1.5,both_own,0,2,0,0,
mixed,attenuated,1.5,both_own,0,2,1,0,
mixed,attenuated,1.5,both_own,0,2,2,0,
mixed,costly,1.5,all,1,0,0,1581,0.8720353006067292
mixed,costly,1.5,all,1,0,1,232,0.12796469939327082
mixed,costly,1.5,all,1,0,2,0,0.0
mixed,costly,1.5,all,1,1,0,103,0.5508021390374331
mixed,costly,1.5,all,1,1,1,84,0.44919786096256686
mixed,costly,1.5,all,1,1,2,0,0.0
mixed,costly,1.5,all,1,2,0,0,
mixed,costly,1.5,all,1,2,1,0,
mixed,costly,1.5,all,1,2,2,0,
mixed,costly,1.5,all,2,0,0,1476,0.8764845605700713
mixed,costly,1.5,all,2,0,1,208,0.12351543942992874
mixed,costly,1.5,all,2,0,2,0,0.0
mixed,costly,1.5,all,2,1,0,185,0.5854430379746836
mixed,costly,1.5,all,2,1,1,131,0.41455696202531644
mixed,costly,1.5,all,2,1,2,0,0.0
mixed,costly,1.5,all,2,2,0,0,
mixed,costly,1.5,all,2,2,1,0,
mixed,costly,1.5,all,2,2,2,0,
mixed,costly,1.5,all,3,0,0,1488,0.8958458759783263
mixed,costly,1.5,all,3,0,1,173,0.10415412402167369
mixed,costly,1.5,all,3,0,2,0,0.0
mixed,costly,1.5,all,3,1,0,182,0.5368731563421829
mixed,costly,1.5,all,3,1,1,157,0.4631268436578171
mixed,costly,1.5,all,3,1,2,0,0.0
mixed,costly,1.5,all,3,2,0,0,
mixed,costly,1.5,all,3,2,1,0,
mixed,costly,1.5,all,3,2,2,0,
mixed,costly,1.5,all,4,0,0,1478,0.8850299401197604
mixed,costly,1.5,all,4,0,1,192,0.11497005988023952
mixed,costly,1.5,all,4,0,2,0,0.0
mixed,costly,1.5,all,4,1,0,199,0.603030303030303
mixed,costly,1.5,all,4,1,1,131,0.396969696969697
mixed,costly,1.5,all,4,1,2,0,0.0
mixed,costly,1.5,all,4,2,0,0,
mixed,costly,1.5,all,4,2,1,0,
mixed,costly,1.5,all,4,2,2,0,
mixed,costly,1.5,all,5,0,0,1479,0.8819320214669052
mixed,costly,1.5,all,5,0,1,198,0.11806797853309481
mixed,costly,1.5,all,5,0,2,0,0.0
mixed,costly,1.5,all,5,1,0,173,0.5356037151702786
mixed,costly,1.5,all,5,1,1,150,0.46439628482972134
mixed,costly,1.5,all,5,1,2,0,0.0
mixed,costly,1.5,all,5,2,0,0,
mixed,costly,1.5,all,5,2,1,0,
mixed,costly,1.5,all,5,2,2,0,
mixed,costly,1.5,all,6,0,0,1440,0.8716707021791767
mixed,costly,1.5,all,6,0,1,212,0.12832929782082325
mixed,costly,1.5,all,6,0,2,0,0.0
mixed,costly,1.5,all,6,1,0,193,0.5545977011494253
mixed,costly,1.5,all,6,1,1,155,0.4454022988505747
mixed,costly,1.5,all,6,1,2,0,0.0
mixed,costly,1.5,all,6,2,0,0,
mixed,costly,1.5,all,6,2,1,0,
mixed,costly,1.5,all,6,2,2,0,
mixed,costly,1.5,all,7,0,0,1454,0.8903857930189835
mixed,costly,1.5,all,7,0,1,179,0.10961420698101654
mixed,costly,1.5,all,7,0,2,0,0.0
mixed,costly,1.5,all,7,1,0,204,0.555858310626703
mixed,costly,1.5,all,7,1,1,163,0.444141689373297
mixed,costly,1.5,all,7,1,2,0,0.0
mixed,costly,1.5,all,7,2,0,0,
mixed,costly,1.5,all,7,2,1,0,
mixed,costly,1.5,all,7,2,2,0,
mixed,costly,1.5,all,8,0,0,1467,0.8848009650180941
mixed,costly,1.5,all,8,0,1,191,0.11519903498190591
mixed,costly,1.5,all,8,0,2,0,0.0
mixed,costly,1.5,all,8,1,0,193,0.564327485380117
mixed,costly,1.5,all,8,1,1,149,0.43567251461988304
mixed,costly,1.5,all,8,1,2,0,0.0
mixed,costly,1.5,all,8,2,0,0,
mixed,costly,1.5,all,8,2,1,0,
mixed,costly,1.5,all,8,2,2,0,
mixed,costly,1.5,all,9,0,0,1459,0.8789156626506024
mixed,costly,1.5,all,9,0,1,201,0.1210843373493976
mixed,costly,1.5,all,9,0,2,0,0.0
mixed,costly,1.5,all,9,1,0,186,0.5470588235294118
mixed,costly,1.5,all,9,1,1,154,0.45294117647058824
mixed,costly,1.5,all,9,1,2,0,0.0
mixed,costly,1.5,all,9,2,0,0,
mixed,costly,1.5,all,9,2,1,0,
mixed,costly,1.5,all,9,2,2,0,
mixed,costly,1.5,all,10,0,0,1455,0.8844984802431611
mixed,costly,1.5,all,10,0,1,190,0.11550151975683891
mixed,costly,1.5,all,10,0,2,0,0.0
mixed,costly,1.5,all,10,1,0,210,0.5915492957746479
mixed,costly,1.5,all,10,1,1,145,0.4084507042253521
mixed,costly,1.5,all,10,1,2,0,0.0
mixed,costly,1.5,all,10,2,0,0,
mixed,costly,1.5,all,10,2,1,0,
mixed,costly,1.5,all,10,2,2,0,
mixed,costly,1.5,all,11,0,0,1454,0.8732732732732733
mixed,costly,1.5,all,11,0,1,211,0.12672672672672672
mixed,costly,1.5,all,11,0,2,0,0.0
mixed,costly,1.5,all,11,1,0,183,0.5462686567164179
mixed,costly,1.5,all,11,1,1,152,0.4537313432835821
mixed,costly,1.5,all,11,1,2,0,0.0
mixed,costly,1.5,all,11,2,0,0,
mixed,costly,1.5,all,11,2,1,0,
mixed,costly,1.5,all,11,2,2,0,
mixed,costly,1.5,all,12,0,0,1460,0.8918753817959683
mixed,costly,1.5,all,12,0,1,177,0.10812461820403177
mixed,costly,1.5,all,12,0,2,0,0.0
mixed,costly,1.5,all,12,1,0,214,0.5895316804407713
mixed,costly,1.5,all,12,1,1,149,0.41046831955922863
mixed,costly,1.5,all,12,1,2,0,0.0
mixed,costly,1.5,all,12,2,0,0,
mixed,costly,1.5,all,12,2,1,0,
mixed,costly,1.5,all,12,2,2,0,
mixed,costly,1.5,all,13,0,0,1474,0.8805256869772998
mixed,costly,1.5,all,13,0,1,200,0.11947431302270012
mixed,costly,1.5,all,13,0,2,0,0.0
mixed,costly,1.5,all,13,1,0,199,0.6104294478527608
mixed,costly,1.5,all,13,1,1,127,0.3895705521472393
mixed,costly,1.5,all,13,1,2,0,0.0
mixed,costly,1.5,all,13,2,0,0,
mixed,costly,1.5,all,13,2,1,0,
mixed,costly,1.5,all,13,2,2,0,
mixed,costly,1.5,all,14,0,0,1461,0.8732815301852959
mixed,costly,1.5,all,14,0,1,212,0.12671846981470414
mixed,costly,1.5,all,14,0,2,0,0.0
mixed,costly,1.5,all,14,1,0,193,0.5902140672782875
mixed,costly,1.5,all,14,1,1,134,0.40978593272171254
mixed,costly,1.5,all,14,1,2,0,0.0
mixed,costly,1.5,all,14,2,0,0,
mixed,costly,1.5,all,14,2,1,0,
mixed,costly,1.5,all,14,2,2,0,
mixed,costly,1.5,all,15,0,0,1436,0.8681983071342201
mixed,costly,1.5,all,15,0,1,218,0.13180169286577992
mixed,costly,1.5,all,15,0,2,0,0.0
mixed,costly,1.5,all,15,1,0,181,0.523121387283237
mixed,costly,1.5,all,15,1,1,165,0.476878612716763
mixed,costly,1.5,all,15,1,2,0,0.0
mixed,costly,1.5,all,15,2,0,0,
mixed,costly,1.5,all,15,2,1,0,
mixed,costly,1.5,all,15,2,2,0,
mixed,costly,1.5,all,16,0,0,1422,0.8794063079777366
mixed,costly,1.5,all,16,0,1,195,0.12059369202226346
mixed,costly,1.5,all,16,0,2,0,0.0
mixed,costly,1.5,all,16,1,0,226,0.5900783289817232
mixed,costly,1.5,all,16,1,1,157,0.40992167101827676
mixed,costly,1.5,all,16,1,2,0,0.0
mixed,costly,1.5,all,16,2,0,0,
mixed,costly,1.5,all,16,2,1,0,
mixed,costly,1.5,all,16,2,2,0,
mixed,costly,1.5,all,17,0,0,1443,0.8756067961165048
mixed,costly,1.5,all,17,0,1,205,0.12439320388349515
mixed,costly,1.5,all,17,0,2,0,0.0
mixed,costly,1.5,all,17,1,0,215,0.6107954545454546
mixed,costly,1.5,all,17,1,1,137,0.38920454545454547
mixed,costly,1.5,all,17,1,2,0,0.0
mixed,costly,1.5,all,17,2,0,0,
mixed,costly,1.5,all,17,2,1,0,
mixed,costly,1.5,all,17,2,2,0,
mixed,costly,1.5,all,18,0,0,1460,0.8805790108564535
mixed,costly,1.5,all,18,0,1,198,0.11942098914354644
mixed,costly,1.5,all,18,0,2,0,0.0
mixed,costly,1.5,all,18,1,0,195,0.5701754385964912
mixed,costly,1.5,all,18,1,1,147,0.4298245614035088
mixed,costly,1.5,all,18,1,2,0,0.0
mixed,costly,1.5,all,18,2,0,0,
mixed,costly,1.5,all,18,2,1,0,
mixed,costly,1.5,all,18,2,2,0,
mixed,costly,1.5,all,19,0,0,1450,0.8761329305135952
mixed,costly,1.5,all,19,0,1,205,0.12386706948640483
mixed,costly,1.5,all,19,0,2,0,0.0
mixed,costly,1.5,all,19,1,0,203,0.5884057971014492
mixed,costly,1.5,all,19,1,1,142,0.4115942028985507
mixed,costly,1.5,all,19,1,2,0,0.0
mixed,costly,1.5,all,19,2,0,0,
mixed,costly,1.5,all,19,2,1,0,
mixed,costly,1.5,all,19,2,2,0,
mixed,costly,1.5,all,20,0,0,1427,0.8632788868723533
mixed,costly,1.5,all,20,0,1,226,0.1367211131276467
mixed,costly,1.5,all,20,0,2,0,0.0
mixed,costly,1.5,all,20,1,0,211,0.6080691642651297
mixed,costly,1.5,all,20,1,1,136,0.3919308357348703
mixed,costly,1.5,all,20,1,2,0,0.0
mixed,costly,1.5,all,20,2,0,0,
mixed,costly,1.5,all,20,2,1,0,
mixed,costly,1.5,all,20,2,2,0,
mixed,costly,1.5,all,21,0,0,1439,0.8785103785103785
mixed,costly,1.5,all,21,0,1,199,0.12148962148962149
mixed,costly,1.5,all,21,0,2,0,0.0
mixed,costly,1.5,all,21,1,0,202,0.5580110497237569
mixed,costly,1.5,all,21,1,1,160,0.4419889502762431
mixed,costly,1.5,all,21,1,2,0,0.0
mixed,costly,1.5,all,21,2,0,0,
mixed,costly,1.5,all,21,2,1,0,
mixed,costly,1.5,all,21,2,2,0,
mixed,costly,1.5,all,22,0,0,1445,0.8805606337599025
mixed,costly,1.5,all,22,0,1,196,0.1194393662400975
mixed,costly,1.5,all,22,0,2,0,0.0
mixed,costly,1.5,all,22,1,0,207,0.5766016713091922
mixed,costly,1.5,all,22,1,1,152,0.4233983286908078
mixed,costly,1.5,all,22,1,2,0,0.0
mixed,costly,1.5,all,22,2,0,0,
mixed,costly,1.5,all,22,2,1,0,
mixed,costly,1.5,all,22,2,2,0,
mixed,costly,1.5,all,23,0,0,1437,0.8698547215496368
mixed,costly,1.5,all,23,0,1,215,0.1301452784503632
mixed,costly,1.5,all,23,0,2,0,0.0
mixed,costly,1.5,all,23,1,0,204,0.5862068965517241
mixed,costly,1.5,all,23,1,1,144,0.41379310344827586
mixed,costly,1.5,all,23,1,2,0,0.0
mixed,costly,1.5,all,23,2,0,0,
mixed,costly,1.5,all,23,2,1,0,
mixed,costly,1.5,all,23,2,2,0,
mixed,costly,1.5,all,0,0,0,33585,0.8787743994976189
mixed,costly,1.5,all,0,0,1,4633,0.12122560050238107
mixed,costly,1.5,all,0,0,2,0,0.0
mixed,costly,1.5,all,0,1,0,4461,0.5732459521973786
mixed,costly,1.5,all,0,1,1,3321,0.42675404780262144
mixed,costly,1.5,all,0,1,2,0,0.0
mixed,costly,1.5,all,0,2,0,0,
mixed,costly,1.5,all,0,2,1,0,
mixed,costly,1.5,all,0,2,2,0,
mixed,costly,1.5,both_own,1,0,0,477,1.0
mixed,costly,1.5,both_own,1,0,1,0,0.0
mixed,costly,1.5,both_own,1,0,2,0,0.0
mixed,costly,1.5,both_own,1,1,0,0,
mixed,costly,1.5,both_own,1,1,1,0,
mixed,costly,1.5,both_own,1,1,2,0,
mixed,costly,1.5,both_own,1,2,0,0,
mixed,costly,1.5,both_own,1,2,1,0,
mixed,costly,1.5,both_own,1,2,2,0,
mixed,costly,1.5,both_own,2,0,0,476,0.9979035639412998
mixed,costly,1.5,both_own,2,0,1,1,0.0020964360587002098
mixed,costly,1.5,both_own,2,0,2,0,0.0
mixed,costly,1.5,both_own,2,1,0,0,
mixed,costly,1.5,both_own,2,1,1,0,
mixed,costly,1.5,both_own,2,1,2,0,
mixed,costly,1.5,both_own,2,2,0,0,
mixed,costly,1.5,both_own,2,2,1,0,
mixed,costly,1.5,both_own,2,2,2,0,
mixed,costly,1.5,both_own,3,0,0,475,0.9978991596638656
mixed,costly,1.5,both_own,3,0,1,1,0.0021008403361344537
mixed,costly,1.5,both_own,3,0,2,0,0.0
mixed,costly,1.5,both_own,3,1,0,1,1.0
mixed,costly,1.5,both_own,3,1,1,0,0.0
mixed,costly,1.5,both_own,3,1,2,0,0.0
mixed,costly,1.5,both_own,3,2,0,0,
mixed,costly,1.5,both_own,3,2,1,0,
mixed,costly,1.5,both_own,3,2,2,0,
mixed,costly,1.5,both_own,4,0,0,475,0.9978991596638656
mixed,costly,1.5,both_own,4,0,1,1,0.0021008403361344537
mixed,costly,1.5,both_own,4,0,2,0,0.0
mixed,costly,1.5,both_own,4,1,0,1,1.0
mixed,costly,1.5,both_own,4,1,1,0,0.0
mixed,costly,1.5,both_own,4,1,2,0,0.0
mixed,costly,1.5,both_own,4,2,0,0,
mixed,costly,1.5,both_own,4,2,1,0,
mixed,costly,1.5,both_own,4,2,2,0,
mixed,costly,1.5,both_own,5,0,0,473,0.9936974789915967
mixed,costly,1.5,both_own,5,0,1,3,0.0063025210084033615
mixed,costly,1.5,both_own,5,0,2,0,0.0
mixed,costly,1.5,both_own,5,1,0,1,1.0
mixed,costly,1.5,both_own,5,1,1,0,0.0
mixed,costly,1.5,both_own,5,1,2,0,0.0
mixed,costly,1.5,both_own,5,2,0,0,
mixed,costly,1.5,both_own,5,2,1,0,
mixed,costly,1.5,both_own,5,2,2,0,
mixed,costly,1.5,both_own,6,0,0,470,0.9915611814345991
mixed,costly,1.5,both_own,6,0,1,4,0.008438818565400843
mixed,costly,1.5,both_own,6,0,2,0,0.0
mixed,costly,1.5,both_own,6,1,0,3,1.0
mixed,costly,1.5,both_own,6,1,1,0,0.0
mixed,costly,1.5,both_own,6,1,2,0,0.0
mixed,costly,1.5,both_own,6,2,0,0,
mixed,costly,1.5,both_own,6,2,1,0,
mixed,costly,1.5,both_own,6,2,2,0,
mixed,costly,1.5,both_own,7,0,0,467,0.9873150105708245
mixed,costly,1.5,both_own,7,0,1,6,0.012684989429175475
mixed,costly,1.5,both_own,7,0,2,0,0.0
mixed,costly,1.5,both_own,7,1,0,4,1.0
mixed,costly,1.5,both_own,7,1,1,0,0.0
mixed,costly,1.5,both_own,7,1,2,0,0.0
mixed,costly,1.5,both_own,7,2,0,0,
mixed,costly,1.5,both_own,7,2,1,0,
mixed,costly,1.5,both_own,7,2,2,0,
mixed,costly,1.5,both_own,8,0,0,468,0.9936305732484076
mixed,costly,1.5,both_own,8,0,1,3,0.006369426751592357
mixed,costly,1.5,both_own,8,0,2,0,0.0
mixed,costly,1.5,both_own,8,1,0,6,1.0
mixed,costly,1.5,both_own,8,1,1,0,0.0
mixed,costly,1.5,both_own,8,1,2,0,0.0
mixed,costly,1.5,both_own,8,2,0,0,
mixed,costly,1.5,both_own,8,2,1,0,
mixed,costly,1.5,both_own,8,2,2,0,
mixed,costly,1.5,both_own,9,0,0,469,0.989451476793249
mixed,costly,1.5,both_own,9,0,1,5,0.010548523206751054
mixed,costly,1.5,both_own,9,0,2,0,0.0
mixed,costly,1.5,both_own,9,1,0,3,1.0
mixed,costly,1.5,both_own,9,1,1,0,0.0
mixed,costly,1.5,both_own,9,1,2,0,0.0
mixed,costly,1.5,both_own,9,2,0,0,
mixed,costly,1.5,both_own,9,2,1,0,
mixed,costly,1.5,both_own,9,2,2,0,
mixed,costly,1.5,both_own,10,0,0,465,0.9851694915254238
mixed,costly,1.5,both_own,10,0,1,7,0.014830508474576272
mixed,costly,1.5,both_own,10,0,2,0,0.0
mixed,costly,1.5,both_own,10,1,0,5,1.0
mixed,costly,1.5,both_own,10,1,1,0,0.0
mixed,costly,1.5,both_own,10,1,2,0,0.0
mixed,costly,1.5,both_own,10,2,0,0,
mixed,costly,1.5,both_own,10,2,1,0,
mixed,costly,1.5,both_own,10,2,2,0,
mixed,costly,1.5,both_own,11,0,0,462,0.9829787234042553
mixed,costly,1.5,both_own,11,0,1,8,0.01702127659574468
mixed,costly,1.5,both_own,11,0,2,0,0.0
mixed,costly,1.5,both_own,11,1,0,7,1.0
mixed,costly,1.5,both_own,11,1,1,0,0.0
mixed,costly,1.5,both_own,11,1,2,0,0.0
mixed,costly,1.5,both_own,11,2,0,0,
mixed,costly,1.5,both_own,11,2,1,0,
mixed,costly,1.5,both_own,11,2,2,0,
mixed,costly,1.5,both_own,12,0,0,466,0.9936034115138592
mixed,costly,1.5,both_own,12,0,1,3,0.006396588486140725
mixed,costly,1.5,both_own,12,0,2,0,0.0
mixed,costly,1.5,both_own,12,1,0,8,1.0
mixed,costly,1.5,both_own,12,1,1,0,0.0
mixed,costly,1.5,both_own,12,1,2,0,0.0
mixed,costly,1.5,both_own,12,2,0,0,
mixed,costly,1.5,both_own,12,2,1,0,
mixed,costly,1.5,both_own,12,2,2,0,
mixed,costly,1.5,both_own,13,0,0,463,0.9767932489451476
mixed,costly,1.5,both_own,13,0,1,11,0.023206751054852322
mixed,costly,1.5,both_own,13,0,2,0,0.0
mixed,costly,1.5,both_own,13,1,0,3,1.0
mixed,costly,1.5,both_own,13,1,1,0,0.0
mixed,costly,1.5,both_own,13,1,2,0,0.0
mixed,costly,1.5,both_own,13,2,0,0,
mixed,costly,1.5,both_own,13,2,1,0,
mixed,costly,1.5,both_own,13,2,2,0,
mixed,costly,1.5,both_own,14,0,0,461,0.9892703862660944
mixed,costly,1.5,both_own,14,0,1,5,0.01072961373390558
mixed,costly,1.5,both_own,14,0,2,0,0.0
mixed,costly,1.5,both_own,14,1,0,10,0.9090909090909091
mixed,costly,1.5,both_own,14,1,1,1,0.09090909090909091
mixed,costly,1.5,both_own,14,1,2,0,0.0
mixed,costly,1.5,both_own,14,2,0,0,
mixed,costly,1.5,both_own,14,2,1,0,
mixed,costly,1.5,both_own,14,2,2,0,
mixed,costly,1.5,both_own,15,0,0,461,0.9787685774946921
mixed,costly,1.5,both_own,15,0,1,10,0.021231422505307854
mixed,costly,1.5,both_own,15,0,2,0,0.0
mixed,costly,1.5,both_own,15,1,0,6,1.0
mixed,costly,1.5,both_own,15,1,1,0,0.0
mixed,costly,1.5,both_own,15,1,2,0,0.0
mixed,costly,1.5,both_own,15,2,0,0,
mixed,costly,1.5,both_own,15,2,1,0,
mixed,costly,1.5,both_own,15,2,2,0,
mixed,costly,1.5,both_own,16,0,0,458,0.9807280513918629
mixed,costly,1.5,both_own,16,0,1,9,0.019271948608137045
mixed,costly,1.5,both_own,16,0,2,0,0.0
mixed,costly,1.5,both_own,16,1,0,10,1.0
mixed,costly,1.5,both_own,16,1,1,0,0.0
mixed,costly,1.5,both_own,16,1,2,0,0.0
mixed,costly,1.5,both_own,16,2,0,0,
mixed,costly,1.5,both_own,16,2,1,0,
mixed,costly,1.5,both_own,16,2,2,0,
mixed,costly,1.5,both_own,17,0,0,454,0.9700854700854701
mixed,costly,1.5,both_own,17,0,1,14,0.029914529914529916
mixed,costly,1.5,both_own,17,0,2,0,0.0
mixed,costly,1.5,both_own,17,1,0,8,0.8888888888888888
mixed,costly,1.5,both_own,17,1,1,1,0.1111111111111111
mixed,costly,1.5,both_own,17,1,2,0,0.0
mixed,costly,1.5,both_own,17,2,0,0,
mixed,costly,1.5,both_own,17,2,1,0,
mixed,costly,1.5,both_own,17,2,2,0,
mixed,costly,1.5,both_own,18,0,0,452,0.9783549783549783
mixed,costly,1.5,both_own,18,0,1,10,0.021645021645021644
mixed,costly,1.5,both_own,18,0,2,0,0.0
mixed,costly,1.5,both_own,18,1,0,15,1.0
mixed,costly,1.5,both_own,18,1,1,0,0.0
mixed,costly,1.5,both_own,18,1,2,0,0.0
mixed,costly,1.5,both_own,18,2,0,0,
mixed,costly,1.5,both_own,18,2,1,0,
mixed,costly,1.5,both_own,18,2,2,0,
mixed,costly,1.5,both_own,19,0,0,455,0.974304068522484
mixed,costly,1.5,both_own,19,0,1,12,0.02569593147751606
mixed,costly,1.5,both_own,19,0,2,0,0.0
mixed,costly,1.5,both_own,19,1,0,10,1.0
mixed,costly,1.5,both_own,19,1,1,0,0.0
mixed,costly,1.5,both_own,19,1,2,0,0.0
mixed,costly,1.5,both_own,19,2,0,0,
mixed,costly,1.5,both_own,19,2,1,0,
mixed,costly,1.5,both_own,19,2,2,0,
mixed,costly,1.5,both_own,20,0,0,456,0.9806451612903225
mixed,costly,1.5,both_own,20,0,1,9,0.01935483870967742
mixed,costly,1.5,both_own,20,0,2,0,0.0
mixed,costly,1.5,both_own,20,1,0,12,1.0
mixed,costly,1.5,both_own,20,1,1,0,0.0
mixed,costly,1.5,both_own,20,1,2,0,0.0
mixed,costly,1.5,both_own,20,2,0,0,
mixed,costly,1.5,both_own,20,2,1,0,
mixed,costly,1.5,both_own,20,2,2,0,
mixed,costly,1.5,both_own,21,0,0,459,0.9807692307692307
mixed,costly,1.5,both_own,21,0,1,9,0.019230769230769232
mixed,costly,1.5,both_own,21,0,2,0,0.0
mixed,costly,1.5,both_own,21,1,0,9,1.0
mixed,costly,1.5,both_own,21,1,1,0,0.0
mixed,costly,1.5,both_own,21,1,2,0,0.0
mixed,costly,1.5,both_own,21,2,0,0,
mixed,costly,1.5,both_own,21,2,1,0,
mixed,costly,1.5,both_own,21,2,2,0,
mixed,costly,1.5,both_own,22,0,0,455,0.9722222222222222
mixed,costly,1.5,both_own,22,0,1,13,0.027777777777777776
mixed,costly,1.5,both_own,22,0,2,0,0.0
mixed,costly,1.5,both_own,22,1,0,9,1.0
mixed,costly,1.5,both_own,22,1,1,0,0.0
mixed,costly,1.5,both_own,22,1,2,0,0.0
mixed,costly,1.5,both_own,22,2,0,0,
mixed,costly,1.5,both_own,22,2,1,0,
mixed,costly,1.5,both_own,22,2,2,0,
mixed,costly,1.5,both_own,23,0,0,454,0.978448275862069
mixed,costly,1.5,both_own,23,0,1,10,0.021551724137931036
mixed,costly,1.5,both_own,23,0,2,0,0.0
mixed,costly,1.5,both_own,23,1,0,12,0.9230769230769231
mixed,costly,1.5,both_own,23,1,1,1,0.07692307692307693
mixed,costly,1.5,both_own,23,1,2,0,0.0
mixed,costly,1.5,both_own,23,2,0,0,
mixed,costly,1.5,both_own,23,2,1,0,
mixed,costly,1.5,both_own,23,2,2,0,
mixed,costly,1.5,both_own,0,0,0,10671,0.9857736720554272
mixed,costly,1.5,both_own,0,0,1,154,0.014226327944572749
mixed,costly,1.5,both_own,0,0,2,0,0.0
mixed,costly,1.5,both_own,0,1,0,143,0.9794520547945206
mixed,costly,1.5,both_own,0,1,1,3,0.02054794520547945
mixed,costly,1.5,both_own,0,1,2,0,0.0
mixed,costly,1.5,both_own,0,2,0,0,
mixed,costly,1.5,both_own,0,2,1,0,
mixed,costly,1.5,both_own,0,2,2,0,
mixed,mixed,1.5,all,1,0,0,1180,0.7598197037990985
mixed,mixed,1.5,all,1,0,1,372,0.23953638119768192
mixed,mixed,1.5,all,1,0,2,1,0.000643915003219575
mixed,mixed,1.5,all,1,1,0,228,0.5112107623318386
mixed,mixed,1.5,all,1,1,1,218,0.48878923766816146
mixed,mixed,1.5,all,1,1,2,0,0.0
mixed,mixed,1.5,all,1,2,0,0,0.0
mixed,mixed,1.5,all,1,2,1,1,1.0
mixed,mixed,1.5,all,1,2,2,0,0.0
mixed,mixed,1.5,all,2,0,0,1074,0.7627840909090909
mixed,mixed,1.5,all,2,0,1,334,0.2372159090909091
mixed,mixed,1.5,all,2,0,2,0,0.0
mixed,mixed,1.5,all,2,1,0,325,0.5499153976311336
mixed,mixed,1.5,all,2,1,1,266,0.4500846023688663
mixed,mixed,1.5,all,2,1,2,0,0.0
mixed,mixed,1.5,all,2,2,0,1,1.0
mixed,mixed,1.5,all,2,2,1,0,0.0
mixed,mixed,1.5,all,2,2,2,0,0.0
mixed,mixed,1.5,all,3,0,0,1066,0.7614285714285715
mixed,mixed,1.5,all,3,0,1,334,0.23857142857142857
mixed,mixed,1.5,all,3,0,2,0,0.0
mixed,mixed,1.5,all,3,1,0,321,0.535
mixed,mixed,1.5,all,3,1,1,279,0.465
mixed,mixed,1.5,all,3,1,2,0,0.0
mixed,mixed,1.5,all,3,2,0,0,
mixed,mixed,1.5,all,3,2,1,0,
mixed,mixed,1.5,all,3,2,2,0,
mixed,mixed,1.5,all,4,0,0,1035,0.7462148521989906
mixed,mixed,1.5,all,4,0,1,352,0.25378514780100936
mixed,mixed,1.5,all,4,0,2,0,0.0
mixed,mixed,1.5,all,4,1,0,348,0.567699836867863
mixed,mixed,1.5,all,4,1,1,265,0.43230016313213704
mixed,mixed,1.5,all,4,1,2,0,0.0
mixed,mixed,1.5,all,4,2,0,0,
mixed,mixed,1.5,all,4,2,1,0,
mixed,mixed,1.5,all,4,2,2,0,
mixed,mixed,1.5,all,5,0,0,1035,0.7483731019522777
mixed,mixed,1.5,all,5,0,1,348,0.25162689804772237
mixed,mixed,1.5,all,5,0,2,0,0.0
mixed,mixed,1.5,all,5,1,0,344,0.5575364667747164
mixed,mixed,1.5,all,5,1,1,273,0.44246353322528365
mixed,mixed,1.5,all,5,1,2,0,0.0
mixed,mixed,1.5,all,5,2,0,0,
mixed,mixed,1.5,all,5,2,1,0,
mixed,mixed,1.5,all,5,2,2,0,
mixed,mixed,1.5,all,6,0,0,1002,0.7266134880348079
mixed,mixed,1.5,all,6,0,1,376,0.2726613488034808
mixed,mixed,1.5,all,6,0,2,1,0.0007251631617113851
mixed,mixed,1.5,all,6,1,0,335,0.5394524959742351
mixed,mixed,1.5,all,6,1,1,286,0.4605475040257649
mixed,mixed,1.5,all,6,1,2,0,0.0
mixed,mixed,1.5,all,6,2,0,0,
mixed,mixed,1.5,all,6,2,1,0,
mixed,mixed,1.5,all,6,2,2,0,
mixed,mixed,1.5,all,7,0,0,1005,0.7516828721017202
mixed,mixed,1.5,all,7,0,1,332,0.24831712789827973
mixed,mixed,1.5,all,7,0,2,0,0.0
mixed,mixed,1.5,all,7,1,0,336,0.5075528700906344
mixed,mixed,1.5,all,7,1,1,326,0.49244712990936557
mixed,mixed,1.5,all,7,1,2,0,0.0
mixed,mixed,1.5,all,7,2,0,0,0.0
mixed,mixed,1.5,all,7,2,1,1,1.0
mixed,mixed,1.5,all,7,2,2,0,0.0
mixed,mixed,1.5,all,8,0,0,986,0.7352721849366145
mixed,mixed,1.5,all,8,0,1,355,0.26472781506338555
mixed,mixed,1.5,all,8,0,2,0,0.0
mixed,mixed,1.5,all,8,1,0,359,0.5447647951441578
mixed,mixed,1.5,all,8,1,1,300,0.4552352048558422
mixed,mixed,1.5,all,8,1,2,0,0.0
mixed,mixed,1.5,all,8,2,0,0,
mixed,mixed,1.5,all,8,2,1,0,
mixed,mixed,1.5,all,8,2,2,0,
mixed,mixed,1.5,all,9,0,0,997,0.7412639405204461
mixed,mixed,1.5,all,9,0,1,348,0.2587360594795539
mixed,mixed,1.5,all,9,0,2,0,0.0
mixed,mixed,1.5,all,9,1,0,357,0.5450381679389313
mixed,mixed,1.5,all,9,1,1,298,0.4549618320610687
mixed,mixed,1.5,all,9,1,2,0,0.0
mixed,mixed,1.5,all,9,2,0,0,
mixed,mixed,1.5,all,9,2,1,0,
mixed,mixed,1.5,all,9,2,2,0,
mixed,mixed,1.5,all,10,0,0,1004,0.741506646971935
mixed,mixed,1.5,all,10,0,1,350,0.258493353028065
mixed,mixed,1.5,all,10,0,2,0,0.0
mixed,mixed,1.5,all,10,1,0,359,0.5557275541795665
mixed,mixed,1.5,all,10,1,1,287,0.44427244582043346
mixed,mixed,1.5,all,10,1,2,0,0.0
mixed,mixed,1.5,all,10,2,0,0,
mixed,mixed,1.5,all,10,2,1,0,
mixed,mixed,1.5,all,10,2,2,0,
mixed,mixed,1.5,all,11,0,0,993,0.7285399853264857
mixed,mixed,1.5,all,11,0,1,370,0.2714600146735143
mixed,mixed,1.5,all,11,0,2,0,0.0
mixed,mixed,1.5,all,11,1,0,333,0.5227629513343799
mixed,mixed,1.5,all,11,1,1,304,0.4772370486656201
mixed,mixed,1.5,all,11,1,2,0,0.0
mixed,mixed,1.5,all,11,2,0,0,
mixed,mixed,1.5,all,11,2,1,0,
mixed,mixed,1.5,all,11,2,2,0,
mixed,mixed,1.5,all,12,0,0,995,0.7503770739064857
mixed,mixed,1.5,all,12,0,1,331,0.24962292609351433
mixed,mixed,1.5,all,12,0,2,0,0.0
mixed,mixed,1.5,all,12,1,0,381,0.5652818991097923
mixed,mixed,1.5,all,12,1,1,293,0.43471810089020774
mixed,mixed,1.5,all,12,1,2,0,0.0
mixed,mixed,1.5,all,12,2,0,0,
mixed,mixed,1.5,all,12,2,1,0,
mixed,mixed,1.5,all,12,2,2,0,
mixed,mixed,1.5,all,13,0,0,1018,0.7398255813953488
mixed,mixed,1.5,all,13,0,1,357,0.25944767441860467
mixed,mixed,1.5,all,13,0,2,1,0.0007267441860465116
mixed,mixed,1.5,all,13,1,0,352,0.5641025641025641
mixed,mixed,1.5,all,13,1,1,272,0.4358974358974359
mixed,mixed,1.5,all,13,1,2,0,0.0
mixed,mixed,1.5,all,13,2,0,0,
mixed,mixed,1.5,all,13,2,1,0,
mixed,mixed,1.5,all,13,2,2,0,
mixed,mixed,1.5,all,14,0,0,997,0.7277372262773723
mixed,mixed,1.5,all,14,0,1,371,0.2708029197080292
mixed,mixed,1.5,all,14,0,2,2,0.00145985401459854
mixed,mixed,1.5,all,14,1,0,358,0.5691573926868044
mixed,mixed,1.5,all,14,1,1,271,0.43084260731319557
mixed,mixed,1.5,all,14,1,2,0,0.0
mixed,mixed,1.5,all,14,2,0,1,1.0
mixed,mixed,1.5,all,14,2,1,0,0.0
mixed,mixed,1.5,all,14,2,2,0,0.0
mixed,mixed,1.5,all,15,0,0,994,0.7330383480825958
mixed,mixed,1.5,all,15,0,1,362,0.2669616519174041
mixed,mixed,1.5,all,15,0,2,0,0.0
mixed,mixed,1.5,all,15,1,0,340,0.5295950155763239
mixed,mixed,1.5,all,15,1,1,302,0.470404984423676
mixed,mixed,1.5,all,15,1,2,0,0.0
mixed,mixed,1.5,all,15,2,0,2,1.0
mixed,mixed,1.5,all,15,2,1,0,0.0
mixed,mixed,1.5,all,15,2,2,0,0.0
mixed,mixed,1.5,all,16,0,0,985,0.7372754491017964
mixed,mixed,1.5,all,16,0,1,351,0.26272455089820357
mixed,mixed,1.5,all,16,0,2,0,0.0
mixed,mixed,1.5,all,16,1,0,375,0.5647590361445783
mixed,mixed,1.5,all,16,1,1,289,0.4352409638554217
mixed,mixed,1.5,all,16,1,2,0,0.0
mixed,mixed,1.5,all,16,2,0,0,
mixed,mixed,1.5,all,16,2,1,0,
mixed,mixed,1.5,all,16,2,2,0,
mixed,mixed,1.5,all,17,0,0,989,0.7272058823529411
mixed,mixed,1.5,all,17,0,1,371,0.2727941176470588
mixed,mixed,1.5,all,17,0,2,0,0.0
mixed,mixed,1.5,all,17,1,0,366,0.571875
mixed,mixed,1.5,all,17,1,1,274,0.428125
mixed,mixed,1.5,all,17,1,2,0,0.0
mixed,mixed,1.5,all,17,2,0,0,
mixed,mixed,1.5,all,17,2,1,0,
mixed,mixed,1.5,all,17,2,2,0,
mixed,mixed,1.5,all,18,0,0,987,0.7284132841328413
mixed,mixed,1.5,all,18,0,1,368,0.27158671586715866
mixed,mixed,1.5,all,18,0,2,0,0.0
mixed,mixed,1.5,all,18,1,0,370,0.5736434108527132
mixed,mixed,1.5,all,18,1,1,275,0.4263565891472868
mixed,mixed,1.5,all,18,1,2,0,0.0
mixed,mixed,1.5,all,18,2,0,0,
mixed,mixed,1.5,all,18,2,1,0,
mixed,mixed,1.5,all,18,2,2,0,
mixed,mixed,1.5,all,19,0,0,982,0.7236551215917465
mixed,mixed,1.5,all,19,0,1,375,0.2763448784082535
mixed,mixed,1.5,all,19,0,2,0,0.0
mixed,mixed,1.5,all,19,1,0,364,0.5660964230171073
mixed,mixed,1.5,all,19,1,1,279,0.43390357698289267
mixed,mixed,1.5,all,19,1,2,0,0.0
mixed,mixed,1.5,all,19,2,0,0,
mixed,mixed,1.5,all,19,2,1,0,
mixed,mixed,1.5,all,19,2,2,0,
mixed,mixed,1.5,all,20,0,0,969,0.7199108469539376
mixed,mixed,1.5,all,20,0,1,377,0.2800891530460624
mixed,mixed,1.5,all,20,0,2,0,0.0
mixed,mixed,1.5,all,20,1,0,389,0.5948012232415902
mixed,mixed,1.5,all,20,1,1,265,0.40519877675840976
mixed,mixed,1.5,all,20,1,2,0,0.0
mixed,mixed,1.5,all,20,2,0,0,
mixed,mixed,1.5,all,20,2,1,0,
mixed,mixed,1.5,all,20,2,2,0,
mixed,mixed,1.5,all,21,0,0,997,0.7341678939617083
mixed,mixed,1.5,all,21,0,1,360,0.2650957290132548
mixed,mixed,1.5,all,21,0,2,1,0.0007363770250368188
mixed,mixed,1.5,all,21,1,0,359,0.559190031152648
mixed,mixed,1.5,all,21,1,1,283,0.440809968847352
mixed,mixed,1.5,all,21,1,2,0,0.0
mixed,mixed,1.5,all,21,2,0,0,
mixed,mixed,1.5,all,21,2,1,0,
mixed,mixed,1.5,all,21,2,2,0,
mixed,mixed,1.5,all,22,0,0,1003,0.7396755162241888
mixed,mixed,1.5,all,22,0,1,353,0.2603244837758112
mixed,mixed,1.5,all,22,0,2,0,0.0
mixed,mixed,1.5,all,22,1,0,371,0.5769828926905132
mixed,mixed,1.5,all,22,1,1,272,0.4230171073094868
mixed,mixed,1.5,all,22,1,2,0,0.0
mixed,mixed,1.5,all,22,2,0,0,0.0
mixed,mixed,1.5,all,22,2,1,1,1.0
mixed,mixed,1.5,all,22,2,2,0,0.0
mixed,mixed,1.5,all,23,0,0,995,0.7241630276564774
mixed,mixed,1.5,all,23,0,1,379,0.27583697234352256
mixed,mixed,1.5,all,23,0,2,0,0.0
mixed,mixed,1.5,all,23,1,0,352,0.5623003194888179
mixed,mixed,1.5,all,23,1,1,274,0.43769968051118213
mixed,mixed,1.5,all,23,1,2,0,0.0
mixed,mixed,1.5,all,23,2,0,0,
mixed,mixed,1.5,all,23,2,1,0,
mixed,mixed,1.5,all,23,2,2,0,
mixed,mixed,1.5,all,0,0,0,23288,0.7388324873096447
mixed,mixed,1.5,all,0,0,1,8226,0.2609771573604061
mixed,mixed,1.5,all,0,0,2,6,0.00019035532994923857
mixed,mixed,1.5,all,0,1,0,8022,0.5542734747460789
mixed,mixed,1.5,all,0,1,1,6451,0.4457265252539211
mixed,mixed,1.5,all,0,1,2,0,0.0
mixed,mixed,1.5,all,0,2,0,4,0.5714285714285714
mixed,mixed,1.5,all,0,2,1,3,0.42857142857142855
mixed,mixed,1.5,all,0,2,2,0,0.0
mixed,mixed,1.5,both_own,1,0,0,475,1.0
mixed,mixed,1.5,both_own,1,0,1,0,0.0
mixed,mixed,1.5,both_own,1,0,2,0,0.0
mixed,mixed,1.5,both_own,1,1,0,2,1.0
mixed,mixed,1.5,both_own,1,1,1,0,0.0
mixed,mixed,1.5,both_own,1,1,2,0,0.0
mixed,mixed,1.5,both_own,1,2,0,0,
mixed,mixed,1.5,both_own,1,2,1,0,
mixed,mixed,1.5,both_own,1,2,2,0,
mixed,mixed,1.5,both_own,2,0,0,475,0.9958071278825996
mixed,mixed,1.5,both_own,2,0,1,2,0.0041928721174004195
mixed,mixed,1.5,both_own,2,0,2,0,0.0
mixed,mixed,1.5,both_own,2,1,0,0,
mixed,mixed,1.5,both_own,2,1,1,0,
mixed,mixed,1.5,both_own,2,1,2,0,
mixed,mixed,1.5,both_own,2,2,0,0,
mixed,mixed,1.5,both_own,2,2,1,0,
mixed,mixed,1.5,both_own,2,2,2,0,
mixed,mixed,1.5,both_own,3,0,0,471,0.991578947368421
mixed,mixed,1.5,both_own,3,0,1,4,0.008421052631578947
mixed,mixed,1.5,both_own,3,0,2,0,0.0
mixed,mixed,1.5,both_own,3,1,0,2,1.0
mixed,mixed,1.5,both_own,3,1,1,0,0.0
mixed,mixed,1.5,both_own,3,1,2,0,0.0
mixed,mixed,1.5,both_own,3,2,0,0,
mixed,mixed,1.5,both_own,3,2,1,0,
mixed,mixed,1.5,both_own,3,2,2,0,
mixed,mixed,1.5,both_own,4,0,0,470,0.9936575052854123
mixed,mixed,1.5,both_own,4,0,1,3,0.006342494714587738
mixed,mixed,1.5,both_own,4,0,2,0,0.0
mixed,mixed,1.5,both_own,4,1,0,4,1.0
mixed,mixed,1.5,both_own,4,1,1,0,0.0
mixed,mixed,1.5,both_own,4,1,2,0,0.0
mixed,mixed,1.5,both_own,4,2,0,0,
mixed,mixed,1.5,both_own,4,2,1,0,
mixed,mixed,1.5,both_own,4,2,2,0,
mixed,mixed,1.5,both_own,5,0,0,470,0.9915611814345991
mixed,mixed,1.5,both_own,5,0,1,4,0.008438818565400843
mixed,mixed,1.5,both_own,5,0,2,0,0.0
mixed,mixed,1.5,both_own,5,1,0,3,1.0
mixed,mixed,1.5,both_own,5,1,1,0,0.0
mixed,mixed,1.5,both_own,5,1,2,0,0.0
mixed,mixed,1.5,both_own,5,2,0,0,
mixed,mixed,1.5,both_own,5,2,1,0,
mixed,mixed,1.5,both_own,5,2,2,0,
mixed,mixed,1.5,both_own,6,0,0,469,0.9915433403805497
mixed,mixed,1.5,both_own,6,0,1,4,0.008456659619450317
mixed,mixed,1.5,both_own,6,0,2,0,0.0
mixed,mixed,1.5,both_own,6,1,0,4,1.0
mixed,mixed,1.5,both_own,6,1,1,0,0.0
mixed,mixed,1.5,both_own,6,1,2,0,0.0
mixed,mixed,1.5,both_own,6,2,0,0,
mixed,mixed,1.5,both_own,6,2,1,0,
mixed,mixed,1.5,both_own,6,2,2,0,
mixed,mixed,1.5,both_own,7,0,0,462,0.9767441860465116
mixed,mixed,1.5,both_own,7,0,1,11,0.023255813953488372
mixed,mixed,1.5,both_own,7,0,2,0,0.0
mixed,mixed,1.5,both_own,7,1,0,4,1.0
mixed,mixed,1.5,both_own,7,1,1,0,0.0
mixed,mixed,1.5,both_own,7,1,2,0,0.0
mixed,mixed,1.5,both_own,7,2,0,0,
mixed,mixed,1.5,both_own,7,2,1,0,
mixed,mixed,1.5,both_own,7,2,2,0,
mixed,mixed,1.5,both_own,8,0,0,456,0.9785407725321889
mixed,mixed,1.5,both_own,8,0,1,10,0.02145922746781116
mixed,mixed,1.5,both_own,8,0,2,0,0.0
mixed,mixed,1.5,both_own,8,1,0,11,1.0
mixed,mixed,1.5,both_own,8,1,1,0,0.0
mixed,mixed,1.5,both_own,8,1,2,0,0.0
mixed,mixed,1.5,both_own,8,2,0,0,
mixed,mixed,1.5,both_own,8,2,1,0,
mixed,mixed,1.5,both_own,8,2,2,0,
mixed,mixed,1.5,both_own,9,0,0,457,0.9785867237687366
mixed,mixed,1.5,both_own,9,0,1,10,0.021413276231263382
mixed,mixed,1.5,both_own,9,0,2,0,0.0
mixed,mixed,1.5,both_own,9,1,0,10,1.0
mixed,mixed,1.5,both_own,9,1,1,0,0.0
mixed,mixed,1.5,both_own,9,1,2,0,0.0
mixed,mixed,1.5,both_own,9,2,0,0,
mixed,mixed,1.5,both_own,9,2,1,0,
mixed,mixed,1.5,both_own,9,2,2,0,
mixed,mixed,1.5,both_own,10,0,0,452,0.9678800856531049
mixed,mixed,1.5,both_own,10,0,1,15,0.032119914346895075
mixed,mixed,1.5,both_own,10,0,2,0,0.0
mixed,mixed,1.5,both_own,10,1,0,10,1.0
mixed,mixed,1.5,both_own,10,1,1,0,0.0
mixed,mixed,1.5,both_own,10,1,2,0,0.0
mixed,mixed,1.5,both_own,10,2,0,0,
mixed,mixed,1.5,both_own,10,2,1,0,
mixed,mixed,1.5,both_own,10,2,2,0,
mixed,mixed,1.5,both_own,11,0,0,449,0.9718614718614719
mixed,mixed,1.5,both_own,11,0,1,13,0.02813852813852814
mixed,mixed,1.5,both_own,11,0,2,0,0.0
mixed,mixed,1.5,both_own,11,1,0,15,1.0
mixed,mixed,1.5,both_own,11,1,1,0,0.0
mixed,mixed,1.5,both_own,11,1,2,0,0.0
mixed,mixed,1.5,both_own,11,2,0,0,
mixed,mixed,1.5,both_own,11,2,1,0,
mixed,mixed,1.5,both_own,11,2,2,0,
mixed,mixed,1.5,both_own,12,0,0,454,0.978448275862069
mixed,mixed,1.5,both_own,12,0,1,10,0.021551724137931036
mixed,mixed,1.5,both_own,12,0,2,0,0.0
mixed,mixed,1.5,both_own,12,1,0,12,0.9230769230769231
mixed,mixed,1.5,both_own,12,1,1,1,0.07692307692307693
mixed,mixed,1.5,both_own,12,1,2,0,0.0
mixed,mixed,1.5,both_own,12,2,0,0,
mixed,mixed,1.5,both_own,12,2,1,0,
mixed,mixed,1.5,both_own,12,2,2,0,
mixed,mixed,1.5,both_own,13,0,0,453,0.9721030042918455
mixed,mixed,1.5,both_own,13,0,1,13,0.027896995708154508
mixed,mixed,1.5,both_own,13,0,2,0,0.0
mixed,mixed,1.5,both_own,13,1,0,11,1.0
mixed,mixed,1.5,both_own,13,1,1,0,0.0
mixed,mixed,1.5,both_own,13,1,2,0,0.0
mixed,mixed,1.5,both_own,13,2,0,0,
mixed,mixed,1.5,both_own,13,2,1,0,
mixed,mixed,1.5,both_own,13,2,2,0,
mixed,mixed,1.5,both_own,14,0,0,457,0.9849137931034483
mixed,mixed,1.5,both_own,14,0,1,7,0.015086206896551725
mixed,mixed,1.5,both_own,14,0,2,0,0.0
mixed,mixed,1.5,both_own,14,1,0,12,0.9230769230769231
mixed,mixed,1.5,both_own,14,1,1,1,0.07692307692307693
mixed,mixed,1.5,both_own,14,1,2,0,0.0
mixed,mixed,1.5,both_own,14,2,0,0,
mixed,mixed,1.5,both_own,14,2,1,0,
mixed,mixed,1.5,both_own,14,2,2,0,
mixed,mixed,1.5,both_own,15,0,0,452,0.9637526652452025
mixed,mixed,1.5,both_own,15,0,1,17,0.03624733475479744
mixed,mixed,1.5,both_own,15,0,2,0,0.0
mixed,mixed,1.5,both_own,15,1,0,8,1.0
mixed,mixed,1.5,both_own,15,1,1,0,0.0
mixed,mixed,1.5,both_own,15,1,2,0,0.0
mixed,mixed,1.5,both_own,15,2,0,0,
mixed,mixed,1.5,both_own,15,2,1,0,
mixed,mixed,1.5,both_own,15,2,2,0,
mixed,mixed,1.5,both_own,16,0,0,445,0.967391304347826
mixed,mixed,1.5,both_own,16,0,1,15,0.03260869565217391
mixed,mixed,1.5,both_own,16,0,2,0,0.0
mixed,mixed,1.5,both_own,16,1,0,14,0.8235294117647058
mixed,mixed,1.5,both_own,16,1,1,3,0.17647058823529413
mixed,mixed,1.5,both_own,16,1,2,0,0.0
mixed,mixed,1.5,both_own,16,2,0,0,
mixed,mixed,1.5,both_own,16,2,1,0,
mixed,mixed,1.5,both_own,16,2,2,0,
mixed,mixed,1.5,both_own,17,0,0,434,0.9455337690631809
mixed,mixed,1.5,both_own,17,0,1,25,0.054466230936819175
mixed,mixed,1.5,both_own,17,0,2,0,0.0
mixed,mixed,1.5,both_own,17,1,0,16,0.8888888888888888
mixed,mixed,1.5,both_own,17,1,1,2,0.1111111111111111
mixed,mixed,1.5,both_own,17,1,2,0,0.0
mixed,mixed,1.5,both_own,17,2,0,0,
mixed,mixed,1.5,both_own,17,2,1,0,
mixed,mixed,1.5,both_own,17,2,2,0,
mixed,mixed,1.5,both_own,18,0,0,432,0.96
mixed,mixed,1.5,both_own,18,0,1,18,0.04
mixed,mixed,1.5,both_own,18,0,2,0,0.0
mixed,mixed,1.5,both_own,18,1,0,27,1.0
mixed,mixed,1.5,both_own,18,1,1,0,0.0
mixed,mixed,1.5,both_own,18,1,2,0,0.0
mixed,mixed,1.5,both_own,18,2,0,0,
mixed,mixed,1.5,both_own,18,2,1,0,
mixed,mixed,1.5,both_own,18,2,2,0,
mixed,mixed,1.5,both_own,19,0,0,439,0.9564270152505446
mixed,mixed,1.5,both_own,19,0,1,20,0.04357298474945534
mixed,mixed,1.5,both_own,19,0,2,0,0.0
mixed,mixed,1.5,both_own,19,1,0,17,0.9444444444444444
mixed,mixed,1.5,both_own,19,1,1,1,0.05555555555555555
mixed,mixed,1.5,both_own,19,1,2,0,0.0
mixed,mixed,1.5,both_own,19,2,0,0,
mixed,mixed,1.5,both_own,19,2,1,0,
mixed,mixed,1.5,both_own,19,2,2,0,
mixed,mixed,1.5,both_own,20,0,0,436,0.956140350877193
mixed,mixed,1.5,both_own,20,0,1,20,0.043859649122807015
mixed,mixed,1.5,both_own,20,0,2,0,0.0
mixed,mixed,1.5,both_own,20,1,0,20,0.9523809523809523
mixed,mixed,1.5,both_own,20,1,1,1,0.047619047619047616
mixed,mixed,1.5,both_own,20,1,2,0,0.0
mixed,mixed,1.5,both_own,20,2,0,0,
mixed,mixed,1.5,both_own,20,2,1,0,
mixed,mixed,1.5,both_own,20,2,2,0,
mixed,mixed,1.5,both_own,21,0,0,439,0.9627192982456141
mixed,mixed,1.5,both_own,21,0,1,17,0.03728070175438596
mixed,mixed,1.5,both_own,21,0,2,0,0.0
mixed,mixed,1.5,both_own,21,1,0,19,0.9047619047619048
mixed,mixed,1.5,both_own,21,1,1,2,0.09523809523809523
mixed,mixed,1.5,both_own,21,1,2,0,0.0
mixed,mixed,1.5,both_own,21,2,0,0,
mixed,mixed,1.5,both_own,21,2,1,0,
mixed,mixed,1.5,both_own,21,2,2,0,
mixed,mixed,1.5,both_own,22,0,0,438,0.9563318777292577
mixed,mixed,1.5,both_own,22,0,1,20,0.043668122270742356
mixed,mixed,1.5,both_own,22,0,2,0,0.0
mixed,mixed,1.5,both_own,22,1,0,19,1.0
mixed,mixed,1.5,both_own,22,1,1,0,0.0
mixed,mixed,1.5,both_own,22,1,2,0,0.0
mixed,mixed,1.5,both_own,22,2,0,0,
mixed,mixed,1.5,both_own,22,2,1,0,
mixed,mixed,1.5,both_own,22,2,2,0,
mixed,mixed,1.5,both_own,23,0,0,437,0.9562363238512035
mixed,mixed,1.5,both_own,23,0,1,20,0.0437636761487965
mixed,mixed,1.5,both_own,23,0,2,0,0.0
mixed,mixed,1.5,both_own,23,1,0,20,1.0
mixed,mixed,1.5,both_own,23,1,1,0,0.0
mixed,mixed,1.5,both_own,23,1,2,0,0.0
mixed,mixed,1.5,both_own,23,2,0,0,
mixed,mixed,1.5,both_own,23,2,1,0,
mixed,mixed,1.5,both_own,23,2,2,0,
mixed,mixed,1.5,both_own,0,0,0,10422,0.9740186915887851
mixed,mixed,1.5,both_own,0,0,1,278,0.025981308411214953
mixed,mixed,1.5,both_own,0,0,2,0,0.0
mixed,mixed,1.5,both_own,0,1,0,260,0.959409594095941
mixed,mixed,1.5,both_own,0,1,1,11,0.04059040590405904
mixed,mixed,1.5,both_own,0,1,2,0,0.0
mixed,mixed,1.5,both_own,0,2,0,0,
mixed,mixed,1.5,both_own,0,2,1,0,
mixed,mixed,1.5,both_own,0,2,2,0,
