contrast,metric,delta,mc_lo,mc_hi,setting,tau,k,lam,rounds,rho,grid,split,n,sign
costlyxhonest-attenuatedxhonest,nonc_A,0.387375,0.36616466792855923,0.4085853320714408,tau0.1_k1_lam0.6_R12,0.1,1.0,0.6,12,0.75,main,all,2000,+
costlyxhonest-attenuatedxhonest,A_dbelief,0.12290734625350999,0.11648578824409064,0.12932890426292934,tau0.1_k1_lam0.6_R12,0.1,1.0,0.6,12,0.75,main,all,2000,+
costlyxhonest-attenuatedxhonest,A_hidden_shift,0.13026645469375012,0.12353850892294446,0.13699440046455577,tau0.1_k1_lam0.6_R12,0.1,1.0,0.6,12,0.75,main,all,2000,+
costlyxhonest-attenuatedxhonest,A_p_truth,0.06474098357911953,0.05654121005215778,0.07294075710608128,tau0.1_k1_lam0.6_R12,0.1,1.0,0.6,12,0.75,main,all,2000,+
costlyxhonest-attenuatedxhonest,B_pC_true,0.09818113181251242,0.08486978828776935,0.1114924753372555,tau0.1_k1_lam0.6_R12,0.1,1.0,0.6,12,0.75,main,all,2000,+
costlyxhonest-attenuatedxhonest,B_pW_true,-0.045174908642825834,-0.05266919752615918,-0.03768061975949249,tau0.1_k1_lam0.6_R12,0.1,1.0,0.6,12,0.75,main,all,2000,-
costlyxhonest-attenuatedxhonest,nonc_B,-0.02025,-0.028224393232322557,-0.012275606767677442,tau0.1_k1_lam0.6_R12,0.1,1.0,0.6,12,0.75,main,all,2000,-
costlyxhonest-attenuatedxhonest,U_final,0.354,0.3326671550810454,0.3753328449189546,tau0.1_k1_lam0.6_R12,0.1,1.0,0.6,12,0.75,main,all,2000,+
costlyxhonest-attenuatedxhonest,A_transp_err,0.033481549921559405,0.029049543078351753,0.037913556764767056,tau0.1_k1_lam0.6_R12,0.1,1.0,0.6,12,0.75,main,all,2000,+
costlyxhonest-attenuatedxhonest,B_p_truth,-0.006111900454378502,-0.011878057086775265,-0.0003457438219817378,tau0.1_k1_lam0.6_R12,0.1,1.0,0.6,12,0.75,main,all,2000,-
costlyxhonest-attenuatedxhonest,A_own0,0.0,0.0,0.0,tau0.1_k1_lam0.6_R12,0.1,1.0,0.6,12,0.75,main,all,2000,0
costlyxhonest-attenuatedxhonest,nonc_A,0.0030637254901960784,0.0015221662681689414,0.004605284712223216,tau0.1_k1_lam0.6_R12,0.1,1.0,0.6,12,0.75,main,A_own0,1224,+
costlyxhonest-attenuatedxhonest,A_dbelief,0.10234718430320734,0.09462517491245893,0.11006919369395575,tau0.1_k1_lam0.6_R12,0.1,1.0,0.6,12,0.75,main,A_own0,1224,+
costlyxhonest-attenuatedxhonest,A_hidden_shift,0.10258826891976262,0.0948465985479314,0.11032993929159385,tau0.1_k1_lam0.6_R12,0.1,1.0,0.6,12,0.75,main,A_own0,1224,+
costlyxhonest-attenuatedxhonest,A_p_truth,0.06624729568614196,0.05711154519106822,0.0753830461812157,tau0.1_k1_lam0.6_R12,0.1,1.0,0.6,12,0.75,main,A_own0,1224,+
costlyxhonest-attenuatedxhonest,B_pC_true,0.17950496149233836,0.16251109585549472,0.19649882712918199,tau0.1_k1_lam0.6_R12,0.1,1.0,0.6,12,0.75,main,A_own0,1224,+
costlyxhonest-attenuatedxhonest,B_pW_true,-0.0933607138707698,-0.10381903189144383,-0.08290239585009578,tau0.1_k1_lam0.6_R12,0.1,1.0,0.6,12,0.75,main,A_own0,1224,-
costlyxhonest-attenuatedxhonest,nonc_B,0.012867647058823529,0.005956925579716482,0.019778368537930576,tau0.1_k1_lam0.6_R12,0.1,1.0,0.6,12,0.75,main,A_own0,1224,+
costlyxhonest-attenuatedxhonest,U_final,0.015931372549019607,0.008891058208879282,0.02297168688915993,tau0.1_k1_lam0.6_R12,0.1,1.0,0.6,12,0.75,main,A_own0,1224,+
costlyxhonest-attenuatedxhonest,A_transp_err,-0.01959810698310193,-0.022847145224848424,-0.016349068741355437,tau0.1_k1_lam0.6_R12,0.1,1.0,0.6,12,0.75,main,A_own0,1224,-
costlyxhonest-attenuatedxhonest,B_p_truth,0.004063849598113784,-0.0006117776383528827,0.00873947683458045,tau0.1_k1_lam0.6_R12,0.1,1.0,0.6,12,0.75,main,A_own0,1224,0
costlyxhonest-attenuatedxhonest,A_own0,0.0,0.0,0.0,tau0.1_k1_lam0.6_R12,0.1,1.0,0.6,12,0.75,main,A_own0,1224,0
costlyxhonest-honestxhonest,nonc_A,0.460625,0.43927597484368286,0.48197402515631715,tau0.1_k1_lam0.6_R12,0.1,1.0,0.6,12,0.75,main,all,2000,+
costlyxhonest-honestxhonest,A_dbelief,0.044641663174688026,0.040532810217624275,0.04875051613175178,tau0.1_k1_lam0.6_R12,0.1,1.0,0.6,12,0.75,main,all,2000,+
costlyxhonest-honestxhonest,A_hidden_shift,0.10416999380124997,0.09691178342816091,0.11142820417433903,tau0.1_k1_lam0.6_R12,0.1,1.0,0.6,12,0.75,main,all,2000,+
costlyxhonest-honestxhonest,A_p_truth,0.009176080566306572,0.0032279186592113285,0.015124242473401817,tau0.1_k1_lam0.6_R12,0.1,1.0,0.6,12,0.75,main,all,2000,+
costlyxhonest-honestxhonest,B_pC_true,0.102499002490787,0.08958400687341714,0.11541399810815686,tau0.1_k1_lam0.6_R12,0.1,1.0,0.6,12,0.75,main,all,2000,+
costlyxhonest-honestxhonest,B_pW_true,-0.008447849925337588,-0.01319923496537833,-0.0036964648852968462,tau0.1_k1_lam0.6_R12,0.1,1.0,0.6,12,0.75,main,all,2000,-
costlyxhonest-honestxhonest,nonc_B,-0.02625,-0.032834582531456095,-0.019665417468543903,tau0.1_k1_lam0.6_R12,0.1,1.0,0.6,12,0.75,main,all,2000,-
costlyxhonest-honestxhonest,U_final,0.434625,0.4134158911305303,0.4558341088694697,tau0.1_k1_lam0.6_R12,0.1,1.0,0.6,12,0.75,main,all,2000,+
costlyxhonest-honestxhonest,A_transp_err,0.06033365615791175,0.056355149945214414,0.06431216237060909,tau0.1_k1_lam0.6_R12,0.1,1.0,0.6,12,0.75,main,all,2000,+
costlyxhonest-honestxhonest,B_p_truth,-0.011071097150880425,-0.015886753994065014,-0.006255440307695837,tau0.1_k1_lam0.6_R12,0.1,1.0,0.6,12,0.75,main,all,2000,-
costlyxhonest-honestxhonest,A_own0,0.0,0.0,0.0,tau0.1_k1_lam0.6_R12,0.1,1.0,0.6,12,0.75,main,all,2000,0
costlyxhonest-honestxhonest,nonc_A,0.1380718954248366,0.12021229605816385,0.15593149479150936,tau0.1_k1_lam0.6_R12,0.1,1.0,0.6,12,0.75,main,A_own0,1224,+
costlyxhonest-honestxhonest,A_dbelief,0.01597101643814693,0.013419660191363545,0.018522372684930313,tau0.1_k1_lam0.6_R12,0.1,1.0,0.6,12,0.75,main,A_own0,1224,+
costlyxhonest-honestxhonest,A_hidden_shift,0.07032854968977445,0.06113215740185313,0.07952494197769577,tau0.1_k1_lam0.6_R12,0.1,1.0,0.6,12,0.75,main,A_own0,1224,+
costlyxhonest-honestxhonest,A_p_truth,0.01115442756653947,0.008122471966013128,0.014186383167065811,tau0.1_k1_lam0.6_R12,0.1,1.0,0.6,12,0.75,main,A_own0,1224,+
costlyxhonest-honestxhonest,B_pC_true,0.18616186466045231,0.1688995259467952,0.20342420337410944,tau0.1_k1_lam0.6_R12,0.1,1.0,0.6,12,0.75,main,A_own0,1224,+
costlyxhonest-honestxhonest,B_pW_true,-0.03485987778053003,-0.04138319654650883,-0.028336559014551226,tau0.1_k1_lam0.6_R12,0.1,1.0,0.6,12,0.75,main,A_own0,1224,-
costlyxhonest-honestxhonest,nonc_B,-0.003472222222222222,-0.006594093003816449,-0.0003503514406279942,tau0.1_k1_lam0.6_R12,0.1,1.0,0.6,12,0.75,main,A_own0,1224,-
costlyxhonest-honestxhonest,U_final,0.13664215686274508,0.11868095097296966,0.1546033627525205,tau0.1_k1_lam0.6_R12,0.1,1.0,0.6,12,0.75,main,A_own0,1224,+
costlyxhonest-honestxhonest,A_transp_err,0.022641281820789113,0.019465789458424948,0.025816774183153278,tau0.1_k1_lam0.6_R12,0.1,1.0,0.6,12,0.75,main,A_own0,1224,+
costlyxhonest-honestxhonest,B_p_truth,0.0001680107346688444,-0.002171684877342134,0.002507706346679823,tau0.1_k1_lam0.6_R12,0.1,1.0,0.6,12,0.75,main,A_own0,1224,0
costlyxhonest-honestxhonest,A_own0,0.0,0.0,0.0,tau0.1_k1_lam0.6_R12,0.1,1.0,0.6,12,0.75,main,A_own0,1224,0
attenuatedxhonest-honestxhonest,nonc_A,0.07325,0.061144116977606466,0.08535588302239352,tau0.1_k1_lam0.6_R12,0.1,1.0,0.6,12,0.75,main,all,2000,+
attenuatedxhonest-honestxhonest,A_dbelief,-0.07826568307882197,-0.0825536603313533,-0.07397770582629062,tau0.1_k1_lam0.6_R12,0.1,1.0,0.6,12,0.75,main,all,2000,-
attenuatedxhonest-honestxhonest,A_hidden_shift,-0.026096460892500156,-0.029785628367582365,-0.022407293417417946,tau0.1_k1_lam0.6_R12,0.1,1.0,0.6,12,0.75,main,all,2000,-
attenuatedxhonest-honestxhonest,A_p_truth,-0.05556490301281295,-0.06062563008459058,-0.050504175941035324,tau0.1_k1_lam0.6_R12,0.1,1.0,0.6,12,0.75,main,all,2000,-
attenuatedxhonest-honestxhonest,B_pC_true,0.004317870678274573,-0.0011172402701444557,0.009752981626693602,tau0.1_k1_lam0.6_R12,0.1,1.0,0.6,12,0.75,main,all,2000,0
attenuatedxhonest-honestxhonest,B_pW_true,0.03672705871748824,0.030545308960126402,0.04290880847485008,tau0.1_k1_lam0.6_R12,0.1,1.0,0.6,12,0.75,main,all,2000,+
attenuatedxhonest-honestxhonest,nonc_B,-0.006,-0.010991363346223856,-0.0010086366537761446,tau0.1_k1_lam0.6_R12,0.1,1.0,0.6,12,0.75,main,all,2000,-
attenuatedxhonest-honestxhonest,U_final,0.080625,0.06949428703662536,0.09175571296337465,tau0.1_k1_lam0.6_R12,0.1,1.0,0.6,12,0.75,main,all,2000,+
attenuatedxhonest-honestxhonest,A_transp_err,0.026852106236352348,0.02325523375609994,0.030448978716604756,tau0.1_k1_lam0.6_R12,0.1,1.0,0.6,12,0.75,main,all,2000,+
attenuatedxhonest-honestxhonest,B_p_truth,-0.004959196696501923,-0.008276610312200313,-0.0016417830808035327,tau0.1_k1_lam0.6_R12,0.1,1.0,0.6,12,0.75,main,all,2000,-
attenuatedxhonest-honestxhonest,A_own0,0.0,0.0,0.0,tau0.1_k1_lam0.6_R12,0.1,1.0,0.6,12,0.75,main,all,2000,0
attenuatedxhonest-honestxhonest,nonc_A,0.13500816993464052,0.11738641626877563,0.1526299236005054,tau0.1_k1_lam0.6_R12,0.1,1.0,0.6,12,0.75,main,A_own0,1224,+
attenuatedxhonest-honestxhonest,A_dbelief,-0.08637616786506042,-0.09233968015055459,-0.08041265557956624,tau0.1_k1_lam0.6_R12,0.1,1.0,0.6,12,0.75,main,A_own0,1224,-
attenuatedxhonest-honestxhonest,A_hidden_shift,-0.03225971922998816,-0.03642873037272341,-0.02809070808725291,tau0.1_k1_lam0.6_R12,0.1,1.0,0.6,12,0.75,main,A_own0,1224,-
attenuatedxhonest-honestxhonest,A_p_truth,-0.05509286811960251,-0.062384371349563504,-0.04780136488964152,tau0.1_k1_lam0.6_R12,0.1,1.0,0.6,12,0.75,main,A_own0,1224,-
attenuatedxhonest-honestxhonest,B_pC_true,0.00665690316811393,0.0010662151818827603,0.012247591154345101,tau0.1_k1_lam0.6_R12,0.1,1.0,0.6,12,0.75,main,A_own0,1224,+
attenuatedxhonest-honestxhonest,B_pW_true,0.05850083609023976,0.04919894735493808,0.06780272482554144,tau0.1_k1_lam0.6_R12,0.1,1.0,0.6,12,0.75,main,A_own0,1224,+
attenuatedxhonest-honestxhonest,nonc_B,-0.016339869281045753,-0.023557271778850985,-0.00912246678324052,tau0.1_k1_lam0.6_R12,0.1,1.0,0.6,12,0.75,main,A_own0,1224,-
attenuatedxhonest-honestxhonest,U_final,0.12071078431372549,0.10365515886070864,0.13776640976674234,tau0.1_k1_lam0.6_R12,0.1,1.0,0.6,12,0.75,main,A_own0,1224,+
attenuatedxhonest-honestxhonest,A_transp_err,0.04223938880389104,0.03657423019368738,0.0479045474140947,tau0.1_k1_lam0.6_R12,0.1,1.0,0.6,12,0.75,main,A_own0,1224,+
attenuatedxhonest-honestxhonest,B_p_truth,-0.0038958388634449392,-0.00878075112810611,0.0009890734012162321,tau0.1_k1_lam0.6_R12,0.1,1.0,0.6,12,0.75,main,A_own0,1224,0
attenuatedxhonest-honestxhonest,A_own0,0.0,0.0,0.0,tau0.1_k1_lam0.6_R12,0.1,1.0,0.6,12,0.75,main,A_own0,1224,0
costlyxhonest-attenuatedxhonest,nonc_A,0.3875,0.3662898087913958,0.40871019120860425,tau0.1_k1_lam0.6_R24,0.1,1.0,0.6,24,0.75,main,all,2000,+
costlyxhonest-attenuatedxhonest,A_dbelief,0.14333426474921018,0.13557662198372708,0.15109190751469329,tau0.1_k1_lam0.6_R24,0.1,1.0,0.6,24,0.75,main,all,2000,+
costlyxhonest-attenuatedxhonest,A_hidden_shift,0.15037047912295884,0.14239934354508427,0.1583416147008334,tau0.1_k1_lam0.6_R24,0.1,1.0,0.6,24,0.75,main,all,2000,+
costlyxhonest-attenuatedxhonest,A_p_truth,0.08487614858215305,0.07531423180181523,0.09443806536249086,tau0.1_k1_lam0.6_R24,0.1,1.0,0.6,24,0.75,main,all,2000,+
costlyxhonest-attenuatedxhonest,B_pC_true,0.10752842632999537,0.09315812862890598,0.12189872403108477,tau0.1_k1_lam0.6_R24,0.1,1.0,0.6,24,0.75,main,all,2000,+
costlyxhonest-attenuatedxhonest,B_pW_true,-0.09925603305203506,-0.11191505012597423,-0.0865970159780959,tau0.1_k1_lam0.6_R24,0.1,1.0,0.6,24,0.75,main,all,2000,-
costlyxhonest-attenuatedxhonest,nonc_B,-0.025,-0.03367807608299507,-0.01632192391700493,tau0.1_k1_lam0.6_R24,0.1,1.0,0.6,24,0.75,main,all,2000,-
costlyxhonest-attenuatedxhonest,U_final,0.35225,0.3311698327170694,0.3733301672829306,tau0.1_k1_lam0.6_R24,0.1,1.0,0.6,24,0.75,main,all,2000,+
costlyxhonest-attenuatedxhonest,A_transp_err,0.03645775710351652,0.030453101949865224,0.04246241225716782,tau0.1_k1_lam0.6_R24,0.1,1.0,0.6,24,0.75,main,all,2000,+
costlyxhonest-attenuatedxhonest,B_p_truth,-0.0015289100832589146,-0.007752603356988344,0.004694783190470514,tau0.1_k1_lam0.6_R24,0.1,1.0,0.6,24,0.75,main,all,2000,0
costlyxhonest-attenuatedxhonest,A_own0,0.0,0.0,0.0,tau0.1_k1_lam0.6_R24,0.1,1.0,0.6,24,0.75,main,all,2000,0
costlyxhonest-attenuatedxhonest,nonc_A,0.0032679738562091504,0.0016765169171348107,0.00485943079528349,tau0.1_k1_lam0.6_R24,0.1,1.0,0.6,24,0.75,main,A_own0,1224,+
costlyxhonest-attenuatedxhonest,A_dbelief,0.127532173060476,0.11712186982589695,0.13794247629505507,tau0.1_k1_lam0.6_R24,0.1,1.0,0.6,24,0.75,main,A_own0,1224,+
costlyxhonest-attenuatedxhonest,A_hidden_shift,0.12766299952178414,0.1172351252733644,0.1380908737702039,tau0.1_k1_lam0.6_R24,0.1,1.0,0.6,24,0.75,main,A_own0,1224,+
costlyxhonest-attenuatedxhonest,A_p_truth,0.08812822295638043,0.07629316901078809,0.09996327690197276,tau0.1_k1_lam0.6_R24,0.1,1.0,0.6,24,0.75,main,A_own0,1224,+
costlyxhonest-attenuatedxhonest,B_pC_true,0.20205732958299896,0.18290690301022489,0.22120775615577304,tau0.1_k1_lam0.6_R24,0.1,1.0,0.6,24,0.75,main,A_own0,1224,+
costlyxhonest-attenuatedxhonest,B_pW_true,-0.17748365257371082,-0.19602110034079487,-0.15894620480662677,tau0.1_k1_lam0.6_R24,0.1,1.0,0.6,24,0.75,main,A_own0,1224,-
costlyxhonest-attenuatedxhonest,nonc_B,0.015931372549019607,0.009485723102448896,0.022377021995590315,tau0.1_k1_lam0.6_R24,0.1,1.0,0.6,24,0.75,main,A_own0,1224,+
costlyxhonest-attenuatedxhonest,U_final,0.0181781045751634,0.011615331129419086,0.024740878020907714,tau0.1_k1_lam0.6_R24,0.1,1.0,0.6,24,0.75,main,A_own0,1224,+
costlyxhonest-attenuatedxhonest,A_transp_err,-0.0371030305208568,-0.04252010824592505,-0.03168595279578854,tau0.1_k1_lam0.6_R24,0.1,1.0,0.6,24,0.75,main,A_own0,1224,-
costlyxhonest-attenuatedxhonest,B_p_truth,0.006922551108216661,0.001511320922008218,0.012333781294425104,tau0.1_k1_lam0.6_R24,0.1,1.0,0.6,24,0.75,main,A_own0,1224,+
costlyxhonest-attenuatedxhonest,A_own0,0.0,0.0,0.0,tau0.1_k1_lam0.6_R24,0.1,1.0,0.6,24,0.75,main,A_own0,1224,0
costlyxhonest-honestxhonest,nonc_A,0.46375,0.4423496112869758,0.4851503887130242,tau0.1_k1_lam0.6_R24,0.1,1.0,0.6,24,0.75,main,all,2000,+
costlyxhonest-honestxhonest,A_dbelief,0.06489244612742212,0.05976532128530515,0.07001957096953909,tau0.1_k1_lam0.6_R24,0.1,1.0,0.6,24,0.75,main,all,2000,+
costlyxhonest-honestxhonest,A_hidden_shift,0.12300808945633071,0.11425155571087817,0.13176462320178325,tau0.1_k1_lam0.6_R24,0.1,1.0,0.6,24,0.75,main,all,2000,+
costlyxhonest-honestxhonest,A_p_truth,0.026022282201524142,0.018963600286216034,0.03308096411683225,tau0.1_k1_lam0.6_R24,0.1,1.0,0.6,24,0.75,main,all,2000,+
costlyxhonest-honestxhonest,B_pC_true,0.10177705789969034,0.08792960281233358,0.1156245129870471,tau0.1_k1_lam0.6_R24,0.1,1.0,0.6,24,0.75,main,all,2000,+
costlyxhonest-honestxhonest,B_pW_true,-0.012157266552199033,-0.01778218074521516,-0.006532352359182908,tau0.1_k1_lam0.6_R24,0.1,1.0,0.6,24,0.75,main,all,2000,-
costlyxhonest-honestxhonest,nonc_B,-0.031875,-0.03943817810308666,-0.024311821896913343,tau0.1_k1_lam0.6_R24,0.1,1.0,0.6,24,0.75,main,all,2000,-
costlyxhonest-honestxhonest,U_final,0.431125,0.4099060339024583,0.4523439660975417,tau0.1_k1_lam0.6_R24,0.1,1.0,0.6,24,0.75,main,all,2000,+
costlyxhonest-honestxhonest,A_transp_err,0.07078153740506489,0.06638871543032485,0.07517435937980493,tau0.1_k1_lam0.6_R24,0.1,1.0,0.6,24,0.75,main,all,2000,+
costlyxhonest-honestxhonest,B_p_truth,-0.008489013453053314,-0.013587681806907677,-0.0033903450991989515,tau0.1_k1_lam0.6_R24,0.1,1.0,0.6,24,0.75,main,all,2000,-
costlyxhonest-honestxhonest,A_own0,0.0,0.0,0.0,tau0.1_k1_lam0.6_R24,0.1,1.0,0.6,24,0.75,main,all,2000,0
costlyxhonest-honestxhonest,nonc_A,0.14195261437908496,0.12374737605526774,0.16015785270290217,tau0.1_k1_lam0.6_R24,0.1,1.0,0.6,24,0.75,main,A_own0,1224,+
costlyxhonest-honestxhonest,A_dbelief,0.0403797057370317,0.03505847485117214,0.045700936622891264,tau0.1_k1_lam0.6_R24,0.1,1.0,0.6,24,0.75,main,A_own0,1224,+
costlyxhonest-honestxhonest,A_hidden_shift,0.09277473894692169,0.08084715064609273,0.10470232724775065,tau0.1_k1_lam0.6_R24,0.1,1.0,0.6,24,0.75,main,A_own0,1224,+
costlyxhonest-honestxhonest,A_p_truth,0.02866065619142564,0.022868018843669354,0.034453293539181924,tau0.1_k1_lam0.6_R24,0.1,1.0,0.6,24,0.75,main,A_own0,1224,+
costlyxhonest-honestxhonest,B_pC_true,0.19727130265649653,0.17834327571984482,0.21619932959314825,tau0.1_k1_lam0.6_R24,0.1,1.0,0.6,24,0.75,main,A_own0,1224,+
costlyxhonest-honestxhonest,B_pW_true,-0.04727106535237249,-0.055238344410373,-0.039303786294371985,tau0.1_k1_lam0.6_R24,0.1,1.0,0.6,24,0.75,main,A_own0,1224,-
costlyxhonest-honestxhonest,nonc_B,-0.003676470588235294,-0.007341238006349269,-1.1703170121319002e-05,tau0.1_k1_lam0.6_R24,0.1,1.0,0.6,24,0.75,main,A_own0,1224,-
costlyxhonest-honestxhonest,U_final,0.13827614379084968,0.12007012810919379,0.15648215947250557,tau0.1_k1_lam0.6_R24,0.1,1.0,0.6,24,0.75,main,A_own0,1224,+
costlyxhonest-honestxhonest,A_transp_err,0.01755999121463531,0.014820155184133607,0.02029982724513701,tau0.1_k1_lam0.6_R24,0.1,1.0,0.6,24,0.75,main,A_own0,1224,+
costlyxhonest-honestxhonest,B_p_truth,0.0006108487636283171,-0.001595774017082374,0.002817471544339008,tau0.1_k1_lam0.6_R24,0.1,1.0,0.6,24,0.75,main,A_own0,1224,0
costlyxhonest-honestxhonest,A_own0,0.0,0.0,0.0,tau0.1_k1_lam0.6_R24,0.1,1.0,0.6,24,0.75,main,A_own0,1224,0
attenuatedxhonest-honestxhonest,nonc_A,0.07625,0.06411525959435653,0.08838474040564347,tau0.1_k1_lam0.6_R24,0.1,1.0,0.6,24,0.75,main,all,2000,+
attenuatedxhonest-honestxhonest,A_dbelief,-0.07844181862178806,-0.08271663413098652,-0.0741670031125896,tau0.1_k1_lam0.6_R24,0.1,1.0,0.6,24,0.75,main,all,2000,-
attenuatedxhonest-honestxhonest,A_hidden_shift,-0.02736238966662811,-0.03125458124613468,-0.023470198087121544,tau0.1_k1_lam0.6_R24,0.1,1.0,0.6,24,0.75,main,all,2000,-
attenuatedxhonest-honestxhonest,A_p_truth,-0.058853866380628915,-0.0638209718495737,-0.05388676091168414,tau0.1_k1_lam0.6_R24,0.1,1.0,0.6,24,0.75,main,all,2000,-
attenuatedxhonest-honestxhonest,B_pC_true,-0.005751368430305029,-0.011902740129201502,0.00040000326859144456,tau0.1_k1_lam0.6_R24,0.1,1.0,0.6,24,0.75,main,all,2000,0
attenuatedxhonest-honestxhonest,B_pW_true,0.08709876649983604,0.07664922311559408,0.097548309884078,tau0.1_k1_lam0.6_R24,0.1,1.0,0.6,24,0.75,main,all,2000,+
attenuatedxhonest-honestxhonest,nonc_B,-0.006875,-0.01228573703159861,-0.0014642629684013886,tau0.1_k1_lam0.6_R24,0.1,1.0,0.6,24,0.75,main,all,2000,-
attenuatedxhonest-honestxhonest,U_final,0.078875,0.06758642462688594,0.09016357537311406,tau0.1_k1_lam0.6_R24,0.1,1.0,0.6,24,0.75,main,all,2000,+
attenuatedxhonest-honestxhonest,A_transp_err,0.034323780301548375,0.02969909237837435,0.0389484682247224,tau0.1_k1_lam0.6_R24,0.1,1.0,0.6,24,0.75,main,all,2000,+
attenuatedxhonest-honestxhonest,B_p_truth,-0.0069601033697943996,-0.010887962277090529,-0.0030322444624982696,tau0.1_k1_lam0.6_R24,0.1,1.0,0.6,24,0.75,main,all,2000,-
attenuatedxhonest-honestxhonest,A_own0,0.0,0.0,0.0,tau0.1_k1_lam0.6_R24,0.1,1.0,0.6,24,0.75,main,all,2000,0
attenuatedxhonest-honestxhonest,nonc_A,0.13868464052287582,0.12086244508394434,0.1565068359618073,tau0.1_k1_lam0.6_R24,0.1,1.0,0.6,24,0.75,main,A_own0,1224,+
attenuatedxhonest-honestxhonest,A_dbelief,-0.08715246732344431,-0.09314482907931704,-0.08116010556757158,tau0.1_k1_lam0.6_R24,0.1,1.0,0.6,24,0.75,main,A_own0,1224,-
attenuatedxhonest-honestxhonest,A_hidden_shift,-0.03488826057486245,-0.03969719409436012,-0.03007932705536477,tau0.1_k1_lam0.6_R24,0.1,1.0,0.6,24,0.75,main,A_own0,1224,-
attenuatedxhonest-honestxhonest,A_p_truth,-0.0594675667649548,-0.06667473645451753,-0.052260397075392075,tau0.1_k1_lam0.6_R24,0.1,1.0,0.6,24,0.75,main,A_own0,1224,-
attenuatedxhonest-honestxhonest,B_pC_true,-0.004786026926502437,-0.013089774537445049,0.003517720684440174,tau0.1_k1_lam0.6_R24,0.1,1.0,0.6,24,0.75,main,A_own0,1224,0
attenuatedxhonest-honestxhonest,B_pW_true,0.13021258722133833,0.11427226139564867,0.146152913047028,tau0.1_k1_lam0.6_R24,0.1,1.0,0.6,24,0.75,main,A_own0,1224,+
attenuatedxhonest-honestxhonest,nonc_B,-0.0196078431372549,-0.026997630519759345,-0.012218055754750459,tau0.1_k1_lam0.6_R24,0.1,1.0,0.6,24,0.75,main,A_own0,1224,-
attenuatedxhonest-honestxhonest,U_final,0.12009803921568628,0.10260651063272788,0.13758956779864467,tau0.1_k1_lam0.6_R24,0.1,1.0,0.6,24,0.75,main,A_own0,1224,+
attenuatedxhonest-honestxhonest,A_transp_err,0.054663021735492104,0.04741793141834103,0.061908112052643176,tau0.1_k1_lam0.6_R24,0.1,1.0,0.6,24,0.75,main,A_own0,1224,+
attenuatedxhonest-honestxhonest,B_p_truth,-0.006311702344588344,-0.012127332078559185,-0.000496072610617502,tau0.1_k1_lam0.6_R24,0.1,1.0,0.6,24,0.75,main,A_own0,1224,-
attenuatedxhonest-honestxhonest,A_own0,0.0,0.0,0.0,tau0.1_k1_lam0.6_R24,0.1,1.0,0.6,24,0.75,main,A_own0,1224,0
costlyxhonest-attenuatedxhonest,nonc_A,0.386125,0.3648878714558229,0.4073621285441771,tau0.1_k1_lam0.7_R12,0.1,1.0,0.7,12,0.75,main,all,2000,+
costlyxhonest-attenuatedxhonest,A_dbelief,0.13691141886675195,0.12959515109408062,0.14422768663942329,tau0.1_k1_lam0.7_R12,0.1,1.0,0.7,12,0.75,main,all,2000,+
costlyxhonest-attenuatedxhonest,A_hidden_shift,0.14312977048507539,0.13560379076630572,0.15065575020384506,tau0.1_k1_lam0.7_R12,0.1,1.0,0.7,12,0.75,main,all,2000,+
costlyxhonest-attenuatedxhonest,A_p_truth,0.08648564176325703,0.0776710637917639,0.09530021973475016,tau0.1_k1_lam0.7_R12,0.1,1.0,0.7,12,0.75,main,all,2000,+
costlyxhonest-attenuatedxhonest,B_pC_true,0.12500321180561233,0.11106902863064023,0.13893739498058444,tau0.1_k1_lam0.7_R12,0.1,1.0,0.7,12,0.75,main,all,2000,+
costlyxhonest-attenuatedxhonest,B_pW_true,-0.09492916650788405,-0.10588889356332776,-0.08396943945244034,tau0.1_k1_lam0.7_R12,0.1,1.0,0.7,12,0.75,main,all,2000,-
costlyxhonest-attenuatedxhonest,nonc_B,-0.01825,-0.026601312816730158,-0.009898687183269838,tau0.1_k1_lam0.7_R12,0.1,1.0,0.7,12,0.75,main,all,2000,-
costlyxhonest-attenuatedxhonest,U_final,0.36025,0.33882284509241334,0.3816771549075867,tau0.1_k1_lam0.7_R12,0.1,1.0,0.7,12,0.75,main,all,2000,+
costlyxhonest-attenuatedxhonest,A_transp_err,0.033253797853696775,0.027152455424113354,0.039355140283280195,tau0.1_k1_lam0.7_R12,0.1,1.0,0.7,12,0.75,main,all,2000,+
costlyxhonest-attenuatedxhonest,B_p_truth,-0.00043945808352177716,-0.006358650820718659,0.0054797346536751045,tau0.1_k1_lam0.7_R12,0.1,1.0,0.7,12,0.75,main,all,2000,0
costlyxhonest-attenuatedxhonest,A_own0,0.0,0.0,0.0,tau0.1_k1_lam0.7_R12,0.1,1.0,0.7,12,0.75,main,all,2000,0
costlyxhonest-attenuatedxhonest,nonc_A,0.0012254901960784314,9.481639420964188e-05,0.002356163997947221,tau0.1_k1_lam0.7_R12,0.1,1.0,0.7,12,0.75,main,A_own0,1224,+
costlyxhonest-attenuatedxhonest,A_dbelief,0.12461967633396927,0.11429690876652304,0.1349424439014155,tau0.1_k1_lam0.7_R12,0.1,1.0,0.7,12,0.75,main,A_own0,1224,+
costlyxhonest-attenuatedxhonest,A_hidden_shift,0.12468507970250059,0.11436117770299359,0.1350089817020076,tau0.1_k1_lam0.7_R12,0.1,1.0,0.7,12,0.75,main,A_own0,1224,+
costlyxhonest-attenuatedxhonest,A_p_truth,0.083856897454009,0.07224063339758757,0.09547316151043042,tau0.1_k1_lam0.7_R12,0.1,1.0,0.7,12,0.75,main,A_own0,1224,+
costlyxhonest-attenuatedxhonest,B_pC_true,0.2061604612341909,0.18787465237312573,0.22444627009525608,tau0.1_k1_lam0.7_R12,0.1,1.0,0.7,12,0.75,main,A_own0,1224,+
costlyxhonest-attenuatedxhonest,B_pW_true,-0.16817108721154736,-0.18366125490647972,-0.152680919516615,tau0.1_k1_lam0.7_R12,0.1,1.0,0.7,12,0.75,main,A_own0,1224,-
costlyxhonest-attenuatedxhonest,nonc_B,0.012867647058823529,0.004840262669173279,0.02089503144847378,tau0.1_k1_lam0.7_R12,0.1,1.0,0.7,12,0.75,main,A_own0,1224,+
costlyxhonest-attenuatedxhonest,U_final,0.013480392156862746,0.005426240089068677,0.021534544224656817,tau0.1_k1_lam0.7_R12,0.1,1.0,0.7,12,0.75,main,A_own0,1224,+
costlyxhonest-attenuatedxhonest,A_transp_err,-0.03921234843605501,-0.0448922130116626,-0.03353248386044742,tau0.1_k1_lam0.7_R12,0.1,1.0,0.7,12,0.75,main,A_own0,1224,-
costlyxhonest-attenuatedxhonest,B_p_truth,0.006249867587208122,0.0009908023261256923,0.011508932848290552,tau0.1_k1_lam0.7_R12,0.1,1.0,0.7,12,0.75,main,A_own0,1224,+
costlyxhonest-attenuatedxhonest,A_own0,0.0,0.0,0.0,tau0.1_k1_lam0.7_R12,0.1,1.0,0.7,12,0.75,main,A_own0,1224,0
costlyxhonest-honestxhonest,nonc_A,0.47575,0.45411901182620895,0.49738098817379106,tau0.1_k1_lam0.7_R12,0.1,1.0,0.7,12,0.75,main,all,2000,+
costlyxhonest-honestxhonest,A_dbelief,0.053476270602911186,0.049332517768919185,0.05762002343690319,tau0.1_k1_lam0.7_R12,0.1,1.0,0.7,12,0.75,main,all,2000,+
costlyxhonest-honestxhonest,A_hidden_shift,0.12003695892896224,0.11159834695113592,0.12847557090678857,tau0.1_k1_lam0.7_R12,0.1,1.0,0.7,12,0.75,main,all,2000,+
costlyxhonest-honestxhonest,A_p_truth,0.028916682790479122,0.023417575137668924,0.034415790443289324,tau0.1_k1_lam0.7_R12,0.1,1.0,0.7,12,0.75,main,all,2000,+
costlyxhonest-honestxhonest,B_pC_true,0.11565014071512068,0.10260355429044485,0.12869672713979652,tau0.1_k1_lam0.7_R12,0.1,1.0,0.7,12,0.75,main,all,2000,+
costlyxhonest-honestxhonest,B_pW_true,-0.007398242646263401,-0.01222670995909578,-0.0025697753334310213,tau0.1_k1_lam0.7_R12,0.1,1.0,0.7,12,0.75,main,all,2000,-
costlyxhonest-honestxhonest,nonc_B,-0.028375,-0.035558412252773515,-0.021191587747226487,tau0.1_k1_lam0.7_R12,0.1,1.0,0.7,12,0.75,main,all,2000,-
costlyxhonest-honestxhonest,U_final,0.446875,0.4249386792448771,0.46881132075512294,tau0.1_k1_lam0.7_R12,0.1,1.0,0.7,12,0.75,main,all,2000,+
costlyxhonest-honestxhonest,A_transp_err,0.06454997890753542,0.0599678743171611,0.06913208349790972,tau0.1_k1_lam0.7_R12,0.1,1.0,0.7,12,0.75,main,all,2000,+
costlyxhonest-honestxhonest,B_p_truth,-0.0066024685109962004,-0.011421014894705487,-0.0017839221272869148,tau0.1_k1_lam0.7_R12,0.1,1.0,0.7,12,0.75,main,all,2000,-
costlyxhonest-honestxhonest,A_own0,0.0,0.0,0.0,tau0.1_k1_lam0.7_R12,0.1,1.0,0.7,12,0.75,main,all,2000,0
costlyxhonest-honestxhonest,nonc_A,0.16319444444444445,0.14317220365253272,0.18321668523635617,tau0.1_k1_lam0.7_R12,0.1,1.0,0.7,12,0.75,main,A_own0,1224,+
costlyxhonest-honestxhonest,A_dbelief,0.0252912748109983,0.021191760627000466,0.02939078899499613,tau0.1_k1_lam0.7_R12,0.1,1.0,0.7,12,0.75,main,A_own0,1224,+
costlyxhonest-honestxhonest,A_hidden_shift,0.09780635448391407,0.08555945543699832,0.11005325353082983,tau0.1_k1_lam0.7_R12,0.1,1.0,0.7,12,0.75,main,A_own0,1224,+
costlyxhonest-honestxhonest,A_p_truth,0.02147887985923025,0.016998498902209443,0.025959260816251054,tau0.1_k1_lam0.7_R12,0.1,1.0,0.7,12,0.75,main,A_own0,1224,+
costlyxhonest-honestxhonest,B_pC_true,0.19773994981579912,0.1798522406267778,0.21562765900482045,tau0.1_k1_lam0.7_R12,0.1,1.0,0.7,12,0.75,main,A_own0,1224,+
costlyxhonest-honestxhonest,B_pW_true,-0.0287926757064896,-0.035135347768048025,-0.022450003644931174,tau0.1_k1_lam0.7_R12,0.1,1.0,0.7,12,0.75,main,A_own0,1224,-
costlyxhonest-honestxhonest,nonc_B,-0.015318627450980392,-0.022397282053398092,-0.00823997284856269,tau0.1_k1_lam0.7_R12,0.1,1.0,0.7,12,0.75,main,A_own0,1224,-
costlyxhonest-honestxhonest,U_final,0.1488970588235294,0.1284727686745752,0.16932134897248363,tau0.1_k1_lam0.7_R12,0.1,1.0,0.7,12,0.75,main,A_own0,1224,+
costlyxhonest-honestxhonest,A_transp_err,0.012789854177761809,0.009811444239442888,0.01576826411608073,tau0.1_k1_lam0.7_R12,0.1,1.0,0.7,12,0.75,main,A_own0,1224,+
costlyxhonest-honestxhonest,B_p_truth,0.002718782399762193,-0.0010973033804976152,0.006534868180022001,tau0.1_k1_lam0.7_R12,0.1,1.0,0.7,12,0.75,main,A_own0,1224,0
costlyxhonest-honestxhonest,A_own0,0.0,0.0,0.0,tau0.1_k1_lam0.7_R12,0.1,1.0,0.7,12,0.75,main,A_own0,1224,0
attenuatedxhonest-honestxhonest,nonc_A,0.089625,0.07609558569585487,0.10315441430414513,tau0.1_k1_lam0.7_R12,0.1,1.0,0.7,12,0.75,main,all,2000,+
attenuatedxhonest-honestxhonest,A_dbelief,-0.08343514826384076,-0.08850332815380105,-0.07836696837388046,tau0.1_k1_lam0.7_R12,0.1,1.0,0.7,12,0.75,main,all,2000,-
attenuatedxhonest-honestxhonest,A_hidden_shift,-0.02309281155611316,-0.026841367978151745,-0.019344255134074576,tau0.1_k1_lam0.7_R12,0.1,1.0,0.7,12,0.75,main,all,2000,-
attenuatedxhonest-honestxhonest,A_p_truth,-0.0575689589727779,-0.06332895378206865,-0.05180896416348716,tau0.1_k1_lam0.7_R12,0.1,1.0,0.7,12,0.75,main,all,2000,-
attenuatedxhonest-honestxhonest,B_pC_true,-0.009353071090491643,-0.015958196190408155,-0.0027479459905751296,tau0.1_k1_lam0.7_R12,0.1,1.0,0.7,12,0.75,main,all,2000,-
attenuatedxhonest-honestxhonest,B_pW_true,0.08753092386162063,0.07744025219188236,0.0976215955313589,tau0.1_k1_lam0.7_R12,0.1,1.0,0.7,12,0.75,main,all,2000,+
attenuatedxhonest-honestxhonest,nonc_B,-0.010125,-0.016852900512801527,-0.0033970994871984723,tau0.1_k1_lam0.7_R12,0.1,1.0,0.7,12,0.75,main,all,2000,-
attenuatedxhonest-honestxhonest,U_final,0.086625,0.07396010751572207,0.09928989248427791,tau0.1_k1_lam0.7_R12,0.1,1.0,0.7,12,0.75,main,all,2000,+
attenuatedxhonest-honestxhonest,A_transp_err,0.03129618105383864,0.026541931404262774,0.03605043070341451,tau0.1_k1_lam0.7_R12,0.1,1.0,0.7,12,0.75,main,all,2000,+
attenuatedxhonest-honestxhonest,B_p_truth,-0.006163010427474424,-0.010153531577532338,-0.0021724892774165104,tau0.1_k1_lam0.7_R12,0.1,1.0,0.7,12,0.75,main,all,2000,-
attenuatedxhonest-honestxhonest,A_own0,0.0,0.0,0.0,tau0.1_k1_lam0.7_R12,0.1,1.0,0.7,12,0.75,main,all,2000,0
attenuatedxhonest-honestxhonest,nonc_A,0.16196895424836602,0.1420519145685193,0.18188599392821275,tau0.1_k1_lam0.7_R12,0.1,1.0,0.7,12,0.75,main,A_own0,1224,+
attenuatedxhonest-honestxhonest,A_dbelief,-0.09932840152297097,-0.10664884754450522,-0.09200795550143671,tau0.1_k1_lam0.7_R12,0.1,1.0,0.7,12,0.75,main,A_own0,1224,-
attenuatedxhonest-honestxhonest,A_hidden_shift,-0.026878725218586516,-0.031069017502771346,-0.022688432934401686,tau0.1_k1_lam0.7_R12,0.1,1.0,0.7,12,0.75,main,A_own0,1224,-
attenuatedxhonest-honestxhonest,A_p_truth,-0.062378017594778734,-0.07095321316601641,-0.05380282202354106,tau0.1_k1_lam0.7_R12,0.1,1.0,0.7,12,0.75,main,A_own0,1224,-
attenuatedxhonest-honestxhonest,B_pC_true,-0.008420511418391752,-0.016034743385555765,-0.0008062794512277375,tau0.1_k1_lam0.7_R12,0.1,1.0,0.7,12,0.75,main,A_own0,1224,-
attenuatedxhonest-honestxhonest,B_pW_true,0.13937841150505778,0.12430260732305981,0.15445421568705575,tau0.1_k1_lam0.7_R12,0.1,1.0,0.7,12,0.75,main,A_own0,1224,+
attenuatedxhonest-honestxhonest,nonc_B,-0.028186274509803922,-0.037548171353696765,-0.01882437766591108,tau0.1_k1_lam0.7_R12,0.1,1.0,0.7,12,0.75,main,A_own0,1224,-
attenuatedxhonest-honestxhonest,U_final,0.13541666666666666,0.11565062795070545,0.15518270538262785,tau0.1_k1_lam0.7_R12,0.1,1.0,0.7,12,0.75,main,A_own0,1224,+
attenuatedxhonest-honestxhonest,A_transp_err,0.05200220261381682,0.04457670668581888,0.05942769854181476,tau0.1_k1_lam0.7_R12,0.1,1.0,0.7,12,0.75,main,A_own0,1224,+
attenuatedxhonest-honestxhonest,B_p_truth,-0.0035310851874459297,-0.009021938196895849,0.00195976782200399,tau0.1_k1_lam0.7_R12,0.1,1.0,0.7,12,0.75,main,A_own0,1224,0
attenuatedxhonest-honestxhonest,A_own0,0.0,0.0,0.0,tau0.1_k1_lam0.7_R12,0.1,1.0,0.7,12,0.75,main,A_own0,1224,0
costlyxhonest-attenuatedxhonest,nonc_A,0.386375,0.36521461608544864,0.4075353839145514,tau0.1_k1_lam0.7_R24,0.1,1.0,0.7,24,0.75,main,all,2000,+
costlyxhonest-attenuatedxhonest,A_dbelief,0.1427298429065858,0.13528739896081363,0.15017228685235798,tau0.1_k1_lam0.7_R24,0.1,1.0,0.7,24,0.75,main,all,2000,+
costlyxhonest-attenuatedxhonest,A_hidden_shift,0.14909446355625908,0.1414341919809315,0.15675473513158666,tau0.1_k1_lam0.7_R24,0.1,1.0,0.7,24,0.75,main,all,2000,+
costlyxhonest-attenuatedxhonest,A_p_truth,0.09166591103134451,0.08267984900658573,0.1006519730561033,tau0.1_k1_lam0.7_R24,0.1,1.0,0.7,24,0.75,main,all,2000,+
costlyxhonest-attenuatedxhonest,B_pC_true,0.13596304820152805,0.121190824268745,0.1507352721343111,tau0.1_k1_lam0.7_R24,0.1,1.0,0.7,24,0.75,main,all,2000,+
costlyxhonest-attenuatedxhonest,B_pW_true,-0.12499012650678408,-0.1383148967758184,-0.11166535623774977,tau0.1_k1_lam0.7_R24,0.1,1.0,0.7,24,0.75,main,all,2000,-
costlyxhonest-attenuatedxhonest,nonc_B,-0.023,-0.03204761440730271,-0.013952385592697288,tau0.1_k1_lam0.7_R24,0.1,1.0,0.7,24,0.75,main,all,2000,-
costlyxhonest-attenuatedxhonest,U_final,0.359875,0.3387617524620607,0.3809882475379393,tau0.1_k1_lam0.7_R24,0.1,1.0,0.7,24,0.75,main,all,2000,+
costlyxhonest-attenuatedxhonest,A_transp_err,0.0356672890815809,0.030209249627746012,0.041125328535415784,tau0.1_k1_lam0.7_R24,0.1,1.0,0.7,24,0.75,main,all,2000,+
costlyxhonest-attenuatedxhonest,B_p_truth,0.007507432380167542,0.0009840286863804625,0.014030836073954622,tau0.1_k1_lam0.7_R24,0.1,1.0,0.7,24,0.75,main,all,2000,+
costlyxhonest-attenuatedxhonest,A_own0,0.0,0.0,0.0,tau0.1_k1_lam0.7_R24,0.1,1.0,0.7,24,0.75,main,all,2000,0
costlyxhonest-attenuatedxhonest,nonc_A,0.003472222222222222,0.0018324650867132615,0.005111979357731182,tau0.1_k1_lam0.7_R24,0.1,1.0,0.7,24,0.75,main,A_own0,1224,+
costlyxhonest-attenuatedxhonest,A_dbelief,0.13102899134614593,0.12057790845247968,0.14148007423981218,tau0.1_k1_lam0.7_R24,0.1,1.0,0.7,24,0.75,main,A_own0,1224,+
costlyxhonest-attenuatedxhonest,A_hidden_shift,0.13132586969255777,0.12083854417747662,0.1418131952076389,tau0.1_k1_lam0.7_R24,0.1,1.0,0.7,24,0.75,main,A_own0,1224,+
costlyxhonest-attenuatedxhonest,A_p_truth,0.08660840420268763,0.07476414536150416,0.0984526630438711,tau0.1_k1_lam0.7_R24,0.1,1.0,0.7,24,0.75,main,A_own0,1224,+
costlyxhonest-attenuatedxhonest,B_pC_true,0.2246714064164224,0.20448476268883162,0.24485805014401316,tau0.1_k1_lam0.7_R24,0.1,1.0,0.7,24,0.75,main,A_own0,1224,+
costlyxhonest-attenuatedxhonest,B_pW_true,-0.21595261943945263,-0.23503336608062755,-0.1968718727982777,tau0.1_k1_lam0.7_R24,0.1,1.0,0.7,24,0.75,main,A_own0,1224,-
costlyxhonest-attenuatedxhonest,nonc_B,0.017565359477124183,0.01007332434137407,0.025057394612874297,tau0.1_k1_lam0.7_R24,0.1,1.0,0.7,24,0.75,main,A_own0,1224,+
costlyxhonest-attenuatedxhonest,U_final,0.02062908496732026,0.013065583305017812,0.02819258662962271,tau0.1_k1_lam0.7_R24,0.1,1.0,0.7,24,0.75,main,A_own0,1224,+
costlyxhonest-attenuatedxhonest,A_transp_err,-0.032674001582831076,-0.037468723057883534,-0.02787928010777862,tau0.1_k1_lam0.7_R24,0.1,1.0,0.7,24,0.75,main,A_own0,1224,-
costlyxhonest-attenuatedxhonest,B_p_truth,0.015204404615264837,0.008792449099196444,0.02161636013133323,tau0.1_k1_lam0.7_R24,0.1,1.0,0.7,24,0.75,main,A_own0,1224,+
costlyxhonest-attenuatedxhonest,A_own0,0.0,0.0,0.0,tau0.1_k1_lam0.7_R24,0.1,1.0,0.7,24,0.75,main,A_own0,1224,0
costlyxhonest-honestxhonest,nonc_A,0.47725,0.45558259465978707,0.49891740534021295,tau0.1_k1_lam0.7_R24,0.1,1.0,0.7,24,0.75,main,all,2000,+
costlyxhonest-honestxhonest,A_dbelief,0.057214263776256914,0.05277701741688296,0.06165151013563087,tau0.1_k1_lam0.7_R24,0.1,1.0,0.7,24,0.75,main,all,2000,+
costlyxhonest-honestxhonest,A_hidden_shift,0.12243491665274993,0.11383487818664607,0.1310349551188538,tau0.1_k1_lam0.7_R24,0.1,1.0,0.7,24,0.75,main,all,2000,+
costlyxhonest-honestxhonest,A_p_truth,0.03174597779307354,0.025933385615027005,0.03755856997112007,tau0.1_k1_lam0.7_R24,0.1,1.0,0.7,24,0.75,main,all,2000,+
costlyxhonest-honestxhonest,B_pC_true,0.09593875822202616,0.08325417268577097,0.10862334375828135,tau0.1_k1_lam0.7_R24,0.1,1.0,0.7,24,0.75,main,all,2000,+
costlyxhonest-honestxhonest,B_pW_true,-0.00884527709182169,-0.014271257109688098,-0.0034192970739552802,tau0.1_k1_lam0.7_R24,0.1,1.0,0.7,24,0.75,main,all,2000,-
costlyxhonest-honestxhonest,nonc_B,-0.027375,-0.03461580175757811,-0.020134198242421887,tau0.1_k1_lam0.7_R24,0.1,1.0,0.7,24,0.75,main,all,2000,-
costlyxhonest-honestxhonest,U_final,0.446875,0.42520863475617243,0.4685413652438276,tau0.1_k1_lam0.7_R24,0.1,1.0,0.7,24,0.75,main,all,2000,+
costlyxhonest-honestxhonest,A_transp_err,0.0786331643624078,0.0739531395797341,0.08331318914508151,tau0.1_k1_lam0.7_R24,0.1,1.0,0.7,24,0.75,main,all,2000,+
costlyxhonest-honestxhonest,B_p_truth,-0.00463294317570219,-0.009492031164771835,0.0002261448133674543,tau0.1_k1_lam0.7_R24,0.1,1.0,0.7,24,0.75,main,all,2000,0
costlyxhonest-honestxhonest,A_own0,0.0,0.0,0.0,tau0.1_k1_lam0.7_R24,0.1,1.0,0.7,24,0.75,main,all,2000,0
costlyxhonest-honestxhonest,nonc_A,0.16523692810457516,0.14503579501856326,0.18543806119058706,tau0.1_k1_lam0.7_R24,0.1,1.0,0.7,24,0.75,main,A_own0,1224,+
costlyxhonest-honestxhonest,A_dbelief,0.02787885194816425,0.02381344099600858,0.031944262900319924,tau0.1_k1_lam0.7_R24,0.1,1.0,0.7,24,0.75,main,A_own0,1224,+
costlyxhonest-honestxhonest,A_hidden_shift,0.098697057327522,0.08648563513153275,0.11090847952351125,tau0.1_k1_lam0.7_R24,0.1,1.0,0.7,24,0.75,main,A_own0,1224,+
costlyxhonest-honestxhonest,A_p_truth,0.021473177085565606,0.017111213545222315,0.025835140625908897,tau0.1_k1_lam0.7_R24,0.1,1.0,0.7,24,0.75,main,A_own0,1224,+
costlyxhonest-honestxhonest,B_pC_true,0.17898738418496862,0.16158423220972748,0.19639053616020977,tau0.1_k1_lam0.7_R24,0.1,1.0,0.7,24,0.75,main,A_own0,1224,+
costlyxhonest-honestxhonest,B_pW_true,-0.03545988003997373,-0.0430234937215035,-0.027896266358443965,tau0.1_k1_lam0.7_R24,0.1,1.0,0.7,24,0.75,main,A_own0,1224,-
costlyxhonest-honestxhonest,nonc_B,-0.004901960784313725,-0.009353163049109846,-0.00045075851951760504,tau0.1_k1_lam0.7_R24,0.1,1.0,0.7,24,0.75,main,A_own0,1224,-
costlyxhonest-honestxhonest,U_final,0.15625,0.13611016889668867,0.17638983110331133,tau0.1_k1_lam0.7_R24,0.1,1.0,0.7,24,0.75,main,A_own0,1224,+
costlyxhonest-honestxhonest,A_transp_err,0.036340872327281296,0.03107499298832898,0.04160675166623361,tau0.1_k1_lam0.7_R24,0.1,1.0,0.7,24,0.75,main,A_own0,1224,+
costlyxhonest-honestxhonest,B_p_truth,0.003376535480979713,0.0004943244220677505,0.0062587465398916756,tau0.1_k1_lam0.7_R24,0.1,1.0,0.7,24,0.75,main,A_own0,1224,+
costlyxhonest-honestxhonest,A_own0,0.0,0.0,0.0,tau0.1_k1_lam0.7_R24,0.1,1.0,0.7,24,0.75,main,A_own0,1224,0
attenuatedxhonest-honestxhonest,nonc_A,0.090875,0.07754507344887343,0.10420492655112656,tau0.1_k1_lam0.7_R24,0.1,1.0,0.7,24,0.75,main,all,2000,+
attenuatedxhonest-honestxhonest,A_dbelief,-0.08551557913032892,-0.09075222723236995,-0.0802789310282879,tau0.1_k1_lam0.7_R24,0.1,1.0,0.7,24,0.75,main,all,2000,-
attenuatedxhonest-honestxhonest,A_hidden_shift,-0.02665954690350913,-0.03112004163414301,-0.022199052172875253,tau0.1_k1_lam0.7_R24,0.1,1.0,0.7,24,0.75,main,all,2000,-
attenuatedxhonest-honestxhonest,A_p_truth,-0.059919933238270974,-0.06583360053498934,-0.05400626594155261,tau0.1_k1_lam0.7_R24,0.1,1.0,0.7,24,0.75,main,all,2000,-
attenuatedxhonest-honestxhonest,B_pC_true,-0.040024289979501866,-0.04842237304707705,-0.031626206911926684,tau0.1_k1_lam0.7_R24,0.1,1.0,0.7,24,0.75,main,all,2000,-
attenuatedxhonest-honestxhonest,B_pW_true,0.1161448494149624,0.10425280214399954,0.12803689668592527,tau0.1_k1_lam0.7_R24,0.1,1.0,0.7,24,0.75,main,all,2000,+
attenuatedxhonest-honestxhonest,nonc_B,-0.004375,-0.010997948090405368,0.002247948090405367,tau0.1_k1_lam0.7_R24,0.1,1.0,0.7,24,0.75,main,all,2000,0
attenuatedxhonest-honestxhonest,U_final,0.087,0.07486070240610945,0.09913929759389054,tau0.1_k1_lam0.7_R24,0.1,1.0,0.7,24,0.75,main,all,2000,+
attenuatedxhonest-honestxhonest,A_transp_err,0.04296587528082689,0.03725154459224852,0.04868020596940526,tau0.1_k1_lam0.7_R24,0.1,1.0,0.7,24,0.75,main,all,2000,+
attenuatedxhonest-honestxhonest,B_p_truth,-0.012140375555869732,-0.016762442913929976,-0.007518308197809489,tau0.1_k1_lam0.7_R24,0.1,1.0,0.7,24,0.75,main,all,2000,-
attenuatedxhonest-honestxhonest,A_own0,0.0,0.0,0.0,tau0.1_k1_lam0.7_R24,0.1,1.0,0.7,24,0.75,main,all,2000,0
attenuatedxhonest-honestxhonest,nonc_A,0.16176470588235295,0.14191100361835593,0.18161840814634997,tau0.1_k1_lam0.7_R24,0.1,1.0,0.7,24,0.75,main,A_own0,1224,+
attenuatedxhonest-honestxhonest,A_dbelief,-0.10315013939798166,-0.11073564861150906,-0.09556463018445427,tau0.1_k1_lam0.7_R24,0.1,1.0,0.7,24,0.75,main,A_own0,1224,-
attenuatedxhonest-honestxhonest,A_hidden_shift,-0.032628812365035786,-0.03833124856642116,-0.026926376163650415,tau0.1_k1_lam0.7_R24,0.1,1.0,0.7,24,0.75,main,A_own0,1224,-
attenuatedxhonest-honestxhonest,A_p_truth,-0.06513522711712202,-0.07400598368050808,-0.05626447055373597,tau0.1_k1_lam0.7_R24,0.1,1.0,0.7,24,0.75,main,A_own0,1224,-
attenuatedxhonest-honestxhonest,B_pC_true,-0.04568402223145379,-0.05763445773752081,-0.033733586725386774,tau0.1_k1_lam0.7_R24,0.1,1.0,0.7,24,0.75,main,A_own0,1224,-
attenuatedxhonest-honestxhonest,B_pW_true,0.18049273939947888,0.16275242233767143,0.19823305646128633,tau0.1_k1_lam0.7_R24,0.1,1.0,0.7,24,0.75,main,A_own0,1224,+
attenuatedxhonest-honestxhonest,nonc_B,-0.02246732026143791,-0.03085005832983983,-0.01408458219303599,tau0.1_k1_lam0.7_R24,0.1,1.0,0.7,24,0.75,main,A_own0,1224,-
attenuatedxhonest-honestxhonest,U_final,0.13562091503267973,0.11649863623891744,0.154743193826442,tau0.1_k1_lam0.7_R24,0.1,1.0,0.7,24,0.75,main,A_own0,1224,+
attenuatedxhonest-honestxhonest,A_transp_err,0.06901487391011236,0.06005705019445744,0.07797269762576729,tau0.1_k1_lam0.7_R24,0.1,1.0,0.7,24,0.75,main,A_own0,1224,+
attenuatedxhonest-honestxhonest,B_p_truth,-0.01182786913428512,-0.018271687185407975,-0.005384051083162264,tau0.1_k1_lam0.7_R24,0.1,1.0,0.7,24,0.75,main,A_own0,1224,-
attenuatedxhonest-honestxhonest,A_own0,0.0,0.0,0.0,tau0.1_k1_lam0.7_R24,0.1,1.0,0.7,24,0.75,main,A_own0,1224,0
costlyxhonest-attenuatedxhonest,nonc_A,0.38825,0.36711159074757843,0.40938840925242154,tau0.1_k1_lam0.85_R12,0.1,1.0,0.85,12,0.75,main,all,2000,+
costlyxhonest-attenuatedxhonest,A_dbelief,0.1456664536752316,0.13873767778219595,0.15259522956826724,tau0.1_k1_lam0.85_R12,0.1,1.0,0.85,12,0.75,main,all,2000,+
costlyxhonest-attenuatedxhonest,A_hidden_shift,0.1508720401167473,0.14377780257262582,0.15796627766086876,tau0.1_k1_lam0.85_R12,0.1,1.0,0.85,12,0.75,main,all,2000,+
costlyxhonest-attenuatedxhonest,A_p_truth,0.09040678356919508,0.08181540126040017,0.09899816587799,tau0.1_k1_lam0.85_R12,0.1,1.0,0.85,12,0.75,main,all,2000,+
costlyxhonest-attenuatedxhonest,B_pC_true,0.14415468267658776,0.12934575277946073,0.1589636125737148,tau0.1_k1_lam0.85_R12,0.1,1.0,0.85,12,0.75,main,all,2000,+
costlyxhonest-attenuatedxhonest,B_pW_true,-0.1749483505968291,-0.1902193600970829,-0.15967734109657528,tau0.1_k1_lam0.85_R12,0.1,1.0,0.85,12,0.75,main,all,2000,-
costlyxhonest-attenuatedxhonest,nonc_B,-0.01225,-0.020994251878832186,-0.003505748121167813,tau0.1_k1_lam0.85_R12,0.1,1.0,0.85,12,0.75,main,all,2000,-
costlyxhonest-attenuatedxhonest,U_final,0.372125,0.3508996158608748,0.39335038413912515,tau0.1_k1_lam0.85_R12,0.1,1.0,0.85,12,0.75,main,all,2000,+
costlyxhonest-attenuatedxhonest,A_transp_err,0.04347416278713614,0.03717388088621377,0.04977444468805851,tau0.1_k1_lam0.85_R12,0.1,1.0,0.85,12,0.75,main,all,2000,+
costlyxhonest-attenuatedxhonest,B_p_truth,0.010527803797147602,0.003917716186268338,0.017137891408026865,tau0.1_k1_lam0.85_R12,0.1,1.0,0.85,12,0.75,main,all,2000,+
costlyxhonest-attenuatedxhonest,A_own0,0.0,0.0,0.0,tau0.1_k1_lam0.85_R12,0.1,1.0,0.85,12,0.75,main,all,2000,0
costlyxhonest-attenuatedxhonest,nonc_A,0.006127450980392157,0.0038175998713993312,0.008437302089384983,tau0.1_k1_lam0.85_R12,0.1,1.0,0.85,12,0.75,main,A_own0,1224,+
costlyxhonest-attenuatedxhonest,A_dbelief,0.14366415947347835,0.13334740350443208,0.15398091544252462,tau0.1_k1_lam0.85_R12,0.1,1.0,0.85,12,0.75,main,A_own0,1224,+
costlyxhonest-attenuatedxhonest,A_hidden_shift,0.14432249278395864,0.13393001580013195,0.15471496976778534,tau0.1_k1_lam0.85_R12,0.1,1.0,0.85,12,0.75,main,A_own0,1224,+
costlyxhonest-attenuatedxhonest,A_p_truth,0.07450619137474977,0.06209490609323119,0.08691747665626835,tau0.1_k1_lam0.85_R12,0.1,1.0,0.85,12,0.75,main,A_own0,1224,+
costlyxhonest-attenuatedxhonest,B_pC_true,0.2114190256965559,0.19074702137412913,0.23209103001898268,tau0.1_k1_lam0.85_R12,0.1,1.0,0.85,12,0.75,main,A_own0,1224,+
costlyxhonest-attenuatedxhonest,B_pW_true,-0.3045421251436977,-0.3254127152136074,-0.28367153507378806,tau0.1_k1_lam0.85_R12,0.1,1.0,0.85,12,0.75,main,A_own0,1224,-
costlyxhonest-attenuatedxhonest,nonc_B,0.02062908496732026,0.011903669082983556,0.029354500851656966,tau0.1_k1_lam0.85_R12,0.1,1.0,0.85,12,0.75,main,A_own0,1224,+
costlyxhonest-attenuatedxhonest,U_final,0.024509803921568627,0.01603079352872204,0.032988814314415214,tau0.1_k1_lam0.85_R12,0.1,1.0,0.85,12,0.75,main,A_own0,1224,+
costlyxhonest-attenuatedxhonest,A_transp_err,-0.029340640448009398,-0.03531070017289496,-0.023370580723123834,tau0.1_k1_lam0.85_R12,0.1,1.0,0.85,12,0.75,main,A_own0,1224,-
costlyxhonest-attenuatedxhonest,B_p_truth,0.01956429744252543,0.01266004143324447,0.02646855345180639,tau0.1_k1_lam0.85_R12,0.1,1.0,0.85,12,0.75,main,A_own0,1224,+
costlyxhonest-attenuatedxhonest,A_own0,0.0,0.0,0.0,tau0.1_k1_lam0.85_R12,0.1,1.0,0.85,12,0.75,main,A_own0,1224,0
costlyxhonest-honestxhonest,nonc_A,0.479875,0.4582178502093182,0.5015321497906817,tau0.1_k1_lam0.85_R12,0.1,1.0,0.85,12,0.75,main,all,2000,+
costlyxhonest-honestxhonest,A_dbelief,0.05334350131822138,0.048525512587927075,0.05816149004851569,tau0.1_k1_lam0.85_R12,0.1,1.0,0.85,12,0.75,main,all,2000,+
costlyxhonest-honestxhonest,A_hidden_shift,0.1245389894428557,0.11591538008811825,0.13316259879759315,tau0.1_k1_lam0.85_R12,0.1,1.0,0.85,12,0.75,main,all,2000,+
costlyxhonest-honestxhonest,A_p_truth,0.036797654221972516,0.031106081376843345,0.04248922706710168,tau0.1_k1_lam0.85_R12,0.1,1.0,0.85,12,0.75,main,all,2000,+
costlyxhonest-honestxhonest,B_pC_true,0.1308911517845253,0.11705548971752147,0.1447268138515291,tau0.1_k1_lam0.85_R12,0.1,1.0,0.85,12,0.75,main,all,2000,+
costlyxhonest-honestxhonest,B_pW_true,0.004990140787584929,0.0009788453294015788,0.009001436245768279,tau0.1_k1_lam0.85_R12,0.1,1.0,0.85,12,0.75,main,all,2000,+
costlyxhonest-honestxhonest,nonc_B,-0.0145,-0.023014854853524416,-0.005985145146475586,tau0.1_k1_lam0.85_R12,0.1,1.0,0.85,12,0.75,main,all,2000,-
costlyxhonest-honestxhonest,U_final,0.461125,0.4392353354366759,0.4830146645633241,tau0.1_k1_lam0.85_R12,0.1,1.0,0.85,12,0.75,main,all,2000,+
costlyxhonest-honestxhonest,A_transp_err,0.08267295151108692,0.07689396578905255,0.08845193723312128,tau0.1_k1_lam0.85_R12,0.1,1.0,0.85,12,0.75,main,all,2000,+
costlyxhonest-honestxhonest,B_p_truth,0.0012787824354537505,-0.004208119976427575,0.0067656848473350755,tau0.1_k1_lam0.85_R12,0.1,1.0,0.85,12,0.75,main,all,2000,0
costlyxhonest-honestxhonest,A_own0,0.0,0.0,0.0,tau0.1_k1_lam0.85_R12,0.1,1.0,0.85,12,0.75,main,all,2000,0
costlyxhonest-honestxhonest,nonc_A,0.1721813725490196,0.1515710734698107,0.19279167162822852,tau0.1_k1_lam0.85_R12,0.1,1.0,0.85,12,0.75,main,A_own0,1224,+
costlyxhonest-honestxhonest,A_dbelief,0.025137500188102062,0.019395374634498763,0.03087962574170536,tau0.1_k1_lam0.85_R12,0.1,1.0,0.85,12,0.75,main,A_own0,1224,+
costlyxhonest-honestxhonest,A_hidden_shift,0.1140116451511139,0.10118319362416661,0.12684009667806118,tau0.1_k1_lam0.85_R12,0.1,1.0,0.85,12,0.75,main,A_own0,1224,+
costlyxhonest-honestxhonest,A_p_truth,0.014785271349458865,0.008153208431186436,0.021417334267731295,tau0.1_k1_lam0.85_R12,0.1,1.0,0.85,12,0.75,main,A_own0,1224,+
costlyxhonest-honestxhonest,B_pC_true,0.20265045356881561,0.18315493328812474,0.2221459738495065,tau0.1_k1_lam0.85_R12,0.1,1.0,0.85,12,0.75,main,A_own0,1224,+
costlyxhonest-honestxhonest,B_pW_true,0.004118687255289516,0.0001665857744971239,0.00807078873608191,tau0.1_k1_lam0.85_R12,0.1,1.0,0.85,12,0.75,main,A_own0,1224,+
costlyxhonest-honestxhonest,nonc_B,0.0,-0.010565663194571459,0.010565663194571459,tau0.1_k1_lam0.85_R12,0.1,1.0,0.85,12,0.75,main,A_own0,1224,0
costlyxhonest-honestxhonest,U_final,0.1664624183006536,0.14538302571125433,0.18754181089005284,tau0.1_k1_lam0.85_R12,0.1,1.0,0.85,12,0.75,main,A_own0,1224,+
costlyxhonest-honestxhonest,A_transp_err,0.03625889707872359,0.029857983943347332,0.04265981021409985,tau0.1_k1_lam0.85_R12,0.1,1.0,0.85,12,0.75,main,A_own0,1224,+
costlyxhonest-honestxhonest,B_p_truth,0.010741365490754396,0.004851494791502295,0.016631236190006497,tau0.1_k1_lam0.85_R12,0.1,1.0,0.85,12,0.75,main,A_own0,1224,+
costlyxhonest-honestxhonest,A_own0,0.0,0.0,0.0,tau0.1_k1_lam0.85_R12,0.1,1.0,0.85,12,0.75,main,A_own0,1224,0
attenuatedxhonest-honestxhonest,nonc_A,0.091625,0.077883298647346,0.105366701352654,tau0.1_k1_lam0.85_R12,0.1,1.0,0.85,12,0.75,main,all,2000,+
attenuatedxhonest-honestxhonest,A_dbelief,-0.09232295235701024,-0.0983713549900641,-0.08627454972395639,tau0.1_k1_lam0.85_R12,0.1,1.0,0.85,12,0.75,main,all,2000,-
attenuatedxhonest-honestxhonest,A_hidden_shift,-0.02633305067389157,-0.030824969468896724,-0.021841131878886418,tau0.1_k1_lam0.85_R12,0.1,1.0,0.85,12,0.75,main,all,2000,-
attenuatedxhonest-honestxhonest,A_p_truth,-0.053609129347222555,-0.06055619648048427,-0.04666206221396084,tau0.1_k1_lam0.85_R12,0.1,1.0,0.85,12,0.75,main,all,2000,-
attenuatedxhonest-honestxhonest,B_pC_true,-0.013263530892062513,-0.02282492486593888,-0.0037021369181861486,tau0.1_k1_lam0.85_R12,0.1,1.0,0.85,12,0.75,main,all,2000,-
attenuatedxhonest-honestxhonest,B_pW_true,0.17993849138441403,0.16413567563955583,0.19574130712927224,tau0.1_k1_lam0.85_R12,0.1,1.0,0.85,12,0.75,main,all,2000,+
attenuatedxhonest-honestxhonest,nonc_B,-0.00225,-0.00992099720043128,0.0054209972004312795,tau0.1_k1_lam0.85_R12,0.1,1.0,0.85,12,0.75,main,all,2000,0
attenuatedxhonest-honestxhonest,U_final,0.089,0.07643113245293325,0.10156886754706675,tau0.1_k1_lam0.85_R12,0.1,1.0,0.85,12,0.75,main,all,2000,+
attenuatedxhonest-honestxhonest,A_transp_err,0.0391987887239508,0.03348263359809307,0.04491494384980853,tau0.1_k1_lam0.85_R12,0.1,1.0,0.85,12,0.75,main,all,2000,+
attenuatedxhonest-honestxhonest,B_p_truth,-0.009249021361693852,-0.013794916452842693,-0.00470312627054501,tau0.1_k1_lam0.85_R12,0.1,1.0,0.85,12,0.75,main,all,2000,-
attenuatedxhonest-honestxhonest,A_own0,0.0,0.0,0.0,tau0.1_k1_lam0.85_R12,0.1,1.0,0.85,12,0.75,main,all,2000,0
attenuatedxhonest-honestxhonest,nonc_A,0.16605392156862744,0.14583414119707838,0.1862737019401765,tau0.1_k1_lam0.85_R12,0.1,1.0,0.85,12,0.75,main,A_own0,1224,+
attenuatedxhonest-honestxhonest,A_dbelief,-0.11852665928537628,-0.12719173557771815,-0.10986158299303443,tau0.1_k1_lam0.85_R12,0.1,1.0,0.85,12,0.75,main,A_own0,1224,-
attenuatedxhonest-honestxhonest,A_hidden_shift,-0.03031084763284473,-0.03571542576509273,-0.024906269500596732,tau0.1_k1_lam0.85_R12,0.1,1.0,0.85,12,0.75,main,A_own0,1224,-
attenuatedxhonest-honestxhonest,A_p_truth,-0.05972092002529089,-0.07021573577588464,-0.049226104274697154,tau0.1_k1_lam0.85_R12,0.1,1.0,0.85,12,0.75,main,A_own0,1224,-
attenuatedxhonest-honestxhonest,B_pC_true,-0.008768572127740291,-0.021792280303260574,0.004255136047779991,tau0.1_k1_lam0.85_R12,0.1,1.0,0.85,12,0.75,main,A_own0,1224,0
attenuatedxhonest-honestxhonest,B_pW_true,0.30866081239898724,0.28713401277155115,0.3301876120264233,tau0.1_k1_lam0.85_R12,0.1,1.0,0.85,12,0.75,main,A_own0,1224,+
attenuatedxhonest-honestxhonest,nonc_B,-0.02062908496732026,-0.030860544412458495,-0.010397625522182026,tau0.1_k1_lam0.85_R12,0.1,1.0,0.85,12,0.75,main,A_own0,1224,-
attenuatedxhonest-honestxhonest,U_final,0.14195261437908496,0.12220079450554644,0.16170443425262349,tau0.1_k1_lam0.85_R12,0.1,1.0,0.85,12,0.75,main,A_own0,1224,+
attenuatedxhonest-honestxhonest,A_transp_err,0.06559953752673299,0.05666045489858803,0.07453862015487796,tau0.1_k1_lam0.85_R12,0.1,1.0,0.85,12,0.75,main,A_own0,1224,+
attenuatedxhonest-honestxhonest,B_p_truth,-0.008822931951771038,-0.015215317199625168,-0.002430546703916908,tau0.1_k1_lam0.85_R12,0.1,1.0,0.85,12,0.75,main,A_own0,1224,-
attenuatedxhonest-honestxhonest,A_own0,0.0,0.0,0.0,tau0.1_k1_lam0.85_R12,0.1,1.0,0.85,12,0.75,main,A_own0,1224,0
costlyxhonest-attenuatedxhonest,nonc_A,0.39425,0.3732116046098973,0.4152883953901027,tau0.1_k1_lam0.85_R24,0.1,1.0,0.85,24,0.75,main,all,2000,+
costlyxhonest-attenuatedxhonest,A_dbelief,0.16721979687345914,0.15881542304459617,0.1756241707023221,tau0.1_k1_lam0.85_R24,0.1,1.0,0.85,24,0.75,main,all,2000,+
costlyxhonest-attenuatedxhonest,A_hidden_shift,0.17289642287809162,0.16429493679084717,0.18149790896533607,tau0.1_k1_lam0.85_R24,0.1,1.0,0.85,24,0.75,main,all,2000,+
costlyxhonest-attenuatedxhonest,A_p_truth,0.09853755149083532,0.08821703782590447,0.10885806515576617,tau0.1_k1_lam0.85_R24,0.1,1.0,0.85,24,0.75,main,all,2000,+
costlyxhonest-attenuatedxhonest,B_pC_true,0.13359414239025352,0.11855416037097019,0.14863412440953686,tau0.1_k1_lam0.85_R24,0.1,1.0,0.85,24,0.75,main,all,2000,+
costlyxhonest-attenuatedxhonest,B_pW_true,-0.17735983286089413,-0.19261550658754523,-0.16210415913424303,tau0.1_k1_lam0.85_R24,0.1,1.0,0.85,24,0.75,main,all,2000,-
costlyxhonest-attenuatedxhonest,nonc_B,0.033625,0.020922361730845107,0.0463276382691549,tau0.1_k1_lam0.85_R24,0.1,1.0,0.85,24,0.75,main,all,2000,+
costlyxhonest-attenuatedxhonest,U_final,0.420125,0.3987317831813347,0.4415182168186654,tau0.1_k1_lam0.85_R24,0.1,1.0,0.85,24,0.75,main,all,2000,+
costlyxhonest-attenuatedxhonest,A_transp_err,0.08456208242999194,0.07683831598043751,0.09228584887954637,tau0.1_k1_lam0.85_R24,0.1,1.0,0.85,24,0.75,main,all,2000,+
costlyxhonest-attenuatedxhonest,B_p_truth,0.020132410236353586,0.01142354353444564,0.02884127693826153,tau0.1_k1_lam0.85_R24,0.1,1.0,0.85,24,0.75,main,all,2000,+
costlyxhonest-attenuatedxhonest,A_own0,0.0,0.0,0.0,tau0.1_k1_lam0.85_R24,0.1,1.0,0.85,24,0.75,main,all,2000,0
costlyxhonest-attenuatedxhonest,nonc_A,0.015727124183006536,0.011523766850446412,0.01993048151556666,tau0.1_k1_lam0.85_R24,0.1,1.0,0.85,24,0.75,main,A_own0,1224,+
costlyxhonest-attenuatedxhonest,A_dbelief,0.17386985389942264,0.16102761471088362,0.18671209308796166,tau0.1_k1_lam0.85_R24,0.1,1.0,0.85,24,0.75,main,A_own0,1224,+
costlyxhonest-attenuatedxhonest,A_hidden_shift,0.17568271818880343,0.1626446399448133,0.18872079643279357,tau0.1_k1_lam0.85_R24,0.1,1.0,0.85,24,0.75,main,A_own0,1224,+
costlyxhonest-attenuatedxhonest,A_p_truth,0.08464236815226532,0.06921859537500126,0.10006614092952938,tau0.1_k1_lam0.85_R24,0.1,1.0,0.85,24,0.75,main,A_own0,1224,+
costlyxhonest-attenuatedxhonest,B_pC_true,0.19741457681703528,0.17616177416415807,0.2186673794699125,tau0.1_k1_lam0.85_R24,0.1,1.0,0.85,24,0.75,main,A_own0,1224,+
costlyxhonest-attenuatedxhonest,B_pW_true,-0.30113236868075616,-0.3221434669191917,-0.2801212704423206,tau0.1_k1_lam0.85_R24,0.1,1.0,0.85,24,0.75,main,A_own0,1224,-
costlyxhonest-attenuatedxhonest,nonc_B,0.09987745098039216,0.08351292142894276,0.11624198053184157,tau0.1_k1_lam0.85_R24,0.1,1.0,0.85,24,0.75,main,A_own0,1224,+
costlyxhonest-attenuatedxhonest,U_final,0.10804738562091504,0.0916596826292538,0.12443508861257628,tau0.1_k1_lam0.85_R24,0.1,1.0,0.85,24,0.75,main,A_own0,1224,+
costlyxhonest-attenuatedxhonest,A_transp_err,0.008301872886594203,0.0002249436166817942,0.01637880215650661,tau0.1_k1_lam0.85_R24,0.1,1.0,0.85,24,0.75,main,A_own0,1224,+
costlyxhonest-attenuatedxhonest,B_p_truth,0.03852293839947599,0.027245984367823474,0.0497998924311285,tau0.1_k1_lam0.85_R24,0.1,1.0,0.85,24,0.75,main,A_own0,1224,+
costlyxhonest-attenuatedxhonest,A_own0,0.0,0.0,0.0,tau0.1_k1_lam0.85_R24,0.1,1.0,0.85,24,0.75,main,A_own0,1224,0
costlyxhonest-honestxhonest,nonc_A,0.507,0.4852537536476934,0.5287462463523066,tau0.1_k1_lam0.85_R24,0.1,1.0,0.85,24,0.75,main,all,2000,+
costlyxhonest-honestxhonest,A_dbelief,0.07293610665633397,0.06706671293196567,0.07880550038070228,tau0.1_k1_lam0.85_R24,0.1,1.0,0.85,24,0.75,main,all,2000,+
costlyxhonest-honestxhonest,A_hidden_shift,0.15764857104895413,0.14705271794662872,0.16824442415127955,tau0.1_k1_lam0.85_R24,0.1,1.0,0.85,24,0.75,main,all,2000,+
costlyxhonest-honestxhonest,A_p_truth,0.04452087096983265,0.03774119866029051,0.051300543279374784,tau0.1_k1_lam0.85_R24,0.1,1.0,0.85,24,0.75,main,all,2000,+
costlyxhonest-honestxhonest,B_pC_true,0.11503644069332516,0.10142901142691495,0.12864386995973537,tau0.1_k1_lam0.85_R24,0.1,1.0,0.85,24,0.75,main,all,2000,+
costlyxhonest-honestxhonest,B_pW_true,0.009798204637764598,0.005502078874014128,0.014094330401515066,tau0.1_k1_lam0.85_R24,0.1,1.0,0.85,24,0.75,main,all,2000,+
costlyxhonest-honestxhonest,nonc_B,-0.0145,-0.023548278149390325,-0.005451721850609678,tau0.1_k1_lam0.85_R24,0.1,1.0,0.85,24,0.75,main,all,2000,-
costlyxhonest-honestxhonest,U_final,0.485875,0.46394151568367153,0.5078084843163285,tau0.1_k1_lam0.85_R24,0.1,1.0,0.85,24,0.75,main,all,2000,+
costlyxhonest-honestxhonest,A_transp_err,0.13584675959090609,0.12711544410199863,0.14457807507981355,tau0.1_k1_lam0.85_R24,0.1,1.0,0.85,24,0.75,main,all,2000,+
costlyxhonest-honestxhonest,B_p_truth,-0.00632203934651526,-0.01235548707506122,-0.00028859161796929936,tau0.1_k1_lam0.85_R24,0.1,1.0,0.85,24,0.75,main,all,2000,-
costlyxhonest-honestxhonest,A_own0,0.0,0.0,0.0,tau0.1_k1_lam0.85_R24,0.1,1.0,0.85,24,0.75,main,all,2000,0
costlyxhonest-honestxhonest,nonc_A,0.2128267973856209,0.19019665017075157,0.23545694460049024,tau0.1_k1_lam0.85_R24,0.1,1.0,0.85,24,0.75,main,A_own0,1224,+
costlyxhonest-honestxhonest,A_dbelief,0.0496342134217857,0.041795539733264636,0.057472887110306764,tau0.1_k1_lam0.85_R24,0.1,1.0,0.85,24,0.75,main,A_own0,1224,+
costlyxhonest-honestxhonest,A_hidden_shift,0.1607943912850744,0.14457274856036625,0.17701603400978252,tau0.1_k1_lam0.85_R24,0.1,1.0,0.85,24,0.75,main,A_own0,1224,+
costlyxhonest-honestxhonest,A_p_truth,0.022572329347801467,0.014011396356512386,0.03113326233909055,tau0.1_k1_lam0.85_R24,0.1,1.0,0.85,24,0.75,main,A_own0,1224,+
costlyxhonest-honestxhonest,B_pC_true,0.18655133162933335,0.16724514906949062,0.20585751418917608,tau0.1_k1_lam0.85_R24,0.1,1.0,0.85,24,0.75,main,A_own0,1224,+
costlyxhonest-honestxhonest,B_pW_true,0.00786410430304703,0.0031692284724747707,0.01255898013361929,tau0.1_k1_lam0.85_R24,0.1,1.0,0.85,24,0.75,main,A_own0,1224,+
costlyxhonest-honestxhonest,nonc_B,0.006944444444444444,-0.0036140477232780403,0.01750293661216693,tau0.1_k1_lam0.85_R24,0.1,1.0,0.85,24,0.75,main,A_own0,1224,0
costlyxhonest-honestxhonest,U_final,0.21180555555555555,0.18883251351519353,0.23477859759591757,tau0.1_k1_lam0.85_R24,0.1,1.0,0.85,24,0.75,main,A_own0,1224,+
costlyxhonest-honestxhonest,A_transp_err,0.09142372304242126,0.07952345382649946,0.10332399225834306,tau0.1_k1_lam0.85_R24,0.1,1.0,0.85,24,0.75,main,A_own0,1224,+
costlyxhonest-honestxhonest,B_p_truth,0.0026183162998038726,-0.0037044331429382463,0.008941065742545991,tau0.1_k1_lam0.85_R24,0.1,1.0,0.85,24,0.75,main,A_own0,1224,0
costlyxhonest-honestxhonest,A_own0,0.0,0.0,0.0,tau0.1_k1_lam0.85_R24,0.1,1.0,0.85,24,0.75,main,A_own0,1224,0
attenuatedxhonest-honestxhonest,nonc_A,0.11275,0.09821640365699767,0.12728359634300232,tau0.1_k1_lam0.85_R24,0.1,1.0,0.85,24,0.75,main,all,2000,+
attenuatedxhonest-honestxhonest,A_dbelief,-0.09428369021712518,-0.10081068735285532,-0.08775669308139504,tau0.1_k1_lam0.85_R24,0.1,1.0,0.85,24,0.75,main,all,2000,-
attenuatedxhonest-honestxhonest,A_hidden_shift,-0.01524785182913747,-0.019684720996809863,-0.010810982661465077,tau0.1_k1_lam0.85_R24,0.1,1.0,0.85,24,0.75,main,all,2000,-
attenuatedxhonest-honestxhonest,A_p_truth,-0.05401668052100267,-0.06141441531252691,-0.04661894572947843,tau0.1_k1_lam0.85_R24,0.1,1.0,0.85,24,0.75,main,all,2000,-
attenuatedxhonest-honestxhonest,B_pC_true,-0.018557701696928365,-0.029656764092477417,-0.007458639301379315,tau0.1_k1_lam0.85_R24,0.1,1.0,0.85,24,0.75,main,all,2000,-
attenuatedxhonest-honestxhonest,B_pW_true,0.18715803749865875,0.17132128871496355,0.20299478628235396,tau0.1_k1_lam0.85_R24,0.1,1.0,0.85,24,0.75,main,all,2000,+
attenuatedxhonest-honestxhonest,nonc_B,-0.048125,-0.059026474361715,-0.037223525638285,tau0.1_k1_lam0.85_R24,0.1,1.0,0.85,24,0.75,main,all,2000,-
attenuatedxhonest-honestxhonest,U_final,0.06575,0.054840886106884465,0.07665911389311554,tau0.1_k1_lam0.85_R24,0.1,1.0,0.85,24,0.75,main,all,2000,+
attenuatedxhonest-honestxhonest,A_transp_err,0.051284677160914144,0.043444216711436466,0.05912513761039182,tau0.1_k1_lam0.85_R24,0.1,1.0,0.85,24,0.75,main,all,2000,+
attenuatedxhonest-honestxhonest,B_p_truth,-0.026454449582868845,-0.033561475528005376,-0.019347423637732314,tau0.1_k1_lam0.85_R24,0.1,1.0,0.85,24,0.75,main,all,2000,-
attenuatedxhonest-honestxhonest,A_own0,0.0,0.0,0.0,tau0.1_k1_lam0.85_R24,0.1,1.0,0.85,24,0.75,main,all,2000,0
attenuatedxhonest-honestxhonest,nonc_A,0.19709967320261437,0.17559891166442304,0.2186004347408057,tau0.1_k1_lam0.85_R24,0.1,1.0,0.85,24,0.75,main,A_own0,1224,+
attenuatedxhonest-honestxhonest,A_dbelief,-0.12423564047763698,-0.13380407940153782,-0.11466720155373612,tau0.1_k1_lam0.85_R24,0.1,1.0,0.85,24,0.75,main,A_own0,1224,-
attenuatedxhonest-honestxhonest,A_hidden_shift,-0.014888326903729073,-0.020572698200668635,-0.00920395560678951,tau0.1_k1_lam0.85_R24,0.1,1.0,0.85,24,0.75,main,A_own0,1224,-
attenuatedxhonest-honestxhonest,A_p_truth,-0.062070038804463865,-0.073450807121923,-0.050689270487004716,tau0.1_k1_lam0.85_R24,0.1,1.0,0.85,24,0.75,main,A_own0,1224,-
attenuatedxhonest-honestxhonest,B_pC_true,-0.01086324518770192,-0.02664715230503521,0.004920661929631368,tau0.1_k1_lam0.85_R24,0.1,1.0,0.85,24,0.75,main,A_own0,1224,0
attenuatedxhonest-honestxhonest,B_pW_true,0.30899647298380317,0.28699711533860484,0.3309958306290015,tau0.1_k1_lam0.85_R24,0.1,1.0,0.85,24,0.75,main,A_own0,1224,+
attenuatedxhonest-honestxhonest,nonc_B,-0.09293300653594772,-0.10891183154449377,-0.07695418152740166,tau0.1_k1_lam0.85_R24,0.1,1.0,0.85,24,0.75,main,A_own0,1224,-
attenuatedxhonest-honestxhonest,U_final,0.10375816993464053,0.08643417693800169,0.12108216293127937,tau0.1_k1_lam0.85_R24,0.1,1.0,0.85,24,0.75,main,A_own0,1224,+
attenuatedxhonest-honestxhonest,A_transp_err,0.08312185015582703,0.07072320619313333,0.09552049411852073,tau0.1_k1_lam0.85_R24,0.1,1.0,0.85,24,0.75,main,A_own0,1224,+
attenuatedxhonest-honestxhonest,B_p_truth,-0.03590462209967211,-0.04685275300467382,-0.024956491194670395,tau0.1_k1_lam0.85_R24,0.1,1.0,0.85,24,0.75,main,A_own0,1224,-
attenuatedxhonest-honestxhonest,A_own0,0.0,0.0,0.0,tau0.1_k1_lam0.85_R24,0.1,1.0,0.85,24,0.75,main,A_own0,1224,0
costlyxhonest-attenuatedxhonest,nonc_A,0.385625,0.36436759427078014,0.40688240572921985,tau0.1_k2_lam0.6_R12,0.1,2.0,0.6,12,0.75,main,all,2000,+
costlyxhonest-attenuatedxhonest,A_dbelief,0.09585053256321967,0.09101704449006813,0.1006840206363712,tau0.1_k2_lam0.6_R12,0.1,2.0,0.6,12,0.75,main,all,2000,+
costlyxhonest-attenuatedxhonest,A_hidden_shift,0.10783580093454502,0.1026503397029523,0.11302126216613774,tau0.1_k2_lam0.6_R12,0.1,2.0,0.6,12,0.75,main,all,2000,+
costlyxhonest-attenuatedxhonest,A_p_truth,0.0730685909929196,0.06748627373664617,0.07865090824919302,tau0.1_k2_lam0.6_R12,0.1,2.0,0.6,12,0.75,main,all,2000,+
costlyxhonest-attenuatedxhonest,B_pC_true,0.041951765319429075,0.03468729673856963,0.04921623390028852,tau0.1_k2_lam0.6_R12,0.1,2.0,0.6,12,0.75,main,all,2000,+
costlyxhonest-attenuatedxhonest,B_pW_true,-0.07230116069613803,-0.08134458466393693,-0.06325773672833912,tau0.1_k2_lam0.6_R12,0.1,2.0,0.6,12,0.75,main,all,2000,-
costlyxhonest-attenuatedxhonest,nonc_B,-0.002125,-0.004863284223331076,0.0006132842233310754,tau0.1_k2_lam0.6_R12,0.1,2.0,0.6,12,0.75,main,all,2000,0
costlyxhonest-attenuatedxhonest,U_final,0.36375,0.34189972618059467,0.38560027381940537,tau0.1_k2_lam0.6_R12,0.1,2.0,0.6,12,0.75,main,all,2000,+
costlyxhonest-attenuatedxhonest,A_transp_err,0.014464750246643678,0.01247139920882737,0.016458101284459986,tau0.1_k2_lam0.6_R12,0.1,2.0,0.6,12,0.75,main,all,2000,+
costlyxhonest-attenuatedxhonest,B_p_truth,0.012401893973138683,0.00962069003603835,0.015183097910239016,tau0.1_k2_lam0.6_R12,0.1,2.0,0.6,12,0.75,main,all,2000,+
costlyxhonest-attenuatedxhonest,A_own0,0.0,0.0,0.0,tau0.1_k2_lam0.6_R12,0.1,2.0,0.6,12,0.75,main,all,2000,0
costlyxhonest-attenuatedxhonest,nonc_A,0.0,0.0,0.0,tau0.1_k2_lam0.6_R12,0.1,2.0,0.6,12,0.75,main,A_own0,1224,0
costlyxhonest-attenuatedxhonest,A_dbelief,0.09903924792349625,0.0920524394163224,0.10602605643067009,tau0.1_k2_lam0.6_R12,0.1,2.0,0.6,12,0.75,main,A_own0,1224,+
costlyxhonest-attenuatedxhonest,A_hidden_shift,0.09903924792349625,0.0920524394163224,0.10602605643067009,tau0.1_k2_lam0.6_R12,0.1,2.0,0.6,12,0.75,main,A_own0,1224,+
costlyxhonest-attenuatedxhonest,A_p_truth,0.06820373931406457,0.060073935319877765,0.07633354330825137,tau0.1_k2_lam0.6_R12,0.1,2.0,0.6,12,0.75,main,A_own0,1224,+
costlyxhonest-attenuatedxhonest,B_pC_true,0.060655892254214035,0.052334433332902525,0.06897735117552554,tau0.1_k2_lam0.6_R12,0.1,2.0,0.6,12,0.75,main,A_own0,1224,+
costlyxhonest-attenuatedxhonest,B_pW_true,-0.10723025423993866,-0.12101257452478274,-0.09344793395509458,tau0.1_k2_lam0.6_R12,0.1,2.0,0.6,12,0.75,main,A_own0,1224,-
costlyxhonest-attenuatedxhonest,nonc_B,0.0026552287581699347,-0.0003111573316300874,0.005621614847969957,tau0.1_k2_lam0.6_R12,0.1,2.0,0.6,12,0.75,main,A_own0,1224,0
costlyxhonest-attenuatedxhonest,U_final,0.003676470588235294,-0.00032312958918749406,0.007676070765658082,tau0.1_k2_lam0.6_R12,0.1,2.0,0.6,12,0.75,main,A_own0,1224,0
costlyxhonest-attenuatedxhonest,A_transp_err,-0.006289808268749376,-0.008432714057723893,-0.00414690247977486,tau0.1_k2_lam0.6_R12,0.1,2.0,0.6,12,0.75,main,A_own0,1224,-
costlyxhonest-attenuatedxhonest,B_p_truth,0.015353981327514993,0.011634613431894904,0.019073349223135083,tau0.1_k2_lam0.6_R12,0.1,2.0,0.6,12,0.75,main,A_own0,1224,+
costlyxhonest-attenuatedxhonest,A_own0,0.0,0.0,0.0,tau0.1_k2_lam0.6_R12,0.1,2.0,0.6,12,0.75,main,A_own0,1224,0
costlyxhonest-honestxhonest,nonc_A,0.445875,0.42470696030947436,0.4670430396905257,tau0.1_k2_lam0.6_R12,0.1,2.0,0.6,12,0.75,main,all,2000,+
costlyxhonest-honestxhonest,A_dbelief,0.012404285445944446,0.010653451803439955,0.014155119088448936,tau0.1_k2_lam0.6_R12,0.1,2.0,0.6,12,0.75,main,all,2000,+
costlyxhonest-honestxhonest,A_hidden_shift,0.08092589723758414,0.07511932455656475,0.08673246991860353,tau0.1_k2_lam0.6_R12,0.1,2.0,0.6,12,0.75,main,all,2000,+
costlyxhonest-honestxhonest,A_p_truth,0.010756835375606462,0.008915625713534815,0.01259804503767811,tau0.1_k2_lam0.6_R12,0.1,2.0,0.6,12,0.75,main,all,2000,+
costlyxhonest-honestxhonest,B_pC_true,0.04238078686317587,0.033308911838288616,0.05145266188806312,tau0.1_k2_lam0.6_R12,0.1,2.0,0.6,12,0.75,main,all,2000,+
costlyxhonest-honestxhonest,B_pW_true,-0.030516490249772238,-0.03659905733562686,-0.02443392316391762,tau0.1_k2_lam0.6_R12,0.1,2.0,0.6,12,0.75,main,all,2000,-
costlyxhonest-honestxhonest,nonc_B,-0.001375,-0.002864430323595039,0.000114430323595039,tau0.1_k2_lam0.6_R12,0.1,2.0,0.6,12,0.75,main,all,2000,0
costlyxhonest-honestxhonest,U_final,0.456625,0.43488930078884974,0.47836069921115026,tau0.1_k2_lam0.6_R12,0.1,2.0,0.6,12,0.75,main,all,2000,+
costlyxhonest-honestxhonest,A_transp_err,0.02427756526090753,0.02279722496081417,0.02575790556100089,tau0.1_k2_lam0.6_R12,0.1,2.0,0.6,12,0.75,main,all,2000,+
costlyxhonest-honestxhonest,B_p_truth,-0.000289346818176151,-0.001268067995771413,0.000689374359419111,tau0.1_k2_lam0.6_R12,0.1,2.0,0.6,12,0.75,main,all,2000,0
costlyxhonest-honestxhonest,A_own0,0.0,0.0,0.0,tau0.1_k2_lam0.6_R12,0.1,2.0,0.6,12,0.75,main,all,2000,0
costlyxhonest-honestxhonest,nonc_A,0.11315359477124183,0.0974308299767454,0.12887635956573826,tau0.1_k2_lam0.6_R12,0.1,2.0,0.6,12,0.75,main,A_own0,1224,+
costlyxhonest-honestxhonest,A_dbelief,0.018771911928768106,0.016009035410127166,0.021534788447409046,tau0.1_k2_lam0.6_R12,0.1,2.0,0.6,12,0.75,main,A_own0,1224,+
costlyxhonest-honestxhonest,A_hidden_shift,0.06512714858671832,0.056339012941750304,0.07391528423168633,tau0.1_k2_lam0.6_R12,0.1,2.0,0.6,12,0.75,main,A_own0,1224,+
costlyxhonest-honestxhonest,A_p_truth,0.01637958846009249,0.013452334631605523,0.019306842288579457,tau0.1_k2_lam0.6_R12,0.1,2.0,0.6,12,0.75,main,A_own0,1224,+
costlyxhonest-honestxhonest,B_pC_true,0.06570982206527913,0.05269659275260796,0.0787230513779503,tau0.1_k2_lam0.6_R12,0.1,2.0,0.6,12,0.75,main,A_own0,1224,+
costlyxhonest-honestxhonest,B_pW_true,-0.03822588043119713,-0.04795254621902129,-0.028499214643372968,tau0.1_k2_lam0.6_R12,0.1,2.0,0.6,12,0.75,main,A_own0,1224,-
costlyxhonest-honestxhonest,nonc_B,-0.001838235294117647,-0.004136569706250791,0.00046009911801549695,tau0.1_k2_lam0.6_R12,0.1,2.0,0.6,12,0.75,main,A_own0,1224,0
costlyxhonest-honestxhonest,U_final,0.1423611111111111,0.12322078048468542,0.16150144173753678,tau0.1_k2_lam0.6_R12,0.1,2.0,0.6,12,0.75,main,A_own0,1224,+
costlyxhonest-honestxhonest,A_transp_err,0.008688885511095177,0.0073619748770346926,0.01001579614515566,tau0.1_k2_lam0.6_R12,0.1,2.0,0.6,12,0.75,main,A_own0,1224,+
costlyxhonest-honestxhonest,B_p_truth,-0.0006785600529669686,-0.0021471558065251717,0.0007900357005912345,tau0.1_k2_lam0.6_R12,0.1,2.0,0.6,12,0.75,main,A_own0,1224,0
costlyxhonest-honestxhonest,A_own0,0.0,0.0,0.0,tau0.1_k2_lam0.6_R12,0.1,2.0,0.6,12,0.75,main,A_own0,1224,0
attenuatedxhonest-honestxhonest,nonc_A,0.06025,0.04942328836661859,0.0710767116333814,tau0.1_k2_lam0.6_R12,0.1,2.0,0.6,12,0.75,main,all,2000,+
attenuatedxhonest-honestxhonest,A_dbelief,-0.08344624711727522,-0.08725048434878208,-0.07964200988576836,tau0.1_k2_lam0.6_R12,0.1,2.0,0.6,12,0.75,main,all,2000,-
attenuatedxhonest-honestxhonest,A_hidden_shift,-0.026909903696960866,-0.03091519981035206,-0.022904607583569672,tau0.1_k2_lam0.6_R12,0.1,2.0,0.6,12,0.75,main,all,2000,-
attenuatedxhonest-honestxhonest,A_p_truth,-0.062311755617313135,-0.0668827197473887,-0.05774079148723757,tau0.1_k2_lam0.6_R12,0.1,2.0,0.6,12,0.75,main,all,2000,-
attenuatedxhonest-honestxhonest,B_pC_true,0.00042902154374679637,-0.005856667790718086,0.006714710878211679,tau0.1_k2_lam0.6_R12,0.1,2.0,0.6,12,0.75,main,all,2000,0
attenuatedxhonest-honestxhonest,B_pW_true,0.041784670446365774,0.033922727733375346,0.0496466131593562,tau0.1_k2_lam0.6_R12,0.1,2.0,0.6,12,0.75,main,all,2000,+
attenuatedxhonest-honestxhonest,nonc_B,0.00075,-0.0022909526873371956,0.003790952687337195,tau0.1_k2_lam0.6_R12,0.1,2.0,0.6,12,0.75,main,all,2000,0
attenuatedxhonest-honestxhonest,U_final,0.092875,0.08044922016975616,0.10530077983024384,tau0.1_k2_lam0.6_R12,0.1,2.0,0.6,12,0.75,main,all,2000,+
attenuatedxhonest-honestxhonest,A_transp_err,0.009812815014263855,0.007980144419966655,0.011645485608561055,tau0.1_k2_lam0.6_R12,0.1,2.0,0.6,12,0.75,main,all,2000,+
attenuatedxhonest-honestxhonest,B_p_truth,-0.012691240791314836,-0.0157536234094733,-0.009628858173156373,tau0.1_k2_lam0.6_R12,0.1,2.0,0.6,12,0.75,main,all,2000,-
attenuatedxhonest-honestxhonest,A_own0,0.0,0.0,0.0,tau0.1_k2_lam0.6_R12,0.1,2.0,0.6,12,0.75,main,all,2000,0
attenuatedxhonest-honestxhonest,nonc_A,0.11315359477124183,0.0974308299767454,0.12887635956573826,tau0.1_k2_lam0.6_R12,0.1,2.0,0.6,12,0.75,main,A_own0,1224,+
attenuatedxhonest-honestxhonest,A_dbelief,-0.08026733599472814,-0.08532142229220617,-0.07521324969725011,tau0.1_k2_lam0.6_R12,0.1,2.0,0.6,12,0.75,main,A_own0,1224,-
attenuatedxhonest-honestxhonest,A_hidden_shift,-0.03391209933677791,-0.038848376168843124,-0.0289758225047127,tau0.1_k2_lam0.6_R12,0.1,2.0,0.6,12,0.75,main,A_own0,1224,-
attenuatedxhonest-honestxhonest,A_p_truth,-0.05182415085397208,-0.05804384761657827,-0.04560445409136589,tau0.1_k2_lam0.6_R12,0.1,2.0,0.6,12,0.75,main,A_own0,1224,-
attenuatedxhonest-honestxhonest,B_pC_true,0.005053929811065099,-0.004253575506312359,0.014361435128442557,tau0.1_k2_lam0.6_R12,0.1,2.0,0.6,12,0.75,main,A_own0,1224,0
attenuatedxhonest-honestxhonest,B_pW_true,0.06900437380874153,0.05692559948904811,0.08108314812843495,tau0.1_k2_lam0.6_R12,0.1,2.0,0.6,12,0.75,main,A_own0,1224,+
attenuatedxhonest-honestxhonest,nonc_B,-0.004493464052287581,-0.00824194697415887,-0.0007449811304162932,tau0.1_k2_lam0.6_R12,0.1,2.0,0.6,12,0.75,main,A_own0,1224,-
attenuatedxhonest-honestxhonest,U_final,0.13868464052287582,0.11977940285723895,0.1575898781885127,tau0.1_k2_lam0.6_R12,0.1,2.0,0.6,12,0.75,main,A_own0,1224,+
attenuatedxhonest-honestxhonest,A_transp_err,0.014978693779844553,0.012069020302033228,0.017888367257655878,tau0.1_k2_lam0.6_R12,0.1,2.0,0.6,12,0.75,main,A_own0,1224,+
attenuatedxhonest-honestxhonest,B_p_truth,-0.01603254138048196,-0.02043682180447566,-0.011628260956488258,tau0.1_k2_lam0.6_R12,0.1,2.0,0.6,12,0.75,main,A_own0,1224,-
attenuatedxhonest-honestxhonest,A_own0,0.0,0.0,0.0,tau0.1_k2_lam0.6_R12,0.1,2.0,0.6,12,0.75,main,A_own0,1224,0
costlyxhonest-attenuatedxhonest,nonc_A,0.386375,0.36509292820758776,0.4076570717924123,tau0.1_k2_lam0.6_R24,0.1,2.0,0.6,24,0.75,main,all,2000,+
costlyxhonest-attenuatedxhonest,A_dbelief,0.10362320412680463,0.09805169927618973,0.10919470897741954,tau0.1_k2_lam0.6_R24,0.1,2.0,0.6,24,0.75,main,all,2000,+
costlyxhonest-attenuatedxhonest,A_hidden_shift,0.11419649814916434,0.10840708476535375,0.11998591153297493,tau0.1_k2_lam0.6_R24,0.1,2.0,0.6,24,0.75,main,all,2000,+
costlyxhonest-attenuatedxhonest,A_p_truth,0.07410017898002681,0.06764931952990538,0.08055103843014824,tau0.1_k2_lam0.6_R24,0.1,2.0,0.6,24,0.75,main,all,2000,+
costlyxhonest-attenuatedxhonest,B_pC_true,0.0740616140238004,0.06416087596268866,0.08396235208491215,tau0.1_k2_lam0.6_R24,0.1,2.0,0.6,24,0.75,main,all,2000,+
costlyxhonest-attenuatedxhonest,B_pW_true,-0.08790273717655263,-0.09968803070688079,-0.07611744364622447,tau0.1_k2_lam0.6_R24,0.1,2.0,0.6,24,0.75,main,all,2000,-
costlyxhonest-attenuatedxhonest,nonc_B,0.002125,-0.0036266642990185277,0.007876664299018527,tau0.1_k2_lam0.6_R24,0.1,2.0,0.6,24,0.75,main,all,2000,0
costlyxhonest-attenuatedxhonest,U_final,0.372375,0.35035793979756885,0.39439206020243117,tau0.1_k2_lam0.6_R24,0.1,2.0,0.6,24,0.75,main,all,2000,+
costlyxhonest-attenuatedxhonest,A_transp_err,0.01257470830868131,0.010135428110483702,0.015013988506878918,tau0.1_k2_lam0.6_R24,0.1,2.0,0.6,24,0.75,main,all,2000,+
costlyxhonest-attenuatedxhonest,B_p_truth,0.021866127023803642,0.0166761068278692,0.027056147219738085,tau0.1_k2_lam0.6_R24,0.1,2.0,0.6,24,0.75,main,all,2000,+
costlyxhonest-attenuatedxhonest,A_own0,0.0,0.0,0.0,tau0.1_k2_lam0.6_R24,0.1,2.0,0.6,24,0.75,main,all,2000,0
costlyxhonest-attenuatedxhonest,nonc_A,0.0008169934640522876,-0.0008815264457741402,0.0025155133738787154,tau0.1_k2_lam0.6_R24,0.1,2.0,0.6,24,0.75,main,A_own0,1224,0
costlyxhonest-attenuatedxhonest,A_dbelief,0.11062089671493155,0.10229209112964477,0.11894970230021834,tau0.1_k2_lam0.6_R24,0.1,2.0,0.6,24,0.75,main,A_own0,1224,+
costlyxhonest-attenuatedxhonest,A_hidden_shift,0.10849526999256219,0.10030403388778358,0.1166865060973408,tau0.1_k2_lam0.6_R24,0.1,2.0,0.6,24,0.75,main,A_own0,1224,+
costlyxhonest-attenuatedxhonest,A_p_truth,0.06892198414335075,0.05921679563393174,0.07862717265276976,tau0.1_k2_lam0.6_R24,0.1,2.0,0.6,24,0.75,main,A_own0,1224,+
costlyxhonest-attenuatedxhonest,B_pC_true,0.10160374320758726,0.08810318446013427,0.11510430195504026,tau0.1_k2_lam0.6_R24,0.1,2.0,0.6,24,0.75,main,A_own0,1224,+
costlyxhonest-attenuatedxhonest,B_pW_true,-0.13659478073314563,-0.15480471582901928,-0.11838484563727196,tau0.1_k2_lam0.6_R24,0.1,2.0,0.6,24,0.75,main,A_own0,1224,-
costlyxhonest-attenuatedxhonest,nonc_B,0.013480392156862746,0.005813942696778811,0.02114684161694668,tau0.1_k2_lam0.6_R24,0.1,2.0,0.6,24,0.75,main,A_own0,1224,+
costlyxhonest-attenuatedxhonest,U_final,0.011437908496732025,0.002240238723721413,0.02063557826974264,tau0.1_k2_lam0.6_R24,0.1,2.0,0.6,24,0.75,main,A_own0,1224,+
costlyxhonest-attenuatedxhonest,A_transp_err,-0.008939901377705693,-0.011592962964605255,-0.0062868397908061304,tau0.1_k2_lam0.6_R24,0.1,2.0,0.6,24,0.75,main,A_own0,1224,-
costlyxhonest-attenuatedxhonest,B_p_truth,0.028098150885241913,0.020576303477475716,0.03561999829300811,tau0.1_k2_lam0.6_R24,0.1,2.0,0.6,24,0.75,main,A_own0,1224,+
costlyxhonest-attenuatedxhonest,A_own0,0.0,0.0,0.0,tau0.1_k2_lam0.6_R24,0.1,2.0,0.6,24,0.75,main,A_own0,1224,0
costlyxhonest-honestxhonest,nonc_A,0.453875,0.4327642557035552,0.47498574429644475,tau0.1_k2_lam0.6_R24,0.1,2.0,0.6,24,0.75,main,all,2000,+
costlyxhonest-honestxhonest,A_dbelief,0.01672246949921408,0.014324843749469601,0.01912009524895856,tau0.1_k2_lam0.6_R24,0.1,2.0,0.6,24,0.75,main,all,2000,+
costlyxhonest-honestxhonest,A_hidden_shift,0.09059777380547208,0.08394906192393352,0.09724648568701065,tau0.1_k2_lam0.6_R24,0.1,2.0,0.6,24,0.75,main,all,2000,+
costlyxhonest-honestxhonest,A_p_truth,0.013990758141067313,0.01145657435157513,0.016524941930559495,tau0.1_k2_lam0.6_R24,0.1,2.0,0.6,24,0.75,main,all,2000,+
costlyxhonest-honestxhonest,B_pC_true,0.07652998838738517,0.06393092756593666,0.08912904920883369,tau0.1_k2_lam0.6_R24,0.1,2.0,0.6,24,0.75,main,all,2000,+
costlyxhonest-honestxhonest,B_pW_true,-0.01522612566953738,-0.020869545585255906,-0.009582705753818855,tau0.1_k2_lam0.6_R24,0.1,2.0,0.6,24,0.75,main,all,2000,-
costlyxhonest-honestxhonest,nonc_B,-0.001,-0.0024282678931444525,0.00042826789314445246,tau0.1_k2_lam0.6_R24,0.1,2.0,0.6,24,0.75,main,all,2000,0
costlyxhonest-honestxhonest,U_final,0.461625,0.43996530475545553,0.4832846952445445,tau0.1_k2_lam0.6_R24,0.1,2.0,0.6,24,0.75,main,all,2000,+
costlyxhonest-honestxhonest,A_transp_err,0.02699749815204313,0.025235550916514023,0.028759445387572236,tau0.1_k2_lam0.6_R24,0.1,2.0,0.6,24,0.75,main,all,2000,+
costlyxhonest-honestxhonest,B_p_truth,-0.0014587917627954291,-0.002719547009994012,-0.00019803651559684664,tau0.1_k2_lam0.6_R24,0.1,2.0,0.6,24,0.75,main,all,2000,-
costlyxhonest-honestxhonest,A_own0,0.0,0.0,0.0,tau0.1_k2_lam0.6_R24,0.1,2.0,0.6,24,0.75,main,all,2000,0
costlyxhonest-honestxhonest,nonc_A,0.12622549019607843,0.10991824679005782,0.14253273360209903,tau0.1_k2_lam0.6_R24,0.1,2.0,0.6,24,0.75,main,A_own0,1224,+
costlyxhonest-honestxhonest,A_dbelief,0.024686584531063874,0.02085993097606152,0.02851323808606623,tau0.1_k2_lam0.6_R24,0.1,2.0,0.6,24,0.75,main,A_own0,1224,+
costlyxhonest-honestxhonest,A_hidden_shift,0.0802044565149258,0.0699125330328644,0.0904963799969872,tau0.1_k2_lam0.6_R24,0.1,2.0,0.6,24,0.75,main,A_own0,1224,+
costlyxhonest-honestxhonest,A_p_truth,0.020543420350230667,0.01646911195825091,0.024617728742210424,tau0.1_k2_lam0.6_R24,0.1,2.0,0.6,24,0.75,main,A_own0,1224,+
costlyxhonest-honestxhonest,B_pC_true,0.12596021247117492,0.10650802040509764,0.1454124045372522,tau0.1_k2_lam0.6_R24,0.1,2.0,0.6,24,0.75,main,A_own0,1224,+
costlyxhonest-honestxhonest,B_pW_true,-0.0213355014869167,-0.030475116116405722,-0.01219588685742768,tau0.1_k2_lam0.6_R24,0.1,2.0,0.6,24,0.75,main,A_own0,1224,-
costlyxhonest-honestxhonest,nonc_B,-0.0016339869281045752,-0.0039674310198232685,0.0006994571636141182,tau0.1_k2_lam0.6_R24,0.1,2.0,0.6,24,0.75,main,A_own0,1224,0
costlyxhonest-honestxhonest,U_final,0.14910130718954248,0.12966772136502638,0.16853489301405858,tau0.1_k2_lam0.6_R24,0.1,2.0,0.6,24,0.75,main,A_own0,1224,+
costlyxhonest-honestxhonest,A_transp_err,0.012828358138337841,0.010907133363055892,0.01474958291361979,tau0.1_k2_lam0.6_R24,0.1,2.0,0.6,24,0.75,main,A_own0,1224,+
costlyxhonest-honestxhonest,B_p_truth,-0.00285503414640313,-0.004880916452001036,-0.000829151840805223,tau0.1_k2_lam0.6_R24,0.1,2.0,0.6,24,0.75,main,A_own0,1224,-
costlyxhonest-honestxhonest,A_own0,0.0,0.0,0.0,tau0.1_k2_lam0.6_R24,0.1,2.0,0.6,24,0.75,main,A_own0,1224,0
attenuatedxhonest-honestxhonest,nonc_A,0.0675,0.0562373080875593,0.07876269191244072,tau0.1_k2_lam0.6_R24,0.1,2.0,0.6,24,0.75,main,all,2000,+
attenuatedxhonest-honestxhonest,A_dbelief,-0.08690073462759057,-0.09139464967447479,-0.08240681958070635,tau0.1_k2_lam0.6_R24,0.1,2.0,0.6,24,0.75,main,all,2000,-
attenuatedxhonest-honestxhonest,A_hidden_shift,-0.02359872434369226,-0.02771665481680508,-0.01948079387057944,tau0.1_k2_lam0.6_R24,0.1,2.0,0.6,24,0.75,main,all,2000,-
attenuatedxhonest-honestxhonest,A_p_truth,-0.060109420838959496,-0.06542482784814382,-0.054794013829775175,tau0.1_k2_lam0.6_R24,0.1,2.0,0.6,24,0.75,main,all,2000,-
attenuatedxhonest-honestxhonest,B_pC_true,0.002468374363584787,-0.005498922982257172,0.010435671709426747,tau0.1_k2_lam0.6_R24,0.1,2.0,0.6,24,0.75,main,all,2000,0
attenuatedxhonest-honestxhonest,B_pW_true,0.07267661150701525,0.06161714746104406,0.08373607555298644,tau0.1_k2_lam0.6_R24,0.1,2.0,0.6,24,0.75,main,all,2000,+
attenuatedxhonest-honestxhonest,nonc_B,-0.003125,-0.00886533473840633,0.0026153347384063295,tau0.1_k2_lam0.6_R24,0.1,2.0,0.6,24,0.75,main,all,2000,0
attenuatedxhonest-honestxhonest,U_final,0.08925,0.07708769518638882,0.10141230481361117,tau0.1_k2_lam0.6_R24,0.1,2.0,0.6,24,0.75,main,all,2000,+
attenuatedxhonest-honestxhonest,A_transp_err,0.01442278984336182,0.012061849373866425,0.016783730312857213,tau0.1_k2_lam0.6_R24,0.1,2.0,0.6,24,0.75,main,all,2000,+
attenuatedxhonest-honestxhonest,B_p_truth,-0.023324918786599074,-0.02881176143021667,-0.01783807614298148,tau0.1_k2_lam0.6_R24,0.1,2.0,0.6,24,0.75,main,all,2000,-
attenuatedxhonest-honestxhonest,A_own0,0.0,0.0,0.0,tau0.1_k2_lam0.6_R24,0.1,2.0,0.6,24,0.75,main,all,2000,0
attenuatedxhonest-honestxhonest,nonc_A,0.12540849673202614,0.10913065826167039,0.1416863352023819,tau0.1_k2_lam0.6_R24,0.1,2.0,0.6,24,0.75,main,A_own0,1224,+
attenuatedxhonest-honestxhonest,A_dbelief,-0.0859343121838677,-0.09235281888320676,-0.07951580548452863,tau0.1_k2_lam0.6_R24,0.1,2.0,0.6,24,0.75,main,A_own0,1224,-
attenuatedxhonest-honestxhonest,A_hidden_shift,-0.02829081347763639,-0.033504139143911954,-0.023077487811360826,tau0.1_k2_lam0.6_R24,0.1,2.0,0.6,24,0.75,main,A_own0,1224,-
attenuatedxhonest-honestxhonest,A_p_truth,-0.04837856379312009,-0.056017177421426034,-0.040739950164814145,tau0.1_k2_lam0.6_R24,0.1,2.0,0.6,24,0.75,main,A_own0,1224,-
attenuatedxhonest-honestxhonest,B_pC_true,0.024356469263587654,0.01408714095391598,0.03462579757325933,tau0.1_k2_lam0.6_R24,0.1,2.0,0.6,24,0.75,main,A_own0,1224,+
attenuatedxhonest-honestxhonest,B_pW_true,0.11525927924622892,0.09803710284811791,0.1324814556443399,tau0.1_k2_lam0.6_R24,0.1,2.0,0.6,24,0.75,main,A_own0,1224,+
attenuatedxhonest-honestxhonest,nonc_B,-0.01511437908496732,-0.022750274428600104,-0.007478483741334536,tau0.1_k2_lam0.6_R24,0.1,2.0,0.6,24,0.75,main,A_own0,1224,-
attenuatedxhonest-honestxhonest,U_final,0.13766339869281047,0.1188409472024141,0.15648585018320682,tau0.1_k2_lam0.6_R24,0.1,2.0,0.6,24,0.75,main,A_own0,1224,+
attenuatedxhonest-honestxhonest,A_transp_err,0.021768259516043532,0.018185066067683067,0.025351452964403998,tau0.1_k2_lam0.6_R24,0.1,2.0,0.6,24,0.75,main,A_own0,1224,+
attenuatedxhonest-honestxhonest,B_p_truth,-0.030953185031645035,-0.039091884773467506,-0.022814485289822564,tau0.1_k2_lam0.6_R24,0.1,2.0,0.6,24,0.75,main,A_own0,1224,-
attenuatedxhonest-honestxhonest,A_own0,0.0,0.0,0.0,tau0.1_k2_lam0.6_R24,0.1,2.0,0.6,24,0.75,main,A_own0,1224,0
costlyxhonest-attenuatedxhonest,nonc_A,0.38575,0.3645096727119931,0.4069903272880069,tau0.1_k2_lam0.7_R12,0.1,2.0,0.7,12,0.75,main,all,2000,+
costlyxhonest-attenuatedxhonest,A_dbelief,0.10301050613073791,0.09750988703871004,0.10851112522276578,tau0.1_k2_lam0.7_R12,0.1,2.0,0.7,12,0.75,main,all,2000,+
costlyxhonest-attenuatedxhonest,A_hidden_shift,0.11428935503305353,0.10851388164316772,0.12006482842293933,tau0.1_k2_lam0.7_R12,0.1,2.0,0.7,12,0.75,main,all,2000,+
costlyxhonest-attenuatedxhonest,A_p_truth,0.07697649178147051,0.07071057070417636,0.08324241285876466,tau0.1_k2_lam0.7_R12,0.1,2.0,0.7,12,0.75,main,all,2000,+
costlyxhonest-attenuatedxhonest,B_pC_true,0.0783587483622327,0.0699227554190113,0.08679474130545409,tau0.1_k2_lam0.7_R12,0.1,2.0,0.7,12,0.75,main,all,2000,+
costlyxhonest-attenuatedxhonest,B_pW_true,-0.09184062697838913,-0.1033775754281357,-0.08030367852864255,tau0.1_k2_lam0.7_R12,0.1,2.0,0.7,12,0.75,main,all,2000,-
costlyxhonest-attenuatedxhonest,nonc_B,-0.003125,-0.007714177209612919,0.0014641772096129187,tau0.1_k2_lam0.7_R12,0.1,2.0,0.7,12,0.75,main,all,2000,0
costlyxhonest-attenuatedxhonest,U_final,0.371375,0.3498101934873632,0.3929398065126368,tau0.1_k2_lam0.7_R12,0.1,2.0,0.7,12,0.75,main,all,2000,+
costlyxhonest-attenuatedxhonest,A_transp_err,0.014816722947552706,0.0124963565812717,0.01713708931383371,tau0.1_k2_lam0.7_R12,0.1,2.0,0.7,12,0.75,main,all,2000,+
costlyxhonest-attenuatedxhonest,B_p_truth,0.02006594534587919,0.01569681539231915,0.024435075299439234,tau0.1_k2_lam0.7_R12,0.1,2.0,0.7,12,0.75,main,all,2000,+
costlyxhonest-attenuatedxhonest,A_own0,0.0,0.0,0.0,tau0.1_k2_lam0.7_R12,0.1,2.0,0.7,12,0.75,main,all,2000,0
costlyxhonest-attenuatedxhonest,nonc_A,0.0006127450980392157,-8.007406736851872e-05,0.00130556426344695,tau0.1_k2_lam0.7_R12,0.1,2.0,0.7,12,0.75,main,A_own0,1224,0
costlyxhonest-attenuatedxhonest,A_dbelief,0.10962359941404129,0.101491118380546,0.11775608044753658,tau0.1_k2_lam0.7_R12,0.1,2.0,0.7,12,0.75,main,A_own0,1224,+
costlyxhonest-attenuatedxhonest,A_hidden_shift,0.10978308099884374,0.10163018529784568,0.1179359766998418,tau0.1_k2_lam0.7_R12,0.1,2.0,0.7,12,0.75,main,A_own0,1224,+
costlyxhonest-attenuatedxhonest,A_p_truth,0.0736170820622959,0.06429710517578634,0.08293705894880547,tau0.1_k2_lam0.7_R12,0.1,2.0,0.7,12,0.75,main,A_own0,1224,+
costlyxhonest-attenuatedxhonest,B_pC_true,0.0868102872032668,0.07505330294977422,0.09856727145675939,tau0.1_k2_lam0.7_R12,0.1,2.0,0.7,12,0.75,main,A_own0,1224,+
costlyxhonest-attenuatedxhonest,B_pW_true,-0.1482786137624733,-0.16608851138921446,-0.13046871613573216,tau0.1_k2_lam0.7_R12,0.1,2.0,0.7,12,0.75,main,A_own0,1224,-
costlyxhonest-attenuatedxhonest,nonc_B,0.007352941176470588,0.002498224392905939,0.012207657960035237,tau0.1_k2_lam0.7_R12,0.1,2.0,0.7,12,0.75,main,A_own0,1224,+
costlyxhonest-attenuatedxhonest,U_final,0.008169934640522876,0.002876596247310176,0.013463273033735576,tau0.1_k2_lam0.7_R12,0.1,2.0,0.7,12,0.75,main,A_own0,1224,+
costlyxhonest-attenuatedxhonest,A_transp_err,-0.010366642753490165,-0.012785760940604603,-0.007947524566375727,tau0.1_k2_lam0.7_R12,0.1,2.0,0.7,12,0.75,main,A_own0,1224,-
costlyxhonest-attenuatedxhonest,B_p_truth,0.025884382130838917,0.019790600640745785,0.03197816362093205,tau0.1_k2_lam0.7_R12,0.1,2.0,0.7,12,0.75,main,A_own0,1224,+
costlyxhonest-attenuatedxhonest,A_own0,0.0,0.0,0.0,tau0.1_k2_lam0.7_R12,0.1,2.0,0.7,12,0.75,main,A_own0,1224,0
costlyxhonest-honestxhonest,nonc_A,0.468,0.4463856068372046,0.4896143931627955,tau0.1_k2_lam0.7_R12,0.1,2.0,0.7,12,0.75,main,all,2000,+
costlyxhonest-honestxhonest,A_dbelief,0.0103646313764079,0.00858703225118719,0.01214223050162861,tau0.1_k2_lam0.7_R12,0.1,2.0,0.7,12,0.75,main,all,2000,+
costlyxhonest-honestxhonest,A_hidden_shift,0.09051655295061191,0.0837183290314276,0.09731477686979621,tau0.1_k2_lam0.7_R12,0.1,2.0,0.7,12,0.75,main,all,2000,+
costlyxhonest-honestxhonest,A_p_truth,0.010282689580708009,0.00850417614588952,0.012061203015526498,tau0.1_k2_lam0.7_R12,0.1,2.0,0.7,12,0.75,main,all,2000,+
costlyxhonest-honestxhonest,B_pC_true,0.025760625086188503,0.018884051175511986,0.03263719899686502,tau0.1_k2_lam0.7_R12,0.1,2.0,0.7,12,0.75,main,all,2000,+
costlyxhonest-honestxhonest,B_pW_true,-0.026182608821255508,-0.03313148278099008,-0.019233734861520933,tau0.1_k2_lam0.7_R12,0.1,2.0,0.7,12,0.75,main,all,2000,-
costlyxhonest-honestxhonest,nonc_B,-0.00175,-0.004271893638471275,0.0007718936384712744,tau0.1_k2_lam0.7_R12,0.1,2.0,0.7,12,0.75,main,all,2000,0
costlyxhonest-honestxhonest,U_final,0.465625,0.4436934707401573,0.4875565292598427,tau0.1_k2_lam0.7_R12,0.1,2.0,0.7,12,0.75,main,all,2000,+
costlyxhonest-honestxhonest,A_transp_err,0.028458111217347804,0.026565812678397936,0.030350409756297672,tau0.1_k2_lam0.7_R12,0.1,2.0,0.7,12,0.75,main,all,2000,+
costlyxhonest-honestxhonest,B_p_truth,6.683793894714121e-05,-0.0014279264021895633,0.001561602280083846,tau0.1_k2_lam0.7_R12,0.1,2.0,0.7,12,0.75,main,all,2000,0
costlyxhonest-honestxhonest,A_own0,0.0,0.0,0.0,tau0.1_k2_lam0.7_R12,0.1,2.0,0.7,12,0.75,main,all,2000,0
costlyxhonest-honestxhonest,nonc_A,0.1497140522875817,0.13038219049122854,0.16904591408393485,tau0.1_k2_lam0.7_R12,0.1,2.0,0.7,12,0.75,main,A_own0,1224,+
costlyxhonest-honestxhonest,A_dbelief,0.013376186381028603,0.010641667574977236,0.01611070518707997,tau0.1_k2_lam0.7_R12,0.1,2.0,0.7,12,0.75,main,A_own0,1224,+
costlyxhonest-honestxhonest,A_hidden_shift,0.08138707472135992,0.07087234509141475,0.09190180435130509,tau0.1_k2_lam0.7_R12,0.1,2.0,0.7,12,0.75,main,A_own0,1224,+
costlyxhonest-honestxhonest,A_p_truth,0.013707919084083461,0.010978565486397434,0.016437272681769487,tau0.1_k2_lam0.7_R12,0.1,2.0,0.7,12,0.75,main,A_own0,1224,+
costlyxhonest-honestxhonest,B_pC_true,0.011731117568321183,0.002009730327499267,0.021452504809143097,tau0.1_k2_lam0.7_R12,0.1,2.0,0.7,12,0.75,main,A_own0,1224,+
costlyxhonest-honestxhonest,B_pW_true,-0.03619111163112893,-0.047240682052801033,-0.025141541209456834,tau0.1_k2_lam0.7_R12,0.1,2.0,0.7,12,0.75,main,A_own0,1224,-
costlyxhonest-honestxhonest,nonc_B,-0.00428921568627451,-0.007885604268113019,-0.000692827104436002,tau0.1_k2_lam0.7_R12,0.1,2.0,0.7,12,0.75,main,A_own0,1224,-
costlyxhonest-honestxhonest,U_final,0.1556372549019608,0.13516276128086205,0.17611174852305952,tau0.1_k2_lam0.7_R12,0.1,2.0,0.7,12,0.75,main,A_own0,1224,+
costlyxhonest-honestxhonest,A_transp_err,0.01292065759264106,0.010945722409059291,0.014895592776222828,tau0.1_k2_lam0.7_R12,0.1,2.0,0.7,12,0.75,main,A_own0,1224,+
costlyxhonest-honestxhonest,B_p_truth,0.0005073760124004712,-0.001579644705575988,0.0025943967303769305,tau0.1_k2_lam0.7_R12,0.1,2.0,0.7,12,0.75,main,A_own0,1224,0
costlyxhonest-honestxhonest,A_own0,0.0,0.0,0.0,tau0.1_k2_lam0.7_R12,0.1,2.0,0.7,12,0.75,main,A_own0,1224,0
attenuatedxhonest-honestxhonest,nonc_A,0.08225,0.06927443255093202,0.09522556744906799,tau0.1_k2_lam0.7_R12,0.1,2.0,0.7,12,0.75,main,all,2000,+
attenuatedxhonest-honestxhonest,A_dbelief,-0.09264587475433,-0.09733692727092493,-0.08795482223773508,tau0.1_k2_lam0.7_R12,0.1,2.0,0.7,12,0.75,main,all,2000,-
attenuatedxhonest-honestxhonest,A_hidden_shift,-0.023772802082441622,-0.027950251470695617,-0.019595352694187627,tau0.1_k2_lam0.7_R12,0.1,2.0,0.7,12,0.75,main,all,2000,-
attenuatedxhonest-honestxhonest,A_p_truth,-0.06669380220076249,-0.07216686176189682,-0.061220742639628144,tau0.1_k2_lam0.7_R12,0.1,2.0,0.7,12,0.75,main,all,2000,-
attenuatedxhonest-honestxhonest,B_pC_true,-0.05259812327604419,-0.061126697109703435,-0.04406954944238495,tau0.1_k2_lam0.7_R12,0.1,2.0,0.7,12,0.75,main,all,2000,-
attenuatedxhonest-honestxhonest,B_pW_true,0.06565801815713361,0.05496063403498161,0.07635540227928561,tau0.1_k2_lam0.7_R12,0.1,2.0,0.7,12,0.75,main,all,2000,+
attenuatedxhonest-honestxhonest,nonc_B,0.001375,-0.003886343398285016,0.0066363433982850155,tau0.1_k2_lam0.7_R12,0.1,2.0,0.7,12,0.75,main,all,2000,0
attenuatedxhonest-honestxhonest,U_final,0.09425,0.08120928131881294,0.10729071868118706,tau0.1_k2_lam0.7_R12,0.1,2.0,0.7,12,0.75,main,all,2000,+
attenuatedxhonest-honestxhonest,A_transp_err,0.013641388269795097,0.011422606901679667,0.015860169637910527,tau0.1_k2_lam0.7_R12,0.1,2.0,0.7,12,0.75,main,all,2000,+
attenuatedxhonest-honestxhonest,B_p_truth,-0.01999910740693205,-0.02452552258644356,-0.015472692227420535,tau0.1_k2_lam0.7_R12,0.1,2.0,0.7,12,0.75,main,all,2000,-
attenuatedxhonest-honestxhonest,A_own0,0.0,0.0,0.0,tau0.1_k2_lam0.7_R12,0.1,2.0,0.7,12,0.75,main,all,2000,0
attenuatedxhonest-honestxhonest,nonc_A,0.14910130718954248,0.1298418220081024,0.16836079237098256,tau0.1_k2_lam0.7_R12,0.1,2.0,0.7,12,0.75,main,A_own0,1224,+
attenuatedxhonest-honestxhonest,A_dbelief,-0.0962474130330127,-0.10294320841873941,-0.08955161764728597,tau0.1_k2_lam0.7_R12,0.1,2.0,0.7,12,0.75,main,A_own0,1224,-
attenuatedxhonest-honestxhonest,A_hidden_shift,-0.02839600627748384,-0.033670203578463065,-0.023121808976504617,tau0.1_k2_lam0.7_R12,0.1,2.0,0.7,12,0.75,main,A_own0,1224,-
attenuatedxhonest-honestxhonest,A_p_truth,-0.059909162978212444,-0.06782509732568309,-0.051993228630741795,tau0.1_k2_lam0.7_R12,0.1,2.0,0.7,12,0.75,main,A_own0,1224,-
attenuatedxhonest-honestxhonest,B_pC_true,-0.07507916963494563,-0.08762761474916782,-0.06253072452072343,tau0.1_k2_lam0.7_R12,0.1,2.0,0.7,12,0.75,main,A_own0,1224,-
attenuatedxhonest-honestxhonest,B_pW_true,0.11208750213134439,0.09550847576464785,0.12866652849804092,tau0.1_k2_lam0.7_R12,0.1,2.0,0.7,12,0.75,main,A_own0,1224,+
attenuatedxhonest-honestxhonest,nonc_B,-0.011642156862745098,-0.01764077076058726,-0.0056435429649029385,tau0.1_k2_lam0.7_R12,0.1,2.0,0.7,12,0.75,main,A_own0,1224,-
attenuatedxhonest-honestxhonest,U_final,0.1474673202614379,0.12727483910886106,0.16765980141401476,tau0.1_k2_lam0.7_R12,0.1,2.0,0.7,12,0.75,main,A_own0,1224,+
attenuatedxhonest-honestxhonest,A_transp_err,0.023287300346131225,0.019937834497237898,0.02663676619502455,tau0.1_k2_lam0.7_R12,0.1,2.0,0.7,12,0.75,main,A_own0,1224,+
attenuatedxhonest-honestxhonest,B_p_truth,-0.025377006118438444,-0.03184253294510993,-0.018911479291766963,tau0.1_k2_lam0.7_R12,0.1,2.0,0.7,12,0.75,main,A_own0,1224,-
attenuatedxhonest-honestxhonest,A_own0,0.0,0.0,0.0,tau0.1_k2_lam0.7_R12,0.1,2.0,0.7,12,0.75,main,A_own0,1224,0
costlyxhonest-attenuatedxhonest,nonc_A,0.386625,0.3653686000424089,0.4078813999575911,tau0.1_k2_lam0.7_R24,0.1,2.0,0.7,24,0.75,main,all,2000,+
costlyxhonest-attenuatedxhonest,A_dbelief,0.11278928124074562,0.10623593975097959,0.11934262273051166,tau0.1_k2_lam0.7_R24,0.1,2.0,0.7,24,0.75,main,all,2000,+
costlyxhonest-attenuatedxhonest,A_hidden_shift,0.12360282191686539,0.11685066069258443,0.13035498314114635,tau0.1_k2_lam0.7_R24,0.1,2.0,0.7,24,0.75,main,all,2000,+
costlyxhonest-attenuatedxhonest,A_p_truth,0.08168747933505284,0.07429033812283319,0.0890846205472725,tau0.1_k2_lam0.7_R24,0.1,2.0,0.7,24,0.75,main,all,2000,+
costlyxhonest-attenuatedxhonest,B_pC_true,0.09894535467195276,0.08747271653427352,0.11041799280963199,tau0.1_k2_lam0.7_R24,0.1,2.0,0.7,24,0.75,main,all,2000,+
costlyxhonest-attenuatedxhonest,B_pW_true,-0.10196507409137331,-0.11415624913729475,-0.08977389904545188,tau0.1_k2_lam0.7_R24,0.1,2.0,0.7,24,0.75,main,all,2000,-
costlyxhonest-attenuatedxhonest,nonc_B,0.029625,0.02105515612747235,0.038194843872527647,tau0.1_k2_lam0.7_R24,0.1,2.0,0.7,24,0.75,main,all,2000,+
costlyxhonest-attenuatedxhonest,U_final,0.409875,0.38859967352199093,0.43115032647800905,tau0.1_k2_lam0.7_R24,0.1,2.0,0.7,24,0.75,main,all,2000,+
costlyxhonest-attenuatedxhonest,A_transp_err,0.01895604882467055,0.01650912335995095,0.02140297428939015,tau0.1_k2_lam0.7_R24,0.1,2.0,0.7,24,0.75,main,all,2000,+
costlyxhonest-attenuatedxhonest,B_p_truth,0.035848741758018304,0.028583776666091402,0.043113706849945206,tau0.1_k2_lam0.7_R24,0.1,2.0,0.7,24,0.75,main,all,2000,+
costlyxhonest-attenuatedxhonest,A_own0,0.0,0.0,0.0,tau0.1_k2_lam0.7_R24,0.1,2.0,0.7,24,0.75,main,all,2000,0
costlyxhonest-attenuatedxhonest,nonc_A,0.0012254901960784314,0.0002469003548088138,0.002204080037348049,tau0.1_k2_lam0.7_R24,0.1,2.0,0.7,24,0.75,main,A_own0,1224,+
costlyxhonest-attenuatedxhonest,A_dbelief,0.12454322386977888,0.11457415047216885,0.13451229726738892,tau0.1_k2_lam0.7_R24,0.1,2.0,0.7,24,0.75,main,A_own0,1224,+
costlyxhonest-attenuatedxhonest,A_hidden_shift,0.12365493862348521,0.11371165291065395,0.1335982243363165,tau0.1_k2_lam0.7_R24,0.1,2.0,0.7,24,0.75,main,A_own0,1224,+
costlyxhonest-attenuatedxhonest,A_p_truth,0.08038011566786582,0.06905740759978175,0.09170282373594989,tau0.1_k2_lam0.7_R24,0.1,2.0,0.7,24,0.75,main,A_own0,1224,+
costlyxhonest-attenuatedxhonest,B_pC_true,0.12952139105475174,0.11344979058891452,0.14559299152058897,tau0.1_k2_lam0.7_R24,0.1,2.0,0.7,24,0.75,main,A_own0,1224,+
costlyxhonest-attenuatedxhonest,B_pW_true,-0.16347171021752283,-0.18221871582713856,-0.1447247046079071,tau0.1_k2_lam0.7_R24,0.1,2.0,0.7,24,0.75,main,A_own0,1224,-
costlyxhonest-attenuatedxhonest,nonc_B,0.06372549019607843,0.051882407927207656,0.0755685724649492,tau0.1_k2_lam0.7_R24,0.1,2.0,0.7,24,0.75,main,A_own0,1224,+
costlyxhonest-attenuatedxhonest,U_final,0.06433823529411764,0.05224412835081747,0.07643234223741781,tau0.1_k2_lam0.7_R24,0.1,2.0,0.7,24,0.75,main,A_own0,1224,+
costlyxhonest-attenuatedxhonest,A_transp_err,0.0005620615758619236,-0.0025342574842612173,0.0036583806359850647,tau0.1_k2_lam0.7_R24,0.1,2.0,0.7,24,0.75,main,A_own0,1224,0
costlyxhonest-attenuatedxhonest,B_p_truth,0.05015206986136268,0.0390716583079221,0.061232481414803266,tau0.1_k2_lam0.7_R24,0.1,2.0,0.7,24,0.75,main,A_own0,1224,+
costlyxhonest-attenuatedxhonest,A_own0,0.0,0.0,0.0,tau0.1_k2_lam0.7_R24,0.1,2.0,0.7,24,0.75,main,A_own0,1224,0
costlyxhonest-honestxhonest,nonc_A,0.488125,0.46647277559699,0.5097772244030099,tau0.1_k2_lam0.7_R24,0.1,2.0,0.7,24,0.75,main,all,2000,+
costlyxhonest-honestxhonest,A_dbelief,0.01490309415267508,0.012440308228911194,0.017365880076438963,tau0.1_k2_lam0.7_R24,0.1,2.0,0.7,24,0.75,main,all,2000,+
costlyxhonest-honestxhonest,A_hidden_shift,0.10857070757550924,0.10056330396754307,0.11657811118347541,tau0.1_k2_lam0.7_R24,0.1,2.0,0.7,24,0.75,main,all,2000,+
costlyxhonest-honestxhonest,A_p_truth,0.014059130479033809,0.011586826243435022,0.016531434714632597,tau0.1_k2_lam0.7_R24,0.1,2.0,0.7,24,0.75,main,all,2000,+
costlyxhonest-honestxhonest,B_pC_true,0.028449657492215785,0.01951028433627628,0.03738903064815529,tau0.1_k2_lam0.7_R24,0.1,2.0,0.7,24,0.75,main,all,2000,+
costlyxhonest-honestxhonest,B_pW_true,-0.022361364189363714,-0.02941642623451525,-0.015306302144212178,tau0.1_k2_lam0.7_R24,0.1,2.0,0.7,24,0.75,main,all,2000,-
costlyxhonest-honestxhonest,nonc_B,-0.000875,-0.0028197352995183163,0.0010697352995183164,tau0.1_k2_lam0.7_R24,0.1,2.0,0.7,24,0.75,main,all,2000,0
costlyxhonest-honestxhonest,U_final,0.484125,0.46238082013350396,0.5058691798664962,tau0.1_k2_lam0.7_R24,0.1,2.0,0.7,24,0.75,main,all,2000,+
costlyxhonest-honestxhonest,A_transp_err,0.025200860623519814,0.02325221943884777,0.027149501808191857,tau0.1_k2_lam0.7_R24,0.1,2.0,0.7,24,0.75,main,all,2000,+
costlyxhonest-honestxhonest,B_p_truth,-0.0002683885537786255,-0.0016344813472104502,0.0010977042396531993,tau0.1_k2_lam0.7_R24,0.1,2.0,0.7,24,0.75,main,all,2000,0
costlyxhonest-honestxhonest,A_own0,0.0,0.0,0.0,tau0.1_k2_lam0.7_R24,0.1,2.0,0.7,24,0.75,main,all,2000,0
costlyxhonest-honestxhonest,nonc_A,0.18137254901960784,0.1604557320818764,0.20228936595733926,tau0.1_k2_lam0.7_R24,0.1,2.0,0.7,24,0.75,main,A_own0,1224,+
costlyxhonest-honestxhonest,A_dbelief,0.01941973666934103,0.0154819011744088,0.02335757216427326,tau0.1_k2_lam0.7_R24,0.1,2.0,0.7,24,0.75,main,A_own0,1224,+
costlyxhonest-honestxhonest,A_hidden_shift,0.10930481892815269,0.09665572925451639,0.121953908601789,tau0.1_k2_lam0.7_R24,0.1,2.0,0.7,24,0.75,main,A_own0,1224,+
costlyxhonest-honestxhonest,A_p_truth,0.01863394207363915,0.014684198337141893,0.02258368581013641,tau0.1_k2_lam0.7_R24,0.1,2.0,0.7,24,0.75,main,A_own0,1224,+
costlyxhonest-honestxhonest,B_pC_true,0.041734164737751836,0.028047874524699708,0.055420454950803964,tau0.1_k2_lam0.7_R24,0.1,2.0,0.7,24,0.75,main,A_own0,1224,+
costlyxhonest-honestxhonest,B_pW_true,-0.03179347695221805,-0.04295160174838071,-0.020635352156055387,tau0.1_k2_lam0.7_R24,0.1,2.0,0.7,24,0.75,main,A_own0,1224,-
costlyxhonest-honestxhonest,nonc_B,-0.0012254901960784314,-0.004378206929902336,0.001927226537745473,tau0.1_k2_lam0.7_R24,0.1,2.0,0.7,24,0.75,main,A_own0,1224,0
costlyxhonest-honestxhonest,U_final,0.18361928104575165,0.16232649985671044,0.20491206223479286,tau0.1_k2_lam0.7_R24,0.1,2.0,0.7,24,0.75,main,A_own0,1224,+
costlyxhonest-honestxhonest,A_transp_err,0.010802786385377421,0.00862936259403951,0.012976210176715332,tau0.1_k2_lam0.7_R24,0.1,2.0,0.7,24,0.75,main,A_own0,1224,+
costlyxhonest-honestxhonest,B_p_truth,-0.0013441009707396167,-0.0034143300297127762,0.0007261280882335428,tau0.1_k2_lam0.7_R24,0.1,2.0,0.7,24,0.75,main,A_own0,1224,0
costlyxhonest-honestxhonest,A_own0,0.0,0.0,0.0,tau0.1_k2_lam0.7_R24,0.1,2.0,0.7,24,0.75,main,A_own0,1224,0
attenuatedxhonest-honestxhonest,nonc_A,0.1015,0.08743867543137163,0.11556132456862839,tau0.1_k2_lam0.7_R24,0.1,2.0,0.7,24,0.75,main,all,2000,+
attenuatedxhonest-honestxhonest,A_dbelief,-0.09788618708807054,-0.10346827025170893,-0.09230410392443214,tau0.1_k2_lam0.7_R24,0.1,2.0,0.7,24,0.75,main,all,2000,-
attenuatedxhonest-honestxhonest,A_hidden_shift,-0.015032114341356166,-0.01906913591635269,-0.010995092766359646,tau0.1_k2_lam0.7_R24,0.1,2.0,0.7,24,0.75,main,all,2000,-
attenuatedxhonest-honestxhonest,A_p_truth,-0.06762834885601904,-0.07402612470673481,-0.06123057300530326,tau0.1_k2_lam0.7_R24,0.1,2.0,0.7,24,0.75,main,all,2000,-
attenuatedxhonest-honestxhonest,B_pC_true,-0.07049569717973697,-0.08091609176061497,-0.06007530259885897,tau0.1_k2_lam0.7_R24,0.1,2.0,0.7,24,0.75,main,all,2000,-
attenuatedxhonest-honestxhonest,B_pW_true,0.0796037099020096,0.06828077270302814,0.09092664710099106,tau0.1_k2_lam0.7_R24,0.1,2.0,0.7,24,0.75,main,all,2000,+
attenuatedxhonest-honestxhonest,nonc_B,-0.0305,-0.03916502839917904,-0.02183497160082096,tau0.1_k2_lam0.7_R24,0.1,2.0,0.7,24,0.75,main,all,2000,-
attenuatedxhonest-honestxhonest,U_final,0.07425,0.06347961420583842,0.08502038579416157,tau0.1_k2_lam0.7_R24,0.1,2.0,0.7,24,0.75,main,all,2000,+
attenuatedxhonest-honestxhonest,A_transp_err,0.00624481179884927,0.004352811655056461,0.008136811942642078,tau0.1_k2_lam0.7_R24,0.1,2.0,0.7,24,0.75,main,all,2000,+
attenuatedxhonest-honestxhonest,B_p_truth,-0.036117130311796926,-0.04344934117546993,-0.028784919448123916,tau0.1_k2_lam0.7_R24,0.1,2.0,0.7,24,0.75,main,all,2000,-
attenuatedxhonest-honestxhonest,A_own0,0.0,0.0,0.0,tau0.1_k2_lam0.7_R24,0.1,2.0,0.7,24,0.75,main,all,2000,0
attenuatedxhonest-honestxhonest,nonc_A,0.1801470588235294,0.1593506848854665,0.20094343276159232,tau0.1_k2_lam0.7_R24,0.1,2.0,0.7,24,0.75,main,A_own0,1224,+
attenuatedxhonest-honestxhonest,A_dbelief,-0.10512348720043783,-0.1134571823098277,-0.09678979209104797,tau0.1_k2_lam0.7_R24,0.1,2.0,0.7,24,0.75,main,A_own0,1224,-
attenuatedxhonest-honestxhonest,A_hidden_shift,-0.014350119695332543,-0.019330407266254478,-0.009369832124410608,tau0.1_k2_lam0.7_R24,0.1,2.0,0.7,24,0.75,main,A_own0,1224,-
attenuatedxhonest-honestxhonest,A_p_truth,-0.06174617359422666,-0.07136807537591755,-0.05212427181253578,tau0.1_k2_lam0.7_R24,0.1,2.0,0.7,24,0.75,main,A_own0,1224,-
attenuatedxhonest-honestxhonest,B_pC_true,-0.08778722631699991,-0.10217493566008858,-0.07339951697391124,tau0.1_k2_lam0.7_R24,0.1,2.0,0.7,24,0.75,main,A_own0,1224,-
attenuatedxhonest-honestxhonest,B_pW_true,0.13167823326530476,0.11410484183621991,0.1492516246943896,tau0.1_k2_lam0.7_R24,0.1,2.0,0.7,24,0.75,main,A_own0,1224,+
attenuatedxhonest-honestxhonest,nonc_B,-0.06495098039215687,-0.07701486868016427,-0.05288709210414947,tau0.1_k2_lam0.7_R24,0.1,2.0,0.7,24,0.75,main,A_own0,1224,-
attenuatedxhonest-honestxhonest,U_final,0.119281045751634,0.10231159241749022,0.13625049908577777,tau0.1_k2_lam0.7_R24,0.1,2.0,0.7,24,0.75,main,A_own0,1224,+
attenuatedxhonest-honestxhonest,A_transp_err,0.010240724809515498,0.007254535800718984,0.013226913818312012,tau0.1_k2_lam0.7_R24,0.1,2.0,0.7,24,0.75,main,A_own0,1224,+
attenuatedxhonest-honestxhonest,B_p_truth,-0.05149617083210229,-0.06279711715935152,-0.040195224504853064,tau0.1_k2_lam0.7_R24,0.1,2.0,0.7,24,0.75,main,A_own0,1224,-
attenuatedxhonest-honestxhonest,A_own0,0.0,0.0,0.0,tau0.1_k2_lam0.7_R24,0.1,2.0,0.7,24,0.75,main,A_own0,1224,0
costlyxhonest-attenuatedxhonest,nonc_A,0.387125,0.365866311698469,0.408383688301531,tau0.1_k2_lam0.85_R12,0.1,2.0,0.85,12,0.75,main,all,2000,+
costlyxhonest-attenuatedxhonest,A_dbelief,0.13514130278385064,0.12775009926629757,0.1425325063014037,tau0.1_k2_lam0.85_R12,0.1,2.0,0.85,12,0.75,main,all,2000,+
costlyxhonest-attenuatedxhonest,A_hidden_shift,0.1435892576927792,0.13602147750266735,0.15115703788289103,tau0.1_k2_lam0.85_R12,0.1,2.0,0.85,12,0.75,main,all,2000,+
costlyxhonest-attenuatedxhonest,A_p_truth,0.08145441911459388,0.072677779702778,0.09023105852640975,tau0.1_k2_lam0.85_R12,0.1,2.0,0.85,12,0.75,main,all,2000,+
costlyxhonest-attenuatedxhonest,B_pC_true,0.12575068026151184,0.11461851490432177,0.1368828456187019,tau0.1_k2_lam0.85_R12,0.1,2.0,0.85,12,0.75,main,all,2000,+
costlyxhonest-attenuatedxhonest,B_pW_true,-0.17746758037774862,-0.19177012703936572,-0.16316503371613153,tau0.1_k2_lam0.85_R12,0.1,2.0,0.85,12,0.75,main,all,2000,-
costlyxhonest-attenuatedxhonest,nonc_B,0.039,0.029065710480657057,0.04893428951934294,tau0.1_k2_lam0.85_R12,0.1,2.0,0.85,12,0.75,main,all,2000,+
costlyxhonest-attenuatedxhonest,U_final,0.42425,0.40293335675605574,0.4455666432439443,tau0.1_k2_lam0.85_R12,0.1,2.0,0.85,12,0.75,main,all,2000,+
costlyxhonest-attenuatedxhonest,A_transp_err,0.01477587942793728,0.011687029521889873,0.017864729333984686,tau0.1_k2_lam0.85_R12,0.1,2.0,0.85,12,0.75,main,all,2000,+
costlyxhonest-attenuatedxhonest,B_p_truth,0.02856540308421214,0.020992426119663617,0.03613838004876066,tau0.1_k2_lam0.85_R12,0.1,2.0,0.85,12,0.75,main,all,2000,+
costlyxhonest-attenuatedxhonest,A_own0,0.0,0.0,0.0,tau0.1_k2_lam0.85_R12,0.1,2.0,0.85,12,0.75,main,all,2000,0
costlyxhonest-attenuatedxhonest,nonc_A,0.0016339869281045752,0.0005049368252195783,0.0027630370309895723,tau0.1_k2_lam0.85_R12,0.1,2.0,0.85,12,0.75,main,A_own0,1224,+
costlyxhonest-attenuatedxhonest,A_dbelief,0.15169904223047498,0.14048233705200286,0.1629157474089471,tau0.1_k2_lam0.85_R12,0.1,2.0,0.85,12,0.75,main,A_own0,1224,+
costlyxhonest-attenuatedxhonest,A_hidden_shift,0.15256889658226974,0.14127345423302703,0.16386433893151245,tau0.1_k2_lam0.85_R12,0.1,2.0,0.85,12,0.75,main,A_own0,1224,+
costlyxhonest-attenuatedxhonest,A_p_truth,0.07177965057240872,0.05829149577961527,0.08526780536520218,tau0.1_k2_lam0.85_R12,0.1,2.0,0.85,12,0.75,main,A_own0,1224,+
costlyxhonest-attenuatedxhonest,B_pC_true,0.14742008187022726,0.13157454120652906,0.16326562253392546,tau0.1_k2_lam0.85_R12,0.1,2.0,0.85,12,0.75,main,A_own0,1224,+
costlyxhonest-attenuatedxhonest,B_pW_true,-0.27419352745811737,-0.2951761584188497,-0.25321089649738504,tau0.1_k2_lam0.85_R12,0.1,2.0,0.85,12,0.75,main,A_own0,1224,-
costlyxhonest-attenuatedxhonest,nonc_B,0.08190359477124183,0.06796315262793765,0.09584403691454602,tau0.1_k2_lam0.85_R12,0.1,2.0,0.85,12,0.75,main,A_own0,1224,+
costlyxhonest-attenuatedxhonest,U_final,0.0857843137254902,0.07147899765151806,0.10008962979946233,tau0.1_k2_lam0.85_R12,0.1,2.0,0.85,12,0.75,main,A_own0,1224,+
costlyxhonest-attenuatedxhonest,A_transp_err,-0.011763270297495897,-0.015668413875340896,-0.007858126719650898,tau0.1_k2_lam0.85_R12,0.1,2.0,0.85,12,0.75,main,A_own0,1224,-
costlyxhonest-attenuatedxhonest,B_p_truth,0.04125925148464889,0.02964350732239924,0.052874995646898536,tau0.1_k2_lam0.85_R12,0.1,2.0,0.85,12,0.75,main,A_own0,1224,+
costlyxhonest-attenuatedxhonest,A_own0,0.0,0.0,0.0,tau0.1_k2_lam0.85_R12,0.1,2.0,0.85,12,0.75,main,A_own0,1224,0
costlyxhonest-honestxhonest,nonc_A,0.4855,0.46390500929354667,0.5070949907064534,tau0.1_k2_lam0.85_R12,0.1,2.0,0.85,12,0.75,main,all,2000,+
costlyxhonest-honestxhonest,A_dbelief,0.03833384993422996,0.03427245725577538,0.04239524261268454,tau0.1_k2_lam0.85_R12,0.1,2.0,0.85,12,0.75,main,all,2000,+
costlyxhonest-honestxhonest,A_hidden_shift,0.13051045253892649,0.12152414362613861,0.13949676145171436,tau0.1_k2_lam0.85_R12,0.1,2.0,0.85,12,0.75,main,all,2000,+
costlyxhonest-honestxhonest,A_p_truth,0.018441932818859513,0.014076583162830345,0.022807282474888682,tau0.1_k2_lam0.85_R12,0.1,2.0,0.85,12,0.75,main,all,2000,+
costlyxhonest-honestxhonest,B_pC_true,0.0426236354614916,0.03351585554921557,0.05173141537376763,tau0.1_k2_lam0.85_R12,0.1,2.0,0.85,12,0.75,main,all,2000,+
costlyxhonest-honestxhonest,B_pW_true,-0.0542640824604264,-0.06153868189828183,-0.046989483022570964,tau0.1_k2_lam0.85_R12,0.1,2.0,0.85,12,0.75,main,all,2000,-
costlyxhonest-honestxhonest,nonc_B,0.022,0.01528643024841443,0.028713569751585566,tau0.1_k2_lam0.85_R12,0.1,2.0,0.85,12,0.75,main,all,2000,+
costlyxhonest-honestxhonest,U_final,0.507,0.4852869184647854,0.5287130815352146,tau0.1_k2_lam0.85_R12,0.1,2.0,0.85,12,0.75,main,all,2000,+
costlyxhonest-honestxhonest,A_transp_err,0.019036398704790285,0.01643226259867312,0.02164053481090745,tau0.1_k2_lam0.85_R12,0.1,2.0,0.85,12,0.75,main,all,2000,+
costlyxhonest-honestxhonest,B_p_truth,-0.003615931322783873,-0.006786050714637703,-0.00044581193093004307,tau0.1_k2_lam0.85_R12,0.1,2.0,0.85,12,0.75,main,all,2000,-
costlyxhonest-honestxhonest,A_own0,0.0,0.0,0.0,tau0.1_k2_lam0.85_R12,0.1,2.0,0.85,12,0.75,main,all,2000,0
costlyxhonest-honestxhonest,nonc_A,0.17769607843137256,0.1571199977493096,0.19827215911343551,tau0.1_k2_lam0.85_R12,0.1,2.0,0.85,12,0.75,main,A_own0,1224,+
costlyxhonest-honestxhonest,A_dbelief,0.040014657514003335,0.03375973063604312,0.04626958439196355,tau0.1_k2_lam0.85_R12,0.1,2.0,0.85,12,0.75,main,A_own0,1224,+
costlyxhonest-honestxhonest,A_hidden_shift,0.1427091822558912,0.12862984848184295,0.15678851602993943,tau0.1_k2_lam0.85_R12,0.1,2.0,0.85,12,0.75,main,A_own0,1224,+
costlyxhonest-honestxhonest,A_p_truth,0.010377605061789317,0.0037193270046151734,0.01703588311896346,tau0.1_k2_lam0.85_R12,0.1,2.0,0.85,12,0.75,main,A_own0,1224,+
costlyxhonest-honestxhonest,B_pC_true,0.01880115585102484,0.006915652328370056,0.030686659373679627,tau0.1_k2_lam0.85_R12,0.1,2.0,0.85,12,0.75,main,A_own0,1224,+
costlyxhonest-honestxhonest,B_pW_true,-0.06490895871615308,-0.07576616167974769,-0.05405175575255848,tau0.1_k2_lam0.85_R12,0.1,2.0,0.85,12,0.75,main,A_own0,1224,-
costlyxhonest-honestxhonest,nonc_B,0.036968954248366014,0.026356075155516565,0.04758183334121546,tau0.1_k2_lam0.85_R12,0.1,2.0,0.85,12,0.75,main,A_own0,1224,+
costlyxhonest-honestxhonest,U_final,0.22120098039215685,0.1984301590066556,0.24397180177765812,tau0.1_k2_lam0.85_R12,0.1,2.0,0.85,12,0.75,main,A_own0,1224,+
costlyxhonest-honestxhonest,A_transp_err,-0.004096307720731568,-0.007157035611071201,-0.001035579830391934,tau0.1_k2_lam0.85_R12,0.1,2.0,0.85,12,0.75,main,A_own0,1224,-
costlyxhonest-honestxhonest,B_p_truth,-0.003783716878570092,-0.008638138624301489,0.0010707048671613059,tau0.1_k2_lam0.85_R12,0.1,2.0,0.85,12,0.75,main,A_own0,1224,0
costlyxhonest-honestxhonest,A_own0,0.0,0.0,0.0,tau0.1_k2_lam0.85_R12,0.1,2.0,0.85,12,0.75,main,A_own0,1224,0
attenuatedxhonest-honestxhonest,nonc_A,0.098375,0.08450506126589798,0.11224493873410203,tau0.1_k2_lam0.85_R12,0.1,2.0,0.85,12,0.75,main,all,2000,+
attenuatedxhonest-honestxhonest,A_dbelief,-0.09680745284962068,-0.10301413693806932,-0.09060076876117204,tau0.1_k2_lam0.85_R12,0.1,2.0,0.85,12,0.75,main,all,2000,-
attenuatedxhonest-honestxhonest,A_hidden_shift,-0.013078805153852733,-0.01759049758797233,-0.008567112719733136,tau0.1_k2_lam0.85_R12,0.1,2.0,0.85,12,0.75,main,all,2000,-
attenuatedxhonest-honestxhonest,A_p_truth,-0.06301248629573437,-0.07000762585149913,-0.05601734673996962,tau0.1_k2_lam0.85_R12,0.1,2.0,0.85,12,0.75,main,all,2000,-
attenuatedxhonest-honestxhonest,B_pC_true,-0.08312704480002023,-0.09418020977668216,-0.07207387982335829,tau0.1_k2_lam0.85_R12,0.1,2.0,0.85,12,0.75,main,all,2000,-
attenuatedxhonest-honestxhonest,B_pW_true,0.12320349791732221,0.11047267212190244,0.135934323712742,tau0.1_k2_lam0.85_R12,0.1,2.0,0.85,12,0.75,main,all,2000,+
attenuatedxhonest-honestxhonest,nonc_B,-0.017,-0.024674574147415092,-0.00932542585258491,tau0.1_k2_lam0.85_R12,0.1,2.0,0.85,12,0.75,main,all,2000,-
attenuatedxhonest-honestxhonest,U_final,0.08275,0.07065757818786322,0.09484242181213678,tau0.1_k2_lam0.85_R12,0.1,2.0,0.85,12,0.75,main,all,2000,+
attenuatedxhonest-honestxhonest,A_transp_err,0.004260519276853003,0.002172100854249646,0.00634893769945636,tau0.1_k2_lam0.85_R12,0.1,2.0,0.85,12,0.75,main,all,2000,+
attenuatedxhonest-honestxhonest,B_p_truth,-0.03218133440699601,-0.03896773440039039,-0.025394934413601633,tau0.1_k2_lam0.85_R12,0.1,2.0,0.85,12,0.75,main,all,2000,-
attenuatedxhonest-honestxhonest,A_own0,0.0,0.0,0.0,tau0.1_k2_lam0.85_R12,0.1,2.0,0.85,12,0.75,main,all,2000,0
attenuatedxhonest-honestxhonest,nonc_A,0.176062091503268,0.15566089552125367,0.1964632874852823,tau0.1_k2_lam0.85_R12,0.1,2.0,0.85,12,0.75,main,A_own0,1224,+
attenuatedxhonest-honestxhonest,A_dbelief,-0.11168438471647163,-0.12090042369342496,-0.1024683457395183,tau0.1_k2_lam0.85_R12,0.1,2.0,0.85,12,0.75,main,A_own0,1224,-
attenuatedxhonest-honestxhonest,A_hidden_shift,-0.009859714326378551,-0.015492936678447488,-0.004226491974309615,tau0.1_k2_lam0.85_R12,0.1,2.0,0.85,12,0.75,main,A_own0,1224,-
attenuatedxhonest-honestxhonest,A_p_truth,-0.061402045510619396,-0.07200165672817059,-0.0508024342930682,tau0.1_k2_lam0.85_R12,0.1,2.0,0.85,12,0.75,main,A_own0,1224,-
attenuatedxhonest-honestxhonest,B_pC_true,-0.1286189260192024,-0.14455579103617813,-0.11268206100222669,tau0.1_k2_lam0.85_R12,0.1,2.0,0.85,12,0.75,main,A_own0,1224,-
attenuatedxhonest-honestxhonest,B_pW_true,0.20928456874196427,0.19047157413239033,0.22809756335153822,tau0.1_k2_lam0.85_R12,0.1,2.0,0.85,12,0.75,main,A_own0,1224,+
attenuatedxhonest-honestxhonest,nonc_B,-0.04493464052287582,-0.05497455711765901,-0.034894723928092626,tau0.1_k2_lam0.85_R12,0.1,2.0,0.85,12,0.75,main,A_own0,1224,-
attenuatedxhonest-honestxhonest,U_final,0.13541666666666666,0.11626051402502306,0.15457281930831024,tau0.1_k2_lam0.85_R12,0.1,2.0,0.85,12,0.75,main,A_own0,1224,+
attenuatedxhonest-honestxhonest,A_transp_err,0.007666962576764331,0.004374041613887717,0.010959883539640945,tau0.1_k2_lam0.85_R12,0.1,2.0,0.85,12,0.75,main,A_own0,1224,+
attenuatedxhonest-honestxhonest,B_p_truth,-0.04504296836321897,-0.05550225281861142,-0.034583683907826526,tau0.1_k2_lam0.85_R12,0.1,2.0,0.85,12,0.75,main,A_own0,1224,-
attenuatedxhonest-honestxhonest,A_own0,0.0,0.0,0.0,tau0.1_k2_lam0.85_R12,0.1,2.0,0.85,12,0.75,main,A_own0,1224,0
costlyxhonest-attenuatedxhonest,nonc_A,0.388,0.36673665596149446,0.40926334403850556,tau0.1_k2_lam0.85_R24,0.1,2.0,0.85,24,0.75,main,all,2000,+
costlyxhonest-attenuatedxhonest,A_dbelief,0.14250262004695793,0.13482172712711263,0.15018351296680324,tau0.1_k2_lam0.85_R24,0.1,2.0,0.85,24,0.75,main,all,2000,+
costlyxhonest-attenuatedxhonest,A_hidden_shift,0.1492459415280582,0.14143965323580326,0.15705222982031314,tau0.1_k2_lam0.85_R24,0.1,2.0,0.85,24,0.75,main,all,2000,+
costlyxhonest-attenuatedxhonest,A_p_truth,0.08906619395451448,0.07996291572796786,0.0981694721810611,tau0.1_k2_lam0.85_R24,0.1,2.0,0.85,24,0.75,main,all,2000,+
costlyxhonest-attenuatedxhonest,B_pC_true,0.14994152642401234,0.1359053561423107,0.163977696705714,tau0.1_k2_lam0.85_R24,0.1,2.0,0.85,24,0.75,main,all,2000,+
costlyxhonest-attenuatedxhonest,B_pW_true,-0.17937636565940113,-0.1937137579621435,-0.16503897335665876,tau0.1_k2_lam0.85_R24,0.1,2.0,0.85,24,0.75,main,all,2000,-
costlyxhonest-attenuatedxhonest,nonc_B,0.085125,0.07127715253451955,0.09897284746548046,tau0.1_k2_lam0.85_R24,0.1,2.0,0.85,24,0.75,main,all,2000,+
costlyxhonest-attenuatedxhonest,U_final,0.468875,0.4471404004776785,0.49060959952232147,tau0.1_k2_lam0.85_R24,0.1,2.0,0.85,24,0.75,main,all,2000,+
costlyxhonest-attenuatedxhonest,A_transp_err,-0.023881027540522112,-0.029807468244793262,-0.017954586836250962,tau0.1_k2_lam0.85_R24,0.1,2.0,0.85,24,0.75,main,all,2000,-
costlyxhonest-attenuatedxhonest,B_p_truth,0.03974231978417521,0.031220123079977628,0.048264516488372794,tau0.1_k2_lam0.85_R24,0.1,2.0,0.85,24,0.75,main,all,2000,+
costlyxhonest-attenuatedxhonest,A_own0,0.0,0.0,0.0,tau0.1_k2_lam0.85_R24,0.1,2.0,0.85,24,0.75,main,all,2000,0
costlyxhonest-attenuatedxhonest,nonc_A,0.0026552287581699347,0.0009158859525605378,0.004394571563779332,tau0.1_k2_lam0.85_R24,0.1,2.0,0.85,24,0.75,main,A_own0,1224,+
costlyxhonest-attenuatedxhonest,A_dbelief,0.15855301869362118,0.14690075224910712,0.17020528513813524,tau0.1_k2_lam0.85_R24,0.1,2.0,0.85,24,0.75,main,A_own0,1224,+
costlyxhonest-attenuatedxhonest,A_hidden_shift,0.15668348286147746,0.1450509486413088,0.16831601708164612,tau0.1_k2_lam0.85_R24,0.1,2.0,0.85,24,0.75,main,A_own0,1224,+
costlyxhonest-attenuatedxhonest,A_p_truth,0.07808943015694846,0.06410409771754302,0.09207476259635389,tau0.1_k2_lam0.85_R24,0.1,2.0,0.85,24,0.75,main,A_own0,1224,+
costlyxhonest-attenuatedxhonest,B_pC_true,0.1939062646234128,0.1743847297872884,0.2134277994595372,tau0.1_k2_lam0.85_R24,0.1,2.0,0.85,24,0.75,main,A_own0,1224,+
costlyxhonest-attenuatedxhonest,B_pW_true,-0.27404558390286965,-0.2952075622910929,-0.2528836055146464,tau0.1_k2_lam0.85_R24,0.1,2.0,0.85,24,0.75,main,A_own0,1224,-
costlyxhonest-attenuatedxhonest,nonc_B,0.15951797385620914,0.13938694145497182,0.17964900625744645,tau0.1_k2_lam0.85_R24,0.1,2.0,0.85,24,0.75,main,A_own0,1224,+
costlyxhonest-attenuatedxhonest,U_final,0.16401143790849673,0.14366039441184236,0.1843624814051511,tau0.1_k2_lam0.85_R24,0.1,2.0,0.85,24,0.75,main,A_own0,1224,+
costlyxhonest-attenuatedxhonest,A_transp_err,-0.0727692478867133,-0.08117145169736772,-0.06436704407605887,tau0.1_k2_lam0.85_R24,0.1,2.0,0.85,24,0.75,main,A_own0,1224,-
costlyxhonest-attenuatedxhonest,B_p_truth,0.05642502315269115,0.04335554923298272,0.06949449707239957,tau0.1_k2_lam0.85_R24,0.1,2.0,0.85,24,0.75,main,A_own0,1224,+
costlyxhonest-attenuatedxhonest,A_own0,0.0,0.0,0.0,tau0.1_k2_lam0.85_R24,0.1,2.0,0.85,24,0.75,main,A_own0,1224,0
costlyxhonest-honestxhonest,nonc_A,0.505,0.48316175408847484,0.5268382459115252,tau0.1_k2_lam0.85_R24,0.1,2.0,0.85,24,0.75,main,all,2000,+
costlyxhonest-honestxhonest,A_dbelief,0.045841800647173386,0.04158488089856103,0.050098720395785744,tau0.1_k2_lam0.85_R24,0.1,2.0,0.85,24,0.75,main,all,2000,+
costlyxhonest-honestxhonest,A_hidden_shift,0.13877928972549972,0.1293879913092628,0.14817058814173664,tau0.1_k2_lam0.85_R24,0.1,2.0,0.85,24,0.75,main,all,2000,+
costlyxhonest-honestxhonest,A_p_truth,0.02730322297130722,0.02258536270556105,0.0320210832370534,tau0.1_k2_lam0.85_R24,0.1,2.0,0.85,24,0.75,main,all,2000,+
costlyxhonest-honestxhonest,B_pC_true,0.05279817681979663,0.043634533145579975,0.06196182049401328,tau0.1_k2_lam0.85_R24,0.1,2.0,0.85,24,0.75,main,all,2000,+
costlyxhonest-honestxhonest,B_pW_true,-0.0631430203754214,-0.07103852681836233,-0.055247513932480466,tau0.1_k2_lam0.85_R24,0.1,2.0,0.85,24,0.75,main,all,2000,-
costlyxhonest-honestxhonest,nonc_B,0.023625,0.016654139584314755,0.030595860415685246,tau0.1_k2_lam0.85_R24,0.1,2.0,0.85,24,0.75,main,all,2000,+
costlyxhonest-honestxhonest,U_final,0.523,0.5011069988683764,0.5448930011316236,tau0.1_k2_lam0.85_R24,0.1,2.0,0.85,24,0.75,main,all,2000,+
costlyxhonest-honestxhonest,A_transp_err,0.012192207311114967,0.009188829998953044,0.01519558462327689,tau0.1_k2_lam0.85_R24,0.1,2.0,0.85,24,0.75,main,all,2000,+
costlyxhonest-honestxhonest,B_p_truth,-0.00024992596020781253,-0.0037090603788762213,0.0032092084584605966,tau0.1_k2_lam0.85_R24,0.1,2.0,0.85,24,0.75,main,all,2000,0
costlyxhonest-honestxhonest,A_own0,0.0,0.0,0.0,tau0.1_k2_lam0.85_R24,0.1,2.0,0.85,24,0.75,main,all,2000,0
costlyxhonest-honestxhonest,nonc_A,0.21017156862745098,0.187530807034223,0.23281233022067896,tau0.1_k2_lam0.85_R24,0.1,2.0,0.85,24,0.75,main,A_own0,1224,+
costlyxhonest-honestxhonest,A_dbelief,0.0473187600539884,0.040731206288180125,0.05390631381979667,tau0.1_k2_lam0.85_R24,0.1,2.0,0.85,24,0.75,main,A_own0,1224,+
costlyxhonest-honestxhonest,A_hidden_shift,0.15138228588702668,0.13666240275253647,0.1661021690215169,tau0.1_k2_lam0.85_R24,0.1,2.0,0.85,24,0.75,main,A_own0,1224,+
costlyxhonest-honestxhonest,A_p_truth,0.01874158438896483,0.011503577939213413,0.02597959083871625,tau0.1_k2_lam0.85_R24,0.1,2.0,0.85,24,0.75,main,A_own0,1224,+
costlyxhonest-honestxhonest,B_pC_true,0.06179989407661034,0.049595992823787675,0.07400379532943299,tau0.1_k2_lam0.85_R24,0.1,2.0,0.85,24,0.75,main,A_own0,1224,+
costlyxhonest-honestxhonest,B_pW_true,-0.07672445651733913,-0.08882588851134694,-0.06462302452333131,tau0.1_k2_lam0.85_R24,0.1,2.0,0.85,24,0.75,main,A_own0,1224,-
costlyxhonest-honestxhonest,nonc_B,0.04044117647058824,0.02938611283972442,0.051496240101452054,tau0.1_k2_lam0.85_R24,0.1,2.0,0.85,24,0.75,main,A_own0,1224,+
costlyxhonest-honestxhonest,U_final,0.25245098039215685,0.2281102462813909,0.27679171450292284,tau0.1_k2_lam0.85_R24,0.1,2.0,0.85,24,0.75,main,A_own0,1224,+
costlyxhonest-honestxhonest,A_transp_err,-0.013254789799175213,-0.017118040072068144,-0.009391539526282282,tau0.1_k2_lam0.85_R24,0.1,2.0,0.85,24,0.75,main,A_own0,1224,-
costlyxhonest-honestxhonest,B_p_truth,-0.0008029714777132756,-0.0060870437036144144,0.004481100748187863,tau0.1_k2_lam0.85_R24,0.1,2.0,0.85,24,0.75,main,A_own0,1224,0
costlyxhonest-honestxhonest,A_own0,0.0,0.0,0.0,tau0.1_k2_lam0.85_R24,0.1,2.0,0.85,24,0.75,main,A_own0,1224,0
attenuatedxhonest-honestxhonest,nonc_A,0.117,0.10177470776760654,0.1322252922323935,tau0.1_k2_lam0.85_R24,0.1,2.0,0.85,24,0.75,main,all,2000,+
attenuatedxhonest-honestxhonest,A_dbelief,-0.09666081939978453,-0.10284707818735249,-0.09047456061221658,tau0.1_k2_lam0.85_R24,0.1,2.0,0.85,24,0.75,main,all,2000,-
attenuatedxhonest-honestxhonest,A_hidden_shift,-0.010466651802558487,-0.014656357678097275,-0.0062769459270197,tau0.1_k2_lam0.85_R24,0.1,2.0,0.85,24,0.75,main,all,2000,-
attenuatedxhonest-honestxhonest,A_p_truth,-0.061762970983207266,-0.06876351585440509,-0.05476242611200944,tau0.1_k2_lam0.85_R24,0.1,2.0,0.85,24,0.75,main,all,2000,-
attenuatedxhonest-honestxhonest,B_pC_true,-0.0971433496042157,-0.10985859268011433,-0.08442810652831706,tau0.1_k2_lam0.85_R24,0.1,2.0,0.85,24,0.75,main,all,2000,-
attenuatedxhonest-honestxhonest,B_pW_true,0.11623334528397976,0.1035847020035922,0.1288819885643673,tau0.1_k2_lam0.85_R24,0.1,2.0,0.85,24,0.75,main,all,2000,+
attenuatedxhonest-honestxhonest,nonc_B,-0.0615,-0.07373090968717731,-0.049269090312822686,tau0.1_k2_lam0.85_R24,0.1,2.0,0.85,24,0.75,main,all,2000,-
attenuatedxhonest-honestxhonest,U_final,0.054125,0.044479245406483785,0.06377075459351622,tau0.1_k2_lam0.85_R24,0.1,2.0,0.85,24,0.75,main,all,2000,+
attenuatedxhonest-honestxhonest,A_transp_err,0.03607323485163708,0.03025637992127673,0.04189008978199744,tau0.1_k2_lam0.85_R24,0.1,2.0,0.85,24,0.75,main,all,2000,+
attenuatedxhonest-honestxhonest,B_p_truth,-0.03999224574438303,-0.04778618867664163,-0.03219830281212443,tau0.1_k2_lam0.85_R24,0.1,2.0,0.85,24,0.75,main,all,2000,-
attenuatedxhonest-honestxhonest,A_own0,0.0,0.0,0.0,tau0.1_k2_lam0.85_R24,0.1,2.0,0.85,24,0.75,main,all,2000,0
attenuatedxhonest-honestxhonest,nonc_A,0.20751633986928106,0.1851438188875772,0.22988886085098492,tau0.1_k2_lam0.85_R24,0.1,2.0,0.85,24,0.75,main,A_own0,1224,+
attenuatedxhonest-honestxhonest,A_dbelief,-0.1112342586396328,-0.12042060568395849,-0.1020479115953071,tau0.1_k2_lam0.85_R24,0.1,2.0,0.85,24,0.75,main,A_own0,1224,-
attenuatedxhonest-honestxhonest,A_hidden_shift,-0.005301196974450775,-0.010197613183483252,-0.00040478076541829687,tau0.1_k2_lam0.85_R24,0.1,2.0,0.85,24,0.75,main,A_own0,1224,-
attenuatedxhonest-honestxhonest,A_p_truth,-0.05934784576798361,-0.06995410793029834,-0.04874158360566888,tau0.1_k2_lam0.85_R24,0.1,2.0,0.85,24,0.75,main,A_own0,1224,-
attenuatedxhonest-honestxhonest,B_pC_true,-0.13210637054680244,-0.15019732654415235,-0.11401541454945253,tau0.1_k2_lam0.85_R24,0.1,2.0,0.85,24,0.75,main,A_own0,1224,-
attenuatedxhonest-honestxhonest,B_pW_true,0.1973211273855305,0.17847481814623223,0.2161674366248288,tau0.1_k2_lam0.85_R24,0.1,2.0,0.85,24,0.75,main,A_own0,1224,+
attenuatedxhonest-honestxhonest,nonc_B,-0.11907679738562091,-0.13686737796130893,-0.10128621680993288,tau0.1_k2_lam0.85_R24,0.1,2.0,0.85,24,0.75,main,A_own0,1224,-
attenuatedxhonest-honestxhonest,U_final,0.08843954248366014,0.0729813241147842,0.10389776085253608,tau0.1_k2_lam0.85_R24,0.1,2.0,0.85,24,0.75,main,A_own0,1224,+
attenuatedxhonest-honestxhonest,A_transp_err,0.05951445808753809,0.0502663818875986,0.06876253428747757,tau0.1_k2_lam0.85_R24,0.1,2.0,0.85,24,0.75,main,A_own0,1224,+
attenuatedxhonest-honestxhonest,B_p_truth,-0.057227994630404434,-0.06930433555300328,-0.0451516537078056,tau0.1_k2_lam0.85_R24,0.1,2.0,0.85,24,0.75,main,A_own0,1224,-
attenuatedxhonest-honestxhonest,A_own0,0.0,0.0,0.0,tau0.1_k2_lam0.85_R24,0.1,2.0,0.85,24,0.75,main,A_own0,1224,0
costlyxhonest-attenuatedxhonest,nonc_A,0.3735,0.353812673528084,0.393187326471916,tau0.2_k1_lam0.6_R12,0.2,1.0,0.6,12,0.75,main,all,2000,+
costlyxhonest-attenuatedxhonest,A_dbelief,0.11122186016522054,0.10520351055672843,0.11724020977371265,tau0.2_k1_lam0.6_R12,0.2,1.0,0.6,12,0.75,main,all,2000,+
costlyxhonest-attenuatedxhonest,A_hidden_shift,0.12098373137326252,0.11457563532705373,0.1273918274194713,tau0.2_k1_lam0.6_R12,0.2,1.0,0.6,12,0.75,main,all,2000,+
costlyxhonest-attenuatedxhonest,A_p_truth,0.07884940638197446,0.07177716838752327,0.08592164437642566,tau0.2_k1_lam0.6_R12,0.2,1.0,0.6,12,0.75,main,all,2000,+
costlyxhonest-attenuatedxhonest,B_pC_true,-0.00010904764135625111,-0.012152969529648026,0.011934874246935526,tau0.2_k1_lam0.6_R12,0.2,1.0,0.6,12,0.75,main,all,2000,0
costlyxhonest-attenuatedxhonest,B_pW_true,-0.07668605393710728,-0.08584979376777285,-0.06752231410644172,tau0.2_k1_lam0.6_R12,0.2,1.0,0.6,12,0.75,main,all,2000,-
costlyxhonest-attenuatedxhonest,nonc_B,-0.023625,-0.029633448153400847,-0.017616551846599153,tau0.2_k1_lam0.6_R12,0.2,1.0,0.6,12,0.75,main,all,2000,-
costlyxhonest-attenuatedxhonest,U_final,0.32225,0.301396800439358,0.34310319956064195,tau0.2_k1_lam0.6_R12,0.2,1.0,0.6,12,0.75,main,all,2000,+
costlyxhonest-attenuatedxhonest,A_transp_err,0.022627630270911574,0.01926614705827936,0.025989113483543786,tau0.2_k1_lam0.6_R12,0.2,1.0,0.6,12,0.75,main,all,2000,+
costlyxhonest-attenuatedxhonest,B_p_truth,0.004674265862088686,-3.4928649547222475e-05,0.009383460373724596,tau0.2_k1_lam0.6_R12,0.2,1.0,0.6,12,0.75,main,all,2000,0
costlyxhonest-attenuatedxhonest,A_own0,0.0,0.0,0.0,tau0.2_k1_lam0.6_R12,0.2,1.0,0.6,12,0.75,main,all,2000,0
costlyxhonest-attenuatedxhonest,nonc_A,0.02696078431372549,0.022027029820755883,0.0318945388066951,tau0.2_k1_lam0.6_R12,0.2,1.0,0.6,12,0.75,main,A_own0,1224,+
costlyxhonest-attenuatedxhonest,A_dbelief,0.10138337669301856,0.09323010400758588,0.10953664937845123,tau0.2_k1_lam0.6_R12,0.2,1.0,0.6,12,0.75,main,A_own0,1224,+
costlyxhonest-attenuatedxhonest,A_hidden_shift,0.10305591142995145,0.09471771572399072,0.11139410713591218,tau0.2_k1_lam0.6_R12,0.2,1.0,0.6,12,0.75,main,A_own0,1224,+
costlyxhonest-attenuatedxhonest,A_p_truth,0.07439431029402478,0.06536908064151525,0.08341953994653431,tau0.2_k1_lam0.6_R12,0.2,1.0,0.6,12,0.75,main,A_own0,1224,+
costlyxhonest-attenuatedxhonest,B_pC_true,0.040852191384808854,0.024711672439563865,0.05699271033005385,tau0.2_k1_lam0.6_R12,0.2,1.0,0.6,12,0.75,main,A_own0,1224,+
costlyxhonest-attenuatedxhonest,B_pW_true,-0.11605080706300255,-0.1289160064791803,-0.10318560764682481,tau0.2_k1_lam0.6_R12,0.2,1.0,0.6,12,0.75,main,A_own0,1224,-
costlyxhonest-attenuatedxhonest,nonc_B,-0.009191176470588236,-0.014214827089481645,-0.004167525851694826,tau0.2_k1_lam0.6_R12,0.2,1.0,0.6,12,0.75,main,A_own0,1224,-
costlyxhonest-attenuatedxhonest,U_final,-0.0004084967320261438,-0.0077713881048366105,0.006954394640784322,tau0.2_k1_lam0.6_R12,0.2,1.0,0.6,12,0.75,main,A_own0,1224,0
costlyxhonest-attenuatedxhonest,A_transp_err,-0.012970840120958034,-0.015668538059978906,-0.01027314218193716,tau0.2_k1_lam0.6_R12,0.2,1.0,0.6,12,0.75,main,A_own0,1224,-
costlyxhonest-attenuatedxhonest,B_p_truth,0.012370231751726454,0.009231737326597173,0.015508726176855735,tau0.2_k1_lam0.6_R12,0.2,1.0,0.6,12,0.75,main,A_own0,1224,+
costlyxhonest-attenuatedxhonest,A_own0,0.0,0.0,0.0,tau0.2_k1_lam0.6_R12,0.2,1.0,0.6,12,0.75,main,A_own0,1224,0
costlyxhonest-honestxhonest,nonc_A,0.43375,0.4136975328333461,0.45380246716665396,tau0.2_k1_lam0.6_R12,0.2,1.0,0.6,12,0.75,main,all,2000,+
costlyxhonest-honestxhonest,A_dbelief,0.024556056212037995,0.021218023195263887,0.0278940892288121,tau0.2_k1_lam0.6_R12,0.2,1.0,0.6,12,0.75,main,all,2000,+
costlyxhonest-honestxhonest,A_hidden_shift,0.089525795877217,0.08282686134063792,0.09622473041379608,tau0.2_k1_lam0.6_R12,0.2,1.0,0.6,12,0.75,main,all,2000,+
costlyxhonest-honestxhonest,A_p_truth,0.016834845758153874,0.012269405149132464,0.021400286367175284,tau0.2_k1_lam0.6_R12,0.2,1.0,0.6,12,0.75,main,all,2000,+
costlyxhonest-honestxhonest,B_pC_true,0.002114378724553907,-0.009397614703691794,0.013626372152799607,tau0.2_k1_lam0.6_R12,0.2,1.0,0.6,12,0.75,main,all,2000,0
costlyxhonest-honestxhonest,B_pW_true,-0.004607682259312446,-0.009035943294161124,-0.00017942122446376867,tau0.2_k1_lam0.6_R12,0.2,1.0,0.6,12,0.75,main,all,2000,-
costlyxhonest-honestxhonest,nonc_B,-0.029375,-0.036083538360251466,-0.02266646163974853,tau0.2_k1_lam0.6_R12,0.2,1.0,0.6,12,0.75,main,all,2000,-
costlyxhonest-honestxhonest,U_final,0.391125,0.3700160195292203,0.4122339804707797,tau0.2_k1_lam0.6_R12,0.2,1.0,0.6,12,0.75,main,all,2000,+
costlyxhonest-honestxhonest,A_transp_err,0.04153698265929293,0.03829149201359187,0.044782473304994,tau0.2_k1_lam0.6_R12,0.2,1.0,0.6,12,0.75,main,all,2000,+
costlyxhonest-honestxhonest,B_p_truth,-0.001467852055553645,-0.0062836907210141735,0.003347986609906884,tau0.2_k1_lam0.6_R12,0.2,1.0,0.6,12,0.75,main,all,2000,0
costlyxhonest-honestxhonest,A_own0,0.0,0.0,0.0,tau0.2_k1_lam0.6_R12,0.2,1.0,0.6,12,0.75,main,all,2000,0
costlyxhonest-honestxhonest,nonc_A,0.1256127450980392,0.11046810194172364,0.14075738825435477,tau0.2_k1_lam0.6_R12,0.2,1.0,0.6,12,0.75,main,A_own0,1224,+
costlyxhonest-honestxhonest,A_dbelief,0.011251324421363482,0.007536319792741443,0.014966329049985521,tau0.2_k1_lam0.6_R12,0.2,1.0,0.6,12,0.75,main,A_own0,1224,+
costlyxhonest-honestxhonest,A_hidden_shift,0.06302286488140137,0.05377864141486092,0.07226708834794182,tau0.2_k1_lam0.6_R12,0.2,1.0,0.6,12,0.75,main,A_own0,1224,+
costlyxhonest-honestxhonest,A_p_truth,0.0161547434005936,0.011916990640271834,0.020392496160915364,tau0.2_k1_lam0.6_R12,0.2,1.0,0.6,12,0.75,main,A_own0,1224,+
costlyxhonest-honestxhonest,B_pC_true,0.055527576426103294,0.03983039664444491,0.07122475620776167,tau0.2_k1_lam0.6_R12,0.2,1.0,0.6,12,0.75,main,A_own0,1224,+
costlyxhonest-honestxhonest,B_pW_true,-0.010842670788707003,-0.016399522337232776,-0.005285819240181229,tau0.2_k1_lam0.6_R12,0.2,1.0,0.6,12,0.75,main,A_own0,1224,-
costlyxhonest-honestxhonest,nonc_B,-0.027165032679738563,-0.03512006919046374,-0.019209996169013387,tau0.2_k1_lam0.6_R12,0.2,1.0,0.6,12,0.75,main,A_own0,1224,-
costlyxhonest-honestxhonest,U_final,0.09415849673202614,0.07729327585596522,0.11102371760808706,tau0.2_k1_lam0.6_R12,0.2,1.0,0.6,12,0.75,main,A_own0,1224,+
costlyxhonest-honestxhonest,A_transp_err,0.01482281588778126,0.011567152390916453,0.018078479384646066,tau0.2_k1_lam0.6_R12,0.2,1.0,0.6,12,0.75,main,A_own0,1224,+
costlyxhonest-honestxhonest,B_p_truth,0.005893121834673053,0.0009434511618197994,0.010842792507526306,tau0.2_k1_lam0.6_R12,0.2,1.0,0.6,12,0.75,main,A_own0,1224,+
costlyxhonest-honestxhonest,A_own0,0.0,0.0,0.0,tau0.2_k1_lam0.6_R12,0.2,1.0,0.6,12,0.75,main,A_own0,1224,0
attenuatedxhonest-honestxhonest,nonc_A,0.06025,0.0503505012254158,0.07014949877458419,tau0.2_k1_lam0.6_R12,0.2,1.0,0.6,12,0.75,main,all,2000,+
attenuatedxhonest-honestxhonest,A_dbelief,-0.08666580395318255,-0.09125646662353687,-0.08207514128282822,tau0.2_k1_lam0.6_R12,0.2,1.0,0.6,12,0.75,main,all,2000,-
attenuatedxhonest-honestxhonest,A_hidden_shift,-0.03145793549604554,-0.03548326158741411,-0.027432609404676962,tau0.2_k1_lam0.6_R12,0.2,1.0,0.6,12,0.75,main,all,2000,-
attenuatedxhonest-honestxhonest,A_p_truth,-0.06201456062382059,-0.06734720887898679,-0.056681912368654386,tau0.2_k1_lam0.6_R12,0.2,1.0,0.6,12,0.75,main,all,2000,-
attenuatedxhonest-honestxhonest,B_pC_true,0.0022234263659101573,-0.007680863624472897,0.01212771635629321,tau0.2_k1_lam0.6_R12,0.2,1.0,0.6,12,0.75,main,all,2000,0
attenuatedxhonest-honestxhonest,B_pW_true,0.07207837167779484,0.06317274727513819,0.08098399608045148,tau0.2_k1_lam0.6_R12,0.2,1.0,0.6,12,0.75,main,all,2000,+
attenuatedxhonest-honestxhonest,nonc_B,-0.00575,-0.011245834390501946,-0.0002541656094980525,tau0.2_k1_lam0.6_R12,0.2,1.0,0.6,12,0.75,main,all,2000,-
attenuatedxhonest-honestxhonest,U_final,0.068875,0.05911183915720318,0.07863816084279683,tau0.2_k1_lam0.6_R12,0.2,1.0,0.6,12,0.75,main,all,2000,+
attenuatedxhonest-honestxhonest,A_transp_err,0.018909352388381363,0.01624308536429237,0.021575619412470354,tau0.2_k1_lam0.6_R12,0.2,1.0,0.6,12,0.75,main,all,2000,+
attenuatedxhonest-honestxhonest,B_p_truth,-0.006142117917642333,-0.00990491936641166,-0.0023793164688730053,tau0.2_k1_lam0.6_R12,0.2,1.0,0.6,12,0.75,main,all,2000,-
attenuatedxhonest-honestxhonest,A_own0,0.0,0.0,0.0,tau0.2_k1_lam0.6_R12,0.2,1.0,0.6,12,0.75,main,all,2000,0
attenuatedxhonest-honestxhonest,nonc_A,0.09865196078431372,0.0846725819553004,0.11263133961332704,tau0.2_k1_lam0.6_R12,0.2,1.0,0.6,12,0.75,main,A_own0,1224,+
attenuatedxhonest-honestxhonest,A_dbelief,-0.09013205227165508,-0.09662685179131995,-0.0836372527519902,tau0.2_k1_lam0.6_R12,0.2,1.0,0.6,12,0.75,main,A_own0,1224,-
attenuatedxhonest-honestxhonest,A_hidden_shift,-0.04003304654855007,-0.04496630636650182,-0.03509978673059832,tau0.2_k1_lam0.6_R12,0.2,1.0,0.6,12,0.75,main,A_own0,1224,-
attenuatedxhonest-honestxhonest,A_p_truth,-0.058239566893431176,-0.06584458590111877,-0.05063454788574358,tau0.2_k1_lam0.6_R12,0.2,1.0,0.6,12,0.75,main,A_own0,1224,-
attenuatedxhonest-honestxhonest,B_pC_true,0.014675385041294427,-0.00039694506388213494,0.02974771514647099,tau0.2_k1_lam0.6_R12,0.2,1.0,0.6,12,0.75,main,A_own0,1224,0
attenuatedxhonest-honestxhonest,B_pW_true,0.10520813627429552,0.09302734326872583,0.11738892927986522,tau0.2_k1_lam0.6_R12,0.2,1.0,0.6,12,0.75,main,A_own0,1224,+
attenuatedxhonest-honestxhonest,nonc_B,-0.017973856209150325,-0.025859279905390956,-0.010088432512909697,tau0.2_k1_lam0.6_R12,0.2,1.0,0.6,12,0.75,main,A_own0,1224,-
attenuatedxhonest-honestxhonest,U_final,0.09456699346405228,0.07989645487290997,0.1092375320551946,tau0.2_k1_lam0.6_R12,0.2,1.0,0.6,12,0.75,main,A_own0,1224,+
attenuatedxhonest-honestxhonest,A_transp_err,0.027793656008739297,0.023627385107986912,0.03195992690949168,tau0.2_k1_lam0.6_R12,0.2,1.0,0.6,12,0.75,main,A_own0,1224,+
attenuatedxhonest-honestxhonest,B_p_truth,-0.006477109917053401,-0.011577407835508462,-0.0013768119985983407,tau0.2_k1_lam0.6_R12,0.2,1.0,0.6,12,0.75,main,A_own0,1224,-
attenuatedxhonest-honestxhonest,A_own0,0.0,0.0,0.0,tau0.2_k1_lam0.6_R12,0.2,1.0,0.6,12,0.75,main,A_own0,1224,0
costlyxhonest-attenuatedxhonest,nonc_A,0.37725,0.35765453835684125,0.3968454616431587,tau0.2_k1_lam0.6_R24,0.2,1.0,0.6,24,0.75,main,all,2000,+
costlyxhonest-attenuatedxhonest,A_dbelief,0.12697970173606718,0.1200199247752588,0.13393947869687556,tau0.2_k1_lam0.6_R24,0.2,1.0,0.6,24,0.75,main,all,2000,+
costlyxhonest-attenuatedxhonest,A_hidden_shift,0.1349060268966366,0.12755159142461986,0.14226046236865336,tau0.2_k1_lam0.6_R24,0.2,1.0,0.6,24,0.75,main,all,2000,+
costlyxhonest-attenuatedxhonest,A_p_truth,0.08829210551946255,0.08015636444427085,0.09642784659465425,tau0.2_k1_lam0.6_R24,0.2,1.0,0.6,24,0.75,main,all,2000,+
costlyxhonest-attenuatedxhonest,B_pC_true,-0.007156867115523909,-0.02112483562904007,0.006811101397992254,tau0.2_k1_lam0.6_R24,0.2,1.0,0.6,24,0.75,main,all,2000,0
costlyxhonest-attenuatedxhonest,B_pW_true,-0.15045044216079925,-0.16367847931258456,-0.13722240500901395,tau0.2_k1_lam0.6_R24,0.2,1.0,0.6,24,0.75,main,all,2000,-
costlyxhonest-attenuatedxhonest,nonc_B,-0.017125,-0.023625434463295958,-0.010624565536704045,tau0.2_k1_lam0.6_R24,0.2,1.0,0.6,24,0.75,main,all,2000,-
costlyxhonest-attenuatedxhonest,U_final,0.32525,0.3041678955624976,0.34633210443750234,tau0.2_k1_lam0.6_R24,0.2,1.0,0.6,24,0.75,main,all,2000,+
costlyxhonest-attenuatedxhonest,A_transp_err,0.032548456402657286,0.02802498066978491,0.03707193213552966,tau0.2_k1_lam0.6_R24,0.2,1.0,0.6,24,0.75,main,all,2000,+
costlyxhonest-attenuatedxhonest,B_p_truth,0.0070256927956059345,0.002176087465129607,0.011875298126082262,tau0.2_k1_lam0.6_R24,0.2,1.0,0.6,24,0.75,main,all,2000,+
costlyxhonest-attenuatedxhonest,A_own0,0.0,0.0,0.0,tau0.2_k1_lam0.6_R24,0.2,1.0,0.6,24,0.75,main,all,2000,0
costlyxhonest-attenuatedxhonest,nonc_A,0.034926470588235295,0.029162881833909287,0.0406900593425613,tau0.2_k1_lam0.6_R24,0.2,1.0,0.6,24,0.75,main,A_own0,1224,+
costlyxhonest-attenuatedxhonest,A_dbelief,0.11974780694718408,0.10995118401668058,0.12954442987768758,tau0.2_k1_lam0.6_R24,0.2,1.0,0.6,24,0.75,main,A_own0,1224,+
costlyxhonest-attenuatedxhonest,A_hidden_shift,0.12063232625981346,0.11056934791856622,0.1306953046010607,tau0.2_k1_lam0.6_R24,0.2,1.0,0.6,24,0.75,main,A_own0,1224,+
costlyxhonest-attenuatedxhonest,A_p_truth,0.08369442589728221,0.07277741441772598,0.09461143737683844,tau0.2_k1_lam0.6_R24,0.2,1.0,0.6,24,0.75,main,A_own0,1224,+
costlyxhonest-attenuatedxhonest,B_pC_true,0.0019880408090588806,-0.019182573671267834,0.023158655289385592,tau0.2_k1_lam0.6_R24,0.2,1.0,0.6,24,0.75,main,A_own0,1224,0
costlyxhonest-attenuatedxhonest,B_pW_true,-0.2010116970787623,-0.21974330150908403,-0.18228009264844056,tau0.2_k1_lam0.6_R24,0.2,1.0,0.6,24,0.75,main,A_own0,1224,-
costlyxhonest-attenuatedxhonest,nonc_B,-0.00428921568627451,-0.011936797317133832,0.003358365944584811,tau0.2_k1_lam0.6_R24,0.2,1.0,0.6,24,0.75,main,A_own0,1224,0
costlyxhonest-attenuatedxhonest,U_final,0.0055147058823529415,-0.003760815121101148,0.014790226885807032,tau0.2_k1_lam0.6_R24,0.2,1.0,0.6,24,0.75,main,A_own0,1224,0
costlyxhonest-attenuatedxhonest,A_transp_err,-0.016187513600839063,-0.020162890000617675,-0.01221213720106045,tau0.2_k1_lam0.6_R24,0.2,1.0,0.6,24,0.75,main,A_own0,1224,-
costlyxhonest-attenuatedxhonest,B_p_truth,0.014465424746900681,0.009535563239091407,0.019395286254709956,tau0.2_k1_lam0.6_R24,0.2,1.0,0.6,24,0.75,main,A_own0,1224,+
costlyxhonest-attenuatedxhonest,A_own0,0.0,0.0,0.0,tau0.2_k1_lam0.6_R24,0.2,1.0,0.6,24,0.75,main,A_own0,1224,0
costlyxhonest-honestxhonest,nonc_A,0.44275,0.42264135542252107,0.4628586445774789,tau0.2_k1_lam0.6_R24,0.2,1.0,0.6,24,0.75,main,all,2000,+
costlyxhonest-honestxhonest,A_dbelief,0.03782856501697071,0.033862772436334995,0.04179435759760643,tau0.2_k1_lam0.6_R24,0.2,1.0,0.6,24,0.75,main,all,2000,+
costlyxhonest-honestxhonest,A_hidden_shift,0.10498719233303677,0.09719844788927394,0.1127759367767996,tau0.2_k1_lam0.6_R24,0.2,1.0,0.6,24,0.75,main,all,2000,+
costlyxhonest-honestxhonest,A_p_truth,0.02310869948603814,0.01800269431445848,0.0282147046576178,tau0.2_k1_lam0.6_R24,0.2,1.0,0.6,24,0.75,main,all,2000,+
costlyxhonest-honestxhonest,B_pC_true,0.013253478686063755,0.00019788385024047464,0.026309073521887036,tau0.2_k1_lam0.6_R24,0.2,1.0,0.6,24,0.75,main,all,2000,+
costlyxhonest-honestxhonest,B_pW_true,0.0012801265364158901,-0.003938143286238788,0.0064983963590705685,tau0.2_k1_lam0.6_R24,0.2,1.0,0.6,24,0.75,main,all,2000,0
costlyxhonest-honestxhonest,nonc_B,-0.02025,-0.02570159718852677,-0.014798402811473231,tau0.2_k1_lam0.6_R24,0.2,1.0,0.6,24,0.75,main,all,2000,-
costlyxhonest-honestxhonest,U_final,0.4035,0.3824076287662546,0.42459237123374544,tau0.2_k1_lam0.6_R24,0.2,1.0,0.6,24,0.75,main,all,2000,+
costlyxhonest-honestxhonest,A_transp_err,0.056344722942998346,0.05237836155937928,0.060311084326617415,tau0.2_k1_lam0.6_R24,0.2,1.0,0.6,24,0.75,main,all,2000,+
costlyxhonest-honestxhonest,B_p_truth,-0.004515319780191222,-0.008567100685383005,-0.0004635388749994378,tau0.2_k1_lam0.6_R24,0.2,1.0,0.6,24,0.75,main,all,2000,-
costlyxhonest-honestxhonest,A_own0,0.0,0.0,0.0,tau0.2_k1_lam0.6_R24,0.2,1.0,0.6,24,0.75,main,all,2000,0
costlyxhonest-honestxhonest,nonc_A,0.1437908496732026,0.12720510548215297,0.16037659386425224,tau0.2_k1_lam0.6_R24,0.2,1.0,0.6,24,0.75,main,A_own0,1224,+
costlyxhonest-honestxhonest,A_dbelief,0.026604317467999555,0.02166475178256865,0.03154388315343046,tau0.2_k1_lam0.6_R24,0.2,1.0,0.6,24,0.75,main,A_own0,1224,+
costlyxhonest-honestxhonest,A_hidden_shift,0.08329374088183457,0.072186239373736,0.09440124238993314,tau0.2_k1_lam0.6_R24,0.2,1.0,0.6,24,0.75,main,A_own0,1224,+
costlyxhonest-honestxhonest,A_p_truth,0.0220276820670576,0.016521653364004546,0.027533710770110652,tau0.2_k1_lam0.6_R24,0.2,1.0,0.6,24,0.75,main,A_own0,1224,+
costlyxhonest-honestxhonest,B_pC_true,0.041657429023458016,0.021709931266938372,0.061604926779977656,tau0.2_k1_lam0.6_R24,0.2,1.0,0.6,24,0.75,main,A_own0,1224,+
costlyxhonest-honestxhonest,B_pW_true,-0.010889485587220235,-0.017644117297898426,-0.0041348538765420455,tau0.2_k1_lam0.6_R24,0.2,1.0,0.6,24,0.75,main,A_own0,1224,-
costlyxhonest-honestxhonest,nonc_B,-0.016544117647058824,-0.02261309663094934,-0.010475138663168305,tau0.2_k1_lam0.6_R24,0.2,1.0,0.6,24,0.75,main,A_own0,1224,-
costlyxhonest-honestxhonest,U_final,0.11233660130718955,0.0945751353011424,0.1300980673132367,tau0.2_k1_lam0.6_R24,0.2,1.0,0.6,24,0.75,main,A_own0,1224,+
costlyxhonest-honestxhonest,A_transp_err,0.019784338364440348,0.01588842399754102,0.023680252731339675,tau0.2_k1_lam0.6_R24,0.2,1.0,0.6,24,0.75,main,A_own0,1224,+
costlyxhonest-honestxhonest,B_p_truth,0.0009489130183179198,-0.003044377190825728,0.004942203227461568,tau0.2_k1_lam0.6_R24,0.2,1.0,0.6,24,0.75,main,A_own0,1224,0
costlyxhonest-honestxhonest,A_own0,0.0,0.0,0.0,tau0.2_k1_lam0.6_R24,0.2,1.0,0.6,24,0.75,main,A_own0,1224,0
attenuatedxhonest-honestxhonest,nonc_A,0.0655,0.055054776730745665,0.07594522326925435,tau0.2_k1_lam0.6_R24,0.2,1.0,0.6,24,0.75,main,all,2000,+
attenuatedxhonest-honestxhonest,A_dbelief,-0.08915113671909643,-0.09391486115267673,-0.08438741228551612,tau0.2_k1_lam0.6_R24,0.2,1.0,0.6,24,0.75,main,all,2000,-
attenuatedxhonest-honestxhonest,A_hidden_shift,-0.02991883456359984,-0.03401077653411727,-0.025826892593082407,tau0.2_k1_lam0.6_R24,0.2,1.0,0.6,24,0.75,main,all,2000,-
attenuatedxhonest-honestxhonest,A_p_truth,-0.06518340603342442,-0.0706986136374009,-0.05966819842944793,tau0.2_k1_lam0.6_R24,0.2,1.0,0.6,24,0.75,main,all,2000,-
attenuatedxhonest-honestxhonest,B_pC_true,0.020410345801587657,0.008588382166533834,0.03223230943664148,tau0.2_k1_lam0.6_R24,0.2,1.0,0.6,24,0.75,main,all,2000,+
attenuatedxhonest-honestxhonest,B_pW_true,0.1517305686972151,0.1389457973702537,0.1645153400241765,tau0.2_k1_lam0.6_R24,0.2,1.0,0.6,24,0.75,main,all,2000,+
attenuatedxhonest-honestxhonest,nonc_B,-0.003125,-0.008327504225140649,0.0020775042251406474,tau0.2_k1_lam0.6_R24,0.2,1.0,0.6,24,0.75,main,all,2000,0
attenuatedxhonest-honestxhonest,U_final,0.07825,0.0681933410247303,0.0883066589752697,tau0.2_k1_lam0.6_R24,0.2,1.0,0.6,24,0.75,main,all,2000,+
attenuatedxhonest-honestxhonest,A_transp_err,0.023796266540341057,0.020445005724404726,0.027147527356277387,tau0.2_k1_lam0.6_R24,0.2,1.0,0.6,24,0.75,main,all,2000,+
attenuatedxhonest-honestxhonest,B_p_truth,-0.011541012575797155,-0.015649583593533183,-0.007432441558061125,tau0.2_k1_lam0.6_R24,0.2,1.0,0.6,24,0.75,main,all,2000,-
attenuatedxhonest-honestxhonest,A_own0,0.0,0.0,0.0,tau0.2_k1_lam0.6_R24,0.2,1.0,0.6,24,0.75,main,all,2000,0
attenuatedxhonest-honestxhonest,nonc_A,0.10886437908496732,0.0939819631772259,0.12374679499270874,tau0.2_k1_lam0.6_R24,0.2,1.0,0.6,24,0.75,main,A_own0,1224,+
attenuatedxhonest-honestxhonest,A_dbelief,-0.09314348947918451,-0.09976311825246303,-0.08652386070590598,tau0.2_k1_lam0.6_R24,0.2,1.0,0.6,24,0.75,main,A_own0,1224,-
attenuatedxhonest-honestxhonest,A_hidden_shift,-0.037338585377978885,-0.042413948401798685,-0.032263222354159085,tau0.2_k1_lam0.6_R24,0.2,1.0,0.6,24,0.75,main,A_own0,1224,-
attenuatedxhonest-honestxhonest,A_p_truth,-0.06166674383022462,-0.06942510685733541,-0.05390838080311383,tau0.2_k1_lam0.6_R24,0.2,1.0,0.6,24,0.75,main,A_own0,1224,-
attenuatedxhonest-honestxhonest,B_pC_true,0.03966938821439913,0.021379947196693755,0.057958829232104506,tau0.2_k1_lam0.6_R24,0.2,1.0,0.6,24,0.75,main,A_own0,1224,+
attenuatedxhonest-honestxhonest,B_pW_true,0.19012221149154204,0.17229688734619533,0.20794753563688875,tau0.2_k1_lam0.6_R24,0.2,1.0,0.6,24,0.75,main,A_own0,1224,+
attenuatedxhonest-honestxhonest,nonc_B,-0.012254901960784314,-0.019134236758231237,-0.005375567163337391,tau0.2_k1_lam0.6_R24,0.2,1.0,0.6,24,0.75,main,A_own0,1224,-
attenuatedxhonest-honestxhonest,U_final,0.1068218954248366,0.09201171495484405,0.12163207589482915,tau0.2_k1_lam0.6_R24,0.2,1.0,0.6,24,0.75,main,A_own0,1224,+
attenuatedxhonest-honestxhonest,A_transp_err,0.03597185196527941,0.030821040626043246,0.041122663304515576,tau0.2_k1_lam0.6_R24,0.2,1.0,0.6,24,0.75,main,A_own0,1224,+
attenuatedxhonest-honestxhonest,B_p_truth,-0.01351651172858276,-0.019132669239179403,-0.007900354217986115,tau0.2_k1_lam0.6_R24,0.2,1.0,0.6,24,0.75,main,A_own0,1224,-
attenuatedxhonest-honestxhonest,A_own0,0.0,0.0,0.0,tau0.2_k1_lam0.6_R24,0.2,1.0,0.6,24,0.75,main,A_own0,1224,0
costlyxhonest-attenuatedxhonest,nonc_A,0.371625,0.3520053456629416,0.39124465433705835,tau0.2_k1_lam0.7_R12,0.2,1.0,0.7,12,0.75,main,all,2000,+
costlyxhonest-attenuatedxhonest,A_dbelief,0.12145455388418172,0.11506490312481145,0.12784420464355198,tau0.2_k1_lam0.7_R12,0.2,1.0,0.7,12,0.75,main,all,2000,+
costlyxhonest-attenuatedxhonest,A_hidden_shift,0.12919694531244416,0.12244451789055512,0.13594937273433322,tau0.2_k1_lam0.7_R12,0.2,1.0,0.7,12,0.75,main,all,2000,+
costlyxhonest-attenuatedxhonest,A_p_truth,0.0885962816235558,0.08113856317835187,0.09605400006875973,tau0.2_k1_lam0.7_R12,0.2,1.0,0.7,12,0.75,main,all,2000,+
costlyxhonest-attenuatedxhonest,B_pC_true,0.0414849405530887,0.028515747549495415,0.05445413355668198,tau0.2_k1_lam0.7_R12,0.2,1.0,0.7,12,0.75,main,all,2000,+
costlyxhonest-attenuatedxhonest,B_pW_true,-0.12055494305743908,-0.13241927994115626,-0.1086906061737219,tau0.2_k1_lam0.7_R12,0.2,1.0,0.7,12,0.75,main,all,2000,-
costlyxhonest-attenuatedxhonest,nonc_B,-0.01775,-0.023742326922070463,-0.011757673077929534,tau0.2_k1_lam0.7_R12,0.2,1.0,0.7,12,0.75,main,all,2000,-
costlyxhonest-attenuatedxhonest,U_final,0.3285,0.30774805860320853,0.3492519413967915,tau0.2_k1_lam0.7_R12,0.2,1.0,0.7,12,0.75,main,all,2000,+
costlyxhonest-attenuatedxhonest,A_transp_err,0.042637897503995326,0.03781136335826059,0.04746443164973006,tau0.2_k1_lam0.7_R12,0.2,1.0,0.7,12,0.75,main,all,2000,+
costlyxhonest-attenuatedxhonest,B_p_truth,0.005319179031153672,0.0005285133211505632,0.010109844741156782,tau0.2_k1_lam0.7_R12,0.2,1.0,0.7,12,0.75,main,all,2000,+
costlyxhonest-attenuatedxhonest,A_own0,0.0,0.0,0.0,tau0.2_k1_lam0.7_R12,0.2,1.0,0.7,12,0.75,main,all,2000,0
costlyxhonest-attenuatedxhonest,nonc_A,0.02696078431372549,0.021994626989828663,0.03192694163762232,tau0.2_k1_lam0.7_R12,0.2,1.0,0.7,12,0.75,main,A_own0,1224,+
costlyxhonest-attenuatedxhonest,A_dbelief,0.11484720611430542,0.1056580883463645,0.12403632388224634,tau0.2_k1_lam0.7_R12,0.2,1.0,0.7,12,0.75,main,A_own0,1224,+
costlyxhonest-attenuatedxhonest,A_hidden_shift,0.11571849520060692,0.10631063902821428,0.12512635137299957,tau0.2_k1_lam0.7_R12,0.2,1.0,0.7,12,0.75,main,A_own0,1224,+
costlyxhonest-attenuatedxhonest,A_p_truth,0.07953893096610928,0.0692331830391658,0.08984467889305277,tau0.2_k1_lam0.7_R12,0.2,1.0,0.7,12,0.75,main,A_own0,1224,+
costlyxhonest-attenuatedxhonest,B_pC_true,0.07393308958859184,0.055948798666392005,0.09191738051079167,tau0.2_k1_lam0.7_R12,0.2,1.0,0.7,12,0.75,main,A_own0,1224,+
costlyxhonest-attenuatedxhonest,B_pW_true,-0.18147157338530215,-0.19851996175635123,-0.16442318501425307,tau0.2_k1_lam0.7_R12,0.2,1.0,0.7,12,0.75,main,A_own0,1224,-
costlyxhonest-attenuatedxhonest,nonc_B,-0.0026552287581699347,-0.008359398191548233,0.003048940675208364,tau0.2_k1_lam0.7_R12,0.2,1.0,0.7,12,0.75,main,A_own0,1224,0
costlyxhonest-attenuatedxhonest,U_final,0.006331699346405229,-0.0012057696131490781,0.013869168305959537,tau0.2_k1_lam0.7_R12,0.2,1.0,0.7,12,0.75,main,A_own0,1224,0
costlyxhonest-attenuatedxhonest,A_transp_err,-0.011866905398290392,-0.015546877530967222,-0.008186933265613563,tau0.2_k1_lam0.7_R12,0.2,1.0,0.7,12,0.75,main,A_own0,1224,-
costlyxhonest-attenuatedxhonest,B_p_truth,0.013055522509016178,0.008888285345942461,0.017222759672089895,tau0.2_k1_lam0.7_R12,0.2,1.0,0.7,12,0.75,main,A_own0,1224,+
costlyxhonest-attenuatedxhonest,A_own0,0.0,0.0,0.0,tau0.2_k1_lam0.7_R12,0.2,1.0,0.7,12,0.75,main,A_own0,1224,0
costlyxhonest-honestxhonest,nonc_A,0.440125,0.420095412655971,0.460154587344029,tau0.2_k1_lam0.7_R12,0.2,1.0,0.7,12,0.75,main,all,2000,+
costlyxhonest-honestxhonest,A_dbelief,0.03344857110677779,0.030107720833199316,0.03678942138035626,tau0.2_k1_lam0.7_R12,0.2,1.0,0.7,12,0.75,main,all,2000,+
costlyxhonest-honestxhonest,A_hidden_shift,0.09951925444433221,0.09211695579092716,0.10692155309773727,tau0.2_k1_lam0.7_R12,0.2,1.0,0.7,12,0.75,main,all,2000,+
costlyxhonest-honestxhonest,A_p_truth,0.029103748214405232,0.02481385782901534,0.03339363859979513,tau0.2_k1_lam0.7_R12,0.2,1.0,0.7,12,0.75,main,all,2000,+
costlyxhonest-honestxhonest,B_pC_true,0.024785238160810692,0.013312853331879223,0.03625762298974216,tau0.2_k1_lam0.7_R12,0.2,1.0,0.7,12,0.75,main,all,2000,+
costlyxhonest-honestxhonest,B_pW_true,-0.014382412931181726,-0.018706651466600825,-0.010058174395762627,tau0.2_k1_lam0.7_R12,0.2,1.0,0.7,12,0.75,main,all,2000,-
costlyxhonest-honestxhonest,nonc_B,-0.0255,-0.03168599895663956,-0.019314001043360434,tau0.2_k1_lam0.7_R12,0.2,1.0,0.7,12,0.75,main,all,2000,-
costlyxhonest-honestxhonest,U_final,0.397875,0.37657121660406323,0.4191787833959367,tau0.2_k1_lam0.7_R12,0.2,1.0,0.7,12,0.75,main,all,2000,+
costlyxhonest-honestxhonest,A_transp_err,0.0636089596466562,0.05908002262562053,0.06813789666769185,tau0.2_k1_lam0.7_R12,0.2,1.0,0.7,12,0.75,main,all,2000,+
costlyxhonest-honestxhonest,B_p_truth,-0.003714765380782377,-0.008069406344168811,0.0006398755826040568,tau0.2_k1_lam0.7_R12,0.2,1.0,0.7,12,0.75,main,all,2000,0
costlyxhonest-honestxhonest,A_own0,0.0,0.0,0.0,tau0.2_k1_lam0.7_R12,0.2,1.0,0.7,12,0.75,main,all,2000,0
costlyxhonest-honestxhonest,nonc_A,0.13786764705882354,0.1218943667761572,0.15384092734148988,tau0.2_k1_lam0.7_R12,0.2,1.0,0.7,12,0.75,main,A_own0,1224,+
costlyxhonest-honestxhonest,A_dbelief,0.018399885446028445,0.014485758883549665,0.022314012008507224,tau0.2_k1_lam0.7_R12,0.2,1.0,0.7,12,0.75,main,A_own0,1224,+
costlyxhonest-honestxhonest,A_hidden_shift,0.07769942478630217,0.06701191759276942,0.08838693197983491,tau0.2_k1_lam0.7_R12,0.2,1.0,0.7,12,0.75,main,A_own0,1224,+
costlyxhonest-honestxhonest,A_p_truth,0.02024450821870162,0.015882819035945777,0.024606197401457464,tau0.2_k1_lam0.7_R12,0.2,1.0,0.7,12,0.75,main,A_own0,1224,+
costlyxhonest-honestxhonest,B_pC_true,0.06905568126695542,0.0527922722177724,0.08531909031613845,tau0.2_k1_lam0.7_R12,0.2,1.0,0.7,12,0.75,main,A_own0,1224,+
costlyxhonest-honestxhonest,B_pW_true,-0.014074326616766214,-0.01939468781718506,-0.008753965416347369,tau0.2_k1_lam0.7_R12,0.2,1.0,0.7,12,0.75,main,A_own0,1224,-
costlyxhonest-honestxhonest,nonc_B,-0.023284313725490197,-0.03061867411681079,-0.015949953334169605,tau0.2_k1_lam0.7_R12,0.2,1.0,0.7,12,0.75,main,A_own0,1224,-
costlyxhonest-honestxhonest,U_final,0.10273692810457516,0.08483409517575166,0.12063976103339866,tau0.2_k1_lam0.7_R12,0.2,1.0,0.7,12,0.75,main,A_own0,1224,+
costlyxhonest-honestxhonest,A_transp_err,0.02082737441148371,0.01666196419159544,0.024992784631371983,tau0.2_k1_lam0.7_R12,0.2,1.0,0.7,12,0.75,main,A_own0,1224,+
costlyxhonest-honestxhonest,B_p_truth,0.0020652947279467776,-0.002520834248638724,0.00665142370453228,tau0.2_k1_lam0.7_R12,0.2,1.0,0.7,12,0.75,main,A_own0,1224,0
costlyxhonest-honestxhonest,A_own0,0.0,0.0,0.0,tau0.2_k1_lam0.7_R12,0.2,1.0,0.7,12,0.75,main,A_own0,1224,0
attenuatedxhonest-honestxhonest,nonc_A,0.0685,0.058178736005448636,0.07882126399455137,tau0.2_k1_lam0.7_R12,0.2,1.0,0.7,12,0.75,main,all,2000,+
attenuatedxhonest-honestxhonest,A_dbelief,-0.08800598277740392,-0.09285672680587684,-0.08315523874893099,tau0.2_k1_lam0.7_R12,0.2,1.0,0.7,12,0.75,main,all,2000,-
attenuatedxhonest-honestxhonest,A_hidden_shift,-0.029677690868111953,-0.03375184506553082,-0.025603536670693088,tau0.2_k1_lam0.7_R12,0.2,1.0,0.7,12,0.75,main,all,2000,-
attenuatedxhonest-honestxhonest,A_p_truth,-0.059492533409150554,-0.06514073416669203,-0.05384433265160908,tau0.2_k1_lam0.7_R12,0.2,1.0,0.7,12,0.75,main,all,2000,-
attenuatedxhonest-honestxhonest,B_pC_true,-0.016699702392278006,-0.027037911853760293,-0.006361492930795718,tau0.2_k1_lam0.7_R12,0.2,1.0,0.7,12,0.75,main,all,2000,-
attenuatedxhonest-honestxhonest,B_pW_true,0.10617253012625735,0.09462924616491855,0.11771581408759615,tau0.2_k1_lam0.7_R12,0.2,1.0,0.7,12,0.75,main,all,2000,+
attenuatedxhonest-honestxhonest,nonc_B,-0.00775,-0.01327382460521101,-0.00222617539478899,tau0.2_k1_lam0.7_R12,0.2,1.0,0.7,12,0.75,main,all,2000,-
attenuatedxhonest-honestxhonest,U_final,0.069375,0.05896930617789185,0.07978069382210816,tau0.2_k1_lam0.7_R12,0.2,1.0,0.7,12,0.75,main,all,2000,+
attenuatedxhonest-honestxhonest,A_transp_err,0.02097106214266087,0.017507739058494967,0.024434385226826776,tau0.2_k1_lam0.7_R12,0.2,1.0,0.7,12,0.75,main,all,2000,+
attenuatedxhonest-honestxhonest,B_p_truth,-0.00903394441193605,-0.013325000992647409,-0.004742887831224692,tau0.2_k1_lam0.7_R12,0.2,1.0,0.7,12,0.75,main,all,2000,-
attenuatedxhonest-honestxhonest,A_own0,0.0,0.0,0.0,tau0.2_k1_lam0.7_R12,0.2,1.0,0.7,12,0.75,main,all,2000,0
attenuatedxhonest-honestxhonest,nonc_A,0.11090686274509803,0.0960610855232194,0.12575263996697666,tau0.2_k1_lam0.7_R12,0.2,1.0,0.7,12,0.75,main,A_own0,1224,+
attenuatedxhonest-honestxhonest,A_dbelief,-0.09644732066827694,-0.10347318457451393,-0.08942145676203994,tau0.2_k1_lam0.7_R12,0.2,1.0,0.7,12,0.75,main,A_own0,1224,-
attenuatedxhonest-honestxhonest,A_hidden_shift,-0.03801907041430478,-0.043237041106617836,-0.032801099721991724,tau0.2_k1_lam0.7_R12,0.2,1.0,0.7,12,0.75,main,A_own0,1224,-
attenuatedxhonest-honestxhonest,A_p_truth,-0.05929442274740767,-0.06755122646789433,-0.05103761902692101,tau0.2_k1_lam0.7_R12,0.2,1.0,0.7,12,0.75,main,A_own0,1224,-
attenuatedxhonest-honestxhonest,B_pC_true,-0.004877408321636422,-0.019925780251656967,0.010170963608384122,tau0.2_k1_lam0.7_R12,0.2,1.0,0.7,12,0.75,main,A_own0,1224,0
attenuatedxhonest-honestxhonest,B_pW_true,0.16739724676853587,0.15126037642325774,0.183534117113814,tau0.2_k1_lam0.7_R12,0.2,1.0,0.7,12,0.75,main,A_own0,1224,+
attenuatedxhonest-honestxhonest,nonc_B,-0.02062908496732026,-0.028524597623024967,-0.012733572311615555,tau0.2_k1_lam0.7_R12,0.2,1.0,0.7,12,0.75,main,A_own0,1224,-
attenuatedxhonest-honestxhonest,U_final,0.09640522875816994,0.08057705387302157,0.11223340364331831,tau0.2_k1_lam0.7_R12,0.2,1.0,0.7,12,0.75,main,A_own0,1224,+
attenuatedxhonest-honestxhonest,A_transp_err,0.0326942798097741,0.027287150180036954,0.03810140943951125,tau0.2_k1_lam0.7_R12,0.2,1.0,0.7,12,0.75,main,A_own0,1224,+
attenuatedxhonest-honestxhonest,B_p_truth,-0.0109902277810694,-0.01693551588456164,-0.0050449396775771585,tau0.2_k1_lam0.7_R12,0.2,1.0,0.7,12,0.75,main,A_own0,1224,-
attenuatedxhonest-honestxhonest,A_own0,0.0,0.0,0.0,tau0.2_k1_lam0.7_R12,0.2,1.0,0.7,12,0.75,main,A_own0,1224,0
costlyxhonest-attenuatedxhonest,nonc_A,0.3795,0.36000052517221864,0.39899947482778136,tau0.2_k1_lam0.7_R24,0.2,1.0,0.7,24,0.75,main,all,2000,+
costlyxhonest-attenuatedxhonest,A_dbelief,0.13540022049594877,0.12827241465518888,0.14252802633670866,tau0.2_k1_lam0.7_R24,0.2,1.0,0.7,24,0.75,main,all,2000,+
costlyxhonest-attenuatedxhonest,A_hidden_shift,0.14291339210958404,0.13540082445180782,0.15042595976736026,tau0.2_k1_lam0.7_R24,0.2,1.0,0.7,24,0.75,main,all,2000,+
costlyxhonest-attenuatedxhonest,A_p_truth,0.0923731755914915,0.08393618225889579,0.1008101689240872,tau0.2_k1_lam0.7_R24,0.2,1.0,0.7,24,0.75,main,all,2000,+
costlyxhonest-attenuatedxhonest,B_pC_true,0.003106164292281788,-0.011467040687100364,0.017679369271663938,tau0.2_k1_lam0.7_R24,0.2,1.0,0.7,24,0.75,main,all,2000,0
costlyxhonest-attenuatedxhonest,B_pW_true,-0.16742334759803523,-0.1818645181005535,-0.15298217709551695,tau0.2_k1_lam0.7_R24,0.2,1.0,0.7,24,0.75,main,all,2000,-
costlyxhonest-attenuatedxhonest,nonc_B,-0.0035,-0.01015560431023113,0.0031556043102311288,tau0.2_k1_lam0.7_R24,0.2,1.0,0.7,24,0.75,main,all,2000,0
costlyxhonest-attenuatedxhonest,U_final,0.345375,0.3249187452825295,0.36583125471747047,tau0.2_k1_lam0.7_R24,0.2,1.0,0.7,24,0.75,main,all,2000,+
costlyxhonest-attenuatedxhonest,A_transp_err,0.042061463783192365,0.0370439617781628,0.04707896578822193,tau0.2_k1_lam0.7_R24,0.2,1.0,0.7,24,0.75,main,all,2000,+
costlyxhonest-attenuatedxhonest,B_p_truth,0.010598286265625265,0.005020462016994107,0.016176110514256423,tau0.2_k1_lam0.7_R24,0.2,1.0,0.7,24,0.75,main,all,2000,+
costlyxhonest-attenuatedxhonest,A_own0,0.0,0.0,0.0,tau0.2_k1_lam0.7_R24,0.2,1.0,0.7,24,0.75,main,all,2000,0
costlyxhonest-attenuatedxhonest,nonc_A,0.03982843137254902,0.03359911429848611,0.046057748446611924,tau0.2_k1_lam0.7_R24,0.2,1.0,0.7,24,0.75,main,A_own0,1224,+
costlyxhonest-attenuatedxhonest,A_dbelief,0.13002333603407276,0.11968559587794846,0.14036107619019708,tau0.2_k1_lam0.7_R24,0.2,1.0,0.7,24,0.75,main,A_own0,1224,+
costlyxhonest-attenuatedxhonest,A_hidden_shift,0.13242764909454485,0.12176590687560876,0.14308939131348095,tau0.2_k1_lam0.7_R24,0.2,1.0,0.7,24,0.75,main,A_own0,1224,+
costlyxhonest-attenuatedxhonest,A_p_truth,0.08367614015151234,0.0718974414798821,0.09545483882314258,tau0.2_k1_lam0.7_R24,0.2,1.0,0.7,24,0.75,main,A_own0,1224,+
costlyxhonest-attenuatedxhonest,B_pC_true,0.000487788703214455,-0.021179185749703698,0.022154763156132608,tau0.2_k1_lam0.7_R24,0.2,1.0,0.7,24,0.75,main,A_own0,1224,0
costlyxhonest-attenuatedxhonest,B_pW_true,-0.24349051788061676,-0.26437564181314116,-0.22260539394809237,tau0.2_k1_lam0.7_R24,0.2,1.0,0.7,24,0.75,main,A_own0,1224,-
costlyxhonest-attenuatedxhonest,nonc_B,0.017769607843137254,0.010311274057685756,0.025227941628588754,tau0.2_k1_lam0.7_R24,0.2,1.0,0.7,24,0.75,main,A_own0,1224,+
costlyxhonest-attenuatedxhonest,U_final,0.03125,0.021441049925407484,0.041058950074592516,tau0.2_k1_lam0.7_R24,0.2,1.0,0.7,24,0.75,main,A_own0,1224,+
costlyxhonest-attenuatedxhonest,A_transp_err,-0.011526937334113203,-0.015758341752037747,-0.007295532916188658,tau0.2_k1_lam0.7_R24,0.2,1.0,0.7,24,0.75,main,A_own0,1224,-
costlyxhonest-attenuatedxhonest,B_p_truth,0.018539038892209952,0.012528385845333206,0.0245496919390867,tau0.2_k1_lam0.7_R24,0.2,1.0,0.7,24,0.75,main,A_own0,1224,+
costlyxhonest-attenuatedxhonest,A_own0,0.0,0.0,0.0,tau0.2_k1_lam0.7_R24,0.2,1.0,0.7,24,0.75,main,A_own0,1224,0
costlyxhonest-honestxhonest,nonc_A,0.453875,0.4336653634943291,0.47408463650567084,tau0.2_k1_lam0.7_R24,0.2,1.0,0.7,24,0.75,main,all,2000,+
costlyxhonest-honestxhonest,A_dbelief,0.04209201951961336,0.038041123295148985,0.04614291574407774,tau0.2_k1_lam0.7_R24,0.2,1.0,0.7,24,0.75,main,all,2000,+
costlyxhonest-honestxhonest,A_hidden_shift,0.11425331347492315,0.1060579135657238,0.1224487133841225,tau0.2_k1_lam0.7_R24,0.2,1.0,0.7,24,0.75,main,all,2000,+
costlyxhonest-honestxhonest,A_p_truth,0.03171687344894795,0.026747147221400227,0.036686599676495665,tau0.2_k1_lam0.7_R24,0.2,1.0,0.7,24,0.75,main,all,2000,+
costlyxhonest-honestxhonest,B_pC_true,0.01424699552990822,0.0004531749564075458,0.028040816103408896,tau0.2_k1_lam0.7_R24,0.2,1.0,0.7,24,0.75,main,all,2000,+
costlyxhonest-honestxhonest,B_pW_true,-0.006155798279527346,-0.011391656523166089,-0.0009199400358886039,tau0.2_k1_lam0.7_R24,0.2,1.0,0.7,24,0.75,main,all,2000,-
costlyxhonest-honestxhonest,nonc_B,-0.018625,-0.02425554340157311,-0.01299445659842689,tau0.2_k1_lam0.7_R24,0.2,1.0,0.7,24,0.75,main,all,2000,-
costlyxhonest-honestxhonest,U_final,0.41275,0.3915973676134993,0.43390263238650073,tau0.2_k1_lam0.7_R24,0.2,1.0,0.7,24,0.75,main,all,2000,+
costlyxhonest-honestxhonest,A_transp_err,0.06756500841117212,0.06301875077714951,0.07211126604519473,tau0.2_k1_lam0.7_R24,0.2,1.0,0.7,24,0.75,main,all,2000,+
costlyxhonest-honestxhonest,B_p_truth,-0.0032030018827775143,-0.0074162695205027915,0.0010102657549477634,tau0.2_k1_lam0.7_R24,0.2,1.0,0.7,24,0.75,main,all,2000,0
costlyxhonest-honestxhonest,A_own0,0.0,0.0,0.0,tau0.2_k1_lam0.7_R24,0.2,1.0,0.7,24,0.75,main,all,2000,0
costlyxhonest-honestxhonest,nonc_A,0.16176470588235295,0.14386529514444638,0.17966411662025952,tau0.2_k1_lam0.7_R24,0.2,1.0,0.7,24,0.75,main,A_own0,1224,+
costlyxhonest-honestxhonest,A_dbelief,0.025419630660597298,0.020326967535172574,0.03051229378602202,tau0.2_k1_lam0.7_R24,0.2,1.0,0.7,24,0.75,main,A_own0,1224,+
costlyxhonest-honestxhonest,A_hidden_shift,0.09567966717682515,0.08368628007345416,0.10767305428019613,tau0.2_k1_lam0.7_R24,0.2,1.0,0.7,24,0.75,main,A_own0,1224,+
costlyxhonest-honestxhonest,A_p_truth,0.023239523691667326,0.017594026879720562,0.02888502050361409,tau0.2_k1_lam0.7_R24,0.2,1.0,0.7,24,0.75,main,A_own0,1224,+
costlyxhonest-honestxhonest,B_pC_true,0.03974274828551734,0.018642311963045704,0.06084318460798897,tau0.2_k1_lam0.7_R24,0.2,1.0,0.7,24,0.75,main,A_own0,1224,+
costlyxhonest-honestxhonest,B_pW_true,-0.009514496247857213,-0.016225688297863274,-0.0028033041978511508,tau0.2_k1_lam0.7_R24,0.2,1.0,0.7,24,0.75,main,A_own0,1224,-
costlyxhonest-honestxhonest,nonc_B,-0.01715686274509804,-0.023979735227204868,-0.010333990262991213,tau0.2_k1_lam0.7_R24,0.2,1.0,0.7,24,0.75,main,A_own0,1224,-
costlyxhonest-honestxhonest,U_final,0.1235702614379085,0.10486277100728608,0.14227775186853092,tau0.2_k1_lam0.7_R24,0.2,1.0,0.7,24,0.75,main,A_own0,1224,+
costlyxhonest-honestxhonest,A_transp_err,0.028752321982248353,0.024023005615967624,0.03348163834852908,tau0.2_k1_lam0.7_R24,0.2,1.0,0.7,24,0.75,main,A_own0,1224,+
costlyxhonest-honestxhonest,B_p_truth,0.0026926572100607784,-0.001965015683414005,0.0073503301035355625,tau0.2_k1_lam0.7_R24,0.2,1.0,0.7,24,0.75,main,A_own0,1224,0
costlyxhonest-honestxhonest,A_own0,0.0,0.0,0.0,tau0.2_k1_lam0.7_R24,0.2,1.0,0.7,24,0.75,main,A_own0,1224,0
attenuatedxhonest-honestxhonest,nonc_A,0.074375,0.06337181024521117,0.08537818975478882,tau0.2_k1_lam0.7_R24,0.2,1.0,0.7,24,0.75,main,all,2000,+
attenuatedxhonest-honestxhonest,A_dbelief,-0.09330820097633542,-0.0984812205263328,-0.08813518142633804,tau0.2_k1_lam0.7_R24,0.2,1.0,0.7,24,0.75,main,all,2000,-
attenuatedxhonest-honestxhonest,A_hidden_shift,-0.028660078634660892,-0.03281223816097704,-0.024507919108344746,tau0.2_k1_lam0.7_R24,0.2,1.0,0.7,24,0.75,main,all,2000,-
attenuatedxhonest-honestxhonest,A_p_truth,-0.060656302142543556,-0.06674478804094205,-0.05456781624414506,tau0.2_k1_lam0.7_R24,0.2,1.0,0.7,24,0.75,main,all,2000,-
attenuatedxhonest-honestxhonest,B_pC_true,0.011140831237626433,-0.0013733976404692195,0.023655060115722083,tau0.2_k1_lam0.7_R24,0.2,1.0,0.7,24,0.75,main,all,2000,0
attenuatedxhonest-honestxhonest,B_pW_true,0.1612675493185079,0.14713961724051983,0.17539548139649597,tau0.2_k1_lam0.7_R24,0.2,1.0,0.7,24,0.75,main,all,2000,+
attenuatedxhonest-honestxhonest,nonc_B,-0.015125,-0.021532682200538,-0.008717317799461997,tau0.2_k1_lam0.7_R24,0.2,1.0,0.7,24,0.75,main,all,2000,-
attenuatedxhonest-honestxhonest,U_final,0.067375,0.05743946675321607,0.07731053324678394,tau0.2_k1_lam0.7_R24,0.2,1.0,0.7,24,0.75,main,all,2000,+
attenuatedxhonest-honestxhonest,A_transp_err,0.025503544627979744,0.02166682899766378,0.029340260258295708,tau0.2_k1_lam0.7_R24,0.2,1.0,0.7,24,0.75,main,all,2000,+
attenuatedxhonest-honestxhonest,B_p_truth,-0.013801288148402781,-0.019183732391478216,-0.008418843905327347,tau0.2_k1_lam0.7_R24,0.2,1.0,0.7,24,0.75,main,all,2000,-
attenuatedxhonest-honestxhonest,A_own0,0.0,0.0,0.0,tau0.2_k1_lam0.7_R24,0.2,1.0,0.7,24,0.75,main,all,2000,0
attenuatedxhonest-honestxhonest,nonc_A,0.12193627450980392,0.10603818565986506,0.13783436335974278,tau0.2_k1_lam0.7_R24,0.2,1.0,0.7,24,0.75,main,A_own0,1224,+
attenuatedxhonest-honestxhonest,A_dbelief,-0.10460370537347546,-0.11210578583164126,-0.09710162491530967,tau0.2_k1_lam0.7_R24,0.2,1.0,0.7,24,0.75,main,A_own0,1224,-
attenuatedxhonest-honestxhonest,A_hidden_shift,-0.03674798191771973,-0.042231343096450394,-0.03126462073898907,tau0.2_k1_lam0.7_R24,0.2,1.0,0.7,24,0.75,main,A_own0,1224,-
attenuatedxhonest-honestxhonest,A_p_truth,-0.06043661645984501,-0.06941559738161743,-0.051457635538072595,tau0.2_k1_lam0.7_R24,0.2,1.0,0.7,24,0.75,main,A_own0,1224,-
attenuatedxhonest-honestxhonest,B_pC_true,0.03925495958230289,0.02015084687844693,0.05835907228615886,tau0.2_k1_lam0.7_R24,0.2,1.0,0.7,24,0.75,main,A_own0,1224,+
attenuatedxhonest-honestxhonest,B_pW_true,0.23397602163275952,0.21386522219504991,0.25408682107046915,tau0.2_k1_lam0.7_R24,0.2,1.0,0.7,24,0.75,main,A_own0,1224,+
attenuatedxhonest-honestxhonest,nonc_B,-0.034926470588235295,-0.043692640691837765,-0.026160300484632824,tau0.2_k1_lam0.7_R24,0.2,1.0,0.7,24,0.75,main,A_own0,1224,-
attenuatedxhonest-honestxhonest,U_final,0.0923202614379085,0.07719102331881388,0.10744949955700313,tau0.2_k1_lam0.7_R24,0.2,1.0,0.7,24,0.75,main,A_own0,1224,+
attenuatedxhonest-honestxhonest,A_transp_err,0.04027925931636156,0.03445084897909842,0.0461076696536247,tau0.2_k1_lam0.7_R24,0.2,1.0,0.7,24,0.75,main,A_own0,1224,+
attenuatedxhonest-honestxhonest,B_p_truth,-0.015846381682149177,-0.023354588666417465,-0.008338174697880889,tau0.2_k1_lam0.7_R24,0.2,1.0,0.7,24,0.75,main,A_own0,1224,-
attenuatedxhonest-honestxhonest,A_own0,0.0,0.0,0.0,tau0.2_k1_lam0.7_R24,0.2,1.0,0.7,24,0.75,main,A_own0,1224,0
costlyxhonest-attenuatedxhonest,nonc_A,0.374125,0.3545876438961341,0.39366235610386585,tau0.2_k1_lam0.85_R12,0.2,1.0,0.85,12,0.75,main,all,2000,+
costlyxhonest-attenuatedxhonest,A_dbelief,0.13084439581769336,0.12418802249742024,0.13750076913796647,tau0.2_k1_lam0.85_R12,0.2,1.0,0.85,12,0.75,main,all,2000,+
costlyxhonest-attenuatedxhonest,A_hidden_shift,0.13813969130541107,0.13116622974837835,0.14511315286244378,tau0.2_k1_lam0.85_R12,0.2,1.0,0.85,12,0.75,main,all,2000,+
costlyxhonest-attenuatedxhonest,A_p_truth,0.08896262431277963,0.08099430215601645,0.0969309464695428,tau0.2_k1_lam0.85_R12,0.2,1.0,0.85,12,0.75,main,all,2000,+
costlyxhonest-attenuatedxhonest,B_pC_true,0.058593323651174596,0.04447755517372455,0.07270909212862464,tau0.2_k1_lam0.85_R12,0.2,1.0,0.85,12,0.75,main,all,2000,+
costlyxhonest-attenuatedxhonest,B_pW_true,-0.17440157303569587,-0.18859292669227404,-0.1602102193791177,tau0.2_k1_lam0.85_R12,0.2,1.0,0.85,12,0.75,main,all,2000,-
costlyxhonest-attenuatedxhonest,nonc_B,-0.01475,-0.02169452800301016,-0.0078054719969898375,tau0.2_k1_lam0.85_R12,0.2,1.0,0.85,12,0.75,main,all,2000,-
costlyxhonest-attenuatedxhonest,U_final,0.3255,0.30500315951091445,0.3459968404890856,tau0.2_k1_lam0.85_R12,0.2,1.0,0.85,12,0.75,main,all,2000,+
costlyxhonest-attenuatedxhonest,A_transp_err,0.04763944706524738,0.04201986560322344,0.05325902852727132,tau0.2_k1_lam0.85_R12,0.2,1.0,0.85,12,0.75,main,all,2000,+
costlyxhonest-attenuatedxhonest,B_p_truth,0.0034429490188843267,-0.001952394881373999,0.008838292919142652,tau0.2_k1_lam0.85_R12,0.2,1.0,0.85,12,0.75,main,all,2000,0
costlyxhonest-attenuatedxhonest,A_own0,0.0,0.0,0.0,tau0.2_k1_lam0.85_R12,0.2,1.0,0.85,12,0.75,main,all,2000,0
costlyxhonest-attenuatedxhonest,nonc_A,0.03308823529411765,0.027388328873961792,0.0387881417142735,tau0.2_k1_lam0.85_R12,0.2,1.0,0.85,12,0.75,main,A_own0,1224,+
costlyxhonest-attenuatedxhonest,A_dbelief,0.129528885460465,0.1195926394516168,0.13946513146931322,tau0.2_k1_lam0.85_R12,0.2,1.0,0.85,12,0.75,main,A_own0,1224,+
costlyxhonest-attenuatedxhonest,A_hidden_shift,0.13149554746506806,0.12129959251503544,0.14169150241510067,tau0.2_k1_lam0.85_R12,0.2,1.0,0.85,12,0.75,main,A_own0,1224,+
costlyxhonest-attenuatedxhonest,A_p_truth,0.07596267079222264,0.06437716163560972,0.08754817994883557,tau0.2_k1_lam0.85_R12,0.2,1.0,0.85,12,0.75,main,A_own0,1224,+
costlyxhonest-attenuatedxhonest,B_pC_true,0.08495950902865863,0.06516917291152169,0.10474984514579558,tau0.2_k1_lam0.85_R12,0.2,1.0,0.85,12,0.75,main,A_own0,1224,+
costlyxhonest-attenuatedxhonest,B_pW_true,-0.2618928884807751,-0.2820668563349031,-0.24171892062664707,tau0.2_k1_lam0.85_R12,0.2,1.0,0.85,12,0.75,main,A_own0,1224,-
costlyxhonest-attenuatedxhonest,nonc_B,0.007148692810457516,-3.78418994367866e-05,0.01433522752035182,tau0.2_k1_lam0.85_R12,0.2,1.0,0.85,12,0.75,main,A_own0,1224,0
costlyxhonest-attenuatedxhonest,U_final,0.010620915032679739,0.0016139676283685473,0.019627862436990932,tau0.2_k1_lam0.85_R12,0.2,1.0,0.85,12,0.75,main,A_own0,1224,+
costlyxhonest-attenuatedxhonest,A_transp_err,-0.01463316010838848,-0.018786266694651284,-0.010480053522125676,tau0.2_k1_lam0.85_R12,0.2,1.0,0.85,12,0.75,main,A_own0,1224,-
costlyxhonest-attenuatedxhonest,B_p_truth,0.013944074097793186,0.008580519719649135,0.019307628475937234,tau0.2_k1_lam0.85_R12,0.2,1.0,0.85,12,0.75,main,A_own0,1224,+
costlyxhonest-attenuatedxhonest,A_own0,0.0,0.0,0.0,tau0.2_k1_lam0.85_R12,0.2,1.0,0.85,12,0.75,main,A_own0,1224,0
costlyxhonest-honestxhonest,nonc_A,0.450375,0.43036953964264874,0.4703804603573513,tau0.2_k1_lam0.85_R12,0.2,1.0,0.85,12,0.75,main,all,2000,+
costlyxhonest-honestxhonest,A_dbelief,0.03909228169378365,0.035236189134267216,0.04294837425330008,tau0.2_k1_lam0.85_R12,0.2,1.0,0.85,12,0.75,main,all,2000,+
costlyxhonest-honestxhonest,A_hidden_shift,0.10993680711763167,0.1019325707251075,0.11794104351015583,tau0.2_k1_lam0.85_R12,0.2,1.0,0.85,12,0.75,main,all,2000,+
costlyxhonest-honestxhonest,A_p_truth,0.0316159780681231,0.026931104154922392,0.03630085198132381,tau0.2_k1_lam0.85_R12,0.2,1.0,0.85,12,0.75,main,all,2000,+
costlyxhonest-honestxhonest,B_pC_true,0.035843452270577024,0.02330957623243214,0.048377328308721906,tau0.2_k1_lam0.85_R12,0.2,1.0,0.85,12,0.75,main,all,2000,+
costlyxhonest-honestxhonest,B_pW_true,-0.0244395814140092,-0.02906233750415984,-0.01981682532385856,tau0.2_k1_lam0.85_R12,0.2,1.0,0.85,12,0.75,main,all,2000,-
costlyxhonest-honestxhonest,nonc_B,-0.021875,-0.02827334053237901,-0.015476659467620987,tau0.2_k1_lam0.85_R12,0.2,1.0,0.85,12,0.75,main,all,2000,-
costlyxhonest-honestxhonest,U_final,0.397125,0.3760150863901861,0.4182349136098139,tau0.2_k1_lam0.85_R12,0.2,1.0,0.85,12,0.75,main,all,2000,+
costlyxhonest-honestxhonest,A_transp_err,0.07371057530927229,0.0682617788054927,0.07915937181305188,tau0.2_k1_lam0.85_R12,0.2,1.0,0.85,12,0.75,main,all,2000,+
costlyxhonest-honestxhonest,B_p_truth,-0.006429589881964537,-0.011169147435891813,-0.0016900323280372616,tau0.2_k1_lam0.85_R12,0.2,1.0,0.85,12,0.75,main,all,2000,-
costlyxhonest-honestxhonest,A_own0,0.0,0.0,0.0,tau0.2_k1_lam0.85_R12,0.2,1.0,0.85,12,0.75,main,all,2000,0
costlyxhonest-honestxhonest,nonc_A,0.1607434640522876,0.1431721109747885,0.1783148171297867,tau0.2_k1_lam0.85_R12,0.2,1.0,0.85,12,0.75,main,A_own0,1224,+
costlyxhonest-honestxhonest,A_dbelief,0.02230949434997678,0.017797618540055966,0.026821370159897592,tau0.2_k1_lam0.85_R12,0.2,1.0,0.85,12,0.75,main,A_own0,1224,+
costlyxhonest-honestxhonest,A_hidden_shift,0.09607224640371136,0.08423537154994319,0.10790912125747952,tau0.2_k1_lam0.85_R12,0.2,1.0,0.85,12,0.75,main,A_own0,1224,+
costlyxhonest-honestxhonest,A_p_truth,0.015937126096528448,0.010749685072890768,0.021124567120166127,tau0.2_k1_lam0.85_R12,0.2,1.0,0.85,12,0.75,main,A_own0,1224,+
costlyxhonest-honestxhonest,B_pC_true,0.07366685605696287,0.055619488811029544,0.09171422330289619,tau0.2_k1_lam0.85_R12,0.2,1.0,0.85,12,0.75,main,A_own0,1224,+
costlyxhonest-honestxhonest,B_pW_true,-0.011703793401115766,-0.01687049991514066,-0.006537086887090873,tau0.2_k1_lam0.85_R12,0.2,1.0,0.85,12,0.75,main,A_own0,1224,-
costlyxhonest-honestxhonest,nonc_B,-0.015931372549019607,-0.02354100068689139,-0.008321744411147823,tau0.2_k1_lam0.85_R12,0.2,1.0,0.85,12,0.75,main,A_own0,1224,-
costlyxhonest-honestxhonest,U_final,0.11621732026143791,0.09741349754397588,0.13502114297889994,tau0.2_k1_lam0.85_R12,0.2,1.0,0.85,12,0.75,main,A_own0,1224,+
costlyxhonest-honestxhonest,A_transp_err,0.02844551139559972,0.023057459773173538,0.0338335630180259,tau0.2_k1_lam0.85_R12,0.2,1.0,0.85,12,0.75,main,A_own0,1224,+
costlyxhonest-honestxhonest,B_p_truth,0.002502680364991781,-0.0028725023531822784,0.007877863083165841,tau0.2_k1_lam0.85_R12,0.2,1.0,0.85,12,0.75,main,A_own0,1224,0
costlyxhonest-honestxhonest,A_own0,0.0,0.0,0.0,tau0.2_k1_lam0.85_R12,0.2,1.0,0.85,12,0.75,main,A_own0,1224,0
attenuatedxhonest-honestxhonest,nonc_A,0.07625,0.06527423658959339,0.08722576341040661,tau0.2_k1_lam0.85_R12,0.2,1.0,0.85,12,0.75,main,all,2000,+
attenuatedxhonest-honestxhonest,A_dbelief,-0.09175211412390974,-0.09716871525377685,-0.08633551299404263,tau0.2_k1_lam0.85_R12,0.2,1.0,0.85,12,0.75,main,all,2000,-
attenuatedxhonest-honestxhonest,A_hidden_shift,-0.02820288418777941,-0.032506702023491305,-0.023899066352067518,tau0.2_k1_lam0.85_R12,0.2,1.0,0.85,12,0.75,main,all,2000,-
attenuatedxhonest-honestxhonest,A_p_truth,-0.057346646244656525,-0.06365836364335187,-0.051034928845961176,tau0.2_k1_lam0.85_R12,0.2,1.0,0.85,12,0.75,main,all,2000,-
attenuatedxhonest-honestxhonest,B_pC_true,-0.02274987138059757,-0.03398191718554622,-0.01151782557564892,tau0.2_k1_lam0.85_R12,0.2,1.0,0.85,12,0.75,main,all,2000,-
attenuatedxhonest-honestxhonest,B_pW_true,0.14996199162168666,0.1356209313392712,0.16430305190410213,tau0.2_k1_lam0.85_R12,0.2,1.0,0.85,12,0.75,main,all,2000,+
attenuatedxhonest-honestxhonest,nonc_B,-0.007125,-0.013263163643465118,-0.0009868363565348828,tau0.2_k1_lam0.85_R12,0.2,1.0,0.85,12,0.75,main,all,2000,-
attenuatedxhonest-honestxhonest,U_final,0.071625,0.060723668870376474,0.08252633112962351,tau0.2_k1_lam0.85_R12,0.2,1.0,0.85,12,0.75,main,all,2000,+
attenuatedxhonest-honestxhonest,A_transp_err,0.02607112824402492,0.0217893889098759,0.03035286757817394,tau0.2_k1_lam0.85_R12,0.2,1.0,0.85,12,0.75,main,all,2000,+
attenuatedxhonest-honestxhonest,B_p_truth,-0.009872538900848863,-0.014993321523749999,-0.004751756277947726,tau0.2_k1_lam0.85_R12,0.2,1.0,0.85,12,0.75,main,all,2000,-
attenuatedxhonest-honestxhonest,A_own0,0.0,0.0,0.0,tau0.2_k1_lam0.85_R12,0.2,1.0,0.85,12,0.75,main,all,2000,0
attenuatedxhonest-honestxhonest,nonc_A,0.12765522875816993,0.11154644060238089,0.14376401691395896,tau0.2_k1_lam0.85_R12,0.2,1.0,0.85,12,0.75,main,A_own0,1224,+
attenuatedxhonest-honestxhonest,A_dbelief,-0.10721939111048825,-0.11519772118288917,-0.09924106103808734,tau0.2_k1_lam0.85_R12,0.2,1.0,0.85,12,0.75,main,A_own0,1224,-
attenuatedxhonest-honestxhonest,A_hidden_shift,-0.03542330106135668,-0.04126104960366692,-0.02958555251904644,tau0.2_k1_lam0.85_R12,0.2,1.0,0.85,12,0.75,main,A_own0,1224,-
attenuatedxhonest-honestxhonest,A_p_truth,-0.060025544695694204,-0.06949188001768077,-0.05055920937370764,tau0.2_k1_lam0.85_R12,0.2,1.0,0.85,12,0.75,main,A_own0,1224,-
attenuatedxhonest-honestxhonest,B_pC_true,-0.011292652971695766,-0.02786971908723232,0.005284413143840788,tau0.2_k1_lam0.85_R12,0.2,1.0,0.85,12,0.75,main,A_own0,1224,0
attenuatedxhonest-honestxhonest,B_pW_true,0.2501890950796593,0.2309320005971461,0.26944618956217253,tau0.2_k1_lam0.85_R12,0.2,1.0,0.85,12,0.75,main,A_own0,1224,+
attenuatedxhonest-honestxhonest,nonc_B,-0.023080065359477125,-0.03142880503774788,-0.014731325681206376,tau0.2_k1_lam0.85_R12,0.2,1.0,0.85,12,0.75,main,A_own0,1224,-
attenuatedxhonest-honestxhonest,U_final,0.10559640522875817,0.08865880066528604,0.1225340097922303,tau0.2_k1_lam0.85_R12,0.2,1.0,0.85,12,0.75,main,A_own0,1224,+
attenuatedxhonest-honestxhonest,A_transp_err,0.0430786715039882,0.03638363204944046,0.04977371095853594,tau0.2_k1_lam0.85_R12,0.2,1.0,0.85,12,0.75,main,A_own0,1224,+
attenuatedxhonest-honestxhonest,B_p_truth,-0.011441393732801406,-0.01851048618912735,-0.004372301276475462,tau0.2_k1_lam0.85_R12,0.2,1.0,0.85,12,0.75,main,A_own0,1224,-
attenuatedxhonest-honestxhonest,A_own0,0.0,0.0,0.0,tau0.2_k1_lam0.85_R12,0.2,1.0,0.85,12,0.75,main,A_own0,1224,0
costlyxhonest-attenuatedxhonest,nonc_A,0.38425,0.3648835501126143,0.40361644988738565,tau0.2_k1_lam0.85_R24,0.2,1.0,0.85,24,0.75,main,all,2000,+
costlyxhonest-attenuatedxhonest,A_dbelief,0.15217573356883382,0.1440689928028678,0.16028247433479983,tau0.2_k1_lam0.85_R24,0.2,1.0,0.85,24,0.75,main,all,2000,+
costlyxhonest-attenuatedxhonest,A_hidden_shift,0.15928782526115678,0.1505712372293152,0.16800441329299837,tau0.2_k1_lam0.85_R24,0.2,1.0,0.85,24,0.75,main,all,2000,+
costlyxhonest-attenuatedxhonest,A_p_truth,0.10084079365526834,0.09125582633471827,0.11042576097581841,tau0.2_k1_lam0.85_R24,0.2,1.0,0.85,24,0.75,main,all,2000,+
costlyxhonest-attenuatedxhonest,B_pC_true,0.042987848728413144,0.025563272833123703,0.06041242462370258,tau0.2_k1_lam0.85_R24,0.2,1.0,0.85,24,0.75,main,all,2000,+
costlyxhonest-attenuatedxhonest,B_pW_true,-0.18807773234879432,-0.20305616496266432,-0.17309929973492433,tau0.2_k1_lam0.85_R24,0.2,1.0,0.85,24,0.75,main,all,2000,-
costlyxhonest-attenuatedxhonest,nonc_B,0.0235,0.013665962561278656,0.03333403743872135,tau0.2_k1_lam0.85_R24,0.2,1.0,0.85,24,0.75,main,all,2000,+
costlyxhonest-attenuatedxhonest,U_final,0.366625,0.34618660260853445,0.3870633973914655,tau0.2_k1_lam0.85_R24,0.2,1.0,0.85,24,0.75,main,all,2000,+
costlyxhonest-attenuatedxhonest,A_transp_err,0.06803653641676113,0.061898924451295766,0.0741741483822265,tau0.2_k1_lam0.85_R24,0.2,1.0,0.85,24,0.75,main,all,2000,+
costlyxhonest-attenuatedxhonest,B_p_truth,0.012557159649717228,0.00522406815332845,0.019890251146106007,tau0.2_k1_lam0.85_R24,0.2,1.0,0.85,24,0.75,main,all,2000,+
costlyxhonest-attenuatedxhonest,A_own0,0.0,0.0,0.0,tau0.2_k1_lam0.85_R24,0.2,1.0,0.85,24,0.75,main,all,2000,0
costlyxhonest-attenuatedxhonest,nonc_A,0.051879084967320264,0.04422467816887493,0.0595334917657656,tau0.2_k1_lam0.85_R24,0.2,1.0,0.85,24,0.75,main,A_own0,1224,+
costlyxhonest-attenuatedxhonest,A_dbelief,0.15751141443861863,0.14512413804195515,0.1698986908352821,tau0.2_k1_lam0.85_R24,0.2,1.0,0.85,24,0.75,main,A_own0,1224,+
costlyxhonest-attenuatedxhonest,A_hidden_shift,0.1614436187167516,0.14825039418212552,0.1746368432513777,tau0.2_k1_lam0.85_R24,0.2,1.0,0.85,24,0.75,main,A_own0,1224,+
costlyxhonest-attenuatedxhonest,A_p_truth,0.08966957748066876,0.07529829860211257,0.10404085635922494,tau0.2_k1_lam0.85_R24,0.2,1.0,0.85,24,0.75,main,A_own0,1224,+
costlyxhonest-attenuatedxhonest,B_pC_true,0.05203409657728455,0.02577990336157122,0.07828828979299787,tau0.2_k1_lam0.85_R24,0.2,1.0,0.85,24,0.75,main,A_own0,1224,+
costlyxhonest-attenuatedxhonest,B_pW_true,-0.27611727935019725,-0.29747933550440486,-0.25475522319598964,tau0.2_k1_lam0.85_R24,0.2,1.0,0.85,24,0.75,main,A_own0,1224,-
costlyxhonest-attenuatedxhonest,nonc_B,0.06801470588235294,0.055334870149384534,0.08069454161532133,tau0.2_k1_lam0.85_R24,0.2,1.0,0.85,24,0.75,main,A_own0,1224,+
costlyxhonest-attenuatedxhonest,U_final,0.07679738562091504,0.06234363811309425,0.09125113312873583,tau0.2_k1_lam0.85_R24,0.2,1.0,0.85,24,0.75,main,A_own0,1224,+
costlyxhonest-attenuatedxhonest,A_transp_err,0.0065027775417876195,0.0008546717903084892,0.012150883293266749,tau0.2_k1_lam0.85_R24,0.2,1.0,0.85,24,0.75,main,A_own0,1224,+
costlyxhonest-attenuatedxhonest,B_p_truth,0.030065152697212934,0.020596425509344,0.03953387988508187,tau0.2_k1_lam0.85_R24,0.2,1.0,0.85,24,0.75,main,A_own0,1224,+
costlyxhonest-attenuatedxhonest,A_own0,0.0,0.0,0.0,tau0.2_k1_lam0.85_R24,0.2,1.0,0.85,24,0.75,main,A_own0,1224,0
costlyxhonest-honestxhonest,nonc_A,0.4755,0.4552846105457898,0.4957153894542102,tau0.2_k1_lam0.85_R24,0.2,1.0,0.85,24,0.75,main,all,2000,+
costlyxhonest-honestxhonest,A_dbelief,0.05205578625889848,0.047147152415314406,0.05696442010248255,tau0.2_k1_lam0.85_R24,0.2,1.0,0.85,24,0.75,main,all,2000,+
costlyxhonest-honestxhonest,A_hidden_shift,0.1384368659110224,0.1285786597931609,0.14829507202888387,tau0.2_k1_lam0.85_R24,0.2,1.0,0.85,24,0.75,main,all,2000,+
costlyxhonest-honestxhonest,A_p_truth,0.04425665626202891,0.03883422398292583,0.04967908854113199,tau0.2_k1_lam0.85_R24,0.2,1.0,0.85,24,0.75,main,all,2000,+
costlyxhonest-honestxhonest,B_pC_true,0.014537205439548005,0.00011909038490253224,0.028955320494193477,tau0.2_k1_lam0.85_R24,0.2,1.0,0.85,24,0.75,main,all,2000,+
costlyxhonest-honestxhonest,B_pW_true,-0.01183522658414584,-0.01683043014592324,-0.006840023022368443,tau0.2_k1_lam0.85_R24,0.2,1.0,0.85,24,0.75,main,all,2000,-
costlyxhonest-honestxhonest,nonc_B,-0.016625,-0.023531014074898875,-0.009718985925101127,tau0.2_k1_lam0.85_R24,0.2,1.0,0.85,24,0.75,main,all,2000,-
costlyxhonest-honestxhonest,U_final,0.416375,0.3950994759300805,0.4376505240699195,tau0.2_k1_lam0.85_R24,0.2,1.0,0.85,24,0.75,main,all,2000,+
costlyxhonest-honestxhonest,A_transp_err,0.10041822899632169,0.0937853542572245,0.10705110373541887,tau0.2_k1_lam0.85_R24,0.2,1.0,0.85,24,0.75,main,all,2000,+
costlyxhonest-honestxhonest,B_p_truth,-0.008928641594014505,-0.013909681635923873,-0.003947601552105138,tau0.2_k1_lam0.85_R24,0.2,1.0,0.85,24,0.75,main,all,2000,-
costlyxhonest-honestxhonest,A_own0,0.0,0.0,0.0,tau0.2_k1_lam0.85_R24,0.2,1.0,0.85,24,0.75,main,all,2000,0
costlyxhonest-honestxhonest,nonc_A,0.198937908496732,0.17908659567239693,0.2187892213210671,tau0.2_k1_lam0.85_R24,0.2,1.0,0.85,24,0.75,main,A_own0,1224,+
costlyxhonest-honestxhonest,A_dbelief,0.03603580055116328,0.029257669521550834,0.04281393158077573,tau0.2_k1_lam0.85_R24,0.2,1.0,0.85,24,0.75,main,A_own0,1224,+
costlyxhonest-honestxhonest,A_hidden_shift,0.13648237711991765,0.12139102664746437,0.15157372759237092,tau0.2_k1_lam0.85_R24,0.2,1.0,0.85,24,0.75,main,A_own0,1224,+
costlyxhonest-honestxhonest,A_p_truth,0.031202601219133007,0.024159083341188742,0.03824611909707727,tau0.2_k1_lam0.85_R24,0.2,1.0,0.85,24,0.75,main,A_own0,1224,+
costlyxhonest-honestxhonest,B_pC_true,0.03268540131310237,0.010530857098392795,0.05483994552781195,tau0.2_k1_lam0.85_R24,0.2,1.0,0.85,24,0.75,main,A_own0,1224,+
costlyxhonest-honestxhonest,B_pW_true,-0.000932264815545135,-0.006466321909940941,0.00460179227885067,tau0.2_k1_lam0.85_R24,0.2,1.0,0.85,24,0.75,main,A_own0,1224,0
costlyxhonest-honestxhonest,nonc_B,-0.012050653594771242,-0.020789755308043317,-0.003311551881499168,tau0.2_k1_lam0.85_R24,0.2,1.0,0.85,24,0.75,main,A_own0,1224,-
costlyxhonest-honestxhonest,U_final,0.14399509803921567,0.12380730611586284,0.16418288996256852,tau0.2_k1_lam0.85_R24,0.2,1.0,0.85,24,0.75,main,A_own0,1224,+
costlyxhonest-honestxhonest,A_transp_err,0.06011411590681608,0.05191788757602487,0.06831034423760729,tau0.2_k1_lam0.85_R24,0.2,1.0,0.85,24,0.75,main,A_own0,1224,+
costlyxhonest-honestxhonest,B_p_truth,0.0012510075331501824,-0.004586098993762914,0.0070881140600632785,tau0.2_k1_lam0.85_R24,0.2,1.0,0.85,24,0.75,main,A_own0,1224,0
costlyxhonest-honestxhonest,A_own0,0.0,0.0,0.0,tau0.2_k1_lam0.85_R24,0.2,1.0,0.85,24,0.75,main,A_own0,1224,0
attenuatedxhonest-honestxhonest,nonc_A,0.09125,0.07943217578254706,0.10306782421745293,tau0.2_k1_lam0.85_R24,0.2,1.0,0.85,24,0.75,main,all,2000,+
attenuatedxhonest-honestxhonest,A_dbelief,-0.10011994730993536,-0.10618248872481251,-0.0940574058950582,tau0.2_k1_lam0.85_R24,0.2,1.0,0.85,24,0.75,main,all,2000,-
attenuatedxhonest-honestxhonest,A_hidden_shift,-0.020850959350134438,-0.024865868606494045,-0.01683605009377483,tau0.2_k1_lam0.85_R24,0.2,1.0,0.85,24,0.75,main,all,2000,-
attenuatedxhonest-honestxhonest,A_p_truth,-0.056584137393239434,-0.06367692036264556,-0.0494913544238333,tau0.2_k1_lam0.85_R24,0.2,1.0,0.85,24,0.75,main,all,2000,-
attenuatedxhonest-honestxhonest,B_pC_true,-0.02845064328886513,-0.04298906381545117,-0.013912222762279092,tau0.2_k1_lam0.85_R24,0.2,1.0,0.85,24,0.75,main,all,2000,-
attenuatedxhonest-honestxhonest,B_pW_true,0.17624250576464848,0.16079091189619535,0.1916940996331016,tau0.2_k1_lam0.85_R24,0.2,1.0,0.85,24,0.75,main,all,2000,+
attenuatedxhonest-honestxhonest,nonc_B,-0.040125,-0.04970272537710283,-0.03054727462289717,tau0.2_k1_lam0.85_R24,0.2,1.0,0.85,24,0.75,main,all,2000,-
attenuatedxhonest-honestxhonest,U_final,0.04975,0.039975777900066456,0.05952422209993355,tau0.2_k1_lam0.85_R24,0.2,1.0,0.85,24,0.75,main,all,2000,+
attenuatedxhonest-honestxhonest,A_transp_err,0.032381692579560535,0.026749144322456612,0.03801424083666446,tau0.2_k1_lam0.85_R24,0.2,1.0,0.85,24,0.75,main,all,2000,+
attenuatedxhonest-honestxhonest,B_p_truth,-0.021485801243731735,-0.028642098658545195,-0.014329503828918273,tau0.2_k1_lam0.85_R24,0.2,1.0,0.85,24,0.75,main,all,2000,-
attenuatedxhonest-honestxhonest,A_own0,0.0,0.0,0.0,tau0.2_k1_lam0.85_R24,0.2,1.0,0.85,24,0.75,main,all,2000,0
attenuatedxhonest-honestxhonest,nonc_A,0.14705882352941177,0.12968256608712603,0.1644350809716975,tau0.2_k1_lam0.85_R24,0.2,1.0,0.85,24,0.75,main,A_own0,1224,+
attenuatedxhonest-honestxhonest,A_dbelief,-0.12147561388745533,-0.13058937823965935,-0.11236184953525132,tau0.2_k1_lam0.85_R24,0.2,1.0,0.85,24,0.75,main,A_own0,1224,-
attenuatedxhonest-honestxhonest,A_hidden_shift,-0.024961241596833997,-0.030424870955024504,-0.01949761223864349,tau0.2_k1_lam0.85_R24,0.2,1.0,0.85,24,0.75,main,A_own0,1224,-
attenuatedxhonest-honestxhonest,A_p_truth,-0.05846697626153576,-0.06938822563624135,-0.047545726886830175,tau0.2_k1_lam0.85_R24,0.2,1.0,0.85,24,0.75,main,A_own0,1224,-
attenuatedxhonest-honestxhonest,B_pC_true,-0.019348695264182175,-0.04159152932784338,0.0028941387994790325,tau0.2_k1_lam0.85_R24,0.2,1.0,0.85,24,0.75,main,A_own0,1224,0
attenuatedxhonest-honestxhonest,B_pW_true,0.27518501453465216,0.2539825763781869,0.29638745269111744,tau0.2_k1_lam0.85_R24,0.2,1.0,0.85,24,0.75,main,A_own0,1224,+
attenuatedxhonest-honestxhonest,nonc_B,-0.08006535947712418,-0.0937903103444898,-0.06634040860975855,tau0.2_k1_lam0.85_R24,0.2,1.0,0.85,24,0.75,main,A_own0,1224,-
attenuatedxhonest-honestxhonest,U_final,0.06719771241830065,0.052274040627103266,0.08212138420949804,tau0.2_k1_lam0.85_R24,0.2,1.0,0.85,24,0.75,main,A_own0,1224,+
attenuatedxhonest-honestxhonest,A_transp_err,0.05361133836502846,0.044761856174471454,0.06246082055558547,tau0.2_k1_lam0.85_R24,0.2,1.0,0.85,24,0.75,main,A_own0,1224,+
attenuatedxhonest-honestxhonest,B_p_truth,-0.02881414516406276,-0.039579598218088374,-0.018048692110037144,tau0.2_k1_lam0.85_R24,0.2,1.0,0.85,24,0.75,main,A_own0,1224,-
attenuatedxhonest-honestxhonest,A_own0,0.0,0.0,0.0,tau0.2_k1_lam0.85_R24,0.2,1.0,0.85,24,0.75,main,A_own0,1224,0
costlyxhonest-attenuatedxhonest,nonc_A,0.358875,0.3388973508585192,0.3788526491414808,tau0.2_k2_lam0.6_R12,0.2,2.0,0.6,12,0.75,main,all,2000,+
costlyxhonest-attenuatedxhonest,A_dbelief,0.10947328232616832,0.10353705099207966,0.11540951366025698,tau0.2_k2_lam0.6_R12,0.2,2.0,0.6,12,0.75,main,all,2000,+
costlyxhonest-attenuatedxhonest,A_hidden_shift,0.11402379928599468,0.10765767030657059,0.12038992826541878,tau0.2_k2_lam0.6_R12,0.2,2.0,0.6,12,0.75,main,all,2000,+
costlyxhonest-attenuatedxhonest,A_p_truth,0.08177348220629536,0.07495786654648885,0.08858909786610188,tau0.2_k2_lam0.6_R12,0.2,2.0,0.6,12,0.75,main,all,2000,+
costlyxhonest-attenuatedxhonest,B_pC_true,0.0387410615967384,0.028514405237433538,0.048967717956043266,tau0.2_k2_lam0.6_R12,0.2,2.0,0.6,12,0.75,main,all,2000,+
costlyxhonest-attenuatedxhonest,B_pW_true,-0.08019908200987308,-0.08952229073193012,-0.07087587328781604,tau0.2_k2_lam0.6_R12,0.2,2.0,0.6,12,0.75,main,all,2000,-
costlyxhonest-attenuatedxhonest,nonc_B,-0.007,-0.011842252007305187,-0.0021577479926948133,tau0.2_k2_lam0.6_R12,0.2,2.0,0.6,12,0.75,main,all,2000,-
costlyxhonest-attenuatedxhonest,U_final,0.2965,0.27532692157892685,0.3176730784210731,tau0.2_k2_lam0.6_R12,0.2,2.0,0.6,12,0.75,main,all,2000,+
costlyxhonest-attenuatedxhonest,A_transp_err,0.0005279428461927928,-0.0015338519074771747,0.0025897375998627605,tau0.2_k2_lam0.6_R12,0.2,2.0,0.6,12,0.75,main,all,2000,0
costlyxhonest-attenuatedxhonest,B_p_truth,0.006246643975838511,0.002598442834820573,0.00989484511685645,tau0.2_k2_lam0.6_R12,0.2,2.0,0.6,12,0.75,main,all,2000,+
costlyxhonest-attenuatedxhonest,A_own0,0.0,0.0,0.0,tau0.2_k2_lam0.6_R12,0.2,2.0,0.6,12,0.75,main,all,2000,0
costlyxhonest-attenuatedxhonest,nonc_A,0.004084967320261438,0.001978174381718525,0.006191760258804351,tau0.2_k2_lam0.6_R12,0.2,2.0,0.6,12,0.75,main,A_own0,1224,+
costlyxhonest-attenuatedxhonest,A_dbelief,0.11068875117915838,0.10200527271065328,0.11937222964766349,tau0.2_k2_lam0.6_R12,0.2,2.0,0.6,12,0.75,main,A_own0,1224,+
costlyxhonest-attenuatedxhonest,A_hidden_shift,0.11006580347302578,0.10131751725093474,0.11881408969511681,tau0.2_k2_lam0.6_R12,0.2,2.0,0.6,12,0.75,main,A_own0,1224,+
costlyxhonest-attenuatedxhonest,A_p_truth,0.07606134019861191,0.06621798309281451,0.0859046973044093,tau0.2_k2_lam0.6_R12,0.2,2.0,0.6,12,0.75,main,A_own0,1224,+
costlyxhonest-attenuatedxhonest,B_pC_true,0.07350945426565754,0.06149589594618275,0.08552301258513233,tau0.2_k2_lam0.6_R12,0.2,2.0,0.6,12,0.75,main,A_own0,1224,+
costlyxhonest-attenuatedxhonest,B_pW_true,-0.10335342661395983,-0.11706831543741154,-0.08963853779050811,tau0.2_k2_lam0.6_R12,0.2,2.0,0.6,12,0.75,main,A_own0,1224,-
costlyxhonest-attenuatedxhonest,nonc_B,0.0002042483660130719,-0.005829737515532396,0.00623823424755854,tau0.2_k2_lam0.6_R12,0.2,2.0,0.6,12,0.75,main,A_own0,1224,0
costlyxhonest-attenuatedxhonest,U_final,0.0032679738562091504,-0.005504420021728379,0.01204036773414668,tau0.2_k2_lam0.6_R12,0.2,2.0,0.6,12,0.75,main,A_own0,1224,0
costlyxhonest-attenuatedxhonest,A_transp_err,-0.011564380621812207,-0.014175333210120402,-0.008953428033504011,tau0.2_k2_lam0.6_R12,0.2,2.0,0.6,12,0.75,main,A_own0,1224,-
costlyxhonest-attenuatedxhonest,B_p_truth,0.007891201068790791,0.003228084475169769,0.012554317662411814,tau0.2_k2_lam0.6_R12,0.2,2.0,0.6,12,0.75,main,A_own0,1224,+
costlyxhonest-attenuatedxhonest,A_own0,0.0,0.0,0.0,tau0.2_k2_lam0.6_R12,0.2,2.0,0.6,12,0.75,main,A_own0,1224,0
costlyxhonest-honestxhonest,nonc_A,0.42875,0.40823857640242883,0.4492614235975712,tau0.2_k2_lam0.6_R12,0.2,2.0,0.6,12,0.75,main,all,2000,+
costlyxhonest-honestxhonest,A_dbelief,0.01577624084753433,0.01362635989073684,0.017926121804331823,tau0.2_k2_lam0.6_R12,0.2,2.0,0.6,12,0.75,main,all,2000,+
costlyxhonest-honestxhonest,A_hidden_shift,0.08842752046368316,0.08130284963349732,0.095552191293869,tau0.2_k2_lam0.6_R12,0.2,2.0,0.6,12,0.75,main,all,2000,+
costlyxhonest-honestxhonest,A_p_truth,0.013179382484523739,0.01040222196919718,0.015956542999850297,tau0.2_k2_lam0.6_R12,0.2,2.0,0.6,12,0.75,main,all,2000,+
costlyxhonest-honestxhonest,B_pC_true,0.004949392412506053,-0.004837674278784127,0.014736459103796232,tau0.2_k2_lam0.6_R12,0.2,2.0,0.6,12,0.75,main,all,2000,0
costlyxhonest-honestxhonest,B_pW_true,-0.022434721045995986,-0.02688290599441863,-0.017986536097573343,tau0.2_k2_lam0.6_R12,0.2,2.0,0.6,12,0.75,main,all,2000,-
costlyxhonest-honestxhonest,nonc_B,-0.004,-0.007264819554487151,-0.0007351804455128486,tau0.2_k2_lam0.6_R12,0.2,2.0,0.6,12,0.75,main,all,2000,-
costlyxhonest-honestxhonest,U_final,0.392125,0.37104315550120825,0.41320684449879175,tau0.2_k2_lam0.6_R12,0.2,2.0,0.6,12,0.75,main,all,2000,+
costlyxhonest-honestxhonest,A_transp_err,0.010902125436368596,0.009648135164773513,0.01215611570796368,tau0.2_k2_lam0.6_R12,0.2,2.0,0.6,12,0.75,main,all,2000,+
costlyxhonest-honestxhonest,B_p_truth,-0.0004945765669955712,-0.002825613708947241,0.0018364605749560986,tau0.2_k2_lam0.6_R12,0.2,2.0,0.6,12,0.75,main,all,2000,0
costlyxhonest-honestxhonest,A_own0,0.0,0.0,0.0,tau0.2_k2_lam0.6_R12,0.2,2.0,0.6,12,0.75,main,all,2000,0
costlyxhonest-honestxhonest,nonc_A,0.11233660130718955,0.09691455008709378,0.12775865252728533,tau0.2_k2_lam0.6_R12,0.2,2.0,0.6,12,0.75,main,A_own0,1224,+
costlyxhonest-honestxhonest,A_dbelief,0.015312408318743786,0.012581465551245624,0.01804335108624195,tau0.2_k2_lam0.6_R12,0.2,2.0,0.6,12,0.75,main,A_own0,1224,+
costlyxhonest-honestxhonest,A_hidden_shift,0.07832144026152851,0.06773926216368151,0.08890361835937552,tau0.2_k2_lam0.6_R12,0.2,2.0,0.6,12,0.75,main,A_own0,1224,+
costlyxhonest-honestxhonest,A_p_truth,0.015110376653377106,0.012259619083973907,0.017961134222780305,tau0.2_k2_lam0.6_R12,0.2,2.0,0.6,12,0.75,main,A_own0,1224,+
costlyxhonest-honestxhonest,B_pC_true,0.052216307103753926,0.03917765021578687,0.06525496399172098,tau0.2_k2_lam0.6_R12,0.2,2.0,0.6,12,0.75,main,A_own0,1224,+
costlyxhonest-honestxhonest,B_pW_true,-0.018239322310366006,-0.024784498647123072,-0.011694145973608941,tau0.2_k2_lam0.6_R12,0.2,2.0,0.6,12,0.75,main,A_own0,1224,-
costlyxhonest-honestxhonest,nonc_B,-0.0026552287581699347,-0.005277200424870607,-3.32570914692628e-05,tau0.2_k2_lam0.6_R12,0.2,2.0,0.6,12,0.75,main,A_own0,1224,-
costlyxhonest-honestxhonest,U_final,0.14501633986928106,0.12560947449567686,0.16442320524288526,tau0.2_k2_lam0.6_R12,0.2,2.0,0.6,12,0.75,main,A_own0,1224,+
costlyxhonest-honestxhonest,A_transp_err,0.002933892809032974,0.001970474557009972,0.003897311061055976,tau0.2_k2_lam0.6_R12,0.2,2.0,0.6,12,0.75,main,A_own0,1224,+
costlyxhonest-honestxhonest,B_p_truth,0.0020532866724021015,8.720998386367801e-05,0.0040193633609405255,tau0.2_k2_lam0.6_R12,0.2,2.0,0.6,12,0.75,main,A_own0,1224,+
costlyxhonest-honestxhonest,A_own0,0.0,0.0,0.0,tau0.2_k2_lam0.6_R12,0.2,2.0,0.6,12,0.75,main,A_own0,1224,0
attenuatedxhonest-honestxhonest,nonc_A,0.069875,0.05948151399851179,0.08026848600148823,tau0.2_k2_lam0.6_R12,0.2,2.0,0.6,12,0.75,main,all,2000,+
attenuatedxhonest-honestxhonest,A_dbelief,-0.09369704147863399,-0.09853858239031996,-0.08885550056694802,tau0.2_k2_lam0.6_R12,0.2,2.0,0.6,12,0.75,main,all,2000,-
attenuatedxhonest-honestxhonest,A_hidden_shift,-0.02559627882231153,-0.029728169611467296,-0.021464388033155767,tau0.2_k2_lam0.6_R12,0.2,2.0,0.6,12,0.75,main,all,2000,-
attenuatedxhonest-honestxhonest,A_p_truth,-0.06859409972177166,-0.07424600757798054,-0.06294219186556278,tau0.2_k2_lam0.6_R12,0.2,2.0,0.6,12,0.75,main,all,2000,-
attenuatedxhonest-honestxhonest,B_pC_true,-0.03379166918423235,-0.04231823568132115,-0.025265102687143548,tau0.2_k2_lam0.6_R12,0.2,2.0,0.6,12,0.75,main,all,2000,-
attenuatedxhonest-honestxhonest,B_pW_true,0.05776436096387709,0.048543266593005764,0.06698545533474842,tau0.2_k2_lam0.6_R12,0.2,2.0,0.6,12,0.75,main,all,2000,+
attenuatedxhonest-honestxhonest,nonc_B,0.003,-0.001673621097937181,0.007673621097937181,tau0.2_k2_lam0.6_R12,0.2,2.0,0.6,12,0.75,main,all,2000,0
attenuatedxhonest-honestxhonest,U_final,0.095625,0.08279167787492721,0.1084583221250728,tau0.2_k2_lam0.6_R12,0.2,2.0,0.6,12,0.75,main,all,2000,+
attenuatedxhonest-honestxhonest,A_transp_err,0.010374182590175807,0.008511937700131866,0.012236427480219747,tau0.2_k2_lam0.6_R12,0.2,2.0,0.6,12,0.75,main,all,2000,+
attenuatedxhonest-honestxhonest,B_p_truth,-0.0067412205428340815,-0.01034222860183051,-0.0031402124838376534,tau0.2_k2_lam0.6_R12,0.2,2.0,0.6,12,0.75,main,all,2000,-
attenuatedxhonest-honestxhonest,A_own0,0.0,0.0,0.0,tau0.2_k2_lam0.6_R12,0.2,2.0,0.6,12,0.75,main,all,2000,0
attenuatedxhonest-honestxhonest,nonc_A,0.10825163398692811,0.09318921854488338,0.12331404942897284,tau0.2_k2_lam0.6_R12,0.2,2.0,0.6,12,0.75,main,A_own0,1224,+
attenuatedxhonest-honestxhonest,A_dbelief,-0.09537634286041462,-0.10236749374100629,-0.08838519197982295,tau0.2_k2_lam0.6_R12,0.2,2.0,0.6,12,0.75,main,A_own0,1224,-
attenuatedxhonest-honestxhonest,A_hidden_shift,-0.03174436321149725,-0.037073042110566286,-0.02641568431242821,tau0.2_k2_lam0.6_R12,0.2,2.0,0.6,12,0.75,main,A_own0,1224,-
attenuatedxhonest-honestxhonest,A_p_truth,-0.060950963545234806,-0.06916170226292469,-0.052740224827544924,tau0.2_k2_lam0.6_R12,0.2,2.0,0.6,12,0.75,main,A_own0,1224,-
attenuatedxhonest-honestxhonest,B_pC_true,-0.02129314716190362,-0.033211946780849905,-0.009374347542957339,tau0.2_k2_lam0.6_R12,0.2,2.0,0.6,12,0.75,main,A_own0,1224,-
attenuatedxhonest-honestxhonest,B_pW_true,0.08511410430359383,0.07186203510068742,0.09836617350650023,tau0.2_k2_lam0.6_R12,0.2,2.0,0.6,12,0.75,main,A_own0,1224,+
attenuatedxhonest-honestxhonest,nonc_B,-0.0028594771241830064,-0.009389312012605297,0.003670357764239285,tau0.2_k2_lam0.6_R12,0.2,2.0,0.6,12,0.75,main,A_own0,1224,0
attenuatedxhonest-honestxhonest,U_final,0.1417483660130719,0.12225757627882572,0.16123915574731806,tau0.2_k2_lam0.6_R12,0.2,2.0,0.6,12,0.75,main,A_own0,1224,+
attenuatedxhonest-honestxhonest,A_transp_err,0.014498273430845178,0.011609892744103236,0.017386654117587122,tau0.2_k2_lam0.6_R12,0.2,2.0,0.6,12,0.75,main,A_own0,1224,+
attenuatedxhonest-honestxhonest,B_p_truth,-0.005837914396388691,-0.011080435000791429,-0.0005953937919859513,tau0.2_k2_lam0.6_R12,0.2,2.0,0.6,12,0.75,main,A_own0,1224,-
attenuatedxhonest-honestxhonest,A_own0,0.0,0.0,0.0,tau0.2_k2_lam0.6_R12,0.2,2.0,0.6,12,0.75,main,A_own0,1224,0
costlyxhonest-attenuatedxhonest,nonc_A,0.35525,0.3355023823677114,0.3749976176322886,tau0.2_k2_lam0.6_R24,0.2,2.0,0.6,24,0.75,main,all,2000,+
costlyxhonest-attenuatedxhonest,A_dbelief,0.1167485581366378,0.11037663119000324,0.12312048508327236,tau0.2_k2_lam0.6_R24,0.2,2.0,0.6,24,0.75,main,all,2000,+
costlyxhonest-attenuatedxhonest,A_hidden_shift,0.10998918195976602,0.10319482156024844,0.1167835423592836,tau0.2_k2_lam0.6_R24,0.2,2.0,0.6,24,0.75,main,all,2000,+
costlyxhonest-attenuatedxhonest,A_p_truth,0.08733238773730412,0.08005017129524553,0.09461460417936271,tau0.2_k2_lam0.6_R24,0.2,2.0,0.6,24,0.75,main,all,2000,+
costlyxhonest-attenuatedxhonest,B_pC_true,0.08181836263459748,0.06986258247847973,0.09377414279071522,tau0.2_k2_lam0.6_R24,0.2,2.0,0.6,24,0.75,main,all,2000,+
costlyxhonest-attenuatedxhonest,B_pW_true,-0.12957284450890677,-0.1418641158758967,-0.11728157314191683,tau0.2_k2_lam0.6_R24,0.2,2.0,0.6,24,0.75,main,all,2000,-
costlyxhonest-attenuatedxhonest,nonc_B,-0.009625,-0.014222988868877257,-0.0050270111311227425,tau0.2_k2_lam0.6_R24,0.2,2.0,0.6,24,0.75,main,all,2000,-
costlyxhonest-attenuatedxhonest,U_final,0.222375,0.20238998724406393,0.24236001275593605,tau0.2_k2_lam0.6_R24,0.2,2.0,0.6,24,0.75,main,all,2000,+
costlyxhonest-attenuatedxhonest,A_transp_err,-0.005984993894838641,-0.008649782158794785,-0.0033202056308824974,tau0.2_k2_lam0.6_R24,0.2,2.0,0.6,24,0.75,main,all,2000,-
costlyxhonest-attenuatedxhonest,B_p_truth,0.012173529221775906,0.007880425053752731,0.01646663338979908,tau0.2_k2_lam0.6_R24,0.2,2.0,0.6,24,0.75,main,all,2000,+
costlyxhonest-attenuatedxhonest,A_own0,0.0,0.0,0.0,tau0.2_k2_lam0.6_R24,0.2,2.0,0.6,24,0.75,main,all,2000,0
costlyxhonest-attenuatedxhonest,nonc_A,0.006331699346405229,0.0036686677745281873,0.00899473091828227,tau0.2_k2_lam0.6_R24,0.2,2.0,0.6,24,0.75,main,A_own0,1224,+
costlyxhonest-attenuatedxhonest,A_dbelief,0.11886874770840236,0.1095300844236454,0.12820741099315933,tau0.2_k2_lam0.6_R24,0.2,2.0,0.6,24,0.75,main,A_own0,1224,+
costlyxhonest-attenuatedxhonest,A_hidden_shift,0.11249490896391061,0.10315301621108168,0.12183680171673954,tau0.2_k2_lam0.6_R24,0.2,2.0,0.6,24,0.75,main,A_own0,1224,+
costlyxhonest-attenuatedxhonest,A_p_truth,0.08068569937493071,0.07011475989211102,0.0912566388577504,tau0.2_k2_lam0.6_R24,0.2,2.0,0.6,24,0.75,main,A_own0,1224,+
costlyxhonest-attenuatedxhonest,B_pC_true,0.1076819237076215,0.09131288793015166,0.12405095948509134,tau0.2_k2_lam0.6_R24,0.2,2.0,0.6,24,0.75,main,A_own0,1224,+
costlyxhonest-attenuatedxhonest,B_pW_true,-0.15093925476004466,-0.16857459421345417,-0.13330391530663516,tau0.2_k2_lam0.6_R24,0.2,2.0,0.6,24,0.75,main,A_own0,1224,-
costlyxhonest-attenuatedxhonest,nonc_B,-0.004901960784313725,-0.010699112141693331,0.00089519057306588,tau0.2_k2_lam0.6_R24,0.2,2.0,0.6,24,0.75,main,A_own0,1224,0
costlyxhonest-attenuatedxhonest,U_final,-0.006740196078431373,-0.016599993059295666,0.0031196009024329185,tau0.2_k2_lam0.6_R24,0.2,2.0,0.6,24,0.75,main,A_own0,1224,0
costlyxhonest-attenuatedxhonest,A_transp_err,-0.018301904674917633,-0.0217449421173983,-0.014858867232436967,tau0.2_k2_lam0.6_R24,0.2,2.0,0.6,24,0.75,main,A_own0,1224,-
costlyxhonest-attenuatedxhonest,B_p_truth,0.015599801556489025,0.00976515727088422,0.02143444584209383,tau0.2_k2_lam0.6_R24,0.2,2.0,0.6,24,0.75,main,A_own0,1224,+
costlyxhonest-attenuatedxhonest,A_own0,0.0,0.0,0.0,tau0.2_k2_lam0.6_R24,0.2,2.0,0.6,24,0.75,main,A_own0,1224,0
costlyxhonest-honestxhonest,nonc_A,0.436125,0.41564450424573,0.45660549575426995,tau0.2_k2_lam0.6_R24,0.2,2.0,0.6,24,0.75,main,all,2000,+
costlyxhonest-honestxhonest,A_dbelief,0.020609363349164533,0.018189471306741974,0.02302925539158709,tau0.2_k2_lam0.6_R24,0.2,2.0,0.6,24,0.75,main,all,2000,+
costlyxhonest-honestxhonest,A_hidden_shift,0.0864104651880852,0.07885254691979805,0.09396838345637236,tau0.2_k2_lam0.6_R24,0.2,2.0,0.6,24,0.75,main,all,2000,+
costlyxhonest-honestxhonest,A_p_truth,0.017234568267877656,0.014282969357024099,0.020186167178731212,tau0.2_k2_lam0.6_R24,0.2,2.0,0.6,24,0.75,main,all,2000,+
costlyxhonest-honestxhonest,B_pC_true,0.053103813873571215,0.04209723447744156,0.06411039326970086,tau0.2_k2_lam0.6_R24,0.2,2.0,0.6,24,0.75,main,all,2000,+
costlyxhonest-honestxhonest,B_pW_true,-0.015646969655762524,-0.02045151087631769,-0.010842428435207357,tau0.2_k2_lam0.6_R24,0.2,2.0,0.6,24,0.75,main,all,2000,-
costlyxhonest-honestxhonest,nonc_B,-0.00425,-0.007080664565246203,-0.001419335434753798,tau0.2_k2_lam0.6_R24,0.2,2.0,0.6,24,0.75,main,all,2000,-
costlyxhonest-honestxhonest,U_final,0.32525,0.30495750896153273,0.34554249103846724,tau0.2_k2_lam0.6_R24,0.2,2.0,0.6,24,0.75,main,all,2000,+
costlyxhonest-honestxhonest,A_transp_err,0.008736094613763283,0.007286095430308661,0.010186093797217905,tau0.2_k2_lam0.6_R24,0.2,2.0,0.6,24,0.75,main,all,2000,+
costlyxhonest-honestxhonest,B_p_truth,0.00013008028749784639,-0.0020347974571623857,0.002294958032158079,tau0.2_k2_lam0.6_R24,0.2,2.0,0.6,24,0.75,main,all,2000,0
costlyxhonest-honestxhonest,A_own0,0.0,0.0,0.0,tau0.2_k2_lam0.6_R24,0.2,2.0,0.6,24,0.75,main,all,2000,0
costlyxhonest-honestxhonest,nonc_A,0.12806372549019607,0.11141653648096476,0.14471091449942736,tau0.2_k2_lam0.6_R24,0.2,2.0,0.6,24,0.75,main,A_own0,1224,+
costlyxhonest-honestxhonest,A_dbelief,0.019491176611708072,0.016239049668062437,0.022743303555353707,tau0.2_k2_lam0.6_R24,0.2,2.0,0.6,24,0.75,main,A_own0,1224,+
costlyxhonest-honestxhonest,A_hidden_shift,0.08421521896936779,0.0728765015208524,0.09555393641788318,tau0.2_k2_lam0.6_R24,0.2,2.0,0.6,24,0.75,main,A_own0,1224,+
costlyxhonest-honestxhonest,A_p_truth,0.017538433266533576,0.014124276660202035,0.020952589872865114,tau0.2_k2_lam0.6_R24,0.2,2.0,0.6,24,0.75,main,A_own0,1224,+
costlyxhonest-honestxhonest,B_pC_true,0.09897812340477043,0.08242738404051365,0.1155288627690272,tau0.2_k2_lam0.6_R24,0.2,2.0,0.6,24,0.75,main,A_own0,1224,+
costlyxhonest-honestxhonest,B_pW_true,-0.020330277451349296,-0.027145989719706807,-0.013514565182991784,tau0.2_k2_lam0.6_R24,0.2,2.0,0.6,24,0.75,main,A_own0,1224,-
costlyxhonest-honestxhonest,nonc_B,-0.0024509803921568627,-0.0055501230716858765,0.0006481622873721516,tau0.2_k2_lam0.6_R24,0.2,2.0,0.6,24,0.75,main,A_own0,1224,0
costlyxhonest-honestxhonest,U_final,0.14767156862745098,0.12799475271323296,0.167348384541669,tau0.2_k2_lam0.6_R24,0.2,2.0,0.6,24,0.75,main,A_own0,1224,+
costlyxhonest-honestxhonest,A_transp_err,0.0033757697194740123,0.0021661233712204683,0.004585416067727556,tau0.2_k2_lam0.6_R24,0.2,2.0,0.6,24,0.75,main,A_own0,1224,+
costlyxhonest-honestxhonest,B_p_truth,0.0009079963439359952,-0.0013752680130078331,0.0031912607008798234,tau0.2_k2_lam0.6_R24,0.2,2.0,0.6,24,0.75,main,A_own0,1224,0
costlyxhonest-honestxhonest,A_own0,0.0,0.0,0.0,tau0.2_k2_lam0.6_R24,0.2,2.0,0.6,24,0.75,main,A_own0,1224,0
attenuatedxhonest-honestxhonest,nonc_A,0.080875,0.06979103412413822,0.09195896587586179,tau0.2_k2_lam0.6_R24,0.2,2.0,0.6,24,0.75,main,all,2000,+
attenuatedxhonest-honestxhonest,A_dbelief,-0.09613919478747329,-0.10114961422095944,-0.09112877535398714,tau0.2_k2_lam0.6_R24,0.2,2.0,0.6,24,0.75,main,all,2000,-
attenuatedxhonest-honestxhonest,A_hidden_shift,-0.023578716771680816,-0.02782414910437634,-0.019333284438985292,tau0.2_k2_lam0.6_R24,0.2,2.0,0.6,24,0.75,main,all,2000,-
attenuatedxhonest-honestxhonest,A_p_truth,-0.07009781946942648,-0.0759196035798925,-0.06427603535896045,tau0.2_k2_lam0.6_R24,0.2,2.0,0.6,24,0.75,main,all,2000,-
attenuatedxhonest-honestxhonest,B_pC_true,-0.02871454876102628,-0.03777996523550959,-0.01964913228654297,tau0.2_k2_lam0.6_R24,0.2,2.0,0.6,24,0.75,main,all,2000,-
attenuatedxhonest-honestxhonest,B_pW_true,0.11392587485314425,0.10190198638636751,0.125949763319921,tau0.2_k2_lam0.6_R24,0.2,2.0,0.6,24,0.75,main,all,2000,+
attenuatedxhonest-honestxhonest,nonc_B,0.005375,0.0009906935600964778,0.009759306439903522,tau0.2_k2_lam0.6_R24,0.2,2.0,0.6,24,0.75,main,all,2000,+
attenuatedxhonest-honestxhonest,U_final,0.102875,0.08976402607713282,0.11598597392286716,tau0.2_k2_lam0.6_R24,0.2,2.0,0.6,24,0.75,main,all,2000,+
attenuatedxhonest-honestxhonest,A_transp_err,0.014721088508601923,0.012358818522971854,0.017083358494231992,tau0.2_k2_lam0.6_R24,0.2,2.0,0.6,24,0.75,main,all,2000,+
attenuatedxhonest-honestxhonest,B_p_truth,-0.012043448934278061,-0.01626957063366006,-0.007817327234896063,tau0.2_k2_lam0.6_R24,0.2,2.0,0.6,24,0.75,main,all,2000,-
attenuatedxhonest-honestxhonest,A_own0,0.0,0.0,0.0,tau0.2_k2_lam0.6_R24,0.2,2.0,0.6,24,0.75,main,all,2000,0
attenuatedxhonest-honestxhonest,nonc_A,0.12173202614379085,0.10555404259897413,0.13791000968860756,tau0.2_k2_lam0.6_R24,0.2,2.0,0.6,24,0.75,main,A_own0,1224,+
attenuatedxhonest-honestxhonest,A_dbelief,-0.0993775710966943,-0.10663496454359292,-0.09212017764979569,tau0.2_k2_lam0.6_R24,0.2,2.0,0.6,24,0.75,main,A_own0,1224,-
attenuatedxhonest-honestxhonest,A_hidden_shift,-0.028279689994542837,-0.033810481481905484,-0.02274889850718019,tau0.2_k2_lam0.6_R24,0.2,2.0,0.6,24,0.75,main,A_own0,1224,-
attenuatedxhonest-honestxhonest,A_p_truth,-0.06314726610839713,-0.07164499361475146,-0.0546495386020428,tau0.2_k2_lam0.6_R24,0.2,2.0,0.6,24,0.75,main,A_own0,1224,-
attenuatedxhonest-honestxhonest,B_pC_true,-0.00870380030285106,-0.020458028388090334,0.0030504277823882164,tau0.2_k2_lam0.6_R24,0.2,2.0,0.6,24,0.75,main,A_own0,1224,0
attenuatedxhonest-honestxhonest,B_pW_true,0.13060897730869533,0.11374356890614289,0.14747438571124777,tau0.2_k2_lam0.6_R24,0.2,2.0,0.6,24,0.75,main,A_own0,1224,+
attenuatedxhonest-honestxhonest,nonc_B,0.0024509803921568627,-0.0038798391743549952,0.00878179995866872,tau0.2_k2_lam0.6_R24,0.2,2.0,0.6,24,0.75,main,A_own0,1224,0
attenuatedxhonest-honestxhonest,U_final,0.15441176470588236,0.1346328125545416,0.17419071685722312,tau0.2_k2_lam0.6_R24,0.2,2.0,0.6,24,0.75,main,A_own0,1224,+
attenuatedxhonest-honestxhonest,A_transp_err,0.021677674394391645,0.01811666845840495,0.025238680330378342,tau0.2_k2_lam0.6_R24,0.2,2.0,0.6,24,0.75,main,A_own0,1224,+
attenuatedxhonest-honestxhonest,B_p_truth,-0.014691805212553031,-0.02105184968567361,-0.008331760739432453,tau0.2_k2_lam0.6_R24,0.2,2.0,0.6,24,0.75,main,A_own0,1224,-
attenuatedxhonest-honestxhonest,A_own0,0.0,0.0,0.0,tau0.2_k2_lam0.6_R24,0.2,2.0,0.6,24,0.75,main,A_own0,1224,0
costlyxhonest-attenuatedxhonest,nonc_A,0.359,0.33907935514985466,0.3789206448501453,tau0.2_k2_lam0.7_R12,0.2,2.0,0.7,12,0.75,main,all,2000,+
costlyxhonest-attenuatedxhonest,A_dbelief,0.11530814785437786,0.10911177996971526,0.12150451573904046,tau0.2_k2_lam0.7_R12,0.2,2.0,0.7,12,0.75,main,all,2000,+
costlyxhonest-attenuatedxhonest,A_hidden_shift,0.12026441211845987,0.11363703464640242,0.12689178959051733,tau0.2_k2_lam0.7_R12,0.2,2.0,0.7,12,0.75,main,all,2000,+
costlyxhonest-attenuatedxhonest,A_p_truth,0.08520480851274632,0.07810006146222268,0.09230955556326997,tau0.2_k2_lam0.7_R12,0.2,2.0,0.7,12,0.75,main,all,2000,+
costlyxhonest-attenuatedxhonest,B_pC_true,0.08894438335058592,0.07738431607398225,0.1005044506271896,tau0.2_k2_lam0.7_R12,0.2,2.0,0.7,12,0.75,main,all,2000,+
costlyxhonest-attenuatedxhonest,B_pW_true,-0.1032923707108434,-0.11475640756465876,-0.09182833385702806,tau0.2_k2_lam0.7_R12,0.2,2.0,0.7,12,0.75,main,all,2000,-
costlyxhonest-attenuatedxhonest,nonc_B,-0.006125,-0.010812013872074469,-0.0014379861279255318,tau0.2_k2_lam0.7_R12,0.2,2.0,0.7,12,0.75,main,all,2000,-
costlyxhonest-attenuatedxhonest,U_final,0.30275,0.281670516461186,0.323829483538814,tau0.2_k2_lam0.7_R12,0.2,2.0,0.7,12,0.75,main,all,2000,+
costlyxhonest-attenuatedxhonest,A_transp_err,0.0019428218112333298,-0.0003532945215598221,0.004238938144026482,tau0.2_k2_lam0.7_R12,0.2,2.0,0.7,12,0.75,main,all,2000,0
costlyxhonest-attenuatedxhonest,B_p_truth,0.013631621101799876,0.009527066743493292,0.01773617546010646,tau0.2_k2_lam0.7_R12,0.2,2.0,0.7,12,0.75,main,all,2000,+
costlyxhonest-attenuatedxhonest,A_own0,0.0,0.0,0.0,tau0.2_k2_lam0.7_R12,0.2,2.0,0.7,12,0.75,main,all,2000,0
costlyxhonest-attenuatedxhonest,nonc_A,0.006127450980392157,0.003617915634535405,0.008636986326248909,tau0.2_k2_lam0.7_R12,0.2,2.0,0.7,12,0.75,main,A_own0,1224,+
costlyxhonest-attenuatedxhonest,A_dbelief,0.11898463006582595,0.10975663955871899,0.12821262057293292,tau0.2_k2_lam0.7_R12,0.2,2.0,0.7,12,0.75,main,A_own0,1224,+
costlyxhonest-attenuatedxhonest,A_hidden_shift,0.11852361075812261,0.1091571180831804,0.1278901034330648,tau0.2_k2_lam0.7_R12,0.2,2.0,0.7,12,0.75,main,A_own0,1224,+
costlyxhonest-attenuatedxhonest,A_p_truth,0.07882558582160022,0.06832167903343497,0.08932949260976547,tau0.2_k2_lam0.7_R12,0.2,2.0,0.7,12,0.75,main,A_own0,1224,+
costlyxhonest-attenuatedxhonest,B_pC_true,0.10105877865201808,0.08680633862480479,0.11531121867923137,tau0.2_k2_lam0.7_R12,0.2,2.0,0.7,12,0.75,main,A_own0,1224,+
costlyxhonest-attenuatedxhonest,B_pW_true,-0.1532792243275488,-0.17022733727873943,-0.1363311113763582,tau0.2_k2_lam0.7_R12,0.2,2.0,0.7,12,0.75,main,A_own0,1224,-
costlyxhonest-attenuatedxhonest,nonc_B,0.0022467320261437907,-0.0031398440638412198,0.007633308116128801,tau0.2_k2_lam0.7_R12,0.2,2.0,0.7,12,0.75,main,A_own0,1224,0
costlyxhonest-attenuatedxhonest,U_final,0.003472222222222222,-0.00446480588640648,0.011409250330850924,tau0.2_k2_lam0.7_R12,0.2,2.0,0.7,12,0.75,main,A_own0,1224,0
costlyxhonest-attenuatedxhonest,A_transp_err,-0.01109873620260704,-0.013987468553354237,-0.008210003851859844,tau0.2_k2_lam0.7_R12,0.2,2.0,0.7,12,0.75,main,A_own0,1224,-
costlyxhonest-attenuatedxhonest,B_p_truth,0.019975531633629518,0.014514595069785727,0.02543646819747331,tau0.2_k2_lam0.7_R12,0.2,2.0,0.7,12,0.75,main,A_own0,1224,+
costlyxhonest-attenuatedxhonest,A_own0,0.0,0.0,0.0,tau0.2_k2_lam0.7_R12,0.2,2.0,0.7,12,0.75,main,A_own0,1224,0
costlyxhonest-honestxhonest,nonc_A,0.436125,0.4155742494623352,0.4566757505376648,tau0.2_k2_lam0.7_R12,0.2,2.0,0.7,12,0.75,main,all,2000,+
costlyxhonest-honestxhonest,A_dbelief,0.018657690812219956,0.016412425749756744,0.020902955874683167,tau0.2_k2_lam0.7_R12,0.2,2.0,0.7,12,0.75,main,all,2000,+
costlyxhonest-honestxhonest,A_hidden_shift,0.09410565720107791,0.0865886576453409,0.10162265675681492,tau0.2_k2_lam0.7_R12,0.2,2.0,0.7,12,0.75,main,all,2000,+
costlyxhonest-honestxhonest,A_p_truth,0.016284652318362777,0.013605916240199122,0.018963388396526434,tau0.2_k2_lam0.7_R12,0.2,2.0,0.7,12,0.75,main,all,2000,+
costlyxhonest-honestxhonest,B_pC_true,0.0362636565178765,0.026634248607567832,0.045893064428185165,tau0.2_k2_lam0.7_R12,0.2,2.0,0.7,12,0.75,main,all,2000,+
costlyxhonest-honestxhonest,B_pW_true,-0.018669081745733083,-0.02305185654455631,-0.014286306946909858,tau0.2_k2_lam0.7_R12,0.2,2.0,0.7,12,0.75,main,all,2000,-
costlyxhonest-honestxhonest,nonc_B,-0.004625,-0.008041082946716812,-0.0012089170532831872,tau0.2_k2_lam0.7_R12,0.2,2.0,0.7,12,0.75,main,all,2000,-
costlyxhonest-honestxhonest,U_final,0.4015,0.380255112595723,0.42274488740427707,tau0.2_k2_lam0.7_R12,0.2,2.0,0.7,12,0.75,main,all,2000,+
costlyxhonest-honestxhonest,A_transp_err,0.013386418917929792,0.011815698660497666,0.014957139175361917,tau0.2_k2_lam0.7_R12,0.2,2.0,0.7,12,0.75,main,all,2000,+
costlyxhonest-honestxhonest,B_p_truth,1.2261637225342347e-05,-0.0023910126636781954,0.00241553593812888,tau0.2_k2_lam0.7_R12,0.2,2.0,0.7,12,0.75,main,all,2000,0
costlyxhonest-honestxhonest,A_own0,0.0,0.0,0.0,tau0.2_k2_lam0.7_R12,0.2,2.0,0.7,12,0.75,main,all,2000,0
costlyxhonest-honestxhonest,nonc_A,0.125,0.10865331698455798,0.141346683015442,tau0.2_k2_lam0.7_R12,0.2,2.0,0.7,12,0.75,main,A_own0,1224,+
costlyxhonest-honestxhonest,A_dbelief,0.01633502370025433,0.013302449841828741,0.019367597558679922,tau0.2_k2_lam0.7_R12,0.2,2.0,0.7,12,0.75,main,A_own0,1224,+
costlyxhonest-honestxhonest,A_hidden_shift,0.08575512321548381,0.07439800082252813,0.09711224560843949,tau0.2_k2_lam0.7_R12,0.2,2.0,0.7,12,0.75,main,A_own0,1224,+
costlyxhonest-honestxhonest,A_p_truth,0.015375915039648441,0.012171655541527705,0.018580174537769178,tau0.2_k2_lam0.7_R12,0.2,2.0,0.7,12,0.75,main,A_own0,1224,+
costlyxhonest-honestxhonest,B_pC_true,0.06742251658977312,0.05388482221855011,0.08096021096099613,tau0.2_k2_lam0.7_R12,0.2,2.0,0.7,12,0.75,main,A_own0,1224,+
costlyxhonest-honestxhonest,B_pW_true,-0.020807883891760852,-0.02670656914688831,-0.014909198636633394,tau0.2_k2_lam0.7_R12,0.2,2.0,0.7,12,0.75,main,A_own0,1224,-
costlyxhonest-honestxhonest,nonc_B,-0.004493464052287581,-0.007834729934613285,-0.0011521981699618789,tau0.2_k2_lam0.7_R12,0.2,2.0,0.7,12,0.75,main,A_own0,1224,-
costlyxhonest-honestxhonest,U_final,0.1517565359477124,0.131860666469292,0.1716524054261328,tau0.2_k2_lam0.7_R12,0.2,2.0,0.7,12,0.75,main,A_own0,1224,+
costlyxhonest-honestxhonest,A_transp_err,0.00704055211649907,0.005540355973264836,0.008540748259733305,tau0.2_k2_lam0.7_R12,0.2,2.0,0.7,12,0.75,main,A_own0,1224,+
costlyxhonest-honestxhonest,B_p_truth,0.0027556438969309253,0.00024258322864340433,0.005268704565218446,tau0.2_k2_lam0.7_R12,0.2,2.0,0.7,12,0.75,main,A_own0,1224,+
costlyxhonest-honestxhonest,A_own0,0.0,0.0,0.0,tau0.2_k2_lam0.7_R12,0.2,2.0,0.7,12,0.75,main,A_own0,1224,0
attenuatedxhonest-honestxhonest,nonc_A,0.077125,0.06624622386145224,0.08800377613854776,tau0.2_k2_lam0.7_R12,0.2,2.0,0.7,12,0.75,main,all,2000,+
attenuatedxhonest-honestxhonest,A_dbelief,-0.0966504570421579,-0.10170406398854476,-0.09159685009577104,tau0.2_k2_lam0.7_R12,0.2,2.0,0.7,12,0.75,main,all,2000,-
attenuatedxhonest-honestxhonest,A_hidden_shift,-0.026158754917381965,-0.0304529875629644,-0.021864522271799528,tau0.2_k2_lam0.7_R12,0.2,2.0,0.7,12,0.75,main,all,2000,-
attenuatedxhonest-honestxhonest,A_p_truth,-0.06892015619438355,-0.07479965986120404,-0.06304065252756305,tau0.2_k2_lam0.7_R12,0.2,2.0,0.7,12,0.75,main,all,2000,-
attenuatedxhonest-honestxhonest,B_pC_true,-0.05268072683270944,-0.06191286375616062,-0.04344858990925826,tau0.2_k2_lam0.7_R12,0.2,2.0,0.7,12,0.75,main,all,2000,-
attenuatedxhonest-honestxhonest,B_pW_true,0.08462328896511033,0.07364032256355091,0.09560625536666975,tau0.2_k2_lam0.7_R12,0.2,2.0,0.7,12,0.75,main,all,2000,+
attenuatedxhonest-honestxhonest,nonc_B,0.0015,-0.0033391256202318412,0.006339125620231841,tau0.2_k2_lam0.7_R12,0.2,2.0,0.7,12,0.75,main,all,2000,0
attenuatedxhonest-honestxhonest,U_final,0.09875,0.0858989952567336,0.11160100474326641,tau0.2_k2_lam0.7_R12,0.2,2.0,0.7,12,0.75,main,all,2000,+
attenuatedxhonest-honestxhonest,A_transp_err,0.01144359710669646,0.009338513973137863,0.013548680240255058,tau0.2_k2_lam0.7_R12,0.2,2.0,0.7,12,0.75,main,all,2000,+
attenuatedxhonest-honestxhonest,B_p_truth,-0.013619359464574533,-0.017901430901837788,-0.009337288027311276,tau0.2_k2_lam0.7_R12,0.2,2.0,0.7,12,0.75,main,all,2000,-
attenuatedxhonest-honestxhonest,A_own0,0.0,0.0,0.0,tau0.2_k2_lam0.7_R12,0.2,2.0,0.7,12,0.75,main,all,2000,0
attenuatedxhonest-honestxhonest,nonc_A,0.11887254901960784,0.10295707392065849,0.13478802411855717,tau0.2_k2_lam0.7_R12,0.2,2.0,0.7,12,0.75,main,A_own0,1224,+
attenuatedxhonest-honestxhonest,A_dbelief,-0.10264960636557162,-0.11009421779439729,-0.09520499493674595,tau0.2_k2_lam0.7_R12,0.2,2.0,0.7,12,0.75,main,A_own0,1224,-
attenuatedxhonest-honestxhonest,A_hidden_shift,-0.032768487542638794,-0.03848035330424099,-0.0270566217810366,tau0.2_k2_lam0.7_R12,0.2,2.0,0.7,12,0.75,main,A_own0,1224,-
attenuatedxhonest-honestxhonest,A_p_truth,-0.0634496707819518,-0.07218708865400363,-0.054712252909899964,tau0.2_k2_lam0.7_R12,0.2,2.0,0.7,12,0.75,main,A_own0,1224,-
attenuatedxhonest-honestxhonest,B_pC_true,-0.03363626206224497,-0.04530775110051362,-0.021964773023976328,tau0.2_k2_lam0.7_R12,0.2,2.0,0.7,12,0.75,main,A_own0,1224,-
attenuatedxhonest-honestxhonest,B_pW_true,0.13247134043578798,0.1162463371778247,0.14869634369375126,tau0.2_k2_lam0.7_R12,0.2,2.0,0.7,12,0.75,main,A_own0,1224,+
attenuatedxhonest-honestxhonest,nonc_B,-0.006740196078431373,-0.013048527972784899,-0.00043186418407784727,tau0.2_k2_lam0.7_R12,0.2,2.0,0.7,12,0.75,main,A_own0,1224,-
attenuatedxhonest-honestxhonest,U_final,0.1482843137254902,0.1287652534376068,0.16780337401337359,tau0.2_k2_lam0.7_R12,0.2,2.0,0.7,12,0.75,main,A_own0,1224,+
attenuatedxhonest-honestxhonest,A_transp_err,0.01813928831910611,0.014902414951336936,0.021376161686875284,tau0.2_k2_lam0.7_R12,0.2,2.0,0.7,12,0.75,main,A_own0,1224,+
attenuatedxhonest-honestxhonest,B_p_truth,-0.017219887736698594,-0.02359421211388826,-0.010845563359508929,tau0.2_k2_lam0.7_R12,0.2,2.0,0.7,12,0.75,main,A_own0,1224,-
attenuatedxhonest-honestxhonest,A_own0,0.0,0.0,0.0,tau0.2_k2_lam0.7_R12,0.2,2.0,0.7,12,0.75,main,A_own0,1224,0
costlyxhonest-attenuatedxhonest,nonc_A,0.353,0.33325391211420863,0.37274608788579133,tau0.2_k2_lam0.7_R24,0.2,2.0,0.7,24,0.75,main,all,2000,+
costlyxhonest-attenuatedxhonest,A_dbelief,0.12259296063643339,0.11573391996534274,0.12945200130752404,tau0.2_k2_lam0.7_R24,0.2,2.0,0.7,24,0.75,main,all,2000,+
costlyxhonest-attenuatedxhonest,A_hidden_shift,0.1102801466777239,0.10314857241072244,0.11741172094472536,tau0.2_k2_lam0.7_R24,0.2,2.0,0.7,24,0.75,main,all,2000,+
costlyxhonest-attenuatedxhonest,A_p_truth,0.08956408909304932,0.08170643237886449,0.09742174580723414,tau0.2_k2_lam0.7_R24,0.2,2.0,0.7,24,0.75,main,all,2000,+
costlyxhonest-attenuatedxhonest,B_pC_true,0.09140446430274823,0.07956710945478458,0.10324181915071189,tau0.2_k2_lam0.7_R24,0.2,2.0,0.7,24,0.75,main,all,2000,+
costlyxhonest-attenuatedxhonest,B_pW_true,-0.13501882921510805,-0.148303118810093,-0.1217345396201231,tau0.2_k2_lam0.7_R24,0.2,2.0,0.7,24,0.75,main,all,2000,-
costlyxhonest-attenuatedxhonest,nonc_B,-0.002625,-0.00869134072010188,0.003441340720101879,tau0.2_k2_lam0.7_R24,0.2,2.0,0.7,24,0.75,main,all,2000,0
costlyxhonest-attenuatedxhonest,U_final,0.23175,0.21180595361911175,0.25169404638088827,tau0.2_k2_lam0.7_R24,0.2,2.0,0.7,24,0.75,main,all,2000,+
costlyxhonest-attenuatedxhonest,A_transp_err,-0.007539439807243918,-0.010831584129488609,-0.004247295484999226,tau0.2_k2_lam0.7_R24,0.2,2.0,0.7,24,0.75,main,all,2000,-
costlyxhonest-attenuatedxhonest,B_p_truth,0.017611351741979756,0.012424259253012116,0.022798444230947394,tau0.2_k2_lam0.7_R24,0.2,2.0,0.7,24,0.75,main,all,2000,+
costlyxhonest-attenuatedxhonest,A_own0,0.0,0.0,0.0,tau0.2_k2_lam0.7_R24,0.2,2.0,0.7,24,0.75,main,all,2000,0
costlyxhonest-attenuatedxhonest,nonc_A,0.005718954248366013,0.002685798338150538,0.008752110158581487,tau0.2_k2_lam0.7_R24,0.2,2.0,0.7,24,0.75,main,A_own0,1224,+
costlyxhonest-attenuatedxhonest,A_dbelief,0.12829924230349513,0.11807955831422365,0.1385189262927666,tau0.2_k2_lam0.7_R24,0.2,2.0,0.7,24,0.75,main,A_own0,1224,+
costlyxhonest-attenuatedxhonest,A_hidden_shift,0.11414296003464168,0.10405139622919833,0.12423452384008503,tau0.2_k2_lam0.7_R24,0.2,2.0,0.7,24,0.75,main,A_own0,1224,+
costlyxhonest-attenuatedxhonest,A_p_truth,0.08407043249883772,0.07243117284892638,0.09570969214874907,tau0.2_k2_lam0.7_R24,0.2,2.0,0.7,24,0.75,main,A_own0,1224,+
costlyxhonest-attenuatedxhonest,B_pC_true,0.08953862902472592,0.07470391883177409,0.10437333921767776,tau0.2_k2_lam0.7_R24,0.2,2.0,0.7,24,0.75,main,A_own0,1224,+
costlyxhonest-attenuatedxhonest,B_pW_true,-0.18835337174665773,-0.20791276017531762,-0.16879398331799783,tau0.2_k2_lam0.7_R24,0.2,2.0,0.7,24,0.75,main,A_own0,1224,-
costlyxhonest-attenuatedxhonest,nonc_B,0.010212418300653595,0.002656430874664638,0.017768405726642553,tau0.2_k2_lam0.7_R24,0.2,2.0,0.7,24,0.75,main,A_own0,1224,+
costlyxhonest-attenuatedxhonest,U_final,0.0028594771241830064,-0.009033402075545115,0.014752356323911128,tau0.2_k2_lam0.7_R24,0.2,2.0,0.7,24,0.75,main,A_own0,1224,0
costlyxhonest-attenuatedxhonest,A_transp_err,-0.020541495073088518,-0.025045872521214197,-0.01603711762496284,tau0.2_k2_lam0.7_R24,0.2,2.0,0.7,24,0.75,main,A_own0,1224,-
costlyxhonest-attenuatedxhonest,B_p_truth,0.0245088622584001,0.017658973094563744,0.03135875142223646,tau0.2_k2_lam0.7_R24,0.2,2.0,0.7,24,0.75,main,A_own0,1224,+
costlyxhonest-attenuatedxhonest,A_own0,0.0,0.0,0.0,tau0.2_k2_lam0.7_R24,0.2,2.0,0.7,24,0.75,main,A_own0,1224,0
costlyxhonest-honestxhonest,nonc_A,0.441375,0.42088779037138824,0.4618622096286118,tau0.2_k2_lam0.7_R24,0.2,2.0,0.7,24,0.75,main,all,2000,+
costlyxhonest-honestxhonest,A_dbelief,0.024298476450866267,0.02123913699727723,0.027357815904455306,tau0.2_k2_lam0.7_R24,0.2,2.0,0.7,24,0.75,main,all,2000,+
costlyxhonest-honestxhonest,A_hidden_shift,0.08838449387434057,0.08045196530691529,0.09631702244176585,tau0.2_k2_lam0.7_R24,0.2,2.0,0.7,24,0.75,main,all,2000,+
costlyxhonest-honestxhonest,A_p_truth,0.02041039712099584,0.01683934016771497,0.023981454074276706,tau0.2_k2_lam0.7_R24,0.2,2.0,0.7,24,0.75,main,all,2000,+
costlyxhonest-honestxhonest,B_pC_true,0.05381868001820374,0.04250675036890536,0.06513060966750212,tau0.2_k2_lam0.7_R24,0.2,2.0,0.7,24,0.75,main,all,2000,+
costlyxhonest-honestxhonest,B_pW_true,-0.013984087454130286,-0.018974156221426362,-0.00899401868683421,tau0.2_k2_lam0.7_R24,0.2,2.0,0.7,24,0.75,main,all,2000,-
costlyxhonest-honestxhonest,nonc_B,-0.00325,-0.006695373252410283,0.00019537325241028277,tau0.2_k2_lam0.7_R24,0.2,2.0,0.7,24,0.75,main,all,2000,0
costlyxhonest-honestxhonest,U_final,0.3255,0.3051915429804907,0.3458084570195093,tau0.2_k2_lam0.7_R24,0.2,2.0,0.7,24,0.75,main,all,2000,+
costlyxhonest-honestxhonest,A_transp_err,0.00847865606673231,0.006568590785480045,0.010388721347984575,tau0.2_k2_lam0.7_R24,0.2,2.0,0.7,24,0.75,main,all,2000,+
costlyxhonest-honestxhonest,B_p_truth,0.0003631817372171099,-0.0023264268047591056,0.0030527902791933257,tau0.2_k2_lam0.7_R24,0.2,2.0,0.7,24,0.75,main,all,2000,0
costlyxhonest-honestxhonest,A_own0,0.0,0.0,0.0,tau0.2_k2_lam0.7_R24,0.2,2.0,0.7,24,0.75,main,all,2000,0
costlyxhonest-honestxhonest,nonc_A,0.13848039215686275,0.12123398346089104,0.15572680085283447,tau0.2_k2_lam0.7_R24,0.2,2.0,0.7,24,0.75,main,A_own0,1224,+
costlyxhonest-honestxhonest,A_dbelief,0.023707557146908878,0.019543625467630832,0.027871488826186924,tau0.2_k2_lam0.7_R24,0.2,2.0,0.7,24,0.75,main,A_own0,1224,+
costlyxhonest-honestxhonest,A_hidden_shift,0.08892156797051602,0.07703175243297516,0.10081138350805688,tau0.2_k2_lam0.7_R24,0.2,2.0,0.7,24,0.75,main,A_own0,1224,+
costlyxhonest-honestxhonest,A_p_truth,0.019211111927207116,0.014761279800435415,0.023660944053978818,tau0.2_k2_lam0.7_R24,0.2,2.0,0.7,24,0.75,main,A_own0,1224,+
costlyxhonest-honestxhonest,B_pC_true,0.09384299807552923,0.07668232880489194,0.11100366734616653,tau0.2_k2_lam0.7_R24,0.2,2.0,0.7,24,0.75,main,A_own0,1224,+
costlyxhonest-honestxhonest,B_pW_true,-0.021212559991504096,-0.028306906178870227,-0.014118213804137966,tau0.2_k2_lam0.7_R24,0.2,2.0,0.7,24,0.75,main,A_own0,1224,-
costlyxhonest-honestxhonest,nonc_B,-0.0030637254901960784,-0.007465772602758854,0.0013383216223666976,tau0.2_k2_lam0.7_R24,0.2,2.0,0.7,24,0.75,main,A_own0,1224,0
costlyxhonest-honestxhonest,U_final,0.14767156862745098,0.12780815644816168,0.16753498080674029,tau0.2_k2_lam0.7_R24,0.2,2.0,0.7,24,0.75,main,A_own0,1224,+
costlyxhonest-honestxhonest,A_transp_err,0.004605996301270197,0.0024701953803296776,0.006741797222210718,tau0.2_k2_lam0.7_R24,0.2,2.0,0.7,24,0.75,main,A_own0,1224,+
costlyxhonest-honestxhonest,B_p_truth,0.0014362685509792285,-0.0019628214313633027,0.00483535853332176,tau0.2_k2_lam0.7_R24,0.2,2.0,0.7,24,0.75,main,A_own0,1224,0
costlyxhonest-honestxhonest,A_own0,0.0,0.0,0.0,tau0.2_k2_lam0.7_R24,0.2,2.0,0.7,24,0.75,main,A_own0,1224,0
attenuatedxhonest-honestxhonest,nonc_A,0.088375,0.07688824982415386,0.09986175017584613,tau0.2_k2_lam0.7_R24,0.2,2.0,0.7,24,0.75,main,all,2000,+
attenuatedxhonest-honestxhonest,A_dbelief,-0.09829448418556715,-0.10365429022099736,-0.09293467815013694,tau0.2_k2_lam0.7_R24,0.2,2.0,0.7,24,0.75,main,all,2000,-
attenuatedxhonest-honestxhonest,A_hidden_shift,-0.021895652803383327,-0.026133437201277355,-0.0176578684054893,tau0.2_k2_lam0.7_R24,0.2,2.0,0.7,24,0.75,main,all,2000,-
attenuatedxhonest-honestxhonest,A_p_truth,-0.0691536919720535,-0.07539724037162297,-0.06291014357248402,tau0.2_k2_lam0.7_R24,0.2,2.0,0.7,24,0.75,main,all,2000,-
attenuatedxhonest-honestxhonest,B_pC_true,-0.03758578428454452,-0.04946236669680411,-0.025709201872284926,tau0.2_k2_lam0.7_R24,0.2,2.0,0.7,24,0.75,main,all,2000,-
attenuatedxhonest-honestxhonest,B_pW_true,0.1210347417609778,0.10847597881348782,0.1335935047084678,tau0.2_k2_lam0.7_R24,0.2,2.0,0.7,24,0.75,main,all,2000,+
attenuatedxhonest-honestxhonest,nonc_B,-0.000625,-0.006790556076167353,0.005540556076167354,tau0.2_k2_lam0.7_R24,0.2,2.0,0.7,24,0.75,main,all,2000,0
attenuatedxhonest-honestxhonest,U_final,0.09375,0.08132959936531986,0.10617040063468014,tau0.2_k2_lam0.7_R24,0.2,2.0,0.7,24,0.75,main,all,2000,+
attenuatedxhonest-honestxhonest,A_transp_err,0.016018095873976228,0.01295890727909274,0.019077284468859715,tau0.2_k2_lam0.7_R24,0.2,2.0,0.7,24,0.75,main,all,2000,+
attenuatedxhonest-honestxhonest,B_p_truth,-0.01724817000476265,-0.022364157508004592,-0.012132182501520707,tau0.2_k2_lam0.7_R24,0.2,2.0,0.7,24,0.75,main,all,2000,-
attenuatedxhonest-honestxhonest,A_own0,0.0,0.0,0.0,tau0.2_k2_lam0.7_R24,0.2,2.0,0.7,24,0.75,main,all,2000,0
attenuatedxhonest-honestxhonest,nonc_A,0.13276143790849673,0.11593692951359053,0.14958594630340294,tau0.2_k2_lam0.7_R24,0.2,2.0,0.7,24,0.75,main,A_own0,1224,+
attenuatedxhonest-honestxhonest,A_dbelief,-0.10459168515658622,-0.11249787029357287,-0.09668550001959957,tau0.2_k2_lam0.7_R24,0.2,2.0,0.7,24,0.75,main,A_own0,1224,-
attenuatedxhonest-honestxhonest,A_hidden_shift,-0.025221392064125672,-0.03080154734356899,-0.019641236784682353,tau0.2_k2_lam0.7_R24,0.2,2.0,0.7,24,0.75,main,A_own0,1224,-
attenuatedxhonest-honestxhonest,A_p_truth,-0.06485932057163059,-0.07412187241440046,-0.05559676872886071,tau0.2_k2_lam0.7_R24,0.2,2.0,0.7,24,0.75,main,A_own0,1224,-
attenuatedxhonest-honestxhonest,B_pC_true,0.004304369050803289,-0.010716842896083096,0.019325580997689676,tau0.2_k2_lam0.7_R24,0.2,2.0,0.7,24,0.75,main,A_own0,1224,0
attenuatedxhonest-honestxhonest,B_pW_true,0.16714081175515366,0.14879100198353182,0.1854906215267755,tau0.2_k2_lam0.7_R24,0.2,2.0,0.7,24,0.75,main,A_own0,1224,+
attenuatedxhonest-honestxhonest,nonc_B,-0.013276143790849673,-0.021321399482656746,-0.005230888099042602,tau0.2_k2_lam0.7_R24,0.2,2.0,0.7,24,0.75,main,A_own0,1224,-
attenuatedxhonest-honestxhonest,U_final,0.144812091503268,0.12553725262797208,0.1640869303785639,tau0.2_k2_lam0.7_R24,0.2,2.0,0.7,24,0.75,main,A_own0,1224,+
attenuatedxhonest-honestxhonest,A_transp_err,0.025147491374358715,0.020489169089047958,0.029805813659669472,tau0.2_k2_lam0.7_R24,0.2,2.0,0.7,24,0.75,main,A_own0,1224,+
attenuatedxhonest-honestxhonest,B_p_truth,-0.02307259370742087,-0.03038512919890844,-0.015760058215933303,tau0.2_k2_lam0.7_R24,0.2,2.0,0.7,24,0.75,main,A_own0,1224,-
attenuatedxhonest-honestxhonest,A_own0,0.0,0.0,0.0,tau0.2_k2_lam0.7_R24,0.2,2.0,0.7,24,0.75,main,A_own0,1224,0
costlyxhonest-attenuatedxhonest,nonc_A,0.35525,0.33546288720236245,0.3750371127976376,tau0.2_k2_lam0.85_R12,0.2,2.0,0.85,12,0.75,main,all,2000,+
costlyxhonest-attenuatedxhonest,A_dbelief,0.12950737597707224,0.12240350684449702,0.13661124510964745,tau0.2_k2_lam0.85_R12,0.2,2.0,0.85,12,0.75,main,all,2000,+
costlyxhonest-attenuatedxhonest,A_hidden_shift,0.1289798370801,0.12159114079326679,0.1363685333669332,tau0.2_k2_lam0.85_R12,0.2,2.0,0.85,12,0.75,main,all,2000,+
costlyxhonest-attenuatedxhonest,A_p_truth,0.08847287278298245,0.08022424675180011,0.0967214988141648,tau0.2_k2_lam0.85_R12,0.2,2.0,0.85,12,0.75,main,all,2000,+
costlyxhonest-attenuatedxhonest,B_pC_true,0.1178089166949832,0.10528728974940876,0.13033054364055763,tau0.2_k2_lam0.85_R12,0.2,2.0,0.85,12,0.75,main,all,2000,+
costlyxhonest-attenuatedxhonest,B_pW_true,-0.15063127615638716,-0.16482811442944265,-0.13643443788333168,tau0.2_k2_lam0.85_R12,0.2,2.0,0.85,12,0.75,main,all,2000,-
costlyxhonest-attenuatedxhonest,nonc_B,0.011,0.004534245118078125,0.017465754881921876,tau0.2_k2_lam0.85_R12,0.2,2.0,0.85,12,0.75,main,all,2000,+
costlyxhonest-attenuatedxhonest,U_final,0.32325,0.3028254961448542,0.34367450385514575,tau0.2_k2_lam0.85_R12,0.2,2.0,0.85,12,0.75,main,all,2000,+
costlyxhonest-attenuatedxhonest,A_transp_err,-0.005722175715049755,-0.009018711772119287,-0.002425639657980223,tau0.2_k2_lam0.85_R12,0.2,2.0,0.85,12,0.75,main,all,2000,-
costlyxhonest-attenuatedxhonest,B_p_truth,0.017305945651606765,0.011650797196218934,0.022961094106994595,tau0.2_k2_lam0.85_R12,0.2,2.0,0.85,12,0.75,main,all,2000,+
costlyxhonest-attenuatedxhonest,A_own0,0.0,0.0,0.0,tau0.2_k2_lam0.85_R12,0.2,2.0,0.85,12,0.75,main,all,2000,0
costlyxhonest-attenuatedxhonest,nonc_A,0.006127450980392157,0.003554796160774745,0.008700105800009569,tau0.2_k2_lam0.85_R12,0.2,2.0,0.85,12,0.75,main,A_own0,1224,+
costlyxhonest-attenuatedxhonest,A_dbelief,0.13941000653181823,0.12860133523999892,0.15021867782363754,tau0.2_k2_lam0.85_R12,0.2,2.0,0.85,12,0.75,main,A_own0,1224,+
costlyxhonest-attenuatedxhonest,A_hidden_shift,0.13599125455677089,0.12519148283475798,0.1467910262787838,tau0.2_k2_lam0.85_R12,0.2,2.0,0.85,12,0.75,main,A_own0,1224,+
costlyxhonest-attenuatedxhonest,A_p_truth,0.08028431975019132,0.0677233016993633,0.09284533780101933,tau0.2_k2_lam0.85_R12,0.2,2.0,0.85,12,0.75,main,A_own0,1224,+
costlyxhonest-attenuatedxhonest,B_pC_true,0.11061222605958507,0.09576190165347495,0.12546255046569518,tau0.2_k2_lam0.85_R12,0.2,2.0,0.85,12,0.75,main,A_own0,1224,+
costlyxhonest-attenuatedxhonest,B_pW_true,-0.2381019241311393,-0.2586074287447965,-0.2175964195174821,tau0.2_k2_lam0.85_R12,0.2,2.0,0.85,12,0.75,main,A_own0,1224,-
costlyxhonest-attenuatedxhonest,nonc_B,0.034109477124183,0.02597828974401901,0.04224066450434699,tau0.2_k2_lam0.85_R12,0.2,2.0,0.85,12,0.75,main,A_own0,1224,+
costlyxhonest-attenuatedxhonest,U_final,0.04268790849673203,0.03193182921320371,0.05344398778026035,tau0.2_k2_lam0.85_R12,0.2,2.0,0.85,12,0.75,main,A_own0,1224,+
costlyxhonest-attenuatedxhonest,A_transp_err,-0.023720003077329938,-0.028135107545919445,-0.01930489860874043,tau0.2_k2_lam0.85_R12,0.2,2.0,0.85,12,0.75,main,A_own0,1224,-
costlyxhonest-attenuatedxhonest,B_p_truth,0.02640356836256632,0.018641163230164876,0.034165973494967763,tau0.2_k2_lam0.85_R12,0.2,2.0,0.85,12,0.75,main,A_own0,1224,+
costlyxhonest-attenuatedxhonest,A_own0,0.0,0.0,0.0,tau0.2_k2_lam0.85_R12,0.2,2.0,0.85,12,0.75,main,A_own0,1224,0
costlyxhonest-honestxhonest,nonc_A,0.448625,0.4281913280107813,0.4690586719892187,tau0.2_k2_lam0.85_R12,0.2,2.0,0.85,12,0.75,main,all,2000,+
costlyxhonest-honestxhonest,A_dbelief,0.027903465609124812,0.02487076378863352,0.030936167429616104,tau0.2_k2_lam0.85_R12,0.2,2.0,0.85,12,0.75,main,all,2000,+
costlyxhonest-honestxhonest,A_hidden_shift,0.10674227573984985,0.09824767635038083,0.11523687512931886,tau0.2_k2_lam0.85_R12,0.2,2.0,0.85,12,0.75,main,all,2000,+
costlyxhonest-honestxhonest,A_p_truth,0.02398520972409891,0.020686727261386532,0.027283692186811287,tau0.2_k2_lam0.85_R12,0.2,2.0,0.85,12,0.75,main,all,2000,+
costlyxhonest-honestxhonest,B_pC_true,0.05767937230223159,0.046823200759989685,0.0685355438444735,tau0.2_k2_lam0.85_R12,0.2,2.0,0.85,12,0.75,main,all,2000,+
costlyxhonest-honestxhonest,B_pW_true,-0.041507290933675244,-0.0475424419646301,-0.035472139902720384,tau0.2_k2_lam0.85_R12,0.2,2.0,0.85,12,0.75,main,all,2000,-
costlyxhonest-honestxhonest,nonc_B,-0.002625,-0.005938129623400014,0.0006881296234000143,tau0.2_k2_lam0.85_R12,0.2,2.0,0.85,12,0.75,main,all,2000,0
costlyxhonest-honestxhonest,U_final,0.412,0.3908249588906422,0.43317504110935773,tau0.2_k2_lam0.85_R12,0.2,2.0,0.85,12,0.75,main,all,2000,+
costlyxhonest-honestxhonest,A_transp_err,0.011242101784943632,0.009082751412635901,0.013401452157251362,tau0.2_k2_lam0.85_R12,0.2,2.0,0.85,12,0.75,main,all,2000,+
costlyxhonest-honestxhonest,B_p_truth,-0.0015956390314374993,-0.0043505770113570225,0.0011592989484820236,tau0.2_k2_lam0.85_R12,0.2,2.0,0.85,12,0.75,main,all,2000,0
costlyxhonest-honestxhonest,A_own0,0.0,0.0,0.0,tau0.2_k2_lam0.85_R12,0.2,2.0,0.85,12,0.75,main,all,2000,0
costlyxhonest-honestxhonest,nonc_A,0.15216503267973855,0.1341494248389917,0.1701806405204854,tau0.2_k2_lam0.85_R12,0.2,2.0,0.85,12,0.75,main,A_own0,1224,+
costlyxhonest-honestxhonest,A_dbelief,0.023430464326864936,0.019331310602093192,0.02752961805163668,tau0.2_k2_lam0.85_R12,0.2,2.0,0.85,12,0.75,main,A_own0,1224,+
costlyxhonest-honestxhonest,A_hidden_shift,0.10986775528276313,0.09692651680412327,0.12280899376140299,tau0.2_k2_lam0.85_R12,0.2,2.0,0.85,12,0.75,main,A_own0,1224,+
costlyxhonest-honestxhonest,A_p_truth,0.01882462255230912,0.014631354457675914,0.02301789064694233,tau0.2_k2_lam0.85_R12,0.2,2.0,0.85,12,0.75,main,A_own0,1224,+
costlyxhonest-honestxhonest,B_pC_true,0.0781759346730185,0.06327512606716262,0.09307674327887439,tau0.2_k2_lam0.85_R12,0.2,2.0,0.85,12,0.75,main,A_own0,1224,+
costlyxhonest-honestxhonest,B_pW_true,-0.04899378796535174,-0.05760446291395761,-0.04038311301674587,tau0.2_k2_lam0.85_R12,0.2,2.0,0.85,12,0.75,main,A_own0,1224,-
costlyxhonest-honestxhonest,nonc_B,-0.0022467320261437907,-0.004869902879567489,0.000376438827279908,tau0.2_k2_lam0.85_R12,0.2,2.0,0.85,12,0.75,main,A_own0,1224,0
costlyxhonest-honestxhonest,U_final,0.1801470588235294,0.15902924297858018,0.20126487466847864,tau0.2_k2_lam0.85_R12,0.2,2.0,0.85,12,0.75,main,A_own0,1224,+
costlyxhonest-honestxhonest,A_transp_err,0.00388473002389834,0.0016415138356859378,0.006127946212110743,tau0.2_k2_lam0.85_R12,0.2,2.0,0.85,12,0.75,main,A_own0,1224,+
costlyxhonest-honestxhonest,B_p_truth,0.0023967300171997413,-0.0005580230826291738,0.0053514831170286565,tau0.2_k2_lam0.85_R12,0.2,2.0,0.85,12,0.75,main,A_own0,1224,0
costlyxhonest-honestxhonest,A_own0,0.0,0.0,0.0,tau0.2_k2_lam0.85_R12,0.2,2.0,0.85,12,0.75,main,A_own0,1224,0
attenuatedxhonest-honestxhonest,nonc_A,0.093375,0.08159676399840984,0.10515323600159016,tau0.2_k2_lam0.85_R12,0.2,2.0,0.85,12,0.75,main,all,2000,+
attenuatedxhonest-honestxhonest,A_dbelief,-0.1016039103679474,-0.10735702130421855,-0.09585079943167625,tau0.2_k2_lam0.85_R12,0.2,2.0,0.85,12,0.75,main,all,2000,-
attenuatedxhonest-honestxhonest,A_hidden_shift,-0.022237561340250133,-0.026925639529897176,-0.01754948315060309,tau0.2_k2_lam0.85_R12,0.2,2.0,0.85,12,0.75,main,all,2000,-
attenuatedxhonest-honestxhonest,A_p_truth,-0.06448766305888355,-0.07120034448117922,-0.057774981636587876,tau0.2_k2_lam0.85_R12,0.2,2.0,0.85,12,0.75,main,all,2000,-
attenuatedxhonest-honestxhonest,B_pC_true,-0.0601295443927516,-0.07104427847165642,-0.04921481031384678,tau0.2_k2_lam0.85_R12,0.2,2.0,0.85,12,0.75,main,all,2000,-
attenuatedxhonest-honestxhonest,B_pW_true,0.10912398522271193,0.0963495938843609,0.12189837656106295,tau0.2_k2_lam0.85_R12,0.2,2.0,0.85,12,0.75,main,all,2000,+
attenuatedxhonest-honestxhonest,nonc_B,-0.013625,-0.02022374747369611,-0.007026252526303889,tau0.2_k2_lam0.85_R12,0.2,2.0,0.85,12,0.75,main,all,2000,-
attenuatedxhonest-honestxhonest,U_final,0.08875,0.07587565057229713,0.10162434942770286,tau0.2_k2_lam0.85_R12,0.2,2.0,0.85,12,0.75,main,all,2000,+
attenuatedxhonest-honestxhonest,A_transp_err,0.016964277499993387,0.014015897498919381,0.019912657501067393,tau0.2_k2_lam0.85_R12,0.2,2.0,0.85,12,0.75,main,all,2000,+
attenuatedxhonest-honestxhonest,B_p_truth,-0.018901584683044266,-0.02463184353901301,-0.013171325827075524,tau0.2_k2_lam0.85_R12,0.2,2.0,0.85,12,0.75,main,all,2000,-
attenuatedxhonest-honestxhonest,A_own0,0.0,0.0,0.0,tau0.2_k2_lam0.85_R12,0.2,2.0,0.85,12,0.75,main,all,2000,0
attenuatedxhonest-honestxhonest,nonc_A,0.1460375816993464,0.12845549299264356,0.16361967040604927,tau0.2_k2_lam0.85_R12,0.2,2.0,0.85,12,0.75,main,A_own0,1224,+
attenuatedxhonest-honestxhonest,A_dbelief,-0.11597954220495331,-0.12458294203284906,-0.10737614237705756,tau0.2_k2_lam0.85_R12,0.2,2.0,0.85,12,0.75,main,A_own0,1224,-
attenuatedxhonest-honestxhonest,A_hidden_shift,-0.026123499274007755,-0.032505243822696046,-0.01974175472531946,tau0.2_k2_lam0.85_R12,0.2,2.0,0.85,12,0.75,main,A_own0,1224,-
attenuatedxhonest-honestxhonest,A_p_truth,-0.061459697197882204,-0.07168453138236752,-0.051234863013396886,tau0.2_k2_lam0.85_R12,0.2,2.0,0.85,12,0.75,main,A_own0,1224,-
attenuatedxhonest-honestxhonest,B_pC_true,-0.03243629138656656,-0.04603138245026021,-0.01884120032287292,tau0.2_k2_lam0.85_R12,0.2,2.0,0.85,12,0.75,main,A_own0,1224,-
attenuatedxhonest-honestxhonest,B_pW_true,0.18910813616578756,0.17095000387231105,0.20726626845926407,tau0.2_k2_lam0.85_R12,0.2,2.0,0.85,12,0.75,main,A_own0,1224,+
attenuatedxhonest-honestxhonest,nonc_B,-0.0363562091503268,-0.04509492849188738,-0.027617489808766223,tau0.2_k2_lam0.85_R12,0.2,2.0,0.85,12,0.75,main,A_own0,1224,-
attenuatedxhonest-honestxhonest,U_final,0.1374591503267974,0.11731101864748805,0.15760728200610674,tau0.2_k2_lam0.85_R12,0.2,2.0,0.85,12,0.75,main,A_own0,1224,+
attenuatedxhonest-honestxhonest,A_transp_err,0.02760473310122828,0.023025773483812823,0.032183692718643735,tau0.2_k2_lam0.85_R12,0.2,2.0,0.85,12,0.75,main,A_own0,1224,+
attenuatedxhonest-honestxhonest,B_p_truth,-0.024006838345366578,-0.032538373878421255,-0.0154753028123119,tau0.2_k2_lam0.85_R12,0.2,2.0,0.85,12,0.75,main,A_own0,1224,-
attenuatedxhonest-honestxhonest,A_own0,0.0,0.0,0.0,tau0.2_k2_lam0.85_R12,0.2,2.0,0.85,12,0.75,main,A_own0,1224,0
costlyxhonest-attenuatedxhonest,nonc_A,0.353,0.3333484205447108,0.37265157945528915,tau0.2_k2_lam0.85_R24,0.2,2.0,0.85,24,0.75,main,all,2000,+
costlyxhonest-attenuatedxhonest,A_dbelief,0.13695661629193753,0.12935149282108063,0.14456173976279443,tau0.2_k2_lam0.85_R24,0.2,2.0,0.85,24,0.75,main,all,2000,+
costlyxhonest-attenuatedxhonest,A_hidden_shift,0.11790244790616089,0.11006030743268841,0.12574458837963337,tau0.2_k2_lam0.85_R24,0.2,2.0,0.85,24,0.75,main,all,2000,+
costlyxhonest-attenuatedxhonest,A_p_truth,0.09145462796151604,0.08261200585304705,0.10029725006998504,tau0.2_k2_lam0.85_R24,0.2,2.0,0.85,24,0.75,main,all,2000,+
costlyxhonest-attenuatedxhonest,B_pC_true,0.15362831479737835,0.1388989572752129,0.1683576723195438,tau0.2_k2_lam0.85_R24,0.2,2.0,0.85,24,0.75,main,all,2000,+
costlyxhonest-attenuatedxhonest,B_pW_true,-0.15978129829209484,-0.17423977183227796,-0.14532282475191172,tau0.2_k2_lam0.85_R24,0.2,2.0,0.85,24,0.75,main,all,2000,-
costlyxhonest-attenuatedxhonest,nonc_B,0.043,0.03251426368188354,0.053485736318116456,tau0.2_k2_lam0.85_R24,0.2,2.0,0.85,24,0.75,main,all,2000,+
costlyxhonest-attenuatedxhonest,U_final,0.2845,0.2645400458997561,0.30445995410024385,tau0.2_k2_lam0.85_R24,0.2,2.0,0.85,24,0.75,main,all,2000,+
costlyxhonest-attenuatedxhonest,A_transp_err,-0.022797213778023462,-0.027576104266717458,-0.018018323289329466,tau0.2_k2_lam0.85_R24,0.2,2.0,0.85,24,0.75,main,all,2000,-
costlyxhonest-attenuatedxhonest,B_p_truth,0.033412540398583115,0.025345181781829103,0.04147989901533713,tau0.2_k2_lam0.85_R24,0.2,2.0,0.85,24,0.75,main,all,2000,+
costlyxhonest-attenuatedxhonest,A_own0,0.0,0.0,0.0,tau0.2_k2_lam0.85_R24,0.2,2.0,0.85,24,0.75,main,all,2000,0
costlyxhonest-attenuatedxhonest,nonc_A,0.010008169934640522,0.00556582294835596,0.014450516920925083,tau0.2_k2_lam0.85_R24,0.2,2.0,0.85,24,0.75,main,A_own0,1224,+
costlyxhonest-attenuatedxhonest,A_dbelief,0.14705765200302842,0.1355139807272872,0.15860132327876963,tau0.2_k2_lam0.85_R24,0.2,2.0,0.85,24,0.75,main,A_own0,1224,+
costlyxhonest-attenuatedxhonest,A_hidden_shift,0.12740424812804088,0.11596318646500291,0.13884530979107884,tau0.2_k2_lam0.85_R24,0.2,2.0,0.85,24,0.75,main,A_own0,1224,+
costlyxhonest-attenuatedxhonest,A_p_truth,0.08132669342510165,0.06788485360055735,0.09476853324964596,tau0.2_k2_lam0.85_R24,0.2,2.0,0.85,24,0.75,main,A_own0,1224,+
costlyxhonest-attenuatedxhonest,B_pC_true,0.15539293347012545,0.13599583440408053,0.17479003253617037,tau0.2_k2_lam0.85_R24,0.2,2.0,0.85,24,0.75,main,A_own0,1224,+
costlyxhonest-attenuatedxhonest,B_pW_true,-0.24301527780990614,-0.2639871566764984,-0.22204339894331387,tau0.2_k2_lam0.85_R24,0.2,2.0,0.85,24,0.75,main,A_own0,1224,-
costlyxhonest-attenuatedxhonest,nonc_B,0.09191176470588236,0.07720466319270752,0.1066188662190572,tau0.2_k2_lam0.85_R24,0.2,2.0,0.85,24,0.75,main,A_own0,1224,+
costlyxhonest-attenuatedxhonest,U_final,0.09395424836601307,0.07678855305318687,0.11111994367883928,tau0.2_k2_lam0.85_R24,0.2,2.0,0.85,24,0.75,main,A_own0,1224,+
costlyxhonest-attenuatedxhonest,A_transp_err,-0.045896583241020375,-0.052865964623929694,-0.038927201858111056,tau0.2_k2_lam0.85_R24,0.2,2.0,0.85,24,0.75,main,A_own0,1224,-
costlyxhonest-attenuatedxhonest,B_p_truth,0.047972267408930964,0.03617748610352281,0.05976704871433912,tau0.2_k2_lam0.85_R24,0.2,2.0,0.85,24,0.75,main,A_own0,1224,+
costlyxhonest-attenuatedxhonest,A_own0,0.0,0.0,0.0,tau0.2_k2_lam0.85_R24,0.2,2.0,0.85,24,0.75,main,A_own0,1224,0
costlyxhonest-honestxhonest,nonc_A,0.46575,0.4451904516327685,0.4863095483672315,tau0.2_k2_lam0.85_R24,0.2,2.0,0.85,24,0.75,main,all,2000,+
costlyxhonest-honestxhonest,A_dbelief,0.03245935498720695,0.02915786618834651,0.03576084378606739,tau0.2_k2_lam0.85_R24,0.2,2.0,0.85,24,0.75,main,all,2000,+
costlyxhonest-honestxhonest,A_hidden_shift,0.10362230851574344,0.09468007953560875,0.11256453749587814,tau0.2_k2_lam0.85_R24,0.2,2.0,0.85,24,0.75,main,all,2000,+
costlyxhonest-honestxhonest,A_p_truth,0.02518694520744756,0.02152647668940078,0.028847413725494344,tau0.2_k2_lam0.85_R24,0.2,2.0,0.85,24,0.75,main,all,2000,+
costlyxhonest-honestxhonest,B_pC_true,0.071406926800312,0.05955350271387102,0.083260350886753,tau0.2_k2_lam0.85_R24,0.2,2.0,0.85,24,0.75,main,all,2000,+
costlyxhonest-honestxhonest,B_pW_true,-0.034938187943852325,-0.04114519006375327,-0.02873118582395138,tau0.2_k2_lam0.85_R24,0.2,2.0,0.85,24,0.75,main,all,2000,-
costlyxhonest-honestxhonest,nonc_B,0.0,-0.004314748953214384,0.004314748953214384,tau0.2_k2_lam0.85_R24,0.2,2.0,0.85,24,0.75,main,all,2000,0
costlyxhonest-honestxhonest,U_final,0.343125,0.32256687495319136,0.36368312504680866,tau0.2_k2_lam0.85_R24,0.2,2.0,0.85,24,0.75,main,all,2000,+
costlyxhonest-honestxhonest,A_transp_err,0.0042532605438504924,0.0019431466679177018,0.006563374419783283,tau0.2_k2_lam0.85_R24,0.2,2.0,0.85,24,0.75,main,all,2000,+
costlyxhonest-honestxhonest,B_p_truth,-0.0018891268116198185,-0.004857802400497452,0.0010795487772578148,tau0.2_k2_lam0.85_R24,0.2,2.0,0.85,24,0.75,main,all,2000,0
costlyxhonest-honestxhonest,A_own0,0.0,0.0,0.0,tau0.2_k2_lam0.85_R24,0.2,2.0,0.85,24,0.75,main,all,2000,0
costlyxhonest-honestxhonest,nonc_A,0.18382352941176472,0.16387028070615628,0.20377677811737316,tau0.2_k2_lam0.85_R24,0.2,2.0,0.85,24,0.75,main,A_own0,1224,+
costlyxhonest-honestxhonest,A_dbelief,0.027956482124516208,0.02338606229232574,0.032526901956706676,tau0.2_k2_lam0.85_R24,0.2,2.0,0.85,24,0.75,main,A_own0,1224,+
costlyxhonest-honestxhonest,A_hidden_shift,0.11656047734216271,0.10288031674250978,0.13024063794181565,tau0.2_k2_lam0.85_R24,0.2,2.0,0.85,24,0.75,main,A_own0,1224,+
costlyxhonest-honestxhonest,A_p_truth,0.017200734121239236,0.012314393858544562,0.02208707438393391,tau0.2_k2_lam0.85_R24,0.2,2.0,0.85,24,0.75,main,A_own0,1224,+
costlyxhonest-honestxhonest,B_pC_true,0.11352739599371173,0.09565147939996443,0.13140331258745902,tau0.2_k2_lam0.85_R24,0.2,2.0,0.85,24,0.75,main,A_own0,1224,+
costlyxhonest-honestxhonest,B_pW_true,-0.045555805198818036,-0.05467074238661167,-0.036440868011024405,tau0.2_k2_lam0.85_R24,0.2,2.0,0.85,24,0.75,main,A_own0,1224,-
costlyxhonest-honestxhonest,nonc_B,0.003472222222222222,-0.002258624951652451,0.009203069396096896,tau0.2_k2_lam0.85_R24,0.2,2.0,0.85,24,0.75,main,A_own0,1224,0
costlyxhonest-honestxhonest,U_final,0.18525326797385622,0.16354941659732541,0.20695711935038702,tau0.2_k2_lam0.85_R24,0.2,2.0,0.85,24,0.75,main,A_own0,1224,+
costlyxhonest-honestxhonest,A_transp_err,-0.0017917272432070711,-0.0046588089039579965,0.0010753544175438542,tau0.2_k2_lam0.85_R24,0.2,2.0,0.85,24,0.75,main,A_own0,1224,0
costlyxhonest-honestxhonest,B_p_truth,-0.0018513575984078806,-0.005569483248545049,0.0018667680517292875,tau0.2_k2_lam0.85_R24,0.2,2.0,0.85,24,0.75,main,A_own0,1224,0
costlyxhonest-honestxhonest,A_own0,0.0,0.0,0.0,tau0.2_k2_lam0.85_R24,0.2,2.0,0.85,24,0.75,main,A_own0,1224,0
attenuatedxhonest-honestxhonest,nonc_A,0.11275,0.09976129478425233,0.12573870521574768,tau0.2_k2_lam0.85_R24,0.2,2.0,0.85,24,0.75,main,all,2000,+
attenuatedxhonest-honestxhonest,A_dbelief,-0.10449726130473058,-0.1107988914072654,-0.09819563120219577,tau0.2_k2_lam0.85_R24,0.2,2.0,0.85,24,0.75,main,all,2000,-
attenuatedxhonest-honestxhonest,A_hidden_shift,-0.014280139390417435,-0.018353522075464365,-0.010206756705370506,tau0.2_k2_lam0.85_R24,0.2,2.0,0.85,24,0.75,main,all,2000,-
attenuatedxhonest-honestxhonest,A_p_truth,-0.06626768275406847,-0.07350564936584937,-0.05902971614228757,tau0.2_k2_lam0.85_R24,0.2,2.0,0.85,24,0.75,main,all,2000,-
attenuatedxhonest-honestxhonest,B_pC_true,-0.08222138799706635,-0.09560927738752556,-0.06883349860660715,tau0.2_k2_lam0.85_R24,0.2,2.0,0.85,24,0.75,main,all,2000,-
attenuatedxhonest-honestxhonest,B_pW_true,0.12484311034824253,0.11175379061764289,0.13793243007884215,tau0.2_k2_lam0.85_R24,0.2,2.0,0.85,24,0.75,main,all,2000,+
attenuatedxhonest-honestxhonest,nonc_B,-0.043,-0.05323063163797113,-0.032769368362028865,tau0.2_k2_lam0.85_R24,0.2,2.0,0.85,24,0.75,main,all,2000,-
attenuatedxhonest-honestxhonest,U_final,0.058625,0.04839968954141307,0.06885031045858693,tau0.2_k2_lam0.85_R24,0.2,2.0,0.85,24,0.75,main,all,2000,+
attenuatedxhonest-honestxhonest,A_transp_err,0.027050474321873953,0.022354114004604842,0.03174683463914306,tau0.2_k2_lam0.85_R24,0.2,2.0,0.85,24,0.75,main,all,2000,+
attenuatedxhonest-honestxhonest,B_p_truth,-0.03530166721020293,-0.043275363237198154,-0.027327971183207712,tau0.2_k2_lam0.85_R24,0.2,2.0,0.85,24,0.75,main,all,2000,-
attenuatedxhonest-honestxhonest,A_own0,0.0,0.0,0.0,tau0.2_k2_lam0.85_R24,0.2,2.0,0.85,24,0.75,main,all,2000,0
attenuatedxhonest-honestxhonest,nonc_A,0.17381535947712418,0.15469500296898026,0.1929357159852681,tau0.2_k2_lam0.85_R24,0.2,2.0,0.85,24,0.75,main,A_own0,1224,+
attenuatedxhonest-honestxhonest,A_dbelief,-0.11910116987851224,-0.12849994119237645,-0.10970239856464803,tau0.2_k2_lam0.85_R24,0.2,2.0,0.85,24,0.75,main,A_own0,1224,-
attenuatedxhonest-honestxhonest,A_hidden_shift,-0.010843770785878167,-0.01567779807476758,-0.006009743496988754,tau0.2_k2_lam0.85_R24,0.2,2.0,0.85,24,0.75,main,A_own0,1224,-
attenuatedxhonest-honestxhonest,A_p_truth,-0.06412595930386242,-0.0750928272960206,-0.05315909131170424,tau0.2_k2_lam0.85_R24,0.2,2.0,0.85,24,0.75,main,A_own0,1224,-
attenuatedxhonest-honestxhonest,B_pC_true,-0.0418655374764137,-0.05863643680953082,-0.025094638143296585,tau0.2_k2_lam0.85_R24,0.2,2.0,0.85,24,0.75,main,A_own0,1224,-
attenuatedxhonest-honestxhonest,B_pW_true,0.19745947261108807,0.17863607729480613,0.21628286792737,tau0.2_k2_lam0.85_R24,0.2,2.0,0.85,24,0.75,main,A_own0,1224,+
attenuatedxhonest-honestxhonest,nonc_B,-0.08843954248366014,-0.10306606879627928,-0.073813016171041,tau0.2_k2_lam0.85_R24,0.2,2.0,0.85,24,0.75,main,A_own0,1224,-
attenuatedxhonest-honestxhonest,U_final,0.09129901960784313,0.07511129079501278,0.10748674842067349,tau0.2_k2_lam0.85_R24,0.2,2.0,0.85,24,0.75,main,A_own0,1224,+
attenuatedxhonest-honestxhonest,A_transp_err,0.0441048559978133,0.03682365918648017,0.05138605280914643,tau0.2_k2_lam0.85_R24,0.2,2.0,0.85,24,0.75,main,A_own0,1224,+
attenuatedxhonest-honestxhonest,B_p_truth,-0.04982362500733885,-0.061847365955903295,-0.0377998840587744,tau0.2_k2_lam0.85_R24,0.2,2.0,0.85,24,0.75,main,A_own0,1224,-
attenuatedxhonest-honestxhonest,A_own0,0.0,0.0,0.0,tau0.2_k2_lam0.85_R24,0.2,2.0,0.85,24,0.75,main,A_own0,1224,0
costlyxhonest-attenuatedxhonest,nonc_A,0.292875,0.27877987422287986,0.30697012577712013,tau0.4_k1_lam0.6_R12,0.4,1.0,0.6,12,0.75,main,all,2000,+
costlyxhonest-attenuatedxhonest,A_dbelief,0.10213884849568523,0.09659009744902987,0.1076875995423406,tau0.4_k1_lam0.6_R12,0.4,1.0,0.6,12,0.75,main,all,2000,+
costlyxhonest-attenuatedxhonest,A_hidden_shift,0.10347622333686728,0.09743908826673041,0.10951335840700414,tau0.4_k1_lam0.6_R12,0.4,1.0,0.6,12,0.75,main,all,2000,+
costlyxhonest-attenuatedxhonest,A_p_truth,0.06614593011613497,0.05955328903335986,0.07273857119891007,tau0.4_k1_lam0.6_R12,0.4,1.0,0.6,12,0.75,main,all,2000,+
costlyxhonest-attenuatedxhonest,B_pC_true,-0.07770712930155928,-0.09329298228704222,-0.06212127631607634,tau0.4_k1_lam0.6_R12,0.4,1.0,0.6,12,0.75,main,all,2000,-
costlyxhonest-attenuatedxhonest,B_pW_true,-0.025704805198566688,-0.03132656252878388,-0.0200830478683495,tau0.4_k1_lam0.6_R12,0.4,1.0,0.6,12,0.75,main,all,2000,-
costlyxhonest-attenuatedxhonest,nonc_B,-0.02975,-0.035271649776844695,-0.024228350223155302,tau0.4_k1_lam0.6_R12,0.4,1.0,0.6,12,0.75,main,all,2000,-
costlyxhonest-attenuatedxhonest,U_final,0.155,0.1373025713876353,0.1726974286123647,tau0.4_k1_lam0.6_R12,0.4,1.0,0.6,12,0.75,main,all,2000,+
costlyxhonest-attenuatedxhonest,A_transp_err,0.01767142369477943,0.014090844700606273,0.02125200268895259,tau0.4_k1_lam0.6_R12,0.4,1.0,0.6,12,0.75,main,all,2000,+
costlyxhonest-attenuatedxhonest,B_p_truth,0.0042538142282222665,-0.0008072849769159415,0.009314913433360474,tau0.4_k1_lam0.6_R12,0.4,1.0,0.6,12,0.75,main,all,2000,0
costlyxhonest-attenuatedxhonest,A_own0,0.0,0.0,0.0,tau0.4_k1_lam0.6_R12,0.4,1.0,0.6,12,0.75,main,all,2000,0
costlyxhonest-attenuatedxhonest,nonc_A,0.09477124183006536,0.0858689550579256,0.1036735286022051,tau0.4_k1_lam0.6_R12,0.4,1.0,0.6,12,0.75,main,A_own0,1224,+
costlyxhonest-attenuatedxhonest,A_dbelief,0.09360309162175562,0.08621933061320325,0.10098685263030799,tau0.4_k1_lam0.6_R12,0.4,1.0,0.6,12,0.75,main,A_own0,1224,+
costlyxhonest-attenuatedxhonest,A_hidden_shift,0.09348483947046674,0.08583044726502423,0.10113923167590924,tau0.4_k1_lam0.6_R12,0.4,1.0,0.6,12,0.75,main,A_own0,1224,+
costlyxhonest-attenuatedxhonest,A_p_truth,0.06525617711843512,0.05694291277334917,0.07356944146352107,tau0.4_k1_lam0.6_R12,0.4,1.0,0.6,12,0.75,main,A_own0,1224,+
costlyxhonest-attenuatedxhonest,B_pC_true,-0.025125042733495563,-0.04543950463582999,-0.004810580831161138,tau0.4_k1_lam0.6_R12,0.4,1.0,0.6,12,0.75,main,A_own0,1224,-
costlyxhonest-attenuatedxhonest,B_pW_true,-0.05193943641774984,-0.059605909970746926,-0.044272962864752755,tau0.4_k1_lam0.6_R12,0.4,1.0,0.6,12,0.75,main,A_own0,1224,-
costlyxhonest-attenuatedxhonest,nonc_B,-0.026552287581699346,-0.0329374768353326,-0.02016709832806609,tau0.4_k1_lam0.6_R12,0.4,1.0,0.6,12,0.75,main,A_own0,1224,-
costlyxhonest-attenuatedxhonest,U_final,-0.03533496732026144,-0.04884846755814223,-0.021821467082380638,tau0.4_k1_lam0.6_R12,0.4,1.0,0.6,12,0.75,main,A_own0,1224,-
costlyxhonest-attenuatedxhonest,A_transp_err,-0.011409199463394111,-0.014738975794416421,-0.008079423132371802,tau0.4_k1_lam0.6_R12,0.4,1.0,0.6,12,0.75,main,A_own0,1224,-
costlyxhonest-attenuatedxhonest,B_p_truth,0.01812420730589479,0.013715201502606491,0.022533213109183086,tau0.4_k1_lam0.6_R12,0.4,1.0,0.6,12,0.75,main,A_own0,1224,+
costlyxhonest-attenuatedxhonest,A_own0,0.0,0.0,0.0,tau0.4_k1_lam0.6_R12,0.4,1.0,0.6,12,0.75,main,A_own0,1224,0
costlyxhonest-honestxhonest,nonc_A,0.3245,0.3098282325475051,0.33917176745249494,tau0.4_k1_lam0.6_R12,0.4,1.0,0.6,12,0.75,main,all,2000,+
costlyxhonest-honestxhonest,A_dbelief,0.012863038609370714,0.010270857759039926,0.015455219459701502,tau0.4_k1_lam0.6_R12,0.4,1.0,0.6,12,0.75,main,all,2000,+
costlyxhonest-honestxhonest,A_hidden_shift,0.06420811659868088,0.058455740965652314,0.06996049223170944,tau0.4_k1_lam0.6_R12,0.4,1.0,0.6,12,0.75,main,all,2000,+
costlyxhonest-honestxhonest,A_p_truth,0.007569595852247245,0.004082776885271734,0.011056414819222756,tau0.4_k1_lam0.6_R12,0.4,1.0,0.6,12,0.75,main,all,2000,+
costlyxhonest-honestxhonest,B_pC_true,-0.08858666845345928,-0.10344857702816743,-0.07372475987875113,tau0.4_k1_lam0.6_R12,0.4,1.0,0.6,12,0.75,main,all,2000,-
costlyxhonest-honestxhonest,B_pW_true,-0.00836007543031909,-0.01104429201741655,-0.005675858843221629,tau0.4_k1_lam0.6_R12,0.4,1.0,0.6,12,0.75,main,all,2000,-
costlyxhonest-honestxhonest,nonc_B,-0.023625,-0.028434320458145264,-0.018815679541854737,tau0.4_k1_lam0.6_R12,0.4,1.0,0.6,12,0.75,main,all,2000,-
costlyxhonest-honestxhonest,U_final,0.205625,0.18770368485697192,0.22354631514302808,tau0.4_k1_lam0.6_R12,0.4,1.0,0.6,12,0.75,main,all,2000,+
costlyxhonest-honestxhonest,A_transp_err,0.03186821183852931,0.028469657068384627,0.03526676660867399,tau0.4_k1_lam0.6_R12,0.4,1.0,0.6,12,0.75,main,all,2000,+
costlyxhonest-honestxhonest,B_p_truth,-0.0008745429313351575,-0.005200150444945383,0.0034510645822750687,tau0.4_k1_lam0.6_R12,0.4,1.0,0.6,12,0.75,main,all,2000,0
costlyxhonest-honestxhonest,A_own0,0.0,0.0,0.0,tau0.4_k1_lam0.6_R12,0.4,1.0,0.6,12,0.75,main,all,2000,0
costlyxhonest-honestxhonest,nonc_A,0.1343954248366013,0.12258081296804957,0.14621003670515303,tau0.4_k1_lam0.6_R12,0.4,1.0,0.6,12,0.75,main,A_own0,1224,+
costlyxhonest-honestxhonest,A_dbelief,0.00648842463088055,0.003797170204088455,0.009179679057672644,tau0.4_k1_lam0.6_R12,0.4,1.0,0.6,12,0.75,main,A_own0,1224,+
costlyxhonest-honestxhonest,A_hidden_shift,0.04869405837992693,0.04101287189976162,0.05637524486009224,tau0.4_k1_lam0.6_R12,0.4,1.0,0.6,12,0.75,main,A_own0,1224,+
costlyxhonest-honestxhonest,A_p_truth,0.009046211744777316,0.005500283843908304,0.012592139645646329,tau0.4_k1_lam0.6_R12,0.4,1.0,0.6,12,0.75,main,A_own0,1224,+
costlyxhonest-honestxhonest,B_pC_true,-0.026115854734485043,-0.04551969698081612,-0.006712012488153965,tau0.4_k1_lam0.6_R12,0.4,1.0,0.6,12,0.75,main,A_own0,1224,-
costlyxhonest-honestxhonest,B_pW_true,-0.0010859526199056347,-0.004361576933052566,0.0021896716932412966,tau0.4_k1_lam0.6_R12,0.4,1.0,0.6,12,0.75,main,A_own0,1224,0
costlyxhonest-honestxhonest,nonc_B,-0.025939542483660132,-0.03206354682197994,-0.019815538145340324,tau0.4_k1_lam0.6_R12,0.4,1.0,0.6,12,0.75,main,A_own0,1224,-
costlyxhonest-honestxhonest,U_final,0.020016339869281044,0.003975942715938357,0.03605673702262373,tau0.4_k1_lam0.6_R12,0.4,1.0,0.6,12,0.75,main,A_own0,1224,+
costlyxhonest-honestxhonest,A_transp_err,0.008021006377433278,0.004492249065318267,0.01154976368954829,tau0.4_k1_lam0.6_R12,0.4,1.0,0.6,12,0.75,main,A_own0,1224,+
costlyxhonest-honestxhonest,B_p_truth,0.013483491044574117,0.00873878141069652,0.018228200678451715,tau0.4_k1_lam0.6_R12,0.4,1.0,0.6,12,0.75,main,A_own0,1224,+
costlyxhonest-honestxhonest,A_own0,0.0,0.0,0.0,tau0.4_k1_lam0.6_R12,0.4,1.0,0.6,12,0.75,main,A_own0,1224,0
attenuatedxhonest-honestxhonest,nonc_A,0.031625,0.024099601625305882,0.03915039837469412,tau0.4_k1_lam0.6_R12,0.4,1.0,0.6,12,0.75,main,all,2000,+
attenuatedxhonest-honestxhonest,A_dbelief,-0.0892758098863145,-0.09416236372040411,-0.0843892560522249,tau0.4_k1_lam0.6_R12,0.4,1.0,0.6,12,0.75,main,all,2000,-
attenuatedxhonest-honestxhonest,A_hidden_shift,-0.03926810673818642,-0.04360800346883003,-0.03492821000754281,tau0.4_k1_lam0.6_R12,0.4,1.0,0.6,12,0.75,main,all,2000,-
attenuatedxhonest-honestxhonest,A_p_truth,-0.058576334263887725,-0.06430570794279254,-0.05284696058498291,tau0.4_k1_lam0.6_R12,0.4,1.0,0.6,12,0.75,main,all,2000,-
attenuatedxhonest-honestxhonest,B_pC_true,-0.01087953915190002,-0.019115753669128342,-0.002643324634671696,tau0.4_k1_lam0.6_R12,0.4,1.0,0.6,12,0.75,main,all,2000,-
attenuatedxhonest-honestxhonest,B_pW_true,0.0173447297682476,0.011279025330517318,0.02341043420597788,tau0.4_k1_lam0.6_R12,0.4,1.0,0.6,12,0.75,main,all,2000,+
attenuatedxhonest-honestxhonest,nonc_B,0.006125,0.0024425558137165823,0.009807444186283418,tau0.4_k1_lam0.6_R12,0.4,1.0,0.6,12,0.75,main,all,2000,+
attenuatedxhonest-honestxhonest,U_final,0.050625,0.04242006641373146,0.05882993358626855,tau0.4_k1_lam0.6_R12,0.4,1.0,0.6,12,0.75,main,all,2000,+
attenuatedxhonest-honestxhonest,A_transp_err,0.014196788143749878,0.011923773559071142,0.016469802728428615,tau0.4_k1_lam0.6_R12,0.4,1.0,0.6,12,0.75,main,all,2000,+
attenuatedxhonest-honestxhonest,B_p_truth,-0.005128357159557424,-0.008575860893924373,-0.001680853425190474,tau0.4_k1_lam0.6_R12,0.4,1.0,0.6,12,0.75,main,all,2000,-
attenuatedxhonest-honestxhonest,A_own0,0.0,0.0,0.0,tau0.4_k1_lam0.6_R12,0.4,1.0,0.6,12,0.75,main,all,2000,0
attenuatedxhonest-honestxhonest,nonc_A,0.039624183006535946,0.029918988146709177,0.04932937786636271,tau0.4_k1_lam0.6_R12,0.4,1.0,0.6,12,0.75,main,A_own0,1224,+
attenuatedxhonest-honestxhonest,A_dbelief,-0.08711466699087506,-0.09361229167538664,-0.08061704230636348,tau0.4_k1_lam0.6_R12,0.4,1.0,0.6,12,0.75,main,A_own0,1224,-
attenuatedxhonest-honestxhonest,A_hidden_shift,-0.0447907810905398,-0.049700015990639196,-0.0398815461904404,tau0.4_k1_lam0.6_R12,0.4,1.0,0.6,12,0.75,main,A_own0,1224,-
attenuatedxhonest-honestxhonest,A_p_truth,-0.05620996537365781,-0.06372263263137389,-0.04869729811594172,tau0.4_k1_lam0.6_R12,0.4,1.0,0.6,12,0.75,main,A_own0,1224,-
attenuatedxhonest-honestxhonest,B_pC_true,-0.0009908120009894713,-0.012997133762964165,0.011015509760985222,tau0.4_k1_lam0.6_R12,0.4,1.0,0.6,12,0.75,main,A_own0,1224,0
attenuatedxhonest-honestxhonest,B_pW_true,0.05085348379784421,0.04297156241872871,0.058735405176959715,tau0.4_k1_lam0.6_R12,0.4,1.0,0.6,12,0.75,main,A_own0,1224,+
attenuatedxhonest-honestxhonest,nonc_B,0.0006127450980392157,-0.0038287758715989917,0.005054266067677423,tau0.4_k1_lam0.6_R12,0.4,1.0,0.6,12,0.75,main,A_own0,1224,0
attenuatedxhonest-honestxhonest,U_final,0.05535130718954248,0.0441018797352025,0.06660073464388246,tau0.4_k1_lam0.6_R12,0.4,1.0,0.6,12,0.75,main,A_own0,1224,+
attenuatedxhonest-honestxhonest,A_transp_err,0.019430205840827393,0.01625623531352121,0.022604176368133576,tau0.4_k1_lam0.6_R12,0.4,1.0,0.6,12,0.75,main,A_own0,1224,+
attenuatedxhonest-honestxhonest,B_p_truth,-0.0046407162613206696,-0.00843078168963659,-0.0008506508330047495,tau0.4_k1_lam0.6_R12,0.4,1.0,0.6,12,0.75,main,A_own0,1224,-
attenuatedxhonest-honestxhonest,A_own0,0.0,0.0,0.0,tau0.4_k1_lam0.6_R12,0.4,1.0,0.6,12,0.75,main,A_own0,1224,0
costlyxhonest-attenuatedxhonest,nonc_A,0.287875,0.2740619424939178,0.3016880575060822,tau0.4_k1_lam0.6_R24,0.4,1.0,0.6,24,0.75,main,all,2000,+
costlyxhonest-attenuatedxhonest,A_dbelief,0.11211069042549887,0.10589628371897872,0.11832509713201902,tau0.4_k1_lam0.6_R24,0.4,1.0,0.6,24,0.75,main,all,2000,+
costlyxhonest-attenuatedxhonest,A_hidden_shift,0.10788549056118231,0.10117452954084354,0.11459645158152108,tau0.4_k1_lam0.6_R24,0.4,1.0,0.6,24,0.75,main,all,2000,+
costlyxhonest-attenuatedxhonest,A_p_truth,0.08119011244871413,0.07405641852633223,0.08832380637109603,tau0.4_k1_lam0.6_R24,0.4,1.0,0.6,24,0.75,main,all,2000,+
costlyxhonest-attenuatedxhonest,B_pC_true,-0.08307350067195983,-0.09865418109067879,-0.06749282025324087,tau0.4_k1_lam0.6_R24,0.4,1.0,0.6,24,0.75,main,all,2000,-
costlyxhonest-attenuatedxhonest,B_pW_true,-0.09458571492412644,-0.1050112711103914,-0.08416015873786149,tau0.4_k1_lam0.6_R24,0.4,1.0,0.6,24,0.75,main,all,2000,-
costlyxhonest-attenuatedxhonest,nonc_B,-0.0175,-0.022791280924966417,-0.012208719075033587,tau0.4_k1_lam0.6_R24,0.4,1.0,0.6,24,0.75,main,all,2000,-
costlyxhonest-attenuatedxhonest,U_final,0.1545,0.13732445274491215,0.17167554725508785,tau0.4_k1_lam0.6_R24,0.4,1.0,0.6,24,0.75,main,all,2000,+
costlyxhonest-attenuatedxhonest,A_transp_err,0.028531052966886447,0.024824944565831966,0.03223716136794093,tau0.4_k1_lam0.6_R24,0.4,1.0,0.6,24,0.75,main,all,2000,+
costlyxhonest-attenuatedxhonest,B_p_truth,0.004361688830793809,-0.0002648896449069958,0.008988267306494612,tau0.4_k1_lam0.6_R24,0.4,1.0,0.6,24,0.75,main,all,2000,0
costlyxhonest-attenuatedxhonest,A_own0,0.0,0.0,0.0,tau0.4_k1_lam0.6_R24,0.4,1.0,0.6,24,0.75,main,all,2000,0
costlyxhonest-attenuatedxhonest,nonc_A,0.09620098039215687,0.08693105555704873,0.105470905227265,tau0.4_k1_lam0.6_R24,0.4,1.0,0.6,24,0.75,main,A_own0,1224,+
costlyxhonest-attenuatedxhonest,A_dbelief,0.10688592730289974,0.09812726173785409,0.11564459286794539,tau0.4_k1_lam0.6_R24,0.4,1.0,0.6,24,0.75,main,A_own0,1224,+
costlyxhonest-attenuatedxhonest,A_hidden_shift,0.10437955702658362,0.09524332369351578,0.11351579035965147,tau0.4_k1_lam0.6_R24,0.4,1.0,0.6,24,0.75,main,A_own0,1224,+
costlyxhonest-attenuatedxhonest,A_p_truth,0.07867031156720149,0.06899799615277298,0.08834262698162999,tau0.4_k1_lam0.6_R24,0.4,1.0,0.6,24,0.75,main,A_own0,1224,+
costlyxhonest-attenuatedxhonest,B_pC_true,-0.10414168579346751,-0.1257099195429005,-0.0825734520440345,tau0.4_k1_lam0.6_R24,0.4,1.0,0.6,24,0.75,main,A_own0,1224,-
costlyxhonest-attenuatedxhonest,B_pW_true,-0.1428107954982379,-0.15743115337226457,-0.12819043762421126,tau0.4_k1_lam0.6_R24,0.4,1.0,0.6,24,0.75,main,A_own0,1224,-
costlyxhonest-attenuatedxhonest,nonc_B,-0.011029411764705883,-0.016744196156162648,-0.005314627373249118,tau0.4_k1_lam0.6_R24,0.4,1.0,0.6,24,0.75,main,A_own0,1224,-
costlyxhonest-attenuatedxhonest,U_final,-0.02389705882352941,-0.03691032456251689,-0.01088379308454193,tau0.4_k1_lam0.6_R24,0.4,1.0,0.6,24,0.75,main,A_own0,1224,-
costlyxhonest-attenuatedxhonest,A_transp_err,-0.004073161680004342,-0.007452880807281485,-0.0006934425527271998,tau0.4_k1_lam0.6_R24,0.4,1.0,0.6,24,0.75,main,A_own0,1224,-
costlyxhonest-attenuatedxhonest,B_p_truth,0.015125986024402197,0.01080322685210527,0.019448745196699122,tau0.4_k1_lam0.6_R24,0.4,1.0,0.6,24,0.75,main,A_own0,1224,+
costlyxhonest-attenuatedxhonest,A_own0,0.0,0.0,0.0,tau0.4_k1_lam0.6_R24,0.4,1.0,0.6,24,0.75,main,A_own0,1224,0
costlyxhonest-honestxhonest,nonc_A,0.322,0.3074810512523679,0.3365189487476321,tau0.4_k1_lam0.6_R24,0.4,1.0,0.6,24,0.75,main,all,2000,+
costlyxhonest-honestxhonest,A_dbelief,0.0204178181954019,0.017501224690046353,0.023334411700757448,tau0.4_k1_lam0.6_R24,0.4,1.0,0.6,24,0.75,main,all,2000,+
costlyxhonest-honestxhonest,A_hidden_shift,0.07200636415578006,0.06541589234417856,0.07859683596738155,tau0.4_k1_lam0.6_R24,0.4,1.0,0.6,24,0.75,main,all,2000,+
costlyxhonest-honestxhonest,A_p_truth,0.014806817799050844,0.011332384891240674,0.018281250706861013,tau0.4_k1_lam0.6_R24,0.4,1.0,0.6,24,0.75,main,all,2000,+
costlyxhonest-honestxhonest,B_pC_true,-0.08366328992855025,-0.09849226812953725,-0.06883431172756325,tau0.4_k1_lam0.6_R24,0.4,1.0,0.6,24,0.75,main,all,2000,-
costlyxhonest-honestxhonest,B_pW_true,0.0030404860393956784,-0.0004934989418133012,0.006574471020604658,tau0.4_k1_lam0.6_R24,0.4,1.0,0.6,24,0.75,main,all,2000,0
costlyxhonest-honestxhonest,nonc_B,-0.01475,-0.019222203735646058,-0.01027779626435394,tau0.4_k1_lam0.6_R24,0.4,1.0,0.6,24,0.75,main,all,2000,-
costlyxhonest-honestxhonest,U_final,0.204375,0.18662473392705534,0.22212526607294467,tau0.4_k1_lam0.6_R24,0.4,1.0,0.6,24,0.75,main,all,2000,+
costlyxhonest-honestxhonest,A_transp_err,0.04547226038493815,0.04173004390831434,0.04921447686156196,tau0.4_k1_lam0.6_R24,0.4,1.0,0.6,24,0.75,main,all,2000,+
costlyxhonest-honestxhonest,B_p_truth,-0.004549537174673974,-0.008008242903321043,-0.0010908314460269055,tau0.4_k1_lam0.6_R24,0.4,1.0,0.6,24,0.75,main,all,2000,-
costlyxhonest-honestxhonest,A_own0,0.0,0.0,0.0,tau0.4_k1_lam0.6_R24,0.4,1.0,0.6,24,0.75,main,all,2000,0
costlyxhonest-honestxhonest,nonc_A,0.13786764705882354,0.1254798795246719,0.15025541459297517,tau0.4_k1_lam0.6_R24,0.4,1.0,0.6,24,0.75,main,A_own0,1224,+
costlyxhonest-honestxhonest,A_dbelief,0.01384648022068013,0.010188896142495824,0.017504064298864436,tau0.4_k1_lam0.6_R24,0.4,1.0,0.6,24,0.75,main,A_own0,1224,+
costlyxhonest-honestxhonest,A_hidden_shift,0.06107014689181112,0.051670648125240005,0.07046964565838224,tau0.4_k1_lam0.6_R24,0.4,1.0,0.6,24,0.75,main,A_own0,1224,+
costlyxhonest-honestxhonest,A_p_truth,0.013314021071840116,0.009166425581343219,0.017461616562337013,tau0.4_k1_lam0.6_R24,0.4,1.0,0.6,24,0.75,main,A_own0,1224,+
costlyxhonest-honestxhonest,B_pC_true,-0.07599252350705724,-0.09765006666966311,-0.05433498034445137,tau0.4_k1_lam0.6_R24,0.4,1.0,0.6,24,0.75,main,A_own0,1224,-
costlyxhonest-honestxhonest,B_pW_true,0.008015081781638596,0.0038362744685729085,0.012193889094704284,tau0.4_k1_lam0.6_R24,0.4,1.0,0.6,24,0.75,main,A_own0,1224,+
costlyxhonest-honestxhonest,nonc_B,-0.013480392156862746,-0.018860115813888523,-0.00810066849983697,tau0.4_k1_lam0.6_R24,0.4,1.0,0.6,24,0.75,main,A_own0,1224,-
costlyxhonest-honestxhonest,U_final,0.029616013071895424,0.01339826344996643,0.045833762693824415,tau0.4_k1_lam0.6_R24,0.4,1.0,0.6,24,0.75,main,A_own0,1224,+
costlyxhonest-honestxhonest,A_transp_err,0.022437425483586956,0.01812118858994183,0.02675366237723208,tau0.4_k1_lam0.6_R24,0.4,1.0,0.6,24,0.75,main,A_own0,1224,+
costlyxhonest-honestxhonest,B_p_truth,0.00330271094359125,-0.0008610438636652818,0.007466465750847782,tau0.4_k1_lam0.6_R24,0.4,1.0,0.6,24,0.75,main,A_own0,1224,0
costlyxhonest-honestxhonest,A_own0,0.0,0.0,0.0,tau0.4_k1_lam0.6_R24,0.4,1.0,0.6,24,0.75,main,A_own0,1224,0
attenuatedxhonest-honestxhonest,nonc_A,0.034125,0.026701077135176353,0.04154892286482365,tau0.4_k1_lam0.6_R24,0.4,1.0,0.6,24,0.75,main,all,2000,+
attenuatedxhonest-honestxhonest,A_dbelief,-0.09169287223009698,-0.09681425227760242,-0.08657149218259154,tau0.4_k1_lam0.6_R24,0.4,1.0,0.6,24,0.75,main,all,2000,-
attenuatedxhonest-honestxhonest,A_hidden_shift,-0.035879126405402244,-0.040080926025081905,-0.03167732678572258,tau0.4_k1_lam0.6_R24,0.4,1.0,0.6,24,0.75,main,all,2000,-
attenuatedxhonest-honestxhonest,A_p_truth,-0.06638329464966329,-0.07222804231328474,-0.06053854698604185,tau0.4_k1_lam0.6_R24,0.4,1.0,0.6,24,0.75,main,all,2000,-
attenuatedxhonest-honestxhonest,B_pC_true,-0.000589789256590408,-0.009536747203956713,0.008357168690775898,tau0.4_k1_lam0.6_R24,0.4,1.0,0.6,24,0.75,main,all,2000,0
attenuatedxhonest-honestxhonest,B_pW_true,0.09762620096352213,0.08687766513246314,0.10837473679458112,tau0.4_k1_lam0.6_R24,0.4,1.0,0.6,24,0.75,main,all,2000,+
attenuatedxhonest-honestxhonest,nonc_B,0.00275,-0.0015210882743773588,0.0070210882743773585,tau0.4_k1_lam0.6_R24,0.4,1.0,0.6,24,0.75,main,all,2000,0
attenuatedxhonest-honestxhonest,U_final,0.049875,0.041494766163938296,0.05825523383606171,tau0.4_k1_lam0.6_R24,0.4,1.0,0.6,24,0.75,main,all,2000,+
attenuatedxhonest-honestxhonest,A_transp_err,0.01694120741805171,0.014002121000601438,0.019880293835501984,tau0.4_k1_lam0.6_R24,0.4,1.0,0.6,24,0.75,main,all,2000,+
attenuatedxhonest-honestxhonest,B_p_truth,-0.008911226005467782,-0.01257503728882656,-0.0052474147221090025,tau0.4_k1_lam0.6_R24,0.4,1.0,0.6,24,0.75,main,all,2000,-
attenuatedxhonest-honestxhonest,A_own0,0.0,0.0,0.0,tau0.4_k1_lam0.6_R24,0.4,1.0,0.6,24,0.75,main,all,2000,0
attenuatedxhonest-honestxhonest,nonc_A,0.041666666666666664,0.03172675560120593,0.0516065777321274,tau0.4_k1_lam0.6_R24,0.4,1.0,0.6,24,0.75,main,A_own0,1224,+
attenuatedxhonest-honestxhonest,A_dbelief,-0.0930394470822196,-0.10010660898629307,-0.08597228517814613,tau0.4_k1_lam0.6_R24,0.4,1.0,0.6,24,0.75,main,A_own0,1224,-
attenuatedxhonest-honestxhonest,A_hidden_shift,-0.043309410134772505,-0.04844299535612701,-0.038175824913418,tau0.4_k1_lam0.6_R24,0.4,1.0,0.6,24,0.75,main,A_own0,1224,-
attenuatedxhonest-honestxhonest,A_p_truth,-0.06535629049536137,-0.07336039505226168,-0.05735218593846107,tau0.4_k1_lam0.6_R24,0.4,1.0,0.6,24,0.75,main,A_own0,1224,-
attenuatedxhonest-honestxhonest,B_pC_true,0.028149162286410272,0.015468678277919472,0.04082964629490107,tau0.4_k1_lam0.6_R24,0.4,1.0,0.6,24,0.75,main,A_own0,1224,+
attenuatedxhonest-honestxhonest,B_pW_true,0.1508258772798765,0.13621109928273442,0.1654406552770186,tau0.4_k1_lam0.6_R24,0.4,1.0,0.6,24,0.75,main,A_own0,1224,+
attenuatedxhonest-honestxhonest,nonc_B,-0.0024509803921568627,-0.007998638140129055,0.0030966773558153294,tau0.4_k1_lam0.6_R24,0.4,1.0,0.6,24,0.75,main,A_own0,1224,0
attenuatedxhonest-honestxhonest,U_final,0.053513071895424834,0.04197562239039287,0.06505052140045679,tau0.4_k1_lam0.6_R24,0.4,1.0,0.6,24,0.75,main,A_own0,1224,+
attenuatedxhonest-honestxhonest,A_transp_err,0.0265105871635913,0.022236791901248533,0.030784382425934065,tau0.4_k1_lam0.6_R24,0.4,1.0,0.6,24,0.75,main,A_own0,1224,+
attenuatedxhonest-honestxhonest,B_p_truth,-0.011823275080810946,-0.016024224832859525,-0.007622325328762367,tau0.4_k1_lam0.6_R24,0.4,1.0,0.6,24,0.75,main,A_own0,1224,-
attenuatedxhonest-honestxhonest,A_own0,0.0,0.0,0.0,tau0.4_k1_lam0.6_R24,0.4,1.0,0.6,24,0.75,main,A_own0,1224,0
costlyxhonest-attenuatedxhonest,nonc_A,0.29075,0.27669180637656543,0.3048081936234346,tau0.4_k1_lam0.7_R12,0.4,1.0,0.7,12,0.75,main,all,2000,+
costlyxhonest-attenuatedxhonest,A_dbelief,0.10780623755671498,0.10203115505216684,0.11358132006126312,tau0.4_k1_lam0.7_R12,0.4,1.0,0.7,12,0.75,main,all,2000,+
costlyxhonest-attenuatedxhonest,A_hidden_shift,0.10651002332560089,0.1003089809214435,0.11271106572975828,tau0.4_k1_lam0.7_R12,0.4,1.0,0.7,12,0.75,main,all,2000,+
costlyxhonest-attenuatedxhonest,A_p_truth,0.07338814520791206,0.06658363722020925,0.08019265319561487,tau0.4_k1_lam0.7_R12,0.4,1.0,0.7,12,0.75,main,all,2000,+
costlyxhonest-attenuatedxhonest,B_pC_true,-0.050345237897094865,-0.06644984566609294,-0.03424063012809679,tau0.4_k1_lam0.7_R12,0.4,1.0,0.7,12,0.75,main,all,2000,-
costlyxhonest-attenuatedxhonest,B_pW_true,-0.0672395866700874,-0.07581402792210316,-0.058665145418071656,tau0.4_k1_lam0.7_R12,0.4,1.0,0.7,12,0.75,main,all,2000,-
costlyxhonest-attenuatedxhonest,nonc_B,-0.027875,-0.03339913716640134,-0.02235086283359866,tau0.4_k1_lam0.7_R12,0.4,1.0,0.7,12,0.75,main,all,2000,-
costlyxhonest-attenuatedxhonest,U_final,0.156125,0.13834665418894693,0.1739033458110531,tau0.4_k1_lam0.7_R12,0.4,1.0,0.7,12,0.75,main,all,2000,+
costlyxhonest-attenuatedxhonest,A_transp_err,0.038178841932068455,0.03329648538298444,0.04306119848115247,tau0.4_k1_lam0.7_R12,0.4,1.0,0.7,12,0.75,main,all,2000,+
costlyxhonest-attenuatedxhonest,B_p_truth,0.0043719196828603014,-0.0005209300550750523,0.009264769420795654,tau0.4_k1_lam0.7_R12,0.4,1.0,0.7,12,0.75,main,all,2000,0
costlyxhonest-attenuatedxhonest,A_own0,0.0,0.0,0.0,tau0.4_k1_lam0.7_R12,0.4,1.0,0.7,12,0.75,main,all,2000,0
costlyxhonest-attenuatedxhonest,nonc_A,0.09538398692810457,0.08633234757304566,0.10443562628316348,tau0.4_k1_lam0.7_R12,0.4,1.0,0.7,12,0.75,main,A_own0,1224,+
costlyxhonest-attenuatedxhonest,A_dbelief,0.10242538616159158,0.09419057686506464,0.11066019545811852,tau0.4_k1_lam0.7_R12,0.4,1.0,0.7,12,0.75,main,A_own0,1224,+
costlyxhonest-attenuatedxhonest,A_hidden_shift,0.10033391490713622,0.09188949988582147,0.10877832992845098,tau0.4_k1_lam0.7_R12,0.4,1.0,0.7,12,0.75,main,A_own0,1224,+
costlyxhonest-attenuatedxhonest,A_p_truth,0.0694628530156093,0.06017259051928981,0.07875311551192879,tau0.4_k1_lam0.7_R12,0.4,1.0,0.7,12,0.75,main,A_own0,1224,+
costlyxhonest-attenuatedxhonest,B_pC_true,-0.009251229200908066,-0.03037155992788236,0.01186910152606623,tau0.4_k1_lam0.7_R12,0.4,1.0,0.7,12,0.75,main,A_own0,1224,0
costlyxhonest-attenuatedxhonest,B_pW_true,-0.11063962715879395,-0.12272126885202554,-0.09855798546556237,tau0.4_k1_lam0.7_R12,0.4,1.0,0.7,12,0.75,main,A_own0,1224,-
costlyxhonest-attenuatedxhonest,nonc_B,-0.024509803921568627,-0.03087035976991713,-0.018149248073220124,tau0.4_k1_lam0.7_R12,0.4,1.0,0.7,12,0.75,main,A_own0,1224,-
costlyxhonest-attenuatedxhonest,U_final,-0.036968954248366014,-0.05064577265763755,-0.023292135839094476,tau0.4_k1_lam0.7_R12,0.4,1.0,0.7,12,0.75,main,A_own0,1224,-
costlyxhonest-attenuatedxhonest,A_transp_err,-0.007429088558486182,-0.011365989797663657,-0.003492187319308707,tau0.4_k1_lam0.7_R12,0.4,1.0,0.7,12,0.75,main,A_own0,1224,-
costlyxhonest-attenuatedxhonest,B_p_truth,0.017695754360658154,0.013336081460115503,0.022055427261200806,tau0.4_k1_lam0.7_R12,0.4,1.0,0.7,12,0.75,main,A_own0,1224,+
costlyxhonest-attenuatedxhonest,A_own0,0.0,0.0,0.0,tau0.4_k1_lam0.7_R12,0.4,1.0,0.7,12,0.75,main,A_own0,1224,0
costlyxhonest-honestxhonest,nonc_A,0.325,0.3104029031099054,0.3395970968900946,tau0.4_k1_lam0.7_R12,0.4,1.0,0.7,12,0.75,main,all,2000,+
costlyxhonest-honestxhonest,A_dbelief,0.01673164872454784,0.01388367062635687,0.01957962682273881,tau0.4_k1_lam0.7_R12,0.4,1.0,0.7,12,0.75,main,all,2000,+
costlyxhonest-honestxhonest,A_hidden_shift,0.06713385039627526,0.060945568542048065,0.07332213225050245,tau0.4_k1_lam0.7_R12,0.4,1.0,0.7,12,0.75,main,all,2000,+
costlyxhonest-honestxhonest,A_p_truth,0.015526074805323342,0.012040167126387082,0.0190119824842596,tau0.4_k1_lam0.7_R12,0.4,1.0,0.7,12,0.75,main,all,2000,+
costlyxhonest-honestxhonest,B_pC_true,-0.062076601715405105,-0.07726591975671127,-0.04688728367409895,tau0.4_k1_lam0.7_R12,0.4,1.0,0.7,12,0.75,main,all,2000,-
costlyxhonest-honestxhonest,B_pW_true,-0.011549024542425687,-0.014695195991606558,-0.008402853093244816,tau0.4_k1_lam0.7_R12,0.4,1.0,0.7,12,0.75,main,all,2000,-
costlyxhonest-honestxhonest,nonc_B,-0.02075,-0.025541070102426303,-0.0159589298975737,tau0.4_k1_lam0.7_R12,0.4,1.0,0.7,12,0.75,main,all,2000,-
costlyxhonest-honestxhonest,U_final,0.203625,0.1854240573968456,0.2218259426031544,tau0.4_k1_lam0.7_R12,0.4,1.0,0.7,12,0.75,main,all,2000,+
costlyxhonest-honestxhonest,A_transp_err,0.05546079321134067,0.050526379066424106,0.06039520735625723,tau0.4_k1_lam0.7_R12,0.4,1.0,0.7,12,0.75,main,all,2000,+
costlyxhonest-honestxhonest,B_p_truth,-0.001618853662381228,-0.005612895032417206,0.00237518770765475,tau0.4_k1_lam0.7_R12,0.4,1.0,0.7,12,0.75,main,all,2000,0
costlyxhonest-honestxhonest,A_own0,0.0,0.0,0.0,tau0.4_k1_lam0.7_R12,0.4,1.0,0.7,12,0.75,main,all,2000,0
costlyxhonest-honestxhonest,nonc_A,0.13970588235294118,0.12780003063303666,0.1516117340728457,tau0.4_k1_lam0.7_R12,0.4,1.0,0.7,12,0.75,main,A_own0,1224,+
costlyxhonest-honestxhonest,A_dbelief,0.009733599474858152,0.0064589530947169235,0.01300824585499938,tau0.4_k1_lam0.7_R12,0.4,1.0,0.7,12,0.75,main,A_own0,1224,+
costlyxhonest-honestxhonest,A_hidden_shift,0.055197478576452366,0.046645813315022,0.06374914383788273,tau0.4_k1_lam0.7_R12,0.4,1.0,0.7,12,0.75,main,A_own0,1224,+
costlyxhonest-honestxhonest,A_p_truth,0.01103415494591335,0.007162238105075715,0.014906071786750985,tau0.4_k1_lam0.7_R12,0.4,1.0,0.7,12,0.75,main,A_own0,1224,+
costlyxhonest-honestxhonest,B_pC_true,-0.007395319264944802,-0.02753448219254481,0.012743843662655203,tau0.4_k1_lam0.7_R12,0.4,1.0,0.7,12,0.75,main,A_own0,1224,0
costlyxhonest-honestxhonest,B_pW_true,-0.0008985446865089937,-0.00444262698586543,0.0026455376128474424,tau0.4_k1_lam0.7_R12,0.4,1.0,0.7,12,0.75,main,A_own0,1224,0
costlyxhonest-honestxhonest,nonc_B,-0.02369281045751634,-0.029806117294435067,-0.01757950362059761,tau0.4_k1_lam0.7_R12,0.4,1.0,0.7,12,0.75,main,A_own0,1224,-
costlyxhonest-honestxhonest,U_final,0.018995098039215685,0.0024633603931203084,0.035526835685311065,tau0.4_k1_lam0.7_R12,0.4,1.0,0.7,12,0.75,main,A_own0,1224,+
costlyxhonest-honestxhonest,A_transp_err,0.019848322949899168,0.014766352527053543,0.024930293372744793,tau0.4_k1_lam0.7_R12,0.4,1.0,0.7,12,0.75,main,A_own0,1224,+
costlyxhonest-honestxhonest,B_p_truth,0.01114737360755943,0.006706441389431102,0.015588305825687758,tau0.4_k1_lam0.7_R12,0.4,1.0,0.7,12,0.75,main,A_own0,1224,+
costlyxhonest-honestxhonest,A_own0,0.0,0.0,0.0,tau0.4_k1_lam0.7_R12,0.4,1.0,0.7,12,0.75,main,A_own0,1224,0
attenuatedxhonest-honestxhonest,nonc_A,0.03425,0.026560923820363846,0.04193907617963616,tau0.4_k1_lam0.7_R12,0.4,1.0,0.7,12,0.75,main,all,2000,+
attenuatedxhonest-honestxhonest,A_dbelief,-0.09107458883216714,-0.09610217142766446,-0.08604700623666982,tau0.4_k1_lam0.7_R12,0.4,1.0,0.7,12,0.75,main,all,2000,-
attenuatedxhonest-honestxhonest,A_hidden_shift,-0.03937617292932562,-0.04372393304208559,-0.03502841281656564,tau0.4_k1_lam0.7_R12,0.4,1.0,0.7,12,0.75,main,all,2000,-
attenuatedxhonest-honestxhonest,A_p_truth,-0.05786207040258873,-0.06378071133842748,-0.05194342946674998,tau0.4_k1_lam0.7_R12,0.4,1.0,0.7,12,0.75,main,all,2000,-
attenuatedxhonest-honestxhonest,B_pC_true,-0.011731363818310248,-0.020391911260353793,-0.003070816376266704,tau0.4_k1_lam0.7_R12,0.4,1.0,0.7,12,0.75,main,all,2000,-
attenuatedxhonest-honestxhonest,B_pW_true,0.055690562127661714,0.04689524064308767,0.06448588361223576,tau0.4_k1_lam0.7_R12,0.4,1.0,0.7,12,0.75,main,all,2000,+
attenuatedxhonest-honestxhonest,nonc_B,0.007125,0.0034135108159282293,0.010836489184071771,tau0.4_k1_lam0.7_R12,0.4,1.0,0.7,12,0.75,main,all,2000,+
attenuatedxhonest-honestxhonest,U_final,0.0475,0.03903988287368931,0.05596011712631069,tau0.4_k1_lam0.7_R12,0.4,1.0,0.7,12,0.75,main,all,2000,+
attenuatedxhonest-honestxhonest,A_transp_err,0.017281951279272206,0.014111874843098872,0.02045202771544554,tau0.4_k1_lam0.7_R12,0.4,1.0,0.7,12,0.75,main,all,2000,+
attenuatedxhonest-honestxhonest,B_p_truth,-0.00599077334524153,-0.009507569504322603,-0.0024739771861604577,tau0.4_k1_lam0.7_R12,0.4,1.0,0.7,12,0.75,main,all,2000,-
attenuatedxhonest-honestxhonest,A_own0,0.0,0.0,0.0,tau0.4_k1_lam0.7_R12,0.4,1.0,0.7,12,0.75,main,all,2000,0
attenuatedxhonest-honestxhonest,nonc_A,0.0443218954248366,0.03426544919108673,0.054378341658586474,tau0.4_k1_lam0.7_R12,0.4,1.0,0.7,12,0.75,main,A_own0,1224,+
attenuatedxhonest-honestxhonest,A_dbelief,-0.09269178668673343,-0.09962536028475721,-0.08575821308870965,tau0.4_k1_lam0.7_R12,0.4,1.0,0.7,12,0.75,main,A_own0,1224,-
attenuatedxhonest-honestxhonest,A_hidden_shift,-0.04513643633068388,-0.05029650501267387,-0.03997636764869389,tau0.4_k1_lam0.7_R12,0.4,1.0,0.7,12,0.75,main,A_own0,1224,-
attenuatedxhonest-honestxhonest,A_p_truth,-0.05842869806969594,-0.06647257467062023,-0.05038482146877164,tau0.4_k1_lam0.7_R12,0.4,1.0,0.7,12,0.75,main,A_own0,1224,-
attenuatedxhonest-honestxhonest,B_pC_true,0.0018559099359632646,-0.010464181993507375,0.014176001865433904,tau0.4_k1_lam0.7_R12,0.4,1.0,0.7,12,0.75,main,A_own0,1224,0
attenuatedxhonest-honestxhonest,B_pW_true,0.10974108247228496,0.09793650057168454,0.12154566437288539,tau0.4_k1_lam0.7_R12,0.4,1.0,0.7,12,0.75,main,A_own0,1224,+
attenuatedxhonest-honestxhonest,nonc_B,0.0008169934640522876,-0.0036063309262096117,0.005240317854314187,tau0.4_k1_lam0.7_R12,0.4,1.0,0.7,12,0.75,main,A_own0,1224,0
attenuatedxhonest-honestxhonest,U_final,0.0559640522875817,0.04426957127566579,0.06765853329949761,tau0.4_k1_lam0.7_R12,0.4,1.0,0.7,12,0.75,main,A_own0,1224,+
attenuatedxhonest-honestxhonest,A_transp_err,0.027277411508385356,0.022646318066188303,0.03190850495058241,tau0.4_k1_lam0.7_R12,0.4,1.0,0.7,12,0.75,main,A_own0,1224,+
attenuatedxhonest-honestxhonest,B_p_truth,-0.006548380753098724,-0.010403394901949648,-0.0026933666042478007,tau0.4_k1_lam0.7_R12,0.4,1.0,0.7,12,0.75,main,A_own0,1224,-
attenuatedxhonest-honestxhonest,A_own0,0.0,0.0,0.0,tau0.4_k1_lam0.7_R12,0.4,1.0,0.7,12,0.75,main,A_own0,1224,0
costlyxhonest-attenuatedxhonest,nonc_A,0.28725,0.2734750319484069,0.3010249680515931,tau0.4_k1_lam0.7_R24,0.4,1.0,0.7,24,0.75,main,all,2000,+
costlyxhonest-attenuatedxhonest,A_dbelief,0.12139353652958389,0.11483130872080051,0.12795576433836728,tau0.4_k1_lam0.7_R24,0.4,1.0,0.7,24,0.75,main,all,2000,+
costlyxhonest-attenuatedxhonest,A_hidden_shift,0.11335465522647954,0.10638598988262722,0.12032332057033186,tau0.4_k1_lam0.7_R24,0.4,1.0,0.7,24,0.75,main,all,2000,+
costlyxhonest-attenuatedxhonest,A_p_truth,0.0866696397907041,0.07905181542526697,0.09428746415614124,tau0.4_k1_lam0.7_R24,0.4,1.0,0.7,24,0.75,main,all,2000,+
costlyxhonest-attenuatedxhonest,B_pC_true,-0.05897468606492277,-0.07569706087940575,-0.04225231125043978,tau0.4_k1_lam0.7_R24,0.4,1.0,0.7,24,0.75,main,all,2000,-
costlyxhonest-attenuatedxhonest,B_pW_true,-0.13566452732203385,-0.14853873262046072,-0.12279032202360697,tau0.4_k1_lam0.7_R24,0.4,1.0,0.7,24,0.75,main,all,2000,-
costlyxhonest-attenuatedxhonest,nonc_B,-0.010125,-0.01564687545511223,-0.004603124544887771,tau0.4_k1_lam0.7_R24,0.4,1.0,0.7,24,0.75,main,all,2000,-
costlyxhonest-attenuatedxhonest,U_final,0.156125,0.13904263047285798,0.17320736952714205,tau0.4_k1_lam0.7_R24,0.4,1.0,0.7,24,0.75,main,all,2000,+
costlyxhonest-attenuatedxhonest,A_transp_err,0.047773501521377215,0.04259153812538535,0.05295546491736908,tau0.4_k1_lam0.7_R24,0.4,1.0,0.7,24,0.75,main,all,2000,+
costlyxhonest-attenuatedxhonest,B_p_truth,0.0037380332984672214,-0.0010283177128080972,0.008504384309742541,tau0.4_k1_lam0.7_R24,0.4,1.0,0.7,24,0.75,main,all,2000,0
costlyxhonest-attenuatedxhonest,A_own0,0.0,0.0,0.0,tau0.4_k1_lam0.7_R24,0.4,1.0,0.7,24,0.75,main,all,2000,0
costlyxhonest-attenuatedxhonest,nonc_A,0.09579248366013073,0.08657865056003257,0.10500631676022888,tau0.4_k1_lam0.7_R24,0.4,1.0,0.7,24,0.75,main,A_own0,1224,+
costlyxhonest-attenuatedxhonest,A_dbelief,0.11843479211165923,0.10882581527424232,0.12804376894907615,tau0.4_k1_lam0.7_R24,0.4,1.0,0.7,24,0.75,main,A_own0,1224,+
costlyxhonest-attenuatedxhonest,A_hidden_shift,0.11224180110974981,0.1023859616659717,0.12209764055352791,tau0.4_k1_lam0.7_R24,0.4,1.0,0.7,24,0.75,main,A_own0,1224,+
costlyxhonest-attenuatedxhonest,A_p_truth,0.08097328469935312,0.07017637411597434,0.0917701952827319,tau0.4_k1_lam0.7_R24,0.4,1.0,0.7,24,0.75,main,A_own0,1224,+
costlyxhonest-attenuatedxhonest,B_pC_true,-0.09305233387517862,-0.11613498119660726,-0.06996968655375,tau0.4_k1_lam0.7_R24,0.4,1.0,0.7,24,0.75,main,A_own0,1224,-
costlyxhonest-attenuatedxhonest,B_pW_true,-0.20011534655246005,-0.21842570730546396,-0.18180498579945614,tau0.4_k1_lam0.7_R24,0.4,1.0,0.7,24,0.75,main,A_own0,1224,-
costlyxhonest-attenuatedxhonest,nonc_B,0.0014297385620915032,-0.00513830408835942,0.007997781212542427,tau0.4_k1_lam0.7_R24,0.4,1.0,0.7,24,0.75,main,A_own0,1224,0
costlyxhonest-attenuatedxhonest,U_final,-0.025122549019607844,-0.03806675475775216,-0.012178343281463527,tau0.4_k1_lam0.7_R24,0.4,1.0,0.7,24,0.75,main,A_own0,1224,-
costlyxhonest-attenuatedxhonest,A_transp_err,0.0024227417361503533,-0.0021836776640142682,0.007029161136314975,tau0.4_k1_lam0.7_R24,0.4,1.0,0.7,24,0.75,main,A_own0,1224,0
costlyxhonest-attenuatedxhonest,B_p_truth,0.012780419736898616,0.007681154075273883,0.01787968539852335,tau0.4_k1_lam0.7_R24,0.4,1.0,0.7,24,0.75,main,A_own0,1224,+
costlyxhonest-attenuatedxhonest,A_own0,0.0,0.0,0.0,tau0.4_k1_lam0.7_R24,0.4,1.0,0.7,24,0.75,main,A_own0,1224,0
costlyxhonest-honestxhonest,nonc_A,0.326,0.311541035997693,0.340458964002307,tau0.4_k1_lam0.7_R24,0.4,1.0,0.7,24,0.75,main,all,2000,+
costlyxhonest-honestxhonest,A_dbelief,0.028144633691759846,0.024893812154506537,0.03139545522901316,tau0.4_k1_lam0.7_R24,0.4,1.0,0.7,24,0.75,main,all,2000,+
costlyxhonest-honestxhonest,A_hidden_shift,0.07771074232386317,0.07070109121450852,0.08472039343321783,tau0.4_k1_lam0.7_R24,0.4,1.0,0.7,24,0.75,main,all,2000,+
costlyxhonest-honestxhonest,A_p_truth,0.022196601078822206,0.018459555245750846,0.025933646911893565,tau0.4_k1_lam0.7_R24,0.4,1.0,0.7,24,0.75,main,all,2000,+
costlyxhonest-honestxhonest,B_pC_true,-0.06465392844955982,-0.08012444223318797,-0.049183414665931666,tau0.4_k1_lam0.7_R24,0.4,1.0,0.7,24,0.75,main,all,2000,-
costlyxhonest-honestxhonest,B_pW_true,-0.0018027382338052429,-0.005560584206588642,0.0019551077389781566,tau0.4_k1_lam0.7_R24,0.4,1.0,0.7,24,0.75,main,all,2000,0
costlyxhonest-honestxhonest,nonc_B,-0.01075,-0.015066850141894409,-0.006433149858105589,tau0.4_k1_lam0.7_R24,0.4,1.0,0.7,24,0.75,main,all,2000,-
costlyxhonest-honestxhonest,U_final,0.20575,0.18809649959389654,0.22340350040610343,tau0.4_k1_lam0.7_R24,0.4,1.0,0.7,24,0.75,main,all,2000,+
costlyxhonest-honestxhonest,A_transp_err,0.06496694572438551,0.05976287375235124,0.07017101769641977,tau0.4_k1_lam0.7_R24,0.4,1.0,0.7,24,0.75,main,all,2000,+
costlyxhonest-honestxhonest,B_p_truth,-0.005615331658620995,-0.009137999781326355,-0.002092663535915635,tau0.4_k1_lam0.7_R24,0.4,1.0,0.7,24,0.75,main,all,2000,-
costlyxhonest-honestxhonest,A_own0,0.0,0.0,0.0,tau0.4_k1_lam0.7_R24,0.4,1.0,0.7,24,0.75,main,all,2000,0
costlyxhonest-honestxhonest,nonc_A,0.14562908496732027,0.13282800587138344,0.1584301640632571,tau0.4_k1_lam0.7_R24,0.4,1.0,0.7,24,0.75,main,A_own0,1224,+
costlyxhonest-honestxhonest,A_dbelief,0.0198499106156062,0.015924600680670704,0.023775220550541695,tau0.4_k1_lam0.7_R24,0.4,1.0,0.7,24,0.75,main,A_own0,1224,+
costlyxhonest-honestxhonest,A_hidden_shift,0.06840008826545295,0.058355230971948904,0.078444945558957,tau0.4_k1_lam0.7_R24,0.4,1.0,0.7,24,0.75,main,A_own0,1224,+
costlyxhonest-honestxhonest,A_p_truth,0.015521444154799793,0.011121702207400849,0.019921186102198736,tau0.4_k1_lam0.7_R24,0.4,1.0,0.7,24,0.75,main,A_own0,1224,+
costlyxhonest-honestxhonest,B_pC_true,-0.06888833564433067,-0.09140613381583218,-0.046370537472829154,tau0.4_k1_lam0.7_R24,0.4,1.0,0.7,24,0.75,main,A_own0,1224,-
costlyxhonest-honestxhonest,B_pW_true,0.006212801926988909,0.001678944962938654,0.010746658891039164,tau0.4_k1_lam0.7_R24,0.4,1.0,0.7,24,0.75,main,A_own0,1224,+
costlyxhonest-honestxhonest,nonc_B,-0.007761437908496732,-0.013235429555363463,-0.00228744626163,tau0.4_k1_lam0.7_R24,0.4,1.0,0.7,24,0.75,main,A_own0,1224,-
costlyxhonest-honestxhonest,U_final,0.03329248366013072,0.017146741407237796,0.049438225913023645,tau0.4_k1_lam0.7_R24,0.4,1.0,0.7,24,0.75,main,A_own0,1224,+
costlyxhonest-honestxhonest,A_transp_err,0.030631599626180065,0.025030115008949208,0.03623308424341092,tau0.4_k1_lam0.7_R24,0.4,1.0,0.7,24,0.75,main,A_own0,1224,+
costlyxhonest-honestxhonest,B_p_truth,0.0005415967098427899,-0.003759236808108366,0.004842430227793945,tau0.4_k1_lam0.7_R24,0.4,1.0,0.7,24,0.75,main,A_own0,1224,0
costlyxhonest-honestxhonest,A_own0,0.0,0.0,0.0,tau0.4_k1_lam0.7_R24,0.4,1.0,0.7,24,0.75,main,A_own0,1224,0
attenuatedxhonest-honestxhonest,nonc_A,0.03875,0.031055115051075256,0.04644488494892474,tau0.4_k1_lam0.7_R24,0.4,1.0,0.7,24,0.75,main,all,2000,+
attenuatedxhonest-honestxhonest,A_dbelief,-0.09324890283782403,-0.09853962074274346,-0.0879581849329046,tau0.4_k1_lam0.7_R24,0.4,1.0,0.7,24,0.75,main,all,2000,-
attenuatedxhonest-honestxhonest,A_hidden_shift,-0.03564391290261636,-0.03984473389577051,-0.03144309190946222,tau0.4_k1_lam0.7_R24,0.4,1.0,0.7,24,0.75,main,all,2000,-
attenuatedxhonest-honestxhonest,A_p_truth,-0.06447303871188191,-0.0705555283526222,-0.05839054907114161,tau0.4_k1_lam0.7_R24,0.4,1.0,0.7,24,0.75,main,all,2000,-
attenuatedxhonest-honestxhonest,B_pC_true,-0.00567924238463706,-0.01543049330773118,0.004072008538457061,tau0.4_k1_lam0.7_R24,0.4,1.0,0.7,24,0.75,main,all,2000,0
attenuatedxhonest-honestxhonest,B_pW_true,0.13386178908822866,0.12069322420714462,0.1470303539693127,tau0.4_k1_lam0.7_R24,0.4,1.0,0.7,24,0.75,main,all,2000,+
attenuatedxhonest-honestxhonest,nonc_B,-0.000625,-0.005293963942851756,0.004043963942851757,tau0.4_k1_lam0.7_R24,0.4,1.0,0.7,24,0.75,main,all,2000,0
attenuatedxhonest-honestxhonest,U_final,0.049625,0.041163479241042,0.058086520758958,tau0.4_k1_lam0.7_R24,0.4,1.0,0.7,24,0.75,main,all,2000,+
attenuatedxhonest-honestxhonest,A_transp_err,0.017193444203008293,0.013568191749912495,0.020818696656104092,tau0.4_k1_lam0.7_R24,0.4,1.0,0.7,24,0.75,main,all,2000,+
attenuatedxhonest-honestxhonest,B_p_truth,-0.009353364957088214,-0.013572692728952998,-0.00513403718522343,tau0.4_k1_lam0.7_R24,0.4,1.0,0.7,24,0.75,main,all,2000,-
attenuatedxhonest-honestxhonest,A_own0,0.0,0.0,0.0,tau0.4_k1_lam0.7_R24,0.4,1.0,0.7,24,0.75,main,all,2000,0
attenuatedxhonest-honestxhonest,nonc_A,0.049836601307189546,0.039321462310708585,0.060351740303670506,tau0.4_k1_lam0.7_R24,0.4,1.0,0.7,24,0.75,main,A_own0,1224,+
attenuatedxhonest-honestxhonest,A_dbelief,-0.098584881496053,-0.10608171023883706,-0.09108805275326895,tau0.4_k1_lam0.7_R24,0.4,1.0,0.7,24,0.75,main,A_own0,1224,-
attenuatedxhonest-honestxhonest,A_hidden_shift,-0.043841712844296866,-0.04926524140582541,-0.038418184282768324,tau0.4_k1_lam0.7_R24,0.4,1.0,0.7,24,0.75,main,A_own0,1224,-
attenuatedxhonest-honestxhonest,A_p_truth,-0.06545184054455333,-0.07402985175520353,-0.05687382933390313,tau0.4_k1_lam0.7_R24,0.4,1.0,0.7,24,0.75,main,A_own0,1224,-
attenuatedxhonest-honestxhonest,B_pC_true,0.024163998230847944,0.010735992513466908,0.03759200394822898,tau0.4_k1_lam0.7_R24,0.4,1.0,0.7,24,0.75,main,A_own0,1224,+
attenuatedxhonest-honestxhonest,B_pW_true,0.206328148479449,0.1882381683393758,0.2244181286195222,tau0.4_k1_lam0.7_R24,0.4,1.0,0.7,24,0.75,main,A_own0,1224,+
attenuatedxhonest-honestxhonest,nonc_B,-0.009191176470588236,-0.015540504661360508,-0.002841848279815962,tau0.4_k1_lam0.7_R24,0.4,1.0,0.7,24,0.75,main,A_own0,1224,-
attenuatedxhonest-honestxhonest,U_final,0.05841503267973856,0.0466350765711889,0.07019498878828823,tau0.4_k1_lam0.7_R24,0.4,1.0,0.7,24,0.75,main,A_own0,1224,+
attenuatedxhonest-honestxhonest,A_transp_err,0.02820885789002972,0.02282491415259682,0.03359280162746262,tau0.4_k1_lam0.7_R24,0.4,1.0,0.7,24,0.75,main,A_own0,1224,+
attenuatedxhonest-honestxhonest,B_p_truth,-0.012238823027055826,-0.01748097475073275,-0.0069966713033789004,tau0.4_k1_lam0.7_R24,0.4,1.0,0.7,24,0.75,main,A_own0,1224,-
attenuatedxhonest-honestxhonest,A_own0,0.0,0.0,0.0,tau0.4_k1_lam0.7_R24,0.4,1.0,0.7,24,0.75,main,A_own0,1224,0
costlyxhonest-attenuatedxhonest,nonc_A,0.291875,0.2778638212932717,0.3058861787067283,tau0.4_k1_lam0.85_R12,0.4,1.0,0.85,12,0.75,main,all,2000,+
costlyxhonest-attenuatedxhonest,A_dbelief,0.11215711330578096,0.10606626918984487,0.11824795742171705,tau0.4_k1_lam0.85_R12,0.4,1.0,0.85,12,0.75,main,all,2000,+
costlyxhonest-attenuatedxhonest,A_hidden_shift,0.11103198392698148,0.10451123300023174,0.11755273485373122,tau0.4_k1_lam0.85_R12,0.4,1.0,0.85,12,0.75,main,all,2000,+
costlyxhonest-attenuatedxhonest,A_p_truth,0.07723443527046246,0.07009152082419728,0.08437734971672764,tau0.4_k1_lam0.85_R12,0.4,1.0,0.85,12,0.75,main,all,2000,+
costlyxhonest-attenuatedxhonest,B_pC_true,-0.015907286583258743,-0.03316273127395418,0.00134815810743669,tau0.4_k1_lam0.85_R12,0.4,1.0,0.85,12,0.75,main,all,2000,0
costlyxhonest-attenuatedxhonest,B_pW_true,-0.11681829928748963,-0.12797316589943458,-0.10566343267554468,tau0.4_k1_lam0.85_R12,0.4,1.0,0.85,12,0.75,main,all,2000,-
costlyxhonest-attenuatedxhonest,nonc_B,-0.021625,-0.027340948470810464,-0.015909051529189533,tau0.4_k1_lam0.85_R12,0.4,1.0,0.85,12,0.75,main,all,2000,-
costlyxhonest-attenuatedxhonest,U_final,0.157875,0.14019757764780144,0.17555242235219853,tau0.4_k1_lam0.85_R12,0.4,1.0,0.85,12,0.75,main,all,2000,+
costlyxhonest-attenuatedxhonest,A_transp_err,0.058383998805951125,0.0515678650556748,0.06520013255622745,tau0.4_k1_lam0.85_R12,0.4,1.0,0.85,12,0.75,main,all,2000,+
costlyxhonest-attenuatedxhonest,B_p_truth,0.0011775664776981368,-0.003895905511695265,0.006251038467091539,tau0.4_k1_lam0.85_R12,0.4,1.0,0.85,12,0.75,main,all,2000,0
costlyxhonest-attenuatedxhonest,A_own0,0.0,0.0,0.0,tau0.4_k1_lam0.85_R12,0.4,1.0,0.85,12,0.75,main,all,2000,0
costlyxhonest-attenuatedxhonest,nonc_A,0.10049019607843138,0.09114721446953242,0.10983317768733034,tau0.4_k1_lam0.85_R12,0.4,1.0,0.85,12,0.75,main,A_own0,1224,+
costlyxhonest-attenuatedxhonest,A_dbelief,0.10981868590927704,0.10081989611851772,0.11881747570003637,tau0.4_k1_lam0.85_R12,0.4,1.0,0.85,12,0.75,main,A_own0,1224,+
costlyxhonest-attenuatedxhonest,A_hidden_shift,0.10976463124031699,0.100442324042169,0.11908693843846498,tau0.4_k1_lam0.85_R12,0.4,1.0,0.85,12,0.75,main,A_own0,1224,+
costlyxhonest-attenuatedxhonest,A_p_truth,0.06975444867684273,0.059529909629027065,0.07997898772465839,tau0.4_k1_lam0.85_R12,0.4,1.0,0.85,12,0.75,main,A_own0,1224,+
costlyxhonest-attenuatedxhonest,B_pC_true,0.015883492647151904,-0.00689552348897968,0.03866250878328349,tau0.4_k1_lam0.85_R12,0.4,1.0,0.85,12,0.75,main,A_own0,1224,0
costlyxhonest-attenuatedxhonest,B_pW_true,-0.1713460095369173,-0.18717193308883598,-0.15552008598499864,tau0.4_k1_lam0.85_R12,0.4,1.0,0.85,12,0.75,main,A_own0,1224,-
costlyxhonest-attenuatedxhonest,nonc_B,-0.01491013071895425,-0.021250619540552417,-0.008569641897356081,tau0.4_k1_lam0.85_R12,0.4,1.0,0.85,12,0.75,main,A_own0,1224,-
costlyxhonest-attenuatedxhonest,U_final,-0.03370098039215686,-0.047659421252615006,-0.019742539531698713,tau0.4_k1_lam0.85_R12,0.4,1.0,0.85,12,0.75,main,A_own0,1224,-
costlyxhonest-attenuatedxhonest,A_transp_err,-0.010209336562353762,-0.01502805775340484,-0.005390615371302685,tau0.4_k1_lam0.85_R12,0.4,1.0,0.85,12,0.75,main,A_own0,1224,-
costlyxhonest-attenuatedxhonest,B_p_truth,0.014213993895083515,0.00957766614127323,0.018850321648893803,tau0.4_k1_lam0.85_R12,0.4,1.0,0.85,12,0.75,main,A_own0,1224,+
costlyxhonest-attenuatedxhonest,A_own0,0.0,0.0,0.0,tau0.4_k1_lam0.85_R12,0.4,1.0,0.85,12,0.75,main,A_own0,1224,0
costlyxhonest-honestxhonest,nonc_A,0.32675,0.31231112372363895,0.341188876276361,tau0.4_k1_lam0.85_R12,0.4,1.0,0.85,12,0.75,main,all,2000,+
costlyxhonest-honestxhonest,A_dbelief,0.020374070664375375,0.017008291193923428,0.023739850134827323,tau0.4_k1_lam0.85_R12,0.4,1.0,0.85,12,0.75,main,all,2000,+
costlyxhonest-honestxhonest,A_hidden_shift,0.07135998243977142,0.0647099261843902,0.07801003869515263,tau0.4_k1_lam0.85_R12,0.4,1.0,0.85,12,0.75,main,all,2000,+
costlyxhonest-honestxhonest,A_p_truth,0.02149026150697847,0.017601263767803108,0.02537925924615383,tau0.4_k1_lam0.85_R12,0.4,1.0,0.85,12,0.75,main,all,2000,+
costlyxhonest-honestxhonest,B_pC_true,-0.03264303256782953,-0.048915010857683516,-0.016371054277975545,tau0.4_k1_lam0.85_R12,0.4,1.0,0.85,12,0.75,main,all,2000,-
costlyxhonest-honestxhonest,B_pW_true,-0.01429317284368681,-0.017826393248275382,-0.010759952439098238,tau0.4_k1_lam0.85_R12,0.4,1.0,0.85,12,0.75,main,all,2000,-
costlyxhonest-honestxhonest,nonc_B,-0.0175,-0.022559194869380225,-0.012440805130619778,tau0.4_k1_lam0.85_R12,0.4,1.0,0.85,12,0.75,main,all,2000,-
costlyxhonest-honestxhonest,U_final,0.19975,0.18154407822317498,0.21795592177682505,tau0.4_k1_lam0.85_R12,0.4,1.0,0.85,12,0.75,main,all,2000,+
costlyxhonest-honestxhonest,A_transp_err,0.07958309561338495,0.0727064915765862,0.0864596996501837,tau0.4_k1_lam0.85_R12,0.4,1.0,0.85,12,0.75,main,all,2000,+
costlyxhonest-honestxhonest,B_p_truth,-0.005548506722183218,-0.009621020251298696,-0.001475993193067739,tau0.4_k1_lam0.85_R12,0.4,1.0,0.85,12,0.75,main,all,2000,-
costlyxhonest-honestxhonest,A_own0,0.0,0.0,0.0,tau0.4_k1_lam0.85_R12,0.4,1.0,0.85,12,0.75,main,all,2000,0
costlyxhonest-honestxhonest,nonc_A,0.1474673202614379,0.13534552365921113,0.1595891168636647,tau0.4_k1_lam0.85_R12,0.4,1.0,0.85,12,0.75,main,A_own0,1224,+
costlyxhonest-honestxhonest,A_dbelief,0.01273665735156758,0.008839834059360709,0.016633480643774453,tau0.4_k1_lam0.85_R12,0.4,1.0,0.85,12,0.75,main,A_own0,1224,+
costlyxhonest-honestxhonest,A_hidden_shift,0.06389767697677358,0.054541771737745416,0.07325358221580175,tau0.4_k1_lam0.85_R12,0.4,1.0,0.85,12,0.75,main,A_own0,1224,+
costlyxhonest-honestxhonest,A_p_truth,0.010156591973293917,0.005705130738340911,0.014608053208246922,tau0.4_k1_lam0.85_R12,0.4,1.0,0.85,12,0.75,main,A_own0,1224,+
costlyxhonest-honestxhonest,B_pC_true,0.012391329046150115,-0.009258250821307754,0.03404090891360798,tau0.4_k1_lam0.85_R12,0.4,1.0,0.85,12,0.75,main,A_own0,1224,0
costlyxhonest-honestxhonest,B_pW_true,-0.0013893236588657075,-0.005468322834694649,0.0026896755169632343,tau0.4_k1_lam0.85_R12,0.4,1.0,0.85,12,0.75,main,A_own0,1224,0
costlyxhonest-honestxhonest,nonc_B,-0.018790849673202614,-0.02485249383590844,-0.012729205510496788,tau0.4_k1_lam0.85_R12,0.4,1.0,0.85,12,0.75,main,A_own0,1224,-
costlyxhonest-honestxhonest,U_final,0.012867647058823529,-0.004018415130777511,0.02975370924842457,tau0.4_k1_lam0.85_R12,0.4,1.0,0.85,12,0.75,main,A_own0,1224,0
costlyxhonest-honestxhonest,A_transp_err,0.02653141400563762,0.020133636968172355,0.03292919104310288,tau0.4_k1_lam0.85_R12,0.4,1.0,0.85,12,0.75,main,A_own0,1224,+
costlyxhonest-honestxhonest,B_p_truth,0.006395669561214713,0.001720678476032249,0.011070660646397178,tau0.4_k1_lam0.85_R12,0.4,1.0,0.85,12,0.75,main,A_own0,1224,+
costlyxhonest-honestxhonest,A_own0,0.0,0.0,0.0,tau0.4_k1_lam0.85_R12,0.4,1.0,0.85,12,0.75,main,A_own0,1224,0
attenuatedxhonest-honestxhonest,nonc_A,0.034875,0.027117428734231848,0.04263257126576816,tau0.4_k1_lam0.85_R12,0.4,1.0,0.85,12,0.75,main,all,2000,+
attenuatedxhonest-honestxhonest,A_dbelief,-0.09178304264140559,-0.09708567489744013,-0.08648041038537105,tau0.4_k1_lam0.85_R12,0.4,1.0,0.85,12,0.75,main,all,2000,-
attenuatedxhonest-honestxhonest,A_hidden_shift,-0.03967200148721006,-0.044170489756460665,-0.03517351321795946,tau0.4_k1_lam0.85_R12,0.4,1.0,0.85,12,0.75,main,all,2000,-
attenuatedxhonest-honestxhonest,A_p_truth,-0.05574417376348398,-0.061967415453035066,-0.04952093207393289,tau0.4_k1_lam0.85_R12,0.4,1.0,0.85,12,0.75,main,all,2000,-
attenuatedxhonest-honestxhonest,B_pC_true,-0.01673574598457078,-0.025163916356072888,-0.008307575613068672,tau0.4_k1_lam0.85_R12,0.4,1.0,0.85,12,0.75,main,all,2000,-
attenuatedxhonest-honestxhonest,B_pW_true,0.10252512644380281,0.09120141000943555,0.11384884287817007,tau0.4_k1_lam0.85_R12,0.4,1.0,0.85,12,0.75,main,all,2000,+
attenuatedxhonest-honestxhonest,nonc_B,0.004125,0.00030915517567057247,0.007940844824329428,tau0.4_k1_lam0.85_R12,0.4,1.0,0.85,12,0.75,main,all,2000,+
attenuatedxhonest-honestxhonest,U_final,0.041875,0.03336855820783556,0.050381441792164444,tau0.4_k1_lam0.85_R12,0.4,1.0,0.85,12,0.75,main,all,2000,+
attenuatedxhonest-honestxhonest,A_transp_err,0.02119909680743381,0.01691347969975538,0.025484713915112242,tau0.4_k1_lam0.85_R12,0.4,1.0,0.85,12,0.75,main,all,2000,+
attenuatedxhonest-honestxhonest,B_p_truth,-0.006726073199881355,-0.010369455568560787,-0.0030826908312019245,tau0.4_k1_lam0.85_R12,0.4,1.0,0.85,12,0.75,main,all,2000,-
attenuatedxhonest-honestxhonest,A_own0,0.0,0.0,0.0,tau0.4_k1_lam0.85_R12,0.4,1.0,0.85,12,0.75,main,all,2000,0
attenuatedxhonest-honestxhonest,nonc_A,0.046977124183006536,0.03680765525394956,0.057146593112063514,tau0.4_k1_lam0.85_R12,0.4,1.0,0.85,12,0.75,main,A_own0,1224,+
attenuatedxhonest-honestxhonest,A_dbelief,-0.09708202855770946,-0.10451484405481262,-0.0896492130606063,tau0.4_k1_lam0.85_R12,0.4,1.0,0.85,12,0.75,main,A_own0,1224,-
attenuatedxhonest-honestxhonest,A_hidden_shift,-0.04586695426354341,-0.05139484249536883,-0.04033906603171799,tau0.4_k1_lam0.85_R12,0.4,1.0,0.85,12,0.75,main,A_own0,1224,-
attenuatedxhonest-honestxhonest,A_p_truth,-0.05959785670354882,-0.06820983508706431,-0.05098587832003333,tau0.4_k1_lam0.85_R12,0.4,1.0,0.85,12,0.75,main,A_own0,1224,-
attenuatedxhonest-honestxhonest,B_pC_true,-0.003492163601001793,-0.01534308446157,0.008358757259566415,tau0.4_k1_lam0.85_R12,0.4,1.0,0.85,12,0.75,main,A_own0,1224,0
attenuatedxhonest-honestxhonest,B_pW_true,0.1699566858780516,0.15457854141978888,0.18533483033631432,tau0.4_k1_lam0.85_R12,0.4,1.0,0.85,12,0.75,main,A_own0,1224,+
attenuatedxhonest-honestxhonest,nonc_B,-0.003880718954248366,-0.008494275976301282,0.0007328380678045488,tau0.4_k1_lam0.85_R12,0.4,1.0,0.85,12,0.75,main,A_own0,1224,0
attenuatedxhonest-honestxhonest,U_final,0.04656862745098039,0.03475905211724564,0.058378202784715144,tau0.4_k1_lam0.85_R12,0.4,1.0,0.85,12,0.75,main,A_own0,1224,+
attenuatedxhonest-honestxhonest,A_transp_err,0.03674075056799138,0.030441561752238423,0.043039939383744334,tau0.4_k1_lam0.85_R12,0.4,1.0,0.85,12,0.75,main,A_own0,1224,+
attenuatedxhonest-honestxhonest,B_p_truth,-0.007818324333868804,-0.011995701762951519,-0.003640946904786089,tau0.4_k1_lam0.85_R12,0.4,1.0,0.85,12,0.75,main,A_own0,1224,-
attenuatedxhonest-honestxhonest,A_own0,0.0,0.0,0.0,tau0.4_k1_lam0.85_R12,0.4,1.0,0.85,12,0.75,main,A_own0,1224,0
costlyxhonest-attenuatedxhonest,nonc_A,0.28675,0.2728898794730886,0.3006101205269114,tau0.4_k1_lam0.85_R24,0.4,1.0,0.85,24,0.75,main,all,2000,+
costlyxhonest-attenuatedxhonest,A_dbelief,0.13422724436642403,0.12678237066456294,0.1416721180682851,tau0.4_k1_lam0.85_R24,0.4,1.0,0.85,24,0.75,main,all,2000,+
costlyxhonest-attenuatedxhonest,A_hidden_shift,0.12257717118930304,0.11479406216336703,0.13036028021523904,tau0.4_k1_lam0.85_R24,0.4,1.0,0.85,24,0.75,main,all,2000,+
costlyxhonest-attenuatedxhonest,A_p_truth,0.08978278890675898,0.08105608893846956,0.09850948887504839,tau0.4_k1_lam0.85_R24,0.4,1.0,0.85,24,0.75,main,all,2000,+
costlyxhonest-attenuatedxhonest,B_pC_true,-0.02387262614819588,-0.04232761734768044,-0.005417634948711319,tau0.4_k1_lam0.85_R24,0.4,1.0,0.85,24,0.75,main,all,2000,-
costlyxhonest-attenuatedxhonest,B_pW_true,-0.15986657454335215,-0.1736723717670267,-0.1460607773196776,tau0.4_k1_lam0.85_R24,0.4,1.0,0.85,24,0.75,main,all,2000,-
costlyxhonest-attenuatedxhonest,nonc_B,-0.00475,-0.01109930065120401,0.0015993006512040114,tau0.4_k1_lam0.85_R24,0.4,1.0,0.85,24,0.75,main,all,2000,0
costlyxhonest-attenuatedxhonest,U_final,0.163375,0.14605890126139082,0.18069109873860917,tau0.4_k1_lam0.85_R24,0.4,1.0,0.85,24,0.75,main,all,2000,+
costlyxhonest-attenuatedxhonest,A_transp_err,0.06157963706536267,0.055379858361994515,0.06777941576873082,tau0.4_k1_lam0.85_R24,0.4,1.0,0.85,24,0.75,main,all,2000,+
costlyxhonest-attenuatedxhonest,B_p_truth,0.003591108698787035,-0.001953280650379147,0.009135498047953217,tau0.4_k1_lam0.85_R24,0.4,1.0,0.85,24,0.75,main,all,2000,0
costlyxhonest-attenuatedxhonest,A_own0,0.0,0.0,0.0,tau0.4_k1_lam0.85_R24,0.4,1.0,0.85,24,0.75,main,all,2000,0
costlyxhonest-attenuatedxhonest,nonc_A,0.09722222222222222,0.08753657095477205,0.1069078734896724,tau0.4_k1_lam0.85_R24,0.4,1.0,0.85,24,0.75,main,A_own0,1224,+
costlyxhonest-attenuatedxhonest,A_dbelief,0.13870317661202772,0.1273528691539641,0.15005348407009134,tau0.4_k1_lam0.85_R24,0.4,1.0,0.85,24,0.75,main,A_own0,1224,+
costlyxhonest-attenuatedxhonest,A_hidden_shift,0.1282631095264935,0.11669308671160103,0.13983313234138597,tau0.4_k1_lam0.85_R24,0.4,1.0,0.85,24,0.75,main,A_own0,1224,+
costlyxhonest-attenuatedxhonest,A_p_truth,0.08049093875508406,0.06745173507287142,0.09353014243729671,tau0.4_k1_lam0.85_R24,0.4,1.0,0.85,24,0.75,main,A_own0,1224,+
costlyxhonest-attenuatedxhonest,B_pC_true,-0.06551375818289445,-0.0911385914300495,-0.03988892493573941,tau0.4_k1_lam0.85_R24,0.4,1.0,0.85,24,0.75,main,A_own0,1224,-
costlyxhonest-attenuatedxhonest,B_pW_true,-0.23250299378813738,-0.25200600376690147,-0.21299998380937327,tau0.4_k1_lam0.85_R24,0.4,1.0,0.85,24,0.75,main,A_own0,1224,-
costlyxhonest-attenuatedxhonest,nonc_B,0.010416666666666666,0.0025393650291108457,0.018293968304222488,tau0.4_k1_lam0.85_R24,0.4,1.0,0.85,24,0.75,main,A_own0,1224,+
costlyxhonest-attenuatedxhonest,U_final,-0.017769607843137254,-0.03173987238184982,-0.0037993433044246905,tau0.4_k1_lam0.85_R24,0.4,1.0,0.85,24,0.75,main,A_own0,1224,-
costlyxhonest-attenuatedxhonest,A_transp_err,0.010823374279592195,0.005124795066729226,0.016521953492455166,tau0.4_k1_lam0.85_R24,0.4,1.0,0.85,24,0.75,main,A_own0,1224,+
costlyxhonest-attenuatedxhonest,B_p_truth,0.012897284697957985,0.006000387234298417,0.019794182161617553,tau0.4_k1_lam0.85_R24,0.4,1.0,0.85,24,0.75,main,A_own0,1224,+
costlyxhonest-attenuatedxhonest,A_own0,0.0,0.0,0.0,tau0.4_k1_lam0.85_R24,0.4,1.0,0.85,24,0.75,main,A_own0,1224,0
costlyxhonest-honestxhonest,nonc_A,0.330625,0.31620800657081133,0.3450419934291887,tau0.4_k1_lam0.85_R24,0.4,1.0,0.85,24,0.75,main,all,2000,+
costlyxhonest-honestxhonest,A_dbelief,0.03729570312216129,0.03329216149110367,0.0412992447532189,tau0.4_k1_lam0.85_R24,0.4,1.0,0.85,24,0.75,main,all,2000,+
costlyxhonest-honestxhonest,A_hidden_shift,0.08847924281016398,0.08056029176908726,0.0963981938512407,tau0.4_k1_lam0.85_R24,0.4,1.0,0.85,24,0.75,main,all,2000,+
costlyxhonest-honestxhonest,A_p_truth,0.02823816912891895,0.023690235433992648,0.03278610282384525,tau0.4_k1_lam0.85_R24,0.4,1.0,0.85,24,0.75,main,all,2000,+
costlyxhonest-honestxhonest,B_pC_true,-0.045342992397066566,-0.062040459249874814,-0.028645525544258317,tau0.4_k1_lam0.85_R24,0.4,1.0,0.85,24,0.75,main,all,2000,-
costlyxhonest-honestxhonest,B_pW_true,-0.001973894566420899,-0.006019498620103481,0.0020717094872616834,tau0.4_k1_lam0.85_R24,0.4,1.0,0.85,24,0.75,main,all,2000,0
costlyxhonest-honestxhonest,nonc_B,-0.008375,-0.013080913481817232,-0.0036690865181827695,tau0.4_k1_lam0.85_R24,0.4,1.0,0.85,24,0.75,main,all,2000,-
costlyxhonest-honestxhonest,U_final,0.205125,0.18727996268802352,0.22297003731197648,tau0.4_k1_lam0.85_R24,0.4,1.0,0.85,24,0.75,main,all,2000,+
costlyxhonest-honestxhonest,A_transp_err,0.08162128143103782,0.07540493913245103,0.08783762372962461,tau0.4_k1_lam0.85_R24,0.4,1.0,0.85,24,0.75,main,all,2000,+
costlyxhonest-honestxhonest,B_p_truth,-0.007672364823708798,-0.01152645481473076,-0.003818274832686836,tau0.4_k1_lam0.85_R24,0.4,1.0,0.85,24,0.75,main,all,2000,-
costlyxhonest-honestxhonest,A_own0,0.0,0.0,0.0,tau0.4_k1_lam0.85_R24,0.4,1.0,0.85,24,0.75,main,all,2000,0
costlyxhonest-honestxhonest,nonc_A,0.1542075163398693,0.14106256078092355,0.16735247189881503,tau0.4_k1_lam0.85_R24,0.4,1.0,0.85,24,0.75,main,A_own0,1224,+
costlyxhonest-honestxhonest,A_dbelief,0.03030316876746215,0.024964402031790962,0.03564193550313334,tau0.4_k1_lam0.85_R24,0.4,1.0,0.85,24,0.75,main,A_own0,1224,+
costlyxhonest-honestxhonest,A_hidden_shift,0.08571047284853658,0.07390985925830455,0.09751108643876862,tau0.4_k1_lam0.85_R24,0.4,1.0,0.85,24,0.75,main,A_own0,1224,+
costlyxhonest-honestxhonest,A_p_truth,0.018085848442403844,0.01219705290119346,0.02397464398361423,tau0.4_k1_lam0.85_R24,0.4,1.0,0.85,24,0.75,main,A_own0,1224,+
costlyxhonest-honestxhonest,B_pC_true,-0.05569898185476477,-0.07998760278560628,-0.031410360923923256,tau0.4_k1_lam0.85_R24,0.4,1.0,0.85,24,0.75,main,A_own0,1224,-
costlyxhonest-honestxhonest,B_pW_true,0.00804090996603898,0.0033002132638527346,0.012781606668225226,tau0.4_k1_lam0.85_R24,0.4,1.0,0.85,24,0.75,main,A_own0,1224,+
costlyxhonest-honestxhonest,nonc_B,-0.006331699346405229,-0.0119701561521395,-0.0006932425406709578,tau0.4_k1_lam0.85_R24,0.4,1.0,0.85,24,0.75,main,A_own0,1224,-
costlyxhonest-honestxhonest,U_final,0.0298202614379085,0.012939768130204959,0.04670075474561204,tau0.4_k1_lam0.85_R24,0.4,1.0,0.85,24,0.75,main,A_own0,1224,+
costlyxhonest-honestxhonest,A_transp_err,0.04477696023042418,0.03806773695325681,0.05148618350759154,tau0.4_k1_lam0.85_R24,0.4,1.0,0.85,24,0.75,main,A_own0,1224,+
costlyxhonest-honestxhonest,B_p_truth,-0.0032234994247544537,-0.0079768471061268,0.0015298482566178926,tau0.4_k1_lam0.85_R24,0.4,1.0,0.85,24,0.75,main,A_own0,1224,0
costlyxhonest-honestxhonest,A_own0,0.0,0.0,0.0,tau0.4_k1_lam0.85_R24,0.4,1.0,0.85,24,0.75,main,A_own0,1224,0
attenuatedxhonest-honestxhonest,nonc_A,0.043875,0.036190074233962,0.051559925766037996,tau0.4_k1_lam0.85_R24,0.4,1.0,0.85,24,0.75,main,all,2000,+
attenuatedxhonest-honestxhonest,A_dbelief,-0.09693154124426277,-0.10268023756019376,-0.09118284492833179,tau0.4_k1_lam0.85_R24,0.4,1.0,0.85,24,0.75,main,all,2000,-
attenuatedxhonest-honestxhonest,A_hidden_shift,-0.03409792837913905,-0.038463086846293904,-0.029732769911984206,tau0.4_k1_lam0.85_R24,0.4,1.0,0.85,24,0.75,main,all,2000,-
attenuatedxhonest-honestxhonest,A_p_truth,-0.06154461977784002,-0.06821443395417387,-0.05487480560150618,tau0.4_k1_lam0.85_R24,0.4,1.0,0.85,24,0.75,main,all,2000,-
attenuatedxhonest-honestxhonest,B_pC_true,-0.021470366248870686,-0.032143591427455126,-0.010797141070286242,tau0.4_k1_lam0.85_R24,0.4,1.0,0.85,24,0.75,main,all,2000,-
attenuatedxhonest-honestxhonest,B_pW_true,0.15789267997693127,0.14354881615750897,0.17223654379635356,tau0.4_k1_lam0.85_R24,0.4,1.0,0.85,24,0.75,main,all,2000,+
attenuatedxhonest-honestxhonest,nonc_B,-0.003625,-0.008986073123920248,0.001736073123920248,tau0.4_k1_lam0.85_R24,0.4,1.0,0.85,24,0.75,main,all,2000,0
attenuatedxhonest-honestxhonest,U_final,0.04175,0.032711849213759636,0.05078815078624037,tau0.4_k1_lam0.85_R24,0.4,1.0,0.85,24,0.75,main,all,2000,+
attenuatedxhonest-honestxhonest,A_transp_err,0.020041644365675126,0.015659092942935583,0.02442419578841467,tau0.4_k1_lam0.85_R24,0.4,1.0,0.85,24,0.75,main,all,2000,+
attenuatedxhonest-honestxhonest,B_p_truth,-0.011263473522495834,-0.01620333684245997,-0.006323610202531702,tau0.4_k1_lam0.85_R24,0.4,1.0,0.85,24,0.75,main,all,2000,-
attenuatedxhonest-honestxhonest,A_own0,0.0,0.0,0.0,tau0.4_k1_lam0.85_R24,0.4,1.0,0.85,24,0.75,main,all,2000,0
attenuatedxhonest-honestxhonest,nonc_A,0.05698529411764706,0.0463183729598621,0.06765221527543201,tau0.4_k1_lam0.85_R24,0.4,1.0,0.85,24,0.75,main,A_own0,1224,+
attenuatedxhonest-honestxhonest,A_dbelief,-0.10840000784456559,-0.11683126390331247,-0.09996875178581871,tau0.4_k1_lam0.85_R24,0.4,1.0,0.85,24,0.75,main,A_own0,1224,-
attenuatedxhonest-honestxhonest,A_hidden_shift,-0.04255263667795692,-0.04848720427823852,-0.036618069077675314,tau0.4_k1_lam0.85_R24,0.4,1.0,0.85,24,0.75,main,A_own0,1224,-
attenuatedxhonest-honestxhonest,A_p_truth,-0.062405090312680205,-0.07221498295557516,-0.052595197669785244,tau0.4_k1_lam0.85_R24,0.4,1.0,0.85,24,0.75,main,A_own0,1224,-
attenuatedxhonest-honestxhonest,B_pC_true,0.009814776328129686,-0.00490752447719328,0.02453707713345265,tau0.4_k1_lam0.85_R24,0.4,1.0,0.85,24,0.75,main,A_own0,1224,0
attenuatedxhonest-honestxhonest,B_pW_true,0.24054390375417636,0.22097401057985608,0.2601137969284967,tau0.4_k1_lam0.85_R24,0.4,1.0,0.85,24,0.75,main,A_own0,1224,+
attenuatedxhonest-honestxhonest,nonc_B,-0.016748366013071895,-0.024288937575406816,-0.009207794450736972,tau0.4_k1_lam0.85_R24,0.4,1.0,0.85,24,0.75,main,A_own0,1224,-
attenuatedxhonest-honestxhonest,U_final,0.04758986928104575,0.034720183989781814,0.060459554572309684,tau0.4_k1_lam0.85_R24,0.4,1.0,0.85,24,0.75,main,A_own0,1224,+
attenuatedxhonest-honestxhonest,A_transp_err,0.033953585950831984,0.02750556935666869,0.04040160254499528,tau0.4_k1_lam0.85_R24,0.4,1.0,0.85,24,0.75,main,A_own0,1224,+
attenuatedxhonest-honestxhonest,B_p_truth,-0.01612078412271244,-0.02294685215307075,-0.00929471609235413,tau0.4_k1_lam0.85_R24,0.4,1.0,0.85,24,0.75,main,A_own0,1224,-
attenuatedxhonest-honestxhonest,A_own0,0.0,0.0,0.0,tau0.4_k1_lam0.85_R24,0.4,1.0,0.85,24,0.75,main,A_own0,1224,0
costlyxhonest-attenuatedxhonest,nonc_A,0.24125,0.22659633992386838,0.2559036600761316,tau0.4_k2_lam0.6_R12,0.4,2.0,0.6,12,0.75,main,all,2000,+
costlyxhonest-attenuatedxhonest,A_dbelief,0.10943267325984038,0.10326198505594816,0.1156033614637326,tau0.4_k2_lam0.6_R12,0.4,2.0,0.6,12,0.75,main,all,2000,+
costlyxhonest-attenuatedxhonest,A_hidden_shift,0.0867840759479538,0.08034242171596677,0.09322573017994083,tau0.4_k2_lam0.6_R12,0.4,2.0,0.6,12,0.75,main,all,2000,+
costlyxhonest-attenuatedxhonest,A_p_truth,0.07748302934099467,0.07034621716406214,0.0846198415179272,tau0.4_k2_lam0.6_R12,0.4,2.0,0.6,12,0.75,main,all,2000,+
costlyxhonest-attenuatedxhonest,B_pC_true,-0.0017691376700252317,-0.015270644372160184,0.01173236903210972,tau0.4_k2_lam0.6_R12,0.4,2.0,0.6,12,0.75,main,all,2000,0
costlyxhonest-attenuatedxhonest,B_pW_true,-0.04447815418154685,-0.05231616894296255,-0.036640139420131154,tau0.4_k2_lam0.6_R12,0.4,2.0,0.6,12,0.75,main,all,2000,-
costlyxhonest-attenuatedxhonest,nonc_B,-0.014375,-0.01941151595192222,-0.009338484048077782,tau0.4_k2_lam0.6_R12,0.4,2.0,0.6,12,0.75,main,all,2000,-
costlyxhonest-attenuatedxhonest,U_final,0.12475,0.10807863091334093,0.1414213690866591,tau0.4_k2_lam0.6_R12,0.4,2.0,0.6,12,0.75,main,all,2000,+
costlyxhonest-attenuatedxhonest,A_transp_err,-0.0011549111198058783,-0.00339385918787359,0.001084036948261833,tau0.4_k2_lam0.6_R12,0.4,2.0,0.6,12,0.75,main,all,2000,0
costlyxhonest-attenuatedxhonest,B_p_truth,0.0035037292830127696,-0.00079140223190264,0.00779886079792818,tau0.4_k2_lam0.6_R12,0.4,2.0,0.6,12,0.75,main,all,2000,0
costlyxhonest-attenuatedxhonest,A_own0,0.0,0.0,0.0,tau0.4_k2_lam0.6_R12,0.4,2.0,0.6,12,0.75,main,all,2000,0
costlyxhonest-attenuatedxhonest,nonc_A,0.014093137254901961,0.009170031466611803,0.01901624304319212,tau0.4_k2_lam0.6_R12,0.4,2.0,0.6,12,0.75,main,A_own0,1224,+
costlyxhonest-attenuatedxhonest,A_dbelief,0.1088236331260357,0.10012470298950203,0.11752256326256937,tau0.4_k2_lam0.6_R12,0.4,2.0,0.6,12,0.75,main,A_own0,1224,+
costlyxhonest-attenuatedxhonest,A_hidden_shift,0.09227542643916924,0.0838692104653948,0.10068164241294367,tau0.4_k2_lam0.6_R12,0.4,2.0,0.6,12,0.75,main,A_own0,1224,+
costlyxhonest-attenuatedxhonest,A_p_truth,0.0737065251394055,0.06388727555557985,0.08352577472323114,tau0.4_k2_lam0.6_R12,0.4,2.0,0.6,12,0.75,main,A_own0,1224,+
costlyxhonest-attenuatedxhonest,B_pC_true,0.04068182108536109,0.027360000627553213,0.05400364154316897,tau0.4_k2_lam0.6_R12,0.4,2.0,0.6,12,0.75,main,A_own0,1224,+
costlyxhonest-attenuatedxhonest,B_pW_true,-0.07493403875154404,-0.08618190363230742,-0.06368617387078067,tau0.4_k2_lam0.6_R12,0.4,2.0,0.6,12,0.75,main,A_own0,1224,-
costlyxhonest-attenuatedxhonest,nonc_B,-0.004084967320261438,-0.00939313828367459,0.0012232036431517141,tau0.4_k2_lam0.6_R12,0.4,2.0,0.6,12,0.75,main,A_own0,1224,0
costlyxhonest-attenuatedxhonest,U_final,-0.01613562091503268,-0.0285437241229919,-0.0037275177070734637,tau0.4_k2_lam0.6_R12,0.4,2.0,0.6,12,0.75,main,A_own0,1224,-
costlyxhonest-attenuatedxhonest,A_transp_err,-0.014506482081035681,-0.017281830610052052,-0.01173113355201931,tau0.4_k2_lam0.6_R12,0.4,2.0,0.6,12,0.75,main,A_own0,1224,-
costlyxhonest-attenuatedxhonest,B_p_truth,0.007425151666831553,0.003199066741173189,0.011651236592489917,tau0.4_k2_lam0.6_R12,0.4,2.0,0.6,12,0.75,main,A_own0,1224,+
costlyxhonest-attenuatedxhonest,A_own0,0.0,0.0,0.0,tau0.4_k2_lam0.6_R12,0.4,2.0,0.6,12,0.75,main,A_own0,1224,0
costlyxhonest-honestxhonest,nonc_A,0.308375,0.2924895175344253,0.3242604824655747,tau0.4_k2_lam0.6_R12,0.4,2.0,0.6,12,0.75,main,all,2000,+
costlyxhonest-honestxhonest,A_dbelief,0.010284657399263007,0.007989916425336396,0.012579398373189618,tau0.4_k2_lam0.6_R12,0.4,2.0,0.6,12,0.75,main,all,2000,+
costlyxhonest-honestxhonest,A_hidden_shift,0.05543524325762819,0.049151135634038015,0.06171935088121837,tau0.4_k2_lam0.6_R12,0.4,2.0,0.6,12,0.75,main,all,2000,+
costlyxhonest-honestxhonest,A_p_truth,0.007192902123888316,0.0038939995741596096,0.010491804673617024,tau0.4_k2_lam0.6_R12,0.4,2.0,0.6,12,0.75,main,all,2000,+
costlyxhonest-honestxhonest,B_pC_true,-0.05110242803925135,-0.06341759184703834,-0.03878726423146437,tau0.4_k2_lam0.6_R12,0.4,2.0,0.6,12,0.75,main,all,2000,-
costlyxhonest-honestxhonest,B_pW_true,-0.02376313400313709,-0.027446089046452047,-0.020080178959822132,tau0.4_k2_lam0.6_R12,0.4,2.0,0.6,12,0.75,main,all,2000,-
costlyxhonest-honestxhonest,nonc_B,-0.010125,-0.013966443912536871,-0.00628355608746313,tau0.4_k2_lam0.6_R12,0.4,2.0,0.6,12,0.75,main,all,2000,-
costlyxhonest-honestxhonest,U_final,0.205625,0.18876737147439612,0.22248262852560388,tau0.4_k2_lam0.6_R12,0.4,2.0,0.6,12,0.75,main,all,2000,+
costlyxhonest-honestxhonest,A_transp_err,0.010233351314847169,0.00859591973252867,0.011870782897165668,tau0.4_k2_lam0.6_R12,0.4,2.0,0.6,12,0.75,main,all,2000,+
costlyxhonest-honestxhonest,B_p_truth,-0.0009855961405853657,-0.004298907313206438,0.002327715032035706,tau0.4_k2_lam0.6_R12,0.4,2.0,0.6,12,0.75,main,all,2000,0
costlyxhonest-honestxhonest,A_own0,0.0,0.0,0.0,tau0.4_k2_lam0.6_R12,0.4,2.0,0.6,12,0.75,main,all,2000,0
costlyxhonest-honestxhonest,nonc_A,0.0835375816993464,0.0721511625366411,0.0949240008620517,tau0.4_k2_lam0.6_R12,0.4,2.0,0.6,12,0.75,main,A_own0,1224,+
costlyxhonest-honestxhonest,A_dbelief,0.006099450933873472,0.003753331116984258,0.008445570750762686,tau0.4_k2_lam0.6_R12,0.4,2.0,0.6,12,0.75,main,A_own0,1224,+
costlyxhonest-honestxhonest,A_hidden_shift,0.05378126648348177,0.04481920914778927,0.06274332381917427,tau0.4_k2_lam0.6_R12,0.4,2.0,0.6,12,0.75,main,A_own0,1224,+
costlyxhonest-honestxhonest,A_p_truth,0.009049070989158607,0.00626794608846151,0.011830195889855705,tau0.4_k2_lam0.6_R12,0.4,2.0,0.6,12,0.75,main,A_own0,1224,+
costlyxhonest-honestxhonest,B_pC_true,0.02115049897248036,0.007676035749059397,0.034624962195901325,tau0.4_k2_lam0.6_R12,0.4,2.0,0.6,12,0.75,main,A_own0,1224,+
costlyxhonest-honestxhonest,B_pW_true,-0.017704988920035473,-0.022755134421903286,-0.01265484341816766,tau0.4_k2_lam0.6_R12,0.4,2.0,0.6,12,0.75,main,A_own0,1224,-
costlyxhonest-honestxhonest,nonc_B,-0.006331699346405229,-0.009963042811287631,-0.0027003558815228263,tau0.4_k2_lam0.6_R12,0.4,2.0,0.6,12,0.75,main,A_own0,1224,-
costlyxhonest-honestxhonest,U_final,0.09477124183006536,0.07818056830823478,0.11136191535189593,tau0.4_k2_lam0.6_R12,0.4,2.0,0.6,12,0.75,main,A_own0,1224,+
costlyxhonest-honestxhonest,A_transp_err,0.002909323991073348,0.0013073549482544224,0.004511293033892274,tau0.4_k2_lam0.6_R12,0.4,2.0,0.6,12,0.75,main,A_own0,1224,+
costlyxhonest-honestxhonest,B_p_truth,0.004521521350831147,0.00168079034279486,0.007362252358867434,tau0.4_k2_lam0.6_R12,0.4,2.0,0.6,12,0.75,main,A_own0,1224,+
costlyxhonest-honestxhonest,A_own0,0.0,0.0,0.0,tau0.4_k2_lam0.6_R12,0.4,2.0,0.6,12,0.75,main,A_own0,1224,0
attenuatedxhonest-honestxhonest,nonc_A,0.067125,0.05870396043583866,0.07554603956416134,tau0.4_k2_lam0.6_R12,0.4,2.0,0.6,12,0.75,main,all,2000,+
attenuatedxhonest-honestxhonest,A_dbelief,-0.09914801586057738,-0.10468552478194684,-0.09361050693920792,tau0.4_k2_lam0.6_R12,0.4,2.0,0.6,12,0.75,main,all,2000,-
attenuatedxhonest-honestxhonest,A_hidden_shift,-0.03134883269032561,-0.03576050962715129,-0.026937155753499926,tau0.4_k2_lam0.6_R12,0.4,2.0,0.6,12,0.75,main,all,2000,-
attenuatedxhonest-honestxhonest,A_p_truth,-0.07029012721710635,-0.07665830956516015,-0.06392194486905256,tau0.4_k2_lam0.6_R12,0.4,2.0,0.6,12,0.75,main,all,2000,-
attenuatedxhonest-honestxhonest,B_pC_true,-0.04933329036922611,-0.059596652307743955,-0.039069928430708264,tau0.4_k2_lam0.6_R12,0.4,2.0,0.6,12,0.75,main,all,2000,-
attenuatedxhonest-honestxhonest,B_pW_true,0.020715020178409767,0.013194256488231136,0.028235783868588396,tau0.4_k2_lam0.6_R12,0.4,2.0,0.6,12,0.75,main,all,2000,+
attenuatedxhonest-honestxhonest,nonc_B,0.00425,-0.00022478126657514245,0.008724781266575143,tau0.4_k2_lam0.6_R12,0.4,2.0,0.6,12,0.75,main,all,2000,0
attenuatedxhonest-honestxhonest,U_final,0.080875,0.06956575944864447,0.09218424055135553,tau0.4_k2_lam0.6_R12,0.4,2.0,0.6,12,0.75,main,all,2000,+
attenuatedxhonest-honestxhonest,A_transp_err,0.011388262434653048,0.009429685084652088,0.013346839784654008,tau0.4_k2_lam0.6_R12,0.4,2.0,0.6,12,0.75,main,all,2000,+
attenuatedxhonest-honestxhonest,B_p_truth,-0.004489325423598136,-0.008174603791448866,-0.0008040470557474076,tau0.4_k2_lam0.6_R12,0.4,2.0,0.6,12,0.75,main,all,2000,-
attenuatedxhonest-honestxhonest,A_own0,0.0,0.0,0.0,tau0.4_k2_lam0.6_R12,0.4,2.0,0.6,12,0.75,main,all,2000,0
attenuatedxhonest-honestxhonest,nonc_A,0.06944444444444445,0.05817680754710525,0.08071208134178365,tau0.4_k2_lam0.6_R12,0.4,2.0,0.6,12,0.75,main,A_own0,1224,+
attenuatedxhonest-honestxhonest,A_dbelief,-0.10272418219216221,-0.11072352664942425,-0.09472483773490017,tau0.4_k2_lam0.6_R12,0.4,2.0,0.6,12,0.75,main,A_own0,1224,-
attenuatedxhonest-honestxhonest,A_hidden_shift,-0.038494159955687474,-0.04396014572742425,-0.033028174183950695,tau0.4_k2_lam0.6_R12,0.4,2.0,0.6,12,0.75,main,A_own0,1224,-
attenuatedxhonest-honestxhonest,A_p_truth,-0.06465745415024689,-0.07387901379910747,-0.05543589450138631,tau0.4_k2_lam0.6_R12,0.4,2.0,0.6,12,0.75,main,A_own0,1224,-
attenuatedxhonest-honestxhonest,B_pC_true,-0.019531322112880736,-0.03332825064575207,-0.0057343935800094024,tau0.4_k2_lam0.6_R12,0.4,2.0,0.6,12,0.75,main,A_own0,1224,-
attenuatedxhonest-honestxhonest,B_pW_true,0.05722904983150857,0.04702272547820968,0.06743537418480745,tau0.4_k2_lam0.6_R12,0.4,2.0,0.6,12,0.75,main,A_own0,1224,+
attenuatedxhonest-honestxhonest,nonc_B,-0.0022467320261437907,-0.008117724262787934,0.0036242602105003513,tau0.4_k2_lam0.6_R12,0.4,2.0,0.6,12,0.75,main,A_own0,1224,0
attenuatedxhonest-honestxhonest,U_final,0.11090686274509803,0.09365269435014009,0.12816103114005598,tau0.4_k2_lam0.6_R12,0.4,2.0,0.6,12,0.75,main,A_own0,1224,+
attenuatedxhonest-honestxhonest,A_transp_err,0.017415806072109033,0.014437525755269291,0.020394086388948775,tau0.4_k2_lam0.6_R12,0.4,2.0,0.6,12,0.75,main,A_own0,1224,+
attenuatedxhonest-honestxhonest,B_p_truth,-0.0029036303160004063,-0.007892864107599446,0.0020856034755986326,tau0.4_k2_lam0.6_R12,0.4,2.0,0.6,12,0.75,main,A_own0,1224,0
attenuatedxhonest-honestxhonest,A_own0,0.0,0.0,0.0,tau0.4_k2_lam0.6_R12,0.4,2.0,0.6,12,0.75,main,A_own0,1224,0
costlyxhonest-attenuatedxhonest,nonc_A,0.2345,0.2200760840103584,0.24892391598964156,tau0.4_k2_lam0.6_R24,0.4,2.0,0.6,24,0.75,main,all,2000,+
costlyxhonest-attenuatedxhonest,A_dbelief,0.11497315024050077,0.10843833990205984,0.1215079605789417,tau0.4_k2_lam0.6_R24,0.4,2.0,0.6,24,0.75,main,all,2000,+
costlyxhonest-attenuatedxhonest,A_hidden_shift,0.07513809163127716,0.06864461870027566,0.08163156456227866,tau0.4_k2_lam0.6_R24,0.4,2.0,0.6,24,0.75,main,all,2000,+
costlyxhonest-attenuatedxhonest,A_p_truth,0.08502661993626233,0.07760804360661434,0.09244519626591031,tau0.4_k2_lam0.6_R24,0.4,2.0,0.6,24,0.75,main,all,2000,+
costlyxhonest-attenuatedxhonest,B_pC_true,0.03921231891422104,0.024488168833656326,0.053936468994785755,tau0.4_k2_lam0.6_R24,0.4,2.0,0.6,24,0.75,main,all,2000,+
costlyxhonest-attenuatedxhonest,B_pW_true,-0.13605748934671313,-0.14872893457734956,-0.1233860441160767,tau0.4_k2_lam0.6_R24,0.4,2.0,0.6,24,0.75,main,all,2000,-
costlyxhonest-attenuatedxhonest,nonc_B,-0.01925,-0.024237114316375985,-0.014262885683624014,tau0.4_k2_lam0.6_R24,0.4,2.0,0.6,24,0.75,main,all,2000,-
costlyxhonest-attenuatedxhonest,U_final,0.04825,0.03321613103163131,0.06328386896836868,tau0.4_k2_lam0.6_R24,0.4,2.0,0.6,24,0.75,main,all,2000,+
costlyxhonest-attenuatedxhonest,A_transp_err,-0.005402103324611053,-0.007791409634231176,-0.0030127970149909306,tau0.4_k2_lam0.6_R24,0.4,2.0,0.6,24,0.75,main,all,2000,-
costlyxhonest-attenuatedxhonest,B_p_truth,0.007275968848238933,0.0029952014791116118,0.011556736217366255,tau0.4_k2_lam0.6_R24,0.4,2.0,0.6,24,0.75,main,all,2000,+
costlyxhonest-attenuatedxhonest,A_own0,0.0,0.0,0.0,tau0.4_k2_lam0.6_R24,0.4,2.0,0.6,24,0.75,main,all,2000,0
costlyxhonest-attenuatedxhonest,nonc_A,0.012867647058823529,0.007901608475761986,0.01783368564188507,tau0.4_k2_lam0.6_R24,0.4,2.0,0.6,24,0.75,main,A_own0,1224,+
costlyxhonest-attenuatedxhonest,A_dbelief,0.11420040542825739,0.10490567248739165,0.12349513836912314,tau0.4_k2_lam0.6_R24,0.4,2.0,0.6,24,0.75,main,A_own0,1224,+
costlyxhonest-attenuatedxhonest,A_hidden_shift,0.08255935989981215,0.07397789082803218,0.09114082897159213,tau0.4_k2_lam0.6_R24,0.4,2.0,0.6,24,0.75,main,A_own0,1224,+
costlyxhonest-attenuatedxhonest,A_p_truth,0.08191578065351145,0.07158997316639332,0.09224158814062958,tau0.4_k2_lam0.6_R24,0.4,2.0,0.6,24,0.75,main,A_own0,1224,+
costlyxhonest-attenuatedxhonest,B_pC_true,0.029832466278573947,0.01230323213238732,0.047361700424760574,tau0.4_k2_lam0.6_R24,0.4,2.0,0.6,24,0.75,main,A_own0,1224,+
costlyxhonest-attenuatedxhonest,B_pW_true,-0.17990672805161903,-0.19812587627969522,-0.16168757982354284,tau0.4_k2_lam0.6_R24,0.4,2.0,0.6,24,0.75,main,A_own0,1224,-
costlyxhonest-attenuatedxhonest,nonc_B,-0.015318627450980392,-0.02101636092110088,-0.009620893980859902,tau0.4_k2_lam0.6_R24,0.4,2.0,0.6,24,0.75,main,A_own0,1224,-
costlyxhonest-attenuatedxhonest,U_final,-0.05044934640522876,-0.06416669053885882,-0.0367320022715987,tau0.4_k2_lam0.6_R24,0.4,2.0,0.6,24,0.75,main,A_own0,1224,-
costlyxhonest-attenuatedxhonest,A_transp_err,-0.01741016311382551,-0.02054562844663772,-0.014274697781013302,tau0.4_k2_lam0.6_R24,0.4,2.0,0.6,24,0.75,main,A_own0,1224,-
costlyxhonest-attenuatedxhonest,B_p_truth,0.011697581610256226,0.006837618324408355,0.016557544896104098,tau0.4_k2_lam0.6_R24,0.4,2.0,0.6,24,0.75,main,A_own0,1224,+
costlyxhonest-attenuatedxhonest,A_own0,0.0,0.0,0.0,tau0.4_k2_lam0.6_R24,0.4,2.0,0.6,24,0.75,main,A_own0,1224,0
costlyxhonest-honestxhonest,nonc_A,0.3065,0.29073616241241546,0.32226383758758453,tau0.4_k2_lam0.6_R24,0.4,2.0,0.6,24,0.75,main,all,2000,+
costlyxhonest-honestxhonest,A_dbelief,0.013081453231786083,0.010705890819914394,0.015457015643657772,tau0.4_k2_lam0.6_R24,0.4,2.0,0.6,24,0.75,main,all,2000,+
costlyxhonest-honestxhonest,A_hidden_shift,0.047728322995033975,0.04152192204351602,0.05393472394655193,tau0.4_k2_lam0.6_R24,0.4,2.0,0.6,24,0.75,main,all,2000,+
costlyxhonest-honestxhonest,A_p_truth,0.013543853706085993,0.010503208012572395,0.016584499399599592,tau0.4_k2_lam0.6_R24,0.4,2.0,0.6,24,0.75,main,all,2000,+
costlyxhonest-honestxhonest,B_pC_true,-0.003474249771167263,-0.015709083411812392,0.008760583869477867,tau0.4_k2_lam0.6_R24,0.4,2.0,0.6,24,0.75,main,all,2000,0
costlyxhonest-honestxhonest,B_pW_true,-0.01315343695936243,-0.01727350339791417,-0.00903337052081069,tau0.4_k2_lam0.6_R24,0.4,2.0,0.6,24,0.75,main,all,2000,-
costlyxhonest-honestxhonest,nonc_B,-0.007,-0.010217982054681492,-0.003782017945318508,tau0.4_k2_lam0.6_R24,0.4,2.0,0.6,24,0.75,main,all,2000,-
costlyxhonest-honestxhonest,U_final,0.14075,0.12587968276339206,0.1556203172366079,tau0.4_k2_lam0.6_R24,0.4,2.0,0.6,24,0.75,main,all,2000,+
costlyxhonest-honestxhonest,A_transp_err,0.007816404166282138,0.0064082711079180565,0.00922453722464622,tau0.4_k2_lam0.6_R24,0.4,2.0,0.6,24,0.75,main,all,2000,+
costlyxhonest-honestxhonest,B_p_truth,0.0014305043255774383,-0.001356213690479681,0.004217222341634557,tau0.4_k2_lam0.6_R24,0.4,2.0,0.6,24,0.75,main,all,2000,0
costlyxhonest-honestxhonest,A_own0,0.0,0.0,0.0,tau0.4_k2_lam0.6_R24,0.4,2.0,0.6,24,0.75,main,all,2000,0
costlyxhonest-honestxhonest,nonc_A,0.0959967320261438,0.08344964013770295,0.10854382391458464,tau0.4_k2_lam0.6_R24,0.4,2.0,0.6,24,0.75,main,A_own0,1224,+
costlyxhonest-honestxhonest,A_dbelief,0.009197426452690284,0.00641576938919481,0.011979083516185759,tau0.4_k2_lam0.6_R24,0.4,2.0,0.6,24,0.75,main,A_own0,1224,+
costlyxhonest-honestxhonest,A_hidden_shift,0.05328096860680566,0.044138946468789686,0.06242299074482163,tau0.4_k2_lam0.6_R24,0.4,2.0,0.6,24,0.75,main,A_own0,1224,+
costlyxhonest-honestxhonest,A_p_truth,0.013823133556243912,0.010612242671709553,0.01703402444077827,tau0.4_k2_lam0.6_R24,0.4,2.0,0.6,24,0.75,main,A_own0,1224,+
costlyxhonest-honestxhonest,B_pC_true,0.03666858284093007,0.019910386844309763,0.05342677883755037,tau0.4_k2_lam0.6_R24,0.4,2.0,0.6,24,0.75,main,A_own0,1224,+
costlyxhonest-honestxhonest,B_pW_true,-0.01073290541226015,-0.015909690900030304,-0.0055561199244899976,tau0.4_k2_lam0.6_R24,0.4,2.0,0.6,24,0.75,main,A_own0,1224,-
costlyxhonest-honestxhonest,nonc_B,-0.005718954248366013,-0.009054332156257866,-0.0023835763404741602,tau0.4_k2_lam0.6_R24,0.4,2.0,0.6,24,0.75,main,A_own0,1224,-
costlyxhonest-honestxhonest,U_final,0.08415032679738563,0.06821442931208527,0.10008622428268599,tau0.4_k2_lam0.6_R24,0.4,2.0,0.6,24,0.75,main,A_own0,1224,+
costlyxhonest-honestxhonest,A_transp_err,0.0032661017043236753,0.00166485134409309,0.0048673520645542605,tau0.4_k2_lam0.6_R24,0.4,2.0,0.6,24,0.75,main,A_own0,1224,+
costlyxhonest-honestxhonest,B_p_truth,0.005474342791597706,0.002461283128428862,0.008487402454766549,tau0.4_k2_lam0.6_R24,0.4,2.0,0.6,24,0.75,main,A_own0,1224,+
costlyxhonest-honestxhonest,A_own0,0.0,0.0,0.0,tau0.4_k2_lam0.6_R24,0.4,2.0,0.6,24,0.75,main,A_own0,1224,0
attenuatedxhonest-honestxhonest,nonc_A,0.072,0.06303560637987776,0.08096439362012223,tau0.4_k2_lam0.6_R24,0.4,2.0,0.6,24,0.75,main,all,2000,+
attenuatedxhonest-honestxhonest,A_dbelief,-0.10189169700871467,-0.10771817464728424,-0.0960652193701451,tau0.4_k2_lam0.6_R24,0.4,2.0,0.6,24,0.75,main,all,2000,-
attenuatedxhonest-honestxhonest,A_hidden_shift,-0.027409768636243198,-0.0319258358041763,-0.022893701468310095,tau0.4_k2_lam0.6_R24,0.4,2.0,0.6,24,0.75,main,all,2000,-
attenuatedxhonest-honestxhonest,A_p_truth,-0.07148276623017634,-0.07816101585151539,-0.06480451660883729,tau0.4_k2_lam0.6_R24,0.4,2.0,0.6,24,0.75,main,all,2000,-
attenuatedxhonest-honestxhonest,B_pC_true,-0.04268656868538832,-0.05601460241502657,-0.02935853495575006,tau0.4_k2_lam0.6_R24,0.4,2.0,0.6,24,0.75,main,all,2000,-
attenuatedxhonest-honestxhonest,B_pW_true,0.12290405238735069,0.11045121746851994,0.13535688730618145,tau0.4_k2_lam0.6_R24,0.4,2.0,0.6,24,0.75,main,all,2000,+
attenuatedxhonest-honestxhonest,nonc_B,0.01225,0.0077366259602586335,0.016763374039741367,tau0.4_k2_lam0.6_R24,0.4,2.0,0.6,24,0.75,main,all,2000,+
attenuatedxhonest-honestxhonest,U_final,0.0925,0.08048899724862463,0.10451100275137537,tau0.4_k2_lam0.6_R24,0.4,2.0,0.6,24,0.75,main,all,2000,+
attenuatedxhonest-honestxhonest,A_transp_err,0.013218507490893192,0.010989475406108751,0.015447539575677632,tau0.4_k2_lam0.6_R24,0.4,2.0,0.6,24,0.75,main,all,2000,+
attenuatedxhonest-honestxhonest,B_p_truth,-0.0058454645226614955,-0.00999151871948822,-0.00169941032583477,tau0.4_k2_lam0.6_R24,0.4,2.0,0.6,24,0.75,main,all,2000,-
attenuatedxhonest-honestxhonest,A_own0,0.0,0.0,0.0,tau0.4_k2_lam0.6_R24,0.4,2.0,0.6,24,0.75,main,all,2000,0
attenuatedxhonest-honestxhonest,nonc_A,0.08312908496732026,0.07087862114907285,0.09537954878556766,tau0.4_k2_lam0.6_R24,0.4,2.0,0.6,24,0.75,main,A_own0,1224,+
attenuatedxhonest-honestxhonest,A_dbelief,-0.10500297897556711,-0.1132916918791817,-0.09671426607195252,tau0.4_k2_lam0.6_R24,0.4,2.0,0.6,24,0.75,main,A_own0,1224,-
attenuatedxhonest-honestxhonest,A_hidden_shift,-0.029278391293006484,-0.03453207903502439,-0.024024703550988576,tau0.4_k2_lam0.6_R24,0.4,2.0,0.6,24,0.75,main,A_own0,1224,-
attenuatedxhonest-honestxhonest,A_p_truth,-0.06809264709726753,-0.0775739706088244,-0.058611323585710674,tau0.4_k2_lam0.6_R24,0.4,2.0,0.6,24,0.75,main,A_own0,1224,-
attenuatedxhonest-honestxhonest,B_pC_true,0.006836116562356118,-0.010673060280354736,0.02434529340506697,tau0.4_k2_lam0.6_R24,0.4,2.0,0.6,24,0.75,main,A_own0,1224,0
attenuatedxhonest-honestxhonest,B_pW_true,0.1691738226393589,0.1517738532785029,0.1865737920002149,tau0.4_k2_lam0.6_R24,0.4,2.0,0.6,24,0.75,main,A_own0,1224,+
attenuatedxhonest-honestxhonest,nonc_B,0.00959967320261438,0.003670314513020933,0.015529031892207827,tau0.4_k2_lam0.6_R24,0.4,2.0,0.6,24,0.75,main,A_own0,1224,+
attenuatedxhonest-honestxhonest,U_final,0.13459967320261437,0.11671520698814217,0.15248413941708658,tau0.4_k2_lam0.6_R24,0.4,2.0,0.6,24,0.75,main,A_own0,1224,+
attenuatedxhonest-honestxhonest,A_transp_err,0.020676264818149187,0.0173264716671147,0.024026057969183674,tau0.4_k2_lam0.6_R24,0.4,2.0,0.6,24,0.75,main,A_own0,1224,+
attenuatedxhonest-honestxhonest,B_p_truth,-0.006223238818658519,-0.011705958211969458,-0.0007405194253475803,tau0.4_k2_lam0.6_R24,0.4,2.0,0.6,24,0.75,main,A_own0,1224,-
attenuatedxhonest-honestxhonest,A_own0,0.0,0.0,0.0,tau0.4_k2_lam0.6_R24,0.4,2.0,0.6,24,0.75,main,A_own0,1224,0
costlyxhonest-attenuatedxhonest,nonc_A,0.2385,0.22386229507734556,0.2531377049226544,tau0.4_k2_lam0.7_R12,0.4,2.0,0.7,12,0.75,main,all,2000,+
costlyxhonest-attenuatedxhonest,A_dbelief,0.11261104676798829,0.10633468138493697,0.11888741215103961,tau0.4_k2_lam0.7_R12,0.4,2.0,0.7,12,0.75,main,all,2000,+
costlyxhonest-attenuatedxhonest,A_hidden_shift,0.08618052460798685,0.07965257203260163,0.09270847718337207,tau0.4_k2_lam0.7_R12,0.4,2.0,0.7,12,0.75,main,all,2000,+
costlyxhonest-attenuatedxhonest,A_p_truth,0.08174659454355822,0.07452811332090685,0.08896507576620959,tau0.4_k2_lam0.7_R12,0.4,2.0,0.7,12,0.75,main,all,2000,+
costlyxhonest-attenuatedxhonest,B_pC_true,0.03833926837245848,0.02414202461981966,0.05253651212509731,tau0.4_k2_lam0.7_R12,0.4,2.0,0.7,12,0.75,main,all,2000,+
costlyxhonest-attenuatedxhonest,B_pW_true,-0.09212522227227768,-0.10316823577190139,-0.08108220877265397,tau0.4_k2_lam0.7_R12,0.4,2.0,0.7,12,0.75,main,all,2000,-
costlyxhonest-attenuatedxhonest,nonc_B,-0.010625,-0.015595501748447097,-0.0056544982515529035,tau0.4_k2_lam0.7_R12,0.4,2.0,0.7,12,0.75,main,all,2000,-
costlyxhonest-attenuatedxhonest,U_final,0.121875,0.10486540402110672,0.13888459597889327,tau0.4_k2_lam0.7_R12,0.4,2.0,0.7,12,0.75,main,all,2000,+
costlyxhonest-attenuatedxhonest,A_transp_err,-0.0028471229717494592,-0.005605805208772871,-8.844073472604776e-05,tau0.4_k2_lam0.7_R12,0.4,2.0,0.7,12,0.75,main,all,2000,-
costlyxhonest-attenuatedxhonest,B_p_truth,0.005039917231021678,0.0006752980000540552,0.0094045364619893,tau0.4_k2_lam0.7_R12,0.4,2.0,0.7,12,0.75,main,all,2000,+
costlyxhonest-attenuatedxhonest,A_own0,0.0,0.0,0.0,tau0.4_k2_lam0.7_R12,0.4,2.0,0.7,12,0.75,main,all,2000,0
costlyxhonest-attenuatedxhonest,nonc_A,0.012663398692810458,0.007521197063306061,0.017805600322314853,tau0.4_k2_lam0.7_R12,0.4,2.0,0.7,12,0.75,main,A_own0,1224,+
costlyxhonest-attenuatedxhonest,A_dbelief,0.11389219460323458,0.10482221345842972,0.12296217574803943,tau0.4_k2_lam0.7_R12,0.4,2.0,0.7,12,0.75,main,A_own0,1224,+
costlyxhonest-attenuatedxhonest,A_hidden_shift,0.09192588964625238,0.0831570687533264,0.10069471053917836,tau0.4_k2_lam0.7_R12,0.4,2.0,0.7,12,0.75,main,A_own0,1224,+
costlyxhonest-attenuatedxhonest,A_p_truth,0.07661336439262029,0.06636750696668964,0.08685922181855094,tau0.4_k2_lam0.7_R12,0.4,2.0,0.7,12,0.75,main,A_own0,1224,+
costlyxhonest-attenuatedxhonest,B_pC_true,0.049786663195916014,0.03544609966985361,0.06412722672197842,tau0.4_k2_lam0.7_R12,0.4,2.0,0.7,12,0.75,main,A_own0,1224,+
costlyxhonest-attenuatedxhonest,B_pW_true,-0.15057662980940087,-0.1665094822721617,-0.13464377734664004,tau0.4_k2_lam0.7_R12,0.4,2.0,0.7,12,0.75,main,A_own0,1224,-
costlyxhonest-attenuatedxhonest,nonc_B,-0.0004084967320261438,-0.005781590908838694,0.004964597444786406,tau0.4_k2_lam0.7_R12,0.4,2.0,0.7,12,0.75,main,A_own0,1224,0
costlyxhonest-attenuatedxhonest,U_final,-0.024509803921568627,-0.03756256853533812,-0.011457039307799136,tau0.4_k2_lam0.7_R12,0.4,2.0,0.7,12,0.75,main,A_own0,1224,-
costlyxhonest-attenuatedxhonest,A_transp_err,-0.018791424184746535,-0.022430885798266107,-0.015151962571226963,tau0.4_k2_lam0.7_R12,0.4,2.0,0.7,12,0.75,main,A_own0,1224,-
costlyxhonest-attenuatedxhonest,B_p_truth,0.010515689388360139,0.005755774511083647,0.015275604265636632,tau0.4_k2_lam0.7_R12,0.4,2.0,0.7,12,0.75,main,A_own0,1224,+
costlyxhonest-attenuatedxhonest,A_own0,0.0,0.0,0.0,tau0.4_k2_lam0.7_R12,0.4,2.0,0.7,12,0.75,main,A_own0,1224,0
costlyxhonest-honestxhonest,nonc_A,0.3035,0.28776178422063164,0.31923821577936834,tau0.4_k2_lam0.7_R12,0.4,2.0,0.7,12,0.75,main,all,2000,+
costlyxhonest-honestxhonest,A_dbelief,0.014012390853060493,0.011564105789085868,0.01646067591703512,tau0.4_k2_lam0.7_R12,0.4,2.0,0.7,12,0.75,main,all,2000,+
costlyxhonest-honestxhonest,A_hidden_shift,0.05537397642152895,0.04901648895318079,0.06173146388987711,tau0.4_k2_lam0.7_R12,0.4,2.0,0.7,12,0.75,main,all,2000,+
costlyxhonest-honestxhonest,A_p_truth,0.01266641119016139,0.009385318528920716,0.015947503851402065,tau0.4_k2_lam0.7_R12,0.4,2.0,0.7,12,0.75,main,all,2000,+
costlyxhonest-honestxhonest,B_pC_true,-0.005522557002888345,-0.018218965696925986,0.007173851691149294,tau0.4_k2_lam0.7_R12,0.4,2.0,0.7,12,0.75,main,all,2000,0
costlyxhonest-honestxhonest,B_pW_true,-0.023254950782634495,-0.02682382744384182,-0.01968607412142717,tau0.4_k2_lam0.7_R12,0.4,2.0,0.7,12,0.75,main,all,2000,-
costlyxhonest-honestxhonest,nonc_B,-0.009875,-0.013458927909030617,-0.006291072090969383,tau0.4_k2_lam0.7_R12,0.4,2.0,0.7,12,0.75,main,all,2000,-
costlyxhonest-honestxhonest,U_final,0.20625,0.18943024313908105,0.22306975686091893,tau0.4_k2_lam0.7_R12,0.4,2.0,0.7,12,0.75,main,all,2000,+
costlyxhonest-honestxhonest,A_transp_err,0.011146278194282258,0.009116072790664601,0.013176483597899915,tau0.4_k2_lam0.7_R12,0.4,2.0,0.7,12,0.75,main,all,2000,+
costlyxhonest-honestxhonest,B_p_truth,-0.0012044565024822444,-0.0043619614001073155,0.0019530483951428264,tau0.4_k2_lam0.7_R12,0.4,2.0,0.7,12,0.75,main,all,2000,0
costlyxhonest-honestxhonest,A_own0,0.0,0.0,0.0,tau0.4_k2_lam0.7_R12,0.4,2.0,0.7,12,0.75,main,all,2000,0
costlyxhonest-honestxhonest,nonc_A,0.08333333333333333,0.07193517587861668,0.09473149078804997,tau0.4_k2_lam0.7_R12,0.4,2.0,0.7,12,0.75,main,A_own0,1224,+
costlyxhonest-honestxhonest,A_dbelief,0.00886144924276261,0.005922153912116073,0.011800744573409148,tau0.4_k2_lam0.7_R12,0.4,2.0,0.7,12,0.75,main,A_own0,1224,+
costlyxhonest-honestxhonest,A_hidden_shift,0.05430429973828845,0.04508877622444121,0.06351982325213569,tau0.4_k2_lam0.7_R12,0.4,2.0,0.7,12,0.75,main,A_own0,1224,+
costlyxhonest-honestxhonest,A_p_truth,0.011813029455599675,0.00865734822742866,0.01496871068377069,tau0.4_k2_lam0.7_R12,0.4,2.0,0.7,12,0.75,main,A_own0,1224,+
costlyxhonest-honestxhonest,B_pC_true,0.05237270402625596,0.03790483203616844,0.06684057601634348,tau0.4_k2_lam0.7_R12,0.4,2.0,0.7,12,0.75,main,A_own0,1224,+
costlyxhonest-honestxhonest,B_pW_true,-0.016897809916318233,-0.021069451272757316,-0.01272616855987915,tau0.4_k2_lam0.7_R12,0.4,2.0,0.7,12,0.75,main,A_own0,1224,-
costlyxhonest-honestxhonest,nonc_B,-0.00755718954248366,-0.011181164040896245,-0.003933215044071075,tau0.4_k2_lam0.7_R12,0.4,2.0,0.7,12,0.75,main,A_own0,1224,-
costlyxhonest-honestxhonest,U_final,0.09211601307189543,0.07584395969108458,0.10838806645270628,tau0.4_k2_lam0.7_R12,0.4,2.0,0.7,12,0.75,main,A_own0,1224,+
costlyxhonest-honestxhonest,A_transp_err,0.004340336081707124,0.001967179964278833,0.0067134921991354145,tau0.4_k2_lam0.7_R12,0.4,2.0,0.7,12,0.75,main,A_own0,1224,+
costlyxhonest-honestxhonest,B_p_truth,0.004149302481453921,0.0013445289621145636,0.006954076000793278,tau0.4_k2_lam0.7_R12,0.4,2.0,0.7,12,0.75,main,A_own0,1224,+
costlyxhonest-honestxhonest,A_own0,0.0,0.0,0.0,tau0.4_k2_lam0.7_R12,0.4,2.0,0.7,12,0.75,main,A_own0,1224,0
attenuatedxhonest-honestxhonest,nonc_A,0.065,0.05640956242040579,0.07359043757959421,tau0.4_k2_lam0.7_R12,0.4,2.0,0.7,12,0.75,main,all,2000,+
attenuatedxhonest-honestxhonest,A_dbelief,-0.0985986559149278,-0.10411283634239826,-0.09308447548745732,tau0.4_k2_lam0.7_R12,0.4,2.0,0.7,12,0.75,main,all,2000,-
attenuatedxhonest-honestxhonest,A_hidden_shift,-0.0308065481864579,-0.03527714472376184,-0.026335951649153966,tau0.4_k2_lam0.7_R12,0.4,2.0,0.7,12,0.75,main,all,2000,-
attenuatedxhonest-honestxhonest,A_p_truth,-0.06908018335339682,-0.07541918243056582,-0.06274118427622781,tau0.4_k2_lam0.7_R12,0.4,2.0,0.7,12,0.75,main,all,2000,-
attenuatedxhonest-honestxhonest,B_pC_true,-0.04386182537534684,-0.05476172360259895,-0.032961927148094726,tau0.4_k2_lam0.7_R12,0.4,2.0,0.7,12,0.75,main,all,2000,-
attenuatedxhonest-honestxhonest,B_pW_true,0.06887027148964318,0.05818017168496806,0.07956037129431831,tau0.4_k2_lam0.7_R12,0.4,2.0,0.7,12,0.75,main,all,2000,+
attenuatedxhonest-honestxhonest,nonc_B,0.00075,-0.0036609803812714895,0.005160980381271489,tau0.4_k2_lam0.7_R12,0.4,2.0,0.7,12,0.75,main,all,2000,0
attenuatedxhonest-honestxhonest,U_final,0.084375,0.07275282218359666,0.09599717781640335,tau0.4_k2_lam0.7_R12,0.4,2.0,0.7,12,0.75,main,all,2000,+
attenuatedxhonest-honestxhonest,A_transp_err,0.013993401166031719,0.011358325255401022,0.016628477076662415,tau0.4_k2_lam0.7_R12,0.4,2.0,0.7,12,0.75,main,all,2000,+
attenuatedxhonest-honestxhonest,B_p_truth,-0.0062443737335039235,-0.01015956930380765,-0.0023291781632001967,tau0.4_k2_lam0.7_R12,0.4,2.0,0.7,12,0.75,main,all,2000,-
attenuatedxhonest-honestxhonest,A_own0,0.0,0.0,0.0,tau0.4_k2_lam0.7_R12,0.4,2.0,0.7,12,0.75,main,all,2000,0
attenuatedxhonest-honestxhonest,nonc_A,0.07066993464052287,0.05896497020471138,0.08237489907633437,tau0.4_k2_lam0.7_R12,0.4,2.0,0.7,12,0.75,main,A_own0,1224,+
attenuatedxhonest-honestxhonest,A_dbelief,-0.10503074536047197,-0.1130751108581004,-0.09698637986284353,tau0.4_k2_lam0.7_R12,0.4,2.0,0.7,12,0.75,main,A_own0,1224,-
attenuatedxhonest-honestxhonest,A_hidden_shift,-0.03762158990796392,-0.04324851597122528,-0.031994663844702564,tau0.4_k2_lam0.7_R12,0.4,2.0,0.7,12,0.75,main,A_own0,1224,-
attenuatedxhonest-honestxhonest,A_p_truth,-0.06480033493702061,-0.07410923096690086,-0.05549143890714037,tau0.4_k2_lam0.7_R12,0.4,2.0,0.7,12,0.75,main,A_own0,1224,-
attenuatedxhonest-honestxhonest,B_pC_true,0.0025860408303399387,-0.011399917668183447,0.016571999328863322,tau0.4_k2_lam0.7_R12,0.4,2.0,0.7,12,0.75,main,A_own0,1224,0
attenuatedxhonest-honestxhonest,B_pW_true,0.13367881989308264,0.11885411952355804,0.14850352026260724,tau0.4_k2_lam0.7_R12,0.4,2.0,0.7,12,0.75,main,A_own0,1224,+
attenuatedxhonest-honestxhonest,nonc_B,-0.007148692810457516,-0.013007351532512753,-0.0012900340884022784,tau0.4_k2_lam0.7_R12,0.4,2.0,0.7,12,0.75,main,A_own0,1224,-
attenuatedxhonest-honestxhonest,U_final,0.11662581699346405,0.09898319470602977,0.13426843928089832,tau0.4_k2_lam0.7_R12,0.4,2.0,0.7,12,0.75,main,A_own0,1224,+
attenuatedxhonest-honestxhonest,A_transp_err,0.02313176026645366,0.019027948147151447,0.02723557238575587,tau0.4_k2_lam0.7_R12,0.4,2.0,0.7,12,0.75,main,A_own0,1224,+
attenuatedxhonest-honestxhonest,B_p_truth,-0.006366386906906217,-0.011922415528879304,-0.0008103582849331298,tau0.4_k2_lam0.7_R12,0.4,2.0,0.7,12,0.75,main,A_own0,1224,-
attenuatedxhonest-honestxhonest,A_own0,0.0,0.0,0.0,tau0.4_k2_lam0.7_R12,0.4,2.0,0.7,12,0.75,main,A_own0,1224,0
costlyxhonest-attenuatedxhonest,nonc_A,0.23,0.21570807362250316,0.24429192637749686,tau0.4_k2_lam0.7_R24,0.4,2.0,0.7,24,0.75,main,all,2000,+
costlyxhonest-attenuatedxhonest,A_dbelief,0.11660022207196187,0.1099520879232379,0.12324835622068583,tau0.4_k2_lam0.7_R24,0.4,2.0,0.7,24,0.75,main,all,2000,+
costlyxhonest-attenuatedxhonest,A_hidden_shift,0.07329247984892963,0.06680871890297267,0.07977624079488659,tau0.4_k2_lam0.7_R24,0.4,2.0,0.7,24,0.75,main,all,2000,+
costlyxhonest-attenuatedxhonest,A_p_truth,0.08826289176575039,0.08077925768522173,0.09574652584627905,tau0.4_k2_lam0.7_R24,0.4,2.0,0.7,24,0.75,main,all,2000,+
costlyxhonest-attenuatedxhonest,B_pC_true,0.07592918252912027,0.060086563492921276,0.09177180156531928,tau0.4_k2_lam0.7_R24,0.4,2.0,0.7,24,0.75,main,all,2000,+
costlyxhonest-attenuatedxhonest,B_pW_true,-0.14612332180238183,-0.16026180977409038,-0.13198483383067328,tau0.4_k2_lam0.7_R24,0.4,2.0,0.7,24,0.75,main,all,2000,-
costlyxhonest-attenuatedxhonest,nonc_B,-0.013125,-0.01801080830046313,-0.00823919169953687,tau0.4_k2_lam0.7_R24,0.4,2.0,0.7,24,0.75,main,all,2000,-
costlyxhonest-attenuatedxhonest,U_final,0.052625,0.037477954215904254,0.06777204578409575,tau0.4_k2_lam0.7_R24,0.4,2.0,0.7,24,0.75,main,all,2000,+
costlyxhonest-attenuatedxhonest,A_transp_err,-0.008018002289322791,-0.010816722582508109,-0.005219281996137475,tau0.4_k2_lam0.7_R24,0.4,2.0,0.7,24,0.75,main,all,2000,-
costlyxhonest-attenuatedxhonest,B_p_truth,0.013513604785287125,0.008877193762810365,0.018150015807763886,tau0.4_k2_lam0.7_R24,0.4,2.0,0.7,24,0.75,main,all,2000,+
costlyxhonest-attenuatedxhonest,A_own0,0.0,0.0,0.0,tau0.4_k2_lam0.7_R24,0.4,2.0,0.7,24,0.75,main,all,2000,0
costlyxhonest-attenuatedxhonest,nonc_A,0.011642156862745098,0.006634495436858763,0.016649818288631435,tau0.4_k2_lam0.7_R24,0.4,2.0,0.7,24,0.75,main,A_own0,1224,+
costlyxhonest-attenuatedxhonest,A_dbelief,0.11982645254761555,0.11009476338565845,0.12955814170957264,tau0.4_k2_lam0.7_R24,0.4,2.0,0.7,24,0.75,main,A_own0,1224,+
costlyxhonest-attenuatedxhonest,A_hidden_shift,0.08353960480216344,0.07466669901257254,0.09241251059175433,tau0.4_k2_lam0.7_R24,0.4,2.0,0.7,24,0.75,main,A_own0,1224,+
costlyxhonest-attenuatedxhonest,A_p_truth,0.08418882294486889,0.07333709593478328,0.09504054995495449,tau0.4_k2_lam0.7_R24,0.4,2.0,0.7,24,0.75,main,A_own0,1224,+
costlyxhonest-attenuatedxhonest,B_pC_true,0.02386798619665983,0.005970037529711151,0.04176593486360851,tau0.4_k2_lam0.7_R24,0.4,2.0,0.7,24,0.75,main,A_own0,1224,+
costlyxhonest-attenuatedxhonest,B_pW_true,-0.22247300751111718,-0.2429067173504011,-0.20203929767183326,tau0.4_k2_lam0.7_R24,0.4,2.0,0.7,24,0.75,main,A_own0,1224,-
costlyxhonest-attenuatedxhonest,nonc_B,-0.007965686274509803,-0.013983144648700995,-0.0019482279003186125,tau0.4_k2_lam0.7_R24,0.4,2.0,0.7,24,0.75,main,A_own0,1224,-
costlyxhonest-attenuatedxhonest,U_final,-0.049019607843137254,-0.06295610614250466,-0.03508310954376985,tau0.4_k2_lam0.7_R24,0.4,2.0,0.7,24,0.75,main,A_own0,1224,-
costlyxhonest-attenuatedxhonest,A_transp_err,-0.01956491771014311,-0.023296865302641752,-0.015832970117644465,tau0.4_k2_lam0.7_R24,0.4,2.0,0.7,24,0.75,main,A_own0,1224,-
costlyxhonest-attenuatedxhonest,B_p_truth,0.021061536181376312,0.015169188005840124,0.0269538843569125,tau0.4_k2_lam0.7_R24,0.4,2.0,0.7,24,0.75,main,A_own0,1224,+
costlyxhonest-attenuatedxhonest,A_own0,0.0,0.0,0.0,tau0.4_k2_lam0.7_R24,0.4,2.0,0.7,24,0.75,main,A_own0,1224,0
costlyxhonest-honestxhonest,nonc_A,0.302375,0.28677319854658456,0.31797680145341545,tau0.4_k2_lam0.7_R24,0.4,2.0,0.7,24,0.75,main,all,2000,+
costlyxhonest-honestxhonest,A_dbelief,0.016341510541400227,0.013693020271070076,0.018990000811730377,tau0.4_k2_lam0.7_R24,0.4,2.0,0.7,24,0.75,main,all,2000,+
costlyxhonest-honestxhonest,A_hidden_shift,0.04775119487213673,0.04150351912402042,0.053998870620253034,tau0.4_k2_lam0.7_R24,0.4,2.0,0.7,24,0.75,main,all,2000,+
costlyxhonest-honestxhonest,A_p_truth,0.015864080384922544,0.01282086161675491,0.01890729915309018,tau0.4_k2_lam0.7_R24,0.4,2.0,0.7,24,0.75,main,all,2000,+
costlyxhonest-honestxhonest,B_pC_true,0.025105663029237696,0.012096976054811005,0.038114350003664386,tau0.4_k2_lam0.7_R24,0.4,2.0,0.7,24,0.75,main,all,2000,+
costlyxhonest-honestxhonest,B_pW_true,-0.011022959194408167,-0.014794012215484268,-0.007251906173332066,tau0.4_k2_lam0.7_R24,0.4,2.0,0.7,24,0.75,main,all,2000,-
costlyxhonest-honestxhonest,nonc_B,-0.004375,-0.007684574947129213,-0.0010654250528707877,tau0.4_k2_lam0.7_R24,0.4,2.0,0.7,24,0.75,main,all,2000,-
costlyxhonest-honestxhonest,U_final,0.144875,0.13016038264277713,0.15958961735722288,tau0.4_k2_lam0.7_R24,0.4,2.0,0.7,24,0.75,main,all,2000,+
costlyxhonest-honestxhonest,A_transp_err,0.0077383071963759275,0.005799802194427111,0.009676812198324744,tau0.4_k2_lam0.7_R24,0.4,2.0,0.7,24,0.75,main,all,2000,+
costlyxhonest-honestxhonest,B_p_truth,-0.0011264255991427952,-0.003568708756955477,0.0013158575586698865,tau0.4_k2_lam0.7_R24,0.4,2.0,0.7,24,0.75,main,all,2000,0
costlyxhonest-honestxhonest,A_own0,0.0,0.0,0.0,tau0.4_k2_lam0.7_R24,0.4,2.0,0.7,24,0.75,main,all,2000,0
costlyxhonest-honestxhonest,nonc_A,0.09558823529411764,0.08318557738156741,0.10799089320666787,tau0.4_k2_lam0.7_R24,0.4,2.0,0.7,24,0.75,main,A_own0,1224,+
costlyxhonest-honestxhonest,A_dbelief,0.013987194998310809,0.010731151370279869,0.017243238626341747,tau0.4_k2_lam0.7_R24,0.4,2.0,0.7,24,0.75,main,A_own0,1224,+
costlyxhonest-honestxhonest,A_hidden_shift,0.05527779617839979,0.04602931698282068,0.0645262753739789,tau0.4_k2_lam0.7_R24,0.4,2.0,0.7,24,0.75,main,A_own0,1224,+
costlyxhonest-honestxhonest,A_p_truth,0.013586450845124243,0.010095323371659002,0.017077578318589484,tau0.4_k2_lam0.7_R24,0.4,2.0,0.7,24,0.75,main,A_own0,1224,+
costlyxhonest-honestxhonest,B_pC_true,0.049024935178497375,0.030881338967385853,0.0671685313896089,tau0.4_k2_lam0.7_R24,0.4,2.0,0.7,24,0.75,main,A_own0,1224,+
costlyxhonest-honestxhonest,B_pW_true,-0.007814453104357527,-0.012423481929446839,-0.0032054242792682137,tau0.4_k2_lam0.7_R24,0.4,2.0,0.7,24,0.75,main,A_own0,1224,-
costlyxhonest-honestxhonest,nonc_B,-0.0028594771241830064,-0.006739067199638503,0.0010201129512724901,tau0.4_k2_lam0.7_R24,0.4,2.0,0.7,24,0.75,main,A_own0,1224,0
costlyxhonest-honestxhonest,U_final,0.0821078431372549,0.06666962228811822,0.09754606398639158,tau0.4_k2_lam0.7_R24,0.4,2.0,0.7,24,0.75,main,A_own0,1224,+
costlyxhonest-honestxhonest,A_transp_err,0.0068376824035237885,0.004417869136139871,0.009257495670907705,tau0.4_k2_lam0.7_R24,0.4,2.0,0.7,24,0.75,main,A_own0,1224,+
costlyxhonest-honestxhonest,B_p_truth,0.0013801684467280556,-0.0012179094338810412,0.0039782463273371526,tau0.4_k2_lam0.7_R24,0.4,2.0,0.7,24,0.75,main,A_own0,1224,0
costlyxhonest-honestxhonest,A_own0,0.0,0.0,0.0,tau0.4_k2_lam0.7_R24,0.4,2.0,0.7,24,0.75,main,A_own0,1224,0
attenuatedxhonest-honestxhonest,nonc_A,0.072375,0.06344662879391225,0.08130337120608774,tau0.4_k2_lam0.7_R24,0.4,2.0,0.7,24,0.75,main,all,2000,+
attenuatedxhonest-honestxhonest,A_dbelief,-0.10025871153056164,-0.1059729885766953,-0.09454443448442797,tau0.4_k2_lam0.7_R24,0.4,2.0,0.7,24,0.75,main,all,2000,-
attenuatedxhonest-honestxhonest,A_hidden_shift,-0.025541284976792904,-0.02988761262900498,-0.021194957324580828,tau0.4_k2_lam0.7_R24,0.4,2.0,0.7,24,0.75,main,all,2000,-
attenuatedxhonest-honestxhonest,A_p_truth,-0.07239881138082785,-0.07888957878805464,-0.06590804397360106,tau0.4_k2_lam0.7_R24,0.4,2.0,0.7,24,0.75,main,all,2000,-
attenuatedxhonest-honestxhonest,B_pC_true,-0.05082351949988256,-0.06501336970640181,-0.03663366929336332,tau0.4_k2_lam0.7_R24,0.4,2.0,0.7,24,0.75,main,all,2000,-
attenuatedxhonest-honestxhonest,B_pW_true,0.13510036260797365,0.12114528695525452,0.14905543826069276,tau0.4_k2_lam0.7_R24,0.4,2.0,0.7,24,0.75,main,all,2000,+
attenuatedxhonest-honestxhonest,nonc_B,0.00875,0.0044244776243890565,0.013075522375610944,tau0.4_k2_lam0.7_R24,0.4,2.0,0.7,24,0.75,main,all,2000,+
attenuatedxhonest-honestxhonest,U_final,0.09225,0.08051343766694442,0.10398656233305557,tau0.4_k2_lam0.7_R24,0.4,2.0,0.7,24,0.75,main,all,2000,+
attenuatedxhonest-honestxhonest,A_transp_err,0.015756309485698717,0.012854844870600011,0.01865777410079742,tau0.4_k2_lam0.7_R24,0.4,2.0,0.7,24,0.75,main,all,2000,+
attenuatedxhonest-honestxhonest,B_p_truth,-0.01464003038442992,-0.019126305235578817,-0.010153755533281022,tau0.4_k2_lam0.7_R24,0.4,2.0,0.7,24,0.75,main,all,2000,-
attenuatedxhonest-honestxhonest,A_own0,0.0,0.0,0.0,tau0.4_k2_lam0.7_R24,0.4,2.0,0.7,24,0.75,main,all,2000,0
attenuatedxhonest-honestxhonest,nonc_A,0.08394607843137254,0.07164774408357445,0.09624441277917063,tau0.4_k2_lam0.7_R24,0.4,2.0,0.7,24,0.75,main,A_own0,1224,+
attenuatedxhonest-honestxhonest,A_dbelief,-0.10583925754930476,-0.11407446840942531,-0.09760404668918421,tau0.4_k2_lam0.7_R24,0.4,2.0,0.7,24,0.75,main,A_own0,1224,-
attenuatedxhonest-honestxhonest,A_hidden_shift,-0.028261808623763644,-0.03350066205977818,-0.023022955187749102,tau0.4_k2_lam0.7_R24,0.4,2.0,0.7,24,0.75,main,A_own0,1224,-
attenuatedxhonest-honestxhonest,A_p_truth,-0.07060237209974463,-0.07996492967417256,-0.061239814525316696,tau0.4_k2_lam0.7_R24,0.4,2.0,0.7,24,0.75,main,A_own0,1224,-
attenuatedxhonest-honestxhonest,B_pC_true,0.025156948981837547,0.007945888687923577,0.04236800927575152,tau0.4_k2_lam0.7_R24,0.4,2.0,0.7,24,0.75,main,A_own0,1224,+
attenuatedxhonest-honestxhonest,B_pW_true,0.21465855440675963,0.19488197294642334,0.2344351358670959,tau0.4_k2_lam0.7_R24,0.4,2.0,0.7,24,0.75,main,A_own0,1224,+
attenuatedxhonest-honestxhonest,nonc_B,0.0051062091503267975,-0.0005645059417776427,0.010776924242431239,tau0.4_k2_lam0.7_R24,0.4,2.0,0.7,24,0.75,main,A_own0,1224,0
attenuatedxhonest-honestxhonest,U_final,0.13112745098039216,0.1134728411476542,0.14878206081313014,tau0.4_k2_lam0.7_R24,0.4,2.0,0.7,24,0.75,main,A_own0,1224,+
attenuatedxhonest-honestxhonest,A_transp_err,0.026402600113666897,0.022271681927376427,0.030533518299957367,tau0.4_k2_lam0.7_R24,0.4,2.0,0.7,24,0.75,main,A_own0,1224,+
attenuatedxhonest-honestxhonest,B_p_truth,-0.019681367734648254,-0.025903071783638588,-0.01345966368565792,tau0.4_k2_lam0.7_R24,0.4,2.0,0.7,24,0.75,main,A_own0,1224,-
attenuatedxhonest-honestxhonest,A_own0,0.0,0.0,0.0,tau0.4_k2_lam0.7_R24,0.4,2.0,0.7,24,0.75,main,A_own0,1224,0
costlyxhonest-attenuatedxhonest,nonc_A,0.23925,0.22477622811474862,0.25372377188525136,tau0.4_k2_lam0.85_R12,0.4,2.0,0.85,12,0.75,main,all,2000,+
costlyxhonest-attenuatedxhonest,A_dbelief,0.11478818277851559,0.10840348877632487,0.1211728767807063,tau0.4_k2_lam0.85_R12,0.4,2.0,0.85,12,0.75,main,all,2000,+
costlyxhonest-attenuatedxhonest,A_hidden_shift,0.08927241524726477,0.082634972515789,0.09590985797874055,tau0.4_k2_lam0.85_R12,0.4,2.0,0.85,12,0.75,main,all,2000,+
costlyxhonest-attenuatedxhonest,A_p_truth,0.08379571096992688,0.0764728419840047,0.09111857995584907,tau0.4_k2_lam0.85_R12,0.4,2.0,0.85,12,0.75,main,all,2000,+
costlyxhonest-attenuatedxhonest,B_pC_true,0.0735033448119053,0.058432075177391164,0.08857461444641945,tau0.4_k2_lam0.85_R12,0.4,2.0,0.85,12,0.75,main,all,2000,+
costlyxhonest-attenuatedxhonest,B_pW_true,-0.129214093928637,-0.1425155079389523,-0.11591267991832171,tau0.4_k2_lam0.85_R12,0.4,2.0,0.85,12,0.75,main,all,2000,-
costlyxhonest-attenuatedxhonest,nonc_B,-0.00825,-0.013259222664830636,-0.0032407773351693656,tau0.4_k2_lam0.85_R12,0.4,2.0,0.85,12,0.75,main,all,2000,-
costlyxhonest-attenuatedxhonest,U_final,0.1345,0.117357772146308,0.15164222785369202,tau0.4_k2_lam0.85_R12,0.4,2.0,0.85,12,0.75,main,all,2000,+
costlyxhonest-attenuatedxhonest,A_transp_err,-0.0010484906658319196,-0.004142055737020273,0.002045074405356434,tau0.4_k2_lam0.85_R12,0.4,2.0,0.85,12,0.75,main,all,2000,0
costlyxhonest-attenuatedxhonest,B_p_truth,0.00842430975142656,0.003801925383728301,0.013046694119124819,tau0.4_k2_lam0.85_R12,0.4,2.0,0.85,12,0.75,main,all,2000,+
costlyxhonest-attenuatedxhonest,A_own0,0.0,0.0,0.0,tau0.4_k2_lam0.85_R12,0.4,2.0,0.85,12,0.75,main,all,2000,0
costlyxhonest-attenuatedxhonest,nonc_A,0.017565359477124183,0.012163078820177272,0.022967640134071092,tau0.4_k2_lam0.85_R12,0.4,2.0,0.85,12,0.75,main,A_own0,1224,+
costlyxhonest-attenuatedxhonest,A_dbelief,0.11758703367443699,0.10815532159505496,0.12701874575381902,tau0.4_k2_lam0.85_R12,0.4,2.0,0.85,12,0.75,main,A_own0,1224,+
costlyxhonest-attenuatedxhonest,A_hidden_shift,0.09732336766178962,0.08808450385498655,0.10656223146859269,tau0.4_k2_lam0.85_R12,0.4,2.0,0.85,12,0.75,main,A_own0,1224,+
costlyxhonest-attenuatedxhonest,A_p_truth,0.07668927089297777,0.0660028802259287,0.08737566156002682,tau0.4_k2_lam0.85_R12,0.4,2.0,0.85,12,0.75,main,A_own0,1224,+
costlyxhonest-attenuatedxhonest,B_pC_true,0.05859682773774983,0.04303243345510969,0.07416122202038997,tau0.4_k2_lam0.85_R12,0.4,2.0,0.85,12,0.75,main,A_own0,1224,+
costlyxhonest-attenuatedxhonest,B_pW_true,-0.2066214316550519,-0.22568623907402885,-0.18755662423607494,tau0.4_k2_lam0.85_R12,0.4,2.0,0.85,12,0.75,main,A_own0,1224,-
costlyxhonest-attenuatedxhonest,nonc_B,0.0022467320261437907,-0.003486035542732009,0.00797949959501959,tau0.4_k2_lam0.85_R12,0.4,2.0,0.85,12,0.75,main,A_own0,1224,0
costlyxhonest-attenuatedxhonest,U_final,-0.011642156862745098,-0.025448018663270806,0.002163704937780609,tau0.4_k2_lam0.85_R12,0.4,2.0,0.85,12,0.75,main,A_own0,1224,0
costlyxhonest-attenuatedxhonest,A_transp_err,-0.01568707185062757,-0.019729421179993392,-0.011644722521261747,tau0.4_k2_lam0.85_R12,0.4,2.0,0.85,12,0.75,main,A_own0,1224,-
costlyxhonest-attenuatedxhonest,B_p_truth,0.015488749193410381,0.009850433733726351,0.021127064653094413,tau0.4_k2_lam0.85_R12,0.4,2.0,0.85,12,0.75,main,A_own0,1224,+
costlyxhonest-attenuatedxhonest,A_own0,0.0,0.0,0.0,tau0.4_k2_lam0.85_R12,0.4,2.0,0.85,12,0.75,main,A_own0,1224,0
costlyxhonest-honestxhonest,nonc_A,0.303375,0.2876760843092769,0.31907391569072313,tau0.4_k2_lam0.85_R12,0.4,2.0,0.85,12,0.75,main,all,2000,+
costlyxhonest-honestxhonest,A_dbelief,0.017733493020860313,0.01493814359351114,0.020528842448209485,tau0.4_k2_lam0.85_R12,0.4,2.0,0.85,12,0.75,main,all,2000,+
costlyxhonest-honestxhonest,A_hidden_shift,0.05946306734744408,0.052742012465072124,0.06618412222981604,tau0.4_k2_lam0.85_R12,0.4,2.0,0.85,12,0.75,main,all,2000,+
costlyxhonest-honestxhonest,A_p_truth,0.016318056243244526,0.01296638560700551,0.019669726879483544,tau0.4_k2_lam0.85_R12,0.4,2.0,0.85,12,0.75,main,all,2000,+
costlyxhonest-honestxhonest,B_pC_true,0.02726756798972895,0.013674441876298706,0.04086069410315919,tau0.4_k2_lam0.85_R12,0.4,2.0,0.85,12,0.75,main,all,2000,+
costlyxhonest-honestxhonest,B_pW_true,-0.022076566902718094,-0.02602680111694385,-0.018126332688492338,tau0.4_k2_lam0.85_R12,0.4,2.0,0.85,12,0.75,main,all,2000,-
costlyxhonest-honestxhonest,nonc_B,-0.009625,-0.013374000985822202,-0.005875999014177797,tau0.4_k2_lam0.85_R12,0.4,2.0,0.85,12,0.75,main,all,2000,-
costlyxhonest-honestxhonest,U_final,0.20775,0.19069247141023074,0.22480752858976924,tau0.4_k2_lam0.85_R12,0.4,2.0,0.85,12,0.75,main,all,2000,+
costlyxhonest-honestxhonest,A_transp_err,0.013066497429258615,0.01045156454342834,0.01568143031508889,tau0.4_k2_lam0.85_R12,0.4,2.0,0.85,12,0.75,main,all,2000,+
costlyxhonest-honestxhonest,B_p_truth,-0.0018390438110297649,-0.0047534840446600566,0.0010753964226005268,tau0.4_k2_lam0.85_R12,0.4,2.0,0.85,12,0.75,main,all,2000,0
costlyxhonest-honestxhonest,A_own0,0.0,0.0,0.0,tau0.4_k2_lam0.85_R12,0.4,2.0,0.85,12,0.75,main,all,2000,0
costlyxhonest-honestxhonest,nonc_A,0.0886437908496732,0.07683024379625011,0.1004573379030963,tau0.4_k2_lam0.85_R12,0.4,2.0,0.85,12,0.75,main,A_own0,1224,+
costlyxhonest-honestxhonest,A_dbelief,0.012120173781109843,0.008791789567336776,0.01544855799488291,tau0.4_k2_lam0.85_R12,0.4,2.0,0.85,12,0.75,main,A_own0,1224,+
costlyxhonest-honestxhonest,A_hidden_shift,0.06213958229333887,0.052364279433030896,0.07191488515364684,tau0.4_k2_lam0.85_R12,0.4,2.0,0.85,12,0.75,main,A_own0,1224,+
costlyxhonest-honestxhonest,A_p_truth,0.01095368404333651,0.007446491817957677,0.014460876268715343,tau0.4_k2_lam0.85_R12,0.4,2.0,0.85,12,0.75,main,A_own0,1224,+
costlyxhonest-honestxhonest,B_pC_true,0.0630420991666404,0.04704320990100207,0.07904098843227873,tau0.4_k2_lam0.85_R12,0.4,2.0,0.85,12,0.75,main,A_own0,1224,+
costlyxhonest-honestxhonest,B_pW_true,-0.015783608466320702,-0.020542146997777542,-0.011025069934863862,tau0.4_k2_lam0.85_R12,0.4,2.0,0.85,12,0.75,main,A_own0,1224,-
costlyxhonest-honestxhonest,nonc_B,-0.009395424836601307,-0.013283921732774488,-0.005506927940428126,tau0.4_k2_lam0.85_R12,0.4,2.0,0.85,12,0.75,main,A_own0,1224,-
costlyxhonest-honestxhonest,U_final,0.0915032679738562,0.07493232057306355,0.10807421537464885,tau0.4_k2_lam0.85_R12,0.4,2.0,0.85,12,0.75,main,A_own0,1224,+
costlyxhonest-honestxhonest,A_transp_err,0.008507459708421337,0.005240130320214621,0.011774789096628054,tau0.4_k2_lam0.85_R12,0.4,2.0,0.85,12,0.75,main,A_own0,1224,+
costlyxhonest-honestxhonest,B_p_truth,0.0024602260433537293,-0.0001522388893042282,0.005072690976011687,tau0.4_k2_lam0.85_R12,0.4,2.0,0.85,12,0.75,main,A_own0,1224,0
costlyxhonest-honestxhonest,A_own0,0.0,0.0,0.0,tau0.4_k2_lam0.85_R12,0.4,2.0,0.85,12,0.75,main,A_own0,1224,0
attenuatedxhonest-honestxhonest,nonc_A,0.064125,0.05549057807328689,0.07275942192671311,tau0.4_k2_lam0.85_R12,0.4,2.0,0.85,12,0.75,main,all,2000,+
attenuatedxhonest-honestxhonest,A_dbelief,-0.0970546897576553,-0.1025726433367756,-0.091536736178535,tau0.4_k2_lam0.85_R12,0.4,2.0,0.85,12,0.75,main,all,2000,-
attenuatedxhonest-honestxhonest,A_hidden_shift,-0.029809347899820683,-0.03425289378859868,-0.025365802011042687,tau0.4_k2_lam0.85_R12,0.4,2.0,0.85,12,0.75,main,all,2000,-
attenuatedxhonest-honestxhonest,A_p_truth,-0.06747765472668237,-0.07381859391313876,-0.06113671554022596,tau0.4_k2_lam0.85_R12,0.4,2.0,0.85,12,0.75,main,all,2000,-
attenuatedxhonest-honestxhonest,B_pC_true,-0.04623577682217636,-0.05757588052774942,-0.0348956731166033,tau0.4_k2_lam0.85_R12,0.4,2.0,0.85,12,0.75,main,all,2000,-
attenuatedxhonest-honestxhonest,B_pW_true,0.10713752702591887,0.09430681855604262,0.11996823549579513,tau0.4_k2_lam0.85_R12,0.4,2.0,0.85,12,0.75,main,all,2000,+
attenuatedxhonest-honestxhonest,nonc_B,-0.001375,-0.006220398067105977,0.003470398067105978,tau0.4_k2_lam0.85_R12,0.4,2.0,0.85,12,0.75,main,all,2000,0
attenuatedxhonest-honestxhonest,U_final,0.07325,0.061723514955601626,0.08477648504439837,tau0.4_k2_lam0.85_R12,0.4,2.0,0.85,12,0.75,main,all,2000,+
attenuatedxhonest-honestxhonest,A_transp_err,0.014114988095090533,0.011037798758468352,0.017192177431712714,tau0.4_k2_lam0.85_R12,0.4,2.0,0.85,12,0.75,main,all,2000,+
attenuatedxhonest-honestxhonest,B_p_truth,-0.010263353562456324,-0.014667422104673759,-0.005859285020238889,tau0.4_k2_lam0.85_R12,0.4,2.0,0.85,12,0.75,main,all,2000,-
attenuatedxhonest-honestxhonest,A_own0,0.0,0.0,0.0,tau0.4_k2_lam0.85_R12,0.4,2.0,0.85,12,0.75,main,all,2000,0
attenuatedxhonest-honestxhonest,nonc_A,0.07107843137254902,0.059312878466139515,0.08284398427895852,tau0.4_k2_lam0.85_R12,0.4,2.0,0.85,12,0.75,main,A_own0,1224,+
attenuatedxhonest-honestxhonest,A_dbelief,-0.10546685989332716,-0.11351545024518261,-0.0974182695414717,tau0.4_k2_lam0.85_R12,0.4,2.0,0.85,12,0.75,main,A_own0,1224,-
attenuatedxhonest-honestxhonest,A_hidden_shift,-0.03518378536845075,-0.04073312058292702,-0.029634450153974486,tau0.4_k2_lam0.85_R12,0.4,2.0,0.85,12,0.75,main,A_own0,1224,-
attenuatedxhonest-honestxhonest,A_p_truth,-0.06573558684964126,-0.07504382433477177,-0.05642734936451075,tau0.4_k2_lam0.85_R12,0.4,2.0,0.85,12,0.75,main,A_own0,1224,-
attenuatedxhonest-honestxhonest,B_pC_true,0.004445271428890571,-0.009868786288155938,0.01875932914593708,tau0.4_k2_lam0.85_R12,0.4,2.0,0.85,12,0.75,main,A_own0,1224,0
attenuatedxhonest-honestxhonest,B_pW_true,0.19083782318873121,0.17291848704304325,0.20875715933441918,tau0.4_k2_lam0.85_R12,0.4,2.0,0.85,12,0.75,main,A_own0,1224,+
attenuatedxhonest-honestxhonest,nonc_B,-0.011642156862745098,-0.01817819979712887,-0.0051061139283613294,tau0.4_k2_lam0.85_R12,0.4,2.0,0.85,12,0.75,main,A_own0,1224,-
attenuatedxhonest-honestxhonest,U_final,0.1031454248366013,0.08568548317708304,0.12060536649611957,tau0.4_k2_lam0.85_R12,0.4,2.0,0.85,12,0.75,main,A_own0,1224,+
attenuatedxhonest-honestxhonest,A_transp_err,0.024194531559048903,0.01943021362585712,0.028958849492240684,tau0.4_k2_lam0.85_R12,0.4,2.0,0.85,12,0.75,main,A_own0,1224,+
attenuatedxhonest-honestxhonest,B_p_truth,-0.013028523150056653,-0.01933182576137962,-0.006725220538733686,tau0.4_k2_lam0.85_R12,0.4,2.0,0.85,12,0.75,main,A_own0,1224,-
attenuatedxhonest-honestxhonest,A_own0,0.0,0.0,0.0,tau0.4_k2_lam0.85_R12,0.4,2.0,0.85,12,0.75,main,A_own0,1224,0
costlyxhonest-attenuatedxhonest,nonc_A,0.2255,0.21112930940510907,0.23987069059489094,tau0.4_k2_lam0.85_R24,0.4,2.0,0.85,24,0.75,main,all,2000,+
costlyxhonest-attenuatedxhonest,A_dbelief,0.12377230383403466,0.11670278982033395,0.13084181784773535,tau0.4_k2_lam0.85_R24,0.4,2.0,0.85,24,0.75,main,all,2000,+
costlyxhonest-attenuatedxhonest,A_hidden_shift,0.07217202651334341,0.0655164031072847,0.07882764991940212,tau0.4_k2_lam0.85_R24,0.4,2.0,0.85,24,0.75,main,all,2000,+
costlyxhonest-attenuatedxhonest,A_p_truth,0.0894845869248748,0.08141392376071668,0.09755525008903293,tau0.4_k2_lam0.85_R24,0.4,2.0,0.85,24,0.75,main,all,2000,+
costlyxhonest-attenuatedxhonest,B_pC_true,0.12257890195687651,0.10550213432758586,0.13965566958616715,tau0.4_k2_lam0.85_R24,0.4,2.0,0.85,24,0.75,main,all,2000,+
costlyxhonest-attenuatedxhonest,B_pW_true,-0.15085531773501146,-0.16552641458950998,-0.13618422088051294,tau0.4_k2_lam0.85_R24,0.4,2.0,0.85,24,0.75,main,all,2000,-
costlyxhonest-attenuatedxhonest,nonc_B,0.009625,0.0031876013842570697,0.01606239861574293,tau0.4_k2_lam0.85_R24,0.4,2.0,0.85,24,0.75,main,all,2000,+
costlyxhonest-attenuatedxhonest,U_final,0.07625,0.06089118672153798,0.09160881327846201,tau0.4_k2_lam0.85_R24,0.4,2.0,0.85,24,0.75,main,all,2000,+
costlyxhonest-attenuatedxhonest,A_transp_err,-0.012961076947073784,-0.01710929175154644,-0.00881286214260113,tau0.4_k2_lam0.85_R24,0.4,2.0,0.85,24,0.75,main,all,2000,-
costlyxhonest-attenuatedxhonest,B_p_truth,0.024533274991070157,0.017923688785230953,0.03114286119690936,tau0.4_k2_lam0.85_R24,0.4,2.0,0.85,24,0.75,main,all,2000,+
costlyxhonest-attenuatedxhonest,A_own0,0.0,0.0,0.0,tau0.4_k2_lam0.85_R24,0.4,2.0,0.85,24,0.75,main,all,2000,0
costlyxhonest-attenuatedxhonest,nonc_A,0.009395424836601307,0.0036157048837887895,0.015175144789413824,tau0.4_k2_lam0.85_R24,0.4,2.0,0.85,24,0.75,main,A_own0,1224,+
costlyxhonest-attenuatedxhonest,A_dbelief,0.13017225314264202,0.11957260545996122,0.14077190082532284,tau0.4_k2_lam0.85_R24,0.4,2.0,0.85,24,0.75,main,A_own0,1224,+
costlyxhonest-attenuatedxhonest,A_hidden_shift,0.0825711310640166,0.07312830638898445,0.09201395573904876,tau0.4_k2_lam0.85_R24,0.4,2.0,0.85,24,0.75,main,A_own0,1224,+
costlyxhonest-attenuatedxhonest,A_p_truth,0.08472910425278361,0.0726937168474611,0.09676449165810612,tau0.4_k2_lam0.85_R24,0.4,2.0,0.85,24,0.75,main,A_own0,1224,+
costlyxhonest-attenuatedxhonest,B_pC_true,0.056662602732076385,0.03673501991569547,0.0765901855484573,tau0.4_k2_lam0.85_R24,0.4,2.0,0.85,24,0.75,main,A_own0,1224,+
costlyxhonest-attenuatedxhonest,B_pW_true,-0.240649948552134,-0.26164647180415007,-0.21965342530011794,tau0.4_k2_lam0.85_R24,0.4,2.0,0.85,24,0.75,main,A_own0,1224,-
costlyxhonest-attenuatedxhonest,nonc_B,0.028594771241830064,0.019875597635940604,0.03731394484771952,tau0.4_k2_lam0.85_R24,0.4,2.0,0.85,24,0.75,main,A_own0,1224,+
costlyxhonest-attenuatedxhonest,U_final,-0.01511437908496732,-0.03058143222705103,0.000352674057116387,tau0.4_k2_lam0.85_R24,0.4,2.0,0.85,24,0.75,main,A_own0,1224,0
costlyxhonest-attenuatedxhonest,A_transp_err,-0.02508653918731036,-0.03101298729346355,-0.01916009108115717,tau0.4_k2_lam0.85_R24,0.4,2.0,0.85,24,0.75,main,A_own0,1224,-
costlyxhonest-attenuatedxhonest,B_p_truth,0.03734534225869883,0.028103972205876675,0.046586712311520985,tau0.4_k2_lam0.85_R24,0.4,2.0,0.85,24,0.75,main,A_own0,1224,+
costlyxhonest-attenuatedxhonest,A_own0,0.0,0.0,0.0,tau0.4_k2_lam0.85_R24,0.4,2.0,0.85,24,0.75,main,A_own0,1224,0
costlyxhonest-honestxhonest,nonc_A,0.299375,0.28388180167671495,0.31486819832328505,tau0.4_k2_lam0.85_R24,0.4,2.0,0.85,24,0.75,main,all,2000,+
costlyxhonest-honestxhonest,A_dbelief,0.023007728496789764,0.019920325225103962,0.026095131768475565,tau0.4_k2_lam0.85_R24,0.4,2.0,0.85,24,0.75,main,all,2000,+
costlyxhonest-honestxhonest,A_hidden_shift,0.04667385034694999,0.04017901912540256,0.053168681568497425,tau0.4_k2_lam0.85_R24,0.4,2.0,0.85,24,0.75,main,all,2000,+
costlyxhonest-honestxhonest,A_p_truth,0.021123595668777244,0.01763093377685399,0.0246162575607005,tau0.4_k2_lam0.85_R24,0.4,2.0,0.85,24,0.75,main,all,2000,+
costlyxhonest-honestxhonest,B_pC_true,0.062092692108084865,0.047193488461376484,0.07699189575479325,tau0.4_k2_lam0.85_R24,0.4,2.0,0.85,24,0.75,main,all,2000,+
costlyxhonest-honestxhonest,B_pW_true,-0.01542322891162542,-0.019601956192414647,-0.011244501630836193,tau0.4_k2_lam0.85_R24,0.4,2.0,0.85,24,0.75,main,all,2000,-
costlyxhonest-honestxhonest,nonc_B,-0.002125,-0.005438818354035382,0.0011888183540353825,tau0.4_k2_lam0.85_R24,0.4,2.0,0.85,24,0.75,main,all,2000,0
costlyxhonest-honestxhonest,U_final,0.133625,0.11853507576579003,0.14871492423420996,tau0.4_k2_lam0.85_R24,0.4,2.0,0.85,24,0.75,main,all,2000,+
costlyxhonest-honestxhonest,A_transp_err,0.006758011278150613,0.004337474669943586,0.00917854788635764,tau0.4_k2_lam0.85_R24,0.4,2.0,0.85,24,0.75,main,all,2000,+
costlyxhonest-honestxhonest,B_p_truth,-0.0012597876005876224,-0.003922766471243748,0.0014031912700685032,tau0.4_k2_lam0.85_R24,0.4,2.0,0.85,24,0.75,main,all,2000,0
costlyxhonest-honestxhonest,A_own0,0.0,0.0,0.0,tau0.4_k2_lam0.85_R24,0.4,2.0,0.85,24,0.75,main,all,2000,0
costlyxhonest-honestxhonest,nonc_A,0.0959967320261438,0.08348804866814848,0.10850541538413912,tau0.4_k2_lam0.85_R24,0.4,2.0,0.85,24,0.75,main,A_own0,1224,+
costlyxhonest-honestxhonest,A_dbelief,0.01997806411040733,0.01585605915563982,0.02410006906517484,tau0.4_k2_lam0.85_R24,0.4,2.0,0.85,24,0.75,main,A_own0,1224,+
costlyxhonest-honestxhonest,A_hidden_shift,0.053927689605874324,0.04413671264487219,0.06371866656687646,tau0.4_k2_lam0.85_R24,0.4,2.0,0.85,24,0.75,main,A_own0,1224,+
costlyxhonest-honestxhonest,A_p_truth,0.01768497616657897,0.013161596676099091,0.02220835565705885,tau0.4_k2_lam0.85_R24,0.4,2.0,0.85,24,0.75,main,A_own0,1224,+
costlyxhonest-honestxhonest,B_pC_true,0.07745989094025595,0.05656411534954012,0.09835566653097177,tau0.4_k2_lam0.85_R24,0.4,2.0,0.85,24,0.75,main,A_own0,1224,+
costlyxhonest-honestxhonest,B_pW_true,-0.012005302721165794,-0.017226991918403274,-0.006783613523928314,tau0.4_k2_lam0.85_R24,0.4,2.0,0.85,24,0.75,main,A_own0,1224,-
costlyxhonest-honestxhonest,nonc_B,-0.0024509803921568627,-0.006649112663534989,0.0017471518792212632,tau0.4_k2_lam0.85_R24,0.4,2.0,0.85,24,0.75,main,A_own0,1224,0
costlyxhonest-honestxhonest,U_final,0.06515522875816994,0.049066366601059626,0.08124409091528026,tau0.4_k2_lam0.85_R24,0.4,2.0,0.85,24,0.75,main,A_own0,1224,+
costlyxhonest-honestxhonest,A_transp_err,0.006721609205575068,0.003480281339720215,0.00996293707142992,tau0.4_k2_lam0.85_R24,0.4,2.0,0.85,24,0.75,main,A_own0,1224,+
costlyxhonest-honestxhonest,B_p_truth,0.002897067694723838,-0.00040175464176806473,0.006195890031215741,tau0.4_k2_lam0.85_R24,0.4,2.0,0.85,24,0.75,main,A_own0,1224,0
costlyxhonest-honestxhonest,A_own0,0.0,0.0,0.0,tau0.4_k2_lam0.85_R24,0.4,2.0,0.85,24,0.75,main,A_own0,1224,0
attenuatedxhonest-honestxhonest,nonc_A,0.073875,0.06508566810473727,0.08266433189526272,tau0.4_k2_lam0.85_R24,0.4,2.0,0.85,24,0.75,main,all,2000,+
attenuatedxhonest-honestxhonest,A_dbelief,-0.10076457533724488,-0.10667264610524728,-0.09485650456924248,tau0.4_k2_lam0.85_R24,0.4,2.0,0.85,24,0.75,main,all,2000,-
attenuatedxhonest-honestxhonest,A_hidden_shift,-0.025498176166393414,-0.02995098989191507,-0.021045362440871757,tau0.4_k2_lam0.85_R24,0.4,2.0,0.85,24,0.75,main,all,2000,-
attenuatedxhonest-honestxhonest,A_p_truth,-0.06836099125609758,-0.07515970476935384,-0.06156227774284133,tau0.4_k2_lam0.85_R24,0.4,2.0,0.85,24,0.75,main,all,2000,-
attenuatedxhonest-honestxhonest,B_pC_true,-0.06048620984879164,-0.07563610129761318,-0.0453363183999701,tau0.4_k2_lam0.85_R24,0.4,2.0,0.85,24,0.75,main,all,2000,-
attenuatedxhonest-honestxhonest,B_pW_true,0.13543208882338603,0.12104185641173049,0.14982232123504158,tau0.4_k2_lam0.85_R24,0.4,2.0,0.85,24,0.75,main,all,2000,+
attenuatedxhonest-honestxhonest,nonc_B,-0.01175,-0.018203920211239562,-0.005296079788760438,tau0.4_k2_lam0.85_R24,0.4,2.0,0.85,24,0.75,main,all,2000,-
attenuatedxhonest-honestxhonest,U_final,0.057375,0.0459391178220439,0.06881088217795611,tau0.4_k2_lam0.85_R24,0.4,2.0,0.85,24,0.75,main,all,2000,+
attenuatedxhonest-honestxhonest,A_transp_err,0.019719088225224397,0.015710294056526245,0.02372788239392255,tau0.4_k2_lam0.85_R24,0.4,2.0,0.85,24,0.75,main,all,2000,+
attenuatedxhonest-honestxhonest,B_p_truth,-0.02579306259165778,-0.032496979484495425,-0.019089145698820132,tau0.4_k2_lam0.85_R24,0.4,2.0,0.85,24,0.75,main,all,2000,-
attenuatedxhonest-honestxhonest,A_own0,0.0,0.0,0.0,tau0.4_k2_lam0.85_R24,0.4,2.0,0.85,24,0.75,main,all,2000,0
attenuatedxhonest-honestxhonest,nonc_A,0.08660130718954248,0.07423708254887833,0.09896553183020664,tau0.4_k2_lam0.85_R24,0.4,2.0,0.85,24,0.75,main,A_own0,1224,+
attenuatedxhonest-honestxhonest,A_dbelief,-0.11019418903223469,-0.11882566718037471,-0.10156271088409466,tau0.4_k2_lam0.85_R24,0.4,2.0,0.85,24,0.75,main,A_own0,1224,-
attenuatedxhonest-honestxhonest,A_hidden_shift,-0.028643441458142283,-0.034321880343779775,-0.022965002572504792,tau0.4_k2_lam0.85_R24,0.4,2.0,0.85,24,0.75,main,A_own0,1224,-
attenuatedxhonest-honestxhonest,A_p_truth,-0.06704412808620464,-0.07705847304936803,-0.05702978312304125,tau0.4_k2_lam0.85_R24,0.4,2.0,0.85,24,0.75,main,A_own0,1224,-
attenuatedxhonest-honestxhonest,B_pC_true,0.020797288208179564,0.00221598069273549,0.039378595723623636,tau0.4_k2_lam0.85_R24,0.4,2.0,0.85,24,0.75,main,A_own0,1224,+
attenuatedxhonest-honestxhonest,B_pW_true,0.22864464583096825,0.20847783073093865,0.24881146093099785,tau0.4_k2_lam0.85_R24,0.4,2.0,0.85,24,0.75,main,A_own0,1224,+
attenuatedxhonest-honestxhonest,nonc_B,-0.03104575163398693,-0.039866767531629675,-0.022224735736344182,tau0.4_k2_lam0.85_R24,0.4,2.0,0.85,24,0.75,main,A_own0,1224,-
attenuatedxhonest-honestxhonest,U_final,0.08026960784313726,0.06260795184140648,0.09793126384486804,tau0.4_k2_lam0.85_R24,0.4,2.0,0.85,24,0.75,main,A_own0,1224,+
attenuatedxhonest-honestxhonest,A_transp_err,0.03180814839288543,0.02577516531909203,0.03784113146667883,tau0.4_k2_lam0.85_R24,0.4,2.0,0.85,24,0.75,main,A_own0,1224,+
attenuatedxhonest-honestxhonest,B_p_truth,-0.03444827456397499,-0.044239811711905906,-0.02465673741604408,tau0.4_k2_lam0.85_R24,0.4,2.0,0.85,24,0.75,main,A_own0,1224,-
attenuatedxhonest-honestxhonest,A_own0,0.0,0.0,0.0,tau0.4_k2_lam0.85_R24,0.4,2.0,0.85,24,0.75,main,A_own0,1224,0
costlyxhonest-attenuatedxhonest,nonc_A,0.1885,0.17431823828353152,0.20268176171646848,rho0.65_default,0.2,2.0,0.7,12,0.65,extra_rho,all,2000,+
costlyxhonest-attenuatedxhonest,A_dbelief,0.14317271312000723,0.1383920444445507,0.14795338179546377,rho0.65_default,0.2,2.0,0.7,12,0.65,extra_rho,all,2000,+
costlyxhonest-attenuatedxhonest,A_hidden_shift,0.1482907883235388,0.14315671025026167,0.15342486639681596,rho0.65_default,0.2,2.0,0.7,12,0.65,extra_rho,all,2000,+
costlyxhonest-attenuatedxhonest,A_p_truth,0.07978674846202344,0.07270121304121505,0.08687228388283183,rho0.65_default,0.2,2.0,0.7,12,0.65,extra_rho,all,2000,+
costlyxhonest-attenuatedxhonest,B_pC_true,0.12853095471197412,0.11359139454794354,0.1434705148760047,rho0.65_default,0.2,2.0,0.7,12,0.65,extra_rho,all,2000,+
costlyxhonest-attenuatedxhonest,B_pW_true,-0.41195543225667713,-0.43167140925439734,-0.3922394552589569,rho0.65_default,0.2,2.0,0.7,12,0.65,extra_rho,all,2000,-
costlyxhonest-attenuatedxhonest,nonc_B,-0.006625,-0.014015925705139338,0.0007659257051393382,rho0.65_default,0.2,2.0,0.7,12,0.65,extra_rho,all,2000,0
costlyxhonest-attenuatedxhonest,U_final,0.244625,0.22546303318096791,0.2637869668190321,rho0.65_default,0.2,2.0,0.7,12,0.65,extra_rho,all,2000,+
costlyxhonest-attenuatedxhonest,A_transp_err,0.004835050497637973,0.0017103923549885965,0.00795970864028735,rho0.65_default,0.2,2.0,0.7,12,0.65,extra_rho,all,2000,+
costlyxhonest-attenuatedxhonest,B_p_truth,0.014422937907147585,0.00997988401975898,0.01886599179453619,rho0.65_default,0.2,2.0,0.7,12,0.65,extra_rho,all,2000,+
costlyxhonest-attenuatedxhonest,A_own0,0.0,0.0,0.0,rho0.65_default,0.2,2.0,0.7,12,0.65,extra_rho,all,2000,0
costlyxhonest-attenuatedxhonest,nonc_A,0.0018782870022539444,3.1218953283496803e-06,0.003753452109179539,rho0.65_default,0.2,2.0,0.7,12,0.65,extra_rho,A_own0,1331,+
costlyxhonest-attenuatedxhonest,A_dbelief,0.12432927165825208,0.11806781242025548,0.13059073089624867,rho0.65_default,0.2,2.0,0.7,12,0.65,extra_rho,A_own0,1331,+
costlyxhonest-attenuatedxhonest,A_hidden_shift,0.12364069643255561,0.11736611782651481,0.1299152750385964,rho0.65_default,0.2,2.0,0.7,12,0.65,extra_rho,A_own0,1331,+
costlyxhonest-attenuatedxhonest,A_p_truth,0.057475854673815434,0.048853654315211104,0.06609805503241976,rho0.65_default,0.2,2.0,0.7,12,0.65,extra_rho,A_own0,1331,+
costlyxhonest-attenuatedxhonest,B_pC_true,0.061480185333023206,0.05304240856101423,0.06991796210503219,rho0.65_default,0.2,2.0,0.7,12,0.65,extra_rho,A_own0,1331,+
costlyxhonest-attenuatedxhonest,B_pW_true,-0.4962228037601418,-0.5196308677975768,-0.47281473972270666,rho0.65_default,0.2,2.0,0.7,12,0.65,extra_rho,A_own0,1331,-
costlyxhonest-attenuatedxhonest,nonc_B,0.013335837716003005,0.0051568732197907145,0.021514802212215293,rho0.65_default,0.2,2.0,0.7,12,0.65,extra_rho,A_own0,1331,+
costlyxhonest-attenuatedxhonest,U_final,0.03399699474079639,0.023564865695248596,0.044429123786344185,rho0.65_default,0.2,2.0,0.7,12,0.65,extra_rho,A_own0,1331,+
costlyxhonest-attenuatedxhonest,A_transp_err,-0.0062057605873072135,-0.009402953082007517,-0.003008568092606909,rho0.65_default,0.2,2.0,0.7,12,0.65,extra_rho,A_own0,1331,-
costlyxhonest-attenuatedxhonest,B_p_truth,0.01740932582552912,0.012116317870609721,0.02270233378044852,rho0.65_default,0.2,2.0,0.7,12,0.65,extra_rho,A_own0,1331,+
costlyxhonest-attenuatedxhonest,A_own0,0.0,0.0,0.0,rho0.65_default,0.2,2.0,0.7,12,0.65,extra_rho,A_own0,1331,0
costlyxhonest-honestxhonest,nonc_A,0.30825,0.29093295361218324,0.3255670463878168,rho0.65_default,0.2,2.0,0.7,12,0.65,extra_rho,all,2000,+
costlyxhonest-honestxhonest,A_dbelief,0.025497590095711474,0.022943224380248452,0.028051955811174496,rho0.65_default,0.2,2.0,0.7,12,0.65,extra_rho,all,2000,+
costlyxhonest-honestxhonest,A_hidden_shift,0.09988135955730461,0.0935524404454799,0.10621027866912931,rho0.65_default,0.2,2.0,0.7,12,0.65,extra_rho,all,2000,+
costlyxhonest-honestxhonest,A_p_truth,0.020266168705150512,0.017525716915999842,0.023006620494301182,rho0.65_default,0.2,2.0,0.7,12,0.65,extra_rho,all,2000,+
costlyxhonest-honestxhonest,B_pC_true,0.021249329120907816,0.008303445054290056,0.034195213187525574,rho0.65_default,0.2,2.0,0.7,12,0.65,extra_rho,all,2000,+
costlyxhonest-honestxhonest,B_pW_true,-0.03877418259896827,-0.04520632118412425,-0.032342044013812285,rho0.65_default,0.2,2.0,0.7,12,0.65,extra_rho,all,2000,-
costlyxhonest-honestxhonest,nonc_B,-0.004375,-0.0072786141574058254,-0.001471385842594175,rho0.65_default,0.2,2.0,0.7,12,0.65,extra_rho,all,2000,-
costlyxhonest-honestxhonest,U_final,0.363875,0.34355701212464307,0.38419298787535694,rho0.65_default,0.2,2.0,0.7,12,0.65,extra_rho,all,2000,+
costlyxhonest-honestxhonest,A_transp_err,0.011725094656929546,0.009131234800046198,0.014318954513812893,rho0.65_default,0.2,2.0,0.7,12,0.65,extra_rho,all,2000,+
costlyxhonest-honestxhonest,B_p_truth,-0.004473290147566734,-0.006650691623319506,-0.0022958886718139637,rho0.65_default,0.2,2.0,0.7,12,0.65,extra_rho,all,2000,-
costlyxhonest-honestxhonest,A_own0,0.0,0.0,0.0,rho0.65_default,0.2,2.0,0.7,12,0.65,extra_rho,all,2000,0
costlyxhonest-honestxhonest,nonc_A,0.09541697971450037,0.08353957839582375,0.107294381033177,rho0.65_default,0.2,2.0,0.7,12,0.65,extra_rho,A_own0,1331,+
costlyxhonest-honestxhonest,A_dbelief,0.006365072668056278,0.004249361881671912,0.008480783454440644,rho0.65_default,0.2,2.0,0.7,12,0.65,extra_rho,A_own0,1331,+
costlyxhonest-honestxhonest,A_hidden_shift,0.06193386833080144,0.054426500616809245,0.06944123604479363,rho0.65_default,0.2,2.0,0.7,12,0.65,extra_rho,A_own0,1331,+
costlyxhonest-honestxhonest,A_p_truth,0.003941993061751562,0.0018075013212700544,0.006076484802233069,rho0.65_default,0.2,2.0,0.7,12,0.65,extra_rho,A_own0,1331,+
costlyxhonest-honestxhonest,B_pC_true,-0.020105702266540234,-0.0323933482754758,-0.007818056257604672,rho0.65_default,0.2,2.0,0.7,12,0.65,extra_rho,A_own0,1331,-
costlyxhonest-honestxhonest,B_pW_true,-0.018782845390680637,-0.024171298408311247,-0.013394392373050025,rho0.65_default,0.2,2.0,0.7,12,0.65,extra_rho,A_own0,1331,-
costlyxhonest-honestxhonest,nonc_B,-0.002253944402704733,-0.004580016150253697,7.212734484423038e-05,rho0.65_default,0.2,2.0,0.7,12,0.65,extra_rho,A_own0,1331,0
costlyxhonest-honestxhonest,U_final,0.1416228399699474,0.12439262200678064,0.15885305793311416,rho0.65_default,0.2,2.0,0.7,12,0.65,extra_rho,A_own0,1331,+
costlyxhonest-honestxhonest,A_transp_err,0.004876185026192554,0.002590229667687152,0.007162140384697957,rho0.65_default,0.2,2.0,0.7,12,0.65,extra_rho,A_own0,1331,+
costlyxhonest-honestxhonest,B_p_truth,0.000507422420756344,-0.0012613782322872167,0.0022762230737999045,rho0.65_default,0.2,2.0,0.7,12,0.65,extra_rho,A_own0,1331,0
costlyxhonest-honestxhonest,A_own0,0.0,0.0,0.0,rho0.65_default,0.2,2.0,0.7,12,0.65,extra_rho,A_own0,1331,0
attenuatedxhonest-honestxhonest,nonc_A,0.11975,0.10872736841069353,0.13077263158930647,rho0.65_default,0.2,2.0,0.7,12,0.65,extra_rho,all,2000,+
attenuatedxhonest-honestxhonest,A_dbelief,-0.11767512302429577,-0.12194553003459592,-0.11340471601399561,rho0.65_default,0.2,2.0,0.7,12,0.65,extra_rho,all,2000,-
attenuatedxhonest-honestxhonest,A_hidden_shift,-0.048409428766234185,-0.05250148546577243,-0.04431737206669594,rho0.65_default,0.2,2.0,0.7,12,0.65,extra_rho,all,2000,-
attenuatedxhonest-honestxhonest,A_p_truth,-0.059520579756872936,-0.06570662335487779,-0.05333453615886809,rho0.65_default,0.2,2.0,0.7,12,0.65,extra_rho,all,2000,-
attenuatedxhonest-honestxhonest,B_pC_true,-0.10728162559106627,-0.12165986280833505,-0.0929033883737975,rho0.65_default,0.2,2.0,0.7,12,0.65,extra_rho,all,2000,-
attenuatedxhonest-honestxhonest,B_pW_true,0.3731812496577088,0.3532803239418408,0.39308217537357687,rho0.65_default,0.2,2.0,0.7,12,0.65,extra_rho,all,2000,+
attenuatedxhonest-honestxhonest,nonc_B,0.00225,-0.005035527805705216,0.009535527805705215,rho0.65_default,0.2,2.0,0.7,12,0.65,extra_rho,all,2000,0
attenuatedxhonest-honestxhonest,U_final,0.11925,0.10447513817929553,0.13402486182070447,rho0.65_default,0.2,2.0,0.7,12,0.65,extra_rho,all,2000,+
attenuatedxhonest-honestxhonest,A_transp_err,0.006890044159291572,0.003976301377116355,0.009803786941466788,rho0.65_default,0.2,2.0,0.7,12,0.65,extra_rho,all,2000,+
attenuatedxhonest-honestxhonest,B_p_truth,-0.01889622805471432,-0.0234993091613142,-0.014293146948114442,rho0.65_default,0.2,2.0,0.7,12,0.65,extra_rho,all,2000,-
attenuatedxhonest-honestxhonest,A_own0,0.0,0.0,0.0,rho0.65_default,0.2,2.0,0.7,12,0.65,extra_rho,all,2000,0
attenuatedxhonest-honestxhonest,nonc_A,0.09353869271224644,0.08168667958778957,0.1053907058367033,rho0.65_default,0.2,2.0,0.7,12,0.65,extra_rho,A_own0,1331,+
attenuatedxhonest-honestxhonest,A_dbelief,-0.1179641989901958,-0.1237841836621107,-0.11214421431828091,rho0.65_default,0.2,2.0,0.7,12,0.65,extra_rho,A_own0,1331,-
attenuatedxhonest-honestxhonest,A_hidden_shift,-0.06170682810175418,-0.06671315176791706,-0.056700504435591305,rho0.65_default,0.2,2.0,0.7,12,0.65,extra_rho,A_own0,1331,-
attenuatedxhonest-honestxhonest,A_p_truth,-0.05353386161206387,-0.06164674613095897,-0.045420977093168766,rho0.65_default,0.2,2.0,0.7,12,0.65,extra_rho,A_own0,1331,-
attenuatedxhonest-honestxhonest,B_pC_true,-0.08158588759956345,-0.09594175379948443,-0.06723002139964247,rho0.65_default,0.2,2.0,0.7,12,0.65,extra_rho,A_own0,1331,-
attenuatedxhonest-honestxhonest,B_pW_true,0.4774399583694613,0.4544549026258391,0.5004250141130835,rho0.65_default,0.2,2.0,0.7,12,0.65,extra_rho,A_own0,1331,+
attenuatedxhonest-honestxhonest,nonc_B,-0.015589782118707738,-0.023790371912683392,-0.0073891923247320825,rho0.65_default,0.2,2.0,0.7,12,0.65,extra_rho,A_own0,1331,-
attenuatedxhonest-honestxhonest,U_final,0.10762584522915102,0.0882067609876047,0.12704492947069734,rho0.65_default,0.2,2.0,0.7,12,0.65,extra_rho,A_own0,1331,+
attenuatedxhonest-honestxhonest,A_transp_err,0.011081945613499768,0.007571882921679181,0.014592008305320354,rho0.65_default,0.2,2.0,0.7,12,0.65,extra_rho,A_own0,1331,+
attenuatedxhonest-honestxhonest,B_p_truth,-0.016901903404772774,-0.022409225700961044,-0.011394581108584503,rho0.65_default,0.2,2.0,0.7,12,0.65,extra_rho,A_own0,1331,-
attenuatedxhonest-honestxhonest,A_own0,0.0,0.0,0.0,rho0.65_default,0.2,2.0,0.7,12,0.65,extra_rho,A_own0,1331,0
costlyxhonest-attenuatedxhonest,nonc_A,0.4335,0.4125297301326579,0.45447026986734207,rho0.85_default,0.2,2.0,0.7,12,0.85,extra_rho,all,2000,+
costlyxhonest-attenuatedxhonest,A_dbelief,0.044916711319122705,0.03971054757697153,0.05012287506127388,rho0.85_default,0.2,2.0,0.7,12,0.85,extra_rho,all,2000,+
costlyxhonest-attenuatedxhonest,A_hidden_shift,0.045294855597823036,0.039791336846018176,0.050798374349627896,rho0.85_default,0.2,2.0,0.7,12,0.85,extra_rho,all,2000,+
costlyxhonest-attenuatedxhonest,A_p_truth,0.039779084696392034,0.034469843255202415,0.04508832613758165,rho0.85_default,0.2,2.0,0.7,12,0.85,extra_rho,all,2000,+
costlyxhonest-attenuatedxhonest,B_pC_true,0.036273564524890875,0.02831871805076163,0.04422841099902012,rho0.85_default,0.2,2.0,0.7,12,0.85,extra_rho,all,2000,+
costlyxhonest-attenuatedxhonest,B_pW_true,-0.020118671547669435,-0.025416085390298916,-0.014821257705039956,rho0.85_default,0.2,2.0,0.7,12,0.85,extra_rho,all,2000,-
costlyxhonest-attenuatedxhonest,nonc_B,-0.000125,-0.0023576077255371268,0.0021076077255371265,rho0.85_default,0.2,2.0,0.7,12,0.85,extra_rho,all,2000,0
costlyxhonest-attenuatedxhonest,U_final,0.340625,0.3198508167902679,0.36139918320973213,rho0.85_default,0.2,2.0,0.7,12,0.85,extra_rho,all,2000,+
costlyxhonest-attenuatedxhonest,A_transp_err,-0.0005271974157945145,-0.002083059606077158,0.001028664774488129,rho0.85_default,0.2,2.0,0.7,12,0.85,extra_rho,all,2000,0
costlyxhonest-attenuatedxhonest,B_p_truth,0.0032250646411690486,0.0008563460753394656,0.0055937832069986315,rho0.85_default,0.2,2.0,0.7,12,0.85,extra_rho,all,2000,+
costlyxhonest-attenuatedxhonest,A_own0,0.0,0.0,0.0,rho0.85_default,0.2,2.0,0.7,12,0.85,extra_rho,all,2000,0
costlyxhonest-attenuatedxhonest,nonc_A,0.006818181818181818,0.003822589259944889,0.009813774376418748,rho0.85_default,0.2,2.0,0.7,12,0.85,extra_rho,A_own0,1100,+
costlyxhonest-attenuatedxhonest,A_dbelief,0.05871516599503774,0.05005487327278835,0.06737545871728713,rho0.85_default,0.2,2.0,0.7,12,0.85,extra_rho,A_own0,1100,+
costlyxhonest-attenuatedxhonest,A_hidden_shift,0.055715948942839336,0.046695004950914346,0.06473689293476433,rho0.85_default,0.2,2.0,0.7,12,0.85,extra_rho,A_own0,1100,+
costlyxhonest-attenuatedxhonest,A_p_truth,0.05253320497510333,0.04373521202026885,0.06133119792993781,rho0.85_default,0.2,2.0,0.7,12,0.85,extra_rho,A_own0,1100,+
costlyxhonest-attenuatedxhonest,B_pC_true,0.05472830665501194,0.04236213631164884,0.06709447699837504,rho0.85_default,0.2,2.0,0.7,12,0.85,extra_rho,A_own0,1100,+
costlyxhonest-attenuatedxhonest,B_pW_true,-0.03662793228332712,-0.04561997191523084,-0.027635892651423404,rho0.85_default,0.2,2.0,0.7,12,0.85,extra_rho,A_own0,1100,-
costlyxhonest-attenuatedxhonest,nonc_B,0.003181818181818182,0.0006678291056870693,0.0056958072579492945,rho0.85_default,0.2,2.0,0.7,12,0.85,extra_rho,A_own0,1100,+
costlyxhonest-attenuatedxhonest,U_final,0.011590909090909091,0.004479423608079897,0.018702394573738283,rho0.85_default,0.2,2.0,0.7,12,0.85,extra_rho,A_own0,1100,+
costlyxhonest-attenuatedxhonest,A_transp_err,-0.009776838523378958,-0.012174195224892605,-0.00737948182186531,rho0.85_default,0.2,2.0,0.7,12,0.85,extra_rho,A_own0,1100,-
costlyxhonest-attenuatedxhonest,B_p_truth,0.005973153076066853,0.0027655435057834755,0.009180762646350229,rho0.85_default,0.2,2.0,0.7,12,0.85,extra_rho,A_own0,1100,+
costlyxhonest-attenuatedxhonest,A_own0,0.0,0.0,0.0,rho0.85_default,0.2,2.0,0.7,12,0.85,extra_rho,A_own0,1100,0
costlyxhonest-honestxhonest,nonc_A,0.474,0.4529042692914641,0.49509573070853585,rho0.85_default,0.2,2.0,0.7,12,0.85,extra_rho,all,2000,+
costlyxhonest-honestxhonest,A_dbelief,0.007047651168033392,0.005389455317019592,0.008705847019047194,rho0.85_default,0.2,2.0,0.7,12,0.85,extra_rho,all,2000,+
costlyxhonest-honestxhonest,A_hidden_shift,0.043655391977978825,0.037333353141138,0.04997743081481965,rho0.85_default,0.2,2.0,0.7,12,0.85,extra_rho,all,2000,+
costlyxhonest-honestxhonest,A_p_truth,0.005783015814104425,0.00393291347735184,0.00763311815085701,rho0.85_default,0.2,2.0,0.7,12,0.85,extra_rho,all,2000,+
costlyxhonest-honestxhonest,B_pC_true,0.011718536984725721,0.006281730549835011,0.017155343419616432,rho0.85_default,0.2,2.0,0.7,12,0.85,extra_rho,all,2000,+
costlyxhonest-honestxhonest,B_pW_true,-0.00960279111943613,-0.012466471966566355,-0.0067391102723059065,rho0.85_default,0.2,2.0,0.7,12,0.85,extra_rho,all,2000,-
costlyxhonest-honestxhonest,nonc_B,-0.001875,-0.0037555558839652593,5.555883965259467e-06,rho0.85_default,0.2,2.0,0.7,12,0.85,extra_rho,all,2000,0
costlyxhonest-honestxhonest,U_final,0.38325,0.36232942757175696,0.404170572428243,rho0.85_default,0.2,2.0,0.7,12,0.85,extra_rho,all,2000,+
costlyxhonest-honestxhonest,A_transp_err,0.005669855827678576,0.004966327972045992,0.006373383683311161,rho0.85_default,0.2,2.0,0.7,12,0.85,extra_rho,all,2000,+
costlyxhonest-honestxhonest,B_p_truth,-0.00016148816781758678,-0.0017875145787039754,0.0014645382430688017,rho0.85_default,0.2,2.0,0.7,12,0.85,extra_rho,all,2000,0
costlyxhonest-honestxhonest,A_own0,0.0,0.0,0.0,rho0.85_default,0.2,2.0,0.7,12,0.85,extra_rho,all,2000,0
costlyxhonest-honestxhonest,nonc_A,0.08204545454545455,0.06670729479267523,0.09738361429823386,rho0.85_default,0.2,2.0,0.7,12,0.85,extra_rho,A_own0,1100,+
costlyxhonest-honestxhonest,A_dbelief,0.009823704594454112,0.0076491403891598,0.011998268799748423,rho0.85_default,0.2,2.0,0.7,12,0.85,extra_rho,A_own0,1100,+
costlyxhonest-honestxhonest,A_hidden_shift,0.056343422959412186,0.04529046394974102,0.06739638196908335,rho0.85_default,0.2,2.0,0.7,12,0.85,extra_rho,A_own0,1100,+
costlyxhonest-honestxhonest,A_p_truth,0.0097736464112432,0.007598293879076968,0.011948998943409431,rho0.85_default,0.2,2.0,0.7,12,0.85,extra_rho,A_own0,1100,+
costlyxhonest-honestxhonest,B_pC_true,0.01359695111435056,0.006465089423998261,0.02072881280470286,rho0.85_default,0.2,2.0,0.7,12,0.85,extra_rho,A_own0,1100,+
costlyxhonest-honestxhonest,B_pW_true,-0.01695717940380262,-0.02192291360576365,-0.011991445201841587,rho0.85_default,0.2,2.0,0.7,12,0.85,extra_rho,A_own0,1100,-
costlyxhonest-honestxhonest,nonc_B,-0.0006818181818181819,-0.0020181818181818183,0.0006545454545454547,rho0.85_default,0.2,2.0,0.7,12,0.85,extra_rho,A_own0,1100,0
costlyxhonest-honestxhonest,U_final,0.08454545454545455,0.06847584351096431,0.10061506557994479,rho0.85_default,0.2,2.0,0.7,12,0.85,extra_rho,A_own0,1100,+
costlyxhonest-honestxhonest,A_transp_err,0.0009329639032513628,0.0004571954210300797,0.0014087323854726458,rho0.85_default,0.2,2.0,0.7,12,0.85,extra_rho,A_own0,1100,+
costlyxhonest-honestxhonest,B_p_truth,0.0008260960937995388,-0.0006139196270297752,0.0022661118146288526,rho0.85_default,0.2,2.0,0.7,12,0.85,extra_rho,A_own0,1100,0
costlyxhonest-honestxhonest,A_own0,0.0,0.0,0.0,rho0.85_default,0.2,2.0,0.7,12,0.85,extra_rho,A_own0,1100,0
attenuatedxhonest-honestxhonest,nonc_A,0.0405,0.03213370719926599,0.04886629280073401,rho0.85_default,0.2,2.0,0.7,12,0.85,extra_rho,all,2000,+
attenuatedxhonest-honestxhonest,A_dbelief,-0.03786906015108932,-0.04206484792951615,-0.03367327237266249,rho0.85_default,0.2,2.0,0.7,12,0.85,extra_rho,all,2000,-
attenuatedxhonest-honestxhonest,A_hidden_shift,-0.001639463619844201,-0.0045177169062211265,0.0012387896665327245,rho0.85_default,0.2,2.0,0.7,12,0.85,extra_rho,all,2000,0
attenuatedxhonest-honestxhonest,A_p_truth,-0.033996068882287615,-0.03825607807049722,-0.02973605969407801,rho0.85_default,0.2,2.0,0.7,12,0.85,extra_rho,all,2000,-
attenuatedxhonest-honestxhonest,B_pC_true,-0.02455502754016515,-0.031149055587622352,-0.017960999492707946,rho0.85_default,0.2,2.0,0.7,12,0.85,extra_rho,all,2000,-
attenuatedxhonest-honestxhonest,B_pW_true,0.010515880428233305,0.005599113261921803,0.015432647594544806,rho0.85_default,0.2,2.0,0.7,12,0.85,extra_rho,all,2000,+
attenuatedxhonest-honestxhonest,nonc_B,-0.00175,-0.0033737413026430517,-0.0001262586973569482,rho0.85_default,0.2,2.0,0.7,12,0.85,extra_rho,all,2000,-
attenuatedxhonest-honestxhonest,U_final,0.042625,0.034111599946100336,0.05113840005389967,rho0.85_default,0.2,2.0,0.7,12,0.85,extra_rho,all,2000,+
attenuatedxhonest-honestxhonest,A_transp_err,0.006197053243473092,0.004716749492266886,0.007677356994679297,rho0.85_default,0.2,2.0,0.7,12,0.85,extra_rho,all,2000,+
attenuatedxhonest-honestxhonest,B_p_truth,-0.0033865528089866356,-0.005454419175916861,-0.0013186864420564105,rho0.85_default,0.2,2.0,0.7,12,0.85,extra_rho,all,2000,-
attenuatedxhonest-honestxhonest,A_own0,0.0,0.0,0.0,rho0.85_default,0.2,2.0,0.7,12,0.85,extra_rho,all,2000,0
attenuatedxhonest-honestxhonest,nonc_A,0.07522727272727273,0.06090094344912607,0.08955360200541938,rho0.85_default,0.2,2.0,0.7,12,0.85,extra_rho,A_own0,1100,+
attenuatedxhonest-honestxhonest,A_dbelief,-0.048891461400583626,-0.05588079137769375,-0.0419021314234735,rho0.85_default,0.2,2.0,0.7,12,0.85,extra_rho,A_own0,1100,-
attenuatedxhonest-honestxhonest,A_hidden_shift,0.0006274740165728454,-0.0035439265843134967,0.004798874617459188,rho0.85_default,0.2,2.0,0.7,12,0.85,extra_rho,A_own0,1100,0
attenuatedxhonest-honestxhonest,A_p_truth,-0.04275955856386013,-0.04988992855776804,-0.035629188569952217,rho0.85_default,0.2,2.0,0.7,12,0.85,extra_rho,A_own0,1100,-
attenuatedxhonest-honestxhonest,B_pC_true,-0.041131355540661385,-0.05279387672724285,-0.029468834354079917,rho0.85_default,0.2,2.0,0.7,12,0.85,extra_rho,A_own0,1100,-
attenuatedxhonest-honestxhonest,B_pW_true,0.019670752879524498,0.01124473338500627,0.028096772374042726,rho0.85_default,0.2,2.0,0.7,12,0.85,extra_rho,A_own0,1100,+
attenuatedxhonest-honestxhonest,nonc_B,-0.003863636363636364,-0.006708076948048022,-0.0010191957792247048,rho0.85_default,0.2,2.0,0.7,12,0.85,extra_rho,A_own0,1100,-
attenuatedxhonest-honestxhonest,U_final,0.07295454545454545,0.05823215896323302,0.08767693194585789,rho0.85_default,0.2,2.0,0.7,12,0.85,extra_rho,A_own0,1100,+
attenuatedxhonest-honestxhonest,A_transp_err,0.01070980242663032,0.008115330600420053,0.013304274252840588,rho0.85_default,0.2,2.0,0.7,12,0.85,extra_rho,A_own0,1100,+
attenuatedxhonest-honestxhonest,B_p_truth,-0.005147056982267315,-0.008706734451968061,-0.001587379512566569,rho0.85_default,0.2,2.0,0.7,12,0.85,extra_rho,A_own0,1100,-
attenuatedxhonest-honestxhonest,A_own0,0.0,0.0,0.0,rho0.85_default,0.2,2.0,0.7,12,0.85,extra_rho,A_own0,1100,0
