setting,tau,k,lam,rounds,rho,grid,pair,split,n,nonc_A,nonc_A_se,A_dbelief,A_dbelief_se,A_hidden_shift,A_hidden_shift_se,A_p_truth,A_p_truth_se,B_pC_true,B_pC_true_se,B_pW_true,B_pW_true_se,nonc_B,nonc_B_se,U_final,U_final_se,A_transp_err,A_transp_err_se,B_p_truth,B_p_truth_se,A_own0,A_own0_se
tau0.1_k1_lam0.6_R12,0.1,1.0,0.6,12,0.75,main,costlyxhonest,all,2000,0.999875,0.000125,0.15097798092418044,0.003723222393659428,0.15096266175202255,0.0037235015906410163,0.8649970454799907,0.006028982465794536,0.6340473433625028,0.006981214024088806,0.32663034257951357,0.0018403005416124125,0.52075,0.01081951938627012,0.519875,0.010826840602235405,0.16903302129674627,0.003118400110028867,0.8448638447914809,0.00561409437860955,0.612,0.010898962964284649
tau0.1_k1_lam0.6_R12,0.1,1.0,0.6,12,0.75,main,costlyxhonest,A_own0,1224,1.0,0.0,0.1362032116337959,0.0047206609958560216,0.1362032116337959,0.0047206609958560216,0.8552103422584257,0.00795833336824771,0.45126202415626104,0.006230216258916401,0.2984183814939167,0.002131595619871417,0.2749183006535948,0.012088158848370145,0.27389705882352944,0.012088117931792276,0.17962922388458613,0.004661119798496579,0.7994167111545483,0.007215943928674773,1.0,0.0
tau0.1_k1_lam0.6_R12,0.1,1.0,0.6,12,0.75,main,attenuatedxhonest,all,2000,0.6125,0.010824414948600673,0.02807063467067043,0.0007012999336300093,0.020696207058272412,0.0007227900011330246,0.8002560619008712,0.005938836790767007,0.5358662115499904,0.008042247828653502,0.3718052512223393,0.0025338274451141597,0.541,0.010800709590755225,0.165875,0.007782666775506278,0.13555147137518692,0.0036004822082914842,0.8509757452458594,0.005184292372680171,0.612,0.010898962964284649
tau0.1_k1_lam0.6_R12,0.1,1.0,0.6,12,0.75,main,attenuatedxhonest,A_own0,1224,0.9969362745098039,0.0007865098071567026,0.033856027330588546,0.0010156382953616688,0.033614942714033265,0.0010145715780605874,0.7889630465722839,0.008808950807406268,0.27175706266392274,0.0031559683210171862,0.39177909536468647,0.003656587243582973,0.26205065359477125,0.011816240954459609,0.25796568627450983,0.011694776692151973,0.19922733086768807,0.005028044479065628,0.7953528615564345,0.006819808170041711,1.0,0.0
tau0.1_k1_lam0.6_R12,0.1,1.0,0.6,12,0.75,main,honestxhonest,all,2000,0.53925,0.010894738014665797,0.1063363177494924,0.0027663513754242392,0.04679266795077257,0.002171963363912413,0.8558209649136841,0.005478657310372015,0.5315483408717158,0.008052244789783022,0.33507819250485116,0.001966122125156327,0.547,0.010849163662517404,0.08525,0.005271277068317078,0.10869936513883453,0.003247209489324015,0.8559349419423613,0.005335388116264128,0.612,0.010898962964284649
tau0.1_k1_lam0.6_R12,0.1,1.0,0.6,12,0.75,main,honestxhonest,A_own0,1224,0.8619281045751634,0.00911204049320039,0.12023219519564894,0.003870168305486227,0.06587466194402143,0.0026181731386805975,0.8440559146918863,0.008071339311240015,0.2651001594958088,0.0031898165246553732,0.33327825927444665,0.003167152857712082,0.278390522875817,0.012152532529063644,0.13725490196078433,0.008206560467543698,0.15698794206379701,0.004711474151793975,0.7992487004198794,0.007237873530836792,1.0,0.0
tau0.1_k1_lam0.6_R24,0.1,1.0,0.6,24,0.75,main,costlyxhonest,all,2000,1.0,0.0,0.17268432911214,0.004458758595511485,0.17268432911214,0.004458758595511485,0.8872886257951769,0.005746325239374391,0.6446759137635254,0.007184361301445625,0.31604835590469543,0.002427636390557858,0.514,0.010836487656633314,0.513625,0.010836005453791415,0.1700374201884754,0.002905988196667039,0.8500029527821795,0.005393752473447638,0.612,0.010898962964284649
tau0.1_k1_lam0.6_R24,0.1,1.0,0.6,24,0.75,main,costlyxhonest,A_own0,1224,1.0,0.0,0.16357154392503695,0.00615423226652922,0.16357154392503695,0.00615423226652922,0.8808029989627288,0.007522198630414107,0.46703963695476286,0.007020497117237124,0.2762789328797847,0.0031213781533780995,0.2724673202614379,0.012047116227697338,0.27185457516339867,0.012035902746948894,0.16548783027910405,0.004332606086822193,0.8038217865140237,0.007042529145460923,1.0,0.0
tau0.1_k1_lam0.6_R24,0.1,1.0,0.6,24,0.75,main,attenuatedxhonest,all,2000,0.6125,0.010821526126838898,0.029350064362929824,0.0007678600073690301,0.022313849989181154,0.000807107527599896,0.8024124772130238,0.005859473011382787,0.5371474874335299,0.008132453592305557,0.41530438895673044,0.004468071369353805,0.539,0.010814537766985549,0.161375,0.007694919465484362,0.13357966308495892,0.003673854928402734,0.8515318628654384,0.005048391352790634,0.612,0.010898962964284649
tau0.1_k1_lam0.6_R24,0.1,1.0,0.6,24,0.75,main,attenuatedxhonest,A_own0,1224,0.9967320261437909,0.0008119678260583367,0.03603937086456094,0.0011342451942356906,0.0359085444032528,0.001133862253091764,0.7926747760063486,0.008656146088053153,0.2649823073717639,0.003434690617342022,0.4537625854534955,0.006633794467138607,0.2565359477124183,0.011722244984930155,0.2536764705882353,0.011612334460684218,0.2025908607999608,0.004963435057899854,0.7968992354058072,0.0065025745824335,1.0,0.0
tau0.1_k1_lam0.6_R24,0.1,1.0,0.6,24,0.75,main,honestxhonest,all,2000,0.53625,0.010918565669910313,0.10779188298471787,0.0027960358648657997,0.04967623965580927,0.0022755406005345027,0.8612663435936526,0.005216210447993006,0.542898855863835,0.008228518923103278,0.32820562245689444,0.0022841160218151583,0.545875,0.01084220429084613,0.0825,0.005118957595393003,0.0992558827834105,0.003169188520404234,0.8584919662352328,0.005237074956634452,0.612,0.010898962964284649
tau0.1_k1_lam0.6_R24,0.1,1.0,0.6,24,0.75,main,honestxhonest,A_own0,1224,0.858047385620915,0.009288386899906744,0.12319183818800525,0.003957485425650316,0.07079680497811525,0.0028455626249521302,0.8521423427713033,0.00762893438255681,0.26976833429826635,0.0041218659670927615,0.3235499982321572,0.0036794421016350383,0.2761437908496732,0.012096401420126903,0.13357843137254902,0.008009597026030019,0.1479278390644687,0.004567797140914895,0.8032109377503954,0.007067300009097827,1.0,0.0
tau0.1_k1_lam0.7_R12,0.1,1.0,0.7,12,0.75,main,costlyxhonest,all,2000,0.99975,0.00017673247348348807,0.16241274940450962,0.0042164391037488955,0.16241274940450962,0.0042164391037488955,0.8854781069470632,0.00560141306394315,0.6513717338796821,0.0071001747218478175,0.3216505582310225,0.002106850436611565,0.5125,0.010979282641578268,0.51125,0.010987075437227673,0.16543609092186096,0.0028380712362229424,0.8499437186012848,0.005383823918998332,0.612,0.010898962964284649
tau0.1_k1_lam0.7_R12,0.1,1.0,0.7,12,0.75,main,costlyxhonest,A_own0,1224,0.9997957516339869,0.0002042483660130719,0.15585584684187104,0.006030951980329701,0.15585584684187104,0.006030951980329701,0.8723689013111896,0.007502222434999903,0.46786225953394944,0.00682119309240832,0.2921736854732178,0.0026073184456019624,0.2536764705882353,0.012032587834279634,0.25183823529411764,0.012024254711328054,0.1619199840702677,0.004054793136387634,0.8033653661516569,0.00690330882397221,1.0,0.0
tau0.1_k1_lam0.7_R12,0.1,1.0,0.7,12,0.75,main,attenuatedxhonest,all,2000,0.613625,0.010835139815198852,0.02550133053775766,0.0006898674496300353,0.019282978919434198,0.0007000716145201517,0.7989924651838062,0.005832703806229653,0.5263685220740697,0.008127629974877634,0.41657972473890653,0.004190137531138738,0.53075,0.010959859853757572,0.151,0.007683441132319352,0.1321822930681642,0.0035913348353691834,0.8503831766848066,0.0050368605476966855,0.612,0.010898962964284649
tau0.1_k1_lam0.7_R12,0.1,1.0,0.7,12,0.75,main,attenuatedxhonest,A_own0,1224,0.9985702614379085,0.0005390631831490386,0.031236170507901787,0.0009875565616365126,0.031170767139370465,0.000987078644735638,0.7885120038571807,0.008621851391746128,0.2617017982997586,0.0032319295823087903,0.4603447726847653,0.006037753842663757,0.24080882352941177,0.0117794177427277,0.23835784313725492,0.011738585848643913,0.20113233250632273,0.004832458985666423,0.7971154985644489,0.006372827787111672,1.0,0.0
tau0.1_k1_lam0.7_R12,0.1,1.0,0.7,12,0.75,main,honestxhonest,all,2000,0.524,0.01103507528036042,0.10893647880159842,0.003159588533000844,0.042375790475547355,0.002102678304847365,0.8565614241565842,0.00521488907788295,0.5357215931645614,0.008106122716685373,0.3290488008772859,0.0026560601172483374,0.540875,0.010979663869939206,0.064375,0.0049231009688076215,0.10088611201432557,0.00304129511103546,0.8565461871122809,0.005195719792072794,0.612,0.010898962964284649
tau0.1_k1_lam0.7_R12,0.1,1.0,0.7,12,0.75,main,honestxhonest,A_own0,1224,0.8366013071895425,0.010210714697125067,0.13056457203087274,0.004529314326411463,0.058049492357956985,0.002431151030721428,0.8508900214519596,0.007614936739595553,0.2701223097181504,0.003918570713989498,0.32096636117970745,0.004154031733744349,0.2689950980392157,0.01229380688647436,0.10294117647058823,0.007755115473884077,0.1491301298925059,0.00429433242095901,0.8006465837518948,0.006952355413434899,1.0,0.0
tau0.1_k1_lam0.7_R24,0.1,1.0,0.7,24,0.75,main,costlyxhonest,all,2000,1.0,0.0,0.1704231384921747,0.004337520490375127,0.17040624448121366,0.004337819599974436,0.892863376184958,0.005358756805086405,0.6586137342623074,0.007170974481494993,0.316179205291106,0.002255933351263463,0.505125,0.010995758070058998,0.504625,0.010995868963143718,0.1803485267170365,0.002683886991534746,0.8565355158981858,0.005120765082426179,0.612,0.010898962964284649
tau0.1_k1_lam0.7_R24,0.1,1.0,0.7,24,0.75,main,costlyxhonest,A_own0,1224,1.0,0.0,0.1655489234128114,0.006200289986850818,0.1655489234128114,0.006200289986850818,0.8781202348581691,0.007107514777618012,0.48132903164600394,0.007261198246815595,0.2813877788221522,0.002779056411784933,0.24979575163398693,0.01198611267648939,0.24979575163398693,0.01198611267648939,0.1893579413136387,0.00409908105330908,0.8107879027157321,0.00661347914353087,1.0,0.0
tau0.1_k1_lam0.7_R24,0.1,1.0,0.7,24,0.75,main,attenuatedxhonest,all,2000,0.613625,0.01079611424211806,0.027693295585588872,0.0008268903280225007,0.02131178092495458,0.0008257726806003608,0.8011974651536135,0.005754330882833566,0.5226506860607795,0.008274965670315227,0.4411693317978901,0.005167060529474442,0.528125,0.01095125939007082,0.14475,0.007444893012393329,0.1446812376354556,0.0039015199829144503,0.8490280835180182,0.00497890904990585,0.612,0.010898962964284649
tau0.1_k1_lam0.7_R24,0.1,1.0,0.7,24,0.75,main,attenuatedxhonest,A_own0,1224,0.9965277777777778,0.000836610783422939,0.034519932066665523,0.0011888362541202498,0.03422305372025365,0.0011834756355742742,0.7915118306554816,0.008501676841208524,0.25665762522958163,0.003916428671284811,0.4973403982616048,0.007577126989172337,0.23223039215686275,0.011574666602825499,0.22916666666666666,0.011423411537170433,0.2220319428964698,0.005135405339326306,0.7955834981004672,0.0062300349251601965,1.0,0.0
tau0.1_k1_lam0.7_R24,0.1,1.0,0.7,24,0.75,main,honestxhonest,all,2000,0.52275,0.01105479864296579,0.1132088747159178,0.0032908443881422547,0.047971327828463715,0.0024214671928700442,0.8611173983918845,0.0049651997711701425,0.5626749760402813,0.00806531941327879,0.32502448238292764,0.0028311792702587065,0.5325,0.010994365058133905,0.05775,0.004609701012181903,0.10171536235462872,0.0030583102791881607,0.8611684590738881,0.004958627536652016,0.612,0.010898962964284649
tau0.1_k1_lam0.7_R24,0.1,1.0,0.7,24,0.75,main,honestxhonest,A_own0,1224,0.8347630718954249,0.0103067005540877,0.1376700714646472,0.0047165245417572,0.06685186608528944,0.003029783189683823,0.8566470577726035,0.0072190712315378484,0.30234164746103537,0.004871317366025782,0.31684765886212596,0.004500347413455313,0.25469771241830064,0.012065216778137848,0.09354575163398693,0.007340674558056767,0.15301706898635742,0.004265030412441224,0.8074113672347524,0.006542914766345035,1.0,0.0
tau0.1_k1_lam0.85_R12,0.1,1.0,0.85,12,0.75,main,costlyxhonest,all,2000,0.999375,0.0002792287088318784,0.17159537463621985,0.0041449857694554676,0.17140758732308034,0.004144616656148493,0.887786657918234,0.004971730704855003,0.6695018753671895,0.007029697617695465,0.2956464663197569,0.002753319574008509,0.516125,0.011099424119989185,0.51475,0.011094041537186272,0.1798377360578737,0.002802882804940911,0.8598322283974479,0.004863230777532042,0.612,0.010898962964284649
tau0.1_k1_lam0.85_R12,0.1,1.0,0.85,12,0.75,main,costlyxhonest,A_own0,1224,0.9995915032679739,0.00028873269406742657,0.17757884204949,0.006240036854689566,0.17757884204949,0.006240036854689566,0.8620057479896797,0.006762782705641108,0.48863107528892225,0.007031537341586725,0.2530639003615184,0.0036653577867900283,0.2526552287581699,0.012254566552431696,0.2512254901960784,0.012232586338857605,0.17822596255808143,0.003992467754168069,0.8176284058965294,0.0063029367032108475,1.0,0.0
tau0.1_k1_lam0.85_R12,0.1,1.0,0.85,12,0.75,main,attenuatedxhonest,all,2000,0.611125,0.010787408227912663,0.025928920960988252,0.000795549298441105,0.020535547206333077,0.0007956214868287102,0.797379874349039,0.005632047510645297,0.5253471926906018,0.008323912358789867,0.470594816916586,0.005722113557486778,0.528375,0.011044752055228795,0.142625,0.0075352053287998455,0.1363635732707376,0.0036677353556449563,0.8493044246003003,0.0049321072009285765,0.612,0.010898962964284649
tau0.1_k1_lam0.85_R12,0.1,1.0,0.85,12,0.75,main,attenuatedxhonest,A_own0,1224,0.9934640522875817,0.0011406659541574494,0.03391468257601167,0.0011534539825582596,0.03325634926553137,0.0011449849589138601,0.7874995566149301,0.008269739779704572,0.2772120495923663,0.005398120180299769,0.5576060255052161,0.007890128817855623,0.23202614379084968,0.01179770637914741,0.2267156862745098,0.011600908014758415,0.20756660300609084,0.0048623678890713585,0.7980641084540039,0.006138713358356707,1.0,0.0
tau0.1_k1_lam0.85_R12,0.1,1.0,0.85,12,0.75,main,honestxhonest,all,2000,0.5195,0.011049419434292348,0.11825187331799848,0.0037326161033179863,0.04686859788022465,0.0022902206076252925,0.8509890036962614,0.004831933634222097,0.5386107235826643,0.008220832077719896,0.29065632553217197,0.0030914594071358814,0.530625,0.01107002495090715,0.053625,0.004642987546200946,0.09716478454678679,0.0026869465000758114,0.8585534459619941,0.004866724199031464,0.612,0.010898962964284649
tau0.1_k1_lam0.85_R12,0.1,1.0,0.85,12,0.75,main,honestxhonest,A_own0,1224,0.8274101307189542,0.010506008338283676,0.15244134186138794,0.00532615406183345,0.0635671968983761,0.0026051516700299716,0.847220476640221,0.0069744790604619996,0.28598062172010663,0.0054378403627077625,0.24894521310622889,0.004164221504635859,0.2526552287581699,0.01223069418748623,0.08476307189542484,0.007402041695155938,0.14196706547935786,0.0035970911757465486,0.806887040405775,0.006352543449846421,1.0,0.0
tau0.1_k1_lam0.85_R24,0.1,1.0,0.85,24,0.75,main,costlyxhonest,all,2000,0.999625,0.0002163980165130341,0.19807197021044579,0.005112374426325102,0.19782613157691184,0.0051141789866497745,0.8997666909363059,0.005245788403137783,0.6778942290894702,0.007151042501123755,0.29655415373642746,0.0027406413546403217,0.5,0.011111614823777684,0.498625,0.01110805447072359,0.22882214525408945,0.0040433806934493215,0.8568211129571841,0.004903860978151206,0.612,0.010898962964284649
tau0.1_k1_lam0.85_R24,0.1,1.0,0.85,24,0.75,main,costlyxhonest,A_own0,1224,1.0,0.0,0.21573958104824692,0.007864152242405715,0.21573958104824692,0.007864152242405715,0.8784229341718903,0.007131616150952017,0.5028839812163182,0.007615127235584552,0.256747994180988,0.0036611436684248037,0.230187908496732,0.011881704644600534,0.22977941176470587,0.011884655521962587,0.22636739849269366,0.005943369411972593,0.817580277345851,0.006193459274708691,1.0,0.0
tau0.1_k1_lam0.85_R24,0.1,1.0,0.85,24,0.75,main,attenuatedxhonest,all,2000,0.605375,0.010742270610836342,0.030852173336986637,0.0011196055941183178,0.024929708698820257,0.0011025186439843134,0.8012291394454706,0.0054460225539430356,0.5443000866992166,0.008411299238605003,0.47391398659732165,0.005769497224803411,0.466375,0.011037378155421372,0.0785,0.005528033518104666,0.14426006282409748,0.004271640747781534,0.8366887027208306,0.00517674906354916,0.612,0.010898962964284649
tau0.1_k1_lam0.85_R24,0.1,1.0,0.85,24,0.75,main,attenuatedxhonest,A_own0,1224,0.9842728758169934,0.002144570067632715,0.04186972714882428,0.001683149198143306,0.040056862859443494,0.001635410917286816,0.7937805660196249,0.00794703680615821,0.3054694043992829,0.0064228375086982864,0.557880362861744,0.008037061140732644,0.13031045751633988,0.009268308364885186,0.12173202614379085,0.008687806973689507,0.2180655256060994,0.005894728252257417,0.7790573389463751,0.006445373960919229,1.0,0.0
tau0.1_k1_lam0.85_R24,0.1,1.0,0.85,24,0.75,main,honestxhonest,all,2000,0.492625,0.011101240852343076,0.1251358635541118,0.004071747589855375,0.04017756052795772,0.002082938006889196,0.8552458199664733,0.004636864847300401,0.5628577883961448,0.008228103243345157,0.28675594909866287,0.0030540070815371014,0.5145,0.011104065703046282,0.01275,0.0017628875847081568,0.09297538566318335,0.002461203685025875,0.8631431523036993,0.004781546967103133,0.612,0.010898962964284649
tau0.1_k1_lam0.85_R24,0.1,1.0,0.85,24,0.75,main,honestxhonest,A_own0,1224,0.7871732026143791,0.011545993476974152,0.16610536762646128,0.005933956220212105,0.05494518976317257,0.0023563960307657274,0.8558506048240887,0.006606118585192185,0.3163326495869848,0.006026096272914162,0.24888388987794094,0.004208108599566059,0.2232434640522876,0.011736156296820083,0.017973856209150325,0.0027236232735759827,0.1349436754502724,0.003211038745582323,0.814961961046047,0.006157417457658816,1.0,0.0
tau0.1_k2_lam0.6_R12,0.1,2.0,0.6,12,0.75,main,costlyxhonest,all,2000,0.99925,0.0003058030538661721,0.13275270379604387,0.0031710046364239425,0.1322726651759727,0.0031762576765618678,0.8816478953328705,0.005263612655031645,0.6086794095287671,0.006914503512493444,0.31074475955240516,0.00247845885961855,0.549875,0.01066759185315377,0.5135,0.011011391845501983,0.10306206477731962,0.0026582395342292318,0.8698157374668631,0.005070926406071293,0.612,0.010898962964284649
tau0.1_k2_lam0.6_R12,0.1,2.0,0.6,12,0.75,main,costlyxhonest,A_own0,1224,1.0,0.0,0.13896876465785518,0.004585424637528766,0.13896876465785518,0.004585424637528766,0.863235598970218,0.007546858461290496,0.39050946046657925,0.004075762217707029,0.30268393650534337,0.003950351667066077,0.28308823529411764,0.011802811310307956,0.23386437908496732,0.011719996861942961,0.12403132257446765,0.004216681230517792,0.819966061867198,0.006842744145347982,1.0,0.0
tau0.1_k2_lam0.6_R12,0.1,2.0,0.6,12,0.75,main,attenuatedxhonest,all,2000,0.613625,0.010862518208887808,0.03690217123282418,0.0008186144425463664,0.024436864241427676,0.0008581813348087828,0.8085793043399508,0.005833995609634675,0.566727644209338,0.0068477482680818665,0.3830459202485431,0.003152333215508393,0.552,0.010617703038270775,0.14975,0.007726080177389678,0.08859731453067593,0.00295719835294473,0.8574138434937245,0.005026010988748721,0.612,0.010898962964284649
tau0.1_k2_lam0.6_R12,0.1,2.0,0.6,12,0.75,main,attenuatedxhonest,A_own0,1224,1.0,0.0,0.03992951673435895,0.0012087728492320149,0.03992951673435895,0.0012087728492320149,0.7950318596561533,0.008603829735735754,0.3298535682123652,0.0002357838526684146,0.409914190745282,0.004558203254555631,0.2804330065359477,0.0117359470295984,0.230187908496732,0.011643891252248855,0.130321130843217,0.004358168641937392,0.804612080539683,0.006604807718868296,1.0,0.0
tau0.1_k2_lam0.6_R12,0.1,2.0,0.6,12,0.75,main,honestxhonest,all,2000,0.553375,0.010814904565824145,0.1203484183500994,0.0026422793194397047,0.051346767938388535,0.002275679024166235,0.8708910599572641,0.005452318514533042,0.5662986226655912,0.007458753827707431,0.3412612498021774,0.0028221145064315774,0.55125,0.010666529715802092,0.056875,0.004616833304591058,0.07878449951641207,0.002859827989355926,0.8701050842850393,0.005131083252938265,0.612,0.010898962964284649
tau0.1_k2_lam0.6_R12,0.1,2.0,0.6,12,0.75,main,honestxhonest,A_own0,1224,0.8868464052287581,0.008021818772702256,0.12019685272908708,0.003612045881231493,0.07384161607113686,0.0028386510422765826,0.8468560105101253,0.007876510462808448,0.32479963840130016,0.004777407198674154,0.34090981693654054,0.004534133178880212,0.2849264705882353,0.011835578002667612,0.0915032679738562,0.007304759808566466,0.11534243706337247,0.004288658710802452,0.820644621920165,0.0069566344474118295,1.0,0.0
tau0.1_k2_lam0.6_R24,0.1,2.0,0.6,24,0.75,main,costlyxhonest,all,2000,0.998875,0.0003742488725558231,0.14195205976268932,0.0035542108714599475,0.139623166439381,0.003514003432454702,0.884243064023493,0.005260967606523509,0.6483445898488593,0.007397427985894907,0.31480923452787035,0.002706048714835902,0.5445,0.010674354590464076,0.5085,0.010982619631353142,0.1061633614987245,0.002752643158268276,0.869478362631119,0.00512357859099343,0.612,0.010898962964284649
tau0.1_k2_lam0.6_R24,0.1,2.0,0.6,24,0.75,main,costlyxhonest,A_own0,1224,0.9987745098039216,0.0004992805312600089,0.1527760643294792,0.005273256521054417,0.15004211360402736,0.005194484535994723,0.8664064958048979,0.007531714736534762,0.437144663378196,0.006784466888838836,0.3035118531899989,0.004361056359295293,0.27369281045751637,0.011639755537274398,0.22569444444444445,0.011470700540347241,0.13065403384772437,0.004329259087635178,0.819565395025146,0.006924534687253376,1.0,0.0
tau0.1_k2_lam0.6_R24,0.1,2.0,0.6,24,0.75,main,attenuatedxhonest,all,2000,0.6125,0.010848938876100679,0.03832885563588465,0.0009267536014834031,0.025426668290216677,0.0009524326056378967,0.8101428850434662,0.005762125718543372,0.5742829758250587,0.007263352732264891,0.4027119717044229,0.004521485471165878,0.542375,0.010630995424670242,0.136125,0.007331182735933802,0.09358865319004317,0.003040729531141929,0.8476122356073154,0.00515158258714146,0.612,0.010898962964284649
tau0.1_k2_lam0.6_R24,0.1,2.0,0.6,24,0.75,main,attenuatedxhonest,A_own0,1224,0.9979575163398693,0.0007054126437670063,0.042155167614547635,0.0013880617571360794,0.04154684361146515,0.0013693423765706188,0.7974845116615472,0.008478600449819951,0.33554092017060877,0.0018985799670409452,0.4401066339231445,0.0068304963392363085,0.2602124183006536,0.011325142464199828,0.2142565359477124,0.011180480999351835,0.13959393522543004,0.004352782416051841,0.7914672441399041,0.0066427344338426545,1.0,0.0
tau0.1_k2_lam0.6_R24,0.1,2.0,0.6,24,0.75,main,honestxhonest,all,2000,0.545,0.010785495512804609,0.12522959026347522,0.0029191030166359545,0.04902539263390893,0.002255448699123024,0.8702523058824256,0.005447930063345689,0.571814601461474,0.00798073978946936,0.33003536019740765,0.0027160143575223053,0.5455,0.010682494223795335,0.046875,0.003994523788594683,0.07916586334668137,0.002976706705647216,0.8709371543939145,0.005160493968026882,0.612,0.010898962964284649
tau0.1_k2_lam0.6_R24,0.1,2.0,0.6,24,0.75,main,honestxhonest,A_own0,1224,0.8725490196078431,0.008384785250752896,0.1280894797984153,0.004150984414783806,0.06983765708910153,0.0028294212988676432,0.8458630754546672,0.007869164148261183,0.3111844509070211,0.004917247704040437,0.3248473546769156,0.004386653537060655,0.27532679738562094,0.01169063563632436,0.07659313725490197,0.006383891801585909,0.11782567570938651,0.004437449076850101,0.8224204291715492,0.007010752614260114,1.0,0.0
tau0.1_k2_lam0.7_R12,0.1,2.0,0.7,12,0.75,main,costlyxhonest,all,2000,0.999125,0.00033022221435788926,0.139343156674125,0.0035391646716590374,0.13884081582700344,0.0035441450966260035,0.8855759485243009,0.0051185912000450634,0.6350178498465185,0.00722201485371396,0.3231278291614301,0.0027834466151281574,0.54475,0.010756989595727108,0.51425,0.011035028530880139,0.10671665932249814,0.002575676665902573,0.8699463578543901,0.004979625596810842,0.612,0.010898962964284649
tau0.1_k2_lam0.7_R12,0.1,2.0,0.7,12,0.75,main,costlyxhonest,A_own0,1224,1.0,0.0,0.14989984700202988,0.005238811164101968,0.14989984700202988,0.005238811164101968,0.8698389256495346,0.007277891566538401,0.41489378416869704,0.005703245859604925,0.3119412485964807,0.004293977669985433,0.2734885620915033,0.011844543541201553,0.23366013071895425,0.011781944047648246,0.12748513632751884,0.004057871000027158,0.8223073690908882,0.006657204840286771,1.0,0.0
tau0.1_k2_lam0.7_R12,0.1,2.0,0.7,12,0.75,main,attenuatedxhonest,all,2000,0.613375,0.010856627601098531,0.036332650543387086,0.0008650478552663774,0.024551460793949913,0.0009086353426187889,0.8085994567428304,0.005751278902262797,0.5566591014842858,0.006813235654933327,0.4149684561398192,0.004701240266118419,0.547875,0.010713111245748448,0.142875,0.007590721422457597,0.09189993637494544,0.0029002159780699625,0.849880412508511,0.005074022990046432,0.612,0.010898962964284649
tau0.1_k2_lam0.7_R12,0.1,2.0,0.7,12,0.75,main,attenuatedxhonest,A_own0,1224,0.9993872549019608,0.0003534791660243543,0.040276247587988576,0.0013074509292414667,0.04011676600318613,0.0013017127814956622,0.7962218435872388,0.008448844886544628,0.3280834969654302,0.0010265660882297228,0.46021986235895396,0.006993114453909964,0.2661356209150327,0.011698602838597317,0.22549019607843138,0.01159524352147873,0.13785177908100898,0.004120177014760808,0.7964229869600492,0.006447353104416008,1.0,0.0
tau0.1_k2_lam0.7_R12,0.1,2.0,0.7,12,0.75,main,honestxhonest,all,2000,0.531125,0.011042461689658866,0.12897852529771706,0.003100455417860716,0.048324262876391536,0.0022564771452042607,0.8752932589435927,0.005210457077249383,0.6092572247603301,0.007094712603048099,0.3493104379826856,0.0035753840387028222,0.5465,0.010757636281692396,0.048625,0.004451076918046371,0.07825854810515033,0.0028459507204187636,0.8698795199154431,0.005029378133751478,0.612,0.010898962964284649
tau0.1_k2_lam0.7_R12,0.1,2.0,0.7,12,0.75,main,honestxhonest,A_own0,1224,0.8502859477124183,0.009863194794057735,0.13652366062100127,0.004474191799643237,0.06851277228066997,0.0028095349584846625,0.8561310065654513,0.007481963606260705,0.4031626666003758,0.006357715257780775,0.3481323602276096,0.005456488499074299,0.2777777777777778,0.011916049341915426,0.07802287581699346,0.007074667037838762,0.1145644787348778,0.004199384305271915,0.8217999930784877,0.006771738624299435,1.0,0.0
tau0.1_k2_lam0.7_R24,0.1,2.0,0.7,24,0.75,main,costlyxhonest,all,2000,0.999625,0.0002163980165130341,0.15177633734981802,0.004097865481243625,0.1502857211933661,0.004078250603237191,0.8926269712599123,0.005040402732601791,0.6562215123427022,0.007357513337584908,0.32653917083318035,0.0028603791922901254,0.533875,0.010770323445517342,0.506375,0.011001116623824397,0.10571585350065237,0.00262120913312157,0.874097893100178,0.004914448758416239,0.612,0.010898962964284649
tau0.1_k2_lam0.7_R24,0.1,2.0,0.7,24,0.75,main,costlyxhonest,A_own0,1224,1.0,0.0,0.1689403425526772,0.0061918087430838055,0.16725444724521843,0.006152539982263427,0.8802170925686726,0.007105590493125419,0.44812405971828306,0.006985232621609011,0.31703224774932,0.004424194574309167,0.2555147058823529,0.011526932637141786,0.21997549019607843,0.011401178279246605,0.12822277565228396,0.004130123246414678,0.8291649605413525,0.006560987205418694,1.0,0.0
tau0.1_k2_lam0.7_R24,0.1,2.0,0.7,24,0.75,main,attenuatedxhonest,all,2000,0.613,0.010853543186436856,0.038987056109072375,0.0010385658477043555,0.02668289927650071,0.0010689608082544689,0.8109394919248595,0.005652267312559981,0.5572761576707495,0.007506623514249169,0.4285042449245535,0.0051994796862972455,0.50425,0.010555646810584128,0.0965,0.005861830390566062,0.08675980467598182,0.002948398105203456,0.8382491513421596,0.005458451568346135,0.612,0.010898962964284649
tau0.1_k2_lam0.7_R24,0.1,2.0,0.7,24,0.75,main,attenuatedxhonest,A_own0,1224,0.9987745098039216,0.0004992805312600089,0.044397118682898314,0.0015870403706682557,0.04359950862173318,0.0015648469350054979,0.7998369769008068,0.008280453371431582,0.31860266866353126,0.002478782715765747,0.4805039579668428,0.007765911114881929,0.19178921568627452,0.009511070922192803,0.1556372549019608,0.009109666820080546,0.12766071407642207,0.00427001538258965,0.7790128906799898,0.00704412963014122,1.0,0.0
tau0.1_k2_lam0.7_R24,0.1,2.0,0.7,24,0.75,main,honestxhonest,all,2000,0.5115,0.011053617789353699,0.13687324319714292,0.0035260970065675895,0.04171501361785687,0.002083601563699038,0.8785678407808785,0.005136900982507921,0.6277718548504864,0.0076154069310521676,0.348900535022544,0.0037937403575660188,0.53475,0.010768202999940331,0.02225,0.0023262468618422925,0.08051499287713255,0.0028893726668213866,0.8743662816539567,0.004942275981734383,0.612,0.010898962964284649
tau0.1_k2_lam0.7_R24,0.1,2.0,0.7,24,0.75,main,honestxhonest,A_own0,1224,0.8186274509803921,0.010671845376393577,0.14952060588333616,0.005223611783377504,0.05794962831706573,0.002483240475884122,0.8615831504950335,0.007333841028316777,0.4063898949805312,0.006891986633556441,0.34882572470153805,0.0058131532186286505,0.25674019607843135,0.011551727890092778,0.0363562091503268,0.0037461021639910766,0.11741998926690658,0.004239416910736364,0.830509061512092,0.006610081320067305,1.0,0.0
tau0.1_k2_lam0.85_R12,0.1,2.0,0.85,12,0.75,main,costlyxhonest,all,2000,0.999875,0.000125,0.167739708814036,0.004500412265475733,0.16749702224943974,0.004503262355952818,0.8867257574753401,0.004905015930405322,0.6690337470280763,0.007184324484550776,0.2726901118497666,0.002905859715938356,0.546875,0.011057095996392393,0.54025,0.011100465256666373,0.08568625101928366,0.0015267592512694485,0.8768657312312306,0.004842265858955467,0.612,0.010898962964284649
tau0.1_k2_lam0.85_R12,0.1,2.0,0.85,12,0.75,main,costlyxhonest,A_own0,1224,1.0,0.0,0.1916338713480549,0.006819038532050275,0.1916338713480549,0.006819038532050275,0.8677000881538065,0.006782373451639115,0.469299735881838,0.007054599740119995,0.24363951149834556,0.0037854455856535336,0.278390522875817,0.012637582067750348,0.2749183006535948,0.012658419857111696,0.08996775011134617,0.0023704696031023043,0.8370759118235949,0.006457835379709712,1.0,0.0
tau0.1_k2_lam0.85_R12,0.1,2.0,0.85,12,0.75,main,attenuatedxhonest,all,2000,0.61275,0.010849081529558966,0.03259840603018536,0.0010347025612849816,0.023907764556660535,0.0010581154798654372,0.8052713383607463,0.0054985803884602235,0.5432830667665645,0.006998140489981063,0.4501576922275152,0.0053504679225258815,0.507875,0.01091932841588836,0.116,0.006804053760353963,0.07091037159134637,0.0021051794878650804,0.8483003281470185,0.005220174196327351,0.612,0.010898962964284649
tau0.1_k2_lam0.85_R12,0.1,2.0,0.85,12,0.75,main,attenuatedxhonest,A_own0,1224,0.9983660130718954,0.0005760459708596922,0.03993482911757995,0.001606768519966949,0.03906497476578519,0.0015830524708459598,0.795920437581398,0.007996551563553497,0.32187965401161067,0.002708113361058987,0.5178330389564628,0.007699911549205703,0.19648692810457516,0.01067214582690023,0.18913398692810457,0.010596626423802241,0.10173102040884206,0.002886269260599788,0.7958166603389459,0.006647777779886257,1.0,0.0
tau0.1_k2_lam0.85_R12,0.1,2.0,0.85,12,0.75,main,honestxhonest,all,2000,0.514375,0.011020062412495112,0.12940585887980605,0.0038160552922801806,0.03698656971051326,0.0021434256765904135,0.8682838246564806,0.0046406542546032865,0.6264101115665848,0.007263940395826524,0.32695419431019296,0.0033869402325970954,0.524875,0.011078644337990266,0.03325,0.0035685902213737075,0.06664985231449337,0.0019660281935187994,0.8804816625540145,0.004731240800927945,0.612,0.010898962964284649
tau0.1_k2_lam0.85_R12,0.1,2.0,0.85,12,0.75,main,honestxhonest,A_own0,1224,0.8223039215686274,0.01049800034799131,0.15161921383405158,0.005657550211562934,0.04892468909216374,0.0024699465136695077,0.8573224830920172,0.006534462322715689,0.45049858003081306,0.007785587256047766,0.30854847021449855,0.0050800562608908,0.24142156862745098,0.012027075602975983,0.05371732026143791,0.005737649242154379,0.09406405783207772,0.0026544571716738703,0.8408596287021648,0.006250584978946229,1.0,0.0
tau0.1_k2_lam0.85_R24,0.1,2.0,0.85,24,0.75,main,costlyxhonest,all,2000,0.999625,0.00021639801651303407,0.17537531383495883,0.004660526549271443,0.17359559791174023,0.004646146545560843,0.8947133321923699,0.004802525266723221,0.6909785029662785,0.007392001954634217,0.27088383357162504,0.0028419316870558417,0.53475,0.011128033757931309,0.523875,0.011165480337320089,0.08896380314220645,0.0017205428967136767,0.8797780901220116,0.004737338318357694,0.612,0.010898962964284649
tau0.1_k2_lam0.85_R24,0.1,2.0,0.85,24,0.75,main,costlyxhonest,A_own0,1224,0.9993872549019608,0.0003534791660243543,0.19881868921909043,0.007063900450342031,0.196470503096252,0.007037405281781262,0.874540644112889,0.006680059362793012,0.5060098263487206,0.00831379766726399,0.24392944732505142,0.003796244080646819,0.2602124183006536,0.012479236459107952,0.25388071895424835,0.012433563919454693,0.09668992257445698,0.0026896970332582,0.8387179664479544,0.006376033435136581,1.0,0.0
tau0.1_k2_lam0.85_R24,0.1,2.0,0.85,24,0.75,main,attenuatedxhonest,all,2000,0.611625,0.010839767292934958,0.0328726937880009,0.0010405230843366954,0.024349656383682024,0.001070654914640339,0.8056471382378554,0.0054824654305346224,0.5410369765422661,0.007781995889783388,0.45026019923102617,0.005349147899734875,0.449625,0.011028151012063286,0.055,0.004940238149774588,0.11284483068272858,0.003463627915619899,0.8400357703378363,0.005430146140013208,0.612,0.010898962964284649
tau0.1_k2_lam0.85_R24,0.1,2.0,0.85,24,0.75,main,attenuatedxhonest,A_own0,1224,0.9967320261437909,0.0008119678260583367,0.040265670525469255,0.0016138107663209566,0.039787020234774546,0.0015997764156267657,0.7964512139559405,0.007969922395933507,0.31210356172530795,0.003887481134186319,0.5179750312279211,0.00773714608643007,0.10069444444444445,0.008260746739824529,0.08986928104575163,0.007913290312021726,0.16945917046117026,0.004856293904312932,0.7822929432952631,0.006982692489479166,1.0,0.0
tau0.1_k2_lam0.85_R24,0.1,2.0,0.85,24,0.75,main,honestxhonest,all,2000,0.494625,0.011142576371360251,0.12953351318778544,0.003812288738967101,0.03481630818624051,0.0019388339581096125,0.8674101092210629,0.004694181056177531,0.6381803261464818,0.007661138583983321,0.33402685394704634,0.003511338086034956,0.511125,0.011129214792538115,0.000875,0.0005446471405909306,0.0767715958310915,0.0022717213872314504,0.8800280160822195,0.004738801567767143,0.612,0.010898962964284649
tau0.1_k2_lam0.85_R24,0.1,2.0,0.85,24,0.75,main,honestxhonest,A_own0,1224,0.7892156862745098,0.01156576467014711,0.15149992916510202,0.005651371252926808,0.045088217209225324,0.001977543280806917,0.8557990597239242,0.006638447933872289,0.4442099322721104,0.007820584759594514,0.3206539038423906,0.005325134077173012,0.21977124183006536,0.011716796362428433,0.0014297385620915032,0.0008897230940817509,0.1099447123736322,0.0031256468228549354,0.8395209379256676,0.006304806223412863,1.0,0.0
tau0.2_k1_lam0.6_R12,0.2,1.0,0.6,12,0.75,main,costlyxhonest,all,2000,0.9945,0.0008201898290504699,0.14021845812125236,0.003623539518250491,0.13902153829597216,0.003631903940056956,0.8821159918326553,0.005295399750991369,0.6098640944825018,0.006389744461484815,0.323198327484531,0.0018993945267292915,0.544,0.010369342391435216,0.516625,0.010478899434300202,0.11636037872362842,0.002344202769002489,0.8623472433080992,0.005160809223357564,0.612,0.010898962964284649
tau0.2_k1_lam0.6_R12,0.2,1.0,0.6,12,0.75,main,costlyxhonest,A_own0,1224,0.9991830065359477,0.00040799540633262816,0.13142568074362249,0.00499869636391919,0.13142568074362249,0.00499869636391919,0.8638036211478854,0.007286782559485365,0.4300277135200357,0.004573397507447293,0.3058809697543669,0.002370492947283627,0.3020833333333333,0.011544071523519848,0.2792075163398693,0.011624117956827221,0.12117159558149068,0.0034701860807327483,0.8191124474494087,0.0067230030527497976,1.0,0.0
tau0.2_k1_lam0.6_R12,0.2,1.0,0.6,12,0.75,main,attenuatedxhonest,all,2000,0.621,0.0101541150784553,0.02899659795603181,0.0006930559497742711,0.018037806922709655,0.0006868861961265003,0.8032665854506809,0.005818800275886166,0.609973142123858,0.007937758684442768,0.3998843814216383,0.0034020996589884944,0.567625,0.010260686893930036,0.194375,0.007384244593836989,0.09373274845271683,0.0026002455162950694,0.8576729774460105,0.005063022517118274,0.612,0.010898962964284649
tau0.2_k1_lam0.6_R12,0.2,1.0,0.6,12,0.75,main,attenuatedxhonest,A_own0,1224,0.9722222222222222,0.002526527522100734,0.03004230405060392,0.001003276458132074,0.028369769313671033,0.0009866916469095318,0.7894093108538605,0.008582883592576777,0.3891755221352269,0.007414229631690072,0.42193177681736943,0.004776397857286417,0.3112745098039216,0.01157043539050828,0.27961601307189543,0.010907996575745687,0.13414243570244871,0.0036862951090649615,0.8067422156976822,0.0067106539816777725,1.0,0.0
tau0.2_k1_lam0.6_R12,0.2,1.0,0.6,12,0.75,main,honestxhonest,all,2000,0.56075,0.010334499005024016,0.11566240190921437,0.0029178948921669574,0.0494957424187552,0.002323596858389602,0.8652811460745016,0.005194806685369235,0.6077497157579479,0.007936430190817122,0.32780600974384344,0.0022150610268193527,0.573375,0.010336626752176309,0.1255,0.005571951931250131,0.07482339606433548,0.002291029999860983,0.8638150953636528,0.005299717483236594,0.612,0.010898962964284649
tau0.2_k1_lam0.6_R12,0.2,1.0,0.6,12,0.75,main,honestxhonest,A_own0,1224,0.8735702614379085,0.007748354264601335,0.12017435632225898,0.004121183139950728,0.06840281586222109,0.0029160769167524765,0.8476488777472916,0.007429972581585158,0.3745001370939325,0.006925692165274191,0.31672364054307384,0.003115237394844332,0.3292483660130719,0.01194774752678875,0.18504901960784315,0.0083984675377558,0.10634877969370944,0.0033351576404945437,0.8132193256147356,0.007173536177657281,1.0,0.0
tau0.2_k1_lam0.6_R24,0.2,1.0,0.6,24,0.75,main,costlyxhonest,all,2000,0.99325,0.0009062998619220129,0.15827128166315815,0.004160286648843838,0.1547433483037524,0.004157103850129595,0.8934197792518372,0.005295133865871385,0.6536673862822258,0.0067769653321052125,0.31261995074612026,0.0024192322559996914,0.535625,0.010449193629713999,0.512,0.010499195995802686,0.1252159167908821,0.0024217089748845727,0.8670885979554617,0.005110813614684121,0.612,0.010898962964284649
tau0.2_k1_lam0.6_R24,0.2,1.0,0.6,24,0.75,main,costlyxhonest,A_own0,1224,0.9985702614379085,0.0005390631831490386,0.15374540531101807,0.005946788451404252,0.15185253231639864,0.005910646751452475,0.8761224004321615,0.007198343770717748,0.465092012118648,0.005872515427844967,0.28834480984437344,0.003175300335901869,0.28594771241830064,0.011541933509888594,0.26858660130718953,0.01153386695852665,0.12000871506005847,0.0034882577765877093,0.8238310550571271,0.006771533560974273,1.0,0.0
tau0.2_k1_lam0.6_R24,0.2,1.0,0.6,24,0.75,main,attenuatedxhonest,all,2000,0.616,0.010100025012475282,0.03129157992709099,0.0007768855747578695,0.019837321407115777,0.0007672628121531578,0.8051276737323747,0.005741705083824822,0.6608242533977495,0.008132657362710521,0.4630703929069194,0.0050294644801821865,0.55275,0.010357961306705852,0.18675,0.00716068128240701,0.09266746038822479,0.0027452752982704697,0.8600629051598557,0.004898739270238357,0.612,0.010898962964284649
tau0.2_k1_lam0.6_R24,0.2,1.0,0.6,24,0.75,main,attenuatedxhonest,A_own0,1224,0.9636437908496732,0.0029049233476520667,0.03399759836383399,0.0011511561303630756,0.031220206056585195,0.0011140445319180324,0.7924279745348792,0.008456333417727046,0.46310397130958914,0.00924809326467551,0.4893565069231357,0.007024341044846086,0.2902369281045752,0.011433993623094744,0.2630718954248366,0.010543708873506112,0.1361962286608975,0.0038489048652764657,0.8093656303102263,0.0064233430627623775,1.0,0.0
tau0.2_k1_lam0.6_R24,0.2,1.0,0.6,24,0.75,main,honestxhonest,all,2000,0.5505,0.010369601695323685,0.12044271664618741,0.0030491467819849256,0.04975615597071561,0.0023437087292120786,0.8703110797657991,0.004985617258363649,0.6404139075961619,0.008338535899320475,0.31133982420970435,0.002639875956965547,0.555875,0.010461684405859503,0.1085,0.005059191902997521,0.06887119384788375,0.0023169845852404163,0.8716039177356529,0.005109489794301285,0.612,0.010898962964284649
tau0.2_k1_lam0.6_R24,0.2,1.0,0.6,24,0.75,main,honestxhonest,A_own0,1224,0.8547794117647058,0.008513536688386064,0.1271410878430185,0.004321355419192081,0.06855879143456409,0.0029497558253443515,0.8540947183651039,0.007169805515467102,0.42343458309518994,0.008968071119092851,0.29923429543159363,0.0038003066057952857,0.30249183006535946,0.011831923001082077,0.15625,0.007620441294772306,0.10022437669561812,0.003369776379288412,0.8228821420388092,0.006991374899810561,1.0,0.0
tau0.2_k1_lam0.7_R12,0.2,1.0,0.7,12,0.75,main,costlyxhonest,all,2000,0.99325,0.0009062998619220129,0.1497229541558692,0.0038649854962332273,0.14752897188513084,0.00386319606678137,0.8904423304412288,0.005070012497272599,0.6280452019930645,0.006488317230407251,0.30182472851901776,0.002250290220343322,0.54125,0.01037348896884232,0.515625,0.010473700582384659,0.14096295818403365,0.0025961705826994157,0.8590401533360434,0.005048287511955147,0.612,0.010898962964284649
tau0.2_k1_lam0.7_R12,0.2,1.0,0.7,12,0.75,main,costlyxhonest,A_own0,1224,0.9977532679738562,0.00067464002802006,0.14569546846084896,0.005610705656996066,0.1444697265810682,0.005588118686129386,0.8690651353592346,0.006939754712958982,0.4420133241563828,0.005000818464413785,0.2819685143314904,0.0030094575801825245,0.2959558823529412,0.011452868119825986,0.2716503267973856,0.011502304868636038,0.13203495212610525,0.0036488167921412606,0.8151339878217371,0.006621039461232332,1.0,0.0
tau0.2_k1_lam0.7_R12,0.2,1.0,0.7,12,0.75,main,attenuatedxhonest,all,2000,0.621625,0.010114121435582374,0.028268400271687477,0.0007259546542451985,0.018332026572686667,0.0007180933105270771,0.8018460488176731,0.005732529302613662,0.5865602614399756,0.008013374798281486,0.4223796715764568,0.004357421247155839,0.559,0.010288035372991187,0.187125,0.007241561454109661,0.09832506068003831,0.002784079104295138,0.8537209743048898,0.004946184364092697,0.612,0.010898962964284649
tau0.2_k1_lam0.7_R12,0.2,1.0,0.7,12,0.75,main,attenuatedxhonest,A_own0,1224,0.9707924836601307,0.0025381051250428295,0.030848262346543597,0.0010594580902983791,0.02875123138046123,0.0010352062074531821,0.7895262043931252,0.008434577086316964,0.36808023456779093,0.007158505268075633,0.4634400877167925,0.006140133661776768,0.2986111111111111,0.011431124847662514,0.2653186274509804,0.010770448816450421,0.14390185752439563,0.0038438837444790225,0.802078465312721,0.00642161121101496,1.0,0.0
tau0.2_k1_lam0.7_R12,0.2,1.0,0.7,12,0.75,main,honestxhonest,all,2000,0.553125,0.010335093094023442,0.11627438304909139,0.0030956408894590656,0.04800971744079863,0.002294329556737847,0.8613385822268235,0.005029158660985861,0.6032599638322538,0.007974583543532978,0.31620714145019946,0.002370097988748176,0.56675,0.010361329418740715,0.11775,0.00534911443723457,0.07735399853737744,0.0024000683258129695,0.8627549187168259,0.005158727440288128,0.612,0.010898962964284649
tau0.2_k1_lam0.7_R12,0.2,1.0,0.7,12,0.75,main,honestxhonest,A_own0,1224,0.8598856209150327,0.008243280118508087,0.12729558301482052,0.004484958195443846,0.06677030179476601,0.002928957620274997,0.8488206271405327,0.007159534761424915,0.37295764288942734,0.007048641890806919,0.29604284094825667,0.0033174308738084636,0.31924019607843135,0.011849680109734605,0.16891339869281047,0.00805034947441504,0.11120757771462156,0.0034129224913540864,0.8130686930937904,0.0069368581659829615,1.0,0.0
tau0.2_k1_lam0.7_R24,0.2,1.0,0.7,24,0.75,main,costlyxhonest,all,2000,0.993875,0.0008644309156340671,0.165319408559187,0.004265389074833634,0.16228766818157483,0.00427283169758793,0.8960396583434699,0.00513174365565052,0.6645158165144228,0.006867921565848019,0.299481390171983,0.0024748549617930166,0.5315,0.010471506635895944,0.508625,0.01050308702744355,0.14758661486470215,0.00249247422396562,0.8664035708474668,0.0048683852335296915,0.612,0.010898962964284649
tau0.2_k1_lam0.7_R24,0.2,1.0,0.7,24,0.75,main,costlyxhonest,A_own0,1224,0.9987745098039216,0.0004992805312600089,0.16355965841960524,0.006251777108860334,0.16262746266931066,0.006236725786489467,0.875450786768291,0.0069306309201701425,0.4791514953817549,0.0064548660565842105,0.2754441761395681,0.003309580567438249,0.2749183006535948,0.011387426886143606,0.25796568627450983,0.011387275613852053,0.14463307913558573,0.0035202075346411495,0.8250224367248857,0.006369802637721002,1.0,0.0
tau0.2_k1_lam0.7_R24,0.2,1.0,0.7,24,0.75,main,attenuatedxhonest,all,2000,0.614375,0.010049579678442113,0.029919188063238202,0.0008095848194559029,0.019374276071990798,0.0007819344256981515,0.8036664827519785,0.0056677056246024335,0.661409652222141,0.008167598254304615,0.4669047377700182,0.005508928204821485,0.535,0.010350292956343847,0.16325,0.0064765493587093026,0.1055251510815098,0.0029422164999595517,0.8558052845818416,0.004823077396628534,0.612,0.010898962964284649
tau0.2_k1_lam0.7_R24,0.2,1.0,0.7,24,0.75,main,attenuatedxhonest,A_own0,1224,0.9589460784313726,0.003125627192035089,0.03353632238553248,0.0011888741135512816,0.030199813574765776,0.001133898892979989,0.7917746466167785,0.00834561188325429,0.47866370667854047,0.009487908572587182,0.5189346940201849,0.007890168741898951,0.2571486928104575,0.010773539428080901,0.2267156862745098,0.00961311843177439,0.1561600164696989,0.003945126440326382,0.8064833978326758,0.00612481696443253,1.0,0.0
tau0.2_k1_lam0.7_R24,0.2,1.0,0.7,24,0.75,main,honestxhonest,all,2000,0.54,0.01041053262781484,0.12322738903957364,0.0032707212036660127,0.04803435470665168,0.0023200568112911888,0.864322784894522,0.0049239834312778405,0.6502688209845144,0.008372855668687484,0.3056371884515103,0.0027435876551267077,0.550125,0.01047326175522204,0.095875,0.004612375113712544,0.08002160645353004,0.0024803190137873596,0.8696065727302443,0.005021685981230017,0.612,0.010898962964284649
tau0.2_k1_lam0.7_R24,0.2,1.0,0.7,24,0.75,main,honestxhonest,A_own0,1224,0.8370098039215687,0.009164768281421948,0.13814002775900794,0.004756473407583429,0.0669477954924855,0.003006245617420184,0.8522112630766235,0.007025474421376073,0.43940874709623756,0.009373186998641007,0.28495867238742534,0.0038942261595485937,0.2920751633986928,0.011701152421975034,0.1343954248366013,0.006954104427306186,0.11588075715333739,0.003494134314168061,0.822329779514825,0.006808850432738297,1.0,0.0
tau0.2_k1_lam0.85_R12,0.2,1.0,0.85,12,0.75,main,costlyxhonest,all,2000,0.993125,0.0009313570209378492,0.15920568930132536,0.004064299728571061,0.1570239990520978,0.004067724075660529,0.8892320262621313,0.004948161491184716,0.6466620913523752,0.0065987137728074855,0.2777496157565301,0.002476458895493756,0.53575,0.010368629272304669,0.50675,0.010441826210836332,0.16336690943735918,0.002769847216901199,0.8553622370414222,0.004836016650918909,0.612,0.010898962964284649
tau0.2_k1_lam0.85_R12,0.2,1.0,0.85,12,0.75,main,costlyxhonest,A_own0,1224,0.9973447712418301,0.0007328061577999063,0.1619302527098605,0.006119795107622774,0.16101205885053432,0.006105020163603801,0.8644389730024767,0.006648294965343291,0.4659621591399957,0.005814717422359917,0.25765148056326037,0.0034107614337332264,0.29105392156862747,0.011460799711127585,0.2659313725490196,0.011448109208962245,0.1541878656003678,0.0037152607187797976,0.8187192999670484,0.006291198252562193,1.0,0.0
tau0.2_k1_lam0.85_R12,0.2,1.0,0.85,12,0.75,main,attenuatedxhonest,all,2000,0.619,0.010059266594648493,0.02836129348363202,0.0008262776740365381,0.01888430774668671,0.0007861968399089425,0.8002694019493517,0.005602965780331493,0.5880687677012006,0.008104738801917996,0.45215118879222604,0.005315666516410888,0.5505,0.010310639147978166,0.18125,0.007062606385356418,0.11572746237211179,0.0030768865060603343,0.8519192880225378,0.004755633720681879,0.612,0.010898962964284649
tau0.2_k1_lam0.85_R12,0.2,1.0,0.85,12,0.75,main,attenuatedxhonest,A_own0,1224,0.9642565359477124,0.0029325683985094025,0.032401367249395484,0.0011861582878338896,0.029516511385466283,0.0011459765354717272,0.788476302210254,0.008231130752103069,0.38100265011133705,0.007835665749132619,0.5195443690440353,0.007340104736072506,0.2839052287581699,0.011261423216997362,0.25531045751633985,0.010565058801256293,0.1688210257087563,0.004109097276262685,0.8047752258692552,0.006033359195438793,1.0,0.0
tau0.2_k1_lam0.85_R12,0.2,1.0,0.85,12,0.75,main,honestxhonest,all,2000,0.54275,0.010303909647653821,0.12011340760754173,0.003441231216859856,0.047087191934466116,0.0023349093455469374,0.8576160481940083,0.004768356872040485,0.6108186390817982,0.008021166319148957,0.3021891971705394,0.002737347019399593,0.557625,0.010356287029047331,0.109625,0.0050330875884328115,0.08965633412808688,0.0025627889118676646,0.8617918269233866,0.004958324533477679,0.612,0.010898962964284649
tau0.2_k1_lam0.85_R12,0.2,1.0,0.85,12,0.75,main,honestxhonest,A_own0,1224,0.8366013071895425,0.009044135367481798,0.13962075835988372,0.005055330110030237,0.06493981244682297,0.0030679598612728992,0.8485018469059482,0.006770219274716147,0.39229530308303284,0.007765978143294461,0.26935527396437614,0.0035569468989442295,0.3069852941176471,0.011679856763160251,0.1497140522875817,0.007590697010521512,0.12574235420476806,0.0035131537907175936,0.8162166196020567,0.006616633020678514,1.0,0.0
tau0.2_k1_lam0.85_R24,0.2,1.0,0.85,24,0.75,main,costlyxhonest,all,2000,0.991875,0.0010071615434910843,0.18545271539323682,0.004995104332521761,0.18020754441237022,0.004976151707544864,0.9056711654551292,0.004913153723631031,0.680044365182781,0.006913805775790309,0.27922122492998586,0.00259607905269808,0.519125,0.010516976542014946,0.490625,0.01053842772509061,0.18685570558464648,0.003205441024556726,0.8612575082767803,0.004720083517126573,0.612,0.010898962964284649
tau0.2_k1_lam0.85_R24,0.2,1.0,0.85,24,0.75,main,costlyxhonest,A_own0,1224,0.9969362745098039,0.0007865098071567025,0.19799494917411367,0.00767522843355838,0.1940584166580421,0.007611870110222514,0.8853317586005195,0.006658371163338275,0.5011779325544917,0.0070377155991442515,0.25736754800677886,0.0035589833780064377,0.2595996732026144,0.01127570341023717,0.23794934640522875,0.011173339575379308,0.1796527992176938,0.004538082258204652,0.8272025103504161,0.006137018608216514,1.0,0.0
tau0.2_k1_lam0.85_R24,0.2,1.0,0.85,24,0.75,main,attenuatedxhonest,all,2000,0.607625,0.00997616241827477,0.03327698182440297,0.0011142098152990489,0.020919719151213413,0.0009819770081533029,0.8048303717998608,0.005420089981582347,0.637056516454368,0.008696466884884757,0.46729895727878024,0.005672005180571289,0.495625,0.010435720234651174,0.124,0.00535444535339761,0.11881916916788532,0.003348504736616193,0.848700348627063,0.005005046488815316,0.612,0.010898962964284649
tau0.2_k1_lam0.85_R24,0.2,1.0,0.85,24,0.75,main,attenuatedxhonest,A_own0,1224,0.9450571895424836,0.003876286368279756,0.04048353473549505,0.0016748182296724029,0.0326147979412905,0.0014655778063709262,0.7956621811198508,0.007911016742696689,0.44914383597720714,0.010156728034507316,0.5334848273569761,0.007871735629315276,0.19158496732026145,0.009472656294607662,0.16115196078431374,0.007925348535709259,0.1731500216759062,0.004590511540785411,0.7971373576532031,0.00654121793504642,1.0,0.0
tau0.2_k1_lam0.85_R24,0.2,1.0,0.85,24,0.75,main,honestxhonest,all,2000,0.516375,0.010432747758879257,0.13339692913433834,0.003874841796152905,0.04177067850134785,0.002143591630572769,0.8614145091931004,0.004612750863518375,0.6655071597432329,0.008342772853391843,0.29105645151413173,0.0030157394158458733,0.53575,0.010570209714887797,0.07425,0.0036954765624357244,0.08643747658832482,0.0024402191137355544,0.8701861498707948,0.004737554082114544,0.612,0.010898962964284649
tau0.2_k1_lam0.85_R24,0.2,1.0,0.85,24,0.75,main,honestxhonest,A_own0,1224,0.797998366013072,0.010240841583186144,0.16195914862295036,0.005782171216895024,0.057576039538124485,0.0027754951057714253,0.8541291573813866,0.006490638954337396,0.4684925312413893,0.009777073810154186,0.258299812822324,0.004038594467028474,0.2716503267973856,0.011571066264983871,0.09395424836601307,0.005332725403311192,0.11953868331087775,0.0032827745927074855,0.8259515028172659,0.006390374056912419,1.0,0.0
tau0.2_k2_lam0.6_R12,0.2,2.0,0.6,12,0.75,main,costlyxhonest,all,2000,0.990875,0.0010779950018956748,0.14575371543302906,0.003721987969111994,0.1366791353796184,0.0037669855752094175,0.8913282069219107,0.005215214319916322,0.6070554863717564,0.006787796364861874,0.3270019520452164,0.002420185667439525,0.567,0.010483520501293949,0.455,0.01090083318292877,0.07253817510946026,0.0021174951042132483,0.8750148743975327,0.00510280172184608,0.612,0.010898962964284649
tau0.2_k2_lam0.6_R12,0.2,2.0,0.6,12,0.75,main,costlyxhonest,A_own0,1224,0.9995915032679739,0.0002887326940674265,0.14812609746689212,0.005436550798197411,0.14678240662566006,0.005410890542075294,0.8711546054125947,0.007320377612582626,0.4140961197394609,0.005432523028421907,0.3317929714241653,0.003758311230948811,0.3161764705882353,0.011953387657024578,0.24611928104575165,0.012037739090488022,0.091363581828598,0.0032528437217811254,0.8306903695438894,0.006905269825536382,1.0,0.0
tau0.2_k2_lam0.6_R12,0.2,2.0,0.6,12,0.75,main,attenuatedxhonest,all,2000,0.632,0.010384696478977141,0.03628043310686076,0.0008441442402358309,0.022655336093623673,0.0008589575556043332,0.8095547247156154,0.005771921840493075,0.5683144247750181,0.007181029936657577,0.4072010340550894,0.004135011249441112,0.574,0.010409006855212264,0.1585,0.007860169599510339,0.07201023226326746,0.0022499187694828677,0.8687682304216942,0.004913396929273404,0.612,0.010898962964284649
tau0.2_k2_lam0.6_R12,0.2,2.0,0.6,12,0.75,main,attenuatedxhonest,A_own0,1224,0.9955065359477124,0.001033938860162526,0.03743734628773373,0.0012459484188334263,0.036716603152634274,0.0012367105650974762,0.7950932652139828,0.008489704701884704,0.3405866654738034,0.003437100426659433,0.4351463980381252,0.005998905647202046,0.3159722222222222,0.011896543465131288,0.24285130718954248,0.011787662064481976,0.10292796245041021,0.0032770056022593365,0.8227991684750985,0.006499592585211137,1.0,0.0
tau0.2_k2_lam0.6_R12,0.2,2.0,0.6,12,0.75,main,honestxhonest,all,2000,0.562125,0.010633903664274495,0.12997747458549475,0.003159900449575438,0.04825161491593521,0.0022831064053782275,0.8781488244373871,0.005247201963050749,0.6021060939592504,0.00758754974583632,0.34943667309121235,0.0028847479842492585,0.571,0.010477804741266085,0.062875,0.004992640124744383,0.06163604967309165,0.002208898912557025,0.8755094509645283,0.005155361989454678,0.612,0.010898962964284649
tau0.2_k2_lam0.6_R12,0.2,2.0,0.6,12,0.75,main,honestxhonest,A_own0,1224,0.8872549019607843,0.007884823904019005,0.13281368914814834,0.00456250171487951,0.06846096636413151,0.0029118010932583575,0.8560442287592176,0.007517596511344641,0.361879812635707,0.005376057513144045,0.3500322937345314,0.0045342630330374965,0.3188316993464052,0.011984746589498612,0.10110294117647059,0.007884181448782338,0.08842968901956502,0.003300850334991183,0.8286370828714873,0.0070625292845792826,1.0,0.0
tau0.2_k2_lam0.6_R24,0.2,2.0,0.6,24,0.75,main,costlyxhonest,all,2000,0.99,0.001109894559391334,0.15396880877016575,0.003989291467928019,0.1334182002501837,0.004016276089082949,0.898010667776412,0.005179079410566347,0.6453857162797176,0.007320128517650901,0.3272658505805515,0.00266696688666014,0.556625,0.010574123402455882,0.3755,0.010582692081216523,0.07321356841394365,0.00230016317891173,0.8794718323549792,0.004981639966136994,0.612,0.010898962964284649
tau0.2_k2_lam0.6_R24,0.2,2.0,0.6,24,0.75,main,costlyxhonest,A_own0,1224,0.9987745098039216,0.0004992805312600089,0.15800627658544553,0.005863421784569516,0.15043009326407542,0.005735039522251951,0.8778153976995012,0.007303714797154197,0.43968971062981255,0.006712179936422692,0.3257420507840712,0.004030294243881928,0.2994281045751634,0.011914761108910224,0.22712418300653595,0.011655429206098394,0.09816206232347902,0.0034661308156194144,0.8360718190114194,0.0067714682578476505,1.0,0.0
tau0.2_k2_lam0.6_R24,0.2,2.0,0.6,24,0.75,main,attenuatedxhonest,all,2000,0.63475,0.010265483857540019,0.037220250633527914,0.0009012981555787317,0.02342901829041766,0.0009173566131274334,0.8106782800391079,0.005721719265800604,0.5635673536451201,0.0075620599136282645,0.4568386950894583,0.005204715910123732,0.56625,0.010482922521047797,0.153125,0.007647057010900599,0.0791985623087823,0.002521734588950724,0.8672983031332031,0.0048436235476560854,0.612,0.010898962964284649
tau0.2_k2_lam0.6_R24,0.2,2.0,0.6,24,0.75,main,attenuatedxhonest,A_own0,1224,0.9924428104575164,0.0012903930317909559,0.039137528877043144,0.0013514787672344528,0.03793518430016479,0.001330269013231737,0.7971296983245705,0.008397092232928059,0.3320077869221911,0.004220134176602962,0.476681305544116,0.007347467266638077,0.3043300653594771,0.011862150918975889,0.23386437908496732,0.011475195931450397,0.11646396699839666,0.0035916679112799445,0.8204720174549303,0.006354350861196593,1.0,0.0
tau0.2_k2_lam0.6_R24,0.2,2.0,0.6,24,0.75,main,honestxhonest,all,2000,0.553875,0.01063142185941638,0.13335944542100123,0.0032776035163470745,0.047007735062098474,0.00228114970225754,0.8807760995085343,0.005186512284402046,0.5922819024061464,0.007889150884997745,0.34291282023631403,0.0029535578177091264,0.560875,0.01057857245970091,0.05025,0.0044013810136607915,0.06447747380018037,0.0023779024239865836,0.8793417520674811,0.005068432459596092,0.612,0.010898962964284649
tau0.2_k2_lam0.6_R24,0.2,2.0,0.6,24,0.75,main,honestxhonest,A_own0,1224,0.8707107843137255,0.008556699026027416,0.13851509997373745,0.004759413253256356,0.06621487429470764,0.0028899408488119345,0.8602769644329676,0.007433131337519583,0.34071158722504213,0.005480937854984658,0.34607232823542056,0.0045482560180454485,0.30187908496732024,0.011958722779811491,0.07945261437908496,0.006957407240387959,0.09478629260400499,0.0035167112896312344,0.8351638226674832,0.006919512599673849,1.0,0.0
tau0.2_k2_lam0.7_R12,0.2,2.0,0.7,12,0.75,main,costlyxhonest,all,2000,0.99175,0.0010296838711163821,0.1511049208094414,0.003905398988004506,0.14290620601726184,0.003944106933986862,0.8939031399191633,0.00510015638013132,0.6328558419673719,0.0071240309402502856,0.32248405539324926,0.002443643623058772,0.567375,0.010490517392630476,0.45775,0.01088912325454287,0.07949335683182593,0.002256783101462156,0.8734020402468946,0.005041267958000922,0.612,0.010898962964284649
tau0.2_k2_lam0.7_R12,0.2,2.0,0.7,12,0.75,main,costlyxhonest,A_own0,1224,0.9993872549019608,0.0003534791660243543,0.15680530442607554,0.005789644935367216,0.15482430887545445,0.005761785283086843,0.8739274946288071,0.007153478141471958,0.4298812842271896,0.006188667517224228,0.31479721972628394,0.00361549952066862,0.31638071895424835,0.011971658414483093,0.24223856209150327,0.011905412953156756,0.10273283866551795,0.0034312690657289212,0.8289272754481525,0.006810579358821002,1.0,0.0
tau0.2_k2_lam0.7_R12,0.2,2.0,0.7,12,0.75,main,attenuatedxhonest,all,2000,0.63275,0.010331606351139083,0.03579677295506356,0.0008928913703596758,0.02264179389880197,0.0008916919405355723,0.8086983314064169,0.005699106988151454,0.5439114586167859,0.007196824091901327,0.4257764261040927,0.004711706108886284,0.5735,0.010407775261454604,0.155,0.007698515023482346,0.07755053502059261,0.002428418320155099,0.8597704191450947,0.0049497867908109075,0.612,0.010898962964284649
tau0.2_k2_lam0.7_R12,0.2,2.0,0.7,12,0.75,main,attenuatedxhonest,A_own0,1224,0.9932598039215687,0.0012278677256249589,0.037820674360249586,0.001312283084575642,0.036300698117331845,0.0012831230476536997,0.7951019088072067,0.008377754706504002,0.3288225055751715,0.0031619822321229036,0.4680764440538327,0.00686557920001456,0.31413398692810457,0.011850274529526807,0.23876633986928106,0.011581360283684387,0.113831574868125,0.0034494314810849976,0.8089517438145228,0.006459546552939568,1.0,0.0
tau0.2_k2_lam0.7_R12,0.2,2.0,0.7,12,0.75,main,honestxhonest,all,2000,0.555625,0.010637204978394287,0.13244722999722144,0.0033063163693898756,0.048800548816183946,0.002332007803962847,0.8776184876008004,0.005083462114363872,0.5965921854494954,0.007554323760425978,0.3411531371389823,0.00279462870787006,0.572,0.010483341558163245,0.05625,0.004635861770715191,0.06610693791389616,0.002368582554155184,0.8733897786096693,0.005136084462076884,0.612,0.010898962964284649
tau0.2_k2_lam0.7_R12,0.2,2.0,0.7,12,0.75,main,honestxhonest,A_own0,1224,0.8743872549019608,0.008365119042841972,0.14047028072582118,0.00484521877227297,0.06906918565997064,0.0030019015161768694,0.8585515795891584,0.00726995999058449,0.36245876763741647,0.005483765235252737,0.3356051036180448,0.004266463599454743,0.320874183006536,0.012030664227708213,0.09048202614379085,0.007340793050711469,0.09569228654901889,0.0034829085283574162,0.8261716315512214,0.00704775843703868,1.0,0.0
tau0.2_k2_lam0.7_R24,0.2,2.0,0.7,24,0.75,main,costlyxhonest,all,2000,0.98925,0.0011342892294419504,0.16005609178905478,0.004255008520603959,0.1344299015826072,0.004194624553422489,0.8995557668381287,0.0050825041377651065,0.6543425603116202,0.007339338248911929,0.3208545643727744,0.002540631543504353,0.559375,0.010554732629391373,0.369125,0.010534501889151013,0.08156614737259332,0.0024890238271830043,0.8779501060545137,0.004922722624837027,0.612,0.010898962964284649
tau0.2_k2_lam0.7_R24,0.2,2.0,0.7,24,0.75,main,costlyxhonest,A_own0,1224,0.997140522875817,0.0007601548405021571,0.16856990161159394,0.00633484637818961,0.15237497557106075,0.006063277193600628,0.8806618324995017,0.007111489425355033,0.45155591888294194,0.0069951823952330685,0.31156533563967687,0.003799517082305027,0.3020833333333333,0.01191427297535241,0.21772875816993464,0.011449157977696885,0.11107371347676223,0.00368717771813956,0.835211564995363,0.006651147146621953,1.0,0.0
tau0.2_k2_lam0.7_R24,0.2,2.0,0.7,24,0.75,main,attenuatedxhonest,all,2000,0.63625,0.010237266215146496,0.03746313115262137,0.0009592075869860819,0.0241497549048833,0.0009627342032700814,0.8099916777450794,0.005637010432126038,0.5629380960088719,0.00754972568469205,0.45587339358788237,0.005554916676513837,0.562,0.010478031521821557,0.137375,0.007229250356562492,0.08910558717983724,0.002753355555440286,0.8603387543125339,0.004833491094720069,0.612,0.010898962964284649
tau0.2_k2_lam0.7_R24,0.2,2.0,0.7,24,0.75,main,attenuatedxhonest,A_own0,1224,0.991421568627451,0.0014238693755575858,0.04027065930809881,0.0014204782300672766,0.03823201553641902,0.0013690269302713434,0.7965914000006641,0.008282767657265018,0.362017289858216,0.005172605806103717,0.49991870738633465,0.008074236906437689,0.29187091503267976,0.011610411737356609,0.21486928104575165,0.011041163964622864,0.13161520854985076,0.0038449996278529745,0.810702702736963,0.006190777103791365,1.0,0.0
tau0.2_k2_lam0.7_R24,0.2,2.0,0.7,24,0.75,main,honestxhonest,all,2000,0.547875,0.01062813934141015,0.1357576153381885,0.003475334067685281,0.04604540770826663,0.002306604449181343,0.8791453697171328,0.005064308407639198,0.6005238802934164,0.007898186415733326,0.33483865182690453,0.002829242347750314,0.562625,0.010560146212601214,0.043625,0.003993373035617984,0.07308749130586101,0.002552803845061626,0.8775869243172966,0.005009868884098304,0.612,0.010898962964284649
tau0.2_k2_lam0.7_R24,0.2,2.0,0.7,24,0.75,main,honestxhonest,A_own0,1224,0.8586601307189542,0.008917794985901187,0.14486234446468504,0.005117531417650688,0.06345340760054469,0.0028926574616968946,0.8614507205722947,0.007218482937010674,0.35771292080741274,0.006128487487174309,0.33277789563118104,0.004330960771267492,0.30514705882352944,0.011971198245564573,0.07005718954248366,0.006392947524694123,0.10646771717549203,0.0037192579058100894,0.833775296444384,0.006807626502913934,1.0,0.0
tau0.2_k2_lam0.85_R12,0.2,2.0,0.85,12,0.75,main,costlyxhonest,all,2000,0.98975,0.0011366022533591824,0.16255266238565497,0.004380185740562772,0.15137527944032186,0.004411754119805262,0.8943675551261904,0.004886462431895086,0.6468112173246402,0.007098114467552396,0.29336686497954995,0.0027144132557940853,0.5665,0.010594869070701755,0.4635,0.01089091047458764,0.07728163927731173,0.0019438802182717505,0.8764682845157131,0.0048311291774050065,0.612,0.010898962964284649
tau0.2_k2_lam0.85_R12,0.2,2.0,0.85,12,0.75,main,costlyxhonest,A_own0,1224,0.9987745098039216,0.0004992805312600089,0.17586129901015768,0.006634535380948835,0.17173849293929072,0.0065787659338274835,0.8737630494542408,0.006765372909221379,0.44868238390989895,0.006496303460393457,0.27216585004726873,0.00384508536991746,0.31495098039215685,0.012217921131786068,0.26205065359477125,0.012290787723447811,0.09614230365950384,0.0028412631933331,0.8383565380125145,0.006468788907240101,1.0,0.0
tau0.2_k2_lam0.85_R12,0.2,2.0,0.85,12,0.75,main,attenuatedxhonest,all,2000,0.6345,0.01029601276900285,0.03304528640858276,0.0009612694349747851,0.0223954423602219,0.0009622421660112304,0.8058946823432078,0.005559078845326278,0.5290023006296569,0.007274558724915524,0.4439981411359372,0.005485107884698046,0.5555,0.01048581666707881,0.14025,0.007318931078105806,0.08300381499236147,0.0024573662512255034,0.8591623388641064,0.004850694859373252,0.612,0.010898962964284649
tau0.2_k2_lam0.85_R12,0.2,2.0,0.85,12,0.75,main,attenuatedxhonest,A_own0,1224,0.9926470588235294,0.0012419137413476494,0.03645129247833946,0.0014263647093545474,0.03574723838251984,0.0014097097869313928,0.7934787297040495,0.008140259848467982,0.3380701578503139,0.004096952987704115,0.5102677741784081,0.007835670698962743,0.28084150326797386,0.011446909859912216,0.2193627450980392,0.01119473342154011,0.11986230673683376,0.0033728954813558097,0.8119529696499482,0.006161695568781035,1.0,0.0
tau0.2_k2_lam0.85_R12,0.2,2.0,0.85,12,0.75,main,honestxhonest,all,2000,0.541125,0.010602532670877204,0.13464919677653017,0.0036774146554098626,0.04463300370047203,0.0023973032464220793,0.8703823454020916,0.004797555798141509,0.5891318450224086,0.0075986369713661826,0.33487415591322517,0.003074682976202605,0.569125,0.010610798118230923,0.0515,0.00444719167080512,0.06603953749236809,0.002086820155493047,0.8780639235471506,0.004940813369182519,0.612,0.010898962964284649
tau0.2_k2_lam0.85_R12,0.2,2.0,0.85,12,0.75,main,honestxhonest,A_own0,1224,0.846609477124183,0.009224886979590726,0.15243083468329274,0.005460229052142311,0.061870737656527584,0.0031080924767734257,0.8549384269019317,0.006807363508301118,0.3705064492368804,0.006114816167743249,0.3211596380126205,0.004610410832986833,0.31719771241830064,0.012284691637824119,0.08190359477124183,0.0070594411424681775,0.0922575736356055,0.0029034332973847774,0.8359598079953148,0.00674488893483434,1.0,0.0
tau0.2_k2_lam0.85_R24,0.2,2.0,0.85,24,0.75,main,costlyxhonest,all,2000,0.987625,0.0012383745286611066,0.17199228272018363,0.004665524206716304,0.14040226659944624,0.004551187910774483,0.9000202801032481,0.004833465309693058,0.6769736881705322,0.007386149166124494,0.29523625264395703,0.002636665075137358,0.549375,0.010686324365829714,0.357375,0.010474351326232695,0.0779374386893573,0.002156135307889541,0.8794941974993744,0.00478220910278869,0.612,0.010898962964284649
tau0.2_k2_lam0.85_R24,0.2,2.0,0.85,24,0.75,main,costlyxhonest,A_own0,1224,0.9950980392156863,0.0010324201574374906,0.1871769432550577,0.007069248334933684,0.16307555809856086,0.0067167490000069555,0.8790843040099635,0.006743964629579117,0.48856504821766067,0.007925224621005606,0.27547364975803523,0.0037983712178563983,0.2883986928104575,0.012003734047744413,0.207312091503268,0.011309196542661982,0.10226089259344796,0.0031407485172974064,0.8390632639807446,0.00650996026915657,1.0,0.0
tau0.2_k2_lam0.85_R24,0.2,2.0,0.85,24,0.75,main,attenuatedxhonest,all,2000,0.634625,0.010163000195512494,0.035035666428246105,0.0010858271790961066,0.02249981869328538,0.0010308047025802494,0.8085656521417319,0.005468653310610482,0.5233453733731539,0.007802916968164219,0.45501755093605184,0.005660040192610734,0.506375,0.010508354649811886,0.072875,0.005211052650123694,0.10073465246738077,0.0030946793760583085,0.8460816571007915,0.005221350323944544,0.612,0.010898962964284649
tau0.2_k2_lam0.85_R24,0.2,2.0,0.85,24,0.75,main,attenuatedxhonest,A_own0,1224,0.9850898692810458,0.002070177565705755,0.04011929125202929,0.0016518447592072363,0.035671309970519954,0.001523626181726078,0.7977576105848617,0.0079877143725072,0.3331721147475353,0.005297287514439006,0.5184889275679413,0.008085168951680335,0.19648692810457516,0.009509487385366363,0.1133578431372549,0.008171602442944868,0.1481574758344683,0.004300825931987746,0.7910909965718136,0.0067315393133511245,1.0,0.0
tau0.2_k2_lam0.85_R24,0.2,2.0,0.85,24,0.75,main,honestxhonest,all,2000,0.521875,0.01065900672669362,0.13953292773297668,0.003946790981965607,0.03677995808370282,0.002050930746379644,0.8748333348958004,0.004706102558136988,0.6055667613702201,0.007976563185605624,0.33017444058780937,0.003193361601525754,0.549375,0.010692174286972294,0.01425,0.0020828196798833676,0.07368417814550682,0.002349160463016904,0.8813833243109943,0.004811730520480579,0.612,0.010898962964284649
tau0.2_k2_lam0.85_R24,0.2,2.0,0.85,24,0.75,main,honestxhonest,A_own0,1224,0.8112745098039216,0.010307059635760056,0.15922046113054153,0.005862794714587331,0.046515080756398125,0.0021808155039714193,0.8618835698887242,0.006665619678524362,0.37503765222394897,0.006962936069999815,0.3210294549568533,0.004855041345710825,0.2849264705882353,0.011951422761962921,0.022058823529411766,0.0033354982072543644,0.10405261983665502,0.003288991932608802,0.8409146215791524,0.006526466216258054,1.0,0.0
tau0.4_k1_lam0.6_R12,0.4,1.0,0.6,12,0.75,main,costlyxhonest,all,2000,0.963625,0.0021751828423603493,0.13052464962389457,0.0033610916106371204,0.11938559568897472,0.003355751630571991,0.8680148442109098,0.005442803120923228,0.5777613763704403,0.0046993745757476285,0.3303280378216724,0.0012321961133357332,0.621125,0.008102488342859438,0.46875,0.00879739540051011,0.11494873739483848,0.0027555762342083177,0.8584028034797379,0.005237173460811193,0.612,0.010898962964284649
tau0.4_k1_lam0.6_R12,0.4,1.0,0.6,12,0.75,main,costlyxhonest,A_own0,1224,0.9887663398692811,0.0014809280621914515,0.12107475270128337,0.004516286138914766,0.11599183646369891,0.004416231007708686,0.8522193790395401,0.007603771264732833,0.48625028086377514,0.0037136462318145013,0.32353253559360284,0.001592472691024941,0.45894607843137253,0.009790870755516332,0.32945261437908496,0.010517378905449473,0.11606807641418687,0.0037981380933213445,0.8202506831041501,0.006987069720880817,1.0,0.0
tau0.4_k1_lam0.6_R12,0.4,1.0,0.6,12,0.75,main,attenuatedxhonest,all,2000,0.67075,0.0076535290555077755,0.02838580112820932,0.0006780165216416477,0.015909372352107435,0.0006141120208965852,0.8018689140947749,0.005841777803976099,0.6554685056719997,0.0074171300529400665,0.3560328430202391,0.001990442666811563,0.650875,0.007926011166659242,0.31375,0.0068891544455388165,0.09727731370005906,0.002648569026721792,0.8541489892515155,0.00525930082221193,0.612,0.010898962964284649
tau0.4_k1_lam0.6_R12,0.4,1.0,0.6,12,0.75,main,attenuatedxhonest,A_own0,1224,0.8939950980392157,0.0045365988753444395,0.027471661079527747,0.0009241644733415183,0.02250699699323217,0.0008730522418228128,0.7869632019211049,0.008647583302875704,0.5113753235972708,0.008944919115322934,0.37547197201135263,0.0026585571460899706,0.4854983660130719,0.00983530847077434,0.3647875816993464,0.00949199534347661,0.12747727587758098,0.0038431950327445,0.8021264757982552,0.007102904947236974,1.0,0.0
tau0.4_k1_lam0.6_R12,0.4,1.0,0.6,12,0.75,main,honestxhonest,all,2000,0.639125,0.00803476950185716,0.11766161101452383,0.0030534733698704577,0.05517747909029386,0.002492918955619338,0.8604452483586627,0.005340559616094384,0.6663480448238996,0.0073768430620933184,0.33868811325199155,0.0014888637114440313,0.64475,0.008059928658182247,0.263125,0.00633291363315832,0.08308052555630917,0.002514379482333964,0.859277346411073,0.005437735824818756,0.612,0.010898962964284649
tau0.4_k1_lam0.6_R12,0.4,1.0,0.6,12,0.75,main,honestxhonest,A_own0,1224,0.8543709150326797,0.006256913064122678,0.11458632807040282,0.004076716897725032,0.06729777808377196,0.0029496719862038595,0.8431731672947629,0.007648649614754047,0.5123661355982602,0.008819036011401682,0.3246184882135084,0.0019778717045713127,0.4848856209150327,0.010038344017469438,0.30943627450980393,0.00875011923306751,0.1080470700367536,0.003579277250436793,0.8067671920595759,0.007457541607528102,1.0,0.0
tau0.4_k1_lam0.6_R24,0.4,1.0,0.6,24,0.75,main,costlyxhonest,all,2000,0.956,0.002481950853667334,0.14217104719187326,0.003764229888627568,0.12393847324144729,0.003718603529093491,0.8854941446105288,0.005154355764020018,0.6803851371506545,0.005174427971252795,0.3221986200294436,0.001998744531709484,0.61225,0.008337624166293968,0.444625,0.008731511858616958,0.1123276325022508,0.002482124989662957,0.8670780919348501,0.005102906340365482,0.612,0.010898962964284649
tau0.4_k1_lam0.6_R24,0.4,1.0,0.6,24,0.75,main,costlyxhonest,A_own0,1224,0.9859068627450981,0.0018402382751467326,0.13698353064127014,0.005355087463144116,0.12700364562276809,0.005156940399350444,0.8684461806344532,0.007031409368294543,0.5625107164575693,0.004580116629593883,0.3066480780536383,0.0026715878228533675,0.43729575163398693,0.009926405160145674,0.3082107843137255,0.010205633932549644,0.11438367245343008,0.0035524844947214967,0.8294139992192817,0.006787092933124761,1.0,0.0
tau0.4_k1_lam0.6_R24,0.4,1.0,0.6,24,0.75,main,attenuatedxhonest,all,2000,0.668125,0.007601743907993833,0.030060356766374405,0.000743230617800381,0.016052982680264987,0.0006601490589090346,0.8043040321618146,0.005754822528242996,0.7634586378226144,0.006941029976808569,0.41678433495357003,0.003911075099918805,0.62975,0.008247589351747426,0.290125,0.0066460666780167295,0.08379657953536435,0.00250311491497409,0.8627164031040563,0.004968109288103982,0.612,0.010898962964284649
tau0.4_k1_lam0.6_R24,0.4,1.0,0.6,24,0.75,main,attenuatedxhonest,A_own0,1224,0.8897058823529411,0.004595262562009789,0.030097603338370405,0.0010563490674119227,0.022624088596184436,0.0009479198342792708,0.7897758690672518,0.00847898516894775,0.6666524022510368,0.009285870072012559,0.4494588735518762,0.005428104020512641,0.4483251633986928,0.009953090430774915,0.3321078431372549,0.009105891630530986,0.1184568341334344,0.0035950666580010847,0.8142880131948796,0.006693746052719797,1.0,0.0
tau0.4_k1_lam0.6_R24,0.4,1.0,0.6,24,0.75,main,honestxhonest,all,2000,0.634,0.008079194680990592,0.12175322899647138,0.003227226562242211,0.051932109085667234,0.0024494116930937194,0.870687326811478,0.005006494762502425,0.7640484270792046,0.007030519944664925,0.31915813399004794,0.002177766685093693,0.627,0.008359227736111278,0.24025,0.006046858771337416,0.06685537211731263,0.0021623930949755954,0.8716276291095242,0.00511617891478703,0.612,0.010898962964284649
tau0.4_k1_lam0.6_R24,0.4,1.0,0.6,24,0.75,main,honestxhonest,A_own0,1224,0.8480392156862745,0.00665182472605678,0.12313705042059002,0.004497698509432389,0.06593349873095694,0.0030741817709233673,0.8551321595626133,0.007101503094193572,0.6385032399646267,0.009473316674055486,0.2986329962719997,0.002885445520234517,0.4507761437908497,0.010145952389989278,0.2785947712418301,0.008350117890880854,0.09194624696984312,0.003088509521032256,0.8261112882756905,0.007046526423245171,1.0,0.0
tau0.4_k1_lam0.7_R12,0.4,1.0,0.7,12,0.75,main,costlyxhonest,all,2000,0.9625,0.0022190847592159007,0.13545419436161138,0.0035094462656737584,0.12212912424245649,0.003470942307476865,0.8739105840105655,0.005212559129636319,0.5919065573182932,0.004853701332674879,0.31549840644983984,0.0017578028494101654,0.620125,0.00809449674941643,0.469125,0.008814921645102959,0.14527471492823138,0.0032685307831000804,0.8557456774240545,0.0050592188783874946,0.612,0.010898962964284649
tau0.4_k1_lam0.7_R12,0.4,1.0,0.7,12,0.75,main,costlyxhonest,A_own0,1224,0.9881535947712419,0.001546073065623163,0.12992858905395055,0.0050067514480846035,0.12236802729704953,0.004847224946488741,0.8561115214771975,0.007231196220550841,0.49528729484569206,0.004027551108031683,0.3051824658538971,0.002383868697899614,0.45669934640522875,0.00975089291409251,0.3257761437908497,0.010448029682822891,0.14205880927960912,0.004434238203430941,0.8184721052276476,0.006707836181871761,1.0,0.0
tau0.4_k1_lam0.7_R12,0.4,1.0,0.7,12,0.75,main,attenuatedxhonest,all,2000,0.67175,0.0076156889451352025,0.027647956804896415,0.0006978298277274834,0.015619100916855595,0.0006227724473784078,0.8005224388026536,0.005768336395294861,0.6422517952153881,0.007487615127716408,0.38273799311992723,0.003036779141704606,0.648,0.00792452831874158,0.313,0.006842525855270115,0.10709587299616292,0.0031035090461298933,0.8513737577411944,0.005138585905509578,0.612,0.010898962964284649
tau0.4_k1_lam0.7_R12,0.4,1.0,0.7,12,0.75,main,attenuatedxhonest,A_own0,1224,0.8927696078431373,0.004559010302966839,0.02750320289235896,0.0009575041944017686,0.02203411238991329,0.0008896975502996543,0.7866486684615882,0.008525985095311165,0.5045385240466002,0.009001776432914641,0.4158220930126911,0.004151781533322208,0.4812091503267974,0.009784669138196247,0.3627450980392157,0.009428224205131269,0.1494878978380953,0.0044411036939811565,0.8007763508669894,0.006884245931426367,1.0,0.0
tau0.4_k1_lam0.7_R12,0.4,1.0,0.7,12,0.75,main,honestxhonest,all,2000,0.6375,0.007989292171068557,0.11872254563706355,0.003159039318561655,0.05499527384618121,0.002495651909680403,0.8583845092052422,0.005143508596348139,0.6539831590336985,0.00743056402684889,0.3270474309922655,0.0018645025519694006,0.640875,0.008048688270702218,0.2655,0.006269432022834641,0.08981392171689073,0.002832891143527746,0.8573645310864358,0.005268283755162405,0.612,0.010898962964284649
tau0.4_k1_lam0.7_R12,0.4,1.0,0.7,12,0.75,main,honestxhonest,A_own0,1224,0.8484477124183006,0.0063841616298298985,0.12019498957909239,0.004356796976284145,0.06717054872059716,0.0030544747968893403,0.8450773665312841,0.007333633736246088,0.5026826141106369,0.008863475710462584,0.30608101054040604,0.0024524712739100265,0.4803921568627451,0.00997355174486267,0.306781045751634,0.00860346166441625,0.12221048632970993,0.003998248360395673,0.8073247316200881,0.007158765551291239,1.0,0.0
tau0.4_k1_lam0.7_R24,0.4,1.0,0.7,24,0.75,main,costlyxhonest,all,2000,0.9555,0.0024200316685197157,0.15071903517948143,0.0039691464650757555,0.12920181293441646,0.0038727736563344104,0.8890123511719424,0.005018977023814009,0.692387412829756,0.005346524562778913,0.3057093903706776,0.002308574624557075,0.613875,0.008286129805951663,0.445125,0.008675619596039675,0.14379224831322768,0.0029659706602520484,0.8626537932774211,0.004954312409425109,0.612,0.010898962964284649
tau0.4_k1_lam0.7_R24,0.4,1.0,0.7,24,0.75,main,costlyxhonest,A_own0,1224,0.9840686274509803,0.001861881564639826,0.14883849607376146,0.0058371736990992995,0.13450859059116205,0.005547310991589112,0.8699851265395546,0.006765665839244503,0.5697664525279541,0.0049895109125352435,0.2869391254322174,0.0032013381787908265,0.4397467320261438,0.009900929655834138,0.3037173202614379,0.010048660266914582,0.1398828825939025,0.004000576886648637,0.8238096684606684,0.006615970189272586,1.0,0.0
tau0.4_k1_lam0.7_R24,0.4,1.0,0.7,24,0.75,main,attenuatedxhonest,all,2000,0.66825,0.00758285688967586,0.029325498649897575,0.000769252980062704,0.015847157707936918,0.0006714323418241197,0.8023427113812382,0.0056847077010010036,0.7513620988946789,0.007146569419433192,0.4413739176927114,0.004764845673065078,0.624,0.008219764733015967,0.289,0.006548735982728708,0.09601874679185045,0.0028103314123423527,0.8589157599789539,0.00486119877997982,0.612,0.010898962964284649
tau0.4_k1_lam0.7_R24,0.4,1.0,0.7,24,0.75,main,attenuatedxhonest,A_own0,1224,0.8882761437908496,0.0046259765689484755,0.030403703962102267,0.0011006222912821773,0.02226678948141222,0.0009644265167223268,0.7890118418402015,0.008364028927172022,0.6628187864031327,0.009450794446133098,0.4870544719846774,0.006603233835551577,0.4383169934640523,0.009734192132607969,0.32883986928104575,0.00895400557009666,0.13746014085775216,0.0039536805452944565,0.8110292487237697,0.006498407634438492,1.0,0.0
tau0.4_k1_lam0.7_R24,0.4,1.0,0.7,24,0.75,main,honestxhonest,all,2000,0.6295,0.008036458631366606,0.1225744014877216,0.003342734547624887,0.05149107061055328,0.002443066217445388,0.8668157500931202,0.004833907791716775,0.7570413412793159,0.007159409170003474,0.3075121286044829,0.002494457208535917,0.624625,0.00830116765158311,0.239375,0.005890269715909712,0.07882530258884214,0.0024455466643907987,0.8682691249360421,0.005002315478579844,0.612,0.010898962964284649
tau0.4_k1_lam0.7_R24,0.4,1.0,0.7,24,0.75,main,honestxhonest,A_own0,1224,0.8384395424836601,0.006922667589182134,0.12898858545815528,0.004761323414418711,0.06610850232570908,0.0031744961215157447,0.8544636823847548,0.006838358855511158,0.6386547881722848,0.009578588459632732,0.28072632350522847,0.00336381792039865,0.44750816993464054,0.009991469030869888,0.2704248366013072,0.00807002192722641,0.10925128296772244,0.003422069600781466,0.8232680717508256,0.006881644451682672,1.0,0.0
tau0.4_k1_lam0.85_R12,0.4,1.0,0.85,12,0.75,main,costlyxhonest,all,2000,0.9625,0.0022331297396741435,0.13896973608434768,0.003686085534027805,0.1262480085047897,0.0036610689731919797,0.875677018177299,0.005074980185209027,0.6090831470219819,0.00514048211305612,0.2960567136045808,0.0021726429795004675,0.620375,0.008030585273653391,0.471625,0.008767567496598112,0.18412517276535312,0.0038423191052330344,0.8496239231163972,0.004954373205606523,0.612,0.010898962964284649
tau0.4_k1_lam0.85_R12,0.4,1.0,0.85,12,0.75,main,costlyxhonest,A_own0,1224,0.9889705882352942,0.001496201021991142,0.13690692296734575,0.005444393264056776,0.1311627547176358,0.005321613987153036,0.8552184639255839,0.006943615181242241,0.5096410800902553,0.0045391298628515864,0.2830015645648608,0.0030287554332821746,0.4585375816993464,0.009660667593709779,0.3243464052287582,0.010394350733194158,0.16938035414825395,0.004883596767970749,0.8151582407962165,0.006515668198772719,1.0,0.0
tau0.4_k1_lam0.85_R12,0.4,1.0,0.85,12,0.75,main,attenuatedxhonest,all,2000,0.670625,0.00757589115225895,0.026812622778566744,0.0007253083545627437,0.015216024577808213,0.0006418012632164686,0.7984425829068366,0.005706467010531979,0.6249904336052405,0.007661139982267347,0.41287501289207046,0.003985424271789296,0.642,0.007898524757616028,0.31375,0.006723787876763056,0.125741173959402,0.003603359605980348,0.8484463566386992,0.005086154137585153,0.612,0.010898962964284649
tau0.4_k1_lam0.85_R12,0.4,1.0,0.85,12,0.75,main,attenuatedxhonest,A_own0,1224,0.8884803921568627,0.004643511250843501,0.02708823705806871,0.0010000468039252095,0.02139812347731884,0.0009228088652773982,0.7854640152487412,0.008412946478268925,0.49375758744310344,0.009213870752504126,0.4543475741017781,0.005433563083010108,0.47344771241830064,0.009636565719291177,0.35804738562091504,0.009247843213381473,0.1795896907106077,0.005084816904265749,0.800944246901133,0.006762022939534965,1.0,0.0
tau0.4_k1_lam0.85_R12,0.4,1.0,0.85,12,0.75,main,honestxhonest,all,2000,0.63575,0.007896099856668051,0.11859566541997234,0.003324847672981409,0.054888026065018275,0.0025557247708088,0.8541867566703206,0.004996523181460253,0.6417261795898114,0.007542597983425037,0.3103498864482676,0.00221102557420793,0.637875,0.008000726404458505,0.271875,0.006286085795215684,0.10454207715196816,0.0031908705685922707,0.8551724298385807,0.005116503883997132,0.612,0.010898962964284649
tau0.4_k1_lam0.85_R12,0.4,1.0,0.85,12,0.75,main,honestxhonest,A_own0,1224,0.8415032679738562,0.006442211439760269,0.12417026561577817,0.0046622604696207074,0.06726507774086225,0.003211611284686553,0.84506187195229,0.0070122377083311075,0.4972497510441052,0.009043362795727438,0.28439088822372655,0.0029354906129893184,0.47732843137254904,0.00981417142418499,0.31147875816993464,0.008574587384611369,0.14284894014261632,0.004441687438291048,0.808762571235002,0.006914710024699536,1.0,0.0
tau0.4_k1_lam0.85_R24,0.4,1.0,0.85,24,0.75,main,costlyxhonest,all,2000,0.952125,0.0025429511375061596,0.16430004464935316,0.004482039607638248,0.1384494353137111,0.0043269895421693206,0.8910008288778872,0.004996560309853119,0.7054645292806463,0.005501835085609958,0.29270268488027446,0.0024292809850196013,0.611125,0.008244329971309852,0.44425,0.008653881417132482,0.173820867124059,0.0034720776513261996,0.8568991106801275,0.004848026003150979,0.612,0.010898962964284649
tau0.4_k1_lam0.85_R24,0.4,1.0,0.85,24,0.75,main,costlyxhonest,A_own0,1224,0.9791666666666666,0.0022149044951962475,0.1709823920208492,0.006844138555949805,0.15072203168445697,0.0064747281372513395,0.8691662887207527,0.006723006591972873,0.5809713841710281,0.005498817973353543,0.27232763064720045,0.0033344141303630185,0.4354575163398693,0.009787513413440202,0.2959558823529412,0.009866583427500188,0.1690929754873079,0.004635174584746727,0.8181791548863512,0.006479591809883478,1.0,0.0
tau0.4_k1_lam0.85_R24,0.4,1.0,0.85,24,0.75,main,attenuatedxhonest,all,2000,0.665375,0.007547410906608742,0.03007280028292914,0.000872983652196997,0.015872264124408064,0.0007278017046649892,0.8012180399711283,0.005585221308223182,0.7293371554288421,0.007615018959367074,0.4525692594236266,0.005137847252579647,0.615875,0.008217261032542321,0.280875,0.006304471854976045,0.11224123005869631,0.003215777524454661,0.8533080019813404,0.0048480596520208506,0.612,0.010898962964284649
tau0.4_k1_lam0.85_R24,0.4,1.0,0.85,24,0.75,main,attenuatedxhonest,A_own0,1224,0.8819444444444444,0.004779162391087311,0.03227921540882147,0.0012665731259482432,0.02245892215796347,0.0010704435277495694,0.7886753499656689,0.008192725523284879,0.6464851423539226,0.009990214088344598,0.5048306244353378,0.007069702730334375,0.4250408496732026,0.009559935910361474,0.3137254901960784,0.008524509823512844,0.1582696012077157,0.00445708343060104,0.8052818701883934,0.00649406118542091,1.0,0.0
tau0.4_k1_lam0.85_R24,0.4,1.0,0.85,24,0.75,main,honestxhonest,all,2000,0.6215,0.008017232253496417,0.12700434152719192,0.003643327833588056,0.049970192503547124,0.002509970276685204,0.8627626597489683,0.004741983677995937,0.7508075216777128,0.007340109470177163,0.29467657944669534,0.002726951397183644,0.6195,0.00825682824129842,0.239125,0.005812562699022268,0.0921995856930212,0.002746985278247973,0.8645714755038363,0.004835353610531642,0.612,0.010898962964284649
tau0.4_k1_lam0.85_R24,0.4,1.0,0.85,24,0.75,main,honestxhonest,A_own0,1224,0.8249591503267973,0.00722121591059944,0.14067922325338705,0.005346949063738277,0.06501155883592039,0.0033969938300234125,0.851080440278349,0.006675171816917034,0.636670366025793,0.009799162130210936,0.26428672068116144,0.003631573356422204,0.4417892156862745,0.00987292879793024,0.2661356209150327,0.007908200059584907,0.12431601525688372,0.0038218659665579845,0.8214026543111058,0.0066498039138637235,1.0,0.0
tau0.4_k2_lam0.6_R12,0.4,2.0,0.6,12,0.75,main,costlyxhonest,all,2000,0.953625,0.00251365548941372,0.14391880020599854,0.0037837005179913934,0.10617149836188876,0.0036680438169845566,0.8861057363978811,0.005260337815219125,0.5437031535883854,0.005657553369963017,0.32886949842093477,0.0016868518064852627,0.643125,0.009008749689773075,0.303875,0.009464560536050805,0.06333764124173208,0.0017650595635544625,0.8773957732245686,0.005201787633787552,0.612,0.010898962964284649
tau0.4_k2_lam0.6_R12,0.4,2.0,0.6,12,0.75,main,costlyxhonest,A_own0,1224,0.9916258169934641,0.001318322664324606,0.1419448598954451,0.0053623164784255125,0.12244658646011555,0.004942664884312934,0.8658409952893732,0.007397027209403551,0.41189373672372304,0.0044852187101753534,0.3253394036598236,0.002394637075287335,0.44730392156862747,0.010903775699155616,0.24080882352941177,0.011375515156466379,0.07551795706295461,0.002606685441042061,0.8387602884743879,0.007079436320486069,1.0,0.0
tau0.4_k2_lam0.6_R12,0.4,2.0,0.6,12,0.75,main,attenuatedxhonest,all,2000,0.712375,0.008289581610017152,0.03448612694615815,0.0008069018457728089,0.01938742241393495,0.0007603488488181102,0.8086227070568867,0.005787325454009783,0.5454722912584107,0.007025805615386105,0.3733476526024816,0.003084983743689562,0.6575,0.008851824806287153,0.179125,0.0075042254021946515,0.06449255236153795,0.001931375343894109,0.8738920439415561,0.004922710503678442,0.612,0.010898962964284649
tau0.4_k2_lam0.6_R12,0.4,2.0,0.6,12,0.75,main,attenuatedxhonest,A_own0,1224,0.9775326797385621,0.0022946601536033826,0.033121226769409415,0.0011386674353168087,0.03017116002094634,0.0010986095944004353,0.7921344701499679,0.008521499373131566,0.3712119156383619,0.00557978183247952,0.4002734424113676,0.004408961394185337,0.4513888888888889,0.010753607451519627,0.2569444444444444,0.011130096002193128,0.0900244391439903,0.002842084791659498,0.8313351368075563,0.0065738065163933,1.0,0.0
tau0.4_k2_lam0.6_R12,0.4,2.0,0.6,12,0.75,main,honestxhonest,all,2000,0.64525,0.008989111235845577,0.1336341428067355,0.0034657978075174076,0.050736255104260566,0.0024810574958683035,0.8789128342739929,0.005240263983842293,0.5948055816276366,0.0072689326492583525,0.35263263242407183,0.002129640430813461,0.65325,0.008973083464642002,0.09825,0.005471602870182055,0.0531042899268849,0.0017532830639917403,0.878381369365154,0.005272783455167576,0.612,0.010898962964284649
tau0.4_k2_lam0.6_R12,0.4,2.0,0.6,12,0.75,main,honestxhonest,A_own0,1224,0.9080882352941176,0.006219744852190029,0.1358454089615716,0.004985668306997369,0.0686653199766338,0.0031048936098729265,0.8567919243002148,0.0074970808268592795,0.3907432377512427,0.006077961006344364,0.3430443925798591,0.0031486931937802958,0.4536356209150327,0.010936815647631364,0.1460375816993464,0.008452852143245601,0.07260863307188127,0.0025850117983292303,0.8342387671235567,0.007303017609190875,1.0,0.0
tau0.4_k2_lam0.6_R24,0.4,2.0,0.6,24,0.75,main,costlyxhonest,all,2000,0.94975,0.002638124068215832,0.15023065155966686,0.004037682119121851,0.09529613336356178,0.003690424432187101,0.8952306612666904,0.0051162280261191845,0.6190023604091373,0.006595132469170786,0.318371150974582,0.0022749314672554466,0.635125,0.009118473856421101,0.22875,0.008510901037389293,0.06123040280067913,0.001781655081815546,0.8825388864866861,0.005064275964254192,0.612,0.010898962964284649
tau0.4_k2_lam0.6_R24,0.4,2.0,0.6,24,0.75,main,costlyxhonest,A_own0,1224,0.9883578431372549,0.001664340171695916,0.1491490573772148,0.005814613160718449,0.11406014071891211,0.00499273396016414,0.8771165694934276,0.007111843828231464,0.45121003827455225,0.005951928961302227,0.31035740799491834,0.0032473893373000068,0.4325980392156863,0.010921780067622166,0.20669934640522875,0.010552866902190965,0.07906293610608395,0.0025847481095738296,0.8447617569008252,0.006934696230990874,1.0,0.0
tau0.4_k2_lam0.6_R24,0.4,2.0,0.6,24,0.75,main,attenuatedxhonest,all,2000,0.71525,0.008171496523141513,0.03525750131916609,0.0008707956719082815,0.020158041732284613,0.0008247689049694654,0.810204041330428,0.005699104783316115,0.5797900414949163,0.007547815347720048,0.4544286403212951,0.005166801156772918,0.654375,0.00896430332231832,0.1805,0.007544921332854272,0.06663250612529019,0.001951529716963936,0.8752629176384472,0.004841677981082212,0.612,0.010898962964284649
tau0.4_k2_lam0.6_R24,0.4,2.0,0.6,24,0.75,main,attenuatedxhonest,A_own0,1224,0.9754901960784313,0.0023849588387386163,0.03494865194895737,0.0012656049169361306,0.03150078081909995,0.0012072155358973941,0.7952007888399163,0.008357140464027867,0.4213775719959782,0.007330361291332193,0.4902641360465374,0.007346989901670429,0.4479166666666667,0.0109386743471669,0.2571486928104575,0.011150603120110661,0.09647309921990947,0.0027406155956440003,0.8330641752905692,0.006467623490851726,1.0,0.0
tau0.4_k2_lam0.6_R24,0.4,2.0,0.6,24,0.75,main,honestxhonest,all,2000,0.64325,0.008933693199740718,0.13714919832788078,0.0036660364230115287,0.04756781036852781,0.0024406754019710487,0.8816868075606044,0.005164738217517793,0.6224766101803046,0.007706578162183684,0.33152458793394446,0.0025569710010047036,0.642125,0.009094351037754094,0.088,0.005121998382830363,0.053413998634397,0.0018010533858019494,0.8811083821611086,0.005193987599103367,0.612,0.010898962964284649
tau0.4_k2_lam0.6_R24,0.4,2.0,0.6,24,0.75,main,honestxhonest,A_own0,1224,0.8923611111111112,0.006935545672178097,0.1399516309245245,0.005272393959413882,0.060779172112106435,0.002849496119279306,0.8632934359371838,0.007311130621135985,0.41454145543362214,0.007425417892062624,0.3210903134071785,0.0036051701805215938,0.4383169934640523,0.010960812559117999,0.12254901960784313,0.007726560764451571,0.07579683440176027,0.0025897038609471387,0.8392874141092276,0.0071838263709695215,1.0,0.0
tau0.4_k2_lam0.7_R12,0.4,2.0,0.7,12,0.75,main,costlyxhonest,all,2000,0.95175,0.0025486205059289664,0.14591284235718588,0.0038775297859055704,0.1055440129019829,0.003707595798298515,0.8888195545742386,0.005070580014165239,0.5653546490780927,0.005954801033307734,0.3175801741659634,0.0020850669481439843,0.645625,0.008939855434798572,0.298375,0.009369936101103857,0.0724491785411655,0.0020691641159039167,0.8742793537355726,0.0050749485917410235,0.612,0.010898962964284649
tau0.4_k2_lam0.7_R12,0.4,2.0,0.7,12,0.75,main,costlyxhonest,A_own0,1224,0.9893790849673203,0.001498615683940815,0.1470391285400947,0.0056176860532453346,0.12220130768688106,0.005114953095462122,0.8684061213289751,0.007160617415439415,0.42103015685462886,0.0049445267417952375,0.3059274021778212,0.002935158125826129,0.4479166666666667,0.010804258006569726,0.22651143790849673,0.01103807257488343,0.09128256244100462,0.003051860290883363,0.8356765833558686,0.006894808681493064,1.0,0.0
tau0.4_k2_lam0.7_R12,0.4,2.0,0.7,12,0.75,main,attenuatedxhonest,all,2000,0.71325,0.00825848472996212,0.033301795589197596,0.0008230693135937042,0.01936348829399604,0.0007791795288871699,0.8070729600306804,0.005717391917594577,0.5270153807056343,0.006978010722371364,0.4097053964382411,0.0043255928330448576,0.65625,0.008809825495583401,0.1765,0.007366376772428674,0.07529630151291498,0.0023101214470738454,0.8692394365045509,0.004842901390247872,0.612,0.010898962964284649
tau0.4_k2_lam0.7_R12,0.4,2.0,0.7,12,0.75,main,attenuatedxhonest,A_own0,1224,0.9767156862745098,0.002342095442367502,0.03314693393686012,0.0011809977309060699,0.030275418040628683,0.0011376242913531127,0.7917927569363546,0.008413405257869669,0.3712434936587128,0.005575235540973665,0.45650403198722217,0.00622034820912447,0.4483251633986928,0.010618780673947947,0.25102124183006536,0.010925506949511157,0.11007398662575117,0.003308071590635156,0.8251608939675086,0.006394544046950994,1.0,0.0
tau0.4_k2_lam0.7_R12,0.4,2.0,0.7,12,0.75,main,honestxhonest,all,2000,0.64825,0.008926130553231151,0.13190045150412538,0.0034872923178401937,0.05017003648045394,0.002469232373123219,0.8761531433840771,0.00510224527231792,0.5708772060809811,0.007288344299010864,0.3408351249485979,0.00224044116063265,0.6555,0.008929221158379247,0.092125,0.005244484674136118,0.06130290034688326,0.0020962111604917164,0.8754838102380549,0.00518156718967002,0.612,0.010898962964284649
tau0.4_k2_lam0.7_R12,0.4,2.0,0.7,12,0.75,main,honestxhonest,A_own0,1224,0.9060457516339869,0.006314892936236323,0.1381776792973321,0.005064273668579607,0.0678970079485926,0.003114820802455163,0.8565930918733754,0.0073035375063136366,0.3686574528283728,0.005734580567939273,0.32282521209413945,0.0030845281144374803,0.4554738562091503,0.010899094699160878,0.1343954248366013,0.008065988512042432,0.08694222635929749,0.003061769665061312,0.8315272808744149,0.007130547872476704,1.0,0.0
tau0.4_k2_lam0.7_R24,0.4,2.0,0.7,24,0.75,main,costlyxhonest,all,2000,0.94775,0.002671804262854879,0.15038979198658273,0.004121940190810397,0.09271320086363355,0.0036801893066350073,0.8963397480818975,0.004962397387582692,0.6346525278767445,0.006797718290901912,0.3106415565203077,0.0024702895807355604,0.639,0.009026294200473234,0.22525,0.008415633083143245,0.07192863169149204,0.002141678547474383,0.8797931600343551,0.0049062100709964815,0.612,0.010898962964284649
tau0.4_k2_lam0.7_R24,0.4,2.0,0.7,24,0.75,main,costlyxhonest,A_own0,1224,0.9875408496732027,0.0016844675611988578,0.1541759988130401,0.006059540416319428,0.11391840728228676,0.005109244131011919,0.8782370787316852,0.006917921188984941,0.4554684073311387,0.006224272959103873,0.29453610251597734,0.003505001935433905,0.43566176470588236,0.010796640265404138,0.19566993464052287,0.010245551987220875,0.0970337195612134,0.0031074055194755734,0.8416385832537878,0.00669001493176428,1.0,0.0
tau0.4_k2_lam0.7_R24,0.4,2.0,0.7,24,0.75,main,attenuatedxhonest,all,2000,0.71775,0.008124836936063319,0.03378956991462087,0.0008724339081714863,0.0194207210147039,0.0008154011794490854,0.8080768563161471,0.005643070845155237,0.5587233453476242,0.007660926896507636,0.4567648783226896,0.005557896109959995,0.652125,0.00889257590018608,0.172625,0.0073369165771412425,0.07994663398081485,0.0024151481931443345,0.8662795552490682,0.004781540231314238,0.612,0.010898962964284649
tau0.4_k2_lam0.7_R24,0.4,2.0,0.7,24,0.75,main,attenuatedxhonest,A_own0,1224,0.9758986928104575,0.0023708147012569715,0.034349546265424545,0.0012754444293547333,0.030378802480123344,0.0011994420941737094,0.7940482557868163,0.008279648669352312,0.4316004211344789,0.0075211071966598975,0.5170091100270945,0.007965433991963854,0.44362745098039214,0.010730369467517977,0.24468954248366012,0.010880450882277997,0.11659863727135648,0.0033769845343640265,0.8205770470724115,0.006236366483828895,1.0,0.0
tau0.4_k2_lam0.7_R24,0.4,2.0,0.7,24,0.75,main,honestxhonest,all,2000,0.645375,0.008871684342842655,0.13404828144518252,0.0036332538970331755,0.04496200599149681,0.0023293036480525925,0.8804756676969748,0.0049144189286960795,0.6095468648475069,0.0077158042336567265,0.32166451571471594,0.0026310228947442086,0.643375,0.009037948990145619,0.080375,0.004794220161922113,0.06419032449511614,0.002171192693939014,0.880919585633498,0.004961641127674362,0.612,0.010898962964284649
tau0.4_k2_lam0.7_R24,0.4,2.0,0.7,24,0.75,main,honestxhonest,A_own0,1224,0.891952614379085,0.006900162092284722,0.14018880381472928,0.005259657093480022,0.058640611103886985,0.0027789255502477803,0.864650627886561,0.006949977091191419,0.40644347215264137,0.007321321744941219,0.30235055562033486,0.003690521327622791,0.43852124183006536,0.010852656121255157,0.11356209150326797,0.007320209367631161,0.0901960371576896,0.003048017099078285,0.8402584148070599,0.006797200482927895,1.0,0.0
tau0.4_k2_lam0.85_R12,0.4,2.0,0.85,12,0.75,main,costlyxhonest,all,2000,0.952625,0.002504309379896006,0.14619749685619057,0.003972436075271686,0.10761654616985729,0.0037925628265579638,0.8885084013074779,0.0049273919728446145,0.5845670305673587,0.0061564016752324565,0.3046615065710065,0.002359230746505866,0.6465,0.008910798289888595,0.305625,0.009383167194545794,0.08281704329986254,0.002276996739455348,0.8723313669096932,0.00485698981243579,0.612,0.010898962964284649
tau0.4_k2_lam0.85_R12,0.4,2.0,0.85,12,0.75,main,costlyxhonest,A_own0,1224,0.9906045751633987,0.0013899259038636206,0.15001563303201768,0.005880582163960857,0.12593013500415193,0.00538411586849015,0.8674002498056106,0.006933622090836778,0.4328968680945485,0.0053794821151030596,0.2876481209135881,0.003287712599384945,0.4477124183006536,0.010758916110342832,0.22998366013071894,0.011045556235211832,0.10583409571893758,0.00327167094898186,0.8343986544920851,0.006629658263497592,1.0,0.0
tau0.4_k2_lam0.85_R12,0.4,2.0,0.85,12,0.75,main,attenuatedxhonest,all,2000,0.713375,0.008185562375500026,0.03140931407767498,0.0008475164612236986,0.018344130922592513,0.0007798884460941344,0.804712690337551,0.005633163864291395,0.5110636857554535,0.006985404796418977,0.4338756004996435,0.005125858492602631,0.65475,0.008771527152913404,0.171125,0.007143126368380818,0.08386553396569446,0.0024967057088442777,0.8639070571582667,0.004770891775216667,0.612,0.010898962964284649
tau0.4_k2_lam0.85_R12,0.4,2.0,0.85,12,0.75,main,attenuatedxhonest,A_own0,1224,0.9730392156862745,0.0025172216800865344,0.03242859935758067,0.0012113235050833712,0.028606767342362317,0.0011422838959794606,0.7907109789126329,0.008283821867949561,0.37430004035679865,0.005747127691940571,0.4942695525686399,0.00731322931472604,0.44546568627450983,0.010488330978222472,0.24162581699346405,0.010616660344373086,0.12152116756956519,0.003508826396590648,0.8189099052986748,0.00620988532939037,1.0,0.0
tau0.4_k2_lam0.85_R12,0.4,2.0,0.85,12,0.75,main,honestxhonest,all,2000,0.64925,0.008865044458807205,0.1284640038353303,0.003538243797100863,0.0481534788224132,0.0024223608315322802,0.8721903450642333,0.004892177123157609,0.5572994625776299,0.007269077264441909,0.3267380734737245,0.0024593703907629465,0.656125,0.008903595014913626,0.097875,0.005340540972264721,0.06975054587060393,0.0022369574217408804,0.8741704107207231,0.004969770484328295,0.612,0.010898962964284649
tau0.4_k2_lam0.85_R12,0.4,2.0,0.85,12,0.75,main,honestxhonest,A_own0,1224,0.9019607843137255,0.006434879159455273,0.1378954592509078,0.005146624198359763,0.06379055271081308,0.0029962417516478184,0.856446565762274,0.006982452499913445,0.3698547689279081,0.005994576050775908,0.3034317293799088,0.0034047166915513933,0.4571078431372549,0.01086609544447871,0.13848039215686275,0.008102579020514741,0.09732663601051626,0.0031918763594562497,0.8319384284487314,0.006799721501119183,1.0,0.0
tau0.4_k2_lam0.85_R24,0.4,2.0,0.85,24,0.75,main,costlyxhonest,all,2000,0.944125,0.0027594699717087665,0.1574008499472918,0.004374450066978168,0.09213763020608905,0.003775919852893287,0.8962755323161666,0.0047961163494179,0.6532061803778235,0.006924070909409361,0.3032828148454333,0.0025198759842266307,0.644,0.008997428902938422,0.2165,0.008250252016100149,0.08312591925252293,0.002542536535756366,0.8752683318185067,0.004798574127324128,0.612,0.010898962964284649
tau0.4_k2_lam0.85_R24,0.4,2.0,0.85,24,0.75,main,costlyxhonest,A_own0,1224,0.9824346405228758,0.002022343641520507,0.16643224943653684,0.006553750098554976,0.11331623713913982,0.005365171224784308,0.878895384811771,0.006617561519746245,0.47488945525520226,0.006847881439332101,0.2838190411222225,0.0035484793885469934,0.44138071895424835,0.010830947194293646,0.1787173202614379,0.009764175330606114,0.11285944526096948,0.0036422199528928804,0.8375818332780329,0.0064980471912181054,1.0,0.0
tau0.4_k2_lam0.85_R24,0.4,2.0,0.85,24,0.75,main,attenuatedxhonest,all,2000,0.718625,0.008073476339074688,0.03362854611325717,0.0009708132803508548,0.019965603692745634,0.0008782648845193806,0.8067909453912919,0.005522405788885584,0.530627278420947,0.007784122735606674,0.4541381325804447,0.005745630846626474,0.634375,0.008806664144508808,0.14025,0.006366237761945497,0.0960869961995967,0.0028743279602450053,0.8507350568274364,0.004971602567191061,0.612,0.010898962964284649
tau0.4_k2_lam0.85_R24,0.4,2.0,0.85,24,0.75,main,attenuatedxhonest,A_own0,1224,0.9730392156862745,0.0025337537366820558,0.03625999629389479,0.0014215429523756424,0.030745106075123218,0.0012780010465014147,0.7941662805589872,0.00809637838670809,0.4182268525231259,0.007572054196034473,0.5244689896743565,0.008138854170697925,0.4127859477124183,0.010031088276135936,0.19383169934640523,0.009494760238105285,0.13794598444827982,0.003989645423259735,0.8002364910193343,0.006400055493436105,1.0,0.0
tau0.4_k2_lam0.85_R24,0.4,2.0,0.85,24,0.75,main,honestxhonest,all,2000,0.64475,0.008805182244972763,0.13439312145050206,0.003786170659158115,0.045463779859139054,0.002414656314275482,0.8751519366473894,0.004782308965805761,0.5911134882697386,0.007934678040439519,0.3187060437570587,0.0026692863520430417,0.646125,0.00899679600506082,0.082875,0.004766324696561967,0.0763679079743723,0.002514657953525397,0.8765281194190944,0.004895447475455131,0.612,0.010898962964284649
tau0.4_k2_lam0.85_R24,0.4,2.0,0.85,24,0.75,main,honestxhonest,A_own0,1224,0.886437908496732,0.007047043610456983,0.14645418532612947,0.005529478408545733,0.05938854753326551,0.0029656803389129203,0.8612104086451918,0.006793957652388125,0.39742956431494636,0.007681659496045195,0.2958243438433883,0.0037723127415350602,0.4438316993464052,0.010856954995825027,0.11356209150326797,0.0072225974546045926,0.10613783605539442,0.0035771673273139247,0.8346847655833092,0.006729601628455979,1.0,0.0
rho0.65_default,0.2,2.0,0.7,12,0.65,extra_rho,costlyxhonest,all,2000,0.995,0.0007828195214745226,0.17348925713618832,0.0028196480244229317,0.16927008387632236,0.002857938624201002,0.7172992892670129,0.006028354401632594,0.5435930041422362,0.005784132480315822,0.20073051699942168,0.003791019271129967,0.68625,0.008928974299493783,0.58925,0.010415263203769837,0.13835035484781763,0.0021009032981823867,0.6943451416675385,0.0056630743668801215,0.6655,0.010552751076266265
rho0.65_default,0.2,2.0,0.7,12,0.65,extra_rho,costlyxhonest,A_own0,1331,0.9984973703981969,0.0005298598940439075,0.15176961070570452,0.0036885443659821666,0.15091997132726695,0.0036819828400930657,0.7104465889753239,0.0078411799228044,0.395493862994544,0.00303057476094142,0.162207899314415,0.0044296185930188725,0.5657400450788881,0.011320779086369116,0.45830202854996244,0.012822626233631226,0.1624040260412699,0.002618303263478783,0.6449845890079265,0.006178908986823991,1.0,0.0
rho0.65_default,0.2,2.0,0.7,12,0.65,extra_rho,attenuatedxhonest,all,2000,0.8065,0.0072839139685577465,0.030316544016181085,0.0005286697847410309,0.020979295552783547,0.0005438223541525869,0.6375125408049894,0.006097008954058095,0.41506204943026204,0.006486764830831945,0.6126859492560989,0.006998741434717259,0.692875,0.008619520883299071,0.344625,0.009348522724263071,0.1335153043501797,0.0023226800222191837,0.6799222037603908,0.005228772875051056,0.6655,0.010552751076266265
rho0.65_default,0.2,2.0,0.7,12,0.65,extra_rho,attenuatedxhonest,A_own0,1331,0.9966190833959429,0.0007917804026135794,0.027440339047452435,0.0006531783562739362,0.02727927489471133,0.0006536404363539031,0.6529707343015084,0.008714795806307544,0.3340136776615208,0.003253648536103357,0.6584307030745569,0.007926744722558403,0.5524042073628851,0.01087629721993478,0.42430503380916607,0.01234568422258095,0.1686097866285771,0.002780892269585043,0.6275752631823974,0.0050745797537357674,1.0,0.0
rho0.65_default,0.2,2.0,0.7,12,0.65,extra_rho,honestxhonest,all,2000,0.68675,0.008895675087795967,0.14799166704047684,0.0025302691483654913,0.06938872431901774,0.0022129126876778075,0.6970331205618625,0.005797687691210381,0.5223436750213284,0.007173595169280174,0.23950469959838996,0.004423328594931543,0.690625,0.008930932788221723,0.225375,0.008173636513475946,0.12662526019088813,0.0023040677439891996,0.6988184318151052,0.005817205840586217,0.6655,0.010552751076266265
rho0.65_default,0.2,2.0,0.7,12,0.65,extra_rho,honestxhonest,A_own0,1331,0.9030803906836965,0.00607690249613303,0.14540453803764825,0.0034612889003619784,0.08898610299646552,0.0026479055314412824,0.7065045959135724,0.00787758671753063,0.4155995652610842,0.00672709079499294,0.18099074470509566,0.004823865064512832,0.5679939894815927,0.011351271317808635,0.31667918858001504,0.011157984318511213,0.15752784101507733,0.0027401854888543277,0.6444771665871702,0.006233908829387063,1.0,0.0
rho0.85_default,0.2,2.0,0.7,12,0.85,extra_rho,costlyxhonest,all,2000,0.986125,0.0013163333750525125,0.06654316228006857,0.003587326876548128,0.05913793087178495,0.003475430867347911,0.982174922336366,0.0023083012222326602,0.6581089481049652,0.00736619672968605,0.34174161332005565,0.0015107264208680954,0.513875,0.010989130888580004,0.390875,0.010726440250508267,0.02238205450438532,0.001123542063448897,0.9735185251978093,0.0024364066897929215,0.55,0.0111270798484138
rho0.85_default,0.2,2.0,0.7,12,0.85,extra_rho,costlyxhonest,A_own0,1100,0.9986363636363637,0.0005554343870383744,0.08687618339269146,0.006086583843489881,0.08088517671367917,0.005858101695493401,0.977318340007757,0.003441238700732398,0.3900428998118824,0.005412514280067361,0.3474519988318813,0.0026166485678252274,0.12431818181818181,0.009244430714989513,0.0975,0.008840487002379578,0.028150202249786344,0.0019489958481755134,0.9611911868262231,0.0036187819635937718,1.0,0.0
rho0.85_default,0.2,2.0,0.7,12,0.85,extra_rho,attenuatedxhonest,all,2000,0.552625,0.010933181006045562,0.021626450960945877,0.0010611120787920622,0.013843075273961912,0.00099769826780818,0.942395837639974,0.0035702485401171036,0.6218353835800743,0.007482048519967042,0.3618602848677251,0.0029444067268748287,0.514,0.010961276147757328,0.05025,0.004633244244167692,0.022909251920179834,0.0013439258734692548,0.9702934605566403,0.0024501921042793325,0.55,0.0111270798484138
rho0.85_default,0.2,2.0,0.7,12,0.85,extra_rho,attenuatedxhonest,A_own0,1100,0.9918181818181818,0.0015558544163833043,0.028161017397653722,0.0018569524421346792,0.02516922777083984,0.0017414192850233909,0.9247851350326536,0.005804497381833952,0.33531459315687046,0.003213237937389244,0.3840799311152085,0.005104738197689844,0.12113636363636364,0.009022956702733582,0.08590909090909091,0.00796824447006532,0.0379270407731653,0.002291802827461725,0.9552180337501563,0.0037218796921137417,1.0,0.0
rho0.85_default,0.2,2.0,0.7,12,0.85,extra_rho,honestxhonest,all,2000,0.512125,0.010998697780370728,0.05949551111203518,0.003070546197732301,0.015482538893806111,0.0015021082775550391,0.9763919065222616,0.0024174146151485563,0.6463904111202395,0.007389984155799645,0.3513444044394918,0.002321494422000633,0.51575,0.01099426694704342,0.007625,0.0016734559793903988,0.01671219867670674,0.0011318439965157501,0.9736800133656269,0.002437172927160353,0.55,0.0111270798484138
rho0.85_default,0.2,2.0,0.7,12,0.85,extra_rho,honestxhonest,A_own0,1100,0.9165909090909091,0.007943713599231888,0.07705247879823736,0.005214846262533491,0.024541753754266996,0.00216890903197867,0.9675446935965138,0.0036738698271065974,0.3764459486975319,0.005104128699631695,0.364409178235684,0.004162122022253525,0.125,0.009277948100357774,0.012954545454545455,0.0028944394231385263,0.027217238346534983,0.0019520293726449354,0.9603650907324237,0.0037245579310874605,1.0,0.0
