world,generator,mode,correct_A,posterior_true_A,correct_B,posterior_true_B,arrival_logloss,act_logloss,min_path_ESS
0,reference,actions_evidence,1,0.9325049737699072,0,0.3167179125519373,0.7012573202446069,0.6271656824536435,1.5728151707099944
0,reference,forms_evidence,1,0.967498476412702,0,0.33371947417991,0.4364332460286795,0.6358150175400963,1.0
0,reference,labels_evidence,1,0.9643931469315076,0,0.3325986505952568,0.4224131847893231,0.6250950150873766,1.7964685198359929
1,attenuated,actions_evidence,0,0.2781296266786113,0,0.3434756334323196,0.662282802031852,0.0185093566188597,3.0540071842225056
1,attenuated,forms_evidence,0,0.2826373500072555,0,0.2915935599682859,0.4157603729000015,0.0182238728801766,1.0
1,attenuated,labels_evidence,0,0.3026563043796634,0,0.2873502243675211,0.5167358218812214,0.0179006050923583,3.848420619085825
2,concession_cost,actions_evidence,1,0.9939251323948448,0,0.3198941234772318,0.211876149555831,0.4530723429512608,3.6541778236936535
2,concession_cost,forms_evidence,1,0.994548896768078,0,0.3310344864330097,0.1145415646717011,0.4484901846716044,1.0
2,concession_cost,labels_evidence,1,0.9944848811340602,0,0.3294768280232039,0.0918507710586991,0.4485224268580663,5.586014081828304
3,access_protection,actions_evidence,1,0.5530684278664976,0,0.2024789713639236,0.3121594925241339,0.7493160655291454,2.8367687694487222
3,access_protection,forms_evidence,1,0.9541662301298804,0,0.2512875218592905,0.4231597498863884,0.7222236419249796,1.0
3,access_protection,labels_evidence,1,0.8281284716675414,0,0.2078491348600597,0.3562377899376672,0.7372296652696692,3.728372224422392
4,reference,actions_evidence,1,0.4958428287313551,1,0.4963729035351071,0.4820767140291893,0.3808668270020043,3.1869814974657644
4,reference,forms_evidence,1,0.8827738026948303,1,0.6832913551419274,0.285468638129412,0.4048580840950222,1.0
4,reference,labels_evidence,1,0.8915690594124601,1,0.6272859881451344,0.353680319755128,0.4052737738511577,2.700310087841141
5,attenuated,actions_evidence,1,0.881696826062328,0,0.2409786647248852,0.5271709093735104,0.9691643584301942,3.309082321209848
5,attenuated,forms_evidence,1,0.9548080818897586,0,0.3331862827841612,0.5222944479098595,0.9326606430244876,1.0
5,attenuated,labels_evidence,1,0.919690021640276,0,0.2313130008320189,0.4252298929582705,0.9808540352799064,5.0741496385043
6,concession_cost,actions_evidence,1,0.9996708138866408,0,0.2926509691657267,0.6832289316449763,0.5529864951301052,2.454568781316829
6,concession_cost,forms_evidence,1,0.9996327667727738,0,0.1175497466269797,0.8841305803393235,0.5414197074440146,1.0
6,concession_cost,labels_evidence,1,0.9996323940345416,0,0.2322903564003966,0.5740623235180996,0.541986499106785,1.8777563838631948
7,access_protection,actions_evidence,0,0.1154569433034179,1,0.445162039478618,0.5044219709415332,0.569045587841352,2.48738402682509
7,access_protection,forms_evidence,1,0.6367652938519992,1,0.560356463725999,0.1751393689172657,0.5387464899225788,1.0
7,access_protection,labels_evidence,1,0.4637393242652067,1,0.5007209508832331,0.3882121343251437,0.5543626626002198,1.3639463615641274
8,reference,actions_evidence,0,0.3446391817102605,0,0.2556129922623484,0.4609712585875021,0.0681917538870217,2.0054825322253462
8,reference,forms_evidence,0,0.0889632015894378,0,0.2020198194500589,0.2177147660727384,0.071998707785568,1.0
8,reference,labels_evidence,0,0.1681422921323159,0,0.2083026130741702,0.2440432820041679,0.0732581807766529,2.570701458055567
9,attenuated,actions_evidence,0,0.3135105855015337,0,0.2847126710031308,0.6944423081184995,0.0238684619324116,2.2773754929057373
9,attenuated,forms_evidence,0,0.4054905186723513,0,0.244030079519931,0.6727919574141703,0.0242138258173178,1.0
9,attenuated,labels_evidence,0,0.4103643478695634,0,0.2436751423411656,0.6962341042098391,0.0242313195781143,3.363691381897357
10,concession_cost,actions_evidence,1,0.9849794139383828,0,0.1866235559006651,0.4315955610891794,0.6727479880280813,1.9526688394130125
10,concession_cost,forms_evidence,1,0.9863547797073504,0,0.159517653596357,0.0648100997051194,0.6684546073103071,1.0
10,concession_cost,labels_evidence,1,0.9854606924983558,0,0.1266525320582346,0.1963127967174902,0.6711632214840791,3.5642138319745498
11,access_protection,actions_evidence,1,0.5682538223910193,0,0.2526021572275408,0.4718714273553373,0.3406336307979438,1.66061195927811
11,access_protection,forms_evidence,1,0.5894722491846535,0,0.2971999608144727,0.4074595769251902,0.3132303068923956,1.0
11,access_protection,labels_evidence,1,0.439893695322419,0,0.2948255080138715,0.4808889935346165,0.3299769181727053,1.7137611350432278
12,reference,actions_evidence,0,0.2454912364057287,0,0.2949047944209074,0.1954736785644814,0.0205977622292773,4.3734651475014665
12,reference,forms_evidence,0,0.2777164433595,0,0.2897121238210176,0.1777898349558517,0.0210688101715975,1.0
12,reference,labels_evidence,0,0.2897171607393571,0,0.1986387511806569,0.1849452106964991,0.020572279227197,4.703466469612092
13,attenuated,actions_evidence,1,0.3955505771757119,0,0.3589719248303726,0.716821527227037,0.5220027739720003,2.1495434852177433
13,attenuated,forms_evidence,1,0.4099765936425046,0,0.3792459041970752,0.6302165602586977,0.4955195222231975,1.0
13,attenuated,labels_evidence,1,0.4206002753852269,0,0.3840896874552862,0.5935674360099217,0.4925098132622579,3.027764749482174
14,concession_cost,actions_evidence,1,0.2683096466354382,1,0.4478075449581732,0.6128183399097759,0.0206199148696958,2.398513885183997
14,concession_cost,forms_evidence,1,0.3126246312377574,1,0.5431508021199715,0.4590461776257087,0.019970325655202,1.0
14,concession_cost,labels_evidence,1,0.2990345878775839,1,0.4139246590932818,0.589788813214289,0.0198768571664115,3.5031746632152503
15,access_protection,actions_evidence,1,0.2716415165101057,0,0.3886077682341203,0.3407615971316386,0.3671689321329572,3.5474334487745036
15,access_protection,forms_evidence,1,0.4431416093940016,1,0.6237483715732703,0.2610005707984457,0.3735072548397773,1.0
15,access_protection,labels_evidence,1,0.3218938218891299,1,0.4613215000975154,0.3475925137791181,0.3729552944434584,3.6591501095992407
16,reference,actions_evidence,1,0.581172382663103,0,0.2827023133048551,0.9390808156418858,0.279700340928921,1.915280344226235
16,reference,forms_evidence,1,0.6613639557309732,0,0.212513751697802,0.8751193767942776,0.2767934219942426,1.0
16,reference,labels_evidence,1,0.7317725527422918,0,0.2346983353337247,0.8354359339510484,0.2790822979596838,2.0961317204073393
17,attenuated,actions_evidence,0,0.2972985498710638,0,0.2511377469737759,0.5208214438768808,0.0213209563887362,2.553174082093224
17,attenuated,forms_evidence,0,0.3378721939347416,0,0.221245336235613,0.3125871714989643,0.0214940054700875,1.0
17,attenuated,labels_evidence,0,0.2985044657131782,0,0.2096827532123659,0.4354202041740123,0.0214758000300607,2.510562449824982
18,concession_cost,actions_evidence,1,0.99999806296256,0,0.3068624858612255,0.5457684593370534,0.6000097372504335,1.279154900464348
18,concession_cost,forms_evidence,1,0.9999977710985104,0,0.3320843114809823,0.4576194242273663,0.5949172971774049,1.0
18,concession_cost,labels_evidence,1,0.9999978214621872,0,0.3251586077759315,0.6608912453856312,0.5962437728592382,3.3242505321645552
19,access_protection,actions_evidence,1,0.7266708393979583,0,0.3222167583343029,0.521642488634533,0.9155162430149338,2.866249720797318
19,access_protection,forms_evidence,1,0.942311025950791,1,0.6856609583181719,0.4114980803027565,0.9229712365142404,1.0
19,access_protection,labels_evidence,1,0.8993189192201254,1,0.6497350276031882,0.4377051687674998,0.9143520775413396,3.5353301611728702
20,reference,actions_evidence,1,0.5975969949374382,0,0.2374082255225945,0.7133482734189686,0.4773663188019081,2.5266095086280096
20,reference,forms_evidence,1,0.8612698868663692,0,0.2541691096244141,0.5106327783262273,0.4849644581527659,1.0
20,reference,labels_evidence,1,0.9056850615615764,0,0.2343846032813932,0.5019675972170106,0.4831855127159139,3.775874588054201
21,attenuated,actions_evidence,0,0.2064388459627896,0,0.3391581814587899,0.2957567985625671,0.0190135429909116,3.0100691927953913
21,attenuated,forms_evidence,0,0.1834442039748651,1,0.459880051996467,0.2610005707984457,0.0196629144846661,1.0
21,attenuated,labels_evidence,0,0.1463764705748953,1,0.4043690484965867,0.2357598422764565,0.0193903900246007,4.898461436349538
22,concession_cost,actions_evidence,1,0.9998780980643992,0,0.3485281060023592,0.652585636234628,0.5963509039041338,1.4594213171694377
22,concession_cost,forms_evidence,1,0.9998832853183492,0,0.3413319712627766,0.2292915129219559,0.5876139251460234,1.0
22,concession_cost,labels_evidence,1,0.9998847717126222,0,0.3415189603143592,0.5833317287214151,0.583792206998176,1.446252521991482
23,access_protection,actions_evidence,1,0.7270588257505626,0,0.2241045101287355,0.1579996714065099,0.7188664697860053,4.329464389164831
23,access_protection,forms_evidence,1,0.9048664383543576,0,0.261015341978784,0.1777898349558517,0.6794629655060495,1.0
23,access_protection,labels_evidence,1,0.9228952672004228,0,0.2911573997411811,0.1660679580060474,0.6836123537281679,4.162781719973679
24,reference,actions_evidence,0,0.3530078620221288,0,0.235121436354432,0.2182142644138704,0.730644969135636,3.780511392468552
24,reference,forms_evidence,0,0.2124910967926034,0,0.2933219142664348,0.1145415646717011,0.741651421580201,1.0
24,reference,labels_evidence,0,0.1653137346717792,0,0.2862553954515558,0.1589469147762662,0.7506927984734908,3.916917635897851
25,attenuated,actions_evidence,0,0.3008046586046117,0,0.2281286999414211,0.438572921383233,0.4793285770430573,3.470780801954202
25,attenuated,forms_evidence,0,0.3521593190478712,0,0.1530591865217573,0.3125871714989643,0.480863459839775,1.0
25,attenuated,labels_evidence,0,0.3379224239358999,0,0.2040771884243788,0.3535354986530798,0.4790618231611551,4.70134933911261
26,concession_cost,actions_evidence,0,0.2809997698850792,1,0.8825633715372754,0.6717176973017033,0.4390290571054692,1.6173809782916635
26,concession_cost,forms_evidence,0,0.2800416423988524,1,0.9031388595996466,0.4157603729000015,0.442599594953087,1.0
26,concession_cost,labels_evidence,0,0.2745593049554385,1,0.9137371472474852,0.5222888060576524,0.4408582410037848,3.49060342280111
27,access_protection,actions_evidence,1,0.4824653045244871,1,0.6437218052774183,0.3528197171939296,0.3601343271625608,2.0120049011053056
27,access_protection,forms_evidence,1,0.3668280695094199,1,0.7211773073109276,0.2610005707984457,0.357819977135658,1.0
27,access_protection,labels_evidence,1,0.310985286640538,1,0.487624509256481,0.3300175318679987,0.3518198873779071,1.2713420696357147
28,reference,actions_evidence,0,0.3483708565648032,0,0.3117387981349904,0.6829960269610567,0.5595217202497567,2.438577551235381
28,reference,forms_evidence,0,0.4079347658882307,0,0.3218077750664833,0.4364332460286793,0.545026930875011,1.0
28,reference,labels_evidence,0,0.4445415498490478,0,0.2951636211018094,0.7066721114066071,0.553702938499599,3.8279801587711457
29,attenuated,actions_evidence,0,0.2881001845161022,1,0.5091149582234404,0.9697459407409396,0.0176077683356699,3.257137135033554
29,attenuated,forms_evidence,0,0.3044334639652481,1,0.5557107363416928,1.0013726081873011,0.0173652198644486,1.0
29,attenuated,labels_evidence,0,0.3117802806588261,1,0.481118700738932,0.9535283170857592,0.0173920707603613,2.40597433830263
30,concession_cost,actions_evidence,0,0.2790294278054248,1,0.5030813453756694,0.6799322960369567,0.3204125582200475,1.805002880788671
30,concession_cost,forms_evidence,0,0.2669788144336785,1,0.6222545498258443,0.6727919574141703,0.3249698750110112,1.0
30,concession_cost,labels_evidence,0,0.267974784996376,1,0.6210245183590457,0.5161700808852218,0.3233169292948257,2.097304539733955
31,access_protection,actions_evidence,1,0.7257193450119832,0,0.3387216607344558,0.3351910882984474,0.5491668259838023,2.258438574098708
31,access_protection,forms_evidence,1,0.8802530704999738,1,0.7569989696730696,0.2610005707984457,0.5171919905362263,1.0
31,access_protection,labels_evidence,1,0.7155976642533664,0,0.4221565049140663,0.2177607470924241,0.5460545464206981,3.14007524254445
32,reference,actions_evidence,0,0.3980902229253771,0,0.2815225545617414,0.5887285439845508,0.5518382170421198,2.8440342542282595
32,reference,forms_evidence,1,0.8593138833384981,0,0.3473055436501588,0.5222944479098596,0.5548281366750386,1.0
32,reference,labels_evidence,1,0.8034115879676886,0,0.328225045911628,0.6751930677080503,0.5564107484952,2.9019429713211244
33,attenuated,actions_evidence,0,0.2447133112992828,0,0.2143668604303456,0.4213321223026494,0.4613952478027736,2.7630531046765636
33,attenuated,forms_evidence,1,0.2715603686368134,0,0.3298246114151082,0.4074595769251902,0.452820004160737,1.0
33,attenuated,labels_evidence,0,0.227387420513757,0,0.2707172568009758,0.5689095967501009,0.4518718503767435,2.443138809737889
34,concession_cost,actions_evidence,0,0.1550535927120346,0,0.1325480625526589,0.2807874387302546,1.0329719102208696,2.651519341065213
34,concession_cost,forms_evidence,0,0.1682513701515028,0,0.0852337514137316,0.1777898349558518,1.041669504092955,1.0
34,concession_cost,labels_evidence,0,0.188093597786446,0,0.1474679252857022,0.1973086660355531,1.0147527849559383,2.9044244899545544
35,access_protection,actions_evidence,0,0.2823056973315736,0,0.2903809036702303,0.9287547835238844,0.0186558588337781,2.3874094608146157
35,access_protection,forms_evidence,0,0.3379354228877741,0,0.2331735708683769,1.017072781148499,0.0197751903126732,1.0
35,access_protection,labels_evidence,0,0.3357588735585292,0,0.2392655014037941,0.9618092486567754,0.019359609802549,3.3595299567039985
36,reference,actions_evidence,0,0.2935245973100048,1,0.3816081935555239,0.5995389844036013,0.044778905666593,2.897301623981116
36,reference,forms_evidence,0,0.2933509467115705,1,0.3814810169658965,0.3957979073415581,0.0437515081446938,1.0
36,reference,labels_evidence,0,0.2917325289992623,1,0.3988782010098557,0.508260830801705,0.044683288048455,2.5050561503718796
37,attenuated,actions_evidence,1,0.3849728208344843,0,0.212935430265975,0.1868971742472887,0.4066090314038322,5.813292514732642
37,attenuated,forms_evidence,0,0.3318610438788615,0,0.2777606920874534,0.1145415646717011,0.4071748274523286,1.0
37,attenuated,labels_evidence,1,0.4465354241134825,0,0.2270597819476717,0.1156831836111418,0.4063063615178964,5.002707508764459
38,concession_cost,actions_evidence,0,0.2242120986787065,0,0.2945804255324586,0.1723911273408554,1.3001793786386024,2.9999093691207332
38,concession_cost,forms_evidence,1,0.4399981677669571,0,0.1988587144941739,0.1461656998137765,1.3129331988429604,1.0
38,concession_cost,labels_evidence,1,0.4061380889275353,0,0.0667476760721628,0.1512237037471926,1.281985875090775,1.6313164806769946
39,access_protection,actions_evidence,0,0.1937565035499749,0,0.2907810913373662,0.3425263129379263,0.0187382428894263,3.051477754866942
39,access_protection,forms_evidence,0,0.1938476838202516,0,0.3155441697676186,0.1661281653722197,0.0192109718016969,1.0
39,access_protection,labels_evidence,1,0.2776251122054062,0,0.3034930160039708,0.1935179810017171,0.0197242780344618,3.331384780492703
40,reference,actions_evidence,1,0.8652544055576211,0,0.1422184074700129,0.8396204296399615,0.5470168546123229,1.5110157870701413
40,reference,forms_evidence,1,0.878661329165373,0,0.1478499456075011,0.4609013133596457,0.5383459602304662,1.0
40,reference,labels_evidence,1,0.8701870477937609,0,0.1467441615621459,0.663973547304931,0.5397040622354049,2.2481708770406863
41,attenuated,actions_evidence,1,0.9999661998260876,0,0.2302137956242814,0.8062449539882027,0.4856736209863599,2.312108576885042
41,attenuated,forms_evidence,1,0.9999685429778368,0,0.2576416545591188,0.5422569134683027,0.4570897642563936,1.0
41,attenuated,labels_evidence,1,0.9999706219978414,0,0.2517174997120707,0.5982588452165775,0.4626702595144417,3.6929214507992794
42,concession_cost,actions_evidence,0,0.2776112872808666,1,0.3861876013196361,0.7272016155847871,0.0364313664417885,2.7311412915339917
42,concession_cost,forms_evidence,0,0.2560359557816621,1,0.4305193042717932,0.6095436871300195,0.0371250645569895,1.0
42,concession_cost,labels_evidence,0,0.2596745021192197,1,0.3951071832111669,0.5982880209913062,0.0388291604790861,3.991469875068909
43,access_protection,actions_evidence,0,0.2497238222475692,0,0.259159833287885,0.2979438328004666,0.0326289204056516,3.32429245398253
43,access_protection,forms_evidence,0,0.1407901816483051,0,0.2312648248802533,0.3599114796022378,0.0327533165756905,1.0
43,access_protection,labels_evidence,0,0.2093190257946734,0,0.1808754912072828,0.3010958382135517,0.0330830736811755,3.269490235568928
44,reference,actions_evidence,0,0.3025187891436125,0,0.2529505064689871,0.3193850546795484,0.0197936359888113,3.6059927266464937
44,reference,forms_evidence,1,0.3742885400157086,0,0.1946673758200368,0.2293764356563703,0.0203680495308717,1.0
44,reference,labels_evidence,0,0.1821217969678795,0,0.2581115115087236,0.3272847273332752,0.0190544220589078,5.411945834466251
45,attenuated,actions_evidence,0,0.2683139257563461,1,0.4373684556500954,0.5305419334090252,0.0181500559356321,3.216037941408115
45,attenuated,forms_evidence,0,0.281801153639604,1,0.5583878437432646,0.4274220424836335,0.0175594803521787,1.0
45,attenuated,labels_evidence,0,0.2795904044320909,1,0.5544438394304315,0.4363072109061008,0.0175166222020984,3.0743988501289388
46,concession_cost,actions_evidence,1,0.9999463437315356,0,0.1152053987459445,0.3685098146616984,0.537506337239061,1.5012502059296653
46,concession_cost,forms_evidence,1,0.9999480582160474,0,0.1611857058261265,0.0874230313021488,0.5426968558865258,1.0
46,concession_cost,labels_evidence,1,0.9999480276248536,0,0.2131071621177083,0.2089482432656509,0.5426779370280078,3.3595870013571205
47,access_protection,actions_evidence,1,0.5147177441777986,0,0.223323662878184,0.164802873376565,0.0398630424389167,4.636877279118508
47,access_protection,forms_evidence,1,0.4681209585374717,0,0.2483792064650486,0.1145415646717011,0.0393452173053787,1.0
47,access_protection,labels_evidence,1,0.7456176269961129,0,0.2298276790014546,0.0723025993018429,0.0398047887017896,4.457499839310041
48,reference,actions_evidence,1,0.3467826488004928,0,0.2423622650730033,0.1652726321811709,0.0230227794879413,3.2205655946970735
48,reference,forms_evidence,1,0.4741438026049608,0,0.152300979615775,0.1777898349558517,0.0232642540551751,1.0
48,reference,labels_evidence,1,0.3807197716933269,0,0.2014925521618952,0.1544471108650054,0.0233178956825954,3.5940420817644685
49,attenuated,actions_evidence,1,0.6215211416220001,0,0.3198046245253567,0.3542874987076445,1.118786722581294,1.1439578396437222
49,attenuated,forms_evidence,1,0.6293113074973602,0,0.3143203658370094,0.1506713015862994,1.1492695307579932,1.0
49,attenuated,labels_evidence,1,0.6305055183603809,0,0.3078351009767674,0.1681292172507508,1.1435286624335612,3.978321155281909
50,concession_cost,actions_evidence,1,0.3199268401670579,0,0.3618529103232986,0.4859826605731902,0.3910399402531352,2.487452335608926
50,concession_cost,forms_evidence,0,0.2762522275600715,0,0.4034844324359987,0.206763504059341,0.3903278212144574,1.0
50,concession_cost,labels_evidence,0,0.2940139854239063,0,0.3705923048894005,0.4137154366562487,0.3845546902605088,1.957127836436883
51,access_protection,actions_evidence,1,0.309097955619495,0,0.2024477858484488,0.5352441373197191,1.3220957090325427,2.742641094071986
51,access_protection,forms_evidence,1,0.6362375517785815,1,0.5350251521463747,0.4053224159566131,1.3358150706244452,1.0
51,access_protection,labels_evidence,1,0.7802702740011584,0,0.1656554724548862,0.528794387401972,1.318412275145752,1.3099635764023356
52,reference,actions_evidence,0,0.2082901457909493,0,0.2564654630440599,0.1945637217332148,0.3638485828835116,3.82832131836933
52,reference,forms_evidence,0,0.2362720433401839,0,0.2064384491177007,0.1461656998137764,0.3525641998783604,1.0
52,reference,labels_evidence,0,0.2335898440877142,0,0.1288783916997199,0.185394384873209,0.3620014134564274,2.7215047434900357
53,attenuated,actions_evidence,0,0.2174568870450421,0,0.3886411942962637,0.77088803050382,0.3950213576111349,2.190176246651953
53,attenuated,forms_evidence,0,0.2962294507855728,1,0.9289841391682584,0.6349921579259515,0.4535905121278483,1.0
53,attenuated,labels_evidence,0,0.253061879592684,1,0.7940281868191184,0.8536954145747728,0.4393362945608296,2.2975623430636767
54,concession_cost,actions_evidence,1,0.989101280923908,0,0.286464473937161,0.8179212422634977,1.079054024410393,2.4685786825833573
54,concession_cost,forms_evidence,1,0.9939172169671778,0,0.3322052426818541,0.5467625152408258,1.0601289886663128,1.0
54,concession_cost,labels_evidence,1,0.9935163351878764,0,0.3301277450741106,0.5760189539638219,1.0753116084052825,2.074564363517754
55,access_protection,actions_evidence,0,0.2855261585480127,0,0.2498243095830716,0.3456709427386842,0.0250157032844494,2.422575465260818
55,access_protection,forms_evidence,1,0.6740256388925957,0,0.3006172926412653,0.2293764356563704,0.0242211620645297,1.0
55,access_protection,labels_evidence,0,0.2587718019123006,0,0.299918382253498,0.2985517502822803,0.024363503970821,3.570776256470454
56,reference,actions_evidence,0,0.3077041782322599,0,0.2496166531771885,0.4525627885873131,0.576552698176141,2.550785798316
56,reference,forms_evidence,0,0.3731908421417821,0,0.1014544878542564,0.1706337671447427,0.6895473118656557,1.0
56,reference,labels_evidence,0,0.3769046741226227,0,0.1889366616613757,0.2788999228818832,0.5955578960928408,3.6865472521792424
57,attenuated,actions_evidence,1,0.2704916593716304,0,0.2154506729181594,0.4566570491535551,0.7375885823803386,1.925143453846471
57,attenuated,forms_evidence,0,0.1699820086365543,1,0.8658500122149984,0.3442113066410396,0.7780342560642347,1.0
57,attenuated,labels_evidence,0,0.1790804253000832,1,0.7734648802111992,0.4261067548735226,0.769214889486506,2.0012569733558037
58,concession_cost,actions_evidence,1,0.9999066173819922,0,0.2025299053762757,0.4583474634712876,0.7001563467963542,1.2967132672640784
58,concession_cost,forms_evidence,1,0.9999335582115896,0,0.2692445214362782,0.400546818289359,0.6657817894556072,1.0
58,concession_cost,labels_evidence,1,0.9999155257768604,0,0.229786229141742,0.373486144840472,0.6823928668764975,2.897551842711366
59,access_protection,actions_evidence,1,0.6316848449483301,0,0.1156566721076357,0.3738890345075629,0.8943606263706645,1.9968602290469677
59,access_protection,forms_evidence,0,0.2811810853921125,0,0.1535003208287056,0.4547838850284638,0.9037047932466192,1.0
59,access_protection,labels_evidence,1,0.3957605303223446,0,0.1342346589618456,0.4000987163417555,0.8901734011927586,4.045436380302199
60,reference,actions_evidence,0,0.2420389258181693,0,0.2746851278017667,0.3305440231454364,0.0501976262319162,3.359500838960155
60,reference,forms_evidence,0,0.3132604698874993,1,0.5140904389173659,0.3874971113667469,0.043728141407293,1.0
60,reference,labels_evidence,0,0.3120550096490367,1,0.4854601329264272,0.3969313469993882,0.0433862904216761,2.802323451384153
61,attenuated,actions_evidence,1,0.5405850965901817,0,0.2726543500761627,0.3932025827747647,0.4427069189740835,3.651020307302509
61,attenuated,forms_evidence,1,0.4494271860101593,0,0.2781300178586587,0.280963036356889,0.4431329827234353,1.0
61,attenuated,labels_evidence,1,0.4224281464603823,0,0.2958634408292578,0.2952957098843086,0.4437665283835226,6.5453212544009665
62,concession_cost,actions_evidence,1,0.6175108483257973,1,0.8308918460885204,0.3160590393128485,0.7302067518361236,2.126185018674859
62,concession_cost,forms_evidence,1,0.6330177937296734,1,0.8543793949467998,0.1913066402734207,0.7291466917905108,1.0
62,concession_cost,labels_evidence,1,0.6279008494635991,1,0.8538440985878495,0.2999065642748731,0.7370251686363103,2.113293972005585
63,access_protection,actions_evidence,1,0.5496874316325521,0,0.2906610157002648,0.5929334583643601,0.0481759177906481,2.54805475101201
63,access_protection,forms_evidence,1,0.8619917965960586,0,0.2844077581458508,0.3641737721994829,0.042379368903134,1.0
63,access_protection,labels_evidence,1,0.5166088572837865,0,0.2967035121024775,0.4324560755700903,0.0482286946418441,2.9451463072559743
64,reference,actions_evidence,1,0.9401946235446162,0,0.2374827091327124,0.7765956924652251,0.318239221675977,1.1193112634694495
64,reference,forms_evidence,1,0.965568907880284,0,0.2470511702845178,0.6818031609592161,0.316754921371354,1.0
64,reference,labels_evidence,1,0.9401544601778392,0,0.2338030770854079,0.787133653514846,0.3409459143709194,1.4127558894222638
65,attenuated,actions_evidence,1,0.5738404624797941,0,0.2062265587208081,0.4593370197874445,0.4164693592252251,2.597677919836609
65,attenuated,forms_evidence,1,0.59536792684939,0,0.3059844839420046,0.4685706862407637,0.4080678469896228,1.0
65,attenuated,labels_evidence,1,0.6235389451130967,0,0.2671420839037769,0.5583851320130423,0.4088402880980941,2.3251930480760183
66,concession_cost,actions_evidence,1,0.338859020061088,1,0.52759019335622,0.8303035687551046,0.5456182828492505,1.5367240384082412
66,concession_cost,forms_evidence,1,0.3495313057732449,1,0.5167506192293936,0.4880198467291981,0.539887411992723,1.0
66,concession_cost,labels_evidence,1,0.3455894979502245,1,0.5182305427954222,0.5760921748461766,0.5405540513438719,2.783815205943619
67,access_protection,actions_evidence,1,0.8205498074610166,0,0.2170652171678974,0.2290925880100746,0.9595333837918818,2.470358360807586
67,access_protection,forms_evidence,1,0.9590694820477316,0,0.1529115355323013,0.0829174295296258,0.9310652728163898,1.0
67,access_protection,labels_evidence,1,0.966225428933617,0,0.2307994590123165,0.1199716684480019,0.932072835643246,3.201658342941633
68,reference,actions_evidence,0,0.2693243923322416,0,0.3567420916302551,0.4176793128724754,0.0253319083452715,3.4339253548461497
68,reference,forms_evidence,0,0.3067186541556379,0,0.3403350174893615,0.3758354417831149,0.0248128033766136,1.0
68,reference,labels_evidence,0,0.2961711452336538,0,0.3599468007960675,0.3986446086525325,0.0248426315624194,4.674635882101181
69,attenuated,actions_evidence,1,0.5808073586156917,0,0.4341008406233161,0.446685874764196,0.2855172072817932,1.6173809782916644
69,attenuated,forms_evidence,1,0.6414695036144703,0,0.4278345670604054,0.5063704857289824,0.2771704417591916,1.0
69,attenuated,labels_evidence,1,0.6754087759260727,0,0.4407333582854548,0.501640051736724,0.2753317853092918,1.6581685546971752
70,concession_cost,actions_evidence,1,0.9992332115144876,0,0.2198294776161112,0.4853836699284313,0.7442345338022388,1.1423564917626725
70,concession_cost,forms_evidence,1,0.9994111928547094,0,0.2977775868251879,0.1235527682167471,0.7598066770313922,1.0
70,concession_cost,labels_evidence,1,0.9994222799510676,0,0.3004571753377044,0.1966447465900412,0.747333349977822,1.890895662664125
71,access_protection,actions_evidence,0,0.254584264951403,0,0.2851079809145611,0.4385356440885404,0.0152713381538357,2.5574432078516636
71,access_protection,forms_evidence,1,0.3444913229429952,0,0.3131864373887048,0.3125871714989643,0.0151717668596361,1.0
71,access_protection,labels_evidence,1,0.4032878225764886,0,0.305507222860935,0.3648578361390107,0.0150906198227311,1.664751671317556
72,reference,actions_evidence,0,0.3289250207805808,0,0.3222480733127457,0.563770854444413,0.201709441316138,3.0250787600624403
72,reference,forms_evidence,0,0.346872875122606,0,0.3060440358478438,0.557957086429501,0.1993387435369413,1.0
72,reference,labels_evidence,0,0.3358483857969583,0,0.3230908795981353,0.4728602603195189,0.2007380651093811,3.5417244128667726
73,attenuated,actions_evidence,0,0.2694766882333924,0,0.237542720013167,0.4347303119421383,0.0287048515289744,3.886523057970814
73,attenuated,forms_evidence,0,0.3810673537753791,0,0.2927187996464703,0.3758354417831147,0.0282434531236197,1.0
73,attenuated,labels_evidence,0,0.3396270820134388,0,0.2934181872288599,0.3956173577900459,0.0278369619483683,3.2497113119897403
74,concession_cost,actions_evidence,1,0.9803972488306426,0,0.1610946269131483,0.2490742179462704,0.9311927063746706,3.5546581349473794
74,concession_cost,forms_evidence,1,0.9833268326239964,0,0.2759419112911673,0.1777898349558517,0.9201735892601164,1.0
74,concession_cost,labels_evidence,1,0.981708747939222,0,0.236082739692009,0.1776346242274346,0.9369155043679644,1.8475732199709447
75,access_protection,actions_evidence,1,0.8129408542987152,1,0.792381365906728,0.4369404097093425,0.8633225144806308,2.2253839424961965
75,access_protection,forms_evidence,1,0.7484742570481002,1,0.7136128372546049,0.3644170813747607,0.8954624019343717,1.0
75,access_protection,labels_evidence,0,0.4140882428306535,1,0.8809294975988599,0.4005458448936649,0.8875060754761187,2.360584141887178
76,reference,actions_evidence,0,0.2487064731228399,0,0.1337670115828692,0.4077468733168634,0.8352244135894336,2.2208897322030525
76,reference,forms_evidence,0,0.2633197455833787,0,0.0935086880668226,0.202257902286818,0.8194155425997968,1.0
76,reference,labels_evidence,0,0.2569396618134081,0,0.1870612359929479,0.4334993512374742,0.8160899331927101,3.0386108678198154
77,attenuated,actions_evidence,1,0.9804727773154372,0,0.2280429970329331,0.374725959950428,1.1075495821428267,2.8923990791298504
77,attenuated,forms_evidence,1,0.981458273739852,0,0.2239494824487596,0.197752300514295,1.1099107548179392,1.0
77,attenuated,labels_evidence,1,0.9811619347149304,0,0.2246481429315145,0.2179410041552842,1.107615486421351,4.936951347870326
78,concession_cost,actions_evidence,1,0.931290602948874,0,0.2788118980844639,0.3389264952286534,0.3276421553770692,2.623591025201749
78,concession_cost,forms_evidence,1,0.9295051456755326,0,0.3005226874833961,0.21391957187045,0.3317405401783316,1.0
78,concession_cost,labels_evidence,1,0.929455185044054,0,0.2960113134869664,0.268146974685663,0.3317997509182431,3.204115662826974
79,access_protection,actions_evidence,0,0.1977052683182637,0,0.3670442816197455,0.4757005719495915,0.4489531513345537,2.098118625204545
79,access_protection,forms_evidence,1,0.3539510416362793,0,0.3248714393359777,0.4747463505869069,0.4436658112017862,1.0
79,access_protection,labels_evidence,0,0.2341128471606152,0,0.3539146264260639,0.5018329931034123,0.4439720362112311,2.745675540726173
80,reference,actions_evidence,0,0.300864816938042,1,0.927821377337441,0.2908501018383738,0.513732086025081,1.6804063473962312
80,reference,forms_evidence,0,0.3082793098274342,1,0.976856631039648,0.1868010385008977,0.5055375634998098,1.0
80,reference,labels_evidence,0,0.3111955852537659,1,0.7988724412647846,0.1277862159605788,0.5213281162265369,4.363190791766126
81,attenuated,actions_evidence,0,0.2829107059851767,0,0.2360719297933676,0.2762888529375676,0.0402726308492465,5.415518159489021
81,attenuated,forms_evidence,0,0.4047596259270347,0,0.2682454350996239,0.292624705940521,0.0397792304268612,1.0
81,attenuated,labels_evidence,1,0.3609137776682685,0,0.1545287307694345,0.2000302165017548,0.0411123392354716,3.5444602683281765
82,concession_cost,actions_evidence,1,0.3188436653152359,1,0.659834362920902,0.5145074213126054,0.4058071304350807,1.567754205894737
82,concession_cost,forms_evidence,1,0.3213788367729701,1,0.602109091358755,0.289974239901935,0.4090351870731317,1.0
82,concession_cost,labels_evidence,1,0.3355269179032014,1,0.6478218417989378,0.4748227648318062,0.4063547527288781,2.4072539844428675
83,access_protection,actions_evidence,1,0.4470844460304914,0,0.2076934098415613,0.3316566316851151,0.3746751029885795,3.5969052493271025
83,access_protection,forms_evidence,1,0.8334532819283069,0,0.2120393207620399,0.3282873444601625,0.4049244860324008,1.0
83,access_protection,labels_evidence,1,0.7738992811941376,0,0.2422275226833051,0.2529114679322776,0.3837017847763852,1.5205145170954304
84,reference,actions_evidence,0,0.3432797907398708,0,0.2585976001428646,0.3312264974735465,0.0437068842607528,2.5659218086173614
84,reference,forms_evidence,1,0.3528465532623883,0,0.2686729247773954,0.2610005707984457,0.04357256935645,1.0
84,reference,labels_evidence,1,0.4012964695869443,0,0.2305780637461696,0.2867680453076283,0.0462057844887745,5.101829645985542
85,attenuated,actions_evidence,0,0.2835373790848924,0,0.4045016064545708,0.4560736712622701,0.7661307569205968,2.1381220925593083
85,attenuated,forms_evidence,1,0.3500075297401363,1,0.7813417957675564,0.3758354417831149,0.78849365284478,1.0
85,attenuated,labels_evidence,1,0.3152453838552208,1,0.7925513374549695,0.4224860659650557,0.7946932089824831,2.440841869738274
86,concession_cost,actions_evidence,1,0.9185446190699772,1,0.9387372257409632,0.4772347788841141,1.453306453854957,2.1394186129639214
86,concession_cost,forms_evidence,1,0.9217727530331395,1,0.9399483722314724,0.3215983750440103,1.4439356798803615,1.0
86,concession_cost,labels_evidence,1,0.9184180908722304,1,0.9479358588729004,0.3902685518355557,1.4464536577204024,2.023861231010566
87,access_protection,actions_evidence,1,0.3584717962713011,0,0.2579697424855431,0.6184069923647055,0.0241273579645334,2.862423003830704
87,access_protection,forms_evidence,0,0.0946814883763739,0,0.2887725248587685,0.3957979073415583,0.024503635634891,1.0
87,access_protection,labels_evidence,0,0.1351806530470932,0,0.2559160544022296,0.4317793704852282,0.0250712039728097,5.947675895004862
88,reference,actions_evidence,0,0.2726424490792627,0,0.2780225651818397,0.6763605333334425,0.3146879927117819,2.1653369370310687
88,reference,forms_evidence,0,0.2975843079683533,0,0.3581666346714962,0.557957086429501,0.3118970518943092,1.0
88,reference,labels_evidence,0,0.3131116999666012,0,0.3603777246524269,0.626767027194625,0.3087167818271428,3.361039569764912
89,attenuated,actions_evidence,0,0.2670054292736253,1,0.4078858741751429,1.010898433033012,0.018853447972337,1.5451195376101166
89,attenuated,forms_evidence,1,0.2787181091986719,1,0.4389794588844404,0.8708375642414333,0.019201917025037,1.0
89,attenuated,labels_evidence,1,0.2712195394784099,1,0.4038559830044294,0.7923468095777958,0.0189583226315711,3.055067047398523
90,concession_cost,actions_evidence,0,0.2192946713982573,1,0.3440120473992825,0.4430373437642215,0.0231267447754571,2.596037383635578
90,concession_cost,forms_evidence,0,0.239743588050646,1,0.4300165722274223,0.3442113066410396,0.02382510389845,1.0
90,concession_cost,labels_evidence,0,0.2419786802397841,1,0.4289870959545973,0.3724962375101937,0.0234248769308662,3.321208696964239
91,access_protection,actions_evidence,1,0.2861849667369183,0,0.3483136746358932,0.5630171731948455,0.3149067877324277,2.22343173168502
91,access_protection,forms_evidence,1,0.4932957713672516,0,0.3855562869592541,0.4947088161453504,0.3163374745230986,1.0
91,access_protection,labels_evidence,1,0.3381434251081297,1,0.4408288468711058,0.568463141535987,0.3135905371004666,2.744073122121042
92,reference,actions_evidence,0,0.2275774403862722,0,0.3190159682729467,0.5759334800458739,0.3860682958579436,2.8644154358325893
92,reference,forms_evidence,0,0.1759430263594461,0,0.3042607337680512,0.4947088161453503,0.3855631290893315,1.0
92,reference,labels_evidence,0,0.234930905846821,0,0.2361538693434887,0.5683468126524861,0.384971030665918,1.959821497556192
93,attenuated,actions_evidence,0,0.1341968189761827,0,0.2603287844916265,0.5418601486425962,0.2776332340987449,3.0887576976140227
93,attenuated,forms_evidence,0,0.1529800677190176,0,0.2525986934092301,0.3641737721994828,0.276345682750195,1.0
93,attenuated,labels_evidence,0,0.1425019244450863,0,0.248081914197898,0.4190371925658314,0.275395602339303,2.45099588450166
94,concession_cost,actions_evidence,1,0.9943969887614288,0,0.3276280348282019,0.2926466178449967,0.6954462047888197,2.2159149207935704
94,concession_cost,forms_evidence,1,0.9944057650664704,0,0.3442448045544166,0.3111604181006216,0.6890968427056027,1.0
94,concession_cost,labels_evidence,1,0.9942406860791446,0,0.2683008659182135,0.133750425384406,0.6961138456605557,2.982125225204052
95,access_protection,actions_evidence,1,0.2807101961555199,0,0.2136748325658763,0.3225054881507156,0.0705912850898089,3.4565112105657234
95,access_protection,forms_evidence,1,0.8354572428044051,0,0.2885033154204492,0.1661281653722198,0.0695427841788413,1.0
95,access_protection,labels_evidence,1,0.8362356064341416,0,0.2962587437885117,0.203669373659824,0.0687588756730443,3.9537976216010207
96,reference,actions_evidence,0,0.2924018796884404,0,0.2748108055733829,0.7218896900963333,0.6797915787966052,1.6099403871955598
96,reference,forms_evidence,0,0.3506512092960989,0,0.3560588292051795,0.573881048610378,0.6836902316346324,1.0
96,reference,labels_evidence,0,0.3385291684677303,0,0.3764979583489058,0.6570134535028486,0.6591500757215802,2.100037453891668
97,attenuated,actions_evidence,0,0.2713473084560025,0,0.2188018856220686,0.1786324506690916,0.0384789525553238,5.878327270709971
97,attenuated,forms_evidence,0,0.4493016783926685,0,0.1847744755103421,0.1461656998137764,0.0379313744791609,1.0
97,attenuated,labels_evidence,1,0.3819499983933188,0,0.1909188714562738,0.1682188571469968,0.0381838564436713,3.502929639080165
98,concession_cost,actions_evidence,1,0.9829837073635864,0,0.2473193369871374,0.3540417499170495,0.4855954772432555,3.603509052285333
98,concession_cost,forms_evidence,1,0.9807499523020322,0,0.2823354929867432,0.2479121478164713,0.4711586362610082,1.0
98,concession_cost,labels_evidence,1,0.9848333372875148,0,0.3054047971288193,0.4833171706081691,0.4790031463500948,2.037962231341316
99,access_protection,actions_evidence,0,0.2329539918463682,1,0.992348089808354,0.5769126942327867,0.7595295478201601,1.677267545362909
99,access_protection,forms_evidence,0,0.0998426833111551,1,0.9969955110613876,0.3577281119586085,0.7401630094897175,1.0
99,access_protection,labels_evidence,0,0.1526635336706425,1,0.992637408055688,0.3170184296880209,0.7522207448055053,1.4735711837058827
100,reference,actions_evidence,0,0.283968379321196,0,0.364231288015258,0.5872674464563659,0.0290667506348813,2.6993438677644517
100,reference,forms_evidence,0,0.2926417011025672,0,0.2912524577045676,0.3957979073415581,0.028581044658006,1.0
100,reference,labels_evidence,0,0.2713394734600534,0,0.2562308010048981,0.4873198911525873,0.0289469304214188,4.928824686014582
101,attenuated,actions_evidence,1,0.4778762383063664,0,0.257966191445112,0.5719965357051312,0.3966019172360289,2.6541203848353314
101,attenuated,forms_evidence,1,0.5583042454307388,0,0.1620031403170413,0.5063704857289825,0.3875071385785496,1.0
101,attenuated,labels_evidence,1,0.5704050971023829,0,0.2385247906954868,0.5256616748682993,0.3962619718815467,3.794723042267179
102,concession_cost,actions_evidence,1,0.9999985308725694,0,0.3285903118427998,0.5029589712720474,0.5858703134266021,1.3218469379500533
102,concession_cost,forms_evidence,1,0.9999985911019676,0,0.3305036414347229,0.1480208355477134,0.5834583659329257,1.0
102,concession_cost,labels_evidence,1,0.9999985798866848,0,0.3289626619207821,0.25482228934128,0.5834219160443214,3.143153164076655
103,access_protection,actions_evidence,1,0.3771671317363981,1,0.3900430419368816,0.4599043182029311,0.018741298201864,2.9287778599767944
103,access_protection,forms_evidence,1,0.5560926066828497,1,0.4371724400329428,0.2493389012148137,0.0193953904059517,1.0
103,access_protection,labels_evidence,1,0.3962190764682612,1,0.437092300523616,0.3795578252075309,0.0190625650973322,2.4993639620213006
104,reference,actions_evidence,0,0.3062859443706461,0,0.2799324757271779,0.7078093847293548,0.0273342972713094,2.8987264690988996
104,reference,forms_evidence,0,0.315311832903338,0,0.2893010650898192,0.5422569134683027,0.0260175632513548,1.0
104,reference,labels_evidence,1,0.448159960500411,0,0.2835233384243692,0.5957314229284911,0.0273194503814058,3.4304411977203624
105,attenuated,actions_evidence,1,0.2648647195753546,0,0.3068937294350192,0.4407374100882748,0.4546633049813134,3.473352289843824
105,attenuated,forms_evidence,0,0.3135854095073318,0,0.3988611867553697,0.4707078472093407,0.4499967056613427,1.0
105,attenuated,labels_evidence,0,0.2904116831083442,0,0.3265891703779464,0.3870697086317012,0.4530611647920843,3.331384780492703
106,concession_cost,actions_evidence,0,0.2069793368527088,1,0.3571035696392481,0.1780191780031613,0.4040511417631753,4.246789368992384
106,concession_cost,forms_evidence,0,0.1325592516182748,1,0.4697197468679061,0.1777898349558517,0.4067481174511765,1.0
106,concession_cost,labels_evidence,0,0.1432385230934895,1,0.4173315567544832,0.1511236315954904,0.4048571200541835,2.810732189484925
107,access_protection,actions_evidence,1,0.689159989133607,0,0.2766493653844389,0.571852212736533,0.3664053089423956,3.576049641955169
107,access_protection,forms_evidence,1,0.718167624917371,0,0.2868619722634843,0.5895812215715763,0.3372800939361505,1.0
107,access_protection,labels_evidence,1,0.6736275110620834,0,0.2491538568328092,0.7093594689733193,0.3439351485968263,3.453132388717865
108,reference,actions_evidence,0,0.2261246473173865,0,0.2497099374426985,0.4918351855562055,0.5825846147884922,2.467180991742538
108,reference,forms_evidence,0,0.2303812335348423,0,0.3256846672795528,0.3016359094855669,0.5960644986115392,1.0
108,reference,labels_evidence,0,0.2362374386474795,0,0.3118367051308232,0.311166125806627,0.5944594666829152,2.970404683854649
109,attenuated,actions_evidence,0,0.2621003591398014,0,0.2150088617526605,0.1866895431314714,0.026522153284316,5.040807386448807
109,attenuated,forms_evidence,0,0.1517985979309858,0,0.285470256366853,0.1145415646717011,0.0265258000492028,1.0
109,attenuated,labels_evidence,0,0.1246160780556101,0,0.2859137916011304,0.1483235359453502,0.0249932306826597,5.0516882279978175
110,concession_cost,actions_evidence,1,0.3134746543097194,1,0.676871953440911,0.5228027673064057,0.0282733905217795,2.591495594763499
110,concession_cost,forms_evidence,1,0.3222853200782155,1,0.6901373658646894,0.3442113066410395,0.0279977290340665,1.0
110,concession_cost,labels_evidence,1,0.3084406038227871,1,0.6891308859419686,0.3086368026671891,0.0280753055082979,5.433741317685581
111,access_protection,actions_evidence,0,0.378968997686035,0,0.2718600899006956,0.4305546162021014,0.452540174455425,2.4777656356946185
111,access_protection,forms_evidence,1,0.9269866446431524,0,0.3073208093956934,0.474746350586907,0.4439956601318846,1.0
111,access_protection,labels_evidence,0,0.3515823069014243,0,0.3308780846565453,0.4790927746630154,0.4677836463206917,2.002249163589138
112,reference,actions_evidence,0,0.1908534104671589,0,0.2122480682829366,0.3359833508449008,0.0943942762528896,3.660815310741021
112,reference,forms_evidence,0,0.1713235265413706,0,0.2052895025956259,0.2293764356563703,0.1004207975611139,1.0
112,reference,labels_evidence,0,0.1580587952698798,0,0.2234346955405316,0.2528731055729651,0.0992311408691032,3.974882979920648
113,attenuated,actions_evidence,1,0.3590794013171809,1,0.6048457781348388,0.3364248006092125,0.6216375712007748,2.447807817414566
113,attenuated,forms_evidence,1,0.3689174655334408,1,0.6762155658598857,0.2610005707984457,0.6229973447181657,1.0
113,attenuated,labels_evidence,1,0.3691285900810259,1,0.5425646072024243,0.266584705789732,0.6131047408015926,3.72065675286839
114,concession_cost,actions_evidence,1,0.2831028920199047,0,0.4180002412222465,0.5523908278989985,0.6577496587674158,1.7430318363193034
114,concession_cost,forms_evidence,1,0.3077937628061353,1,0.4549162602510678,0.3532225101860856,0.655004092007021,1.0
114,concession_cost,labels_evidence,1,0.3081713138662359,1,0.4459665881697695,0.4957762041614363,0.6547042794808129,2.9003669824309295
115,access_protection,actions_evidence,1,0.4787505377508883,0,0.24298119195407,0.3072300501522996,0.0291375149475239,3.4184331031660147
115,access_protection,forms_evidence,1,0.6277749353839827,0,0.3063807199843695,0.292624705940521,0.0274269576078282,1.0
115,access_protection,labels_evidence,1,0.6619834941093089,0,0.3031230925997225,0.2788972723329109,0.0276797553672418,5.0254466046967385
116,reference,actions_evidence,0,0.3015775839296343,0,0.2401640084675678,0.1736250484417993,0.0229446189195953,3.8425809355408913
116,reference,forms_evidence,1,0.344521526927469,0,0.2313425619291751,0.1777898349558517,0.0231313876215548,1.0
116,reference,labels_evidence,0,0.304335398241198,0,0.2537922732679076,0.1585000662657243,0.0226165767931735,4.614284712322134
117,attenuated,actions_evidence,0,0.2634529899375049,1,0.6116439797384982,0.8926223819732731,0.0317039837468673,1.232335116423766
117,attenuated,forms_evidence,0,0.3073697545990398,1,0.6678124693799022,0.8192509635409149,0.0321809289425511,1.0
117,attenuated,labels_evidence,1,0.3266524266190806,1,0.6410908245779786,0.8390917085415639,0.0321556270565874,3.028592455198558
118,concession_cost,actions_evidence,0,0.2749957124778697,1,0.5269755324408003,0.8461979529476872,0.5381703971570684,2.2996243644223866
118,concession_cost,forms_evidence,0,0.2362437531792025,1,0.6288824259757853,0.6927544229726136,0.5419832054941455,1.0
118,concession_cost,labels_evidence,0,0.2434540719283147,1,0.6756766363696021,0.697640816338378,0.5497295707272832,2.7150268507018342
119,access_protection,actions_evidence,1,0.5332358673850275,0,0.2147925926308185,0.1825628856736855,0.0379617551228306,6.303489460285609
119,access_protection,forms_evidence,1,0.8014214612164297,0,0.2837095300210451,0.1777898349558517,0.036581793507251,1.0
119,access_protection,labels_evidence,1,0.603139424914563,0,0.2689956973571834,0.1985491786891679,0.0378628597030081,5.385500135430325
120,reference,actions_evidence,0,0.2931124386887457,1,0.457071280309406,0.6414952226333198,0.0685777186817564,2.9085522205347307
120,reference,forms_evidence,0,0.2412819827205422,1,0.485143160610266,0.4473845080420768,0.0763531870146614,1.0
120,reference,labels_evidence,0,0.2590085389262561,1,0.4791857525447602,0.5096040025471896,0.0732384704724838,3.520960862376524
121,attenuated,actions_evidence,1,0.272903400939146,1,0.4940103336615,0.3017104479626926,0.3586035058148697,2.940854107224569
121,attenuated,forms_evidence,1,0.2745912985601954,1,0.4680954395662525,0.1551769033588224,0.3568948491548474,1.0
121,attenuated,labels_evidence,1,0.2928284740112397,1,0.4581728715324131,0.1607618592824191,0.3628452609828861,3.918411963457457
122,concession_cost,actions_evidence,0,0.1754764017616918,1,0.7663571851839733,0.949002401299896,0.5458844681407137,2.3084270505345454
122,concession_cost,forms_evidence,0,0.1182801924690478,1,0.7067838861282778,0.6138059797272647,0.5441186925329342,1.0
122,concession_cost,labels_evidence,0,0.1165477503546808,1,0.5307165759247884,0.8544626555641933,0.5468090197230374,2.9045052255490305
123,access_protection,actions_evidence,1,0.8700283419139055,0,0.2909811080556479,0.3687755347796789,0.903797555417695,2.3642255797314786
123,access_protection,forms_evidence,1,0.8377319912775548,0,0.2916447405155825,0.4592894868009867,0.8849724693850222,1.0
123,access_protection,labels_evidence,1,0.9364711823283184,0,0.3089622621850778,0.3916255174198679,0.85610468853278,2.8343672618987257
124,reference,actions_evidence,1,0.7673830647688193,0,0.1809932794670467,0.6276112064785978,0.909796666793849,2.1359823067086245
124,reference,forms_evidence,1,0.8991363983133314,0,0.186922358219329,0.3532225101860856,0.913205963622842,1.0
124,reference,labels_evidence,0,0.1983558014166505,0,0.1892812882821311,0.6743628409595904,0.9130447559779096,1.6217095454900534
125,attenuated,actions_evidence,0,0.3108526800206145,0,0.2988190714844174,0.6664301299316185,0.0211233069993301,2.842514730071873
125,attenuated,forms_evidence,0,0.2233365114579422,0,0.205091996345942,0.6568679952332931,0.022041072425513,1.0
125,attenuated,labels_evidence,0,0.3272079936717125,0,0.2299894957851062,0.6250731527999465,0.0218304345483804,3.6999881747236687
126,concession_cost,actions_evidence,1,0.9151924441809036,0,0.29476202575473,0.4237189472921004,1.4208745466989487,2.6329388587570466
126,concession_cost,forms_evidence,1,0.9319133757206974,0,0.2969248213696962,0.2700117743434917,1.4292232171543835,1.0
126,concession_cost,labels_evidence,1,0.931085787187436,0,0.2965397166444814,0.2340915561647637,1.427956996490493,2.786658922242474
127,access_protection,actions_evidence,0,0.2352737492591097,0,0.2687240772536904,0.7077571230103371,0.0231452327899491,3.3648022317532837
127,access_protection,forms_evidence,1,0.4618699924469515,0,0.2777788373422749,0.6095436871300196,0.0228591975115632,1.0
127,access_protection,labels_evidence,0,0.2846079442707556,0,0.3060185845368465,0.7507805831844189,0.0230398951590004,2.033922354570428
128,reference,actions_evidence,0,0.1931937475621003,0,0.4098653500772602,0.48010195638865,0.4946332170768849,3.385014388891326
128,reference,forms_evidence,0,0.1634445943347027,1,0.5898903465556093,0.280963036356889,0.5043450192943842,1.0
128,reference,labels_evidence,0,0.0889601205256552,1,0.7078420816986095,0.3193755835683841,0.5060920364680115,4.49315767677091
129,attenuated,actions_evidence,1,0.2849005151018227,0,0.403426988798801,0.4618931215028797,0.2734150847109965,1.5693535087758042
129,attenuated,forms_evidence,0,0.3115890524383883,1,0.6153594883486374,0.3287544428551193,0.2718703420352724,1.0
129,attenuated,labels_evidence,0,0.3021861997421367,1,0.5995944042721442,0.3502161145091709,0.2726192853567538,2.3715890738407657
130,concession_cost,actions_evidence,0,0.2178553568047448,1,0.3457888484078883,0.5954062991388432,0.0237344952691439,3.4754998319803683
130,concession_cost,forms_evidence,1,0.2655809068455725,1,0.4833791560916503,0.3957979073415581,0.0235210278923657,1.0
130,concession_cost,labels_evidence,1,0.2655254701303287,1,0.4881228471380952,0.463049465487177,0.0234116883116003,3.5341003286388983
131,access_protection,actions_evidence,1,0.3771297362641541,0,0.2271752732603316,0.3519496110362814,0.4315374050403033,2.3814026850400905
131,access_protection,forms_evidence,1,0.8176119505173893,0,0.2989102252280948,0.2293764356563704,0.426621076699434,1.0
131,access_protection,labels_evidence,1,0.5728445033030668,0,0.3025550047321583,0.2623542878094924,0.4184254767845676,3.763221406338885
132,reference,actions_evidence,0,0.2686224586807259,0,0.3931728896869746,0.3354807279751137,0.3794983137574761,2.88606713254168
132,reference,forms_evidence,0,0.2898538819754951,0,0.2961930581291829,0.197752300514295,0.3758014821016014,1.0
132,reference,labels_evidence,0,0.2971887466591237,0,0.2914934612551838,0.2019496940548607,0.3735910081481632,3.4514946865474263
133,attenuated,actions_evidence,0,0.3365489817511308,0,0.2670493725070779,0.7015106169780815,0.1352477557449127,2.961557205077223
133,attenuated,forms_evidence,0,0.2316356306791396,0,0.3071773420538515,0.546295416845869,0.1413147063457353,1.0
133,attenuated,labels_evidence,0,0.3022228619198892,0,0.2844818755910281,0.5378183007421601,0.1370688955365897,2.837658411302993
134,concession_cost,actions_evidence,1,0.8490079638931218,1,0.9254300857280962,0.422240487746101,1.6375835931750506,2.0960192724646136
134,concession_cost,forms_evidence,1,0.8215357537974524,1,0.921304813378086,0.2700117743434916,1.64948780553065,1.0
134,concession_cost,labels_evidence,1,0.8093114353123738,1,0.9178014851909584,0.3084498530474919,1.649362526373068,2.224518414955116
135,access_protection,actions_evidence,0,0.2345540843838472,0,0.2613210652311726,0.4663382284633438,0.0178356202537433,3.1532190122710793
135,access_protection,forms_evidence,1,0.5195268825407294,0,0.3128811230732926,0.5696187560131328,0.0164641322746228,1.0
135,access_protection,labels_evidence,0,0.2876298609360246,0,0.2906210888771242,0.4521388996908322,0.0171741189703228,4.565903040304584
136,reference,actions_evidence,1,0.3822263015754193,0,0.2403490407671114,0.4358817700813155,0.0633939752371428,2.66734314976815
136,reference,forms_evidence,1,0.4375930143773565,0,0.1858055320531207,0.4431222154448317,0.0644728020490445,1.0
136,reference,labels_evidence,1,0.4190859695053458,0,0.2585298238684047,0.4654133935278583,0.0626098007284883,4.828452106976117
137,attenuated,actions_evidence,0,0.3061400017852599,0,0.2746159276390097,0.6925325809497315,0.7551103301127892,2.1029712032280083
137,attenuated,forms_evidence,1,0.3433909189552983,0,0.2543935142688729,0.4473845080420769,0.7524017665629489,1.0
137,attenuated,labels_evidence,1,0.3435073442028302,0,0.2590976234883497,0.4596381580015761,0.7525836076633938,7.142806906370169
138,concession_cost,actions_evidence,1,0.9998211942627896,0,0.283347119841393,0.5961197059242315,0.5970181431692901,2.9880013963406222
138,concession_cost,forms_evidence,1,0.9998260321246398,0,0.2921246004926851,0.2538445029873367,0.5947185351930646,1.0
138,concession_cost,labels_evidence,1,0.9998262570577684,0,0.2939473261689624,0.2766602080431093,0.5945287608273023,5.3071537731362195
139,access_protection,actions_evidence,1,0.289656318887424,0,0.3340782766834174,0.3028583238972013,0.0253169026292588,3.724210526132081
139,access_protection,forms_evidence,1,0.2813898294557835,1,0.4450747820236129,0.2610005707984457,0.0259905599001747,1.0
139,access_protection,labels_evidence,1,0.3420098368917951,0,0.3377788292212883,0.3263380620686526,0.0248229067141101,4.744446518300039
140,reference,actions_evidence,0,0.3086136086410998,1,0.8025222234850785,1.0167689861299023,0.5894454062640778,2.714619366548964
140,reference,forms_evidence,0,0.3084532756649223,1,0.8016058105381674,0.9897109386036692,0.5897429509241111,1.0
140,reference,labels_evidence,0,0.3128141601659913,1,0.8056223146444688,0.9171309572425635,0.5896575978768219,3.921414031759344
141,attenuated,actions_evidence,1,0.3530375432862772,1,0.4703154648447418,0.5262691850468676,0.4484759607176498,3.695619008252303
141,attenuated,forms_evidence,1,0.3474562430932549,1,0.4872136201615629,0.4521334189898776,0.4510086224127856,1.0
141,attenuated,labels_evidence,1,0.3332363216257199,1,0.517559752609276,0.3650201242020315,0.4556919595273656,4.313164561908244
142,concession_cost,actions_evidence,1,0.8644954622986005,0,0.1212045069062328,0.3424050138107612,0.7712355185658194,3.744190121678678
142,concession_cost,forms_evidence,1,0.92529345075932,0,0.3561031036837309,0.3537358152560943,0.8047932312492652,1.0
142,concession_cost,labels_evidence,1,0.928780648841854,0,0.2614589721822224,0.4307270136102638,0.7767371674073879,2.2100463854272494
143,access_protection,actions_evidence,1,0.6693213747115814,0,0.2592996493063217,0.5760346180656645,0.2682401649120817,3.0772827796327022
143,access_protection,forms_evidence,1,0.9707734144414888,0,0.2649105574472922,0.6568679952332931,0.2372060807304798,1.0
143,access_protection,labels_evidence,1,0.9793436498330238,0,0.2548225890136594,0.729941010711188,0.2240659422741061,3.5520903445676826
144,reference,actions_evidence,1,0.3772318414915923,0,0.2908580757966693,0.7102327623381822,0.026839805889791,3.487954048338627
144,reference,forms_evidence,0,0.2721026180116871,0,0.2500734194908134,0.8033270013600378,0.0262707924151393,1.0
144,reference,labels_evidence,1,0.3555703666416159,0,0.2659555279127876,0.7680874947715144,0.0263567170543267,6.818512999507527
145,attenuated,actions_evidence,0,0.2369210852197907,0,0.2791806840622721,0.3370383095234155,0.0309977464871686,3.2935756194550465
145,attenuated,forms_evidence,0,0.1439373162033143,1,0.3844668207740992,0.2610005707984457,0.0316324883867586,1.0
145,attenuated,labels_evidence,0,0.1715728097158979,1,0.3451589343996256,0.2735330408213055,0.0317246790298499,3.261143130850214
146,concession_cost,actions_evidence,0,0.2946884122301093,0,0.273439218998649,0.3125940975649024,0.6048249265140319,2.109610951156569
146,concession_cost,forms_evidence,0,0.298220964776444,0,0.2893203478771298,0.218425173642973,0.608857155423168,1.0
146,concession_cost,labels_evidence,0,0.3072800324665338,0,0.2026104214739612,0.1529762257532867,0.6433903109767042,1.9713418683877897
147,access_protection,actions_evidence,0,0.3431776365189842,0,0.2634169616647674,0.4128727604825895,0.0232050285769666,3.661039025164077
147,access_protection,forms_evidence,1,0.7290965388853323,0,0.2772351705063753,0.3125871714989643,0.0221493014089141,1.0
147,access_protection,labels_evidence,0,0.3230640321896483,0,0.194707138270786,0.4506685872204971,0.0241031394379609,2.69411131459604
148,reference,actions_evidence,0,0.2878139490196819,1,0.6024903158484816,0.9002177179107053,0.0580303414545045,2.666572675549601
148,reference,forms_evidence,0,0.3098317916846273,1,0.7821984513915174,0.6770542500114153,0.0630919565556129,1.0
148,reference,labels_evidence,0,0.3052767197959897,1,0.7177056543905181,0.8680689902773239,0.0635669335388647,2.858059161131184
149,attenuated,actions_evidence,0,0.204780501047343,1,0.6027482616084969,0.544796081252697,0.7362497483755447,2.781833016159431
149,attenuated,forms_evidence,0,0.2348720503913063,1,0.6453488223420099,0.280963036356889,0.7403298906824464,1.0
149,attenuated,labels_evidence,0,0.2257649516297919,1,0.6170338712156036,0.2499675643254078,0.7406847320582765,5.698059478330446
150,concession_cost,actions_evidence,1,0.2910726077956789,1,0.398583116690601,0.5464747955599771,0.0182372561205188,3.303627521816727
150,concession_cost,forms_evidence,1,0.3027203021106918,1,0.4276933301449038,0.3957979073415581,0.0179732123301529,1.0
150,concession_cost,labels_evidence,1,0.2970619376845512,1,0.4477710997678564,0.4516643968490021,0.0179743146121299,3.6941999004688983
151,access_protection,actions_evidence,0,0.271480754780055,0,0.2164019988117874,0.2064517303308832,0.3848638462945233,4.438953277166445
151,access_protection,forms_evidence,1,0.4283823859055737,0,0.2438940288876107,0.0829174295296258,0.3940572473076345,1.0
151,access_protection,labels_evidence,0,0.2953139219750593,0,0.2520734715829246,0.2187080251133245,0.3945706814359832,5.192991085812852
152,reference,actions_evidence,0,0.2229162031451622,0,0.2684028173671827,0.1830263915826588,0.4881310645457408,2.968658274701858
152,reference,forms_evidence,0,0.3233165288413434,0,0.1083152463210185,0.1461656998137765,0.4923515545204791,1.0
152,reference,labels_evidence,0,0.3170467845714857,0,0.1338975345839033,0.1600880313622067,0.4920108775041484,2.701172690066118
153,attenuated,actions_evidence,1,0.4850411140993381,1,0.9132773966109352,0.3778660926246107,0.7016743103808861,2.062764148554043
153,attenuated,forms_evidence,1,0.535771558095547,1,0.8303582424287161,0.2383876392014163,0.7523038013475264,1.0
153,attenuated,labels_evidence,1,0.4677844768374261,1,0.8810230282308633,0.2238514785648367,0.7264828490225889,2.8818804201446193
154,concession_cost,actions_evidence,1,0.9996448264835956,0,0.2636094549532558,0.2778875472758814,0.591658909071428,2.7739646403358957
154,concession_cost,forms_evidence,1,0.9996294799986284,0,0.2921690684486556,0.1822954367283747,0.6007592765894932,1.0
154,concession_cost,labels_evidence,1,0.9996419040752788,0,0.2949310738984765,0.3007629449860773,0.5955326786035672,2.5402027273454606
155,access_protection,actions_evidence,0,0.1517700701463971,1,0.4253788554246288,0.6793716008587153,0.0176517753481449,3.8986542745082686
155,access_protection,forms_evidence,0,0.1013558839853851,1,0.4643764925264774,0.4790086431841522,0.0175387761682697,1.0
155,access_protection,labels_evidence,0,0.1096564520499592,1,0.4351405970157862,0.6855462173758914,0.0176002322080796,3.541317266745555
156,reference,actions_evidence,0,0.2559792293754527,1,0.3923770494749649,0.3245023879319934,0.0179317280352242,3.2264160399654074
156,reference,forms_evidence,0,0.2904280293528628,1,0.4016596514358684,0.292624705940521,0.0174324371181692,1.0
156,reference,labels_evidence,0,0.252124082338555,1,0.3753588629638426,0.3234209511716475,0.0181463231720712,5.758226322362718
157,attenuated,actions_evidence,1,0.2606746237038926,1,0.3488780240674205,0.4908576580997985,0.0221257458373508,3.404864002955984
157,attenuated,forms_evidence,0,0.1566223821888117,1,0.3999390837563751,0.2493389012148137,0.0219635653508986,1.0
157,attenuated,labels_evidence,0,0.1864895452915928,1,0.4169971379523791,0.3517171201871229,0.0217526073713416,3.331384780492703
158,concession_cost,actions_evidence,1,0.9999983679581512,0,0.2016148871642628,0.8723216643668971,0.6099214489555355,1.4979630499917864
158,concession_cost,forms_evidence,1,0.999998141121847,0,0.2928867597903705,0.6551979326596726,0.6019791172753127,1.0
158,concession_cost,labels_evidence,1,0.9999980186823128,0,0.2806076116518189,0.8486903655276784,0.6019598707015406,1.8208290710369848
159,access_protection,actions_evidence,1,0.5096072822547845,1,0.7690640494519267,0.4129603515906164,1.0669529154266364,2.274733076087041
159,access_protection,forms_evidence,1,0.5762831376737594,1,0.9804926502277276,0.2655061725709687,1.0434964299519287,1.0
159,access_protection,labels_evidence,0,0.4455212369712419,1,0.9285734047907592,0.344175734884272,1.0552717605163435,3.208061071348508
160,reference,actions_evidence,0,0.267700705528567,1,0.573861169035067,0.867168846029828,0.5490669456965985,2.56627282007731
160,reference,forms_evidence,0,0.271497690841904,1,0.5527817384057749,0.6611302878305383,0.586135243064259,1.0
160,reference,labels_evidence,0,0.3093502654358463,0,0.4052496015859687,0.786043807170651,0.5464406544718756,1.9816134671958645
161,attenuated,actions_evidence,0,0.2294911471524555,0,0.2184316443311726,0.1728638998458275,0.0398950388809737,5.578818044129181
161,attenuated,forms_evidence,0,0.2135066091343355,0,0.248109223099183,0.1777898349558517,0.0398087767376834,1.0
161,attenuated,labels_evidence,0,0.1281371381658986,0,0.2472634343112083,0.1409592797388158,0.0392896269462594,5.7741793156948
162,concession_cost,actions_evidence,0,0.1183558672506125,0,0.265448219523856,0.4862978689447942,1.2868231374919965,1.3776593702815636
162,concession_cost,forms_evidence,0,0.3182201567364149,0,0.2443354888737635,0.2795362829585464,1.2879387542599152,1.0
162,concession_cost,labels_evidence,0,0.0893610115712795,0,0.2832605998540298,0.1870097852323849,1.291615331085376,3.1874075628799012
163,access_protection,actions_evidence,1,0.7408207132460307,0,0.1557707096699317,0.4758721961514643,0.8135632568305634,2.8469852597231338
163,access_protection,forms_evidence,1,0.986175323390912,0,0.2094503055998432,0.2493389012148137,0.8056013289407976,1.0
163,access_protection,labels_evidence,1,0.9799354588848808,0,0.206563705883564,0.305482306631728,0.7866817928056434,3.316935726452631
164,reference,actions_evidence,0,0.3191947616259213,0,0.2572627688057545,0.9460496677935234,0.6236846475208613,1.8992035778439345
164,reference,forms_evidence,0,0.3292050454300907,0,0.3282169616681575,0.740302520295566,0.6445874541414732,1.0
164,reference,labels_evidence,0,0.3260433267058797,0,0.3320157357284994,0.7406056304837856,0.6432111720458503,1.987022071343257
165,attenuated,actions_evidence,0,0.192378404069265,1,0.613402558868013,0.5109881320983665,1.0320964964328894,1.525437739032923
165,attenuated,forms_evidence,0,0.2720330085158881,1,0.7327720542520386,0.2700117743434916,1.0110366305605567,1.0
165,attenuated,labels_evidence,1,0.2866845140474679,1,0.699822949710694,0.3006208456073189,1.017025374293039,3.747899598337347
166,concession_cost,actions_evidence,1,0.9995631367024088,0,0.3037787075321486,0.4222027494932115,0.6529559539178126,3.0837178782083
166,concession_cost,forms_evidence,1,0.99959317851026,0,0.3243813288927091,0.2383876392014163,0.6366422532548662,1.0
166,concession_cost,labels_evidence,1,0.9995257545301206,0,0.3103337722495315,0.2204295868665529,0.6518926345311629,3.5221219092845057
167,access_protection,actions_evidence,1,0.7064644799326145,0,0.2166959335178293,0.1765340029252698,0.5622324029036764,2.882414972754059
167,access_protection,forms_evidence,1,0.828547395620665,0,0.2429894634911178,0.209413970097927,0.5362278346285864,1.0
167,access_protection,labels_evidence,1,0.9077522939680942,0,0.2919325236191588,0.1942928180987558,0.4955491809317594,3.180161441336593
168,reference,actions_evidence,0,0.3379075027109873,0,0.2380817041507147,0.4122754725745879,0.032915948234624,3.824406496483128
168,reference,forms_evidence,0,0.4415282058511892,0,0.3020422411304181,0.3758354417831149,0.032375387535127,1.0
168,reference,labels_evidence,0,0.3303713154348373,0,0.2620545235203168,0.3517554284982334,0.0322533286201479,3.834458258562747
169,attenuated,actions_evidence,1,0.8566927510216202,0,0.2721702088909496,0.454451897283697,0.6573275125025043,2.707440310265244
169,attenuated,forms_evidence,1,0.8757540173467312,0,0.3027333627854312,0.3125871714989643,0.6563627861590644,1.0
169,attenuated,labels_evidence,1,0.8818898457494836,0,0.2890187416088736,0.2767501500583959,0.6542098381530311,1.6272904783521476
170,concession_cost,actions_evidence,1,0.9999767801507644,0,0.1749681622775832,0.5416593896276544,0.6188250395050222,1.6300114363298532
170,concession_cost,forms_evidence,1,0.999981325194878,0,0.2341198247849566,0.0919286330746717,0.6288768034263535,1.0
170,concession_cost,labels_evidence,1,0.999974948096633,0,0.2478609752675935,0.1477460217383903,0.6153383332915349,2.882988232923077
171,access_protection,actions_evidence,1,0.4407098465641842,0,0.2587380947594455,0.6219301216268812,0.8821905155102368,2.6363157391202723
171,access_protection,forms_evidence,0,0.1148140600137074,0,0.2734878368569957,0.4590461776257089,0.8771820201297116,1.0
171,access_protection,labels_evidence,0,0.1131633104181458,0,0.2584287524654505,0.46818887821704,0.8761033416898898,4.219512365637329
172,reference,actions_evidence,1,0.9757784419621162,0,0.323709348550603,0.7828731251654365,0.5564992639103373,1.3709298677710966
172,reference,forms_evidence,1,0.986852149774528,0,0.3456202659210965,0.488019846729198,0.5629874210113786,1.0
172,reference,labels_evidence,1,0.9829138626895234,0,0.323145885408693,0.7144139220862448,0.5339017485589296,2.8257630325493555
173,attenuated,actions_evidence,1,0.5566104274214487,0,0.2158888495050112,0.2962433030161093,0.5870828082045821,3.602952024632615
173,attenuated,forms_evidence,1,0.696489058066516,0,0.2180765291941895,0.1661281653722198,0.5663703872765662,1.0
173,attenuated,labels_evidence,1,0.6712418991855238,0,0.2191011230013499,0.1907640241702329,0.567479376260645,4.7347663772368
174,concession_cost,actions_evidence,1,0.389461941143668,1,0.8323031062290647,0.4751929380270123,0.3819546562284001,2.0164682046255167
174,concession_cost,forms_evidence,1,0.3766697725927493,1,0.8774097169587723,0.474746350586907,0.3884925355951965,1.0
174,concession_cost,labels_evidence,1,0.3946176184174186,1,0.8944107580956769,0.4640991233903356,0.3847158366195067,1.3263147292482498
175,access_protection,actions_evidence,1,0.2922487303805267,0,0.3010275147303234,0.4698805089240414,0.0485935601044942,3.6367879798632545
175,access_protection,forms_evidence,1,0.3417580105523523,1,0.4326880597296942,0.6369055296748498,0.0454142481919064,1.0
175,access_protection,labels_evidence,0,0.1488302040118687,1,0.3738491477480583,0.5597528095673013,0.045535134224006,3.814759659943765
176,reference,actions_evidence,0,0.2335923181671995,0,0.2495995502709984,0.4685101246818151,0.5115627525010528,3.095410485737379
176,reference,forms_evidence,0,0.2845264918407336,0,0.1927173900852576,0.3442113066410396,0.5235204292134507,1.0
176,reference,labels_evidence,0,0.2705596672666616,0,0.1768541362043811,0.4609888286781892,0.5124686384663887,3.805405166023781
177,attenuated,actions_evidence,1,0.9554079727109732,0,0.2300817507944183,0.6194743755034019,1.3251151453420036,2.177100383691374
177,attenuated,forms_evidence,1,0.9612427615773566,0,0.2445078641571785,0.3261039768165333,1.3026032600985558,1.0
177,attenuated,labels_evidence,1,0.9608098208286102,0,0.2422673299663039,0.3952234996561427,1.3091264446643118,2.170844853807941
178,concession_cost,actions_evidence,1,0.9999277486365322,0,0.2664853761414125,0.5567843700705679,0.6078519645023918,1.269763565652859
178,concession_cost,forms_evidence,1,0.999943749856247,0,0.3227056497600062,0.47925195235943,0.6117834279582385,1.0
178,concession_cost,labels_evidence,1,0.9999384356815972,0,0.3197638531955155,0.473772373777448,0.6051804125239336,3.426470543187169
179,access_protection,actions_evidence,0,0.2423028174214916,1,0.4601918954622233,0.5743698396309523,0.2514125457672244,3.1804208529395304
179,access_protection,forms_evidence,1,0.6117085479100944,1,0.5989535991827512,0.7201162655174437,0.2631615428962393,1.0
179,access_protection,labels_evidence,1,0.5047901369838657,1,0.5958868681704554,0.6456059641678186,0.2639744204777299,3.4729279753019204
180,reference,actions_evidence,0,0.2957571872970176,0,0.2459985818981288,0.6656872283056317,0.0424436794874463,2.375157810329026
180,reference,forms_evidence,0,0.4147281320527924,0,0.3177310078833334,0.5222944479098595,0.0409850686130854,1.0
180,reference,labels_evidence,1,0.387916549955581,0,0.3107567374561134,0.6224933660752526,0.0408701025370639,3.714919731226771
181,attenuated,actions_evidence,0,0.3613591224751938,0,0.31831705446916,0.6895632589390331,0.6171598609483459,1.9682013038607615
181,attenuated,forms_evidence,0,0.3542300020072103,0,0.1824639090139708,0.550801018618392,0.6309169281374566,1.0
181,attenuated,labels_evidence,0,0.3300836578691106,0,0.2768815124088953,0.6258968893016748,0.6279405794424352,3.151903028148251
182,concession_cost,actions_evidence,1,0.3004467197155092,1,0.4128002359372509,0.7390412242125729,0.0179958487523727,3.5386819330354005
182,concession_cost,forms_evidence,1,0.3024007279199545,0,0.3659129903704534,0.4989711087425955,0.0182568872118209,1.0
182,concession_cost,labels_evidence,1,0.3080508201280948,1,0.4266416711011871,0.586288604301434,0.0182435498438026,4.583716333559996
183,access_protection,actions_evidence,1,0.8566208634940332,0,0.3092956719524199,0.5706985347009829,1.0576570365645397,1.7034799902130613
183,access_protection,forms_evidence,1,0.9854066757787436,0,0.3364422695597065,0.3056744128631332,1.0586481708274584,1.0
183,access_protection,labels_evidence,1,0.9830294129600912,0,0.3264798152969347,0.3046362203604337,1.0540186981132085,5.67004208967691
184,reference,actions_evidence,0,0.2850350759865208,0,0.4188745378162354,0.5180690010116621,0.5936091517575469,1.2429045109728003
184,reference,forms_evidence,0,0.3072878012953236,0,0.4149370821098276,0.285468638129412,0.595943977510353,1.0
184,reference,labels_evidence,0,0.2518112122923407,1,0.6453671211338,0.5370005801990764,0.6041763863850746,1.5049064309814049
185,attenuated,actions_evidence,0,0.2393961245100926,0,0.2761935068155863,0.1713840158911488,0.4231600897711913,3.792238603403902
185,attenuated,forms_evidence,0,0.265725080153452,0,0.3858050666885945,0.2726622403820777,0.4224846570526605,1.0
185,attenuated,labels_evidence,0,0.1778514509092751,0,0.3173042559495044,0.1631902727224599,0.4232114773972628,5.012274664054191
186,concession_cost,actions_evidence,1,0.3200911393419789,1,0.928268732410021,0.4369170231362774,0.2427755777890914,1.8685359120830445
186,concession_cost,forms_evidence,1,0.3344699257818735,1,0.9735685170291178,0.3125871714989643,0.2457902508632668,1.0
186,concession_cost,labels_evidence,1,0.330899835599287,1,0.972925149178788,0.3176622250744582,0.2465265828827002,2.112321153113642
187,access_protection,actions_evidence,1,0.2757855381618338,0,0.2286966257294573,0.5017987456752533,0.4566523743345634,3.176958235352668
187,access_protection,forms_evidence,1,0.6727051873818084,0,0.2683097534128662,0.6685296648169251,0.4968363472756487,1.0
187,access_protection,labels_evidence,1,0.4726187072594734,0,0.26510524231786,0.5539079576180218,0.4797352998402795,3.964705210480499
188,reference,actions_evidence,0,0.2317590372864947,0,0.3321416822697734,0.190616170705409,0.0467721869019756,4.288831173440929
188,reference,forms_evidence,0,0.1351157668593934,1,0.3861608071188374,0.0829174295296258,0.0457740564558221,1.0
188,reference,labels_evidence,0,0.1649681430737169,0,0.3731093006162534,0.1008743695220324,0.0468455467917169,5.745732654607268
189,attenuated,actions_evidence,1,0.3016320019691548,0,0.3260404693421579,0.3571356034055835,0.4394677191007886,2.379278494372483
189,attenuated,forms_evidence,1,0.2749628485428997,1,0.4761365467250271,0.4547838850284636,0.46193722794837,1.0
189,attenuated,labels_evidence,1,0.2816195362461399,0,0.3719179468445466,0.4016465186078723,0.4558296222248655,2.9512969733581462
190,concession_cost,actions_evidence,1,0.9999396441580848,0,0.2686737954730107,0.5889682467595646,0.6114257421285364,2.1039241136918356
190,concession_cost,forms_evidence,1,0.9999402499714448,0,0.29963452504919,0.2222203678452614,0.6107622484691075,1.0
190,concession_cost,labels_evidence,1,0.9999427964039804,0,0.3517561280121959,0.3827695241996351,0.6067618417513747,1.6449073462345531
191,access_protection,actions_evidence,0,0.219569949703667,0,0.2136115361282472,0.8438796605745953,0.5029597905110718,1.747467227348202
191,access_protection,forms_evidence,1,0.5037448799846359,0,0.2303296526959981,0.8710808734167114,0.502856222843545,1.0
191,access_protection,labels_evidence,0,0.1782412198503955,0,0.2300056712021126,0.7922266660052076,0.5155773707861526,1.8415329723861995
192,reference,actions_evidence,0,0.3068968426345275,0,0.2561131047152153,0.3032279433664378,0.3805126064913788,3.0765178606347123
192,reference,forms_evidence,0,0.3130348475139304,0,0.2686714738813446,0.2610005707984457,0.3805451126929879,1.0
192,reference,labels_evidence,1,0.3966212142256448,0,0.2567623649327111,0.2874123327545253,0.3805916160965282,4.838814112286368
193,attenuated,actions_evidence,0,0.2984281158936732,1,0.4599416202942098,0.5052303691830872,0.3741225022600482,1.6173809782916644
193,attenuated,forms_evidence,0,0.3083285897679883,1,0.4895130951302081,0.280963036356889,0.3735696596603424,1.0
193,attenuated,labels_evidence,0,0.3083537954769253,1,0.5006841537505209,0.4681365858798629,0.3735998292668223,4.5875333124011375
194,concession_cost,actions_evidence,1,0.2915471268808441,1,0.3855168034269259,0.7718391786162865,0.0176846641771354,1.9749469568660567
194,concession_cost,forms_evidence,1,0.3127540846506594,1,0.3653249568490181,0.6727919574141703,0.0172560897764807,1.0
194,concession_cost,labels_evidence,1,0.3143348515970822,1,0.3428453721051837,0.7261885384348998,0.0174111962794255,3.7936488606977465
195,access_protection,actions_evidence,1,0.6578847614430121,0,0.23619711977977,0.4358185735633115,0.7257100778412786,4.174893770935257
195,access_protection,forms_evidence,1,0.789098150723082,0,0.2892565062763733,0.6369055296748497,0.7292908569228472,1.0
195,access_protection,labels_evidence,1,0.7952319391470605,0,0.2637499828416563,0.6029431551892769,0.7264255127959274,5.873101459321435
196,reference,actions_evidence,0,0.2238122049774159,0,0.2153948718161959,0.394220556060686,0.2932698334645555,2.734033129270575
196,reference,forms_evidence,1,0.543431489650849,0,0.136454207359472,0.3915356147443131,0.2963075663597908,1.0
196,reference,labels_evidence,0,0.1233906293384764,0,0.1192228720959223,0.3855828044605936,0.2665244490134622,2.9186847698518963
197,attenuated,actions_evidence,1,0.9881494317468912,0,0.2558729360665963,0.1956581552052312,0.4366628620254504,3.346384976442605
197,attenuated,forms_evidence,1,0.9868007909896784,0,0.1711307674154939,0.2410381052400023,0.4254970110126373,1.0
197,attenuated,labels_evidence,1,0.9747994159916724,0,0.0761983559187119,0.1138933813104902,0.4497702420730937,3.774282089889309
198,concession_cost,actions_evidence,0,0.248178072380531,0,0.2526049912505653,0.4667995379673962,0.3725616437502757,2.602548131226298
198,concession_cost,forms_evidence,0,0.2493323629395893,1,0.3413822583177838,0.474746350586907,0.3748444767514605,1.0
198,concession_cost,labels_evidence,1,0.256723769453568,1,0.3684587144489867,0.4997969213163812,0.3727061442702317,3.4539663339658886
199,access_protection,actions_evidence,1,0.4271803472402583,0,0.2209830949645785,0.1725031039309444,0.0270775214524146,5.460125238169289
199,access_protection,forms_evidence,0,0.2511913835724689,0,0.2545465197625119,0.1461656998137764,0.0279666347639424,1.0
199,access_protection,labels_evidence,0,0.3312767286834511,0,0.261812624017828,0.1743752306332414,0.0272945929200354,5.123539894076206
200,reference,actions_evidence,0,0.3856010378325596,1,0.8574904884027763,0.7625070791211611,0.5149563232343425,2.716000133172489
200,reference,forms_evidence,0,0.421979273180973,1,0.8735990024529944,0.4563957115871227,0.520342894469652,1.0
200,reference,labels_evidence,0,0.4083341616382793,1,0.8605017842060044,0.7591543159016982,0.5204641102788208,3.008518723461481
201,attenuated,actions_evidence,1,0.9471492674201484,0,0.2340878370956213,0.798704142455278,0.8949093247862968,1.396229826659657
201,attenuated,forms_evidence,1,0.9434086398280536,0,0.3037784249049295,0.5246628887138052,0.9044216801950457,1.0
201,attenuated,labels_evidence,1,0.9452299241315564,0,0.2824550676482034,0.655320107495102,0.8877721653575666,2.4102233374913977
202,concession_cost,actions_evidence,0,0.2542174943408569,0,0.2562876909684428,0.317349185487653,0.0186700183495273,2.7477129940991785
202,concession_cost,forms_evidence,0,0.2645426388013479,0,0.2422863536570748,0.2293764356563704,0.0197024689916053,1.0
202,concession_cost,labels_evidence,0,0.2617726207831234,0,0.28607461210341,0.3374231937223041,0.01936034272414,4.263793006995311
203,access_protection,actions_evidence,1,0.518084887139861,0,0.2546411576523409,0.4719558291525366,0.0374430387330347,2.876641214336636
203,access_protection,forms_evidence,1,0.6454422998440387,0,0.3055046348805842,0.3442113066410396,0.034974738541856,1.0
203,access_protection,labels_evidence,0,0.3290660789216144,0,0.2775773550181346,0.3914337791813762,0.0388048614748985,2.8352553061519576
204,reference,actions_evidence,0,0.299006753954146,0,0.2554141751100504,0.1695049711949539,0.0413675600508347,3.526472410207117
204,reference,forms_evidence,0,0.2962381501680629,0,0.2762173214253286,0.1461656998137764,0.0404803277266792,1.0
204,reference,labels_evidence,0,0.1982933730364091,0,0.2388955789497916,0.1145976637529372,0.041685425736865,4.097780543607708
205,attenuated,actions_evidence,1,0.386974589191228,1,0.937937253743762,1.159374631672983,0.7276024142340095,1.868828973492774
205,attenuated,forms_evidence,1,0.3932347403172471,1,0.9898655032681504,0.7060279191149047,0.7275197991457393,1.0
205,attenuated,labels_evidence,1,0.3890269193373117,1,0.9891766865907662,0.7517075061628661,0.7278280717151643,5.42323070359411
206,concession_cost,actions_evidence,1,0.9999085549850166,0,0.3310645165259993,0.5525434398783536,0.5386007314536357,2.177383476964599
206,concession_cost,forms_evidence,1,0.9999012574581968,0,0.3283024500578596,0.2247859111494329,0.543395741217928,1.0
206,concession_cost,labels_evidence,1,0.9999033345528516,0,0.3301426676060551,0.2811936219796496,0.5415460669543507,2.704788062317509
207,access_protection,actions_evidence,1,0.2775612821981725,1,0.3687462177308546,0.3344110601635038,0.0605188617019111,3.556320948584349
207,access_protection,forms_evidence,1,0.2693494628712248,1,0.5135794745052691,0.3242488410825963,0.0647115513677783,1.0
207,access_protection,labels_evidence,1,0.2581119281382769,1,0.4534580137893749,0.2802259651282822,0.0645328268708878,5.878678786298711
208,reference,actions_evidence,1,0.4707192167902518,0,0.3070424024596335,0.6151095023491547,0.0261447863824998,1.954224906591018
208,reference,forms_evidence,1,0.5537534381352728,0,0.3057000770632793,0.364173772199483,0.0250406041919689,1.0
208,reference,labels_evidence,1,0.5529291896258676,0,0.315494740525459,0.4244417412817887,0.0251868339676152,1.7182030277892608
209,attenuated,actions_evidence,1,0.4251576264115475,0,0.2543526508663303,0.4128368741597889,0.4380476153265509,2.7610019687370095
209,attenuated,forms_evidence,1,0.5078820325939704,0,0.1535865793240947,0.2809630363568891,0.4352949712414127,1.0
209,attenuated,labels_evidence,1,0.4988598154348801,0,0.212579177656928,0.3290493733596882,0.4364106263174376,5.414911452176689
210,concession_cost,actions_evidence,0,0.2296290166857676,0,0.3288907228480493,0.4636169404834072,0.018461968652203,3.730160001225721
210,concession_cost,forms_evidence,0,0.1927577427400594,0,0.2253320172359043,0.4431222154448317,0.019364941935146,1.0
210,concession_cost,labels_evidence,0,0.1829022792726721,0,0.2487490326448937,0.4232470193952699,0.0192183566975282,3.5892423108678115
211,access_protection,actions_evidence,1,0.2513387682763367,1,0.3678031823160312,0.5905425756850029,0.0173043252743479,2.4785748703093677
211,access_protection,forms_evidence,1,0.3430402562560988,0,0.1840318965630758,0.4947088161453504,0.0169729869130273,1.0
211,access_protection,labels_evidence,1,0.2615435933817667,1,0.3391079355487426,0.4269679525538426,0.0174050730940135,3.1823503584862856
212,reference,actions_evidence,0,0.2121083027869656,0,0.28903538961686,0.3175139682168126,0.3896016054230691,3.72600984124904
212,reference,forms_evidence,0,0.2879609881974122,0,0.3037517258225273,0.2610005707984457,0.3897871334519312,1.0
212,reference,labels_evidence,0,0.2407823658439671,0,0.1897485096972314,0.2234337563109041,0.39082084321584,3.3902653874862674
213,attenuated,actions_evidence,0,0.2500096931376381,1,0.3909106610238621,0.5122211520991752,0.016649655170312,3.8262326024165496
213,attenuated,forms_evidence,0,0.2652925142806374,1,0.3870492908665195,0.2493389012148137,0.0172132555753609,1.0
213,attenuated,labels_evidence,1,0.2677064403635705,1,0.3917579702230579,0.4304442441809429,0.0167803777772185,2.660209821677833
214,concession_cost,actions_evidence,1,0.2690127226117378,0,0.3621741060705785,0.781817784032892,0.0332283616406916,2.7512886218714367
214,concession_cost,forms_evidence,1,0.3127125052644646,0,0.3337935080741848,0.7560026932567642,0.0326081449032908,1.0
214,concession_cost,labels_evidence,0,0.2523667002704645,0,0.3489464909534036,0.910442050534128,0.0344387174482714,3.4382010633743243
215,access_protection,actions_evidence,0,0.2059530058501657,0,0.2566740604904617,0.4380199243300679,0.0364342837796789,3.2113643302044017
215,access_protection,forms_evidence,0,0.1499016327067719,0,0.270174159017641,0.3442113066410395,0.036902350202938,1.0
215,access_protection,labels_evidence,0,0.1495769118231396,0,0.2855991458475613,0.349105119517283,0.0368847382022965,5.970672868088955
216,reference,actions_evidence,0,0.2062957865155134,0,0.2180853135432958,0.3831179649135669,0.4342826255938949,2.1335370198066888
216,reference,forms_evidence,1,0.464199478882922,0,0.1315521169537682,0.3915356147443131,0.460756669455298,1.0
216,reference,labels_evidence,1,0.3560958340214917,0,0.0747258196380633,0.323520359846658,0.4567521319906846,3.123781679677248
217,attenuated,actions_evidence,1,0.2995372875300469,1,0.4557251313608596,0.7509143027780044,0.0193611416258112,2.4511659163761377
217,attenuated,forms_evidence,0,0.1935071539908404,1,0.4530154713782112,0.7717028662179622,0.0201519950273467,1.0
217,attenuated,labels_evidence,0,0.2664849866785178,1,0.5024003915465238,0.679259733340411,0.01934938382953,6.307713592116077
218,concession_cost,actions_evidence,1,0.4840651667404618,1,0.8855889510020893,0.337314414831693,0.2475294676813,2.4508913985894347
218,concession_cost,forms_evidence,1,0.4649294385192173,1,0.8864509776875984,0.4231597498863884,0.250570069930876,1.0
218,concession_cost,labels_evidence,1,0.4851154220979656,1,0.9246231799402634,0.379220453503963,0.2506337509763188,1.732050463832981
219,access_protection,actions_evidence,0,0.1581525817006568,0,0.4433782065219745,0.5587628277192119,0.9405157177782172,2.2338987945280677
219,access_protection,forms_evidence,1,0.4163032734425214,0,0.2879525301466614,0.4947088161453504,0.9243367685109456,1.0
219,access_protection,labels_evidence,1,0.5656072601945609,0,0.4317365901067679,0.4829139598101125,0.9527276651290816,2.810787537698961
220,reference,actions_evidence,0,0.2448575019410714,1,0.623762645406247,0.5270703424599023,0.5570595506270706,2.5493760726786863
220,reference,forms_evidence,0,0.3677830644016048,1,0.6697833599354908,0.5363245582974373,0.5560138778047747,1.0
220,reference,labels_evidence,0,0.3576600310517224,1,0.6422628123585884,0.5828718277763889,0.5572454570284161,3.785466493385796
221,attenuated,actions_evidence,0,0.2031608346069641,1,0.79089909434042,0.3687926961313796,0.0965342017589605,2.6684012404023365
221,attenuated,forms_evidence,0,0.2264185679997338,1,0.8614050797357198,0.3920027131392699,0.0982855345767502,1.0
221,attenuated,labels_evidence,0,0.2087627280584163,1,0.791549217852963,0.3713104469372874,0.0992890038917828,2.80141398937825
222,concession_cost,actions_evidence,1,0.999885582098063,0,0.2592014878495943,0.4885488443589136,0.6052368509613962,1.2434241198232303
222,concession_cost,forms_evidence,1,0.999893252549616,0,0.237126817268692,0.2338820374288933,0.6114642267466873,1.0
222,concession_cost,labels_evidence,1,0.9998940355298436,0,0.2809730487737325,0.466747100435132,0.6101076456564188,3.122155067875148
223,access_protection,actions_evidence,0,0.3554389517648661,0,0.2770305619973439,0.5983439829458613,0.361247267245,1.6695990917421983
223,access_protection,forms_evidence,1,0.6461361797809824,0,0.3061681832689353,0.4160036820752794,0.3704001968212321,1.0
223,access_protection,labels_evidence,1,0.5425563791647635,0,0.2848102117752447,0.403385842532403,0.3696665308040474,1.817514495056611
224,reference,actions_evidence,1,0.7534620367194053,0,0.2493281739658959,0.6822237284212617,0.493589470286518,1.920285790546299
224,reference,forms_evidence,1,0.8338031437582778,0,0.1710849133524824,0.3370552388299306,0.4838613236421591,1.0
224,reference,labels_evidence,1,0.8482080712402235,0,0.1748044675543152,0.3651635819962395,0.4838658921404949,4.3454602067567
225,attenuated,actions_evidence,0,0.1257181067782817,0,0.2614908768212028,0.5076414646551196,0.6575767921458319,1.2273014015761428
225,attenuated,forms_evidence,0,0.149195331083833,0,0.2756950005439069,0.2655061725709687,0.641424517932566,1.0
225,attenuated,labels_evidence,0,0.1406315601011914,0,0.2688667159381059,0.3236920176662887,0.648050750238963,2.9755782395489336
226,concession_cost,actions_evidence,1,0.2985653942360313,0,0.2473246411451911,0.3557015618594932,0.5536850485802486,1.9693178068849495
226,concession_cost,forms_evidence,0,0.2573325327214798,0,0.2960216243138152,0.1868010385008977,0.5474517682121917,1.0
226,concession_cost,labels_evidence,0,0.2780310866285599,0,0.2928022736361382,0.2189163615331007,0.5452172699728163,2.147936963654178
227,access_protection,actions_evidence,0,0.2494734871295779,1,0.5228875341136665,0.7303815945407085,0.432651091734991,1.9326071717279336
227,access_protection,forms_evidence,1,0.3908629527450489,1,0.8813244934783211,0.5624626882020239,0.4122724569064159,1.0
227,access_protection,labels_evidence,1,0.3435313206877532,1,0.8840960086114265,0.6017932911874909,0.4155515245881116,2.7451391916969645
228,reference,actions_evidence,0,0.3137462775154415,1,0.8535302375170313,0.7061730967380296,0.1517218449064531,2.071102179060819
228,reference,forms_evidence,0,0.338181300207691,1,0.842688428142003,0.4835142449566751,0.1559043125064721,1.0
228,reference,labels_evidence,0,0.3240678389454787,1,0.7528146049585911,0.4558616852393518,0.1502255055635109,2.208165815897975
229,attenuated,actions_evidence,1,0.2861847361453393,1,0.4705830546279903,0.4398266334262553,0.4719659957328846,3.7607021503042297
229,attenuated,forms_evidence,1,0.3542104260850479,0,0.3640841720410678,0.5379946208710576,0.4702540585816694,1.0
229,attenuated,labels_evidence,1,0.3249913716717727,0,0.3468633211459584,0.452025212481266,0.4706945374345183,6.994665254293023
230,concession_cost,actions_evidence,0,0.2572108225421797,1,0.3429464439444107,0.4150280522506739,0.4692757388818411,3.6290657028859448
230,concession_cost,forms_evidence,0,0.2516239990527809,1,0.3904205143796923,0.2493389012148137,0.468912727843964,1.0
230,concession_cost,labels_evidence,0,0.2701756169900413,1,0.3652159764502308,0.2916597870699237,0.4683540344740027,2.8011113063611277
231,access_protection,actions_evidence,1,0.4756834213123928,0,0.2237590497485893,0.3112591677045528,0.0311492528673882,5.207559539321657
231,access_protection,forms_evidence,0,0.1195117777704621,0,0.1573812103884454,0.2610005707984457,0.0327801662232701,1.0
231,access_protection,labels_evidence,0,0.1492113915251741,0,0.15568274985945,0.271740358104244,0.0324806748471495,3.1633946698053013
232,reference,actions_evidence,0,0.1955797156118812,0,0.2513725439983867,0.5271111304716364,0.6089872248931385,3.1165555093175654
232,reference,forms_evidence,0,0.0717797829739289,1,0.5906604194704999,0.3641737721994829,0.6591097526374139,1.0
232,reference,labels_evidence,0,0.0993430340838979,0,0.3486086329170386,0.4113511533126859,0.6322439794237262,5.820383656216952
233,attenuated,actions_evidence,0,0.2724594406573358,0,0.2631826763694284,0.692837590660995,0.044135792236072,2.3322865626799
233,attenuated,forms_evidence,0,0.2951163195586187,1,0.4741529008280822,0.5422569134683027,0.0456465161343528,1.0
233,attenuated,labels_evidence,0,0.2918620647074742,1,0.4802552969694906,0.5714278503930112,0.0459637498136352,3.232384594338819
234,concession_cost,actions_evidence,1,0.9983915692661331,0,0.2884123057841428,0.5704716660433756,0.5890468311449905,1.258206337325776
234,concession_cost,forms_evidence,1,0.9985245741213304,0,0.2137184485719729,0.0693157014776424,0.5932443245619654,1.0
234,concession_cost,labels_evidence,1,0.998486877448233,0,0.2019307319451575,0.3342766511436538,0.6035294857680219,2.336946059103151
235,access_protection,actions_evidence,1,0.307535620906438,0,0.1399026700436329,0.7930652402881998,0.7512798996285862,2.270139431650869
235,access_protection,forms_evidence,1,0.799551819274144,0,0.2710514162170222,0.6095436871300196,0.7608430089197982,1.0
235,access_protection,labels_evidence,1,0.8958605512732535,0,0.2494940863739511,0.6739012177407299,0.7863808820526969,2.6774001229600572
236,reference,actions_evidence,0,0.2352928052194113,0,0.4274640947666606,0.3861537127252503,0.5723615636029237,1.647006380533145
236,reference,forms_evidence,0,0.2419700601808194,0,0.3789066097960407,0.0919286330746717,0.585816796800055,1.0
236,reference,labels_evidence,0,0.2956151557227451,0,0.3891180305984204,0.2459499993795585,0.5948314132813828,2.843053695855524
237,attenuated,actions_evidence,1,0.9999963699169988,1,0.6725727869989505,0.7234190762927887,1.4583804798253963,2.3387229931193123
237,attenuated,forms_evidence,1,0.999996049029988,1,0.9360220067860268,0.3686793739720058,1.4993522795972565,1.0
237,attenuated,labels_evidence,1,0.9999965089067704,1,0.9309577046806924,0.4949195940769144,1.4960749995500002,1.866976926911396
238,concession_cost,actions_evidence,1,0.999844690979057,0,0.2095042727151456,0.5976884831674193,1.0913822962440176,1.9818991957769831
238,concession_cost,forms_evidence,1,0.9998548138092892,0,0.2423865717666678,0.686822067801748,1.0966332371654188,1.0
238,concession_cost,labels_evidence,1,0.9998444868883112,0,0.2074171343798767,0.4505954302850213,1.1027608605135906,1.3276956005163465
239,access_protection,actions_evidence,1,0.3491405136268353,1,0.3532924882151332,0.6246289176450984,0.3783442426966174,2.895879995922215
239,access_protection,forms_evidence,1,0.4197239092823728,1,0.3999216959477806,0.4274220424836335,0.3752322494567153,1.0
239,access_protection,labels_evidence,1,0.446157649379334,1,0.4098892695201143,0.4215702638747352,0.3744836825340745,6.4911892366390935
240,reference,actions_evidence,1,0.5336793913790863,1,0.6141192582766959,0.6233242907743332,0.6603543021994407,2.320138147518131
240,reference,forms_evidence,1,0.5742483873587482,1,0.929731606053819,0.4048091108866042,0.6572102335841209,1.0
240,reference,labels_evidence,1,0.5703725156062194,1,0.8810977045024122,0.4306697814149274,0.6569072367018295,2.616575028460937
241,attenuated,actions_evidence,1,0.9300599649307856,0,0.3546660224631996,0.6606772032477257,0.4945463276134003,2.460564799635619
241,attenuated,forms_evidence,1,0.93612123177347,0,0.4029422710342036,0.5106327783262274,0.4983435456426104,1.0
241,attenuated,labels_evidence,1,0.9377786601108812,0,0.4134764858665696,0.6094766890023264,0.5000811588173563,3.297083633037377
242,concession_cost,actions_evidence,1,0.3282752276411758,0,0.3630423008448634,0.4578706278168845,0.4736633942162285,2.299524789708853
242,concession_cost,forms_evidence,1,0.3568416094758081,0,0.3759782644369897,0.2383876392014163,0.4811210853042137,1.0
242,concession_cost,labels_evidence,1,0.3561698894622109,0,0.3693547769452133,0.3002786079689685,0.4800571266119458,3.5068205224399267
243,access_protection,actions_evidence,1,0.4243217476205037,0,0.2230143843513383,0.4708812264165358,0.0340099693337807,4.289665855451076
243,access_protection,forms_evidence,1,0.4287691380480211,0,0.1907966117183843,0.4114980803027563,0.034881911927317,1.0
243,access_protection,labels_evidence,1,0.4321206166985015,0,0.2334195235193368,0.5127792061094462,0.033587150682492,3.29340042056778
244,reference,actions_evidence,1,0.6700309294459874,0,0.2692487074666533,0.6849815081003894,0.9556326751613468,2.085116149931244
244,reference,forms_evidence,1,0.5080053515703026,0,0.3056895705982433,0.4048091108866041,0.9821796892248824,1.0
244,reference,labels_evidence,1,0.5105883323231268,0,0.3063636500230314,0.4727504320793945,0.9817928284517732,1.6396425941465012
245,attenuated,actions_evidence,0,0.3158985798847943,0,0.2238946300303301,0.1860224654382849,0.0504247031254696,3.762902540887263
245,attenuated,forms_evidence,0,0.3993807022641223,0,0.1458405823486055,0.1777898349558517,0.0520092219625665,1.0
245,attenuated,labels_evidence,0,0.3923455204419995,0,0.1281261143624467,0.2094756233246543,0.0525550362854415,2.5437675180020154
246,concession_cost,actions_evidence,1,0.4113049310187676,0,0.1764465467849024,0.5610480380673097,0.6843948379786139,2.240724723141181
246,concession_cost,forms_evidence,1,0.4658044816238222,0,0.3358874089694876,0.285468638129412,0.7034355279722114,1.0
246,concession_cost,labels_evidence,1,0.4870285733600852,0,0.162302055585183,0.3114932472241392,0.683379111190893,3.8474919477419727
247,access_protection,actions_evidence,0,0.3314739716088358,0,0.2395688239629677,0.4365198145597288,0.5263083079071399,3.4896189243640583
247,access_protection,forms_evidence,1,0.6256862436293005,0,0.2627576022644672,0.2809630363568891,0.4941911724767458,1.0
247,access_protection,labels_evidence,0,0.2943063455414658,0,0.2317145300610426,0.5195175744293825,0.5079280447311671,1.8382200247297693
248,reference,actions_evidence,1,0.3509805418501218,0,0.257103173895173,0.5888527195414957,0.0206112496619791,2.2348617749395743
248,reference,forms_evidence,1,0.445819887395015,0,0.1881947000257882,0.4947088161453504,0.0213641469820955,1.0
248,reference,labels_evidence,1,0.4883989789903799,0,0.2782533816673724,0.6122072536308618,0.0211474153491245,3.339397845794227
249,attenuated,actions_evidence,0,0.2300049595856906,0,0.1577695067567216,0.1741500348186142,0.0953775229520403,3.3650572464431168
249,attenuated,forms_evidence,1,0.3092345346810968,0,0.2195003723615755,0.2726622403820776,0.0932353437871734,1.0
249,attenuated,labels_evidence,1,0.3021800206986337,0,0.2257851962836851,0.2769354579347831,0.0893969388055714,1.59874357976021
250,concession_cost,actions_evidence,1,0.9999989613664017,0,0.350989439922836,0.6845324548943642,0.6439009653822317,1.470837420499712
250,concession_cost,forms_evidence,1,0.9999988704568435,0,0.306360434141937,0.5517814220833573,0.6472637625526657,1.0
250,concession_cost,labels_evidence,1,0.9999989595011464,0,0.3317915887562999,0.6008898793213879,0.6412592677544258,2.7818661370184885
251,access_protection,actions_evidence,1,0.5750291100979369,0,0.293683760327944,0.6132627605520001,0.5701437423049782,1.8381666063190931
251,access_protection,forms_evidence,1,0.8990343106986889,0,0.3316185553314983,0.2222203678452613,0.5757431301299115,1.0
251,access_protection,labels_evidence,1,0.5858743653187266,0,0.3198940756313104,0.5326945702147995,0.5692153251920957,2.1145178986850013
252,reference,actions_evidence,1,0.9574645658557764,0,0.2612073279507054,0.5691159991732871,0.4436744551218259,2.105601415007527
252,reference,forms_evidence,1,0.9978542504631888,0,0.2852396410745331,0.4164707804702361,0.4351803808882531,1.0
252,reference,labels_evidence,1,0.9825012546775788,0,0.2719349785238835,0.4612198207635526,0.4442618279597883,3.087141974944364
253,attenuated,actions_evidence,1,0.3252342522138324,1,0.981558247434598,0.6676667929856736,0.3778798669454135,2.5375459216063545
253,attenuated,forms_evidence,1,0.3310071716320719,1,0.9878056680959498,0.4048091108866041,0.3976682028671071,1.0
253,attenuated,labels_evidence,1,0.3298607591369177,1,0.9835476643611843,0.530051100006866,0.3951958153759392,2.90058690585408
254,concession_cost,actions_evidence,1,0.9619981923738052,0,0.3354711312347095,0.5507706312556779,1.0234050917415247,1.8721006546024008
254,concession_cost,forms_evidence,1,0.9731141032819368,0,0.3723798386723622,0.211269105831864,1.0314298106025093,1.0
254,concession_cost,labels_evidence,1,0.9681891284592428,0,0.3493104963790631,0.3477961916106271,1.0078714614259476,2.8860752935792937
255,access_protection,actions_evidence,1,0.4619095093471186,0,0.3132492206922365,0.4757950650478531,0.3494274919945541,2.7080271772075544
255,access_protection,forms_evidence,1,0.4766911665353057,0,0.3293575606165358,0.2809630363568891,0.3389836111126842,1.0
255,access_protection,labels_evidence,1,0.4964287972785998,0,0.3160167354756102,0.3715464160311579,0.3398692657168645,3.331384780492703
256,reference,actions_evidence,1,0.4550177803576647,0,0.2457774962901231,0.6338040838332115,0.0181799783335253,2.6097687049432694
256,reference,forms_evidence,1,0.389619589010029,0,0.2723935772106074,0.7517404006595191,0.0186307774646334,1.0
256,reference,labels_evidence,1,0.4172834519177439,0,0.2336702509266838,0.7657184685178362,0.0183741115701187,3.777129458585677
257,attenuated,actions_evidence,0,0.3446205092575052,0,0.2376510785359817,0.6431816840443133,0.0295960556255141,2.6209937359758766
257,attenuated,forms_evidence,0,0.417355708827653,0,0.3129320175116485,0.4590461776257089,0.028562618218216,1.0
257,attenuated,labels_evidence,0,0.402602525444695,0,0.3029309053407432,0.5929486156249762,0.0282840260101324,2.755811893440963
258,concession_cost,actions_evidence,1,0.999367796662712,0,0.0673158416029059,0.2588562120534806,0.6325896515779302,3.007043866668565
258,concession_cost,forms_evidence,1,0.9991684919287248,0,0.0500542620993116,0.1190471664442241,0.6340561437559917,1.0
258,concession_cost,labels_evidence,1,0.9991949873849568,0,0.0726352861542973,0.2236644034821149,0.6371565160416474,3.559772356491506
259,access_protection,actions_evidence,0,0.158837792703844,0,0.4006874289521537,0.3036016654973349,0.0465271008186746,2.037142560318316
259,access_protection,forms_evidence,1,0.5347709436500899,0,0.3217986246839217,0.1661281653722198,0.0438656211365906,1.0
259,access_protection,labels_evidence,0,0.2579257903841033,1,0.5116034508175632,0.2992916050539373,0.0457352650350936,3.914190574180406
260,reference,actions_evidence,0,0.2186557812892092,0,0.234925229316367,0.1705115861771759,0.0320354501568634,5.049909230557416
260,reference,forms_evidence,0,0.1539908430420243,1,0.4371231160855439,0.1461656998137764,0.0346223325553049,1.0
260,reference,labels_evidence,0,0.1551513734188043,1,0.3635018464857337,0.1248672919692249,0.0338225322903831,3.3574628727682523
261,attenuated,actions_evidence,1,0.317382803881917,0,0.1893313796299111,0.4499197743082288,0.4389319976588879,1.8062407192826784
261,attenuated,forms_evidence,1,0.3417741669753517,1,0.4241185298939247,0.3287544428551192,0.4548369360688049,1.0
261,attenuated,labels_evidence,1,0.336192518116125,1,0.4808042397936407,0.5060797235600439,0.4492825500605331,3.994214912367087
262,concession_cost,actions_evidence,1,0.7589958867990236,0,0.209977227523204,0.749154188903378,0.390459682203611,2.838915541429201
262,concession_cost,forms_evidence,1,0.7651332219703217,0,0.2323819717622869,0.4790086431841522,0.3944349363470321,1.0
262,concession_cost,labels_evidence,1,0.763402641939029,0,0.2321393064890091,0.4956930019927311,0.3943385080749986,6.925960246954434
263,access_protection,actions_evidence,1,0.4953351100967456,0,0.28509451415525,0.3077027650751253,0.0322384518177854,3.2792336879885418
263,access_protection,forms_evidence,1,0.6635434282925619,0,0.3105696577194136,0.1661281653722197,0.0321140875136632,1.0
263,access_protection,labels_evidence,1,0.5844661619002806,0,0.3093512730579394,0.2102191125158286,0.0324378472129675,4.258757827222828
264,reference,actions_evidence,0,0.1556458769568544,0,0.2287680846753076,0.2824290318090004,0.617785689318317,3.019957786941739
264,reference,forms_evidence,0,0.1683392235280777,0,0.2874761286044386,0.1461656998137764,0.6162398890773404,1.0
264,reference,labels_evidence,0,0.1647864017527397,0,0.2852967585206635,0.19356762041432,0.6150301537485111,2.347096146823892
265,attenuated,actions_evidence,0,0.25052545827078,1,0.6287057156435629,0.2117460047989416,0.1423701706981924,1.9052248465185888
265,attenuated,forms_evidence,0,0.240942338592225,1,0.6331597085118968,0.0557988961600735,0.1432323684076646,1.0
265,attenuated,labels_evidence,0,0.243820978114242,1,0.6333648239089231,0.1087137927451965,0.1435141375450901,1.368430653111971
266,concession_cost,actions_evidence,1,0.8778771720570336,0,0.2042721913654624,0.6488695293870888,0.8035596346410867,1.2820399492856902
266,concession_cost,forms_evidence,1,0.8889479661091685,0,0.2780634671515927,0.6597035344321958,0.8013949539899324,1.0
266,concession_cost,labels_evidence,1,0.907148215953692,0,0.2290966873845308,0.522869798704737,0.7578239401175333,2.3675988192289292
267,access_protection,actions_evidence,0,0.2299558121165655,1,0.3849337624045833,0.7315437501283739,0.0172894366374476,2.8191367130600193
267,access_protection,forms_evidence,1,0.4476408931384731,1,0.3953942817982117,0.3841362377579263,0.0180988541603845,1.0
267,access_protection,labels_evidence,1,0.425571993133757,1,0.4168178794578017,0.4751818155593353,0.0179770406545461,5.275098256022167
268,reference,actions_evidence,1,0.45388903523782,0,0.2813436601757946,0.626123138617866,0.1994180893281993,1.7354260911567818
268,reference,forms_evidence,1,0.5776286751723988,0,0.2915579488295637,0.4590461776257088,0.1919672810933834,1.0
268,reference,labels_evidence,1,0.5825994854410004,0,0.2908918387215822,0.4779334706684057,0.1918198523366866,2.5428222230517856
269,attenuated,actions_evidence,0,0.2500156064852541,0,0.3166049566944734,0.4939410065189044,0.022436645394954,2.871958241065592
269,attenuated,forms_evidence,0,0.3126867544420226,1,0.5117736129836318,0.4707078472093408,0.0217533317372085,1.0
269,attenuated,labels_evidence,0,0.2171356862441514,1,0.4727315677527204,0.4287726784634151,0.0229440935530229,3.544559064682068
270,concession_cost,actions_evidence,1,0.9999922496176102,0,0.2416935776896954,0.6149281478527122,0.595526369790024,1.9970730886347512
270,concession_cost,forms_evidence,1,0.999993416578132,0,0.3204560487408064,0.5940868233440993,0.6023187374576101,1.0
270,concession_cost,labels_evidence,1,0.9999932588224452,0,0.321145705281488,0.5882659401258106,0.6024273780821485,2.220723689338645
271,access_protection,actions_evidence,1,0.6752526375105005,0,0.2452117524200479,0.2437894681533218,1.7038965851191223,2.7080096127867823
271,access_protection,forms_evidence,1,0.6302651180942089,0,0.2764198197425732,0.0829174295296258,1.6602852902494487,1.0
271,access_protection,labels_evidence,0,0.351094995795727,0,0.2641949089584955,0.1681680560100545,1.6720723107110198,2.921543209841283
272,reference,actions_evidence,0,0.2397530154522208,0,0.2845833459593397,0.3085225146987282,0.0314974611437234,3.5807293163650575
272,reference,forms_evidence,0,0.1160389166104433,0,0.3466681505658167,0.3599114796022378,0.0312220670219212,1.0
272,reference,labels_evidence,0,0.1833527658119408,0,0.3220302415532681,0.3405216717900698,0.0315440755412015,3.331384780492702
273,attenuated,actions_evidence,1,0.4853957772031432,1,0.992515898899366,0.3757275271075134,0.8891638760059934,1.946777640105546
273,attenuated,forms_evidence,1,0.4582623959269826,1,0.9928050577432752,0.3016359094855669,0.8995144053845133,1.0
273,attenuated,labels_evidence,1,0.4603360058501619,1,0.9861262283138328,0.2768836751396971,0.8988782897543387,3.09603659070784
274,concession_cost,actions_evidence,1,0.2763295323237594,1,0.4879082156282923,0.6403539767897571,0.1748204857619382,2.054878018793808
274,concession_cost,forms_evidence,1,0.2961500835323225,1,0.5562027760408825,0.4790086431841522,0.1821460910962313,1.0
274,concession_cost,labels_evidence,1,0.3043790879370617,1,0.4973157386508745,0.541904226007672,0.1820325613364805,3.8725283784658857
275,access_protection,actions_evidence,1,0.4065191265811284,0,0.2306990765992132,0.421829591053296,0.0303729682033587,3.89515717901704
275,access_protection,forms_evidence,1,0.5112671808682737,0,0.305957034474131,0.5696187560131328,0.029480974720127,1.0
275,access_protection,labels_evidence,1,0.6720788526889587,0,0.2503435506598812,0.617194133157419,0.0303460414726622,3.8043271011144526
276,reference,actions_evidence,0,0.3254499516611042,1,0.9109773915419008,0.7155229258363435,0.6755786489842804,1.7913669726615395
276,reference,forms_evidence,0,0.2844359509789329,1,0.9156373532971276,0.6230604924475885,0.6709003626713402,1.0
276,reference,labels_evidence,0,0.3141322824264204,1,0.891586419907344,1.0032405473050725,0.685352628139193,1.3318173047171176
277,attenuated,actions_evidence,0,0.2856696438661358,0,0.3385723910848432,0.4202736772721825,0.0826602119183857,2.2253839424961956
277,attenuated,forms_evidence,0,0.2744892987768194,1,0.3649336196821251,0.2809630363568891,0.0829488846318595,1.0
277,attenuated,labels_evidence,0,0.2846904965424474,1,0.5131588107565489,0.3774316706304978,0.0825352678162543,3.5450119530063766
278,concession_cost,actions_evidence,1,0.9704168333993032,0,0.0791862856194725,0.2259633585752415,0.8906866488336508,4.400058304106244
278,concession_cost,forms_evidence,1,0.9693499061329576,0,0.1074029221296586,0.2705250794135005,0.8911020368307541,1.0
278,concession_cost,labels_evidence,1,0.9733698884864684,0,0.1303454027667017,0.5349354313778547,0.8793010165445968,3.5419398051677344
279,access_protection,actions_evidence,0,0.2359703944370549,0,0.2381062346167067,0.4568932795703362,0.0212312690557064,3.4909483075984573
279,access_protection,forms_evidence,1,0.3845468115094694,0,0.2780834867505516,0.5063704857289824,0.0205688027650133,1.0
279,access_protection,labels_evidence,1,0.4411212777453941,0,0.2727682760352886,0.4575097892474063,0.0201565475996243,3.747369791408789
280,reference,actions_evidence,0,0.3269869599830335,0,0.2492670936364259,0.3068211574530672,0.0235507839016565,3.1331620010745493
280,reference,forms_evidence,0,0.2694549607361099,0,0.3078539401208195,0.4231597498863884,0.0234573138601154,1.0
280,reference,labels_evidence,1,0.3943826149593845,0,0.2288779621101173,0.3443340357955418,0.0244409894338895,5.947973711796209
281,attenuated,actions_evidence,0,0.1703377970117726,0,0.3625972369467752,0.1894166811347581,0.0371631410518104,3.083653495110141
281,attenuated,forms_evidence,0,0.1880607394032521,1,0.5870528819047633,0.1777898349558517,0.0403245218024101,1.0
281,attenuated,labels_evidence,0,0.1935686377708238,1,0.5645862283129125,0.1335831431543497,0.0399525816344629,3.0645664606344636
282,concession_cost,actions_evidence,1,0.3223577726251703,1,0.5865297178035879,0.7703455389598327,0.5907150045120423,2.4811604568513776
282,concession_cost,forms_evidence,1,0.2988885743282065,1,0.6607891004952767,0.3731849757445288,0.5868546780344986,1.0
282,concession_cost,labels_evidence,1,0.3019922894773036,1,0.6366830088296005,0.3935832645774307,0.5881499625272174,5.051296484635377
283,access_protection,actions_evidence,0,0.1753495248068802,0,0.1516438760688855,0.6339327211328352,0.6452875250956056,2.4549055749944446
283,access_protection,forms_evidence,0,0.1119070393163373,0,0.0485404025255997,0.5263329512874256,0.6444749202488954,1.0
283,access_protection,labels_evidence,0,0.1008846733350172,0,0.0826678385297842,0.5340858568448409,0.6484428470368768,2.715659717332835
284,reference,actions_evidence,0,0.2335290888625297,0,0.274924577458887,0.1788171296525987,0.0392004789079315,6.1232089649381605
284,reference,forms_evidence,0,0.2864250385441934,1,0.4712845149470797,0.2410381052400023,0.0362378968301307,1.0
284,reference,labels_evidence,0,0.2604724368764416,1,0.4587884347753048,0.2350174619397111,0.0365105781866412,2.945378786838371
285,attenuated,actions_evidence,1,0.834529327299459,0,0.2316722237732909,0.4444228757791351,0.8245361722468312,3.0147645286514355
285,attenuated,forms_evidence,1,0.8581414457251219,0,0.2866826002294322,0.3125871714989643,0.845744708723505,1.0
285,attenuated,labels_evidence,1,0.8430806690989451,0,0.3104559163189814,0.3554600098489035,0.8392131351819111,5.14768998762228
286,concession_cost,actions_evidence,1,0.3275737492763463,1,0.848423721737185,0.4680708470200642,0.1382360883228316,2.8223270243235987
286,concession_cost,forms_evidence,1,0.3454959543577174,1,0.8812563825059472,0.3442113066410396,0.135966693001282,1.0
286,concession_cost,labels_evidence,1,0.342583359159724,1,0.865056328947303,0.3556339037127798,0.1377092024139754,3.055188660594947
287,access_protection,actions_evidence,0,0.0921614763636829,1,0.3587191462078403,0.5699165717926746,0.0486876730321947,2.8491308615933195
287,access_protection,forms_evidence,0,0.1502883472722248,1,0.4774997246137598,0.3957979073415583,0.047507547396037,1.0
287,access_protection,labels_evidence,0,0.126158278030772,1,0.4730486359301236,0.4273852894202719,0.0476364117512439,2.9338580937693055
288,reference,actions_evidence,0,0.2521935338729654,0,0.3581909382107904,0.4434400031778148,0.0408139514776834,3.1828723326575052
288,reference,forms_evidence,0,0.2801016884786232,0,0.2495217439886953,0.3125871714989643,0.038811700667757,1.0
288,reference,labels_evidence,0,0.2541677724011824,0,0.2322050503515473,0.3398808214767111,0.0392622398332937,5.743306572899837
289,attenuated,actions_evidence,1,0.272740639452131,1,0.3811406818256724,0.7322328805223889,0.0177396214962176,3.38773622583972
289,attenuated,forms_evidence,0,0.2832952412572239,1,0.4554826695144074,0.6927544229726137,0.0181437921529169,1.0
289,attenuated,labels_evidence,0,0.2784107565745821,1,0.3842802086813627,0.6911768445209261,0.0183490796879978,4.79616543779164
290,concession_cost,actions_evidence,0,0.2527990699960901,0,0.1693217394818771,0.4779809134613824,0.0468517263685654,2.7607524889740938
290,concession_cost,forms_evidence,0,0.2678938376073809,0,0.2245909480606742,0.3125871714989643,0.0454566148931445,1.0
290,concession_cost,labels_evidence,0,0.2530710740287241,0,0.227907530258323,0.4548498549849152,0.0451231757894813,3.013256620598442
291,access_protection,actions_evidence,1,0.7687799782080464,0,0.2278586205101017,0.3475116883982244,1.161729592018981,2.097972627116856
291,access_protection,forms_evidence,1,0.940271223672648,0,0.2234746040191505,0.1706337671447427,1.1418310464255554,1.0
291,access_protection,labels_evidence,1,0.9498380302910842,0,0.2287390091046274,0.1948363490970091,1.1486497069880568,2.9870808958948785
292,reference,actions_evidence,0,0.291463212995818,1,0.3904469808447748,0.8870236553318732,0.0167934552301338,2.2670257145009405
292,reference,forms_evidence,0,0.3171011542594137,0,0.3387570745509054,0.5305952438846707,0.0164941676293683,1.0
292,reference,labels_evidence,0,0.3023548868987238,1,0.3550851608772106,0.6899899383449061,0.0165157756283121,3.331384780492703
293,attenuated,actions_evidence,0,0.2574485212585666,1,0.4185445463594541,0.5537245786348405,0.3310609481337436,2.8617843661634734
293,attenuated,forms_evidence,0,0.1467057722549696,1,0.5066152310444245,0.1706337671447427,0.3166938582799764,1.0
293,attenuated,labels_evidence,0,0.1507843709577286,1,0.4814676240679088,0.2981193499871612,0.3183686369223155,3.1423858443649904
294,concession_cost,actions_evidence,0,0.2364717901067948,0,0.3558626480526674,0.6604099853308363,0.7993094108621815,3.3401557390948864
294,concession_cost,forms_evidence,1,0.2830995145744059,0,0.4324262991594368,0.6257109584861745,0.7898573417857669,1.0
294,concession_cost,labels_evidence,1,0.285630364805434,0,0.433168931433879,0.5255889490889347,0.7909547169644853,2.8651185653211555
295,access_protection,actions_evidence,1,0.4448424985659944,0,0.228934911642596,0.3148479077710389,0.0281599060499055,4.41946152709178
295,access_protection,forms_evidence,1,0.8429578554775774,0,0.283872878637287,0.1661281653722198,0.0264866710488429,1.0
295,access_protection,labels_evidence,1,0.8439151094305085,0,0.2744862353453691,0.3163799547852691,0.0263938262059852,6.274697596223638
296,reference,actions_evidence,1,0.7570684646931959,0,0.3063462808471449,0.839771996551996,0.2654304472143387,2.1332618572338933
296,reference,forms_evidence,1,0.799851534390126,0,0.3318568966452012,0.6818031609592161,0.2543954863755419,1.0
296,reference,labels_evidence,1,0.7978177884996139,0,0.3297019028806569,0.7529999833013404,0.2547676113182395,3.51480494085264
297,attenuated,actions_evidence,1,0.9643012652178958,0,0.3129190603689715,0.9784940925271948,0.7665458170645142,1.4009147971369933
297,attenuated,forms_evidence,1,0.9530808459144696,0,0.3371817774586431,0.7490899346209331,0.7306425834792312,1.0
297,attenuated,labels_evidence,1,0.946547436435139,0,0.3246470384380243,0.9210418420144478,0.7344491591999751,3.8010102775835946
298,concession_cost,actions_evidence,1,0.9996294077188116,0,0.2481966301957506,0.7079305562830293,0.724823234346506,1.770915345966797
298,concession_cost,forms_evidence,1,0.9995311538905872,0,0.2423332877727401,0.5398497566049947,0.7226738018553976,1.0
298,concession_cost,labels_evidence,1,0.9995557652039458,0,0.2446761451739289,0.6251171461749493,0.7289010111380168,2.046254558349024
299,access_protection,actions_evidence,0,0.2510516482525466,0,0.2522821925320628,0.4683652859688188,0.0199851224194827,2.748947019834126
299,access_protection,forms_evidence,1,0.4167869522694671,0,0.2770950963519413,0.2493389012148137,0.019601107600512,1.0
299,access_protection,labels_evidence,1,0.4785566132293676,0,0.2829021038595833,0.3065178177467482,0.0191862385805964,3.7377107282166904
300,reference,actions_evidence,1,0.3348312884524647,0,0.2681080220977456,0.4497101694950982,0.0188127271532835,3.212276670243793
300,reference,forms_evidence,1,0.3481732662959954,0,0.2527016115133415,0.5063704857289824,0.018344838522415,1.0
300,reference,labels_evidence,0,0.3056480580130707,0,0.2525995550433176,0.4613857539276244,0.0183319387084494,3.2303595235911504
301,attenuated,actions_evidence,0,0.2395118346602207,0,0.3076250706730662,0.588455560161498,0.0224517452503349,3.1002367729853724
301,attenuated,forms_evidence,0,0.2842084954279807,0,0.3835837321028195,0.4274220424836336,0.0227493057316687,1.0
301,attenuated,labels_evidence,0,0.2640834355424851,0,0.3780639809708809,0.5013575061435539,0.0224703617053268,3.9912496806062534
302,concession_cost,actions_evidence,1,0.9999712332771524,0,0.3341391418864336,0.6604815691596128,0.5659018053908603,1.378018096507586
302,concession_cost,forms_evidence,1,0.9999672170644474,0,0.2649906338414834,0.8064058497342182,0.5369457931568327,1.0
302,concession_cost,labels_evidence,1,0.9999684284778112,0,0.2501812452544429,1.0430038742817986,0.5498386270086463,1.3940746782217792
303,access_protection,actions_evidence,1,0.5650959057470389,0,0.2233542214156746,0.7212570204508363,0.4686837683673373,3.0144342700941604
303,access_protection,forms_evidence,1,0.7009745469195041,0,0.2087021639844753,0.4790086431841521,0.4621978606865092,1.0
303,access_protection,labels_evidence,1,0.5793856472579508,0,0.2302115162907201,0.6027570305488532,0.4633784727595769,2.029332634570622
304,reference,actions_evidence,1,0.4754410066827351,0,0.3193133948449288,0.5542208801162053,0.0952797645588901,2.7356416968067547
304,reference,forms_evidence,1,0.7667466914976364,0,0.3104152209506612,0.7201162655174437,0.123867765165048,1.0
304,reference,labels_evidence,0,0.3590308809645047,0,0.3183118074021452,0.4246600317251472,0.0903615146365572,4.976036349672714
305,attenuated,actions_evidence,0,0.2436563683717358,0,0.2696624137656386,0.6346287886338657,0.022780798928343,2.7994986024669406
305,attenuated,forms_evidence,0,0.284876104594326,0,0.2650049759491593,0.3957979073415582,0.0226726486018711,1.0
305,attenuated,labels_evidence,1,0.2766410743434775,0,0.1889615491487208,0.4276771123959058,0.0227464453786796,3.776917371965465
306,concession_cost,actions_evidence,1,0.9664543656005142,0,0.1848618013743285,0.2754293986524093,0.4486751057556407,2.7539754273687667
306,concession_cost,forms_evidence,1,0.9616361453171332,0,0.247332993613892,0.1506713015862994,0.4526923553810663,1.0
306,concession_cost,labels_evidence,1,0.958662042797318,0,0.1921483943869399,0.1353349522043649,0.4497094488697625,4.73003906580242
307,access_protection,actions_evidence,1,0.3794578140782528,0,0.2256481192767726,0.4338076532899207,0.4735666173333004,4.069508281508016
307,access_protection,forms_evidence,0,0.2030554641373679,0,0.2615593874068638,0.3125871714989643,0.4717590124074081,1.0
307,access_protection,labels_evidence,1,0.4853195019367974,0,0.2713347917387829,0.4753489828718628,0.471763871340739,3.3091264203288873
308,reference,actions_evidence,0,0.2386879379684881,0,0.3339690048524444,0.7210709040722526,0.0235692747147427,2.8450927356614666
308,reference,forms_evidence,0,0.2551804060962472,0,0.3151572075353319,0.4790086431841522,0.0242491714526135,1.0
308,reference,labels_evidence,0,0.2082581004288349,1,0.3512330600359253,0.5095855861088846,0.0243457444005704,3.7545030568900426
309,attenuated,actions_evidence,1,0.8975655557818301,1,0.7882303051370351,0.7350134088438374,0.9791822903878336,1.9777652984382637
309,attenuated,forms_evidence,1,0.8434095133672496,1,0.5452785482715423,0.4202659746725244,1.0148958215868238,1.0
309,attenuated,labels_evidence,1,0.84956485278488,0,0.3802651559112736,0.6774829616879781,1.003119409869065,2.9720143640118506
310,concession_cost,actions_evidence,1,0.2502815943778745,0,0.2419477832343325,0.6516015481652574,0.4451449543596961,2.3408484397798017
310,concession_cost,forms_evidence,1,0.3122002495578188,0,0.2349239487655885,0.5895812215715762,0.4530216456181668,1.0
310,concession_cost,labels_evidence,1,0.2535268251625581,0,0.2377034007747933,0.5741456300234139,0.4466499754565738,1.65939019739248
311,access_protection,actions_evidence,1,0.3227370004216575,0,0.3122005970699255,0.4284641196141527,0.0451506631865706,3.706933774057216
311,access_protection,forms_evidence,0,0.2248525286638936,0,0.1181509275917188,0.4114980803027563,0.0439984737833723,1.0
311,access_protection,labels_evidence,0,0.1898497892440069,0,0.192593426736872,0.4403996623967761,0.044171196216291,3.462392652866621
312,reference,actions_evidence,1,0.9261298561986054,0,0.3894150854341539,0.6673817872660147,0.902447150382232,1.4254221540348286
312,reference,forms_evidence,1,0.9301190488520044,0,0.3962136382108345,0.4680573811707547,0.8793482291562116,1.0
312,reference,labels_evidence,1,0.9190982678008992,0,0.4127354564899991,0.5689109327689176,0.8776737508200544,1.9802106576729692
313,attenuated,actions_evidence,1,0.6022849691371975,0,0.3191212451640018,0.5286976037335832,0.7527792874785216,2.177738314898047
313,attenuated,forms_evidence,1,0.5978813758002596,0,0.3266559313451342,0.2473988427464622,0.7466482838709393,1.0
313,attenuated,labels_evidence,1,0.5884696306068076,0,0.3242212837247097,0.3102499241757519,0.7466252835642461,2.240854814373314
314,concession_cost,actions_evidence,0,0.2461663004546405,0,0.3322229005055935,0.6143603488691531,0.0200530417797657,1.8420885363266757
314,concession_cost,forms_evidence,1,0.3127687548167814,0,0.2128029343877228,0.4274220424836335,0.0184989420686129,1.0
314,concession_cost,labels_evidence,1,0.2966073947053801,1,0.3575204835709621,0.4672930509245789,0.019244943054318,3.029852480502414
315,access_protection,actions_evidence,0,0.237249858895782,0,0.2657488670536986,0.7760490318770928,0.0262394442590944,2.8558882665947944
315,access_protection,forms_evidence,0,0.278753399016612,0,0.2921128990151146,0.4989711087425954,0.0264741794779774,1.0
315,access_protection,labels_evidence,0,0.2593645452779593,0,0.3061047185707109,0.5659673185744823,0.0255431862219953,3.2993834037656553
316,reference,actions_evidence,0,0.2770936868897697,0,0.3156935906575461,0.359450397454059,0.2908325655535905,1.870995923352535
316,reference,forms_evidence,0,0.2991213061106076,0,0.1558671833649994,0.3915356147443131,0.2923376928996407,1.0
316,reference,labels_evidence,0,0.2856719903095914,0,0.2137984337699961,0.3592570452025774,0.286536361040664,3.135236221597874
317,attenuated,actions_evidence,1,0.3985725162819713,1,0.5642797023074727,0.746688967187088,1.330041688016477,1.7382517942958895
317,attenuated,forms_evidence,1,0.4803855579018802,1,0.9160156931482432,0.5106327783262274,1.3349313233390332,1.0
317,attenuated,labels_evidence,1,0.4822181537595469,1,0.8908386488198723,0.5718524636775405,1.3249800629706583,3.115676658143958
318,concession_cost,actions_evidence,0,0.2677344195115569,1,0.381012687501234,0.4734107396712696,0.0192741517429197,3.3618628012921308
318,concession_cost,forms_evidence,0,0.2534122348501664,1,0.4795550260636748,0.4074595769251901,0.0192224160829906,1.0
318,concession_cost,labels_evidence,0,0.2578905352236462,1,0.4798937646049968,0.4417824895128459,0.0189845475622759,2.9854684667051483
319,access_protection,actions_evidence,1,0.3048538866492572,1,0.3774420363563977,0.3076200978885017,0.4839678638099066,3.527983385071299
319,access_protection,forms_evidence,0,0.2334880180361752,1,0.4297019784585439,0.3599114796022378,0.4836410895515484,1.0
319,access_protection,labels_evidence,0,0.2336072370665191,1,0.4409458084321457,0.3676953323850729,0.4839052897909681,5.689672659992404
320,reference,actions_evidence,0,0.2431965234380712,1,0.576671842150481,0.8219194112940734,0.2207258262387957,2.6183287612170756
320,reference,forms_evidence,0,0.2898397531103584,1,0.5315336459219789,0.5938435141688214,0.224153659315895,1.0
320,reference,labels_evidence,0,0.2378850757459402,1,0.5228355989932638,0.9442804028697024,0.2239176968881087,3.2109536296367263
321,attenuated,actions_evidence,0,0.3092125941398491,1,0.4320081843199083,0.8993827489479574,0.0264553226226026,2.359220621234132
321,attenuated,forms_evidence,1,0.2702591237480588,0,0.2918462963429002,0.8549136020605564,0.0270832732103761,1.0
321,attenuated,labels_evidence,0,0.2963193276391181,0,0.2860734985300099,0.8481570005947089,0.0262946683399944,4.703939366178184
322,concession_cost,actions_evidence,0,0.2070940701053287,1,0.4458352630081796,0.4618394728933117,0.317436041156753,2.0263909564544957
322,concession_cost,forms_evidence,0,0.3171322613681369,0,0.3603253582487591,0.5379946208710576,0.3146305913846739,1.0
322,concession_cost,labels_evidence,0,0.3119910265943105,0,0.3795798063621902,0.5258056471886013,0.3152733691520059,2.8180385075384704
323,access_protection,actions_evidence,0,0.1066402494221594,1,0.7420406605461162,0.48103864808537,0.2434476427485622,3.187532203801818
323,access_protection,forms_evidence,0,0.1559812825914547,1,0.707437142383544,0.4205092838478023,0.2360633396300303,1.0
323,access_protection,labels_evidence,0,0.1565136094624609,1,0.7263922084833366,0.4130544836300889,0.2368731668871613,4.328117647923176
324,reference,actions_evidence,0,0.2754961595328981,0,0.4355408027413899,0.5101135116012442,0.4092659053710186,2.6268501748653454
324,reference,forms_evidence,0,0.2234949486753207,0,0.4238350358275278,0.4476278172173547,0.4012714191798567,1.0
324,reference,labels_evidence,0,0.2204070758954237,0,0.4334347538919058,0.446242843749348,0.4043263144939624,2.6352913676627616
325,attenuated,actions_evidence,0,0.4132185260066477,0,0.3152138626449537,0.1954158365854497,0.0180150727596419,2.7763098536008464
325,attenuated,forms_evidence,0,0.4131921736596416,0,0.3254233450778243,0.209413970097927,0.0179896141892977,1.0
325,attenuated,labels_evidence,0,0.4169546852816698,0,0.3086793714295879,0.2044774491952284,0.0180078812425358,2.3621572313404307
326,concession_cost,actions_evidence,1,0.9988894640636864,0,0.2289624244240661,0.620831344150716,0.754529450550597,1.83830376797366
326,concession_cost,forms_evidence,1,0.9990341277939152,0,0.2912797888297974,0.2538445029873367,0.7421951822218898,1.0
326,concession_cost,labels_evidence,1,0.999027502017258,0,0.296694343620896,0.297459905082978,0.7441807119345,5.0754422707049445
327,access_protection,actions_evidence,1,0.5059800399244874,0,0.2224746247714157,0.3126679638662933,0.3699407259621914,4.10510852484931
327,access_protection,forms_evidence,1,0.3450008105844429,0,0.2767153567038114,0.2293764356563704,0.3714882648732983,1.0
327,access_protection,labels_evidence,0,0.3360209107838994,0,0.2762003573584827,0.2597977070394167,0.3711511476839215,3.89484434228708
328,reference,actions_evidence,0,0.2852483610475423,0,0.1757393940626526,0.5242297024401635,0.8374225935237146,3.631782609578987
328,reference,forms_evidence,0,0.3021502518121418,0,0.1954781626491021,0.3957979073415582,0.8279301553031216,1.0
328,reference,labels_evidence,0,0.2889157750656391,0,0.1929141535582941,0.4562771813418409,0.8286793033840647,3.7975291135720743
329,attenuated,actions_evidence,0,0.2655125948900615,1,0.3881673352758596,0.7392485390211806,0.0731488456392,3.3130966042591186
329,attenuated,forms_evidence,0,0.2715075116503536,1,0.5382662623515794,0.6095436871300197,0.0724320337792784,1.0
329,attenuated,labels_evidence,0,0.2142368057376643,1,0.5029637719374436,0.7633182604463283,0.0727534937709118,3.3783194437865425
330,concession_cost,actions_evidence,1,0.9997211399787934,0,0.2545712483180114,0.5976281774161664,0.7481763448907772,1.4644664042342437
330,concession_cost,forms_evidence,1,0.9998504535350452,0,0.3033491308123222,0.6452270741112406,0.6910298740844022,1.0
330,concession_cost,labels_evidence,1,0.9997507889705336,0,0.2840455147728131,0.4827441292613339,0.7081134787785405,2.429039932647993
331,access_protection,actions_evidence,1,0.6330746961449665,1,0.730816185271766,0.2214785158026893,0.4323379151883311,1.324312295056144
331,access_protection,forms_evidence,1,0.6613766177673438,1,0.9143762420535542,0.209413970097927,0.4382531101907352,1.0
331,access_protection,labels_evidence,1,0.8017710426267759,1,0.9108159265404,0.1587301548854245,0.4329341786317698,2.7034516179931276
332,reference,actions_evidence,0,0.3360829774033174,1,0.4797903099037378,0.4049000130866622,0.2050774612020354,2.978327757988433
332,reference,forms_evidence,0,0.301178052075769,1,0.4518719863463403,0.396041216516836,0.2045776915681231,1.0
332,reference,labels_evidence,0,0.309953312677841,0,0.4434507525825746,0.3793439851291075,0.2047591314416753,3.922207181400378
333,attenuated,actions_evidence,1,0.4914866980828168,0,0.2787865267017153,0.5228176205592869,0.8130685486978083,2.021631195030772
333,attenuated,forms_evidence,1,0.4863361904651705,0,0.3398667519811109,0.5363245582974373,0.7902132680233566,1.0
333,attenuated,labels_evidence,1,0.490003075727515,0,0.3305449685682747,0.5905888151695898,0.7994166055713422,2.943625185920742
334,concession_cost,actions_evidence,1,0.9999544998782446,0,0.2468901906766724,0.7061412571951191,0.7993236434624373,1.707959286846512
334,concession_cost,forms_evidence,1,0.999966775857474,0,0.3005024386501693,0.4319276442561565,0.7958890612142174,1.0
334,concession_cost,labels_evidence,1,0.9999631269306116,0,0.2735004978567848,0.6438875168732864,0.7986807645535867,1.9798077047928415
335,access_protection,actions_evidence,1,0.4611594657856135,0,0.2796101719205466,0.5845105517064945,0.0305184314132528,3.98803208760919
335,access_protection,forms_evidence,0,0.2796146866775797,0,0.1922232139091419,0.5263329512874257,0.0319774328220689,1.0
335,access_protection,labels_evidence,0,0.3019486871640792,0,0.2435251898553092,0.5854778333998749,0.0310083307922399,4.502707614667665
336,reference,actions_evidence,0,0.2730861220529531,0,0.3510498211913715,0.3182033117492914,0.8696708552420448,2.678328760776316
336,reference,forms_evidence,0,0.3501304160128955,0,0.2482341712622617,0.2293764356563704,0.8637297881419387,1.0
336,reference,labels_evidence,0,0.3464414458241562,1,0.4543853505571081,0.3190770391515663,0.8626141723150087,2.3456426844051737
337,attenuated,actions_evidence,0,0.225080879496406,0,0.3451750555360037,0.5446168541896147,0.2095262993687577,3.066458768643573
337,attenuated,forms_evidence,0,0.252922666934962,0,0.3158157846073904,0.5263329512874256,0.2102312450144581,1.0
337,attenuated,labels_evidence,0,0.2467045788681372,0,0.3181957878295292,0.5401928117654474,0.2103435566273677,5.949745830306724
338,concession_cost,actions_evidence,1,0.3116220290970431,1,0.7835299144792097,0.3255048394549803,0.5746444097745679,2.9760840704788327
338,concession_cost,forms_evidence,1,0.3195734983299989,1,0.8320840080318274,0.2610005707984457,0.5752464384313911,1.0
338,concession_cost,labels_evidence,1,0.3105896653470228,1,0.8018992606794575,0.3743764041625779,0.5731410460918855,5.345446625309223
339,access_protection,actions_evidence,1,0.6560228656471442,1,0.713733643352134,0.404503370633326,1.0471577483212289,3.1032728855219083
339,access_protection,forms_evidence,1,0.6444400594198167,1,0.5199049815857986,0.3644170813747608,1.054309360993835,1.0
339,access_protection,labels_evidence,1,0.5882173346174179,1,0.6426484566824282,0.368716572783468,1.0573923954938556,5.492606253617526
340,reference,actions_evidence,0,0.2252580239237704,0,0.2699238480608541,0.3097729465034024,0.0306397382247225,3.030638246959775
340,reference,forms_evidence,0,0.2796789849434034,0,0.1999587623269194,0.4864080201705391,0.030640281967708,1.0
340,reference,labels_evidence,0,0.2762673188145211,0,0.236318887067864,0.3387033885608365,0.0308855586142471,3.748650348965559
341,attenuated,actions_evidence,1,0.3075439265608967,1,0.4655112393672131,0.6861425302412654,0.4740855133857956,3.1749053925027204
341,attenuated,forms_evidence,1,0.3207145574169183,1,0.5388998377973443,0.479008643184152,0.4734371925020151,1.0
341,attenuated,labels_evidence,1,0.2916572669314402,1,0.4625532627250648,0.7368778813717833,0.4742884764205211,5.323183982695671
342,concession_cost,actions_evidence,0,0.1834796620737626,0,0.1770935424921465,0.3132730984626218,0.6304853191861112,1.5591676032434247
342,concession_cost,forms_evidence,0,0.3231507815692968,0,0.2587108745021266,0.21391957187045,0.6358297008204403,1.0
342,concession_cost,labels_evidence,0,0.314517091917914,0,0.2319687663090684,0.1980295131570704,0.6369701631246139,2.669228315289249
343,access_protection,actions_evidence,1,0.3182062709386513,1,0.3591865981614717,0.4259505190329151,0.0226750461798316,3.650784587844179
343,access_protection,forms_evidence,1,0.7371496976366625,1,0.4396768998331213,0.2809630363568891,0.0229541010272596,1.0
343,access_protection,labels_evidence,1,0.5197043889785494,1,0.3938334045376589,0.3233027611098474,0.0232131227489877,6.3724321975399825
344,reference,actions_evidence,0,0.1813325319407527,1,0.478916328846489,0.2509777747542461,1.1885327218858348,2.8488681559969584
344,reference,forms_evidence,0,0.2406488397483109,1,0.4172382896430192,0.0874230313021488,1.2189917849655476,1.0
344,reference,labels_evidence,0,0.2205829767208545,1,0.4607227844720468,0.1326048035597037,1.200925611186067,3.644988437938693
345,attenuated,actions_evidence,0,0.2229510936672629,0,0.2693997956192769,0.4465038895317915,0.019943141926863,2.612993013998341
345,attenuated,forms_evidence,0,0.1658340111809286,0,0.2607044146396381,0.4114980803027565,0.0207175117825984,1.0
345,attenuated,labels_evidence,0,0.2951641508189359,0,0.278159621461258,0.5038106264056307,0.0205004579972453,5.827254929751681
346,concession_cost,actions_evidence,1,0.3935966500338809,0,0.4694003021640657,0.7697954035515483,0.406924657074535,2.3498834912174114
346,concession_cost,forms_evidence,1,0.4008775364101462,0,0.4586759695412987,0.4473845080420768,0.408981413559411,1.0
346,concession_cost,labels_evidence,1,0.4028682333804765,1,0.4918323969958414,0.486012644315873,0.408953955786307,5.506242459394261
347,access_protection,actions_evidence,1,0.4104825923315458,0,0.2148542468696632,0.5639177645610559,0.0619727165043037,4.163067762560155
347,access_protection,forms_evidence,0,0.1531737193757468,0,0.2310981181984505,0.2493389012148137,0.0597916857467592,1.0
347,access_protection,labels_evidence,0,0.28843204136915,0,0.2622659848142843,0.3075829976545017,0.0587417300747398,4.2686988443043274
348,reference,actions_evidence,1,0.4069372964880869,0,0.279042638799777,0.6806697513027097,0.0310538445054966,2.65073364619347
348,reference,forms_evidence,1,0.4772601642187822,0,0.2457457538663294,0.4790086431841522,0.0307523612805773,1.0
348,reference,labels_evidence,1,0.3612927044982674,0,0.2567472766504091,0.5387124773088283,0.0297226832954635,4.301007141505655
349,attenuated,actions_evidence,0,0.2429599218137982,0,0.2320845759282562,0.3072461652776172,0.039998629252013,2.324084559048703
349,attenuated,forms_evidence,0,0.4059006530735391,0,0.2854033954614853,0.2610005707984457,0.0392715459128276,1.0
349,attenuated,labels_evidence,0,0.3836222712487833,0,0.2605180682395805,0.2524532753138109,0.0401389460845197,4.947059122430082
350,concession_cost,actions_evidence,1,0.9999831368427357,0,0.3200283990367521,0.4792568885404205,0.5673050199422688,1.3774932532003694
350,concession_cost,forms_evidence,1,0.9999821180106002,0,0.3068459884495911,0.1525264373202363,0.547671169462075,1.0
350,concession_cost,labels_evidence,1,0.9999819645275844,0,0.3068079543917673,0.1692329224143978,0.5497511797118232,3.6017777034711416
351,access_protection,actions_evidence,1,0.4802914846599387,0,0.2238850243017019,0.1938219288662742,0.0223349849770822,3.6841696279300824
351,access_protection,forms_evidence,1,0.4158174178339832,0,0.208260224940813,0.0512932943875505,0.0239966595738059,1.0
351,access_protection,labels_evidence,1,0.7771733302632717,0,0.2209428009159719,0.0811588362439169,0.0224961346664667,4.4803506377663815
352,reference,actions_evidence,1,0.907490194558699,1,0.7502429071980766,0.7213280872777746,0.4795144115208831,2.695840428745807
352,reference,forms_evidence,1,0.9812079215611323,1,0.8064760915989505,0.4680573811707547,0.4883730209415045,1.0
352,reference,labels_evidence,1,0.977263056103734,1,0.7936364302103258,0.4892745601259671,0.4832805804838941,5.640176353385133
353,attenuated,actions_evidence,0,0.2261516968403238,0,0.2725230176251383,0.1621141126217771,0.0331083299728713,5.121474237860443
353,attenuated,forms_evidence,0,0.2473645772014824,0,0.2507721701377961,0.1777898349558517,0.0328021745380872,1.0
353,attenuated,labels_evidence,0,0.2611386318685749,0,0.2711054677822473,0.1966808252890425,0.0325780669360642,2.682656945580568
354,concession_cost,actions_evidence,1,0.996118062819396,0,0.3896933144631987,0.7075569137353789,0.9285192272038132,1.943733747230619
354,concession_cost,forms_evidence,1,0.9975353535736756,0,0.3480744671455894,0.3532225101860855,0.8991343425591726,1.0
354,concession_cost,labels_evidence,1,0.9955372457507616,0,0.2711875244099391,0.6405062099085583,0.9291039485564933,2.075836195920974
355,access_protection,actions_evidence,1,0.4488559473442558,0,0.2309620575076219,0.1840012581610673,0.0225909642989744,3.660215507774101
355,access_protection,forms_evidence,1,0.6849495206057341,0,0.2070916503062942,0.1145415646717011,0.0222224207509018,1.0
355,access_protection,labels_evidence,1,0.6497392432328856,0,0.2116105331464223,0.1157671283895821,0.0224256296348919,6.630403082249016
356,reference,actions_evidence,1,0.3910118754629645,0,0.2332775461131697,0.4614458441506174,0.0211074550244418,4.385985914423746
356,reference,forms_evidence,1,0.499963998118799,0,0.3126496407542765,0.4074595769251902,0.0210339930285495,1.0
356,reference,labels_evidence,1,0.4834584017032893,0,0.3024357668107629,0.3879768420603706,0.0210649836684197,4.87694791486356
357,attenuated,actions_evidence,1,0.6784076835280416,0,0.2573485228952335,0.4576138408165414,0.4480741491790782,3.669791904444458
357,attenuated,forms_evidence,0,0.4462081165560509,0,0.3010044450642758,0.3125871714989643,0.4510825051650683,1.0
357,attenuated,labels_evidence,0,0.3631548127520004,0,0.2707578706751101,0.4405847342054531,0.4563654967713379,3.6261861656568337
358,concession_cost,actions_evidence,1,0.7065948175885519,0,0.2610476752561707,0.6001352112199835,0.7313322776190222,2.3894282124998427
358,concession_cost,forms_evidence,1,0.6848567648673805,0,0.3013767743883793,0.5222944479098593,0.7387475073380166,1.0
358,concession_cost,labels_evidence,1,0.7247709030097762,0,0.3062681781054575,0.5621931886666408,0.722400237690501,2.7779038869000905
359,access_protection,actions_evidence,1,0.5191980712740685,0,0.2212134221685618,0.1673916571299826,0.0399386429062744,4.816806259840849
359,access_protection,forms_evidence,1,0.820499643582761,0,0.2964436816222192,0.2094139700979271,0.0372156600558808,1.0
359,access_protection,labels_evidence,1,0.5232785827219795,0,0.2609279608728525,0.2004083440696478,0.0389334061131277,3.214195160425273
360,reference,actions_evidence,0,0.3670982855275724,0,0.2498178162343181,0.5276787417239656,0.3712934153747156,2.548367892996603
360,reference,forms_evidence,1,0.9752146954114064,0,0.2419745985101722,0.6939781356128569,0.4187793442256391,1.0
360,reference,labels_evidence,1,0.6350509216379583,0,0.3019779860409515,0.7675407681062625,0.4117966646624764,1.855201516818033
361,attenuated,actions_evidence,1,0.3013820996276454,1,0.5828803608288006,0.7168567128327742,0.022183430767916,2.26977239981991
361,attenuated,forms_evidence,0,0.2433904241151123,0,0.3451054624700962,0.7717028662179622,0.0228904568170536,1.0
361,attenuated,labels_evidence,0,0.2550927912844196,0,0.3810752271206497,0.8153880985059742,0.0223265888125156,3.116770600464159
362,concession_cost,actions_evidence,1,0.9930296798681416,0,0.2954436078461205,0.2917796594413976,0.6380114747565352,2.321288254504877
362,concession_cost,forms_evidence,1,0.9935504662195956,0,0.2963648244103324,0.0603044979325965,0.6329073087277123,1.0
362,concession_cost,labels_evidence,1,0.993537614624495,0,0.308310825424559,0.1357835281500558,0.6343696616663546,4.5829379099195
363,access_protection,actions_evidence,1,0.7167100373951351,0,0.284926181661434,0.1700956690224657,0.6452114294100243,2.757260831366113
363,access_protection,forms_evidence,1,0.727124291495284,1,0.4402122142062775,0.2410381052400023,0.6470148659628068,1.0
363,access_protection,labels_evidence,1,0.6474206729468606,1,0.4100490418217007,0.2684189817498555,0.6435998966142263,4.5144715812563225
364,reference,actions_evidence,0,0.2333928475529244,0,0.1986695779513491,0.4682333306090877,1.2514391503715594,3.5976069722636597
364,reference,forms_evidence,0,0.2713294911107445,0,0.1559585397969711,0.3125871714989643,1.264189172780908,1.0
364,reference,labels_evidence,0,0.2472346562748338,0,0.1751638537390355,0.3359477106839766,1.2594234828719553,3.8358912707493658
365,attenuated,actions_evidence,1,0.4625143552559569,0,0.3141066794360635,0.7144402412838001,0.2669960301768265,2.406306901318659
365,attenuated,forms_evidence,1,0.4699202366769979,1,0.8423249030122026,0.6371293188945287,0.2943922782116657,1.0
365,attenuated,labels_evidence,1,0.4778178284730047,1,0.8613263079003226,0.6306967900878181,0.3098668501239004,2.799829395007371
366,concession_cost,actions_evidence,1,0.3223852532608628,1,0.6069664106136451,0.5496101896623126,0.3038937214604509,1.5364361300327585
366,concession_cost,forms_evidence,1,0.3307314942891681,1,0.4733985376161552,0.289974239901935,0.3258954504448872,1.0
366,concession_cost,labels_evidence,1,0.3279772375588138,1,0.5375312437221691,0.3300167414964923,0.3067170243457217,4.400649926916945
367,access_protection,actions_evidence,0,0.3201891459625867,0,0.2320813730973145,0.757642551912962,0.0213234127110793,2.4624752675424704
367,access_protection,forms_evidence,1,0.4561863687511234,0,0.2909448197546672,0.5106327783262276,0.0201864597389268,1.0
367,access_protection,labels_evidence,1,0.3794017679361637,0,0.307065570944331,0.5452531862765774,0.020453045390782,4.5906806034067085
368,reference,actions_evidence,0,0.1831721108799995,0,0.2790978757553505,0.1620039575800908,0.700983689762631,4.386710595307633
368,reference,forms_evidence,0,0.3881612392581917,0,0.2185183126771486,0.2094139700979271,0.6866319785248544,1.0
368,reference,labels_evidence,1,0.4469533573140033,0,0.1663657974466905,0.2453064625214071,0.7253677250443328,4.63734507691713
369,attenuated,actions_evidence,0,0.204447460893459,0,0.3124000393895171,0.3043278408085518,0.2117497927257109,1.6247192993294797
369,attenuated,forms_evidence,0,0.2046923119682663,0,0.3246578946500715,0.2610005707984457,0.2115758931134189,1.0
369,attenuated,labels_evidence,0,0.2047997314362664,0,0.3284991499014526,0.2959052898181861,0.2115874934662677,1.7426475304895206
370,concession_cost,actions_evidence,1,0.988390801120694,0,0.2585282982067647,0.382274216896701,0.8373755203832447,1.276481709609534
370,concession_cost,forms_evidence,1,0.9829539788035614,0,0.2828319538272604,0.0919286330746718,0.8454321960975412,1.0
370,concession_cost,labels_evidence,1,0.9813333993384978,0,0.2916490634332832,0.1383424889139997,0.8520967576586793,3.2511646211147656
371,access_protection,actions_evidence,1,0.367601507584167,0,0.2457261830615613,0.583854408218904,0.0231210626533813,3.035624198613626
371,access_protection,forms_evidence,1,0.781163968240135,0,0.283498124001713,0.3325496370574077,0.0217125408518964,1.0
371,access_protection,labels_evidence,1,0.7418182016864059,0,0.284048608261057,0.3875327584216018,0.0217185835553019,5.087265770182671
372,reference,actions_evidence,0,0.2879493728750542,1,0.403404453021667,0.546650858984422,0.0547460141453749,2.9585441458754698
372,reference,forms_evidence,0,0.3144912613043202,0,0.219325261638298,0.3957979073415581,0.0563891267933761,1.0
372,reference,labels_evidence,0,0.3108327245444828,0,0.2435570111178627,0.4527240686845992,0.0560071438583942,4.416116180219862
373,attenuated,actions_evidence,1,0.9624311270938496,0,0.2524010834810914,0.2752239587861,0.6200198982547241,2.3712025264648218
373,attenuated,forms_evidence,1,0.9627041320045836,0,0.3254934466458151,0.2771678421546006,0.6283473915299735,1.0
373,attenuated,labels_evidence,1,0.9698616787387884,0,0.3008748293227312,0.1845396718980541,0.6131341285856714,2.2116737813124714
374,concession_cost,actions_evidence,0,0.2145085027923395,0,0.3056360766180226,0.3171862774076527,0.4737343087020875,3.686070100007611
374,concession_cost,forms_evidence,0,0.2713782955458357,1,0.3477000588910016,0.2293764356563704,0.4744589224539688,1.0
374,concession_cost,labels_evidence,0,0.2585235299007322,1,0.3695073879597306,0.3023553760775976,0.4746202836301722,4.88905408765871
375,access_protection,actions_evidence,0,0.0875203886473733,1,0.4036572679486428,0.8391821048822387,0.0197847910697882,2.2932497458497707
375,access_protection,forms_evidence,1,0.3332376408436283,1,0.4631755201339093,0.8549136020605563,0.0201151242200126,1.0
375,access_protection,labels_evidence,0,0.2136641351029425,1,0.4613718694637693,0.7847926602487464,0.0197744824279247,6.328667831254753
376,reference,actions_evidence,0,0.2976272180071334,1,0.7751970315677907,0.6727888581837366,0.0258780505362197,2.550961876733685
376,reference,forms_evidence,0,0.2950075785373128,1,0.8733076526349741,0.6411678222720949,0.0252342859693828,1.0
376,reference,labels_evidence,0,0.2974690726981499,1,0.8770828218629028,0.6886508783010726,0.0255853865466271,3.729167192064782
377,attenuated,actions_evidence,1,0.3173610162898655,1,0.8053462872152027,0.7976395568175111,1.0486468599723429,2.0868602055363175
377,attenuated,forms_evidence,1,0.3785655221344202,1,0.8841639857579879,0.4319276442561565,1.0221699963451458,1.0
377,attenuated,labels_evidence,1,0.3699761349717257,1,0.8786909183880799,0.4975060944651708,1.0243113935549968,3.0807997628723593
378,concession_cost,actions_evidence,1,0.5139827699511059,0,0.1548911351421544,0.3219911639553199,1.1003945029582864,1.260051475218602
378,concession_cost,forms_evidence,1,0.5810851451441217,0,0.1784148974369135,0.4015272217543247,1.1393568952561584,1.0
378,concession_cost,labels_evidence,1,0.5217295691647306,0,0.1235704590277707,0.3347049569346176,1.1213881869321496,1.3691058326191818
379,access_protection,actions_evidence,1,0.2888316014477649,0,0.351722119571976,0.5712090658355248,0.171423346258136,2.854696960841466
379,access_protection,forms_evidence,1,0.4243332284024151,1,0.7158216968018125,0.3957979073415583,0.1857721826615556,1.0
379,access_protection,labels_evidence,0,0.1814446662249619,1,0.6264632715384081,0.613946671182355,0.188388209000059,2.6822693460662568
380,reference,actions_evidence,0,0.2498814106477394,1,0.9602190939373266,0.5090576573766602,0.9468519211110134,1.3259288644542424
380,reference,forms_evidence,0,0.2358550017310781,1,0.9774922466929912,0.3532225101860855,0.9245484878849424,1.0
380,reference,labels_evidence,0,0.2093376359953068,1,0.9694810316494752,0.6941755998593854,0.9339629208425104,3.4392504331029987
381,attenuated,actions_evidence,0,0.3629208803778426,0,0.2871055984063857,0.8312597745921441,0.0285773681041499,2.751691510591621
381,attenuated,forms_evidence,0,0.4307398220502262,0,0.2966813990040233,0.8192509635409148,0.0286822488541271,1.0
381,attenuated,labels_evidence,0,0.4099644313171781,0,0.3070038797490158,0.8548315988878747,0.0278787597572426,2.7956289091165405
382,concession_cost,actions_evidence,1,0.9968155293434248,0,0.3171868270747061,0.5282341352152314,0.7528872229950162,1.4887240338016643
382,concession_cost,forms_evidence,1,0.9957042390758012,0,0.3044633092074676,0.1054454383922407,0.7664248482035853,1.0
382,concession_cost,labels_evidence,1,0.9963514701345932,0,0.3065970206788702,0.1774146228375613,0.7552401351186603,2.3992779159805178
383,access_protection,actions_evidence,1,0.4404475513488974,0,0.2129526604423834,0.3020300598730907,0.4950800526666387,3.431499501722828
383,access_protection,forms_evidence,1,0.6500627165083828,0,0.2870320478217407,0.292624705940521,0.4980631916190506,1.0
383,access_protection,labels_evidence,1,0.4746113053327178,0,0.2651640155361301,0.2696133631793629,0.4965821502594711,4.438376498552018
384,reference,actions_evidence,1,0.3694451324217982,0,0.267537390266487,0.4802265202015737,0.0221557494731502,2.13346455571648
384,reference,forms_evidence,0,0.248364311081374,0,0.2521123808692526,0.3125871714989643,0.0217110853688018,1.0
384,reference,labels_evidence,0,0.2845760586857175,0,0.2511500101601983,0.3370844486130629,0.0216577611073154,4.670059471385433
385,attenuated,actions_evidence,0,0.196911187566389,0,0.3020027793297701,0.3637689471491883,0.3533592498402622,3.9988224506430616
385,attenuated,forms_evidence,0,0.0465542275186354,0,0.3068230025306597,0.1345040302301444,0.3426618491902802,1.0
385,attenuated,labels_evidence,0,0.1109924426277457,0,0.3067740693880452,0.3712425213512583,0.3416108885536432,5.890807425757568
386,concession_cost,actions_evidence,1,0.9994757600053624,0,0.2233024389010968,0.5449590162247254,0.524487957136122,2.356732896423481
386,concession_cost,forms_evidence,1,0.9995671549074068,0,0.3298457706877503,0.3627470188011406,0.5399855736236089,1.0
386,concession_cost,labels_evidence,1,0.9995327951184572,0,0.3255887404705214,0.4392084205089993,0.5320018853698195,1.4877644933545155
387,access_protection,actions_evidence,1,0.3477182225215715,0,0.2365849038064341,0.4591893984857307,0.0203716171933597,2.6514264248801847
387,access_protection,forms_evidence,1,0.5041446098940017,0,0.2783819070966726,0.474746350586907,0.0206412413583001,1.0
387,access_protection,labels_evidence,1,0.3668141277603329,0,0.2525140600616261,0.4606867938261264,0.0205973102652548,5.421401006356613
388,reference,actions_evidence,1,0.442528191155048,0,0.2890472712123942,0.3248033685872483,0.3618775426260072,3.2860689750533214
388,reference,forms_evidence,1,0.4756251087995535,0,0.3256823923965561,0.1235527682167471,0.373078531035601,1.0
388,reference,labels_evidence,1,0.4761649797526374,0,0.3113083777953416,0.1650910129595674,0.3641115095443139,5.1727250937652745
389,attenuated,actions_evidence,1,0.748404780775058,0,0.2144559309179322,0.8889665844245337,0.7629978968622209,2.7394461248946436
389,attenuated,forms_evidence,1,0.8564754030671031,0,0.254721099099892,0.3841362377579262,0.7597358491211804,1.0
389,attenuated,labels_evidence,1,0.8390751648878156,0,0.2548231040085542,0.4626969717935374,0.7571695579008145,3.8474919477419727
390,concession_cost,actions_evidence,1,0.9994901082398836,0,0.2544521529094888,0.6411600358788143,0.9132633702075902,1.665167861441926
390,concession_cost,forms_evidence,1,0.999631118677206,0,0.3927111890709203,0.2524177495889939,0.9510581037134402,1.0
390,concession_cost,labels_evidence,1,0.999459905465402,0,0.3101041706727232,0.4041070644610794,0.9234175950362492,2.1601096019490003
391,access_protection,actions_evidence,1,0.5768632175926427,0,0.1609383938563576,0.1525690622327592,0.4754820721552862,2.228351130679573
391,access_protection,forms_evidence,1,0.9797683641204836,0,0.2390340463647761,0.0829174295296258,0.4427665256352919,1.0
391,access_protection,labels_evidence,1,0.9515880826314368,0,0.2275353000667077,0.1134014962613467,0.4457007368771679,3.386031788698177
392,reference,actions_evidence,1,0.3700336697051372,0,0.2384640040022763,0.4460411123929921,0.0234340928541833,3.6275459702217607
392,reference,forms_evidence,1,0.5075558950918782,0,0.191209060280425,0.3442113066410395,0.0242103224633006,1.0
392,reference,labels_evidence,1,0.4786178856621318,0,0.2461006021015195,0.5080027726702718,0.0236976704678599,5.437664847109976
393,attenuated,actions_evidence,0,0.2820986806846709,0,0.2232530719456196,0.3216870348173897,0.4578511439696813,3.9761105418017704
393,attenuated,forms_evidence,0,0.2762419593340365,0,0.244556415433587,0.2610005707984457,0.461647222953431,1.0
393,attenuated,labels_evidence,0,0.2603842695972434,0,0.2611525320706549,0.2831558114580028,0.4602957474223143,4.137309183445212
394,concession_cost,actions_evidence,1,0.9995359883716106,0,0.3343195859837828,0.6394367952744008,0.6085381772315175,1.6543109155694715
394,concession_cost,forms_evidence,1,0.9995984003385292,0,0.3629616206644396,0.4504633564162572,0.5782329433971843,1.0
394,concession_cost,labels_evidence,1,0.9996185897935712,0,0.3565053169937148,0.4565957909113558,0.5846285759980034,1.9558365302998089
395,access_protection,actions_evidence,1,0.3256142638432258,0,0.0901107866823921,0.3557583203562216,0.7673617116298499,2.2220221662946043
395,access_protection,forms_evidence,1,0.7714397277893211,0,0.3549817196707532,0.3599114796022378,0.7347047108505845,1.0
395,access_protection,labels_evidence,1,0.822761822570461,0,0.3426351705786497,0.3796336937420599,0.7394978721803872,3.7499904623012887
396,reference,actions_evidence,1,0.377550831872301,0,0.221120859452586,0.3675105134822266,0.0398569089524784,2.6489995476285504
396,reference,forms_evidence,1,0.3784974366510921,0,0.2772041576434289,0.1977523005142951,0.0427496006807153,1.0
396,reference,labels_evidence,1,0.4379713510621465,0,0.2021906646106014,0.2377874982734934,0.0393202049819085,3.1421705489994434
397,attenuated,actions_evidence,0,0.4268372049263618,0,0.3046447654445581,0.5668764410680741,0.4735352912263422,2.2990458144351
397,attenuated,forms_evidence,0,0.4343992113243957,0,0.3159604616629853,0.3641737721994829,0.4736581532708408,1.0
397,attenuated,labels_evidence,0,0.4319349413861852,0,0.3047559947820105,0.4604018272569671,0.4737653438928125,3.818817018023759
398,concession_cost,actions_evidence,1,0.2652693636436548,0,0.277974155348175,0.701019579882581,0.4490375215353328,2.671773477309005
398,concession_cost,forms_evidence,1,0.2908274060559815,0,0.319719488999844,0.6727919574141702,0.4457359796234019,1.0
398,concession_cost,labels_evidence,1,0.284231670058772,0,0.2423614742289319,0.7383365805329936,0.4497261231939055,3.42421815611084
399,access_protection,actions_evidence,1,0.6173445694350199,0,0.2166828964033558,0.2510360205177237,0.6305528576775905,2.6056128346919607
399,access_protection,forms_evidence,1,0.857342879555584,0,0.303693123544867,0.0829174295296258,0.6445711736453984,1.0
399,access_protection,labels_evidence,1,0.9207952609033588,0,0.2886224215039913,0.1275352845682843,0.6608412432356294,2.7966448728409707
400,reference,actions_evidence,0,0.2228494065720738,0,0.2913346580563243,0.3443950681019287,0.4989480278580411,3.3312699583421796
400,reference,forms_evidence,0,0.2062655735350911,1,0.3920747188356145,0.2610005707984457,0.4998735188003551,1.0
400,reference,labels_evidence,0,0.1960094422559092,1,0.394187650334911,0.2753548592152797,0.5028205377291007,5.3429461932031845
401,attenuated,actions_evidence,0,0.2466021630785918,0,0.0616153390040465,0.4804838475223114,1.1024964677537097,2.064358467913001
401,attenuated,forms_evidence,0,0.2776986751734779,0,0.0650892503242204,0.3125871714989643,1.094806537250584,1.0
401,attenuated,labels_evidence,0,0.2496012763552321,0,0.064574434187492,0.4155322346538501,1.1018879883368062,1.5460309396623748
402,concession_cost,actions_evidence,1,0.9992389888907856,0,0.2398160301353188,0.5467062055719621,0.8330016393389568,1.50126064231306
402,concession_cost,forms_evidence,1,0.9994039101353748,0,0.3211371189781713,0.378914290157295,0.8429887702467384,1.0
402,concession_cost,labels_evidence,1,0.9994617487685632,0,0.3218913442898338,0.4976044292314689,0.8173194597988501,2.120207788716309
403,access_protection,actions_evidence,0,0.2653313561546154,0,0.2337333837145102,0.4474249296709374,0.0911189378425064,3.1135361120332123
403,access_protection,forms_evidence,1,0.9061869854717292,0,0.2406386558306624,0.4114980803027564,0.0963156172217505,1.0
403,access_protection,labels_evidence,0,0.309447602526072,0,0.2786209325094116,0.4726464268498055,0.0896497612680147,3.9884125387044738
404,reference,actions_evidence,1,0.4722954040219096,0,0.2855795003727464,0.4192455694496895,0.1061012863282032,2.419630579186276
404,reference,forms_evidence,0,0.0850281306230015,0,0.3265020674698865,0.3798739451606811,0.0830115748761112,1.0
404,reference,labels_evidence,0,0.1403427256493825,0,0.3183010770818052,0.4198251922286591,0.0949104637332731,4.338847026630138
405,attenuated,actions_evidence,1,0.7832110226421131,1,0.6865223377679858,0.4889038294764962,1.2146715933252503,2.122905094474168
405,attenuated,forms_evidence,1,0.791326536966021,1,0.9061727893064602,0.3125871714989643,1.206080877390223,1.0
405,attenuated,labels_evidence,1,0.7913693863241291,1,0.9352173289545562,0.3470147048728639,1.2098194900086554,3.2119171173050898
406,concession_cost,actions_evidence,1,0.9999970175866798,0,0.3234434584021962,0.5524328311294966,0.6007933567215225,1.811779514723452
406,concession_cost,forms_evidence,1,0.9999970789775044,0,0.3458101040220385,0.0648100997051195,0.5994241768805295,1.0
406,concession_cost,labels_evidence,1,0.9999970797298792,0,0.3433335244038299,0.1634287343694763,0.600342939558551,1.9043542743962372
407,access_protection,actions_evidence,1,0.367199019024544,1,0.3483089580800891,0.3558357157465042,0.0255263573322526,2.2684731868663626
407,access_protection,forms_evidence,0,0.2495421357184652,0,0.2734589976136585,0.197752300514295,0.0253759953833581,1.0
407,access_protection,labels_evidence,1,0.2523512288272969,0,0.2853664181804206,0.2358170804739768,0.0249099905607281,4.8517617960191215
408,reference,actions_evidence,0,0.3327623830457413,0,0.2348486710567272,0.5803978976862499,0.0239644198143324,3.5817810788666167
408,reference,forms_evidence,1,0.3638801802330161,0,0.1962938102338269,0.3009255019153324,0.024887587586932,1.0
408,reference,labels_evidence,1,0.3674071445739879,0,0.195537077203222,0.3547673365207555,0.024189037169692,3.791525585967381
409,attenuated,actions_evidence,1,0.288763823039178,1,0.4043072368856295,0.8081026096242581,0.0165073390984414,2.6554569529593963
409,attenuated,forms_evidence,0,0.3056124107249138,1,0.4470335117331969,0.6254676493108967,0.0157940003574774,1.0
409,attenuated,labels_evidence,0,0.2954028612088371,1,0.4325381462477271,0.6507636243344,0.0161865565451877,3.508367610536415
410,concession_cost,actions_evidence,1,0.2567042360328901,0,0.3053526802545068,0.3866379349624569,0.024270566897479,3.711785020645847
410,concession_cost,forms_evidence,0,0.2188386572651763,0,0.309896676663483,0.3599114796022378,0.025584141818803,1.0
410,concession_cost,labels_evidence,1,0.2856904098273476,0,0.3290233673274911,0.418197771562061,0.0250200434369119,5.104559065683809
411,access_protection,actions_evidence,1,0.3186073751029734,1,0.3423145024761667,0.3187665577692993,0.3822528950362471,3.519184499779855
411,access_protection,forms_evidence,1,0.5059439390446094,0,0.2999360854315536,0.2610005707984457,0.3785561854215524,1.0
411,access_protection,labels_evidence,1,0.5104721129137882,0,0.285943849338279,0.2452050132253235,0.3778221618993084,2.611125242995414
412,reference,actions_evidence,0,0.3704159475258941,0,0.2661328245351637,0.5527917900147105,0.3633536691197661,3.1106866477732416
412,reference,forms_evidence,0,0.4183880360894542,0,0.3243030270758291,0.4590461776257089,0.3545801832977005,1.0
412,reference,labels_evidence,0,0.4276249349651955,0,0.322990166481057,0.4912112921889681,0.3565981752869031,4.982035791894728
413,attenuated,actions_evidence,0,0.3372470372682859,0,0.2329096328949545,0.6842931807905517,0.3622440604035549,2.7895716132353914
413,attenuated,forms_evidence,0,0.4206270655900084,0,0.2754243840912517,0.4590461776257089,0.3523650119729057,1.0
413,attenuated,labels_evidence,0,0.3855048603477432,0,0.1806394853409915,0.525807173740786,0.3564863569924058,3.493923187815888
414,concession_cost,actions_evidence,0,0.2626499882238127,0,0.298557056721063,0.4357617951626742,0.4665259837017178,3.562882196734442
414,concession_cost,forms_evidence,0,0.2554321458329464,0,0.141780420372752,0.3798739451606811,0.4660393891361269,1.0
414,concession_cost,labels_evidence,0,0.2564536806353815,0,0.2804833020893877,0.4614026944410976,0.4665208409181896,3.991875059144168
415,access_protection,actions_evidence,1,0.7376642249334486,0,0.2378890485141906,0.2682613458366649,0.6817301322148325,5.0774015494671145
415,access_protection,forms_evidence,1,0.9674070178214532,0,0.2629582128369785,0.1661281653722198,0.6765838996277028,1.0
415,access_protection,labels_evidence,1,0.9248028121206912,0,0.2560703617228267,0.1968918646564297,0.6804796020963072,3.477668789376182
416,reference,actions_evidence,1,0.7078141120425292,0,0.3085516149475788,0.9353124364929484,0.1098275070930462,2.950806038438355
416,reference,forms_evidence,1,0.903933720109494,0,0.3245326475582688,0.8392134290993581,0.1225874844611035,1.0
416,reference,labels_evidence,1,0.8155187187811068,0,0.3275582438264552,0.8857707111299847,0.1237527587289053,3.4255288569545104
417,attenuated,actions_evidence,0,0.30944349915439,1,0.4261492158892406,0.4189635568495293,0.4441605037625427,2.7298919110378836
417,attenuated,forms_evidence,0,0.315998386177112,0,0.3704157885873028,0.1751393689172657,0.4386424198994376,1.0
417,attenuated,labels_evidence,0,0.3152019590210048,0,0.3662059586101094,0.2782242603888931,0.4403634878219618,6.2702205203739005
418,concession_cost,actions_evidence,0,0.2179262974305182,0,0.4178097019766369,0.4284323771914696,0.7052200543942956,2.540775166686545
418,concession_cost,forms_evidence,0,0.119196460507592,0,0.4468427586330962,0.6052813945327745,0.6773686398440463,1.0
418,concession_cost,labels_evidence,0,0.1220939527388929,0,0.4951835142342938,0.5768255141994559,0.7015399601920101,3.2514487326368524
419,access_protection,actions_evidence,0,0.2461863401957824,0,0.2657274049409506,0.4440147789354599,0.0296080917106704,2.8959173553157536
419,access_protection,forms_evidence,0,0.2240536521130769,0,0.3191075449679343,0.3758354417831149,0.0314649370434215,1.0
419,access_protection,labels_evidence,0,0.1847215809957461,0,0.3151415061316289,0.3771387443864953,0.0306612303485592,5.195216627802071
420,reference,actions_evidence,0,0.2282298612229804,0,0.2601494584447421,0.3385997825778897,0.0311162552847036,2.898021044738711
420,reference,forms_evidence,0,0.2943611388962653,0,0.1026899091520055,0.3282873444601625,0.0289658880910878,1.0
420,reference,labels_evidence,0,0.1764888730489775,0,0.1177918933673044,0.2784807768736604,0.0316192809749915,2.7400872135283056
421,attenuated,actions_evidence,0,0.1996064116397436,0,0.2512274155194511,0.176542552087289,0.0328995175999396,5.395487406022119
421,attenuated,forms_evidence,0,0.1612490660436239,0,0.2039089820747565,0.1461656998137764,0.0333654536365534,1.0
421,attenuated,labels_evidence,0,0.1918124884459075,0,0.2353818690286354,0.194317327943274,0.0332153469485331,3.95713121442923
422,concession_cost,actions_evidence,0,0.2488175516375763,0,0.3396046475291978,0.3326945294735149,0.0270255405921824,3.632782304948296
422,concession_cost,forms_evidence,0,0.1656101299588124,1,0.3555025885199447,0.391535614744313,0.0284989680258289,1.0
422,concession_cost,labels_evidence,0,0.1699253737710364,1,0.3830523633567368,0.4223402321504259,0.0281408446497675,3.5263105639036607
423,access_protection,actions_evidence,1,0.5532594617225837,0,0.2207875022884803,0.3300526460939049,0.3547195188060209,3.5666787453143813
423,access_protection,forms_evidence,1,0.7372122268972015,0,0.2697810413497289,0.3915356147443131,0.3540388922302073,1.0
423,access_protection,labels_evidence,1,0.5893798068879764,0,0.2503905785878638,0.2731584225233799,0.3587800208437288,3.0515018480405693
424,reference,actions_evidence,0,0.3803898686459984,0,0.2095804352822806,0.7785622076875715,0.8250800740070675,1.3288998519143915
424,reference,forms_evidence,0,0.3491432801108547,0,0.2273960403811823,0.7490899346209329,0.8217241257163471,1.0
424,reference,labels_evidence,0,0.3902172660839842,0,0.2205930891399888,0.6885462803571133,0.8274191302035555,2.113219012114263
425,attenuated,actions_evidence,0,0.3013681924508528,0,0.2596222723681232,0.5937984422224838,0.0285797166825676,2.4670834033188527
425,attenuated,forms_evidence,0,0.2328690159382981,0,0.2499436454967559,0.5895812215715763,0.0267899309785719,1.0
425,attenuated,labels_evidence,0,0.2431563515932775,0,0.2634390944946957,0.6319100464352246,0.0274059632809414,3.714065043090944
426,concession_cost,actions_evidence,1,0.9556913319214716,0,0.4062234224357874,0.3354874198117182,1.0379283276596751,1.2018165821949176
426,concession_cost,forms_evidence,1,0.9512280311242368,0,0.3534062715833583,0.0964342348471948,1.0381432342979948,1.0
426,concession_cost,labels_evidence,1,0.9600770967487008,0,0.3990523084153934,0.1749908230103879,1.0347830415809305,1.936925712928829
427,access_protection,actions_evidence,0,0.2285117786997689,0,0.3295457807642308,0.169965599293003,0.0176481540065629,5.991989158000146
427,access_protection,forms_evidence,0,0.1724213772087195,0,0.3397161171224395,0.0829174295296258,0.0183674241628385,1.0
427,access_protection,labels_evidence,1,0.3001727897963821,0,0.3038321384434236,0.0851171476286168,0.0181986100091025,3.746600611694289
428,reference,actions_evidence,0,0.2614439612516592,1,0.5080081338498219,0.4549339047878872,0.304557082159716,1.4781859977000107
428,reference,forms_evidence,0,0.3190591992879915,1,0.6136237986119331,0.4074595769251902,0.3033664813300777,1.0
428,reference,labels_evidence,0,0.3172901569095407,1,0.5426661949544458,0.3700128244125055,0.3036764440429647,4.331999180855276
429,attenuated,actions_evidence,0,0.2278185616209942,0,0.2012387352335549,0.6931146263053866,0.392107337994196,1.8128315905130052
429,attenuated,forms_evidence,0,0.310889270690695,0,0.1832906611155139,0.4590461776257089,0.40104555814235,1.0
429,attenuated,labels_evidence,0,0.3012549521897616,0,0.198368910288966,0.4886284679848857,0.3980221153942067,1.1558587360876258
430,concession_cost,actions_evidence,1,0.9965361315348744,0,0.3586547343553397,0.6975719932591747,1.2049231556883513,2.5611219461603167
430,concession_cost,forms_evidence,1,0.996152860823246,0,0.3484871299584481,0.4720958845483209,1.2192873929035664,1.0
430,concession_cost,labels_evidence,1,0.996265034142636,0,0.3516754962357253,0.5539781368858862,1.216929927099596,4.476688454703046
431,access_protection,actions_evidence,0,0.3199585486131505,0,0.2460565495970942,0.3317040654603631,0.259097415547083,2.4701652969476005
431,access_protection,forms_evidence,1,0.8315017702158077,0,0.2504505035987913,0.1661281653722198,0.2678094746348337,1.0
431,access_protection,labels_evidence,1,0.4453943721936421,0,0.2695580674207508,0.2981048937446503,0.2673241389859381,2.5275459120867163
432,reference,actions_evidence,0,0.2093216878350405,1,0.370697222426843,0.3126397999133742,0.0193519385694754,3.893970834705745
432,reference,forms_evidence,0,0.3118747667733835,1,0.3558139940646976,0.3558729762246717,0.0183018704138021,1.0
432,reference,labels_evidence,0,0.2706749557247336,0,0.333823245088571,0.2908010634548968,0.0188514191060952,4.287196431006557
433,attenuated,actions_evidence,0,0.311777083678266,1,0.6807049377061707,0.5353394459504367,0.3861798989571738,2.0217991189307525
433,attenuated,forms_evidence,1,0.3426155529343924,1,0.6921026105138398,0.289974239901935,0.3615816579221582,1.0
433,attenuated,labels_evidence,1,0.3385407095717231,1,0.6870040460457784,0.3090871059303392,0.3629374814590425,1.821563901841153
434,concession_cost,actions_evidence,1,0.9943210207377058,0,0.2600929021057657,0.511085889748634,0.7924621769535647,3.053939197171749
434,concession_cost,forms_evidence,1,0.9949564229584508,0,0.2116571221346335,0.4685706862407635,0.8115055009495404,1.0
434,concession_cost,labels_evidence,1,0.9948115699905096,0,0.2238923455293376,0.5254594074966691,0.7892253012833438,2.8101493943277895
435,access_protection,actions_evidence,1,0.5541323350264868,0,0.1626152724504352,0.3411578480756909,0.8215005670429137,3.459566360250645
435,access_protection,forms_evidence,1,0.7855131832095543,0,0.2068119448318982,0.3599114796022378,0.8072232751679338,1.0
435,access_protection,labels_evidence,1,0.7622434834380558,0,0.2327179332745196,0.3540252808219762,0.8079685160140442,3.3695009189679372
436,reference,actions_evidence,0,0.2389855417886698,0,0.2860571731915913,0.3236765390626239,0.0369666750196904,3.891967410094107
436,reference,forms_evidence,0,0.3035940169880943,1,0.446984919792988,0.2610005707984457,0.0342596201612532,1.0
436,reference,labels_evidence,0,0.269034570772122,1,0.3853744258993264,0.2827009018168067,0.0361924262398374,4.838495907176272
437,attenuated,actions_evidence,0,0.2317568853733484,1,0.3546832502763406,0.5081984041229645,0.0195862127758269,5.397060965643545
437,attenuated,forms_evidence,0,0.2674333591869106,1,0.4330076049998453,0.4274220424836334,0.0189515696155218,1.0
437,attenuated,labels_evidence,0,0.276123619749289,1,0.4093601549026767,0.4183713942453946,0.0189975232370035,3.911546395449087
438,concession_cost,actions_evidence,1,0.999777677763968,0,0.1118441632450337,0.4635189390979692,0.5655090517663262,2.7630189345334744
438,concession_cost,forms_evidence,1,0.999791417328283,0,0.3043585898680202,0.2293764356563703,0.5690906535442273,1.0
438,concession_cost,labels_evidence,1,0.9997894816499108,0,0.2843545132422942,0.3729767994502194,0.569281345442673,2.6194010682619875
439,access_protection,actions_evidence,1,0.3616868988473034,0,0.3019384111840398,0.3017602398003964,0.0231006725166794,4.396319574848537
439,access_protection,forms_evidence,1,0.737279621245664,0,0.2627785383291451,0.3282873444601625,0.0229408613876523,1.0
439,access_protection,labels_evidence,1,0.4520523483414752,0,0.2682953937978019,0.3070079514557237,0.0233645610707887,3.8122587104391106
440,reference,actions_evidence,1,0.441540135071789,0,0.270284416717899,0.5641241147241817,0.0192662602112253,3.296894835156744
440,reference,forms_evidence,1,0.3697208549403358,0,0.2555611393880192,0.3009255019153324,0.0196317869168555,1.0
440,reference,labels_evidence,0,0.3346368468374805,0,0.2242068155417738,0.3531910185564277,0.0191393432032595,4.29183221608249
441,attenuated,actions_evidence,0,0.4367196882532091,0,0.3484236100791535,0.8795833165985337,0.3328729749527682,2.5826818427373044
441,attenuated,forms_evidence,0,0.4093811940917041,0,0.3124772053282456,1.1566190286394125,0.3430837470481613,1.0
441,attenuated,labels_evidence,0,0.3705219498037908,0,0.3124002996222095,1.2256564634348643,0.3307986437022386,3.969227454349127
442,concession_cost,actions_evidence,1,0.2746637351113631,0,0.2640900789050696,0.4305257943652712,0.4190938011226703,1.4828538259339306
442,concession_cost,forms_evidence,1,0.325017923008257,0,0.3379008400120555,0.2971303077130439,0.4205396542182751,1.0
442,concession_cost,labels_evidence,1,0.3279218651455353,0,0.3011136367735932,0.3011070236654553,0.4293422249015601,6.238722778666611
443,access_protection,actions_evidence,1,0.3608307897430959,0,0.2750328076093021,0.531871643271587,0.0397106310642607,4.105026416915459
443,access_protection,forms_evidence,0,0.2859028463551032,0,0.3118550761755658,0.3957979073415583,0.0388175550391853,1.0
443,access_protection,labels_evidence,0,0.3170014051366328,0,0.3047094787545148,0.6107040405985515,0.0392020969265725,3.548520755020057
444,reference,actions_evidence,0,0.3218353218849433,0,0.1179776145446634,0.6631683371539663,0.4506040306709102,1.5077697729634272
444,reference,forms_evidence,0,0.3430790998734099,0,0.1499741148025671,0.289974239901935,0.4546067844505089,1.0
444,reference,labels_evidence,0,0.2535917318709419,0,0.1513692024633575,0.5964296431201118,0.4539344938213709,2.0746960773231735
445,attenuated,actions_evidence,0,0.3288243829513664,0,0.2563366029945272,0.7119962994913803,0.0300609175337358,2.9918894154059874
445,attenuated,forms_evidence,0,0.3284244725692505,0,0.290600799020899,0.7360402276983208,0.028675740768343,1.0
445,attenuated,labels_evidence,0,0.2057469653149793,0,0.25910783457706,0.5684548663123009,0.0279367484930165,6.8660721769723185
446,concession_cost,actions_evidence,1,0.630469855887993,0,0.2794683726287252,0.3793616843980107,0.9793656832129694,1.3856587135464984
446,concession_cost,forms_evidence,1,0.6087128022655888,0,0.2796059726548199,0.0964342348471948,0.9858905713945924,1.0
446,concession_cost,labels_evidence,1,0.6181911673753906,0,0.2377018605683002,0.1918022623097503,0.9807291479301996,3.35234486231452
447,access_protection,actions_evidence,1,0.4334762371108749,1,0.4958201181804134,0.3985881652847658,0.3440357967037513,2.641949875450482
447,access_protection,forms_evidence,1,0.7486369930212435,1,0.5407511747484718,0.2338820374288933,0.3395969670341343,1.0
447,access_protection,labels_evidence,1,0.6359259739077229,1,0.5229889244578736,0.4134162464903141,0.3393979506996758,2.195830233373801
448,reference,actions_evidence,0,0.2541183515791508,0,0.3649766295696769,0.397729660379802,0.8513433255978278,1.7220633969531616
448,reference,forms_evidence,0,0.2120923675407662,0,0.3315857762752782,0.474746350586907,0.8362706392390488,1.0
448,reference,labels_evidence,0,0.2472734273957698,0,0.2811731013278095,0.4448370234368621,0.8475793281991812,5.956477833275016
449,attenuated,actions_evidence,0,0.2478043588782488,0,0.2365008816678228,0.3789901621203035,0.4517634732737765,3.604519804154246
449,attenuated,forms_evidence,0,0.4308808442807881,0,0.2557577289405752,0.292624705940521,0.4632022507793126,1.0
449,attenuated,labels_evidence,0,0.4204463223314651,0,0.2559757980922725,0.356347709203808,0.4624212752319184,4.79585672075478
450,concession_cost,actions_evidence,1,0.8568851791814753,0,0.2937105056284566,0.7170922510216434,0.3369188112402256,2.6912591929178316
450,concession_cost,forms_evidence,1,0.8916333965405412,0,0.3005711390948103,0.4274220424836334,0.3367637635430351,1.0
450,concession_cost,labels_evidence,1,0.8717748125643286,0,0.3036951774253779,0.4812025577469248,0.3356249712703937,4.025541764708397
451,access_protection,actions_evidence,1,0.4544765482903628,0,0.2676366498196063,0.4121688564215371,0.0231800369613561,2.545119532529167
451,access_protection,forms_evidence,1,0.3958981373971579,0,0.2911282905837893,0.3125871714989643,0.0237455287159833,1.0
451,access_protection,labels_evidence,1,0.4787542129254463,0,0.3012507200923885,0.3375132685066948,0.0230372757465341,2.7637496690063896
452,reference,actions_evidence,0,0.2841175173320821,0,0.2536086204524508,0.3336729760837869,0.3997161284237761,3.133832611986488
452,reference,forms_evidence,0,0.3008931521077989,0,0.2788017090636829,0.197752300514295,0.397461958488045,1.0
452,reference,labels_evidence,0,0.2905692318785661,0,0.2757083690149271,0.2571086549953449,0.3983172992388005,3.8839212623127186
453,attenuated,actions_evidence,0,0.3224228640843778,0,0.2609911658764504,0.3168673776850991,0.0164958148720753,3.200330631218547
453,attenuated,forms_evidence,0,0.35639913390095,0,0.223188794654039,0.1661281653722197,0.0169317393578951,1.0
453,attenuated,labels_evidence,0,0.3626463829263144,0,0.2185198393540592,0.1670017804294405,0.0169362807981838,6.253851849566194
454,concession_cost,actions_evidence,1,0.9997830763072112,0,0.2872038087730668,0.5441816890352328,0.606965341939398,1.7267013311467176
454,concession_cost,forms_evidence,1,0.9998842296990554,0,0.3305991491908817,0.4476278172173546,0.5977523524863247,1.0
454,concession_cost,labels_evidence,1,0.9998198779797456,0,0.2949853724558188,0.6293973228752393,0.6132218691256481,1.632236621309225
455,access_protection,actions_evidence,0,0.2793375994170883,1,0.9274828896531844,0.777826323893413,0.6406479712505949,2.1079569837394443
455,access_protection,forms_evidence,1,0.400158125533714,1,0.9984554660076091,0.5562870238558805,0.6339934197626894,1.0
455,access_protection,labels_evidence,1,0.4134250053627344,1,0.9720431970133157,0.7929911660078509,0.6393405031260918,2.7604178867319207
456,reference,actions_evidence,1,0.4828280864494213,0,0.2742289663619149,0.6398713218192871,0.0163557917709665,2.1880586524420504
456,reference,forms_evidence,1,0.4308950228516456,0,0.2259947906763987,0.4947088161453503,0.0165543782999641,1.0
456,reference,labels_evidence,1,0.4431208501011676,0,0.2700303721284934,0.4992317546848056,0.016498977988201,3.7018912447786416
457,attenuated,actions_evidence,1,0.9999936130950968,0,0.1147386452367828,0.5716866760038838,0.9925417374432238,2.0961882295121668
457,attenuated,forms_evidence,1,0.999996396695128,0,0.1276560126079762,0.3327929462326855,0.992832584324476,1.0
457,attenuated,labels_evidence,1,0.9999962321227926,0,0.1116020159612162,0.5954777590719547,0.9500962509062418,4.513910766794581
458,concession_cost,actions_evidence,1,0.9999337966690052,0,0.1524345411078287,0.5044806804846529,0.6306592310172875,2.93978565216871
458,concession_cost,forms_evidence,1,0.9999288311982788,0,0.1704973877792684,0.5063704857289825,0.6457505425827063,1.0
458,concession_cost,labels_evidence,1,0.9999273957922808,0,0.1776094094180026,0.500616490666924,0.6460027679508197,5.776218202490454
459,access_protection,actions_evidence,1,0.7044884217844393,0,0.2322775720631663,0.3114013800631431,0.3049842565210799,1.1808639642094014
459,access_protection,forms_evidence,1,0.5537571710861376,0,0.3900586506239988,0.197752300514295,0.3328377802060304,1.0
459,access_protection,labels_evidence,1,0.7510049056512598,0,0.2430594702194276,0.1831460976315687,0.3223077833292729,1.94522980204282
460,reference,actions_evidence,1,0.785268687160594,0,0.3098535190482066,0.5212912503697619,0.4668235837075932,1.6791168721002376
460,reference,forms_evidence,1,0.7823596847502364,0,0.295140566267569,0.39339075047825,0.4691916871508981,1.0
460,reference,labels_evidence,1,0.7881416047676381,0,0.2929205064967081,0.3463949549633333,0.4680820548209945,1.3263147292482498
461,attenuated,actions_evidence,0,0.3850361480910201,0,0.3026661396847732,0.3168649774022187,0.0174222037750644,2.884564461795072
461,attenuated,forms_evidence,0,0.3369963861030958,0,0.3203303159841524,0.1977523005142951,0.0177959145247012,1.0
461,attenuated,labels_evidence,0,0.3699657924576074,0,0.3110084256406246,0.2618100271712395,0.0176943475684643,6.206519036298875
462,concession_cost,actions_evidence,1,0.9996503841531628,0,0.0534413486079421,0.3363987588625028,0.5694087230127464,1.9592157728643849
462,concession_cost,forms_evidence,1,0.999512933915114,0,0.0883635198110773,0.1551769033588224,0.5720043000234256,1.0
462,concession_cost,labels_evidence,1,0.999589590481564,0,0.09861946820602,0.1672315567882238,0.5634303444632106,2.811348884608243
463,access_protection,actions_evidence,0,0.0904706791758565,1,0.5058551734292173,0.3761747189743474,0.3535861158967416,4.011448950175334
463,access_protection,forms_evidence,1,0.3928337520551669,1,0.536965827192749,0.1751393689172657,0.3520857456138526,1.0
463,access_protection,labels_evidence,1,0.3259288935522035,1,0.5342095173880598,0.1865310409832073,0.3513498322599956,3.162632572537519
464,reference,actions_evidence,0,0.1622248159008519,0,0.204137662243121,0.1626490511820544,0.8370426793938196,2.9751260000821147
464,reference,forms_evidence,0,0.3630266948114392,0,0.1212949251757589,0.1461656998137764,0.858295703016405,1.0
464,reference,labels_evidence,0,0.3602453815138723,0,0.0962965745461326,0.1440804094362747,0.8486460528529941,2.8849184467641935
465,attenuated,actions_evidence,1,0.999999590505691,0,0.2157381483022454,0.6759172677465742,0.4641310355578834,2.7670850544127483
465,attenuated,forms_evidence,1,0.9999995162221972,0,0.1953480057334292,0.8033270013600377,0.4916551464292739,1.0
465,attenuated,labels_evidence,1,0.9999995932903654,0,0.1757111578590234,0.8271125430419795,0.4799748773704018,2.5065301718172828
466,concession_cost,actions_evidence,1,0.999734510670319,0,0.2579104483589456,0.3122762624177562,0.6808791647898658,3.806001777357319
466,concession_cost,forms_evidence,1,0.9996455463335848,0,0.1487845643630644,0.1345040302301445,0.7030832029399376,1.0
466,concession_cost,labels_evidence,1,0.9996865278792006,0,0.1866746246755896,0.1881200309891204,0.693686014873207,4.771379919995279
467,access_protection,actions_evidence,1,0.4330124377861676,0,0.2413420988558355,0.2955132678443171,0.0256249992351909,4.1344923640383895
467,access_protection,forms_evidence,1,0.4591805937292368,0,0.2263579018173007,0.1977523005142951,0.0269296506615125,1.0
467,access_protection,labels_evidence,0,0.3407150297892583,0,0.2472490448781893,0.2512083459932961,0.0264943163666892,5.553734552189434
468,reference,actions_evidence,0,0.3052893071874,0,0.2592268474645326,0.6828580752333449,0.0457806929131277,3.415329479413428
468,reference,forms_evidence,0,0.1667688606213554,0,0.3031840632972564,0.4473845080420769,0.0442879305321988,1.0
468,reference,labels_evidence,0,0.2425325317045472,0,0.2844075623726199,0.7127825718628428,0.0460178605956761,3.535095248951176
469,attenuated,actions_evidence,0,0.2409134340881344,0,0.3240636182634088,0.358717509402236,0.0216329986021201,3.150365964145406
469,attenuated,forms_evidence,0,0.192045878563177,1,0.3612659241405785,0.3599114796022378,0.0224740060573775,1.0
469,attenuated,labels_evidence,0,0.2207225346417935,1,0.3930796444254228,0.3783392779121857,0.0220820815118357,4.504782311371918
470,concession_cost,actions_evidence,1,0.9999493418505284,0,0.2486261098580146,0.5275940215833524,0.6051740360742547,2.9744728807239857
470,concession_cost,forms_evidence,1,0.9999489907961756,0,0.3062075948558436,0.2222203678452614,0.5985862607351887,1.0
470,concession_cost,labels_evidence,1,0.9999503964140908,0,0.2942853893776393,0.477014478081718,0.5996241785798136,3.9444450154175574
471,access_protection,actions_evidence,1,0.6457982936212426,0,0.2269501373016164,0.2975097623527234,0.291663386749987,3.953965897589387
471,access_protection,forms_evidence,1,0.8147491633045864,0,0.1886658824371197,0.1345040302301444,0.2901005774973473,1.0
471,access_protection,labels_evidence,1,0.7855440015726921,0,0.1788770313098981,0.1672379493253219,0.2910924241166509,4.529503836413806
472,reference,actions_evidence,0,0.1645691519453776,0,0.2458386891370059,0.3313349589924274,0.3682050398822759,3.167468873654648
472,reference,forms_evidence,0,0.1460608338511501,0,0.1614755737991266,0.3599114796022378,0.3626467872138072,1.0
472,reference,labels_evidence,0,0.0963999480422186,0,0.1924918588091931,0.287230438152426,0.3752443330831487,3.295288827858347
473,attenuated,actions_evidence,0,0.2986303213304854,1,0.6746675034638207,0.5957969924957002,0.5560206848240553,1.8154246808995624
473,attenuated,forms_evidence,0,0.3111367855292133,1,0.7191446820418642,0.6459167332198957,0.5636348872288822,1.0
473,attenuated,labels_evidence,0,0.3170274084729612,1,0.7048933037980485,0.589005094726008,0.5643319931590715,2.8320940846635194
474,concession_cost,actions_evidence,1,0.9919116868205436,1,0.680185072997812,0.4125744419624198,0.7368150734184024,2.831148474731762
474,concession_cost,forms_evidence,1,0.9920708096182804,1,0.7999907469227676,0.2700117743434916,0.7476958099676184,1.0
474,concession_cost,labels_evidence,1,0.9927792115241808,0,0.3335422251166132,0.4537323474529009,0.7267771271366029,1.4027329538884914
475,access_protection,actions_evidence,0,0.2205345921639991,1,0.4909149794346593,0.4514669902490343,0.0236648797142502,2.8143462152187557
475,access_protection,forms_evidence,0,0.1319448553662375,1,0.5745780175402022,0.3442113066410395,0.0240892436064789,1.0
475,access_protection,labels_evidence,0,0.1120689448483516,0,0.3939561736697763,0.366985986990445,0.0223627726162683,3.305657955577042
476,reference,actions_evidence,0,0.3393341852032182,0,0.2505464788539347,0.2870147077712559,0.0211940295389694,2.666276319796528
476,reference,forms_evidence,1,0.3611203475091569,0,0.1330095045093511,0.1977523005142951,0.0213126532242252,1.0
476,reference,labels_evidence,0,0.3366541509617826,0,0.2185469376380057,0.2038246445384976,0.0219417141023652,3.3021044495686858
477,attenuated,actions_evidence,0,0.2698713969886154,0,0.246627905871105,0.3605982676267258,0.0342840183378406,3.122470436417718
477,attenuated,forms_evidence,0,0.1984435113127005,0,0.3059209628687983,0.292624705940521,0.0329281730050284,1.0
477,attenuated,labels_evidence,0,0.3102421935707458,0,0.2899884744938452,0.3299690232689534,0.0344151889655705,3.782928202200483
478,concession_cost,actions_evidence,1,0.2815785552189948,0,0.2948276975534151,0.8776644079417166,0.0323760071720157,1.9349001418115277
478,concession_cost,forms_evidence,1,0.3230427388843594,1,0.7351724441998218,0.5622193790267461,0.0369143570178149,1.0
478,concession_cost,labels_evidence,1,0.2750316012411768,1,0.5607813356764318,0.66836223614001,0.0352468793734998,2.1264153814272144
479,access_protection,actions_evidence,0,0.0890962890134706,0,0.1976465912875035,0.6188552072043155,0.5381118414747602,2.493428797827675
479,access_protection,forms_evidence,0,0.2585582849641902,0,0.1901342311653948,0.3487169084135626,0.5317774324781521,1.0
479,access_protection,labels_evidence,0,0.1499672231843659,0,0.2248840063994244,0.449614150940137,0.534265239046977,2.2073557948906046
